:0200000460009A
:100000004643464200000156000000000103030081
:1000100000000000000000000000000000000000E0
:1000200000000000000000000000000000000000D0
:1000300000000000000000000000000000000000C0
:1000400000000000010408000000000000000000A3
:100050000000800000000000000000000000000020
:100060000000000000000000000000000000000090
:100070000000000000000000000000000000000080
:10008000EB04180A063204260000000000000000FD
:10009000050404240000000000000000000000002F
:1000A0000000000000000000000000000000000050
:1000B0000604000000000000000000000000000036
:1000C0000000000000000000000000000000000030
:1000D00020041808000000000000000000000000DC
:1000E0000000000000000000000000000000000010
:1000F0000000000000000000000000000000000000
:10010000D8041808000000000000000000000000F3
:100110000204180804200000000000000000000095
:1001200000000000000000000000000000000000CF
:10013000600400000000000000000000000000005B
:1001400000000000000000000000000000000000AF
:10015000000000000000000000000000000000009F
:10016000000000000000000000000000000000008F
:10017000000000000000000000000000000000007F
:10018000000000000000000000000000000000006F
:10019000000000000000000000000000000000005F
:1001A000000000000000000000000000000000004F
:1001B000000000000000000000000000000000003F
:1001C000000100000010000001000000000000001D
:1001D000000001000000000000000000000000001E
:1001E000000000000000000000000000000000000F
:1001F00000000000000000000000000000000000FF
:10020000FFFFFFFFFFFFFFFFFFFFFFFFFFFFFFFFFE
:10021000FFFFFFFFFFFFFFFFFFFFFFFFFFFFFFFFEE
:10022000FFFFFFFFFFFFFFFFFFFFFFFFFFFFFFFFDE
:10023000FFFFFFFFFFFFFFFFFFFFFFFFFFFFFFFFCE
:10024000FFFFFFFFFFFFFFFFFFFFFFFFFFFFFFFFBE
:10025000FFFFFFFFFFFFFFFFFFFFFFFFFFFFFFFFAE
:10026000FFFFFFFFFFFFFFFFFFFFFFFFFFFFFFFF9E
:10027000FFFFFFFFFFFFFFFFFFFFFFFFFFFFFFFF8E
:10028000FFFFFFFFFFFFFFFFFFFFFFFFFFFFFFFF7E
:10029000FFFFFFFFFFFFFFFFFFFFFFFFFFFFFFFF6E
:1002A000FFFFFFFFFFFFFFFFFFFFFFFFFFFFFFFF5E
:1002B000FFFFFFFFFFFFFFFFFFFFFFFFFFFFFFFF4E
:1002C000FFFFFFFFFFFFFFFFFFFFFFFFFFFFFFFF3E
:1002D000FFFFFFFFFFFFFFFFFFFFFFFFFFFFFFFF2E
:1002E000FFFFFFFFFFFFFFFFFFFFFFFFFFFFFFFF1E
:1002F000FFFFFFFFFFFFFFFFFFFFFFFFFFFFFFFF0E
:10030000FFFFFFFFFFFFFFFFFFFFFFFFFFFFFFFFFD
:10031000FFFFFFFFFFFFFFFFFFFFFFFFFFFFFFFFED
:10032000FFFFFFFFFFFFFFFFFFFFFFFFFFFFFFFFDD
:10033000FFFFFFFFFFFFFFFFFFFFFFFFFFFFFFFFCD
:10034000FFFFFFFFFFFFFFFFFFFFFFFFFFFFFFFFBD
:10035000FFFFFFFFFFFFFFFFFFFFFFFFFFFFFFFFAD
:10036000FFFFFFFFFFFFFFFFFFFFFFFFFFFFFFFF9D
:10037000FFFFFFFFFFFFFFFFFFFFFFFFFFFFFFFF8D
:10038000FFFFFFFFFFFFFFFFFFFFFFFFFFFFFFFF7D
:10039000FFFFFFFFFFFFFFFFFFFFFFFFFFFFFFFF6D
:1003A000FFFFFFFFFFFFFFFFFFFFFFFFFFFFFFFF5D
:1003B000FFFFFFFFFFFFFFFFFFFFFFFFFFFFFFFF4D
:1003C000FFFFFFFFFFFFFFFFFFFFFFFFFFFFFFFF3D
:1003D000FFFFFFFFFFFFFFFFFFFFFFFFFFFFFFFF2D
:1003E000FFFFFFFFFFFFFFFFFFFFFFFFFFFFFFFF1D
:1003F000FFFFFFFFFFFFFFFFFFFFFFFFFFFFFFFF0D
:10040000FFFFFFFFFFFFFFFFFFFFFFFFFFFFFFFFFC
:10041000FFFFFFFFFFFFFFFFFFFFFFFFFFFFFFFFEC
:10042000FFFFFFFFFFFFFFFFFFFFFFFFFFFFFFFFDC
:10043000FFFFFFFFFFFFFFFFFFFFFFFFFFFFFFFFCC
:10044000FFFFFFFFFFFFFFFFFFFFFFFFFFFFFFFFBC
:10045000FFFFFFFFFFFFFFFFFFFFFFFFFFFFFFFFAC
:10046000FFFFFFFFFFFFFFFFFFFFFFFFFFFFFFFF9C
:10047000FFFFFFFFFFFFFFFFFFFFFFFFFFFFFFFF8C
:10048000FFFFFFFFFFFFFFFFFFFFFFFFFFFFFFFF7C
:10049000FFFFFFFFFFFFFFFFFFFFFFFFFFFFFFFF6C
:1004A000FFFFFFFFFFFFFFFFFFFFFFFFFFFFFFFF5C
:1004B000FFFFFFFFFFFFFFFFFFFFFFFFFFFFFFFF4C
:1004C000FFFFFFFFFFFFFFFFFFFFFFFFFFFFFFFF3C
:1004D000FFFFFFFFFFFFFFFFFFFFFFFFFFFFFFFF2C
:1004E000FFFFFFFFFFFFFFFFFFFFFFFFFFFFFFFF1C
:1004F000FFFFFFFFFFFFFFFFFFFFFFFFFFFFFFFF0C
:10050000FFFFFFFFFFFFFFFFFFFFFFFFFFFFFFFFFB
:10051000FFFFFFFFFFFFFFFFFFFFFFFFFFFFFFFFEB
:10052000FFFFFFFFFFFFFFFFFFFFFFFFFFFFFFFFDB
:10053000FFFFFFFFFFFFFFFFFFFFFFFFFFFFFFFFCB
:10054000FFFFFFFFFFFFFFFFFFFFFFFFFFFFFFFFBB
:10055000FFFFFFFFFFFFFFFFFFFFFFFFFFFFFFFFAB
:10056000FFFFFFFFFFFFFFFFFFFFFFFFFFFFFFFF9B
:10057000FFFFFFFFFFFFFFFFFFFFFFFFFFFFFFFF8B
:10058000FFFFFFFFFFFFFFFFFFFFFFFFFFFFFFFF7B
:10059000FFFFFFFFFFFFFFFFFFFFFFFFFFFFFFFF6B
:1005A000FFFFFFFFFFFFFFFFFFFFFFFFFFFFFFFF5B
:1005B000FFFFFFFFFFFFFFFFFFFFFFFFFFFFFFFF4B
:1005C000FFFFFFFFFFFFFFFFFFFFFFFFFFFFFFFF3B
:1005D000FFFFFFFFFFFFFFFFFFFFFFFFFFFFFFFF2B
:1005E000FFFFFFFFFFFFFFFFFFFFFFFFFFFFFFFF1B
:1005F000FFFFFFFFFFFFFFFFFFFFFFFFFFFFFFFF0B
:10060000FFFFFFFFFFFFFFFFFFFFFFFFFFFFFFFFFA
:10061000FFFFFFFFFFFFFFFFFFFFFFFFFFFFFFFFEA
:10062000FFFFFFFFFFFFFFFFFFFFFFFFFFFFFFFFDA
:10063000FFFFFFFFFFFFFFFFFFFFFFFFFFFFFFFFCA
:10064000FFFFFFFFFFFFFFFFFFFFFFFFFFFFFFFFBA
:10065000FFFFFFFFFFFFFFFFFFFFFFFFFFFFFFFFAA
:10066000FFFFFFFFFFFFFFFFFFFFFFFFFFFFFFFF9A
:10067000FFFFFFFFFFFFFFFFFFFFFFFFFFFFFFFF8A
:10068000FFFFFFFFFFFFFFFFFFFFFFFFFFFFFFFF7A
:10069000FFFFFFFFFFFFFFFFFFFFFFFFFFFFFFFF6A
:1006A000FFFFFFFFFFFFFFFFFFFFFFFFFFFFFFFF5A
:1006B000FFFFFFFFFFFFFFFFFFFFFFFFFFFFFFFF4A
:1006C000FFFFFFFFFFFFFFFFFFFFFFFFFFFFFFFF3A
:1006D000FFFFFFFFFFFFFFFFFFFFFFFFFFFFFFFF2A
:1006E000FFFFFFFFFFFFFFFFFFFFFFFFFFFFFFFF1A
:1006F000FFFFFFFFFFFFFFFFFFFFFFFFFFFFFFFF0A
:10070000FFFFFFFFFFFFFFFFFFFFFFFFFFFFFFFFF9
:10071000FFFFFFFFFFFFFFFFFFFFFFFFFFFFFFFFE9
:10072000FFFFFFFFFFFFFFFFFFFFFFFFFFFFFFFFD9
:10073000FFFFFFFFFFFFFFFFFFFFFFFFFFFFFFFFC9
:10074000FFFFFFFFFFFFFFFFFFFFFFFFFFFFFFFFB9
:10075000FFFFFFFFFFFFFFFFFFFFFFFFFFFFFFFFA9
:10076000FFFFFFFFFFFFFFFFFFFFFFFFFFFFFFFF99
:10077000FFFFFFFFFFFFFFFFFFFFFFFFFFFFFFFF89
:10078000FFFFFFFFFFFFFFFFFFFFFFFFFFFFFFFF79
:10079000FFFFFFFFFFFFFFFFFFFFFFFFFFFFFFFF69
:1007A000FFFFFFFFFFFFFFFFFFFFFFFFFFFFFFFF59
:1007B000FFFFFFFFFFFFFFFFFFFFFFFFFFFFFFFF49
:1007C000FFFFFFFFFFFFFFFFFFFFFFFFFFFFFFFF39
:1007D000FFFFFFFFFFFFFFFFFFFFFFFFFFFFFFFF29
:1007E000FFFFFFFFFFFFFFFFFFFFFFFFFFFFFFFF19
:1007F000FFFFFFFFFFFFFFFFFFFFFFFFFFFFFFFF09
:10080000FFFFFFFFFFFFFFFFFFFFFFFFFFFFFFFFF8
:10081000FFFFFFFFFFFFFFFFFFFFFFFFFFFFFFFFE8
:10082000FFFFFFFFFFFFFFFFFFFFFFFFFFFFFFFFD8
:10083000FFFFFFFFFFFFFFFFFFFFFFFFFFFFFFFFC8
:10084000FFFFFFFFFFFFFFFFFFFFFFFFFFFFFFFFB8
:10085000FFFFFFFFFFFFFFFFFFFFFFFFFFFFFFFFA8
:10086000FFFFFFFFFFFFFFFFFFFFFFFFFFFFFFFF98
:10087000FFFFFFFFFFFFFFFFFFFFFFFFFFFFFFFF88
:10088000FFFFFFFFFFFFFFFFFFFFFFFFFFFFFFFF78
:10089000FFFFFFFFFFFFFFFFFFFFFFFFFFFFFFFF68
:1008A000FFFFFFFFFFFFFFFFFFFFFFFFFFFFFFFF58
:1008B000FFFFFFFFFFFFFFFFFFFFFFFFFFFFFFFF48
:1008C000FFFFFFFFFFFFFFFFFFFFFFFFFFFFFFFF38
:1008D000FFFFFFFFFFFFFFFFFFFFFFFFFFFFFFFF28
:1008E000FFFFFFFFFFFFFFFFFFFFFFFFFFFFFFFF18
:1008F000FFFFFFFFFFFFFFFFFFFFFFFFFFFFFFFF08
:10090000FFFFFFFFFFFFFFFFFFFFFFFFFFFFFFFFF7
:10091000FFFFFFFFFFFFFFFFFFFFFFFFFFFFFFFFE7
:10092000FFFFFFFFFFFFFFFFFFFFFFFFFFFFFFFFD7
:10093000FFFFFFFFFFFFFFFFFFFFFFFFFFFFFFFFC7
:10094000FFFFFFFFFFFFFFFFFFFFFFFFFFFFFFFFB7
:10095000FFFFFFFFFFFFFFFFFFFFFFFFFFFFFFFFA7
:10096000FFFFFFFFFFFFFFFFFFFFFFFFFFFFFFFF97
:10097000FFFFFFFFFFFFFFFFFFFFFFFFFFFFFFFF87
:10098000FFFFFFFFFFFFFFFFFFFFFFFFFFFFFFFF77
:10099000FFFFFFFFFFFFFFFFFFFFFFFFFFFFFFFF67
:1009A000FFFFFFFFFFFFFFFFFFFFFFFFFFFFFFFF57
:1009B000FFFFFFFFFFFFFFFFFFFFFFFFFFFFFFFF47
:1009C000FFFFFFFFFFFFFFFFFFFFFFFFFFFFFFFF37
:1009D000FFFFFFFFFFFFFFFFFFFFFFFFFFFFFFFF27
:1009E000FFFFFFFFFFFFFFFFFFFFFFFFFFFFFFFF17
:1009F000FFFFFFFFFFFFFFFFFFFFFFFFFFFFFFFF07
:100A0000FFFFFFFFFFFFFFFFFFFFFFFFFFFFFFFFF6
:100A1000FFFFFFFFFFFFFFFFFFFFFFFFFFFFFFFFE6
:100A2000FFFFFFFFFFFFFFFFFFFFFFFFFFFFFFFFD6
:100A3000FFFFFFFFFFFFFFFFFFFFFFFFFFFFFFFFC6
:100A4000FFFFFFFFFFFFFFFFFFFFFFFFFFFFFFFFB6
:100A5000FFFFFFFFFFFFFFFFFFFFFFFFFFFFFFFFA6
:100A6000FFFFFFFFFFFFFFFFFFFFFFFFFFFFFFFF96
:100A7000FFFFFFFFFFFFFFFFFFFFFFFFFFFFFFFF86
:100A8000FFFFFFFFFFFFFFFFFFFFFFFFFFFFFFFF76
:100A9000FFFFFFFFFFFFFFFFFFFFFFFFFFFFFFFF66
:100AA000FFFFFFFFFFFFFFFFFFFFFFFFFFFFFFFF56
:100AB000FFFFFFFFFFFFFFFFFFFFFFFFFFFFFFFF46
:100AC000FFFFFFFFFFFFFFFFFFFFFFFFFFFFFFFF36
:100AD000FFFFFFFFFFFFFFFFFFFFFFFFFFFFFFFF26
:100AE000FFFFFFFFFFFFFFFFFFFFFFFFFFFFFFFF16
:100AF000FFFFFFFFFFFFFFFFFFFFFFFFFFFFFFFF06
:100B0000FFFFFFFFFFFFFFFFFFFFFFFFFFFFFFFFF5
:100B1000FFFFFFFFFFFFFFFFFFFFFFFFFFFFFFFFE5
:100B2000FFFFFFFFFFFFFFFFFFFFFFFFFFFFFFFFD5
:100B3000FFFFFFFFFFFFFFFFFFFFFFFFFFFFFFFFC5
:100B4000FFFFFFFFFFFFFFFFFFFFFFFFFFFFFFFFB5
:100B5000FFFFFFFFFFFFFFFFFFFFFFFFFFFFFFFFA5
:100B6000FFFFFFFFFFFFFFFFFFFFFFFFFFFFFFFF95
:100B7000FFFFFFFFFFFFFFFFFFFFFFFFFFFFFFFF85
:100B8000FFFFFFFFFFFFFFFFFFFFFFFFFFFFFFFF75
:100B9000FFFFFFFFFFFFFFFFFFFFFFFFFFFFFFFF65
:100BA000FFFFFFFFFFFFFFFFFFFFFFFFFFFFFFFF55
:100BB000FFFFFFFFFFFFFFFFFFFFFFFFFFFFFFFF45
:100BC000FFFFFFFFFFFFFFFFFFFFFFFFFFFFFFFF35
:100BD000FFFFFFFFFFFFFFFFFFFFFFFFFFFFFFFF25
:100BE000FFFFFFFFFFFFFFFFFFFFFFFFFFFFFFFF15
:100BF000FFFFFFFFFFFFFFFFFFFFFFFFFFFFFFFF05
:100C0000FFFFFFFFFFFFFFFFFFFFFFFFFFFFFFFFF4
:100C1000FFFFFFFFFFFFFFFFFFFFFFFFFFFFFFFFE4
:100C2000FFFFFFFFFFFFFFFFFFFFFFFFFFFFFFFFD4
:100C3000FFFFFFFFFFFFFFFFFFFFFFFFFFFFFFFFC4
:100C4000FFFFFFFFFFFFFFFFFFFFFFFFFFFFFFFFB4
:100C5000FFFFFFFFFFFFFFFFFFFFFFFFFFFFFFFFA4
:100C6000FFFFFFFFFFFFFFFFFFFFFFFFFFFFFFFF94
:100C7000FFFFFFFFFFFFFFFFFFFFFFFFFFFFFFFF84
:100C8000FFFFFFFFFFFFFFFFFFFFFFFFFFFFFFFF74
:100C9000FFFFFFFFFFFFFFFFFFFFFFFFFFFFFFFF64
:100CA000FFFFFFFFFFFFFFFFFFFFFFFFFFFFFFFF54
:100CB000FFFFFFFFFFFFFFFFFFFFFFFFFFFFFFFF44
:100CC000FFFFFFFFFFFFFFFFFFFFFFFFFFFFFFFF34
:100CD000FFFFFFFFFFFFFFFFFFFFFFFFFFFFFFFF24
:100CE000FFFFFFFFFFFFFFFFFFFFFFFFFFFFFFFF14
:100CF000FFFFFFFFFFFFFFFFFFFFFFFFFFFFFFFF04
:100D0000FFFFFFFFFFFFFFFFFFFFFFFFFFFFFFFFF3
:100D1000FFFFFFFFFFFFFFFFFFFFFFFFFFFFFFFFE3
:100D2000FFFFFFFFFFFFFFFFFFFFFFFFFFFFFFFFD3
:100D3000FFFFFFFFFFFFFFFFFFFFFFFFFFFFFFFFC3
:100D4000FFFFFFFFFFFFFFFFFFFFFFFFFFFFFFFFB3
:100D5000FFFFFFFFFFFFFFFFFFFFFFFFFFFFFFFFA3
:100D6000FFFFFFFFFFFFFFFFFFFFFFFFFFFFFFFF93
:100D7000FFFFFFFFFFFFFFFFFFFFFFFFFFFFFFFF83
:100D8000FFFFFFFFFFFFFFFFFFFFFFFFFFFFFFFF73
:100D9000FFFFFFFFFFFFFFFFFFFFFFFFFFFFFFFF63
:100DA000FFFFFFFFFFFFFFFFFFFFFFFFFFFFFFFF53
:100DB000FFFFFFFFFFFFFFFFFFFFFFFFFFFFFFFF43
:100DC000FFFFFFFFFFFFFFFFFFFFFFFFFFFFFFFF33
:100DD000FFFFFFFFFFFFFFFFFFFFFFFFFFFFFFFF23
:100DE000FFFFFFFFFFFFFFFFFFFFFFFFFFFFFFFF13
:100DF000FFFFFFFFFFFFFFFFFFFFFFFFFFFFFFFF03
:100E0000FFFFFFFFFFFFFFFFFFFFFFFFFFFFFFFFF2
:100E1000FFFFFFFFFFFFFFFFFFFFFFFFFFFFFFFFE2
:100E2000FFFFFFFFFFFFFFFFFFFFFFFFFFFFFFFFD2
:100E3000FFFFFFFFFFFFFFFFFFFFFFFFFFFFFFFFC2
:100E4000FFFFFFFFFFFFFFFFFFFFFFFFFFFFFFFFB2
:100E5000FFFFFFFFFFFFFFFFFFFFFFFFFFFFFFFFA2
:100E6000FFFFFFFFFFFFFFFFFFFFFFFFFFFFFFFF92
:100E7000FFFFFFFFFFFFFFFFFFFFFFFFFFFFFFFF82
:100E8000FFFFFFFFFFFFFFFFFFFFFFFFFFFFFFFF72
:100E9000FFFFFFFFFFFFFFFFFFFFFFFFFFFFFFFF62
:100EA000FFFFFFFFFFFFFFFFFFFFFFFFFFFFFFFF52
:100EB000FFFFFFFFFFFFFFFFFFFFFFFFFFFFFFFF42
:100EC000FFFFFFFFFFFFFFFFFFFFFFFFFFFFFFFF32
:100ED000FFFFFFFFFFFFFFFFFFFFFFFFFFFFFFFF22
:100EE000FFFFFFFFFFFFFFFFFFFFFFFFFFFFFFFF12
:100EF000FFFFFFFFFFFFFFFFFFFFFFFFFFFFFFFF02
:100F0000FFFFFFFFFFFFFFFFFFFFFFFFFFFFFFFFF1
:100F1000FFFFFFFFFFFFFFFFFFFFFFFFFFFFFFFFE1
:100F2000FFFFFFFFFFFFFFFFFFFFFFFFFFFFFFFFD1
:100F3000FFFFFFFFFFFFFFFFFFFFFFFFFFFFFFFFC1
:100F4000FFFFFFFFFFFFFFFFFFFFFFFFFFFFFFFFB1
:100F5000FFFFFFFFFFFFFFFFFFFFFFFFFFFFFFFFA1
:100F6000FFFFFFFFFFFFFFFFFFFFFFFFFFFFFFFF91
:100F7000FFFFFFFFFFFFFFFFFFFFFFFFFFFFFFFF81
:100F8000FFFFFFFFFFFFFFFFFFFFFFFFFFFFFFFF71
:100F9000FFFFFFFFFFFFFFFFFFFFFFFFFFFFFFFF61
:100FA000FFFFFFFFFFFFFFFFFFFFFFFFFFFFFFFF51
:100FB000FFFFFFFFFFFFFFFFFFFFFFFFFFFFFFFF41
:100FC000FFFFFFFFFFFFFFFFFFFFFFFFFFFFFFFF31
:100FD000FFFFFFFFFFFFFFFFFFFFFFFFFFFFFFFF21
:100FE000FFFFFFFFFFFFFFFFFFFFFFFFFFFFFFFF11
:100FF000FFFFFFFFFFFFFFFFFFFFFFFFFFFFFFFF01
:10100000D10020434D1600600000000000000000E9
:101010002010006000100060001405600000000057
:10102000000000600020050000000000FFFFFFFF3F
:10103000FFFFFFFFFFFFFFFFFFFFFFFFFFFFFFFFC0
:10104000FFFFFFFFFFFFFFFFFFFFFFFFFFFFFFFFB0
:10105000FFFFFFFFFFFFFFFFFFFFFFFFFFFFFFFFA0
:10106000FFFFFFFFFFFFFFFFFFFFFFFFFFFFFFFF90
:10107000FFFFFFFFFFFFFFFFFFFFFFFFFFFFFFFF80
:10108000FFFFFFFFFFFFFFFFFFFFFFFFFFFFFFFF70
:10109000FFFFFFFFFFFFFFFFFFFFFFFFFFFFFFFF60
:1010A000FFFFFFFFFFFFFFFFFFFFFFFFFFFFFFFF50
:1010B000FFFFFFFFFFFFFFFFFFFFFFFFFFFFFFFF40
:1010C000FFFFFFFFFFFFFFFFFFFFFFFFFFFFFFFF30
:1010D000FFFFFFFFFFFFFFFFFFFFFFFFFFFFFFFF20
:1010E000FFFFFFFFFFFFFFFFFFFFFFFFFFFFFFFF10
:1010F000FFFFFFFFFFFFFFFFFFFFFFFFFFFFFFFF00
:10110000FFFFFFFFFFFFFFFFFFFFFFFFFFFFFFFFEF
:10111000FFFFFFFFFFFFFFFFFFFFFFFFFFFFFFFFDF
:10112000FFFFFFFFFFFFFFFFFFFFFFFFFFFFFFFFCF
:10113000FFFFFFFFFFFFFFFFFFFFFFFFFFFFFFFFBF
:10114000FFFFFFFFFFFFFFFFFFFFFFFFFFFFFFFFAF
:10115000FFFFFFFFFFFFFFFFFFFFFFFFFFFFFFFF9F
:10116000FFFFFFFFFFFFFFFFFFFFFFFFFFFFFFFF8F
:10117000FFFFFFFFFFFFFFFFFFFFFFFFFFFFFFFF7F
:10118000FFFFFFFFFFFFFFFFFFFFFFFFFFFFFFFF6F
:10119000FFFFFFFFFFFFFFFFFFFFFFFFFFFFFFFF5F
:1011A000FFFFFFFFFFFFFFFFFFFFFFFFFFFFFFFF4F
:1011B000FFFFFFFFFFFFFFFFFFFFFFFFFFFFFFFF3F
:1011C000FFFFFFFFFFFFFFFFFFFFFFFFFFFFFFFF2F
:1011D000FFFFFFFFFFFFFFFFFFFFFFFFFFFFFFFF1F
:1011E000FFFFFFFFFFFFFFFFFFFFFFFFFFFFFFFF0F
:1011F000FFFFFFFFFFFFFFFFFFFFFFFFFFFFFFFFFF
:10120000FFFFFFFFFFFFFFFFFFFFFFFFFFFFFFFFEE
:10121000FFFFFFFFFFFFFFFFFFFFFFFFFFFFFFFFDE
:10122000FFFFFFFFFFFFFFFFFFFFFFFFFFFFFFFFCE
:10123000FFFFFFFFFFFFFFFFFFFFFFFFFFFFFFFFBE
:10124000FFFFFFFFFFFFFFFFFFFFFFFFFFFFFFFFAE
:10125000FFFFFFFFFFFFFFFFFFFFFFFFFFFFFFFF9E
:10126000FFFFFFFFFFFFFFFFFFFFFFFFFFFFFFFF8E
:10127000FFFFFFFFFFFFFFFFFFFFFFFFFFFFFFFF7E
:10128000FFFFFFFFFFFFFFFFFFFFFFFFFFFFFFFF6E
:10129000FFFFFFFFFFFFFFFFFFFFFFFFFFFFFFFF5E
:1012A000FFFFFFFFFFFFFFFFFFFFFFFFFFFFFFFF4E
:1012B000FFFFFFFFFFFFFFFFFFFFFFFFFFFFFFFF3E
:1012C000FFFFFFFFFFFFFFFFFFFFFFFFFFFFFFFF2E
:1012D000FFFFFFFFFFFFFFFFFFFFFFFFFFFFFFFF1E
:1012E000FFFFFFFFFFFFFFFFFFFFFFFFFFFFFFFF0E
:1012F000FFFFFFFFFFFFFFFFFFFFFFFFFFFFFFFFFE
:10130000FFFFFFFFFFFFFFFFFFFFFFFFFFFFFFFFED
:10131000FFFFFFFFFFFFFFFFFFFFFFFFFFFFFFFFDD
:10132000FFFFFFFFFFFFFFFFFFFFFFFFFFFFFFFFCD
:10133000FFFFFFFFFFFFFFFFFFFFFFFFFFFFFFFFBD
:10134000FFFFFFFFFFFFFFFFFFFFFFFFFFFFFFFFAD
:10135000FFFFFFFFFFFFFFFFFFFFFFFFFFFFFFFF9D
:10136000FFFFFFFFFFFFFFFFFFFFFFFFFFFFFFFF8D
:10137000FFFFFFFFFFFFFFFFFFFFFFFFFFFFFFFF7D
:10138000FFFFFFFFFFFFFFFFFFFFFFFFFFFFFFFF6D
:10139000FFFFFFFFFFFFFFFFFFFFFFFFFFFFFFFF5D
:1013A000FFFFFFFFFFFFFFFFFFFFFFFFFFFFFFFF4D
:1013B000FFFFFFFFFFFFFFFFFFFFFFFFFFFFFFFF3D
:1013C000FFFFFFFFFFFFFFFFFFFFFFFFFFFFFFFF2D
:1013D000FFFFFFFFFFFFFFFFFFFFFFFFFFFFFFFF1D
:1013E000FFFFFFFFFFFFFFFFFFFFFFFFFFFFFFFF0D
:1013F000FFFFFFFFFFFFFFFFFFFFFFFFFFFFFFFFFD
:10140000814205D051F8043B40F8043B8242F9D8B0
:10141000704700BF044A05494FF0000342F8043BFF
:101420009142FBD8704700BFDC84002080C80020B8
:101430002DE98848BFF34F8F00BF00BF00BF00BF3A
:1014400020F084FA684B0822C3F8542100BF00BF83
:1014500000BF00BF00BF00BF00BF00BF00BF00BF94
:1014600000BF00BF00BF00BF00BF00BF5F4A6049B0
:101470006048FFF7C5FF604A60496148FFF7C0FF59
:10148000604CFFF7C7FF4FF470004FF0E0210023DE
:101490005D4AC1F8880D44F823200133B02BFAD1FE
:1014A0005A4B80215A4A03F8011B9342FBD14FF05B
:1014B000E0254D4E4FF08039DFF884B1DFF884A18C
:1014C0004FF0FF31C5F8084D0027C6F80491C6F863
:1014D00000B1C6F8F490C6F8F0A0D5F8243DDFF8C6
:1014E000688143F4E0234B4AC5F8243DD8F81C300A
:1014F00023F07F0343F04003C8F81C30D8F82430B1
:1015000023F07F0343F04003C8F824309166D1668E
:101510001167516720F022FA3F4B4049A363404BCB
:10152000E36363236B610323AF612B613D4BC5F81C
:10153000203DD5F8FC3D43F08073C5F8FC3D3A4BA7
:101540001A6842F001021A605B680B6020F050FCE0
:10155000C6F804913548C6F800B1C6F8F490C6F84C
:10156000F0A020F005FED8F86C10314B314A41F460
:101570004051C8F86C101F60C3F80871C3F81871A7
:10158000C3F82871C3F83871936BDB0708D442F6AF
:101590001563294951651365936B43F00103936308
:1015A000244A264C936843F00113936020F05EFABE
:1015B00020F082FD20F0C4FD20F048FC20F0C8F9A6
:1015C0002368132BFCD920F0D9FC2368B3F5967F50
:1015D000FBD320F0C1F920F0BDF920F0D5FD20F0BB
:1015E000CBFD30BFFDE700BF00800D4088A00100AB
:1015F00000EC026000000000C05E00208C8C0460E3
:1016000000000020005C0020EDDF000000E400E0AE
:10161000A0E400E000C00A400DF4000000C8002073
:1016200011F4000000002020001000E00046C32359
:101630000040084000400D400000C05604C8002093
:101640001B1018200C0D111300C00F40054B4FF458
:101650002A01054A05485A641864054A9963954663
:10166000FFF7E6FE00C00A40FFAAAAAA0700200072
:10167000000006204FF48C72002120F051BD00BF05
:1016800018B14FF48C7110F007BC7047C02A2DE9D7
:10169000F04131D0B2F5807F05D0802A2AD06FF09A
:1016A0001F00BDE8F0810E260346570904460022BC
:1016B00043F8086B44F8043F8B78013291F801E05D
:1016C00004311B0411F804CC11F8015CBA4243EA5E
:1016D0000E2343EA0C0343EA056344F8043FEBD3CB
:1016E0000C2E0BD00E2E4BD00A2E00F0A88000201E
:1016F000BDE8F0810A26D7E70C26D5E76C4A01251C
:10170000944602F11C0E01E05CF8045FC4691830D5
:1017100050F8081CE645C4F3072302EB1466134493
:1017200096F8286093F8283043EA064350F8106C86
:1017300083EA060352FA84F696F8286083EA066381
:10174000C4F30746164496F8286083EA062383EA22
:10175000050350F80C5C83EA0505836050F8043CEF
:1017600081EA0501C560016181EA03030168436103
:1017700083EA010384EA0304C0E90634C4D1B6E76E
:101780004B4A0126944602F1180E01E05CF8046F02
:10179000446AE645C4F3072102EB1467114497F845
:1017A000287091F8281041EA0741876881EA07010B
:1017B00052FA84F797F8287081EA0761C4F3074763
:1017C000174497F8287081EA0721D0E9035381EA8A
:1017D000060185EA01058162416983EA0503C56264
:1017E0008569036383EA010352FA83F1436391F845
:1017F000281081EA050102EB136595F8285081EA6B
:101800000561C3F30725C3F307431544134495F853
:10181000286093F8285081EA062383EA0543D0E93B
:101820000751836300F1200085EA030581EA050181
:10183000C56184EA0104C0E90814A7D157E71C4A2E
:101840004FF0010E144602F1240C01E054F804EFAD
:101850004169A4450669C1F3072302EB11681344EB
:1018600098F8288093F82830D0E9025743EA0843D3
:1018700052FA81F800F1100083EA050398F8285025
:1018800083EA0563C1F30745154495F8285083EAB8
:10189000052383EA0E0387EA0307836086EA0706C7
:1018A000C76081EA0601C0E90461CFD11FE700BF2C
:1018B000D82102602DE9F04FC9B0054616460C4606
:1018C0004FF48C72002102A820F02AFC05F10803D5
:1018D0003246214602A86B60FFF7D8FE80460028FA
:1018E00068D1029B05F1180A039A4FEA031B591E9F
:1018F00002EB03192B6052F80B300029A9F11009F3
:101900000E46AB60D9F814300191EB60D9F818306D
:101910002B61D9F81C306B613CDD28354F462A4AD3
:10192000A5F1100E3C1F54F8043F02EB136C52FA61
:1019300083F19CF828C091F8281002EB8C0C02EB84
:101940008101DCF82805C3F3072CC3F30743D1F862
:1019500028119444134441409CF828C093F828303F
:1019600002EB8C0C02EB8303DCF82809D3F8283D4A
:10197000414059404EF8041BAE45D4D1013EA7F179
:1019800010070EF11005CBD1019BCBF1100B0AEB28
:10199000031AD944D9F80030CAF80030D9F8043015
:1019A000CAF80430D9F80830CAF80830D9F80C3031
:1019B000CAF80C3002A84FF48C7110F06DFA404652
:1019C00049B0BDE8F08F00BFD8210260D0E9000324
:1019D0002DE9F04F401087B04F68441E03921868FD
:1019E0000A68002CD1F8089082EA00025868C96899
:1019F00087EA00079868049489EA0009D86881EAB0
:101A0000000103F11000029040F32E8203F1300C2C
:101A1000A346EA4B4E46D0B25CF8204C0D0EBBF10B
:101A2000010B03EB80000CF1200C5FFA87FE006BCA
:101A300003EB850503EB8E0ED5F8305480EA0400E5
:101A4000DEF830905FFA81FE80EA0500C7F30725D3
:101A500003EB8E0E03EB8505DEF830404FEA126E85
:101A6000D5F8305803EB8E0E019480EA0500C6F3DA
:101A70000745DEF830A44FEA176E03EB85055CF8E6
:101A80003C4C03EB8E0EC7F30747D5F8305C89EA70
:101A90000404DEF830844FEA166E80EA0500F5B2E1
:101AA000C6F3072684EA0A0403EB850503EB8606E2
:101AB0002D6B03EB8E0ED6F8306803EB8707DEF84C
:101AC00030E484EA06095CF8386C019C85EA060576
:101AD0005CF8346CD7F8307C86EA040685EA0805A1
:101AE00086EA0E06C1F3072EC1F3074103EB8E0E03
:101AF00003EB8101DEF830E8D1F8301C85EA0E05F1
:101B000089EA0104C2F30721C2F3074203EB810112
:101B1000C4F3072E03EB8202D1F8301803EB8E0ECC
:101B2000D2F8302C81EA0601DEF8306885EA020539
:101B3000C2B281EA070103EB82024FEA1167126B1E
:101B40005FFA81F803EB870703EB8808D7F8307456
:101B500082EA07025CF8307C82EA0702C5F3074795
:101B600082EA0602E6B203EB870703EB8606D7F8A4
:101B700030EC376B4FEA106682EA0E0203EB860602
:101B8000D6F8306487EA06075CF82C6C87EA06070B
:101B9000C5F3072603EB8606D6F8306887EA060702
:101BA000C1F30746C1F3072103EB860603EB81016E
:101BB000D6F8306C87EA0607EEB24FEA156503EBFC
:101BC000860603EB850E4FEA1465366BD1F83018A4
:101BD000C4F3074403EB8505D8F8308003EB840495
:101BE000D5F83054D4F8304C86EA05065CF8285C09
:101BF00086EA0506DEF8305486EA0106C0F307419E
:101C0000C0F3072088EA050503EB810103EB8000A0
:101C1000D1F8301CD0F8300886EA01065CF8241CA4
:101C200081EA050181EA000181EA04017FF4F3AE53
:101C30000298B146049C00EB44100290F8B2140ED6
:101C400003EB800003EB8404006B4FEA1965D4F8C2
:101C500030444FEA116C03EB850560405FFA89F46C
:101C6000D5F8305403EB8C0C03EB8404266B3C0E4C
:101C700003EB8404D4F830446640CCB203EB840414
:101C8000246B6C40D5B203EB8505D5F830E0DCF869
:101C90003054C9F3072CC9F307498EEA0505C1F38F
:101CA000072EC1F3074103EB8C0C03EB890903EB0F
:101CB0008101DCF830A8D9F830CC03EB8E0ED1F8D6
:101CC000309CC2F30721C2F30742DEF8308803EBF1
:101CD000810103EB8202D1F83018D2F830EC029A7D
:101CE00052685040029A926880EA0A005640029A6E
:101CF00080EA0900D26886EA08065440C7F3072242
:101D0000C7F3074786EA0E0603EB82024C4003EB5B
:101D10008703D2F83028D3F8303C5C40029B1B6824
:101D20005D40274B5540C0F3072203EB166A1A4467
:101D300085EA0C0592F828C0C6F307421A4492F8C7
:101D40002890C6F307221A4492F82810C4F30742D9
:101D500004911A4403EB146192F8287053FA85F247
:101D600091F828E053FA80F1059703EB106792F899
:101D70002820C0F3074091F828B003EB1561184400
:101D800091F8281090F82800019153FA86F1029EEC
:101D900091F8288053FA84F13669C4F3072491F846
:101DA000281072401C4482EA0E6282EA0C2282EA07
:101DB0000946029A52698BEA020B03E0D0320260B4
:101DC000D8210260019A8BEA026B049A8BEA022BFB
:101DD000059A8BEA024B029A926988EA020897F800
:101DE000282088EA0268029AD26951409AF828208D
:101DF00081EA026194F82820039C88EA0228C5F34E
:101E00000722C5F3074526701A4484F804B02B4412
:101E100092F8282093F8283081EA0221320A88EAD1
:101E200003436270320C81EA00412372A2704FEAD0
:101E30001B22180C217362714FEA1B42360EA271ED
:101E40004FEA1B6B1A0AE6701B0E84F807B0627229
:101E50000A0AA0720020E3720B0C090E6273A373CE
:101E6000E17307B0BDE8F08F004BE7E6D0320260C7
:101E70002DE9F0470A9F984681461C68DDE9086510
:101E8000A1B172B105EB020A4CB3325D631C15F8C7
:101E9000011B4A40554507F8012B325503F00F044A
:101EA000F2D10020C8F80040BDE8F087002AF8D041
:101EB00005EB020A6CB1325D611C15F8013B5A401A
:101EC000554507F8012B335501F00F04E9D0002CDC
:101ED000F1D1324631464846FFF778FDEBE732460E
:101EE00031464846FFF772FDCFE700BF2DE9F043CA
:101EF00087B00E9DCAB31C460F9B05EB02088146B6
:101F00000F4601355E1C16E08DF8142006F8013CE2
:101F1000DDF805C06B1CDDF809004545DDF80D1046
:101F200006F10106DDF811201D46C4F800C060600E
:101F3000A160E26019D020680DF1040C6168A2680C
:101F4000E368ACE80F00224621464846FFF73EFD15
:101F500015F8012C23785340002FD5D0012F06F817
:101F6000013C08BF8DF81430D2E7002007B0BDE86F
:101F7000F08300BF2DE9F84F92460A9ADAF8005034
:101F80000F2DDDE90B6727D879B18346984606EB1C
:101F900001097DB1535D013516F8011B05F00F05F0
:101FA0004B40B14507F8013BF3D10020CAF800507F
:101FB000BDE8F88F414658460A92FFF707FD08F141
:101FC00010030A9A13F8014D0134E4B21C70002C7E
:101FD000E0D19845F6D1DDE76FF02000E8E700BFDB
:101FE0002DE9F04F85B08E68D1F80C800292D0E9CF
:101FF0000023086852105C68551E1A6850404A68F1
:102000009968002D82EA0402039586EA0106D968E0
:1020100088EA010803F11001019140F3348203F1D1
:10202000300EAB46ED4B0092009AC4B25EF8201C15
:10203000BBF1010B4FEA12650EF1200E03EB840495
:1020400003EB8505D4F82841D7B2D5F8285584EAA2
:10205000010403EB870784EA0504C8F30725D7F8D2
:1020600028115FFA88F703EB850503EB8707D5F89E
:102070002859D7F8287184EA0504C6F307453A467B
:102080004FEA166703EB850503EB8707D5F8285D54
:10209000D7F828A584EA0504F5B2C6F3072603EBB2
:1020A000850503EB8606D5F82851D6F828C94FEAEE
:1020B0001866C8F3074803EB860603EB8808D6F8D2
:1020C00028954FEA1066D8F8287D03EB8606D6F8E7
:1020D00028855EF83C6C81EA06015EF8386C85EA7A
:1020E00006055EF8346C81EA0A0186EA0206009A67
:1020F00085EA090586EA080686EA0C06C0F3072C7D
:10210000C0F3074003EB8C0C03EB8000DCF828C91C
:1021100081EA0C01D0F828CDC2F30720C2F30742B0
:1021200081EA070103EB800003EB8202D0F8280963
:10213000D2F8287D4FEA116285EA0005E0B287EA0D
:10214000060703EB820203EB800085EA0C05D2F858
:102150002825C7F3072CD0F82801C5F3074603EB61
:102160008C0C80EA02005EF8302C80EA020003EB5F
:102170008602DCF828694FEA176CD2F8282D80EA2D
:1021800006004FEA156603EB8C0C80EA0200CAB227
:1021900003EB860603EB8202D6F82865D2F82821E5
:1021A00082EA06025EF82C6C82EA0602C4F3072675
:1021B00003EB8606D6F8286982EA0602C7F30746CB
:1021C000FFB203EB860603EB8707D6F8286D82EA99
:1021D0000602EEB2C5F3072503EB86060092DCF893
:1021E00028C503EB8505D6F82861D7F8288186EA4B
:1021F0000C064FEA146CC4F307445EF8282C03EB7A
:102200008C0CD5F8285903EB840486EA0206DCF826
:10221000287588EA0708D4F8287DC1F30724C1F39C
:10222000074103EB840403EB8101D4F82849D1F87A
:10223000281D86EA04065EF8244C88EA040886EA2B
:10224000070688EA050888EA01087FF4EDAE039CDA
:10225000DDE9002101EB44110191C1B2C6F3072A67
:102260004FEA166C03EB810103EB8C0CD1F828517B
:10227000110E03EB8A0A03EB8101D1F828154D40BA
:10228000F1B2C6F3074603EB8101D1F828414FEACA
:10229000186103EB8101D1F828154C405FFA88F1F1
:1022A00003EB8101D1F82871010E03EB8101D1F814
:1022B00028154F40D1B203EB8101D1F828E1DCF8B9
:1022C0002815C8F3072CC8F307488EEA010B0199BB
:1022D000C2F3072EC2F3074203EB8C0C096803EB31
:1022E000880803EB8E0EDCF8289903EB8202D8F8FD
:1022F00028CD4D40DEF82889D2F828ED03EB860280
:10230000019985EA0905D2F8282DDAF8286955409F
:102310008A685440CA685740C0F30722C0F3074098
:1023200084EA080403EB8202774003EB800387EA28
:102330000E07D2F82829D3F8280D4B6860408BEAA5
:102340000301274B5140C7F307221A4481EA0C01CD
:1023500003EB176C12F8C8ECC0F3074203EB1164EF
:102360001A4414F8C88C53FA81F412F8C89CC5F3C7
:10237000072214F8C8BC03EB10641A4414F8C8AC64
:1023800053FA80F412F8C82CC0F307200092C7F368
:10239000074253FA87F718441A4412F8C86C53FAE4
:1023A00085F2039612F8C82C14F8C86C019C17F833
:1023B000C87C246910F8C80C624082EA086282EA8C
:1023C0000E2282EA0944019A52698BEA020E009AAF
:1023D0008EEA0A6E8EEA022E039A03E0D82102608A
:1023E000C84302608EEA024E019A926956401CF878
:1023F000C82C86EA0266019AD2695740029A147084
:1024000082F804E0C1F30722C1F307411A441944DA
:1024100012F8C82C86EA022211F8C86C03EB156189
:10242000C5F3074511F8C81C2B4487EA016113F86E
:10243000C83C81EA0021029882EA0343220A81EA29
:10244000064103724270220C240E017382704FEA1F
:102450001E22C470044642714FEA1E424FEA1E6EAD
:1024600082711A0A80F807E04272180C1B0E0A0AE1
:10247000A072E37200200B0C6273090EA373E17368
:1024800005B0BDE8F08F014BE7E600BFD821026040
:102490008C4611461A46BCF1010F01D0FFF7A0BDD2
:1024A000FFF794BA2DE9F047140784B0DDE90C8AF0
:1024B0006AD106460C461D4699BB72B30AF10F0A53
:1024C0005F1E02EB0A09D8F80000EC46D8F80410A9
:1024D000D8F80820D8F80C30ACE80F00AAF10F02A9
:1024E00041463046FFF77CFDAAF110023B4612F848
:1024F000011F13F8010F924581EA00011170F6D116
:10250000EC460AF1100A08F11008D145BCE80F00AA
:1025100028606960AA60EB60D5D1002004B0BDE8F6
:10252000F087002AF9D008F10F085F1E02EB0809B6
:10253000A8F1100339460AF1FF3213F801CF11F860
:10254000010F43458CEA000C02F801CFF5D1012CB4
:1025500052465146304614D0FFF742FD08F11008AC
:10256000DAF80000DAF804100AF1100A5AF8082C18
:10257000C1455AF8043C28606960AA60EB60D7D175
:10258000CBE7FFF723FAE9E76FF02100C6E700BFCA
:10259000FFF71CBAFFF724BD2DE9F04FF7B020225A
:1025A000002183460DF1600A20ACDFF848935046C5
:1025B0001FF0B6FD00214FF48C7230A888461FF042
:1025C000AFFD4FEA680708F00106BD1CAD01BBF185
:1025D000000F08D0B84A2946B84B4846002E18BF0D
:1025E0001A461FF0B9FD00232A46514630A8C4E917
:1025F0000033C4E90233002E40F05881FFF75AF946
:10260000AF4B03EB071710F1230F40F02E81C02DC5
:1026100040F02B81AB481FF0A7FD08F10108B8F18D
:10262000060FCED1BBF1000F40F096810023CDF80C
:1026300010B00DF120090CAD9B464FEA6B07049BCF
:102640000BF00108BE1CB6014BB19B4A31469B4BB7
:102650009D48B8F1000F18BF1A461FF07DFD0023FA
:102660003246514630A8C9E90033C9E90233C5E909
:102670000033C5E90233C4E90033C4E90233B8F1D9
:10268000000F00F03981FFF701F8904B10F1230F94
:1026900003EB0713059340F03981C02E40F03681DB
:1026A00088481FF061FD0BF1010BBBF1060FC4D18F
:1026B000DDF810B0BBF1000F40F07481844B0027AF
:1026C000A3F5807304937D1007F00108AE1CB601DA
:1026D000BBF1000F09D0794A3146774B7D48B8F1FC
:1026E000000F08BF1A461FF037FD7B4B0FCB89E860
:1026F0000F00774BF208504603EB45111FF028FD01
:1027000000233246514630A80793FEF7BFFF10F171
:10271000230F02D1C02E00F02381002840F0C48096
:10272000B8F1000F40F024816C4BA44603EB8515F3
:1027300005F5CC76049D0FCEACE80F000FCEACE8CB
:102740000F000FCEACE80F0096E80F008CE80F00EA
:10275000414607AB402230A8CDF80090CDE90144B6
:10276000FFF786FB002840F09F8029464022204644
:102770001FF006FD002840F08980BBF1000F40F0FB
:102780000D810137062F9ED1BBF1000F40F035813E
:10279000524B002710AE03F5317304937D1007F000
:1027A0000109BBF1000F08D04349444B4C48B9F133
:1027B000000F18BF19461FF0CFFC484B494A03EBE6
:1027C000051302EB051C002203F5167307920FCBCD
:1027D00086E80F009CE80F008AE80F00802251462F
:1027E00030A8FEF753FF0346002850D13B4B05EBC2
:1027F0004501204603EB85030D01D3F8B88242461C
:10280000B9F1000F40F0D280049B03EB01111FF0DF
:102810009FFC354B1D4414AB07AA414630A80093DA
:102820003346CDE90144FFF7A5FB034678BB42469A
:10283000294620461FF0A4FC034638BBBBF1000F1D
:1028400040F0BC800137062FA8D1BBF1000F40F04B
:10285000EF805B4630A84FF48C7104930FF01CFBA3
:10286000049B184677B0BDE8F08FE8B942F21075C6
:102870002246214630A89EB9FFF7B2FBA0B9013D20
:10288000F6D122683B689A4200F09E800123BBF19A
:10289000000FDFD0154804931FF066FC049BD9E7B6
:1028A000FFF794F80028EAD00346F0E7FEF7EEFEC3
:1028B0000F4B03EB0717A6E6781100207C110020D0
:1028C0004044026098110020A8110020D04402600A
:1028D00000450260C0110020F4030020C8430260DC
:1028E000D8110020504602601C470260F011002001
:1028F0007044026080110020FEF7DCFF4F4B10F1A6
:10290000230F03EB071305933FF4C7AE60BB42F2FE
:10291000107714AEB8F1000F0BD095E80F0086E8E1
:102920000F0094E80F0085E80F0096E80F0084E898
:102930000F004B461022414630A8CDE90044FFF776
:10294000B1FD88B9013FE5D1059B22681B689A4219
:1029500057D0DDF810B099E70A201FF0DDFB65E6DF
:1029600037481FF001FC0CE70346DDF810B08EE796
:10297000DFF8DCE0A446334DBEE80F00ACE80F0002
:10298000BEE80F00ACE80F00BEE80F00ACE80F0097
:102990009EE80F0035448CE80F00D9E62A481FF066
:1029A000E3FBEEE60A201FF0B7FB87E6274B03EBBD
:1029B00001111FF0CDFB049B1D442CE7059022481C
:1029C0001FF0D2FB059B3DE77B680437219A9A42B2
:1029D0007FF45CAF229A57F8043F9A427FF456AFD7
:1029E0007A68239B93427FF451AFBBF1000F3FF411
:1029F00014AE15481FF0B8FB0FE60A201FF08CFB41
:102A0000C6E6059B21995A6804339142A1D12299C7
:102A100053F8042F91429CD15B68239A9A4298D133
:102A2000049B002B3FF43FAE07481FF09DFB3AE6A6
:102A30000A2004931FF070FB049B0BE7A044026084
:102A400098110020E0440260A01100201C470260A1
:102A5000F8110020036830B4CD1A002D3FDD93F942
:102A600000C01C78BCF1000F09DB5D1C05601C7800
:102A70001460491BA14232D3002030BC704704F0DF
:102A80007F04013C032C2DD8DFE804F022180B0250
:102A9000042D24DDD3F801405D1D24BA14600560C7
:102AA000E7E7032D1BDD9C785D78240244EA0544AA
:102AB000DD782C431D1D14600560DAE7022D0EDD64
:102AC000B3F80140DD1C64BAA4B214600560D0E71D
:102AD000012D04D05C789D1C14600560C9E76FF07F
:102AE0005F00CAE76FF06300C7E700BF10B5046876
:102AF000A1EB040EBEF1000F0CDD94F800E09E4542
:102B000005D101340460BDE81040FFF7A3BF6FF0AA
:102B1000610010BD6FF05F0010BD00BF0368A1EB46
:102B2000030CBCF1000F1FDD30B515461A7883B0D9
:102B3000012A13D1013301AA04460360FFF78AFF7B
:102B400050B9019B012B0CD1236813F8012B003ADB
:102B500018BF01222A60236003B030BD6FF061000E
:102B6000FAE76FF06300F7E76FF05F00704700BFB0
:102B7000036830B51546CA1A83B0002A25DD1A78D5
:102B8000022A1CD1013301AA04460360FFF762FF49
:102B900098B9019A531E032B14D8236893F9001097
:102BA00000290FDB1A440146286013F801CB4CEAD8
:102BB0000121934229602360F7D103B030BD6FF04B
:102BC0006100FAE76FF06300F7E76FF05F00F4E78A
:102BD0000368A1EB030CBCF1000F28DD93F800C0E3
:102BE000BCF1030F1AD1013370B5036004460E46E1
:102BF000FFF730FF88B91368154693B12268591E54
:102C000029601178072929710ED813440132B34283
:102C1000AA60236018BF6FF0650070BD6FF061009F
:102C200070476FF05F0070BD6FF0630070BD6FF0B4
:102C30005F00704738B50368A1EB030CBCF1000FCF
:102C40001DDD93F800C0BCF1030F15D1013304461C
:102C50000360FFF7FFFE58B913681546012B03F117
:102C6000FF322A6005D923685A1C22601B7803B9F9
:102C700038BD6FF0670038BD6FF0610038BD6FF090
:102C80005F0038BD2DE9F04798460368174682B0CB
:102C9000CA1A002A46DD1A78302A2ED1013301AA39
:102CA00006460D460360FFF7D5FE814638BB346803
:102CB000019B23449D422AD107F1040A0BE0C6F888
:102CC00000E0FFF7C7FE80BB33687C68BB601C4434
:102CD000AC4234601ED3A54204F1010EA5EB0403FF
:102CE0005246294630460ED994F800C0002BC7F84A
:102CF00000C017DD23789845E1D06FF061094846A0
:102D000002B0BDE8F0874FF00003FB60F7D06FF032
:102D10006509F4E7102101201FF04AFAF86030B18C
:102D20000746C9E76FF05F09E9E78146E7E76FF01B
:102D30006909E4E70368A1EB030CBCF1000F1ADD9D
:102D400070B515461A7882B0022A11D1013301AA52
:102D500004460360FFF77EFE40B9019E28462168C5
:102D6000324601F00DF923683344236002B070BD90
:102D70006FF06100FAE76FF05F0070472DE9F041F6
:102D80000468984682B00B1B002B50DD2378302B53
:102D90004AD10134174601AA054604600E46FFF7E2
:102DA00059FE0446002836D12C68361B002E3EDD25
:102DB00023783A4642F8043B019B002B04EB0306C0
:102DC00035DD2378062B2FD10134314628462C607F
:102DD000FFF740FE0446F0B92A687968BA605318D4
:102DE000B3422B601BD0515C01334246284642F867
:102DF000041B31462B60FFF72DFE044658B92B68A3
:102E0000D8F80420C8F808301344B3422B600CBF34
:102E100004466FF06504204602B0BDE8F0810C2145
:102E200040460FF039F8F6E76FF06104F3E76FF012
:102E30005F04F0E700B5002385B0CDE901330393CB
:102E400001ABFFF79BFF40B9019B052B00D03BB9BD
:102E5000029B002B18BF6FF0670005B05DF804FB04
:102E60006FF06700F9E700BF70B5044670B10E4619
:102E7000154601E0A4694CB16368AB42FAD1A06881
:102E80002A4631461FF07CF90028F3D1204670BD58
:102E900068B110B5044680681FF08EF960691FF0B4
:102EA0008BF920462021BDE810400EF0F5BF704799
:102EB00038B5046894B10546A369A0682B601FF07B
:102EC0007BF960691FF078F9204620210EF0E4FFBD
:102ED00020461FF071F92C68002CEDD138BD00BFE1
:102EE0007F2A034630B40AD80468611A002967DDD6
:102EF000611E0120196004F8012C30BC7047006885
:102F0000FF2AA0EB01010ED8012959DD441E8121C1
:102F10001C6000F8012C1A68501E1860022002F88C
:102F2000011C30BC7047B2F5803F1DD3B2F1807FE9
:102F30002FD2032944DD411E196000F8012C100A2C
:102F40001968120C4C1E1C60832401F8010C04202B
:102F500019684D1E1D6001F8012C1A68511E196078
:102F600002F8014C30BC7047022929DD411E19606E
:102F700000F8012C120A1968481E1860032001F895
:102F8000012C82211A68541E1C6002F8011C30BCFE
:102F90007047042914DD411E196000F8012C100A45
:102FA00019684C1E1C6001F8010C100C1968120EF7
:102FB0004C1E1C60842401F8010C05201968C8E728
:102FC0006FF06B0099E700BF10B40468611A002924
:102FD00008DD0346611E0120196004F8012C5DF82C
:102FE000044B70476FF06B00F9E700BF10B51C464B
:102FF00003688B420CD3A3EB010CA44508D31B1B25
:1030000011462246036018461FF0A2F8204610BD64
:103010006FF06B0010BD00BFF8B5054610460C46BA
:10302000164600F0A7FF2B68A34237D3191B0746AB
:10303000814233D3191A02463046296001F008F85C
:103040000346C8B93268012A04D12A6892F90010EF
:10305000002913DB3A4621462846FFF741FF031EAD
:103060000ADB28687A1C011B002917DD411E134466
:103070000222296000F8012C1846F8BD111B002916
:103080000CDD511E01372960214602F8010C3A4639
:103090002846FFF725FF031EE3DAEDE76FF06B0329
:1030A000EAE700BF02680346501A002815DD002039
:1030B00010B4541E1C6002F8010C1A68511A8142A7
:1030C00008DD541E052102201C6002F8011C5DF879
:1030D000044B70476FF06B00F9E76FF06B007047BF
:1030E00070B5064600680D4681421ED81146421B47
:1030F0001C46934219D8C01A1A4630601FF028F8AF
:10310000201E11DB024629463046FFF7E9FE002863
:103110000ADB336801345D1B002D06DD591E204497
:103120003160062103F8011C70BD6FF06B0070BDAB
:1031300070B5049E04460D468EB90168481B0028F0
:1031400027DD481E206001F8016C2168481B00281B
:103150001FDD481E02262060052001F8010C2946CB
:103160002046FFF7BDFF002812DB06442946204613
:103170003246FFF7B5FE00280ADB236801365D1BE7
:10318000002D06DD5A1E30442260302203F8012C47
:1031900070BD6FF06B0070BD03460068A0EB010CC2
:1031A000BCF1000F21DD003A18BF012210B45242D9
:1031B000441E1C6000F8012C1A68501A002811DD0A
:1031C000501E4FF0010C186002F801CC1A68511A19
:1031D000002907DD511E0320196002F801CC5DF8BB
:1031E000044B70476FF06B00F9E76FF06B007047AE
:1031F000036870B50D46591A002929DD591E002AA9
:103200000446016003F8012C04DD036893F90020F3
:10321000002A13DB0126324629462046FFF760FECE
:1032200000280ADB236801365D1B002D10DD5A1EC5
:1032300030442260022203F8012C70BD5A1B002A80
:1032400006DD591E00220226016003F8012CE2E788
:103250006FF06B0070BD00BF70B5064600680D468C
:1032600081421ED81146421B1C46934219D8C01AEF
:103270001A4630601EF06CFF201E11DB0246294604
:103280003046FFF72DFE00280ADB336801345D1B52
:10329000002D06DD591E20443160132103F8011C66
:1032A00070BD6FF06B0070BD70B5064600680D46CE
:1032B00081421ED81146421B1C46934219D8C01A9F
:1032C0001A4630601EF044FF201E11DB02462946DC
:1032D0003046FFF705FE00280ADB336801345D1B2A
:1032E000002D06DD591E20443160162103F8011C13
:1032F00070BD6FF06B0070BD2DE9F04113F0070455
:10330000064600680F4618BF0124884204EBD30428
:1033100028D31D4604F10108431A434522D3001B5C
:1033200011462246C5EBC40530601EF011FF33681C
:103330004246394603F1FF3C3046C6F800C003F868
:10334000015CFFF7CDFD00280ADB33680234DF1B88
:10335000002F07DD5A1E20443260032203F8012C9F
:10336000BDE8F0816FF06B00FAE700BF70B506466C
:1033700000680D4681421ED81146421B1C469342EE
:1033800019D8C01A1A4630601EF0E2FE201E11DB6A
:10339000024629463046FFF7A3FD00280ADB3368C2
:1033A00001345D1B002D06DD591E204431600421CF
:1033B00003F8011C70BD6FF06B0070BD2DE9F04784
:1033C0000646006889461D461746DDF82080FFF74F
:1033D0004BFDC0B103690446434508D325B14246BD
:1033E000294660691EF0B4FE2046BDE8F0874146DC
:1033F00001201EF0DDFE064620B360691EF0DCFEF3
:10340000C4E90486EAE7202101201EF0D1FE04462B
:10341000C0B14760394601201EF0CAFE8246A06056
:10342000D0B13A4649461EF093FE41460120C4F809
:1034300010801EF0BDFE0746606128B1336834601D
:10344000A361CBE70024CFE750461EF0B5FE20462F
:103450001EF0B2FE3C46C7E7204654461EF0ACFEC6
:10346000C2E700BF2DE9F047DDF82090B9F1000F69
:1034700070D04C4DA5FB094525F0010808EB550817
:10348000B9EB080418BF012404EB5504B4F1804FD4
:1034900080F08180A4000134002878D08C4294BF51
:1034A00000210121002972D1B9F1020F6BD903F17A
:1034B000030E00F1040A3C4F1EF8036C73461EF81D
:1034C000025CD4461EF8014C4FEA061EB6100AF103
:1034D000040A0EF0300EBE5D0AF8086CAE0007EB71
:1034E000151515F80EE006F03C0507EB941604F0F0
:1034F0003F040AF807EC03F1030E755D0E46033135
:103500003C5D0AF8065C88450AF8054CD4D8894524
:1035100008D80023ACEB0001184611608CF800308D
:10352000BDE8F0870436B145197818D80B01891029
:1035300003F03003795CFB5C8CF800100CF10301A4
:103540008CF801303D238CF802303D238C460CF87A
:10355000013BDEE74846C2F80090BDE8F0870C0169
:103560005B78891004F03004795C8CF800109900C5
:1035700007EB13131B5D8CF8013001F03C030CF1D9
:103580000301FB5CDFE784460126074FCBE76FF0C2
:1035900029001460C4E74FF0FF336FF02900136077
:1035A000BEE700BFABAAAAAAAC4702602DE9F0476C
:1035B000089E9146002E00F09B800027554AB84691
:1035C000BC460CF1FF3E00249E441EF8015F202DF6
:1035D00004D10CF1010C01346645F6D8B4451ED077
:1035E000A6EB0C05012D13F80C5001D00D2D5FD06A
:1035F0000A2D0FD0002C64D13D2D66D02C0660D44E
:10360000154495F840407F2C5BD00FB13F2C58D922
:1036100008F101080CF1010C6645D2D86646B8F1F4
:10362000000F65D008F007024FEAD80802EB420409
:1036300008EB48086400C7EB4802073402EBD402E9
:1036400000285ED08A4294BF00210121002958D170
:103650004EB3013B03270D46DFF8B8E003EB060C41
:10366000DFF8B480064605E048FA02F2D20708D433
:103670009C4517D013F8014FA4F10A02D2B2162AC2
:10368000F2D97444013594F84020402A08BF013F24
:1036900002F03F02042D42EA8111E9D1E7B99C45CD
:1036A0003D46E7D1361A0020C9F80060BDE8F08732
:1036B0000CF1010E13F80EA0BAF10A0F0AD0002C7B
:1036C0009ED06FF02B00BDE8F0870137022FF8D8AD
:1036D00040249AE7F4469FE70A0C012F327015D078
:1036E0000A0A022F727009D0B17000250336BFE7B5
:1036F00000231846C9F80030BDE8F08702360025DF
:10370000B6E76FF02900C9F80020DCE70136002594
:10371000AEE700BFAC470260F6FFBFFF10B5402424
:10372000A4B008BB284B03AA802104A80094FFF78B
:1037300099FEA8B9582204A924481EF021FD78B9A1
:103740005821224B03AA04A800918021FFF72EFFE5
:1037500030B9224604A91C481EF012FD044600B1EF
:103760000124204624B010BD19481EF0F5FC164B6C
:1037700003AA802104A80094FFF774FEE0B9582240
:1037800004A912481EF0FCFCB0B912481EF0E4FC7B
:1037900058210E4B03AA009104A88021FFF706FFD1
:1037A00050B9224604A908481EF0EAFC044618B99C
:1037B00009481EF0D9FCD4E7012408481EF0D4FCC7
:1037C000204624B010BD00BF6C480260AC480260C7
:1037D0003C1200206012002058120020F01100203E
:1037E00038B30023A2F1040CF0B59E465CF8045FE8
:1037F0000EF1010EEC1ACCF8004051F8046BB44203
:10380000A4EB06042CBF00270127CCF800409D4202
:103810002CBF3B467B1C7045E8D102EB80023BB1DC
:103820001168C81A99424FF0010342F8040BF7D30C
:10383000F0BD7047F0B50F2887B04FF00004844604
:1038400001930594CDE9022140F2D0808646AEF185
:10385000100E03980299059A019B50F8044B4FF003
:1038600000050E68E3FB0425B71845F1000241F896
:10387000047B50F8044B4FF000050E68E3FB042571
:10388000B71845F1000241F8047B50F8044B4FF0A3
:1038900000050E68E3FB0425B71845F1000241F866
:1038A000047B50F8044B4FF000050E68E3FB042541
:1038B000B71845F1000241F8047B50F8044B4FF073
:1038C00000050E68E3FB0425B71845F1000241F836
:1038D000047B50F8044B4FF000050E68E3FB042511
:1038E000B71845F1000241F8047B50F8044B4FF043
:1038F00000050E68E3FB0425B71845F1000241F806
:10390000047B50F8044B4FF000050E68E3FB0425E0
:10391000B71845F1000241F8047B50F8044B4FF012
:1039200000050E68E3FB0425B71845F1000241F8D5
:10393000047B50F8044B4FF000050E68E3FB0425B0
:10394000B71845F1000241F8047B50F8044B4FF0E2
:1039500000050E68E3FB0425B71845F1000241F8A5
:10396000047B50F8044B4FF000050E68E3FB042580
:10397000B71845F1000241F8047B50F8044B4FF0B2
:1039800000050E68E3FB0425B71845F1000241F875
:10399000047B50F8044B4FF000050E68E3FB042550
:1039A000B71845F1000241F8047B50F8044B4FF082
:1039B00000050E68E3FB0425B71845F1000241F845
:1039C000047B50F8044B4FF000050E68E3FB042520
:1039D000B71845F1000241F8047B0592029103906B
:1039E000BEF10F0F3FF633AF0CF00F0CBCF1070F19
:1039F00068D9ACF1080C03980299059A019B50F81C
:103A0000044B4FF000050E68E3FB0425B71845F1A1
:103A1000000241F8047B50F8044B4FF000050E689B
:103A2000E3FB0425B71845F1000241F8047B50F888
:103A3000044B4FF000050E68E3FB0425B71845F171
:103A4000000241F8047B50F8044B4FF000050E686B
:103A5000E3FB0425B71845F1000241F8047B50F858
:103A6000044B4FF000050E68E3FB0425B71845F141
:103A7000000241F8047B50F8044B4FF000050E683B
:103A8000E3FB0425B71845F1000241F8047B50F828
:103A9000044B4FF000050E68E3FB0425B71845F111
:103AA000000241F8047B50F8044B4FF000050E680B
:103AB000E3FB0425B71845F1000241F8047B0592A9
:103AC00002910390BCF1000F15D003980299059A5A
:103AD000019B50F8044B4FF000050E68E3FB0425F2
:103AE000B71845F1000241F8047B0592029103905A
:103AF000BCF1010CE9D1029A059913680B4401212C
:103B000042F8043B0598834234BF0B4600230593DB
:103B1000F3D307B0F0BD00BF20B1002301228360C2
:103B2000C0E90023704700BF80B110B5044680682B
:103B300030B1616889000EF0AFF9A0681EF03CFB5F
:103B400000230122A360C4E9002310BD704700BF19
:103B500042F21073994228D82DE9F04146680C468C
:103B600005468E4202D30020BDE8F08104212046A4
:103B70001EF01EFB0746A8B1D5F80880B8F1000F6B
:103B80000BD0B600414632461EF0E2FA40463146BE
:103B90000EF082F9A8681EF00FFB0020C5E901476E
:103BA000BDE8F0816FF00F00DEE76FF00F007047A7
:103BB0002DE9F04146688E4230D9731E05468C4689
:103BC0002AD0826802EB860201E0013B24D052F841
:103BD000044D002CF9D001339C4564464FF004019C
:103BE00038BF1C4620461EF0E3FA0746D0B1D5F890
:103BF0000880B8F1000F0AD0A20041461EF0A8FAD2
:103C00004046B1000EF048F9A8681EF0D5FA002031
:103C1000C5E90147BDE8F0810123DDE7BDE8F041DA
:103C2000FFF796BF6FF00F00F4E700BF884233D074
:103C30008A68F8B505460E4682B349684B1E1BD00C
:103C400002EB810201E0013B16D052F8044D002C3A
:103C5000F9D05C1C6A683368A2422B6012D22146FC
:103C60002846FFF775FF30B9A7003A46B168A86843
:103C70001EF06EFA0020F8BD01246A683368A24283
:103C80002B60ECD3121BA8680021A700920000EB68
:103C900084001EF045FAE8E7002070470028EAD0CB
:103CA000806830B1696889000EF0F6F8A8681EF0E7
:103CB00083FA002301221846AB60C5E90023F8BD52
:103CC00010B5844684B000680B46DCF808200DF17E
:103CD000040EDCF804107446AEE807001868596852
:103CE0009A68CCF80000CCF80410CCF8082007CC77
:103CF000186059609A6004B010BD00BFF8B50D4659
:103D0000496804461646FFF723FF98BB73422268B2
:103D100046EA030C2B686E68CCF3C01CCCF1010E94
:103D200003FB0CF302FB0E33236086B1A268A96883
:103D3000043A043902EB860751F8043F52F8045F55
:103D400003FB0CF3BA4205FB0E331360F4D1616838
:103D5000B1420FD9A3686FF0404203EB81013244B6
:103D6000043903EB820353F8042F0EFB02F299424D
:103D70001A60F8D1F8BD00BF88423DD070B50E463C
:103D8000496804461546FFF7E3FE00B170BD61685F
:103D90003046FFF7DDFE0028F8D16A42236830681C
:103DA0002A436168C2F3C012C2F1010C03FB02F5A1
:103DB00003FB0CF300FB02332360336803FB0C535B
:103DC0003360B9B1A368B06803EB8106191F0438EA
:103DD000043E51F8043F50F8045F0CFB03F4B14279
:103DE00002FB03F305FB02440C60046804FB0C3384
:103DF0000360EED1002070BD00207047F8B5456823
:103E000004460F469DB18668AA00002130461EF088
:103E100087F9002F87EAE771A268B4BF4FF0FF333C
:103E20000123A1EBE771002011602360F8BD04219C
:103E300001201EF0BDF9064660B1A06828B12946F0
:103E40000EF02AF8A0681EF0B7F901230422C4E995
:103E50000136DAE76FF00F00F8BD00BF4368B1EB41
:103E6000431F09D24A09836801F01F0153F8220059
:103E7000C84000F00100704700207047012A1FD899
:103E8000F8B543680C4615460646B1EB431F4FEAAA
:103E9000511704D392B1791CFFF75AFE68B904F0A8
:103EA0001F04B1680122002051F82730A540A2402C
:103EB00023EA02032B4341F82730F8BD1046F8BD32
:103EC0006FF00300704700BF10B54468CCB1836841
:103ED0000020A3F1040C86465CF8041F002203E0D6
:103EE000202A00F1010006D021FA02F3013213F07A
:103EF0000103F5D010BD0EF1010E7445ECD118464A
:103F000010BD204610BD00BF436883B35A1E1FD0AA
:103F100010B4846804EB830001E0013A15D050F836
:103F2000041D0029F9D00132500100224FF0004356
:103F300002E00132202A03D00B424FEA5303F8D0AB
:103F4000831A5DF8044B1846704721682020ECE77F
:103F500083680022202019684FF0004302E00132FC
:103F6000202A03D00B424FEA5303F8D0831A184695
:103F7000704700BF08B5FFF7C7FF0730C00808BD8E
:103F800012F0030318BF01232DE9F0410F4603EBA4
:103F90009204416815468046A14213D0806830B132
:103FA00089000DF079FFD8F808001EF005F900230C
:103FB0000122C8F80830C8E9002342F210739C427D
:103FC00042D894BB01214046FFF7C2FD064610B11E
:103FD0003046BDE8F081D8F804200146D8F8080042
:103FE00092001EF09DF8D8F8082001231660C8F84A
:103FF0000030002DECD079193046B446344600E04C
:1040000010594FEACC0E11F8013D0CF1010C0EF0E5
:10401000180E654503FA0EF343EA000313512CF022
:104020000304EDD13046BDE8F081042120461EF0A6
:10403000BFF848B10121C8E901404046FFF788FDBB
:1040400006460028C4D1C6E76FF00F06C0E700BFE0
:10405000F8B5174605460C46FFF756FF0730B7EB95
:10406000D00F19D3C6083A46002120461EF058F852
:1040700086B1E219002323F00301A8684FEAC30CBC
:10408000013344580CF0180CB34224FA0CFC02F82B
:1040900001CDF0D10020F8BD6FF00700F8BD00BFE2
:1040A000F8B50F460646FFF72FFF736838447D09C1
:1040B00007F01F04B0EB431F39D81F2F19D97268BE
:1040C000954210D2511B6FF04043B7680B4407EB89
:1040D000820207EB830318689F42A3F1040342F8AE
:1040E000040DF8D12A4622B192000021B0681EF0DA
:1040F00017F8D4B17268954217D2B368C4F120079B
:10410000002003EB82066FF040422A44043E03EB9A
:10411000820353F8041F844601FA04F2B34221FAE1
:1041200007F042EA0C021A60F3D10020F8BD10F04B
:104130001F0118BF012101EB50113046FFF708FDA8
:104140000028BAD0F8BD00BFF8B544684B0907464F
:104150009C4238D301F01F0534D01F291CD96FF0C1
:104160004042B968E01A1A44002301EB8202043984
:10417000013352F8046F834241F8046FF8D30028EA
:1041800008BF0120844207D9221ABB68002192008F
:1041900003EB80001DF0C4FF95B18CB1BE68002018
:1041A000C5F1200706EB840353F8041D044621FAE9
:1041B00005F29E4201FA07F042EA04021A60F3D1C6
:1041C0000020F8BD2DB138460021BDE8F840FFF7CA
:1041D00015BE1F29F4D92846D4E700BF436830B480
:1041E00073B1826802EB830201E0013B08D052F810
:1041F000044D002CF9D04A682AB9012030BC704720
:104200004A683AB300238D6805EB820101E0013A68
:1042100017D051F8044D002CF9D09342EDD815D3A6
:104220008BB1816805EB830201EB830102E00DD3C2
:10423000013B08D051F8044D52F8040D8442F6D9E0
:10424000DBE7002BE9D1184630BC70474FF0FF3058
:1042500030BC70471046D1E72DE9F04F87B01546C6
:10426000009201935368109A0133049052689A4265
:1042700072D3109B0646986800286DD00C469200B9
:1042800000211DF04DFF6368D5F80480434528BF29
:10429000434607EE903A109B9B680293B8F1000FDB
:1042A00054D0B26808F10107D4F808A00026B9007C
:1042B000A2F1040903EB87079B460592039159F885
:1042C000045F5A46DBF800405146DAF8003017EE3A
:1042D000900A013603FB0544019B03FB04F42B46C3
:1042E000FFF7A8FA009923465A4689684046FFF727
:1042F000A1FA0023B0454BF8045B47F8043FDED138
:10430000039B029A043B1A4402920598DDE90212CB
:104310001DF01EFF009D049C29462046FFF75EFF0E
:10432000002808DB4046A268A968FFF759FA002078
:1043300007B0BDE8F08F109B40469A68049B9968CF
:10434000FFF74EFA002007B0BDE8F08F049B9B6892
:10435000059304230393D8E76FF00300E8E700BF59
:10436000436830B47BB1826802EB830201E0013B19
:1043700009D052F8044D002CF9D04A683AB90268C5
:10438000104630BC70474A68002AF9D000238D6877
:1043900005EB820C01E0013A1DD05CF8044D002CC5
:1043A000F9D09342EBD823D302680968002A18DDBC
:1043B000002924DB8BB1806805EB830100EB8300CF
:1043C00002E01AD3013B08D050F8045D51F8044DC7
:1043D000A542F6D9D4E7002BE3D11A4630BC1046EB
:1043E00070470029E6DD002AE4DA4FF0FF32C7E724
:1043F0000A68524230BC104670475242C0E7012260
:10440000BEE700BF0B46012200B585B0002B02922B
:1044100083EAE37201A9CDF80CD0A2EBE372B4BF3A
:104420004FF0FF330123CDE90023FFF799FF05B0DB
:104430005DF804FB9042F8B506460D4607D0884269
:10444000144603D0FFF7F2FB00284CD12546012388
:104450006C683360002C47D0AB6803EB840301E049
:10446000013C41D053F8042D002AF9D021463046B2
:10447000FFF76EFB002836D1AB680546B268A3F1A2
:10448000040C29461046036801315CF8047F5B196F
:104490002CBF01250025DB1945F10005A14240F89C
:1044A000043BF0D102EB840245B91BE013680134F0
:1044B0005B194FF0010542F8043B13D37368A34224
:1044C000F4D8671C30463946FFF742FB58B9B2684A
:1044D00002EB84023C4613685B194FF0010542F879
:1044E000043BEBD20020F8BD00213046FFF730FB43
:1044F0000028F7D0F8BD00BF2DE9F041884684B010
:104500000546114640461446FFF768FE002839DB91
:1045100000270123AC420397CDE9013726D0A845F7
:1045200005D041462846FFF781FB064688B901229F
:1045300060682A6020B3A16801EB800201E00138C5
:1045400003D052F8044D002CF9D0AA680026FFF7DA
:1045500047F93FB10299384689000DF09DFC384675
:104560001DF02AFE304604B0BDE8F081214601A8C6
:10457000FFF75CFB039F06460028EAD101ACCEE7BB
:10458000A168E2E76FF00906ECE700BFF8B50F6835
:104590000646136807FB03F3002B19DA0D46114694
:1045A00014462846FFF71AFE002807DB2246294654
:1045B0003046FFF7A1FF00B93760F8BD2A46214613
:1045C0003046FFF799FF0028F7D17F423760F8BDEA
:1045D000FFF730FF0028EFD0F8BD00BFF8B50F6837
:1045E0000646136807FB03F3002B19DD0D46114641
:1045F00014462846FFF7F2FD002807DB224629462D
:104600003046FFF779FF00B93760F8BD2A462146EA
:104610003046FFF771FF0028F7D17F423760F8BDC1
:10462000FFF708FF0028EFD0F8BD00BF70B50123E9
:1046300084B0002A0E68029382EAE2730546CDF840
:104640000CD0A3EBE2730093B4BF4FF0FF33012310
:10465000019306FB03F3002B1ADA0C4601A920464E
:10466000FFF7BCFD002808DB01AA21462846FFF71A
:1046700043FF00B92E6004B070BD224601A9284650
:10468000FFF73AFF0028F6D176422E6004B070BDE5
:1046900001AAFFF7CFFE0028ECD004B070BD00BF28
:1046A00070B5012384B0002A0E68029382EAE27397
:1046B0000546CDF80CD0A3EBE2730093B4BF4FF0E6
:1046C000FF330123019306FB03F3002B1ADD0C4695
:1046D00001A92046FFF782FD002808DB01AA214638
:1046E0002846FFF709FF00B92E6004B070BD2246CE
:1046F00001A92846FFF700FF0028F6D176422E6078
:1047000004B070BD01AAFFF795FE0028ECD0ECE7DD
:104710002DE9F04F012389B0884206460293904666
:1047200005934FF00003CDE90333CDE9063367D09D
:1047300046450F466DD07D684DB1BB6803EB8503E0
:1047400001E0013D03D053F8042D002AF9D0D8F838
:104750000440002C52D0D8F8083003EB840301E069
:10476000013C4BD053F8042D002AF9D029193046CA
:10477000FFF7EEF9814620BB01463046FFF73EFBCE
:104780008146F0B9BCB1D8F80820A300B968043B51
:1047900002EB840BB26801960E4602EB030A524606
:1047A0005BF8043D31462846FFF744F8013CAAF186
:1047B000040AF4D1019E3B68D8F8002002FB03F301
:1047C0003360079C3CB10699204689000DF064FBDC
:1047D00020461DF0F1FC00230122049C0793CDE943
:1047E00005233CB10399204689000DF055FB204676
:1047F0001DF0E2FC484609B0BDE8F08F2946B6E757
:1048000002A8FFF713FA81460028E4D1464502AF1B
:1048100091D1314605A8FFF709FA81460028D0D189
:104820000DF1140887E700BF8B1E0E2B2DE9F04F0A
:104830008BB000F2C8800F46002401268346104644
:1048400090460694CDE904641DF08AFC102F0546BD
:104850003BD1B0F1804F80F0B6808300584613F012
:104860001C0F14BF3146214601EB5311FFF770F9BD
:10487000009030BB01465846FFF7C0FA009000BBDD
:10488000002D00F0938008EB05040098012D05F140
:10489000FF3500F08E8014F8013DA3F13002A3F142
:1048A0004106D1B2092970D9052EA3F16101A3F106
:1048B00037026AD90529A3F1570266D96FF00503BB
:1048C000009300980BB0BDE8F08F21465846FFF7E3
:1048D00095FA044600900028F3D1002D66D00DF122
:1048E0000C091CB998F800302D2B49D018F8043069
:1048F000A3F13002D1B209292FD89246574566D983
:1049000007AA594604A8CDF824900397CDE9076675
:10491000FFF7FEFE90BBDBF8002004A9CDF80CA049
:10492000012A21D007AA5846CDF82490CDE9076680
:10493000FFF754FE10BB0134A542D2D106980028DF
:10494000BFD00599019089000DF0A6FA01981DF0DD
:1049500033FC00980BB0BDE8F08FA3F14102052AAB
:1049600039D8A3F1370AC9E7CDE90722584607AA83
:10497000CDF82490FFF70AFE0028DCD00090DDE798
:104980004FF0FF33CBF80030D5E78300DBF8086049
:10499000C708013003F01C0356F8271002FA03F38E
:1049A000194346F82710002D7FF470AF00230093C1
:1049B00087E798F800302D2B7FF46DAF4FF0FF3371
:1049C000CBF800307DE76FF00303009379E76FF0D9
:1049D00005030093B2E7A3F16102052AF7D8A3F11A
:1049E000570A8BE710B584B01446012301AACDF80D
:1049F0000CD00094CDE90133FFF78AFE04B010BD5E
:104A00002DE9F04F2DED048B9BB000240127824649
:104A10000DF150088946184617A91D4616461494EC
:104A2000CDF86480CDE91777FFF79AFC002800F0F5
:104A30007D81294630461694CDE90874CDE90A47B0
:104A4000CDE90C44CDE90E74CDE91047CDE912440F
:104A5000CDE91474FFF7C2FBA0421ADABAF1000FD5
:104A600005D021465046FFF7C9F98346F0B9B9F1A0
:104A7000000F06D031464846FFF7D8F88346002895
:104A80005DD14FF0000B58461BB0BDEC048BBDE868
:104A9000F08F314608A8FFF7C9F8834630B9294698
:104AA0000BA8FFF7C3F8834600284BD000270A98CD
:104AB00030B1099989000DF0EFF90A981DF07CFBDF
:104AC000002201210D980A92CDE9081230B10C990B
:104AD00089000DF0E1F90D981DF06EFB0022012117
:104AE0000D92CDE90B123CB10F99204689000DF0D3
:104AF000D3F920461DF060FB00220121139810928B
:104B0000CDE90E1230B1129989000DF0C5F9139854
:104B10001DF052FB002201211392CDE91112002F4A
:104B2000B1D01599384689000DF0B6F938461DF018
:104B300043FB58461BB0BDEC048BBDE8F08F00244E
:104B40002746B4E7746842F210730B970234089753
:104B50009C4200F2F880002C40F0E08000210EA87A
:104B6000FFF74CF9834608B1109C9FE7022111A87A
:104B7000FEF7EEFF83460028F6D1042103201DF046
:104B800017FB0746002800F06F81032216900BA840
:104B90001592FFF7B9F900F01F001F2800F0CC8034
:104BA000C0F11F0308A8194609EE103AFFF778FA7A
:104BB0008346002840F0BE8019EE101A0BA8FFF7BC
:104BC0006FFA8346002840F0B580099B0BA80C9A29
:104BD00000939C1A01926301194608EE103AFFF700
:104BE0005FFA8346002840F0A580A3009B460BE0B7
:104BF000109C08A854F80B30013344F80B30FFF731
:104C0000EDFC002840F09D800BA908A8FFF7A8FB49
:104C100000280BAA08A9EBDA18EE101A1046FFF7C5
:104C200093FA002840F0A680009B019A013B013ACC
:104C300018469342144640F2E48000996FF04043D6
:104C4000019A27460B44CDF810A0CDF8149008EE39
:104C5000106A9B1A814608EE905A9B000293864B7D
:104C60001A4401EB030B9300A20003934FEA8B035A
:104C700093469A460A9B4FEA89060D9A53F82910E3
:104C800052F80B20914267D3109B4FF0FF320299EC
:104C90005A501A460299009354185B58AAF104021C
:104CA000013301922DE039460123CDE9173307ABDB
:104CB0001993139B196011A952F80B2008465A60EA
:104CC00017AA23680793FFF723FD002840D1014668
:104CD0004046FFF793F800283AD1B9F1010F0A9A3C
:104CE000169D1CBF019BD058286011A852F80A10CD
:104CF000696041469259AA60FFF732FB00283CDD0B
:104D00002368013B002111A82360FFF777F8F8B969
:104D10000D9A002FC7D0039BD158C5E70421204628
:104D20001DF046FA78B1CDE90F4017E76FF00B0B95
:104D3000A9E6169F109CBAE609EE10BA45E7009C5A
:104D40002F468346B3E600246FF00F0B2746AEE6EE
:104D5000009C8346169FAAE653F80A0000231DF024
:104D60002FFA00294FF0FF32109B08BF024602992C
:104D70005A508EE7109C834699E622680BA911A829
:104D8000FFF730FE0028DAD1029B11A84FEAC30AD0
:104D90005146FFF785F90028D1D108A911AA084684
:104DA000FFF71CFC0028CAD1014608A8FFF72AFB20
:104DB000002809DB029B09F1FF39043B4F450293B0
:104DC00019D2DDF804A055E70BA911A8FEF72EFFB4
:104DD0000028B4D1514611A8FFF762F90028AED1DE
:104DE00008A911AA0846FFF7D1FB0028A7D123681C
:104DF000013B2360DEE7DDE904A918EE106A18EE36
:104E0000905ABAF1000F0CD00EA95046FEF70EFFD3
:104E1000834600288DD12A68336802FB03F3CAF861
:104E20000030B9F1000F23D019EE101A08A8FFF7CF
:104E30008BF9834600287FF47CAF336808A9484685
:104E40000893FEF7F3FE834600287FF472AF014615
:104E50004846FFF7D7FA00287FF46BAF0122169F70
:104E6000109CC9F8002022E6109C6FF00F0B1EE684
:104E7000169FCB46109C1AE6FEFFFF3F10B5002B95
:104E800083EAE37484B0A4EBE374B4BF4FF0FF3360
:104E90000123CDF80CD0CDE900430123029301ABEF
:104EA000FFF7AEFD04B010BD2DE9F04184B001263E
:104EB0004FF0000804460F46104601A91546029619
:104EC000CDF80CD0CDE90086FFF74AFA404532DB39
:104ED0003A4640462B462146FFF792FD074608BB5F
:104EE000804602E0FFF752FB00BB01A92046029674
:104EF000CDF80CD0CDE90086FFF732FA03462A46FA
:104F00002146002B2046EDDB02E0FFF767FB68B986
:104F100029462046FFF724FA03462A462146002B5D
:104F20002046F2DA384604B0BDE8F081074638463C
:104F300004B0BDE8F0816FF00907F3E7002A36D02E
:104F400038DB012A70B5064626D0022A28D04C68E4
:104F5000CCB18D6805EB840E00245EF8043D4FEA69
:104F6000134C75459BB24CEA044CBCFBF2F402FBBB
:104F700014CC43EA0C43B3FBF2F402FB1434ECD13F
:104F80000B68002B02DB0020346070BD002CFAD0CF
:104F9000141B00203460F8E700231846336070BD0E
:104FA0008B6800201B6803F00103336070BD6FF055
:104FB0000B0070476FF00900704700BF8B1E0E2B6F
:104FC0002DE9F04387B047D80E46804691460A4601
:104FD000014601A8FFF7B2FF044618B1204607B00A
:104FE000BDE8F083012502AF014603AB42464046CF
:104FF00004950597CDE90265FFF702FD04460028F8
:10500000ECD103A905970495CDE902054046FFF7C9
:10501000A7F9C0B9019B092B0AD8D9F80020303371
:105020002046511CC9F80010137007B0BDE8F0838A
:10503000D9F8002037332046511CC9F800101370EE
:1050400007B0BDE8F0834A4631464046FFF7B6FF59
:105050000028DFD00446C1E76FF00304BEE700BFBD
:105060002DE9F0431F468B1E85B00E2B00F28C807D
:105070000C4615460646FEF747FF032CC8BF4008FE
:10508000102C08BF4008421C033002F00102024409
:10509000BA4274D801220023CDE9005232680132AD
:1050A000CDE9023303D16A1C2D2300922B70102C02
:1050B00050D1776827B36FF0404100243448394419
:1050C00089003A1D4FF0180EB3685B5823FA0EF3AF
:1050D0005FFA83FC03F00F034FEA2C1854EA0C0C20
:1050E0004FF0010423D1022A21D06446AEF1080E0C
:1050F000013A1EF1080FE7D1013FA1F10401E0D10F
:10510000009B0022591C164600911A70009B0C9AB5
:105110005B1B1360039830B1029989000CF0BCFE50
:1051200003981DF049F8304605B0BDE8F083DDF87E
:1051300000C010F8089010F803800CF101030093F0
:105140008CF80090009B03F1010CCDF800C083F8AF
:105150000080CBE7314601A8FEF768FD064600282F
:10516000D8D1019B013301D1012301936A46214625
:1051700001A8FFF723FF06460028C1D0CAE70C9B11
:105180006FF007061A60CEE76FF00306CBE700BFAB
:105190008012002083681B68DB0729D52DE9F041C8
:1051A00086B00546144F03240DF10808012608E0D7
:1051B000FFF7C4FEA0B9019BABB157F8044F002C18
:1051C0000EDD03A92846CDE90246CDE90468FFF7C4
:1051D000C7F8034622462946002B01A8E8DC012037
:1051E00006B0BDE8F0816FF00D0006B0BDE8F081BB
:1051F0006FF00D00704700BF084902602DE9F04FC5
:105200001D469FB0012306460DF13C0A0391284636
:1052100012A91746CDF850A0CDE9123300230F9301
:10522000FFF79EF8002840F36B81AB68D3F800B01D
:105230001BF0010F00F0648112A93846FFF790F8C7
:105240000028C0F25D810BF1020303245B0003F030
:10525000080303EB0B0808FB0BF3013CC3F102034B
:1052600003FB08F8F7D14FF0010B3022214612A8BA
:10527000CDF818B0CDF824B0CDF830B0CDE9074462
:10528000CDE90A44CDE90D441CF04AFF6968304677
:1052900059440291FEF75CFC02998146A0B1179433
:1052A0000B94CDE915B4CDE909B4002301210E9387
:1052B000CDE90C13289B002B3AD09B68002B37D0EC
:1052C00048461FB0BDE8F08F15A80291FEF740FCDC
:1052D00002998146002839D01798002800F03A81B9
:1052E000002425461699029089000CF0D5FD0298FD
:1052F0001CF062FF002301221793CDE915233CB176
:105300000A99204689000CF0C7FD20461CF054FF86
:10531000002301210B93CDE90913002DC5D00D9970
:10532000284689000CF0B8FD28461CF045FFBCE774
:1053300008980028C4D0079989000CF0ADFD0898A2
:105340001CF03AFF48461FB0BDE8F08F42F21072E1
:105350004FEA410BB2EB410FC0F0F880BBF1000FF8
:1053600070D1039B1B680293013300F0CC80289B13
:105370000DF1180B002B6ED09A68002A6BD0289B79
:10538000DC46186859689A68ACE80700DDF80C90AC
:1053900029464846FEF7E4FF0028C0F284804946CB
:1053A0002A4615A8FFF780FD8146002859D109AA91
:1053B000C8F1000315A8594600922A460393FEF748
:1053C0004BFF039B814600284BD15946304603933F
:1053D000FEF72CFC039B8146002842D109AA5146C6
:1053E00030460393009201220592CDE90F2205AACF
:1053F00011922A46FEF730FF039B814688BB024686
:10540000D7F804B0A946002C00F08980013CB968A7
:1054100051F82B1021FA04F808F0010852EA0805A7
:1054200088F001010CD0114209AA314630460092A1
:105430004A4603937AD0FEF70FFF039B00285DD105
:105440002A46E0E7042158461CF0B2FE00287DD031
:10545000CDE90AB085E701215846FEF7CFFC814629
:1054600030B117980E9D0B9C00287FF43BAF41E7AD
:10547000696858468901FEF713FE81460028F0D17D
:105480002A4659465846FFF70FFD81460028E8D1C5
:10549000289B002B3FF47AAFDC46BCE8070018607D
:1054A00059609A6072E7039915A8FEF7BFFB814621
:1054B00000283FF47CAFD4E709AA514630464D4658
:1054C000009205AA119201220592CDE90F224A46C7
:1054D000FEF7C2FE81460028C3D1029B0133C0D132
:1054E0007B68002BBDD0BB681B68D907B9D5029B70
:1054F0003246294630463360FFF748F88146B0E728
:105500006FF00309DCE603990CA8FEF78FFB8146D8
:105510000028A6D10CAB012203930C9227E71F248D
:10552000BBF1000FC8D00BF1FF3B70E7FEF794FE14
:10553000039B0028E2D109AA08EB480830460393F0
:10554000009212AA02EB88014A4674E717986FF09E
:105550000F09C2E601230A900B9015930993CDE938
:105560001600A2E6B1F5007F70B5ADF5007D17D845
:1055700014460D460A46064669461846A0470446A4
:1055800028B92A4669463046FEF7FAFC04464FF42D
:10559000007168460CF080FC20460DF5007D70BD62
:1055A0006FF00304F8E700BF2DE9F04F99B0002435
:1055B0000126054605AF88469146014615AA06A86C
:1055C000069605961797CDE90744CDE90964CDE91C
:1055D0000B46CDE90D44CDE90F64CDE91146CDE987
:1055E0001344CDE91566FEF7F9FF834600284CD039
:1055F0000898002843D02546079989000CF04CFCF8
:1056000008981CF0D9FD002201210892CDE906126C
:105610003CB10A99204689000CF03EFC20461CF063
:10562000CBFD002201210B92CDE909123DB10D996C
:10563000284689000CF030FC28461CF0BDFD0022F5
:10564000012111980E92CDE90C1230B11099890008
:105650000CF022FC11981CF0AFFD002201211498DF
:105660001192CDE90F1230B1139989000CF014FC9E
:1056700014981CF0A1FD584619B0BDE8F08FCDE993
:105680000660CDE909600B90D9E7079E002E00F077
:10569000CD8004460898DC46043850F8041F0022E8
:1056A00003E0202A04F1010436D021FA02F301328A
:1056B00013F00103F5D006A909A8FEF7B7FA83464F
:1056C00018BB214609A8FEF73FFD8346E8B92846E6
:1056D000FEF71AFC40F21353984223D840F251339C
:1056E000984200F2A08040F28923984200F2A08004
:1056F000B0F5AF7F80F09F80F92800F2D680952822
:105700008CBF12231B2303930EE00B9C00250898EB
:1057100000287FF471AF76E70CF1010CB445BCD1E1
:105720001C46C8E70223039300234FF0010A0293AB
:1057300069684B4642460FA88900FFF713FF83466E
:10574000002851D106A90FA8FEF70AFE002857DA53
:10575000119A2026136843F00303136069684B46CF
:1057600042460FA88900FFF7FDFE83460FA8BBF154
:10577000000F39D1FEF7C8FB834606A8FEF7C4FB2D
:10578000834534D8013E06A94AD00FA8FEF7E8FDAC
:10579000002815A9E2DA0FA8CDF814A01797CDE9D3
:1057A00015AAFEF7DDFD0028D8DD12AB0FA909AA66
:1057B000009308462B46FFF721FD8346A0B906A9B2
:1057C0000FA8FEF7CDFD48B115A90FA8CDF814A07C
:1057D0001797CDE915AAFEF7C3FD78BB029B039A84
:1057E00001339A420293A3D10E9D0B9C8FE7ABEB42
:1057F00000010FA8FEF7A8FC83460028C2D0F3E7FB
:105800000FA8FEF781FB064606A80136FEF77CFBD3
:10581000311A0FA8FEF798FC8346002898D0E3E7DA
:105820006FF00D0B27E7032303937DE7344642E730
:105830000423039378E70823039375E7012C37D9F2
:1058400001261BE00FAA0CA81146FEF761FF844653
:105850002A460CA90FA8BCF1000F34D1FFF724FB96
:10586000024615A90FA852BBCDF814A01797CDE991
:1058700015AAFEF775FDD8B1A64219D006A90FA842
:105880000136FEF76DFD0028DCD115A90FA8CDF873
:1058900014A01797CDE915AAFEF762FD00289DD147
:1058A0000E9D6FF00D0B0B9C31E70C2303933BE730
:1058B00006A90FA8FEF754FD0028E6D0F0E70E9DDC
:1058C00093460B9C23E70E9DE3460B9C1FE700BF0E
:1058D0002DE9F0418AB000230126044601A81546AF
:1058E00002930196CDE90336CDE90533FEF79EF923
:1058F0008046D8B1039C3CB10299204689000CF047
:10590000CBFA20461CF058FC002301220698039392
:10591000CDE9012330B1059989000CF0BDFA069854
:105920001CF04AFC40460AB0BDE8F081294604A8B4
:10593000FEF77CF980460028DCD1029E002E00F0A4
:10594000FA80039D0746043D55F8041F002204E039
:10595000202A00F1010000F0D68021FA02F3013282
:1059600013F00103F4D0059EB6B1069F0021043F59
:105970008C4657F8045F002204E0202A01F101015F
:1059800000F0BA8025FA02F3013213F00103F4D0DB
:10599000884228BF08460646314601A8FEF7D4FBD8
:1059A00080460028A6D1314604A8FEF7CDFB8046EC
:1059B00000289FD1012507460495019507A901A854
:1059C0000097CDF824D0CDE90755FEF7C9FC002893
:1059D00000F0A380DDF808E0BEF1000F00F0998030
:1059E000039B0021A3F1040C88465CF8040F0022FD
:1059F00003E0202A01F1010148D020FA02F301322C
:105A000013F00103F5D001A8FEF79EFB80460028A5
:105A10007FF470AFDDF814E0BEF1000F7BD0069B81
:105A2000A3F1040C5CF8041F002203E0202A00F11B
:105A3000010031D021FA02F3013213F00103F5D055
:105A4000014604A8FEF780FB804600287FF452AF91
:105A500004A901A8FEF784FC002823DB01A904AAFD
:105A60000846FEF749FD804600287FF443AF029BBD
:105A700083B3039901EB830353F8042D40EA5200EA
:105A8000994218604FEAC270F6D197E708F1010811
:105A9000F045AAD11946B6E708F10108F045C1D191
:105AA0001846CDE704A901AA0846FEF725FD804661
:105AB00000287FF41FAF059BABB1069901EB830370
:105AC00053F8042D40EA5200994218604FEAC27020
:105AD000F6D173E7014601A8FEF790F98046002849
:105AE0003FF46CAF06E7014604A8FEF787F980464D
:105AF00000283FF463AFFDE60CF1010CB4457FF4E0
:105B000038AF1E4648E70137B7427FF41DAF18464D
:105B100029E7714677E7704692E7314604A8FEF719
:105B2000BFFA804600287FF4E5AE04A92046FEF7C0
:105B30007DF88046DEE6304615E700BF2DE9F04FE0
:105B4000A3B0012480460F460DF1700910461FA92D
:105B500016461C94CDF88490CDE91F44FEF700FC56
:105B6000002840F3BC8100233246394604A807943C
:105B70000A940D9410940494139416941994CDE9F6
:105B80000833CDE90B33CDE90E33CDE91133CDE93F
:105B90000533CDE91433CDE91733CDE91A33CDE917
:105BA0001D33FFF795FE054660B903AB1FA904A896
:105BB00003942193CDE91F44FEF7D2FB00286ED059
:105BC0006FF00D05002301221C469B4698461F4698
:105BD0001E4609930C93CDE90723CDE90A23002340
:105BE000CDE90E3301230D93BBF1000F07D01199BE
:105BF000584689000CF050F958461CF0DDFA002395
:105C0000DDF81890CDE9113301231093B9F1000F9D
:105C100007D00599484689000CF03EF948461CF02B
:105C2000CBFA0023CDE9053301230493B8F1000F2B
:105C300007D01499404689000CF02EF940461CF01C
:105C4000BBFA002301221593CDE913233EB1179926
:105C5000304689000CF020F930461CF0ADFA0023E4
:105C600001221893CDE916233CB11A9920468900E8
:105C70000CF012F920461CF09FFA002301221B931E
:105C8000CDE919233FB11D99384689000CF004F97C
:105C900038461CF091FA284623B0BDE8F08F39460B
:105CA000324607A8FFF700F90546002836D00998C4
:105CB00038B10899019089000CF0EEF801981CF0B9
:105CC0007BFA0023DDF830A01E9F1B9C189EDDF898
:105CD0005480DDF848B0DDF83C90CDE9083301236D
:105CE0000793BAF1000F07D00B99504689000CF0CA
:105CF000D3F850461CF060FA0023CDE90B330123A2
:105D00000A93B9F1000F3FF46AAF0E994846890033
:105D10000CF0C2F848461CF04FFA60E707A90AA841
:105D2000FDF784FF05460028C1D1314613A8FDF7D1
:105D30007DFF05460028BAD1314616A8FDF776FF4B
:105D400005460028B3D1042120461CF031FA002872
:105D500000F0468104600421CDE90E4020461CF08D
:105D600027FA002800F03C810421CDE911402046AB
:105D70001CF01EFA002800F0338101241B9004213E
:105D800020461A941CF014FA002800F029811D9472
:105D900004601E900C98046814F0010452D10B9A10
:105DA000002A00F0AD8000EB8202234652F8041D69
:105DB00043EA5103904213604FEAC173F6D10F9B3F
:105DC0001B68DF0703D4129B1B68DD0711D50DA9E3
:105DD00013AA0846FEF7DAFB054600287FF467AFF2
:105DE00010A907AA0846FEF7F9FB054600287FF42C
:105DF0005EAF0E99002900F08C800F98002300EB15
:105E0000810252F8041D43EA5103904213604FEAA5
:105E1000C173F6D11199002900F08380129800EB2C
:105E2000810353F8041D44EA510498421C604FEA70
:105E3000C174F6D1AEE74846FDF7E0FF05460028FD
:105E40007FF435AF18980368DC0772D417990029DE
:105E500048D000EB8102002352F8041D43EA5103AD
:105E6000904213604FEAC173F6D11B9B1B68D807A1
:105E700003D41E9B1B68D90711D519A913AA08467C
:105E8000FEF784FB054600287FF411AF07AA4946B8
:105E90004846FEF7A3FB054600287FF408AF1A9991
:105EA00039B31B98002300EB810252F8041D43EA2A
:105EB0005103904213604FEAC173F6D11D99002936
:105EC000B9D01E98002300EB810252F8041D43EA6A
:105ED0005103904213604FEAC173F6D1B2E76FF0FD
:105EE0000305D8E616A8FDF789FF05460028BCD0B3
:105EF000DDE619A8FDF782FF05460028DED0D6E6CC
:105F000021460AA8FDF77AFF054600283FF457AF5F
:105F1000CDE60DA8FDF772FF054600283FF47AAFE5
:105F2000C5E610A8FDF76AFF054600283FF432AF2A
:105F3000BDE616A90AA8FEF713FA002834DB0AA961
:105F400016AA0846FEF74AFB054600287FF4AFAEC6
:105F50000DA919AC08462246FEF740FB054600286D
:105F60007FF4A5AE10A94A460846FEF737FB054662
:105F700000287FF49CAE00210AA8FEF743FA00280F
:105F80007FF408AF05E0FEF701FB054600287FF42B
:105F90008EAE00212046FEF735FA034632462146F2
:105FA000002B2046EFDB24E016A90AAA0846FEF7DC
:105FB00015FB054600287FF47AAE19AC0DAA2146E0
:105FC0002046FEF70BFB054600287FF470AE10AAB2
:105FD00049464846FEF702FB05460028CBD066E658
:105FE0006FF00F0563E6FEF7F9FA054600287FF427
:105FF0005EAE31462046FEF7B3F9034632462146EF
:10600000002B2046EFDA4046FDF710FE05464EE62F
:1060100070B5164688B001240D4605A90294D0E952
:10602000012302A803920022049301AB019207937B
:10603000CDE90544FEF794F9F0B105A902A8019451
:10604000FEF78EF9C0B1022305A902A80193FEF75D
:1060500087F910B9002008B070BD02A8FFF79AF8C0
:1060600018B10128F6D008B070BD3246294602A802
:10607000FFF79AFA08B070BD6FF00D00EBE700BFB4
:106080002DE9F04F2DED028B8DB00F4603390392B1
:1060900040F6FD72DDF860B0914200F2E68017F044
:1060A0001F021E464FF00001054618BF0122DFF80F
:1060B000C091029702EB571253014FEA82080193F5
:1060C000C7EB4213A8F1040A08EE103ACDE9071114
:1060D000012106915B46324641462846FFF742FAC7
:1060E000B8B9AC6854F80A304B45F3D9DDE9013250
:1060F0009A4215D323685A46039F314643F0010C58
:106100002846C4F800C0A7B9FFF782FF10F10E0FB0
:10611000E0D0044620460DB0BDEC028BBDE8F08F08
:1061200018EE101A2846FEF70FF80028F1D1AC68D7
:10613000E0E743F00302294604A822600322FEF7A9
:10614000FDFE04460028E5D1049A002A67D0012A02
:106150007CD0294606A8FDF769FD044600284DD1EC
:10616000079900296AD0089F07EB810151F8042D97
:1061700044EA5204B9420C604FEAC274F6D14FF0BF
:106180000C0901270DF114081CE014F10E0F35D194
:1061900009AA29462846CDF81490CDF82C80CDE9DF
:1061A0000977FEF7F3F906A9044609AA062308466B
:1061B00024BB0593CDF82C80CDE90977FEF7E6F9ED
:1061C0000446D8B92846FEF7E5FF04460028DCD18E
:1061D00006A8FEF7DFFF04460028D6D15A4631460E
:1061E0002846FFF7E1F904460028CED15A46314649
:1061F00006A8FFF7D9F904460028C6D10898002858
:1062000088D00799019089000BF046FE01981BF099
:10621000D3FF20460DB0BDEC028BBDE8F08F082205
:10622000284605920122CDE9092205AA0B9209AA66
:10623000FEF7ACF9044600288BD06BE7014606A8B0
:10624000FDF7DCFD04460028D8D198E70420CDE90D
:10625000092205AA059028460B9209AAFEF796F98D
:10626000044600283FF475AF54E76FF0030451E78C
:1062700033F304B52DE9F041002398B00121A54A7C
:10628000054603A8039104931793CDE90531CDE9A1
:106290000913CDE90B31CDE90F13CDE91131CDE96A
:1062A00015131021CDE90733CDE90D33CDE91333B3
:1062B000FEF7BAFA044600286BD0002D40F0238187
:1062C000059830B1049989000BF0E6FD05981BF0A4
:1062D00073FF0023012208980593CDE9032330B111
:1062E000079989000BF0D8FD08981BF065FF002383
:1062F00001220B980893CDE9062330B10A99890051
:106300000BF0CAFD0B981BF057FF002301220E98DB
:106310000B93CDE9092330B10D9989000BF0BCFD39
:106320000E981BF049FF0023012211980E93CDE92E
:106330000C2330B1109989000BF0AEFD11981BF0C1
:106340003BFF0023012214981193CDE90F2330B1B4
:10635000139989000BF0A0FD14981BF02DFF00236A
:10636000012217981493CDE9122330B116998900B0
:106370000BF092FD17981BF01FFF002301221793CB
:10638000CDE91523002D40F0B680204618B0BDE8B9
:10639000F081614A102106A8FEF746FA044600285B
:1063A0008BD15E4A102109A8FEF73EFA0446002868
:1063B00083D109AA03A90CA8FEF7AAF9044600286C
:1063C0007FF47BAF564A102112A8FEF72DFA04463F
:1063D00000287FF472AF002D40F0B28012A90CA803
:1063E000FDF7BEFF002840F01A810FAE09AB03AAEB
:1063F0000CA83146FEF704FB002840F08980494A8A
:10640000102112A8FEF710FA002840F0818015AC88
:10641000454A10212046FEF707FA002840F0068181
:1064200012A90CA8FDF79CFF002840F0F880214637
:106430003046FDF795FF002840F0F180009006AA55
:1064400009AB03A90CA8FEF7D9FE002860D1374A92
:10645000102112A8FEF7E8F9002859D112A90CA8BA
:10646000FDF77EFF002840F0DA8009AA03A90CA8F6
:10647000FFF764FB00284BD12D4A102112A8FEF72C
:10648000D3F9002844D112A90CA8FDF769FF002810
:1064900040F0C580274F4FF0000839680CA8FDF781
:1064A000ADFC04463046002C7FF407AF7968FDF759
:1064B000A5FC044632460CA903A8002C7FF4FDAECF
:1064C000FFF706FA044603A8002C7FF4F6AEB9687D
:1064D0000C37FDF797FF0446002840F0A98008F12B
:1064E0000108B8F1030FD8D1002D3FF4E9AE1248EE
:1064F0001BF03AFEE4E60A201BF00EFE204618B020
:10650000BDE8F081044621460C481BF025FED7E685
:106510000446D5E694120020181300209C13002096
:10652000001400205016002090160020F0150020C6
:106530008C150020A84B0260A011002044150020FB
:106540003F481BF009FE12A90CA8FDF709FF00281F
:1065500067D10FAE3B481BF007FE09AB03AA3146DB
:106560000CA8FEF74DFA0028CCD1374A102112A80A
:10657000FEF75AF90028C5D115AC344A102120463F
:10658000FEF752F9002851D131481BF0E5FD12A960
:106590000CA8FDF7E5FE002843D121463046FDF763
:1065A000DFFE044600283CD126481BF0DDFD06AA8C
:1065B00009AB03A90CA80094FEF720FE0028A1D186
:1065C000244A102112A8FEF72FF900289AD1224858
:1065D0001BF0C2FD12A90CA8FDF7C2FE08BB1948AA
:1065E0001BF0C2FD09AA03A90CA8FFF7A7FA00280F
:1065F00088D11A4A102112A8FEF716F9002881D175
:1066000017481BF0A9FD12A90CA8FDF7A9FE40B977
:106610000C481BF0A9FD13481BF09EFD3AE701242E
:106620004EE6114801241BF09FFD6CE7044644E64A
:10663000002DF4D041460D4801241BF08DFD62E78A
:10664000E0140020A0110020501600209016002019
:10665000FC140020F0150020741600208C1500207A
:10666000181500206C150020F011002034150020B2
:106670000368406830B50D684968204C6B4080EA7B
:10668000010C116804EB1C6090F8005304EB1360DC
:1066900090F800E154FA83F090F8000240EA0E60AE
:1066A000C3F3074EC3F30723A644E35C9EF800E35D
:1066B00040EA0E40CCF3072E40EA032054FA8CF354
:1066C000CCF3074CA64493F8003114F80C4043EA8D
:1066D000056343EA04439EF8004243EA042380EA48
:1066E000336083EA304380EA33204B40516883EAC9
:1066F00030234140C2E9003130BD00BFCC4B0260C5
:106700004FF48A7200211BF00BBD00BF18B14FF48B
:106710008A710BF0C1BB70472DE9F04FCBB000F18F
:10672000040B1546064603900C46019200214022B8
:1067300016A81BF0F5FC4FF48872002158461BF098
:10674000EFFCC02D0AD0B5F5807F07D0802D00F07A
:1067500011826FF023004BB0BDE8F08F019B214602
:10676000039C16A8DA084FF0040308BF0122236037
:106770001BF0EEFC019B9DF85840C02B9DF8596022
:106780009DF85A709DF85B5009D10DF167030DF12A
:106790006F0113F8012FD2438B421A72F9D10123F2
:1067A00002932C2309938B23CDF814B021494FF089
:1067B000900A04930AA84FF0CC093B224FF07F08BF
:1067C0004FF0660E9E234FF0A00C4FF08B0B0EE0A7
:1067D00091F808C008314B7891F802E091F80380F5
:1067E0000A7991F8059091F806A091F807B01B047A
:1067F00008304FEA094943EA0C6349EA026243EA76
:10680000080342EA0B0243EA0E2342EA0A2240E965
:106810000232094B9942DBD14022002126A8DDF843
:1068200014B00DF194081BF07BFC394617AB2DAA70
:1068300037460BE0CC4F0260F44F026013F8044C73
:1068400013F8015C13F8037C13F8021C3F040433B3
:1068500047EA04673D4345EA012148F8041F904593
:10686000ECD12A9A0AA9269B2EA85340279A2E9348
:106870002B9B5340289A2F932C9B53402D9A309357
:10688000299B534030AA3193FFF7F2FE0CA92EAAA0
:1068900030A8FFF7EDFE31A958F8043F58F8202C36
:1068A000884583EA0203C8F80030F5D10EA92EA866
:1068B00030AAFFF7DDFE2EAA30A810A9FFF7D8FEF8
:1068C000019B802B2E9B00F06A811A4604932A9B21
:1068D00012A932A8534032932F9B1A4605932B9B43
:1068E00053403393309B1A4606932C9B534034936A
:1068F000319B1A4607932D9B534034AA3593FFF7DB
:10690000B7FE32AA34A814A9FFF7B2FE269B36AF11
:10691000DFF8A09236933A46279B3793289B38930B
:10692000299B3993029B4FEA031A09EB03160F23A5
:1069300003F01F0116F8010B0F33C1F12004B8B1A9
:10694000DDE93605E540884068401061DDE937053E
:10695000E540884068405061DDE93805E540884001
:10696000684090613998369D8840E5406840D06124
:106970004B2B02F11002DBD1029ADFF83C8202EBD2
:1069800082034FEA031E93003A460EF1FF3008934C
:1069900007F15003404410F9011F4D1C02D0146848
:1069A0004BF8214004329A42F5D1019A802A41D015
:1069B0000AF1030239461E4609EB020C2A9A369266
:1069C0002B9A37922C9A38922D9A39920F2202F0F4
:1069D0001F031CF8014F0F32C3F12000BCB1369CDD
:1069E000379D9C40C5406C400C61379C389D9C4055
:1069F000C5406C404C61389C399D9C40C5406C4002
:106A00008C61399C9C40369BC3405C40CC614B2AD6
:106A100001F11001DBD10EF1130033463A46404438
:106A200010F9011F4C1C02D014684BF821400432AD
:106A30009A42F5D1049A39461E463692059A379203
:106A4000069A3892079A39920AF1070209EB020C6A
:106A50000F2202F01F031CF8010F0F32C3F12004B4
:106A6000B8B1DDE93605E540984068400861DDE9E8
:106A70003705E540984068404861DDE93805E54064
:106A80009840684088613998369D9840E540684054
:106A9000C8614B2A01F11001DBD10EF1270033460A
:106AA0003A46404410F9011F4E1C02D014684BF8BE
:106AB000214004329A42F5D1019A802A3ED0329A7E
:106AC0000AF10B0A3946369209EB0A0C339A3792CF
:106AD000349A3892359A39920F2202F01F001CF82E
:106AE000015F0F32C0F12004BDB1369D379E854055
:106AF000E64075400D61379D389E8540E640754003
:106B00004D61389D399E8540E64075408D61399DC7
:106B100085403698E0404540CD614B2A01F1100197
:106B2000DBD10EF13B0EF04418F9012F551C02D0B9
:106B300039684BF8221004379F42F5D10998029B1F
:106B400001300399089A1A4401EB8003184918464A
:106B500001EB82015030013911F9012F541C02D090
:106B60005BF822201A6004339842F5D100204BB024
:106B7000BDE8F08F032316AD3360E36820686168D9
:106B8000A2680FC500239DF858409DF859600293F4
:106B900020239DF85A709DF85B50099303E60493F7
:106BA0002F9B0593309B0693319B0793AEE600BF66
:106BB000BC500260FC4F02601C50026070B5C6B051
:106BC00016460D464FF48A720021044601A81BF0B8
:106BD000A7FA3246294601A8FFF79EFD064600287F
:106BE0003ED1019B02A804F1140E04F11C02A3F192
:106BF000040C2360BCFA8CFC4FEA5C1C4FEACC0C02
:106C00000CF118050CF1160100EBC50350F8350026
:106C100060605868A0609868E060D8682061A3F15F
:106C20000800103B08320139D3E90254A3F10803EC
:106C300042E90454F6D1CCF100030CF1150C00EB41
:106C4000C3030EEBCC0253F8B81CA83B916053F879
:106C50000C1CD16053F8081C53F8043CC2E904131F
:106C600001A84FF48A710BF017F9304646B070BD99
:106C70002DE9F04314681F46516885B0456824BA71
:106C8000936809BA6C408568D2681BBA6940C568C8
:106C900012BAD0F800906B40056900946A400191E7
:106CA00000F1140502930392B9F1000F4CD02C4669
:106CB000C8462146684602AA08F1FF38FFF7D8FC0B
:106CC0006A4604F1080102A8FFF7D2FC02AA04F107
:106CD00010016846FFF7CCFC6A4604F1180102A8CF
:106CE000FFF7C6FC02AA04F120016846FFF7C0FCCA
:106CF0006A4604F1280102A8FFF7BAFCB8F1000FB8
:106D00001AD0009B216BDDF80CC0019E1940E26B8C
:106D100086EAF171029E4CEA0202D4E90D0E72403D
:106D20004034084302EA0E0E4340CDE901128CEADA
:106D3000FE7200930392BCE705EB8916009C019953
:106D4000A6F11005DDE90232286843406868424038
:106D5000A8684440E868FB704140180EFA7138702A
:106D6000180C1B0AFC727870080EBB70130E387377
:106D700000203B71130C120AF9737B71230EBA7158
:106D8000220A3B72230CBA720A0C7B720B0A7A73CA
:106D9000BB7305B0BDE8F0832DE9F047140784B05C
:106DA000DDE90C8A67D106460C461D46A1BB7AB3C5
:106DB0000AF10F0A5F1E02EB0A09D8F80000EC4640
:106DC000D8F80410D8F80820D8F80C30ACE80F0038
:106DD000AAF10F03424600213046FFF749FFAAF10E
:106DE00010023B4612F8011F13F8010F924581EA89
:106DF00000011170F6D1EC460AF1100A08F11008F2
:106E0000D145BCE80F0028606960AA60EB60D4D16E
:106E1000002004B0BDE8F087002AF9D008F10F087F
:106E20005F1E02EB0809A8F1100339460AF1FF3290
:106E300013F801CF11F8010F43458CEA000C02F85A
:106E400001CFF5D108F1100853465246214630468D
:106E50000AF1100AFFF70CFF5AF8100C5AF80C1C34
:106E6000C1455AF8082C5AF8043C28606960AA60A9
:106E7000EB60D8D1CCE76FF02500CAE72DE9F047E9
:106E80000A9F9A4681461C68DDE90865A1B172B186
:106E900005EB020854B3325D631C15F8011B4A4030
:106EA000454507F8012B325503F00F04F2D10020BD
:106EB000CAF80040BDE8F087002AF8D005EB0208C8
:106EC0006CB1335D611C15F8012B5340454507F843
:106ED000013B325501F00F04E9D0002CF1D13346CB
:106EE000324601214846FFF7C3FEEAE73346324601
:106EF00001214846FFF7BCFECDE700BF2DE9F84F62
:106F00000C9E91461468DDE90AB581B182461F46A0
:106F100005EB010884B11BF80430013415F8012B8E
:106F200004F00F045340A84506F8013BF2D10020BD
:106F3000C9F80040BDE8F88F5B463A46012150464B
:106F4000FFF796FE07F1100313F8011D0131C9B2D6
:106F500019700029DFD19F42F6D1DCE72DE9F04F0F
:106F60002DED028BFBB00346202200210DF1740BA6
:106F700004930DF124080DAC584625AE1BF0D0F853
:106F800000239A464FEA6A03049A0AF001079D1CFF
:106F9000002A40F046814FEA8519BA49EA0001EB20
:106FA0008315C03101EB4313059301F16003CDE973
:106FB000063A92465246294658461BF0C9F84A46B8
:106FC000594617BB35A8FFF7F9FD059B0FCB88E89D
:106FD0000F00069B0FCB84E80F003346424639462C
:106FE00035A8FFF745FE326823689A4219D0049B02
:106FF000002B40F02481012308EE103A18EE100A0D
:107000007BB0BDEC028BBDE8F08F35A8FFF784FBA9
:10701000069B0FCB88E80F00059B0FCB84E80F0081
:10702000DBE7269A0E9B9A42E1D1279A0F9B9A4260
:10703000DDD1289A109B9A42D9D1069A2035059B1A
:107040001032914910339142069205934FF000039C
:10705000B0D10593049BDDF81CA0002B40F00B8100
:107060000AF1010ABAF1060F8CD1049B002B40F003
:107070005E810DF14409059B5D1003F0010A049B3C
:10708000002B40F01D81AB1C9F0106937F4B0FCB63
:1070900088E80F007D4B0FCB84E80F00069B584615
:1070A000DA00794B03EB45111BF052F83A4659468A
:1070B00035A8BAF1000F40F0E280FFF77FFD744B76
:1070C00005EB4505002703EB05152B4655469A466B
:1070D000704B0AEB070C03EB070E002D40F0BC8051
:1070E00098E80F0089E80F009CE80F0088E80F007F
:1070F0009EE80F0084E80F004B461022294635A871
:10710000CDE90086FFF748FE326823689A427FF493
:107110006EAF269A0E9B9A427FF469AF279A0F9B17
:107120009A427FF464AF289A109B9A427FF45FAF33
:1071300010370023302FCBD108EE103A049B002BE0
:1071400040F0F180059B0133062B059393D1049BFE
:10715000002B40F0F0800023DFF85CA115ADDFF8D4
:107160005C811F46049B7C1007F0010940460137F3
:107170003BB14949494BB9F1000F18BF19461AF004
:10718000EBFF0AEB0413464A03F5EF6302EB041C22
:10719000002208920FCB85E80F009CE80F008BE8D7
:1071A0000F005946802235A8FFF7B6FA0AEB840390
:1071B00004EB4401D3F8D847B9F1000F40F08E80BA
:1071C000384B4FEA01192246304603EB01111AF001
:1071D000BFFF19AB214608AA009335A82B46CDE97D
:1071E0000166FFF78BFE304B2246304603EB090168
:1071F0001AF0C6FF00287FF4FAAE049B002B40F083
:107200008E80062FAED1049B002B40F09880049B0B
:1072100008EE103A18EE100A7BB0BDEC028BBDE808
:10722000F08F05934FEA85191C4B1B4A49461F48AE
:10723000002F18BF1A461AF08FFF059BADE60123F9
:107240001B4808EE103A1AF08FFF18EE100A7BB0B8
:10725000BDEC028BBDE8F08F94E80F000AEB070C41
:1072600089E80F009EE80F0088E80F009CE80F00F7
:1072700084E80F0040E70F481AF076FFF0E6FFF7CA
:107280004BFA1CE7E4500260245202600404002020
:107290008452026014530260781100207C11002097
:1072A00074530260B053026040540260F016002034
:1072B000F0110020A0110020CC4B02602817002004
:1072C000AB1C2149214A9F012148BAF1000F18BF88
:1072D0000A46069339461AF03FFFD7E61D4B4FEAA0
:1072E00001192246304603EB01111AF031FF19ABA8
:1072F000214608AA009335A82B46CDE90166FFF781
:10730000FDFD154B2246304603EB09011AF038FF0C
:1073100000287FF46CAE049B002B3FF472AF0F4843
:107320001AF022FF6DE70D481AF01EFF0AE70A2047
:107330001AF0F2FE9DE60A201AF0EEFE0BE70A2094
:107340001AF0EAFE5AE600BF7C11002078110020F6
:107350000C17002040540260B0530260A0110020BE
:107360002DE9F04F2DED028B97B008EE103A289BD7
:10737000022BDDE9254500F09581102B00F292816A
:10738000289BDB0700F18E81229B073B062B00F236
:107390008981249BB3F57F4F00F28481229B8B4629
:1073A0009246289ADBB28046023A0DF12900C3F1D9
:1073B0000E01C3F10F0352080DF12809DBB2CFB261
:1073C00018EE101A0593249B03971E1E18BF012662
:1073D00047EA861646EAC206229AF6B28DF8286077
:1073E0001AF0B6FE0DF137030EAAD91B534602F868
:1073F000013D8A424FEA1323F9D1002B40F052811C
:1074000012AF0AA90EAACDE90E33CDE9103302E07E
:10741000137811F8016F734002F8013BBA42F7D1BB
:1074200009AB1022404600930EAB194600F000FD58
:10743000034600287CD1249A002A7FD1039B18EEB2
:10744000101A229A0DF149008DF848301AF080FE8A
:10745000229B0021059A581C38441AF061FE012332
:107460008DF85730BAF1000F3AD00DF14709564662
:10747000102E28BF1026BBF1000F00F0C78009AB0B
:1074800010223946404600930AAB00F0D1FC034677
:1074900000284DD103F1580201336A44DBB212F8DF
:1074A000301CB342225C82EA01022A541846F1D30E
:1074B000BBF1010F00F0D2800DF15702039B354460
:1074C0003444AAEB060AD11A13780133DBB21370E5
:1074D0001BB9914202F1FF32F6D1BAF1000FC6D1C9
:1074E000039B0021059AC3F10F0038441AF018FEDF
:1074F00009AB39464046009310220AAB00F098FCD5
:107500000346A8B90DF137020DF127000DF147052B
:1075100012F8011F10F8014F954281EA0401117021
:10752000F6D1289A0EA9279803931AF011FE039B0F
:10753000184617B0BDEC028BBDE8F08F249A0DF110
:107540004706249B0E2A23995BBA28BF0E22CDE959
:107550000A00CDE90C000DF12A00ADF828300492A4
:107560001AF0F6FD249B0DF13701C3F3072301E068
:1075700019F8013F11F8012F5340B1420B70F7D1B8
:1075800009AB1022404600930EAB194600F050FCA8
:1075900003460028CCD12499049A891A3FF44EAFAF
:1075A0002398CDF818B00244CDF81CA08A46049365
:1075B0009346BAF1100FD146049B594628BF4FF0AD
:1075C00010090AA84A46CDE90A33CDE90C331AF06E
:1075D000BFFD0DF127010DF1370313F8012F11F84D
:1075E000010FB34282EA00021A70F6D109AB1022F1
:1075F000404600930EAB194600F01AFC38BBBAEBBC
:10760000090ACB44D5D1DDE906BA17E7214632464F
:107610000AA8CDE90ABBCDE90CBB1AF099FD0DF122
:1076200037030DF1270113F8012F11F8010F9945C8
:1076300082EA00021A70F6D109AB1022404600938C
:107640000EAB194600F0F4FB00283FF418AF0346D8
:10765000184617B0BDEC028BBDE8F08F0023294619
:1076600032460AA8CDE90A33CDE90C331AF070FD91
:107670000DF137030DF1270113F8012F11F8010F58
:107680004B4582EA00021A70F6D109AB102240463F
:1076900000930EAB194600F0CBFB00283FF40CAF73
:1076A0000346D5E76FF00C0342E700BF40220021FC
:1076B0001AF036BD2DE9F04105461746084601226D
:1076C00019461E4600F0A0FAA8B143690446102BE3
:1076D00011D1284600F0B8FA2146284600F0C4FA35
:1076E00008B1BDE8F0813246394628460123BDE89D
:1076F000F04100F0E5BA6FF00C00F2E710B5044677
:1077000000F0A2FA40212046BDE810400AF0C4BBB8
:1077100030B589B0119D9DB106951C46109D13464C
:107720000A46002105950F9D04950E9D03950D9D1C
:1077300002950C9DCDE90045FFF712FE09B030BD62
:107740006FF00C00FAE700BF10B588B000930A9BF9
:107750000F9C01930B9B069402930C9B03930D9B30
:10776000049313460A460E9905910021FFF7F8FD90
:1077700008B010BDF0B58DB00E460093129B159F5A
:107780000193139B179C0293149B04970393134636
:1077900008AA0694169D05920A460121FFF7E0FD0E
:1077A00098B994B10346024603F13001013315F84C
:1077B00002C06944DBB211F8102CA3428CEA020C1F
:1077C0001A4640EA0C00EFD308B90DB0F0BD3846B8
:1077D00031460AF061FB6FF00E00F6E7F0B50A9C47
:1077E000DDE908CE1CB1BDE8F040FFF7C3BF6FF084
:1077F0000C00F0BD2DE9F04FA9B0402200218046D9
:1078000018A81AF08DFC8023544A022118A8FFF70B
:1078100051FF002840F08280514C4FF0010910AE1A
:10782000C24604F1600304F19C0B0A940B9304F12B
:107830006C030C9304F178030D9304F184030E930D
:1078400004F1B4030F93BAF1000F5ED10E9C09F15D
:1078500001090B9B002154F8047B18A853F8045B22
:107860000E940C9C2A46099706EB050C54F8048BE1
:107870000B930C940D9C3B4B54F8047B0D94099C8A
:10788000002C5AD00297CDE905C40F9CCDE903B670
:10789000CDE90084FFF764FD00284ED13046DDE9D4
:1078A0000931EA181AF06CFC002846D10A9918A888
:1078B0000F9A099B00924A19059343460492019737
:1078C000284ACDE9021620310A912946FFF752FFD6
:1078D00098BB2A46594630461AF052FC054660BB12
:1078E000BAF1000F16D1B9F1040FACD118A800F00D
:1078F000ABF9402118A80AF0CFFABAF1000F15D160
:107900005546284629B0BDE8F08F494616481AF07A
:1079100023FC9BE715481AF027FCE4E7B8F1000FB9
:1079200013D10125284629B0BDE8F08F0A201AF0AE
:10793000F3FB284629B0BDE8F08FBAF1000FF0D074
:107940000B4801251AF010FCDBE7012509481AF065
:1079500003FC284629B0BDE8F08F00BFD054026078
:10796000E05402607055026058170020A0110020FA
:10797000F011002044170020891A0ED0002300B512
:107980009C465FFA81FE01338444DBB20CF802E0CE
:107990008B429C46F7D35DF804FB704748B342B373
:1079A00030B5451815F801ECBEFA8EFCA1EB0E04BB
:1079B0004FEA5C1C14608E4588BF4CF0010C91B1FD
:1079C000024612F8011B131A81EA0E01013B9C4288
:1079D0008CBF00230123954213FB01F34CEA030300
:1079E0005FFA83FCEDD1BCF1000F034808BF002013
:1079F00030BD0248704700BF009EFFFF009FFFFFA1
:107A0000891A8023012983540ED9012300B59C468D
:107A10004FF0000E01338444DBB20CF802E08B42DD
:107A20009C46F7D35DF804FB704700BF38B370B5D0
:107A3000B2FA82F4640902B31460E1B1084480250B
:107A4000A64610F8013D01392E46003B18BF012320
:107A500023EA0E0C43EA0E0E01FB0CF31C431460E8
:107A6000037813FB0CF3DBB25D400029E9D1B3428C
:107A700001D1084670BD034870BD034870BD02487F
:107A8000704700BF009EFFFF009FFFFF10B5A1EBF6
:107A9000020EBEF1010F0BD90123013A00249C46CE
:107AA00001338444DBB20CF8024073459C46F7D3A3
:107AB000084400F801EC10BD30B32AB310B54C1ED9
:107AC000035DB3FA83FC4FEA5C1C8B4288BF4CF029
:107AD000010CC91A11608CB10444024612F801EB82
:107AE000131A013B99428CBF00230123A24213FBCE
:107AF0000EF34CEA03035FFA83FCEFD1BCF1000FF5
:107B0000024808BF002010BD01487047009EFFFFDB
:107B1000009FFFFF8A42134604D28A1A18440021AC
:107B20001AF0FEBA704700BFF0B130B5B2FA82F475
:107B30006409BAB1146099B10844A64610F801CDA1
:107B4000BCF1000C18BF4FF0010C2CEA0E034CEAFC
:107B50000E0E01FB03F3013944EA03041460EDD176
:107B6000002030BD014830BD00487047009FFFFF36
:107B700028B1B2FA82F040090AB111607047014899
:107B8000704700BF009FFFFF094803686BB9094AAF
:107B9000094913782BB141F8043B12F8083F002B38
:107BA000F9D1002201230A6003600348704700BF37
:107BB000F8C70020409E0260D8C4002070B5064679
:107BC00060B1074C05E0A868314608341AF0BCFAE9
:107BD00010B16568002DF6D1284670BD0546FBE75B
:107BE000409E0260074B5A684AB1083302E053F8DE
:107BF000042C22B113F8081C08338142F7D1104637
:107C0000704700BF409E026010B50C4C636893B192
:107C1000A44602E0DCF804306BB19C690CF1080C5E
:107C200094F800E08645F5D15C688C42F2D193F877
:107C300001E09645EED1184610BD00BF409E02609F
:107C4000402200211AF06CBA68B110B50446C06B2E
:107C500018B123689B691B6A984720464021BDE8FC
:107C600010400AF019B97047F9B170B5B0FA80F652
:107C70000446760998B10D46402231461AF050FA72
:107C8000AB69DB699847E06368B125606B78022BCC
:107C900007D1074A3046074BC4E9032370BD0648A5
:107CA00070BD304670BD054870BD0348704700BFC9
:107CB000797900609D790060009FFFFF809EFFFF43
:107CC00010B330B40468ACB12569AD070FD5012BF2
:107CD0004260037206D094F801C0ACF1030CBCF111
:107CE000020F0AD8A369C06B5B6930BC184765688E
:107CF0009542ECD0054830BC7047002BFAD1A369FF
:107D0000C06B9B6930BC184700487047009FFFFF5D
:107D1000034640B302685278022A24D1042924D8A9
:107D2000DFE801F0090F151B03000022104910467F
:107D3000C3E9032170470F4900200F4AC3E903122A
:107D400070470E4900200E4AC3E9031270470D49DF
:107D500000200D4AC3E9031270470C4900200C4A69
:107D6000C3E9031270470B4870470B48704700BFC8
:107D7000717B0060797900609D790060017A006014
:107D80002D7A00608D7A0060B97A0060157B006002
:107D9000297B0060009FFFFF809FFFFFD0B138B5B7
:107DA0000368044693B189B1102A11D81869C00735
:107DB0000AD4DD68AA4209D32A4604F128001AF041
:107DC000C7F90020A56338BD1546F5E7024838BD60
:107DD000024838BD00487047009FFFFF809FFFFFAB
:107DE000034628B102681AB1002210465A62704751
:107DF00000487047009FFFFFA8B103689BB15B7804
:107E0000062B01D00020704710B5144682B0836B5A
:107E100000F12802CDE9001490F90810C06B05F0BC
:107E200085FC02B010BD0148704700BF009FFFFFF6
:107E30002DE9F04F87B0DDF840800593002800F071
:107E40008C80154604460268B8F1000F00F085806A
:107E50000E46B2FA82F14909002A7ED0C8F8001015
:107E60005178D2F81490012924D0062900F0A2807C
:107E7000B9F1000F00F0E380059B9E4265D0022916
:107E800028D003296BD0052940F0D580059B2946D1
:107E90009269CDE9016304F11403009304F128030E
:107EA000166904F12402E06BB047002868D007B0DF
:107EB000BDE8F08F4D4540F0C08090693246C8F86B
:107EC0000050456894F90810E06BAC4607B0BDE877
:107ED000F04F604794F90830002B56D0012BD4F8AE
:107EE00024A003D1A9EB0A03AB4257D8BAF1000F83
:107EF0006CD1002D68D0B5FBF9FA09FB1A5ABAF11A
:107F0000000F00F08D80A5EB0A05524604F1140025
:107F100071191AF01DF9636A53446362002D53D03E
:107F200094F908102368059A9B69CDE900622A46F6
:107F30009E68E06B04F12803B0470028B7D1D8F859
:107F400000302B44C8F80030B1E7436A2BB9B5FBC9
:107F5000F9F309FB1353002B91D03A48A7E7059B8F
:107F60009269CDE9016304F12803009304F124032D
:107F7000D6682A4694F90810E06BB047002896D1DD
:107F8000C8F8005007B0BDE8F08FE368D4F824A02B
:107F9000002BA7D0A9EB0A03AB42A7D30AF1140028
:107FA0002A46314620441AF0D3F8636A00202B4455
:107FB00063627CE7C06B32462946C8F8005007B0C0
:107FC000BDE8F04F05F068BC002070E7A9EB0A0B94
:107FD0000AF1140031465A4620441AF0B9F82146F5
:107FE00004F128034A4651F8140B80690091059961
:107FF00001918168E06B0F4694F90810B84700289A
:108000007FF455AF059BA5EB09055E444B445544F1
:108010000593D8F800304B44C8F80030606268E738
:1080200094F9081000297FF47DAFE368002B3FF43A
:1080300079AFCA4667E7044839E7044837E7044898
:1080400035E700BF009FFFFF809FFFFF809DFFFF80
:10805000809CFFFF00286FD02DE9F041066882B0B8
:108060000446002E64D0B2FA82F315465B09002A5A
:108070005ED013607378DA1E042A1ED9A3F10900BA
:10808000B0FA80F04009C0B93278483A012A11D9D3
:10809000012B3BD0022B49D10F4694F9081001293E
:1080A0000FD07269636A934238D0E26823481A435A
:1080B00008BF002002B0BDE8F081002002B0BDE89A
:1080C000F081E36813B3A16B04F1140801B9F168FE
:1080D000626A40469847266894F908107269B36945
:1080E000CDE900879E6804F12803E06BB0470028C3
:1080F000E0D194F90830A3B92168236901B1496935
:108100002A46384602B0BDE8F0411847636A0B487A
:10811000002B08BF002002B0BDE8F08104F1140874
:10812000DDE7236833B15B692B60C3E70448C1E72F
:108130000448BFE70346F7E702487047809DFFFF0A
:10814000809FFFFF009FFFFFB0B130B405688DB185
:10815000B1FA81F35B0969B190F90840012C09D1AA
:108160006C78062C02D0184630BC7047C06B30BC0F
:1081700005F010BC0148F7E700487047009FFFFF7B
:1081800060B3036853B330B50D4690F9081085B05D
:1081900011BB5B78062B02D0002005B030BD102A41
:1081A000144619D8C06B694605F0F4FB0028F4D1D9
:1081B000002CF1D02A19691E6C46013A11F801CF42
:1081C00014F8013B914283EA0C0340EA0300F5D125
:1081D0000028E1D00248E0E70248DEE701487047A6
:1081E000009DFFFF009FFFFF70B584B004461D4651
:1081F0000A9EFFF7D3FD58B9DCB12368CBB16062AA
:10820000294620460096DDE90823FFF711FE08B154
:1082100004B070BD316803AA099B20461944FFF7DA
:1082200019FF0028F4D13368039A1344336004B073
:1082300070BD0148ECE700BF009FFFFF2DE9F04350
:10824000046816461D46079B94F801C0BCF1060F52
:10825000DDE90824DDE90A79DDE90CE815D0BCF197
:10826000080F0FD1C9F8004008933346CDE909271C
:10827000CDE90BE80A46C06B21460795BDE8F043FF
:10828000FFF746BA0948BDE8F083C9F800400993F2
:108290000B460121CDE90A27CDE90C8E2246C06BA1
:1082A00008950796BDE8F04305F0DEBB809FFFFF11
:1082B00030B51C46036887B08C465B780C99062B5A
:1082C00018D0082B2ED10E9D1346C06B6246296034
:1082D000109D05950F9D04950D9D03950B9D029591
:1082E0000A9DCDE90045FFF779FA10F10F0F16D07E
:1082F00007B030BD0E9D1346C06B624629600D9DD0
:1083000005950B9D0495109D03950F9D02950A9D63
:10831000CDE9004505F0CEFB10F1120FE8D103487E
:1083200007B030BD024807B030BD00BF009DFFFF61
:10833000809FFFFFFAF7ACB8FAF7B4B8F9F798BD29
:10834000F9F718BEF9F7B6BAF9F7A0B98C46134693
:108350000221624605F040B98C461346022162466E
:10836000FFF7A8B9FEF784BCFEF716BDFEF786BD81
:10837000FEF7C4BDFEF722BCFEF7CEB98C4613460D
:108380000521624605F028B98C4613460521624650
:10839000FFF790B911461A4600F0E6B811461A46A2
:1083A00000F03EBA00F0DAB900F06ABC00F054BE4A
:1083B00000F04CBE00F0ACBE00F09ABE00F0FEBE75
:1083C00000F0ECBE10B5044600F090F82046BDE881
:1083D000104019F0F1BE00BF10B5044600F07AF865
:1083E0002046BDE8104019F0E7BE00BF10B50446B6
:1083F000FFF784F92046BDE8104019F0DDBE00BF4C
:1084000010B5044605F092FB2046BDE8104019F077
:10841000D3BE00BF10B50446FEF778F92046BDE88C
:10842000104019F0C9BE00BF10B50446F9F728F98D
:108430002046BDE8104019F0BFBE00BF10B54FF494
:10844000C071012019F0B4FE044608B100F048F8EC
:10845000204610BD10B58021012019F0A9FE044668
:1084600008B100F033F8204610BD00BF10B5402120
:10847000012019F09DFE044608B1FFF717F92046C8
:1084800010BD00BF10B54FF4C471012019F090FE6B
:10849000044608B105F09AF8204610BD10B54FF417
:1084A0008A71012019F084FE044608B1FEF728F90C
:1084B000204610BD10B54FF48C71012019F078FEE4
:1084C000044608B1F9F7D6F8204610BD80220021F5
:1084D00019F026BE10B1802109F0DEBC704700BF44
:1084E0004FF4C072002119F01BBE00BF18B14FF449
:1084F000C07109F0D1BC7047431E0549073013F81D
:10850000012F520883428A5C1A70F8D1704700BF6D
:1085100074A50260431E073010B4084C13F8012FF5
:108520005108615C914205D18342F7D100205DF88A
:10853000044B704701205DF8044B704774A502603E
:1085400070B5084C054604F18006204608222946ED
:10855000083419F015FE18B1B442F6D1002070BDF0
:10856000012070BDF4A502602DE9F04F0B6800F109
:10857000100C496800F1900E1BBA09BA81EA131079
:1085800000F00F30414083EA0010734B81EA104441
:10859000A4B2614080EA044080EA910404F03334DC
:1085A000604081EA840180EA112404F0FF146040F5
:1085B00081EA042180EAF17404F0AA34604084EA7C
:1085C000F1744FEAF0705CF8107C5CF8045C84EAAB
:1085D00007085CE90316C8F305290CF1100C81EAC1
:1085E000341708F03F0103EB8909F44507F03F0A0F
:1085F00003EB8101D9F80093C7F3052B03EB8A0A3B
:10860000D1F8001103EB8B0BDAF800A281EA0A0122
:1086100081EA0901C8F30549C8F3056803EB890934
:1086200003EB8808D9F800A4D8F8009581EA0A017C
:10863000DBF8008681EA0901C7F30549C7F305673E
:1086400003EB890981EA080103EB8707D9F8008762
:10865000D7F8007881EA080181EA070180EA010081
:1086600086EA000685EA3015C6F3052106F03F08C4
:10867000C6F30547C6F3056603EB810105F03F0A23
:1086800003EB8808D1F8001303EB8707D8F80081C3
:1086900003EB8606D7F8009403EB8A0A81EA080107
:1086A000D6F80075C5F30526C5F3054881EA04012F
:1086B000DAF8004203EB8606C5F3056581EA090195
:1086C00003EB8808D6F8006603EB850581EA07010D
:1086D000D8F8007781EA0401D5F8004881EA06015C
:1086E00081EA070184EA01047FF46DAF80EA740136
:1086F00001F0AA3181EA000381EA74014FEA7303B1
:1087000081EA132000F0FF10414083EA002381EA50
:10871000930000F03330414083EA800383EA114044
:1087200080B2434081EA004183EA111000F00F302B
:1087300081EA0011434000200C0ED170D3711470F7
:108740000C0C090A54701C0E9170190C1B0A147140
:1087500051719371BDE8F08F74A5026012F0070F9C
:108760005BD101292DE9F043074683B0994629D012
:1087700022B309F1FF38DDE90A53DC1DAE18286881
:108780006B466968E21F03C329463846FFF7ECFED3
:10879000A4F10802434612F8011F13F8010FA24288
:1087A00081EA00011170F6D16B4608350834B542F4
:1087B00003CBC9F80000C9F80410E0D1002003B0D1
:1087C000BDE8F083002AF9D009F1FF38DDE90A3667
:1087D000DC1DB518A4F108024046711E12F8013FD5
:1087E00010F801CFA24283EA0C0301F8013FF5D152
:1087F0003246314608363846FFF7B6FE083456F89A
:10880000082CAE4256F8043CC9F80020C9F80430E0
:10881000E0D1002003B0BDE8F0836FF03100704775
:108820002DE9F04F83B003464C68019003F1100628
:10883000086824BA03F1900C00BA84EA101303F01C
:108840000F335C4080EA0310A74B84EA104189B2E1
:108850004C4080EA014080EA940101F03331484005
:1088600084EA810480EA142101F0FF11484084EA7F
:10887000012480EAF47101F0AA31484081EAF471E0
:108880004FEAF070884656E9047556E9021488EA02
:10889000070785EA3815103607F03F0E05F03F0947
:1088A000B44503EB8E0E03EB8909DEF800E1D9F83D
:1088B00000928EEA090EC7F3052903EB8909D9F85E
:1088C00000938EEA090EC7F30549C7F3056703EB6A
:1088D000890903EB8707D9F800A4D7F800958EEA39
:1088E0000A07C5F3054E87EA0907C5F30529C5F34D
:1088F000056503EB8E0E03EB890903EB8505D9F8BB
:1089000000A6DEF80097D5F800E887EA0A0585EAB0
:10891000090585EA0E0580EA050081EA000184EA7E
:1089200030144FEA301EC1F3052A01F03F09C1F3AC
:108930000547C1F3056103EB8A0A03EB890903EBE1
:108940008105DAF80013D9F800A103EB870781EA63
:108950000A01D7F80094D5F80075C4F3052581EA1B
:10896000080104F03F0803EB850581EA090103EBE8
:10897000880881EA0701D8F80082D5F80076C4F3A8
:10898000054581EA0801C4F3056403EB850581EA26
:10899000070103EB8404D5F80057D4F8004881EAB6
:1089A000050181EA04087FF46EAF019C414604F59D
:1089B000887901E04FEA301E5CE904465CE9027503
:1089C00044408EEA060E0CF1100C04F03F0B0EF042
:1089D0003F06C4F3052AC4F3054803EB8B0BC4F32D
:1089E000056403EB8606CC45DBF800B103EB8A0A8D
:1089F000D6F8006203EB8808DAF800A303EB8404DE
:108A00008BEA0606D8F800B4CEF30528D4F8004562
:108A100086EA0A06CEF3054A03EB8808CEF3056E14
:108A200086EA0B0603EB8A0AD8F8008603EB8E0E63
:108A300084EA0604DAF80067DEF800E884EA08044D
:108A400084EA060484EA0E0481EA040187EA010745
:108A500085EA31154FEA3118C7F3052E07F03F06B6
:108A6000C7F30544C7F3056703EB860603EB8E0ED9
:108A7000D6F800B103EB8404DEF800E305F03F060E
:108A8000D4F800A403EB87078EEA0B0EC5F3052488
:108A9000D7F8007503EB86068EEA000003EB84042A
:108AA000C5F3054ED6F8006280EA0A00D4F8004605
:108AB00003EB8E0EC5F3056580EA070003EB850521
:108AC000DEF8007780EA0600D5F8005880EA040056
:108AD00080EA070080EA05007FF46CAF019C0E4637
:108AE00004F5C87504E000BF74A502604FEA3618AB
:108AF0005CE904415CE902E7744088EA01080CF192
:108B0000100C04F03F0B08F03F01C4F3052AC4F336
:108B1000054903EB8B0BC4F3056403EB8101AC4502
:108B2000DBF800B103EB8A0AD1F8001203EB8909E4
:108B3000DAF800A303EB84048BEA0101D9F800B44E
:108B4000C8F30529D4F8004581EA0A01C8F3054AAB
:108B500003EB8909C8F3056881EA0B0103EB8A0A74
:108B6000D9F8009603EB880884EA0104DAF80017C4
:108B7000D8F8008884EA090484EA010484EA080435
:108B800080EA040080EA0E0E87EA3017CEF3052152
:108B90000EF03F08CEF30544CEF3056E03EB8101E2
:108BA00007F03F0A03EB8808C7F30529D1F8001343
:108BB00003EB8404D8F8008103EB8E0ED4F8004454
:108BC00003EB8A0A81EA0801DEF800E5C7F30548ED
:108BD00003EB890981EA0601DAF8006203EB8808F1
:108BE000C7F3056781EA0401D9F8004603EB87075C
:108BF00081EA0E01D8F800E781EA0601D7F800689B
:108C000081EA040181EA0E0186EA01067FF46EAF73
:108C100080EA760404F0AA3484EA000384EA760148
:108C20004FEA730381EA132000F0FF10414083EA0A
:108C3000002381EA930000F03330414083EA80034F
:108C400083EA114080B2434081EA004183EA111077
:108C500000F00F3081EA0011434000200C0ED1706B
:108C6000D37114700C0C090A54701C0E9170190CFD
:108C70001B0A14715171937103B0BDE8F08F00BFEE
:108C800012F0070F5BD101292DE9F043074683B0AD
:108C9000994629D022B309F1FF38DDE90A53DC1DDA
:108CA000AE1828686B466968E21F03C32946384638
:108CB000FFF7B6FDA4F10802434612F8011F13F8AE
:108CC000010FA24281EA00011170F6D16B4608350E
:108CD0000834B54203CBC9F80000C9F80410E0D14C
:108CE000002003B0BDE8F083002AF9D009F1FF3875
:108CF000DDE90A36DC1DB518A4F108024046711EF4
:108D000012F8013F10F801CFA24283EA0C0301F8E8
:108D1000013FF5D13246314608363846FFF780FD2F
:108D2000083456F8082CAE4256F8043CC9F8002026
:108D3000C9F80430E0D1002003B0BDE8F0836FF043
:108D4000310070472DE9F04F0B6883B04C688446C2
:108D50001BBA009024BABC484FF0000E83EA1412EC
:108D600002F00F32534084EA021483EA040202F054
:108D7000103253405440C3F34352C3F3431700EB44
:108D80008202D2F8006903F00F0200EB8202D2F8EF
:108D90000059C3F3036200EB8202D2F80019C4F356
:108DA000436241EAC501250F00EB820200EB850515
:108DB000D2F84029D5F8405942EA05125D0F00EB80
:108DC0008505D5F8005941EA0511C4F3430500EBC8
:108DD0008505D5F8405942EAC502C3F3032500EBE7
:108DE0008505D5F8005941EA8501C4F3432500EB18
:108DF0008505D5F8405942EA8502C3F3034500EBE7
:108E00008505D5F8005941EA4501C4F3434500EB17
:108E10008505D5F8405942EA4505C3F3433200EBD6
:108E2000870300EB8202D3F8003941EAC311D2F87C
:108E3000003941EA8311C4F3031300EB830341EAD1
:108E40004611D3F8402921F0704145EAC212C4F31B
:108E50000335C4F3035400EB850500EB8403D5F818
:108E60004009D3F8403942EA801242EA431263468D
:108E7000043322F070420193D4E04FF4014323FA0B
:108E80000EF3DB0700F1D280930E880E43EA8203D3
:108E900040EA810123F0704221F07041CD0302F4D9
:108EA000807C0B010E0705F00057480403F01053B7
:108EB00006F080568C0200F0805005F400353343F4
:108EC00002F40076384367464FEA912C3B43064351
:108ED0008F0304F0006004F480244FEA923907F015
:108EE00000670643880509F4007B3B438F0400F0CC
:108EF000806029F4FE6907F002774FEA52180643B2
:108F000088083B438F0100F0007029F0070907F043
:108F1000807708F02008064348003B434F0200F0EA
:108F200080704FEA095907F400174FEAD21A064336
:108F300008043B434F0800F400104FEA195907F4A6
:108F400080170AF0200A0643C8023B438F0000F452
:108F50008010234307F400340643C80023438C09E0
:108F600000F40020570B04F4802430430CF48036C6
:108F700007F400573343204316090C093B4306F41A
:108F8000805C284304F480349701960843EA0C037C
:108F900007F40067204306F40056150254083B43CB
:108FA000304305F4805504F48064570A28434FEA9F
:108FB000922C234307F48067D60140EA090043EA74
:108FC0000B03D40806F4807638430CF0100C43EA07
:108FD0000803304304F01107950C04F0080443EA39
:108FE0000C03960E05F0040540EA0A0023439400A2
:108FF00038432B4304F0040406F00205C2F3006674
:109000002043540D2B43009D04F0020433432043BE
:1090100045F83E30019B43F83E000EF1010EBEF1D3
:10902000100F0ED0BEF1010F3FF727AFD30EC80EC1
:1090300043EA420340EA410123F0704221F07041CB
:109040002CE703B0BDE8F08F74A5026008B5FFF708
:1090500079FE002008BD00BF38B50446FFF772FE58
:1090600000232246211D956F083A54F8230044F846
:109070002350D2F88450C2F8800051F8230041F800
:1090800023500233C2F88400102BECD1002038BDED
:1090900070B516460C4605461146FFF753FE06F11D
:1090A000080104F18000FFF74DFE28462146A5F196
:1090B000800C2B462246846F0838083A08330C602F
:1090C0000831D0F88440604541F8044CD2F80041A2
:1090D00053F8045C9C6753F8086CD2F80441C3E968
:1090E0003E65DC6751E90254C1E93E54E3D170BDED
:1090F00000B5E1B00A466946FFF7CAFF68464FF47B
:10910000C07108F0C9FE002061B05DF804FB00BF2B
:1091100000B5E1B00A4601466846FFF7B9FF684668
:109120004FF4C07108F0B8FE002061B05DF804FB98
:1091300070B516460D4604461146FFF703FE05F1CD
:10914000800006F10801FFF7FDFD06F1100104F5AE
:109150008070FFF7F7FD29462046A4F180052246DE
:109160000B46D0F878410838083B08320C6085423D
:10917000D0F8844101F1080141F8044CD3F80041D2
:109180009467D3F80441D467D0F88040C1F8F84020
:10919000D0F88440C1F8FC40E3D170BD00B5E1B027
:1091A0000A466946FFF7C4FF68464FF4C07108F0ED
:1091B00073FE002061B05DF804FB00BF00B5E1B0B4
:1091C0000A4601466846FFF7B3FF68464FF4C07190
:1091D00008F062FE002061B05DF804FB2DE9F04F5D
:1091E000ADF5697D80220021824608A802AC18F006
:1091F00097FF00214FF4C07228A80E46DFF810B385
:10920000DFF82C8318F08CFF771006F00109BAF113
:10921000000F0FD07A1C002FB94B4046C2EBC202A0
:109220000CBF20213321B9F1000F08BF5B46D200EB
:1092300018F092FFB34B93E80300731E84E8030019
:10924000042B00F28481DFE803F063574B3F0300F7
:1092500088AD28A8AC4A2946FFF76AFF28464FF494
:10926000C07108F019FE42F2107503E0FFF77CF9B7
:10927000013D09D02246214608A8002FF6D028A893
:10928000FFF7CEFA013DF5D1B9F1000F40F0198199
:109290009E4B53F8372003EBC703216891423CD023
:1092A000BAF1000F40F022814FF0010A08A8802196
:1092B00008F0F2FD28A84FF4C07108F0EDFD50460B
:1092C0000DF5697DBDE8F08F88AD28A98E4A284646
:1092D000FFF72EFF28464FF4C07108F0DDFDC2E70E
:1092E00088AD28A8884A2946FFF7D2FE28464FF4C1
:1092F000C07108F0D1FDB6E788AD28A9824A28469A
:10930000FFF7C6FE28464FF4C07108F0C5FDAAE776
:109310007D4908A8FFF716FDA5E75B6862689A42D9
:10932000BED1BAF1000F40F0E7800136062E7FF47F
:109330006BAFBAF1000F40F001814FF0000B0DF15F
:10934000180804AD4FEA6B07BAF1000F12D0002FD6
:1093500007F101026A4EC2EBC2020CBF2021332189
:109360001BF0010F6A4B4FEAC2026A4818BF33462E
:1093700018F0F2FE684A0BF1FF3392E80300614AED
:1093800088E8030085E8030092E8030084E803000E
:10939000042B00F2D780DFE803F08E8276320300E0
:1093A00088AE28A8584A3146FFF7C2FE4FF4C07174
:1093B000304608F071FD42F2107912E0CDE9004428
:1093C000FFF7CCF9B9F1010995E8030086E803003D
:1093D00094E8030085E8030096E8030084E80300AE
:1093E00071D043460822012108A8002FE6D00121B0
:1093F000082228A8CDE90044FFF742FCE2E788AE46
:1094000028A9414A3046FFF793FE30464FF4C07119
:1094100008F042FD42F2107605E0CDE90044FFF786
:109420009DF9013E0ED043460822394608A8002F78
:10943000F3D00822002128A8CDE90044FFF720FC42
:10944000013EF0D1354B216853F8372003EBC703B9
:1094500091427FF425AF5B6862689A427FF420AF47
:10946000BAF1000F66D10BF1010BBBF1060F7FF4CF
:1094700069AFBAF1000F3FF419AF0A204FF0000AAC
:1094800018F04AFE12E788AE28A81F4A3146FFF7B7
:10949000FFFD4FF4C071304608F0FEFC8BE788AE4C
:1094A00028A9194A3046FFF7F3FD30464FF4C07142
:1094B00008F0F2FCAEE7144908A888AEFFF742FCBA
:1094C00079E7174BE5E6174B95E8030053F837208B
:1094D00003EBC703904284E803007FF4E1AE5B68CE
:1094E0009942BDD0BAF1000F3FF4DEAE0E484FF006
:1094F000010A18F039FED9E60C4818F035FE14E7D9
:109500007C110020241A0020F4AE02600CAF02602F
:10951000781100200C1A0020301A002054AF02608D
:1095200024AF02603CAF0260F0110020A0110020C7
:10953000F4190020084818F017FE94E70A2018F0E4
:10954000EBFDFAE6054908A8FFF786FD62E7034947
:1095500008A8FFF781FD86E6A0110020F4AE0260A6
:1095600038B50B680D46D11A012913DD194631F8BB
:10957000024B64BA521A2960A4B2A2420ADB224604
:10958000FAF7FEFC18B92B6823442B6038BDA0F510
:10959000445038BD004838BD80CFFFFF70B586B05D
:1095A00006460D466846FAF7B7FA03A8FAF7B4FA82
:1095B00002216846FAF722FC044640B16846FAF7F1
:1095C000B3FA03A8FAF7B0FA204606B070BD02223B
:1095D000294603A8FBF764F804460028EED1694643
:1095E0003046FAF7BDFE002805DB03A93046FAF73E
:1095F000B7FE0028E2DD014CE0E700BF80CFFFFFAF
:109600007C22002118F08CBD2DE9F843071D05468A
:10961000884616463846FFF7A3FF044610B1204699
:10962000BDE8F8833246414605F11000FFF798FF88
:1096300004460028F3D105F1340932464146484634
:10964000FFF78EFF04460028E9D139464846FFF768
:10965000A5FF04460028E2D13846FAF78BFC2860C3
:10966000DDE700BF2DE9F04F051D85B006460F462A
:10967000284600219146DDF838A0DDF83CB0029381
:10968000FAF7C0FE00287DD006F11C044FF00C084C
:109690005B46524639462046FBF764FF20B16AE03C
:1096A000FAF752FD002866D129462046FAF758FEFF
:1096B000034601212046002BF2DAB8F101085FD001
:1096C0002946FFF76BFF0028E2D106F14C0306F1B3
:1096D000280806F1100A2246009340462B465146C0
:1096E000FBF78CFD002846D129464046FFF756FF80
:1096F000002842D1284609F1020BFAF73BFC044648
:109700005046FAF737FC07464046FAF733FC034663
:109710002246284659461D46FAF79AFC58BB0BEBE1
:109720000403220A504689F8014003F1020A89F82D
:1097300000203A4603935146FAF78AFCD8B93A0A10
:1097400040460AEB0708039B0BF804202A4608F161
:10975000020B5F705946FAF77BFC60B92A0A0BEBE3
:1097600005030AF80720A3EB0903029A88F80150C1
:109770001360346001E0A0F5465005B0BDE8F08FFD
:109780000148FAE70148F8E780CEFFFF80CFFFFFEE
:10979000002A18BF0029F8B51AD00546C0B1071D28
:1097A00016463846FAF742FA044618B1A4F556545C
:1097B0002046F8BD314605F11000FAF737FA0446A5
:1097C0000028F3D13846FAF7D5FB28602046F8BDCB
:1097D000004CEDE780CFFFFF70B16AB110B50468AF
:1097E000944207D33430FAF7CBFB00B910BDA0F593
:1097F000485010BD014810BD0048704780CFFFFFA2
:109800002DE9F04F85B0DDF838A0DDF83CB00392CB
:1098100000284FD08846B3FA83F11F464909002B30
:1098200048D003680646BB4244D3051D2846FAF7D4
:10983000E9FD00283ED006F11C044FF00C095B4600
:10984000524641462046FBF78DFE18B12BE0FAF751
:109850007BFC40BB29462046FAF782FD03460121E6
:109860002046002BF3DAB9F1010921D02946FFF790
:1098700095FE0028E3D106F14C03224606F12804A8
:1098800006F1100100932B462046FBF7B7FC50B9B8
:1098900029462046FFF782FE38B93A46039920460A
:1098A000FAF7D6FB08B1A0F54A5005B0BDE8F08F35
:1098B0000148FAE70148F8E780CDFFFF80CFFFFFBE
:1098C0002DE9F04F87B0002800F0EB80994603683F
:1098D0000546934200F2E580071D00F1340A8846F0
:1098E00050463946FFF75AFE044618B1204607B0E5
:1098F000BDE8F08F03A8FAF70FF9109B002B00F0DA
:109900009B8005F11C0B05F1700458462146FAF7BF
:1099100027FD002842D105F1580601213046FAF70B
:1099200071FD002840F09D800C243846FAF722FB98
:1099300001463046DDE91023FBF714FE18B124E0A0
:10994000FAF702FC08BB39463046FAF709FD034630
:1099500001213046002BF3DA013C00F0A480FAF735
:1099600051FD0028E1DD05F164043A463146204608
:10997000FCF7E4F848B905F14C035A462146204665
:1099800000933B46FBF73AFCF0B1A0F54C5403A81A
:10999000FAF7CAF8204607B0BDE8F08F20465946CE
:1099A000FAF744F90028F0D105F1580601213046B4
:1099B000FAF724FA0028E8D105F1640401212046D1
:1099C000FAF71CFA0028E0D13246514603A8FAF70C
:1099D0009FFE0028D9D103A93A460846FBF764FA4E
:1099E0000028D2D105F140064C355A463B4603A922
:1099F00030460095FBF702FC0028C6D122463146CE
:109A00003046FAF785FE0028BFD13A463146304647
:109A1000FBF74AFA0028B8D13046FAF7ABFA02460B
:109A200041463046C9F80020FAF712FB04460028E8
:109A3000ADD0A0F54C54AAE7514603A8FAF7F6F8C2
:109A40000028A2D105F14C0205F140063B4603A9CE
:109A50000092304605F11C02FBF7D0FB002894D1A0
:109A6000DAE7324631463046FAF752FE00288CD10A
:109A70003A4631463046FBF717FA002885D105F102
:109A80006404224621462046FAF742FE00287FF46D
:109A90007CAF3A4621462046FBF706FA002893D0D1
:109AA00073E7024C22E7024C71E700BF80CFFFFF53
:109AB000F2CCFFFF10B504467030FAF735F804F128
:109AC0006400FAF731F804F15800FAF72DF804F1C0
:109AD0004C00FAF729F804F14000FAF725F804F1F0
:109AE0003400FAF721F804F12800FAF71DF804F120
:109AF0001C00FAF719F804F11000FAF715F8201D08
:109B0000FAF712F820467C21BDE8104008F0C4B9ED
:109B10002DE9F0418EB006460D4608A8059205F0E5
:109B2000B7FF059991B92946302306AA07A80795DA
:109B3000F8F7DCFF044640B3A4F54E5408A806F03D
:109B400037FADCB920460EB0BDE8F081294411F89F
:109B5000013C002BE8D105AA2D4908A802922D4A04
:109B6000CDE900332B4605F099FF044600283BD091
:109B700010F5845F49D008A806F01AFA3046FFF7BE
:109B800099FF20460EB0BDE8F081DDE90635371DAE
:109B900007A81D443A462946F9F7CCF804460028A0
:109BA000CAD106F11002294607A8F9F7C3F80446FE
:109BB0000028C1D1079BAB421ED00BA8F9F7ACFF20
:109BC0000BAA294607A8F9F7B5F880460BA8F9F7BC
:109BD000ABFFB8F1000F0CD1079BAB420CD008A82B
:109BE0000D4C06F0E5F9C9E7DDE908510591294476
:109BF0009AE7A8F54E54A1E73846FAF7BBF90346B1
:109C000008A8336006F0D4F99CE7059929448BE74E
:109C1000581A00203C1A00201ACCFFFF10B5A0B043
:109C200004467C22002101A818F07AFA6CB9FB22C4
:109C3000144901A8FFF76CFF041E01A818BF0124F6
:109C4000FFF738FF204620B010BD0F4818F084FA07
:109C5000FB220C4901A8FFF75BFF044640B90B4803
:109C600018F082FA01A8FFF725FF204620B010BDAA
:109C70000124074818F078FA01A8FFF71BFF2046D7
:109C800020B010BD6CAF0260781A0020581200207E
:109C9000F011002002F0CABA2DE9F0418CB016464E
:109CA00005461F4603A8884601F04EFA314628466D
:109CB00002F030FA044630B103A801F075FA2046EC
:109CC0000CB0BDE8F081139933463A46284601911D
:109CD0001299009103A901F0BFFE04460028EBD1C0
:109CE00003A801F06FFD28B903A94046F9F79EFFCC
:109CF0000446E1E7004CDFE780B0FFFF4FF49A72C3
:109D0000002118F00DBA00BF08B310B5044601F0E9
:109D10005BFA04F1880001F047FA04F1AC0001F0AD
:109D200043FA04F1E00001F03FFA04F5827001F01B
:109D30003BFA04F17C00F9F7F7FE04F1D000F9F7E3
:109D4000F3FE04F59470BDE81040F9F7EDBE7047DE
:109D5000002835D02DE9F0411E46836D84B00446BD
:109D600063B30B9B00F188080F461546009300F182
:109D70007C010A9B424602F059FA10B104B0BDE8DA
:109D8000F08133462A4602A9204601F041FE002810
:109D9000F4D1029B41462046F61A1D4403AB0196BE
:109DA0000095D4F8DC2001F0EFFD0028E6D1DDE9D4
:109DB000023213443B6004B0BDE8F0810148DDE7A6
:109DC0000048704780B0FFFF70B515460A680C4622
:109DD0000646AA1A01F0F0FD00B170BD23682246C4
:109DE00006F1AC013046EB1ABDE8704001F0B2BD9F
:109DF00070B505460E46144601F05EFA48B9012CCE
:109E000010D0BCB906F1880105F1880001F03CFAD8
:109E100000B170BD06F17C0105F17C00BDE8704029
:109E2000F9F704BF06F1880105F1AC00BDE8704008
:109E300001F02ABA004870BD80B0FFFF2DE9F04163
:109E400082B00F469846DDE90831E0B11646826DD2
:109E50000446C2B100F18805009100F17C012A4658
:109E600002F0E4F910B102B0BDE8F081CDF8248031
:109E70003B46D4F8DC2029462046089602B0BDE8CF
:109E8000F04101F081BD0148EDE700BF80B0FFFF68
:109E900030B583B00C46019168B1014615461346B2
:109EA00001AAAC3101F056FD18B9019B1B1BAB4256
:109EB00001D103B030BD0148FBE700BF80B0FFFF18
:109EC0002DE9F04182B017469846DDE9083220B30B
:109ED00000F1D0050E4604462946CDE9003200F1D6
:109EE0007C0300F1AC02FFF7D7FE10B102B0BDE871
:109EF000F0812846FAF73EF840450ED8A36D394662
:109F0000284613F0070218BF012202EBD302326089
:109F100002B0BDE8F041FAF79BB80148E6E700BFA0
:109F200080B0FFFFF8B5C46D0F46054611460734F3
:109F30003846E4089C4228BF1C462246FAF720F81F
:109F4000064680B9EB6DE100B3EBC40F04D2C91A29
:109F50003846FAF7F9F878B94C3538462946FAF711
:109F6000FFF9002801DA3046F8BD2A46394638465E
:109F7000BDE8F840FAF732BB06463046F8BD00BFF0
:109F80002DE9F04F9A4699B0436DDDF89080DDF8E9
:109F900094900392002B00F0C78005460C46504673
:109FA0000121FAF72FFA0028C0F2BC8005F14C0716
:109FB00050463946FAF7D4F9002880F2B3800FA84A
:109FC00001F0C2F806A8F9F7A7FD0C2309A804932D
:109FD000F9F7A2FD0CA8F9F79FFD0C2602E0FAF7AD
:109FE00011FA38BB43460FAA06A92846CDF80090BF
:109FF00002F01CF903463A460FA9204643B9FAF786
:10A0000053FF034620461BB9013E1946E7D1474B93
:10A010000FA8039301F0C8F806A8F9F785FD09A871
:10A02000F9F782FD0CA8F9F77FFD039B184619B0DC
:10A03000BDE8F08FDDE9222309A92846FFF772FF6A
:10A0400003460028E4D14FF01F0BEE6D4B4642460D
:10A050000CA80736F10826F00706FBF783FA03463B
:10A060000CA8002BD4D1E96D711AFAF76DF8012113
:10A0700003460028CCD1BBF1010B51D00CA8FAF754
:10A08000C1F900283946E0DB0CA8FAF769F9002885
:10A09000DBDA039E524621463046FAF739FB034687
:10A0A0000028B5D109A932460846FAF76FFA0346E7
:10A0B0000028ADD109A90CAA0846FAF729FB0346E6
:10A0C0000028A5D106A90CAA0846FAF721FB0346E9
:10A0D00000289DD13A4606A93046FBF72FFD0346DE
:10A0E000002895D109AA31463046FAF711FB0346FC
:10A0F00000288DD13A4631463046FAF7D5FE034660
:10A10000002885D1049A013A049280D00146059036
:10A110003046FAF777F9059B00283FF45EAF77E702
:10A12000024B83E7024B81E7024B7FE700B3FFFF5F
:10A1300080B3FFFF80B0FFFF2DE9F047B8B00646BF
:10A14000C56D89469DF808019246984604F03AFA92
:10A15000002841D00735074604A8ED08F9F7DCFCD4
:10A160001FA803F06DFF2A4607A94046F9F770FFC4
:10A17000044648B11FA804F0B5F804A8F9F7D4FCC8
:10A18000204638B0BDE8F087DDE9402304A9304619
:10A19000FFF7C8FE04460028ECD107AB2A4604A806
:10A1A0005919F9F755FF04460028E3D11FAC6B009D
:10A1B00007AA39461FA803F099FF0394419C434620
:10A1C0005246494601943046409C0094034C029408
:10A1D000FFF7D6FE0446CDE7014CD1E7D1E200609F
:10A1E00080B0FFFF2DE9F04798B004461D460E46AB
:10A1F0000FA81746DDF8808000F0A6FF03A8F9F746
:10A200008BFC06A8F9F788FC09A8F9F785FC0CA8CF
:10A21000F9F782FC636D002B00F089800121404634
:10A22000FAF7F0F8002807DB04F14C0A40465146E3
:10A23000FAF796F8002814DBDFF8F8900FA800F082
:10A24000B3FF03A8F9F770FC06A8F9F76DFC09A89D
:10A25000F9F76AFC0CA8F9F767FC484618B0BDE8A6
:10A26000F08701212198FAF7CDF80028E4DB514668
:10A270002198FAF775F80028DEDA2946204601F021
:10A2800049FF81460028D9D13B46324603A92046E2
:10A29000FFF748FE81460028D0D15246219906A8F2
:10A2A000FBF74CFC81460028C8D106AA03A909A8DF
:10A2B000FAF72EFA81460028C0D109A9524608466D
:10A2C000FAF7F2FD81460028B8D106AA41460CA84B
:10A2D000FAF71EFA81460028B0D10CA9524608466A
:10A2E000FAF7E2FD81460028A8D10CAB204609AA66
:10A2F0000FA9009304F12803019501F0C3FE8146E4
:10A3000000289BD10FA801F05DFA002894D10FA975
:10A3100052460846FAF7C8FD814600288ED14146CC
:10A320000FA8FAF71DF88146002887D084E7DFF8E8
:10A33000089092E700B2FFFF80B0FFFFF0B5A7B032
:10A340000F46044615461E4605A8F9F7E5FB08A882
:10A35000F9F7E2FB04F17C03204608AA05A9009561
:10A36000CDE90167FFF7E8FE044640B105A8F9F71B
:10A37000DBFB08A8F9F7D8FB204627B0F0BD0DF1AC
:10A38000950308AA0BA904A80493F8F745FE051E37
:10A3900020DB05AA0BA904A8F8F73EFE002818DB6D
:10A3A0002E180BA904A83246F8F79AFD051E11DBFA
:10A3B0000BA904A83022F8F707FE002809DB354472
:10A3C000049905442C982A4617F0C2FE2D9B1D6067
:10A3D000CCE705462C46C9E710B584B000240093AD
:10A3E00013460A46069901919DF81C10CDE90244D6
:10A3F000FFF7A4FF04B010BDF0B58BB004460E46C5
:10A400001746109D04A802931D44F9F785FB07A881
:10A41000F9F782FB302303AA294602A8F8F766FB66
:10A4200050B9DDE9023213449D422BD104AA2946DA
:10A4300002A8F8F77FFC50B1A0F59F4404A8F9F7F3
:10A4400073FB07A8F9F770FB20460BB0F0BD02A81C
:10A4500007AA2946F8F76EFC0028EDD107AB204685
:10A460003A463146019304AB009304F18803FFF7A9
:10A47000B9FE04460028E1D1029A034BAA4218BF54
:10A480001C46DBE7014CD9E700B4FFFF1AB0FFFF21
:10A4900070B582B0044616461D4602F067FF10B143
:10A4A000012002B070BD334604F1880204F17C0142
:10A4B0002046009501F0BAFE003818BF012002B016
:10A4C00070BD00BF70B505460E4600F0F5FE0446AF
:10A4D00038B906F17C0105F17C00F9F7A7FB0446C9
:10A4E00020B1284600F0B8FE204670BD06F1880174
:10A4F00005F1880000F0C8FE04460028F4D0F0E71B
:10A5000000F038BE00F0A8BE4B6E70B50D46044694
:10A51000002B39D00368002B2FDB2046F9F7F4FC21
:10A52000AB6DB0EB430F2DD86B6E204698470646B7
:10A53000F0B9043509E0F9F765FF03462A462146DC
:10A5400020465BB1FAF722F8A0B923680021204623
:10A550008B42F0DB02E0F9F7CFFF58B929462046DD
:10A56000F9F7FEFE03462A462146002B2046F2DA82
:10A57000304670BD0646304670BD0021F9F742FFF7
:10A580000028CAD0034EF3E70A1D0146BDE870401B
:10A59000FAF78ABC80B0FFFF2DE9F0410D4686B086
:10A5A0000646002105F118073846F9F72BFF20B9B8
:10A5B0000446204606B0BDE8F0816846F9F7ACFADB
:10A5C00003A8F9F7A9FA321D39466846FBF7B6FA2F
:10A5D000044630B96A46694603A8FAF799F8044672
:10A5E00048B16846F9F7A0FA03A8F9F79DFA2046A2
:10A5F00006B0BDE8F081314603A8FFF785FF0446A9
:10A600000028EED1DFF8908003AA29462846D8F822
:10A6100000300133C8F80030FAF77AF80446002811
:10A62000DFD131462846FFF76FFF04460028D8D116
:10A63000D8F800300C3503AA013329462846C8F85B
:10A640000030FAF765F804460028CAD1314628469A
:10A65000FFF75AFF04460028C3D1D8F800306A46F5
:10A66000294628460133C8F80030FAF751F8044665
:10A670000028B6D131462846FFF746FF0446002899
:10A68000AFD1D8F80030384601210133C8F8003086
:10A69000F9F7B4FB0446A4E784C5002070B50C4666
:10A6A00084B0054616460C3401A8F9F735FA291D81
:10A6B000224601A8F9F792FF054670B901462046E7
:10A6C000F9F7A0FE034601A92046002B0CBF00228B
:10A6D00006F00102F9F712FB054601A8F9F724FA82
:10A6E000284604B070BD00BF2DE9F047B24C8CB0D5
:10A6F00006460F4623686846154601332360F9F77E
:10A700000BFA03A8F9F708FA06A8F9F705FA09A859
:10A71000F9F702FAB369002B00F0AA812A4629460C
:10A7200003A8F9F7F5FF044678B16846F9F7FCF994
:10A7300003A8F9F7F9F906A8F9F7F6F909A8F9F75E
:10A74000F3F920460CB0BDE8F087314603A8FFF7C7
:10A75000DBFE04460028E8D1DFF86082032203A96B
:10A760006846D8F800300133C8F80030FAF73AF9F3
:10A7700004460028D9D106F1040904E0F9F7BCFE2B
:10A7800004460028D1D149466846F9F7E9FD034659
:10A790004A466946002B6846F0DA06F1100A0021A5
:10A7A0005046F9F72FFE002840F0E08105F10C0A31
:10A7B00006A852465146F9F7ABFF04460028B4D12B
:10A7C000314606A8FFF7A0FE04460028ADD1D8F810
:10A7D0000030012106A80133C8F80030F9F760FC09
:10A7E000044628B1A1E7F9F787FE044600289CD16A
:10A7F000494606A8F9F7B4FD034606A94A46002BC8
:10A800000846F0DA0A4603A82946F9F781FF04460C
:10A8100000288AD1314603A8FFF776FE04460028B7
:10A8200083D1D8F80030012103A80133C8F80030E3
:10A83000F9F736FC044630B177E7F9F75DFE0446D8
:10A8400000287FF472AF494603A8F9F789FD034653
:10A8500003A94A46002B0846EFDA06AA09A81146C2
:10A86000F9F756FF044600287FF45FAF314609A888
:10A87000FFF74AFE044600287FF457AFD8F80030AF
:10A88000012109A80133C8F80030F9F709FC044692
:10A8900030B14AE7F9F730FE044600287FF445AFAF
:10A8A000494609A8F9F75CFD034609A94A46002B69
:10A8B0000846EFDA6A46694606A8F9F729FF044612
:10A8C00000287FF432AF314606A8FFF71DFE04468C
:10A8D00000287FF42AAFD8F8003006A903AA013374
:10A8E0000846C8F80030F9F779FE044668B11CE75D
:10A8F000F9F788FD06A903464A46084653B1F9F719
:10A9000045FE044600287FF410AF069B002106A8F0
:10A910008B42EDDB06A903AA0846F9F75FFE044661
:10A9200068B102E7F9F76EFD06A903464A460846F4
:10A9300053B1F9F72BFE044600287FF4F6AE069BD0
:10A94000002106A88B42EDDB03A906AA0846F9F709
:10A9500045FE044668B1E8E6F9F754FD03A903464D
:10A960004A46084653B1F9F711FE044600287FF421
:10A97000DCAE039B002103A88B42EDDB03A96A46F2
:10A980000846F9F7C5FE044600287FF4CEAE3146EE
:10A9900003A8FFF7B9FD044600287FF4C6AED8F837
:10A9A000003003A909AA01330846C8F80030F9F7B6
:10A9B00015FE044688B1B8E6D4BD002084C5002049
:10A9C000F9F720FD03A903464A46084653B1F9F7B3
:10A9D000DDFD044600287FF4A8AE039B002103A8F8
:10A9E0008B42EDDB05F11802514609A8F9F790FEFC
:10A9F000044600287FF499AE314609A8FFF784FD8C
:10AA0000044600287FF491AED8F80030012109A84F
:10AA10000133C8F80030F9F743FB044630B184E64F
:10AA2000F9F76AFD044600287FF47FAE494609A87D
:10AA3000F9F796FC034609A94A46002B0846EFDAC7
:10AA400006A93846F9F7F2F8044600287FF46DAEFF
:10AA500003A907F10C00F9F7E9F8044600287FF490
:10AA600064AE07F1180009A9F9F7E0F804465CE6BE
:10AA700005F1180203A81146F9F74AFE044600281A
:10AA80007FF453AE314603A8FFF73EFD044600288D
:10AA90007FF44BAEDFF88C8103AA294606A8D8F8CC
:10AAA00000300133C8F80030F9F770FD0446002883
:10AAB0007FF43BAE06F1040905E0F9F71DFD0446FD
:10AAC00000287FF432AE494606A8F9F749FC034650
:10AAD00006A94A46002B0846EFDA03AA294609A828
:10AAE000F9F77CFD044668B11FE6F9F78BFC09A96C
:10AAF00003464A46084653B1F9F748FD0446002884
:10AB00007FF413AE099B002109A88B42EDDB09AA53
:10AB100006A903A8F9F7FCFD044600287FF405AE5A
:10AB2000314603A8FFF7F0FC044600287FF4FDAD92
:10AB3000D8F80030032203A968460133C8F8003072
:10AB4000F9F750FF044630B1EFE5F9F7D5FC0446BC
:10AB500000287FF4EAAD49466846F9F701FC034650
:10AB60004A466946002B6846EFDA1FE605F11802EF
:10AB700003A81146F9F7CCFD044600287FF4D5ADB3
:10AB8000314603A8FFF7C0FC044600287FF4CDAD92
:10AB9000D8F8003003AA06A801331146C8F80030DF
:10ABA000F9F7B6FD044600287FF4BFAD314606A88C
:10ABB000FFF7AAFC044600287FF4B7ADD8F80030B0
:10ABC000524606A903A80133C8F80030F9F7A0FDE2
:10ABD000044600287FF4A9AD314603A8FFF794FC92
:10ABE000044600287FF4A1ADD8F8003003AA6946D6
:10ABF00068460133C8F80030F9F7C8FC044630B1A4
:10AC000093E5F9F779FC044600287FF48EAD4946B8
:10AC10006846F9F7A5FB03464A466946002B684695
:10AC2000EFDAC3E584C500202DE9F0410D4686B07A
:10AC3000002106462846F9F7E5FB0028C0F2A0806F
:10AC400005F10C0400212046F9F7DCFB0028C0F2D6
:10AC50009780371D28463946F9F782FB002880F295
:10AC60008F8039462046F9F77BFB002880F28880E8
:10AC70006846F8F751FF03A8F8F74EFF2246214631
:10AC80006846F9F745FD044648B16846F8F74CFFB9
:10AC900003A8F8F749FF204606B0BDE8F081314629
:10ACA0006846FFF731FC04460028EED1DFF810813A
:10ACB0002A46294603A8D8F800300133C8F80030E6
:10ACC000F9F726FD04460028DFD1314603A8FFF737
:10ACD0001BFC04460028D8D1D8F800300133C8F84E
:10ACE0000030B369002B4DD003A906F110020846CD
:10ACF000F9F74CFC044628B1C7E7F9F7FDFB044619
:10AD00000028C2D1394603A8F9F72AFB034603A954
:10AD10003A46002B0846F0DA03A92A460846F9F716
:10AD2000F7FC04460028B0D1314603A8FFF7ECFB3E
:10AD300004460028A9D1D8F8003003A906F11C0266
:10AD400001330846C8F80030F9F720FC044628B162
:10AD50009BE7F9F7D1FB0446002896D1394603A8B2
:10AD6000F9F7FEFA034603A93A46002B0846F0DA43
:10AD70006846F9F7F5FA114B041E18BF1C4684E724
:10AD80000E4C88E703A903220846F9F789FC04461C
:10AD900070B17AE7F9F736FB03A903463A4608464D
:10ADA000002BB9D0F9F7F2FB044600287FF46DAF11
:10ADB000039B002103A88B42ECDBADE780B3FFFFD0
:10ADC00084C500202DE9F04F012A8FB0019140F297
:10ADD0001B8106460C211046924617F0E9F9804681
:10ADE000002800F0178105A8F8F796FE08A8F8F7E4
:10ADF00093FE0BA8F8F790FE019B404619681831A6
:10AE0000F8F714FF0746002840F0E080019C4FEA65
:10AE10008A0308F10C0B804DA4F10409039309EB9C
:10AE20008A0954F8042FABF10C0158461832F9F78F
:10AE30006FFC0746314658460BF10C0B002F40F0D3
:10AE4000C580FFF761FB0746002840F0BF802A68F5
:10AE50004C4502F101022A60E3D10AEB4A09321D96
:10AE60004FEA4A0305A84FEA89090293A9F10C01A8
:10AE70004144FAF763FE0746002840F0AA80019B90
:10AE8000A9F11809039A0AF1FF34C14413449B46FF
:10AE9000002C00F093804A4605A908A8F9F738FC71
:10AEA0000746002840F09580314608A8FFF72CFBA4
:10AEB0000746002840F08D802B6805A95BF8042C1C
:10AEC0000133084618322B60F9F722FC07460028A8
:10AED0007FD1314605A8FFF717FB0746002878D138
:10AEE0002B6801332B6008AA0BA81146F9F710FC58
:10AEF000074600286DD131460BA8FFF705FB074632
:10AF0000002866D12B680BAA5BF8041C01330846A5
:10AF10002B60F9F7FDFB074600285AD131465BF854
:10AF2000040CFFF7F1FA0746002852D15BF8041C25
:10AF30000BAA2B680C31013308462B60F9F7E8FBAC
:10AF40000746002845D15BF8040C31460C30FFF76A
:10AF5000DBFA074600283CD15BF8041C08AA2B68E2
:10AF60000C31013308462B60F9F7D2FB074680BB52
:10AF70005BF8040C31460C30FFF7C6FA074640BBBD
:10AF80002B68B16801335BF8040C2B60F8F710FEF6
:10AF90000746F0B95BF8040CB1680C30F8F708FE0E
:10AFA0000746B0B95BF8040DA9F10C091830F8F7A1
:10AFB000BBFD74B1013C002C7FF46DAF05A908A85E
:10AFC000F8F734FE074600288DD002E04FEA4A0326
:10AFD000029305A84546F8F7A7FD08A8F8F7A4FDD1
:10AFE0000BA8F8F7A1FD029C544408EB8404284602
:10AFF0000C35F8F799FDAC42F9D1404617F0DCF872
:10B0000038460FB0BDE8F08F09680FB0BDE8F04FCB
:10B01000FFF7C2BA014FF3E784C5002080B2FFFFFB
:10B020002DE9F04383B017460C4605469DF828608D
:10B030003946204616F07E0FC6F345080CBF0122A4
:10B0400000220192F8F75AFE18BB04F10C09019A8C
:10B0500007F10C014846F8F751FED0B9A8F10102FA
:10B0600007F124012046B2FA82F252090192F8F760
:10B0700045FE70B9019A07F130014846F8F73EFEE7
:10B0800038B9F2092146284603B0BDE8F043FFF77E
:10B0900005BB03B0BDE8F0830048704768B00260AC
:10B0A00030B40C4C23688BB90B4D03220B494FF085
:10B0B000040C284601E094460A7B0C31013300F869
:10B0C00001CB002AF7D10121EA542160024830BCAB
:10B0D000704700BFC0C4002048C0002068B00260B4
:10B0E000064B0422014602E01A7B0C331AB191424E
:10B0F000FAD11846704713461846704768B0026088
:10B10000054B182103E013F80C2F1AB15988884217
:10B110001A46F8D11046704768B0026038B5054647
:10B12000074C084803E014F80C3F33B1A0682946E7
:10B1300017F00AF823460028F5D1184638BD00BF9D
:10B1400068B00260901A002068B110B50446F8F7A4
:10B15000E3FC04F10C00F8F7DFFC04F11800BDE893
:10B160001040F8F7D9BC704718B17C22002116F0C6
:10B17000D7BF7047B8B17C22002110B5044616F045
:10B18000CFFF04F17C00F8F7C7FC04F18800F8F762
:10B19000C3FC04F19400F8F7BFFC04F1A000BDE883
:10B1A0001040F8F7B9BC704768B110B50446F8F71D
:10B1B000BBFC04F10C00F8F7B7FC04F11800BDE883
:10B1C0001040F8F7B1BC7047002843D0036E012B44
:10B1D00070B5064622D1736FD3B1B26FAAB1002504
:10B1E00005EBC504013513EB840420460BD0F8F7BA
:10B1F0009BFC04F10C00F8F797FC04F11800F8F739
:10B2000093FCD6E91D32AA42EAD8184616F0D4FFBC
:10B2100030467C21BDE8704006F03EBE0430F8F7B1
:10B2200083FC06F11000F8F77FFC06F11C00F8F72C
:10B230007BFC06F12800F8F777FC06F13400F8F7FC
:10B2400073FC06F14000F8F76FFC06F14C00F8F7CC
:10B250006BFCC0E7704700BFA8B110B50446FFF70C
:10B26000B3FF04F17C00F8F75FFC04F18800F8F705
:10B270005BFC04F19400F8F757FC04F1A000BDE872
:10B280001040F8F751BC704738B504460D46F8F742
:10B29000CDFC00B138BD05F10C0104F10C00F8F74C
:10B2A000C5FC0028F6D105F1180104F11800BDE82D
:10B2B0003840F8F7BBBC00BF097802F057B800BFB0
:10B2C00010B501210446F8F799FD00B110BD012128
:10B2D00004F10C00F8F792FD0028F7D1014604F1C3
:10B2E0001800BDE81040F8F789BD00BF2DE9F04F08
:10B2F000934C1D4602F1180797B023688146884693
:10B3000038460133002116462360F9F77BF8002800
:10B3100000F0E4802B6A8BB105F11804002120466F
:10B32000F9F770F8002800F0F4802B6A33B120465A
:10B330000121F9F767F8002840F0FF8001A8F8F72D
:10B34000EBFB04A8F8F7E8FB07A8F8F7E5FB0AA869
:10B35000F8F7E2FB0DA8F8F7DFFB10A8F8F7DCFB25
:10B3600013A8F8F7D9FB3A46394601A8F9F7D0F9FE
:10B370000446C0B101A8F8F7D7FB04A8F8F7D4FB3E
:10B3800007A8F8F7D1FB0AA8F8F7CEFB0DA8F8F745
:10B39000CBFB10A8F8F7C8FB13A8F8F7C5FB2046AD
:10B3A00017B0BDE8F08F494601A8FFF7ADF8044695
:10B3B0000028DFD1DFF890A13A4601A904A8DAF805
:10B3C00000300133CAF80030F9F7A2F9044600282A
:10B3D000D0D1494604A8FFF797F804460028C9D100
:10B3E000DAF8003001A92A4601330846CAF80030CD
:10B3F000F9F78EF904460028BCD1494601A8FFF7A9
:10B4000083F804460028B5D1DAF8003004A905F124
:10B410000C0201330846CAF80030F9F779F90446FE
:10B420000028A7D1494604A8FFF76EF80446002873
:10B43000A0D1DAF8003001A9324601330846CAF833
:10B440000030F9F7CBF80446002893D109F1040540
:10B450000BE0F8F7D7FF01A903462A4608464BB18F
:10B46000F9F794F80446002884D1019B002101A833
:10B470008B42EEDB04A906F10C0B08465A46F9F79D
:10B48000ADF8044600287FF475AF09F104050CE01F
:10B49000F8F7B8FF04A903462A46084653B1F9F75E
:10B4A00075F8044600287FF465AF049B002104A8CA
:10B4B0008B42EDDB002101A8F8F7A4FF014600282C
:10B4C00044D104A8F8F79EFF002840F05E81324680
:10B4D00041464846FFF708F904464BE729464046EF
:10B4E000F8F7A4FB044600287FF459AF05F10C01DE
:10B4F00008F10C00F8F79AFB044600287FF44FAFE0
:10B5000005F1180108F1180017B0BDE8F04FF8F781
:10B510008DBB31464046F8F789FB044600287FF48E
:10B520003EAF06F10C0108F10C00F8F77FFB044672
:10B5300000287FF434AF3946E4E7024C2FE700BF20
:10B54000D0BD002080B0FFFF84C50020394601AA8D
:10B5500013A8F9F7DDF8044600287FF40BAF49463D
:10B5600013A8FEF7D1FF044600287FF403AFDAF8F2
:10B57000003001AA07A801331146CAF80030F9F7D4
:10B58000C7F8044600287FF4F5AE494607A8FEF741
:10B59000BBFF044600287FF4EDAEDAF8003001AAC4
:10B5A00007A90AA80133CAF80030F9F7B1F8044630
:10B5B00000287FF4DFAE49460AA8FEF7A5FF04463F
:10B5C00000287FF4D7AEDAF8003007A932460133FD
:10B5D0000846CAF80030F9F79BF8044600287FF4C3
:10B5E000C9AE494607A8FEF78FFF044600287FF43E
:10B5F000C1AEDAF80030022207A901A80133CAF867
:10B600000030F9F7EFF9044600287FF4B3AE09F1F2
:10B61000040505E0F8F770FF044600287FF4AAAEA1
:10B62000294601A8F8F79CFE034601A92A46002BEB
:10B630000846EFDA04AA0DA81146F9F769F804469E
:10B6400000287FF497AE49460DA8FEF75DFF04463B
:10B6500000287FF48FAEDAF800300DA901AA01337B
:10B660000846CAF80030F8F7B9FF044668B181E629
:10B67000F8F7C8FE0DA903462A46084653B1F8F765
:10B6800085FF044600287FF475AE0D9B00210DA8B0
:10B690008B42EDDB0DA90AAA0846F8F79FFF044686
:10B6A00068B167E6F8F7AEFE0DA903462A460846DC
:10B6B00053B1F8F76BFF044600287FF45BAE0D9B97
:10B6C00000210DA88B42EDDB07A90DAA0846F8F76B
:10B6D00085FF044668B14DE6F8F794FE07A90346D6
:10B6E0002A46084653B1F8F751FF044600287FF474
:10B6F00041AE079B002107A88B42EDDB07A904AAF6
:10B700000846F9F705F8044600287FF433AE4946A9
:10B7100007A8FEF7F9FE044600287FF42BAEDAF8FE
:10B7200000300AA95A4601330846CAF80030F8F733
:10B73000EFFF044600287FF41DAE49460AA8FEF735
:10B74000E3FE044600287FF415AEDAF800300AAABA
:10B7500007A910A80133CAF80030F8F73FFF0446E4
:10B7600000287FF407AE109B002110A88B4211DA4D
:10B77000F8F748FE10A903462A46084653B1F8F7E1
:10B7800005FF04460028EED0F4E54046FFF798FD9B
:10B790000446EFE50DA94046F8F748FA04460028AC
:10B7A0007FF4E8AD10A908F10C00F8F73FFA044661
:10B7B00000287FF4DFAD08F1180013A9F8F736FA76
:10B7C0000446D7E50021183008B5F8F71BFEB0FA9B
:10B7D00080F0400908BD00BF38B504460D46F8F7B3
:10B7E000BFFD70B905F10C0104F10C00F8F7B8FDCC
:10B7F00038B905F1180104F11800F8F7B1FD00B9E6
:10B8000038BD014838BD00BF80B0FFFF70B50446A9
:10B810001E460D46F9F708F800B170BD32462946BC
:10B8200004F10C00F9F700F80028F6D104F1180033
:10B830000121BDE87040F8F7E1BA00BF012A2DE907
:10B84000F843DDE9088942D80C4607460021154631
:10B8500004F118001E46F8F7D5FD40B9B9F1000F04
:10B8600037D0012388F800003360BDE8F883381D25
:10B87000F8F780FB0746BDB9430001334B45336001
:10B8800027D8414604230246204601F8013BF8F739
:10B89000DFFB0028E9D1791C3A4604F10C00414451
:10B8A000BDE8F843F8F7D4BB431C4B45336010D8D0
:10B8B000002104F10C00F8F7D1FA4146831C3A4606
:10B8C000204601F8013BBDE8F843F8F7C1BB024848
:10B8D000CBE70248C9E700BF80B0FFFF00B1FFFF20
:10B8E00093B3F8B51C4613780E46154633B9012CB0
:10B8F00026D10846BDE8F840FFF7E2BC0430F8F76F
:10B9000039FB2B780746042B1CD143000133A3429B
:10B9100016D10246691C3046F8F732FB00B1F8BD7B
:10B92000791C3A4606F10C002944F8F729FB002857
:10B93000F5D106F118000121BDE8F840F8F75EBA2C
:10B940000248F8BD0248F8BD0048704780B0FFFFCC
:10B9500080B1FFFF012B13D930B41468651C15604A
:10B96000247854B103F1FF3C644506D82B191360C9
:10B9700023462A4630BCFFF7B3BF024830BC7047AD
:10B980000048704780B0FFFF70B582B0DDE9066502
:10B9900075B1013D1C460195751C0095FFF74EFFE2
:10B9A00020B92368337023680133236002B070BD6F
:10B9B0000048FBE780B0FFFF022A21D90B685A1C20
:10B9C0000A601A78032A1BD1DA1C10B49C1C0C6084
:10B9D00093F801C00A60182299780A4B41EA0C21B9
:10B9E00003E013F80C2F3AB15A889142F9D1197833
:10B9F0005DF8044B01F0BABC03485DF8044B704796
:10BA00000248704768B0026080B1FFFF80B0FFFF5E
:10BA100010B40F4C90F800C0042002E014F80C0F92
:10BA200078B18445FAD10320022B08600ED910703A
:10BA3000002063881B0A5370638893705DF8044B81
:10BA40007047A0F59F405DF8044B70470148F5E74B
:10BA500068B0026000B1FFFF2DE9F04F03F1180B51
:10BA600005461E46174658462DED048BCDB0029173
:10BA70000121F8F7C7FC002840F089802B6B002BD0
:10BA800000F08580EB6B002B00F0818001213846AF
:10BA9000F8F7B8FC0028C0F2748105F14C0A38466A
:10BAA0005146F8F75DFC002880F26B810121584671
:10BAB000F8F7A8FC002840F064812B6B002B66D0BF
:10BAC000EB6B002B63D031462846FFF7ADF80446F8
:10BAD00000285DD12B6B002B5AD0EB6B002B57D07D
:10BAE00006A8F8F719F809A8F8F716F80021504643
:10BAF000F8F7B4F901284AD124210220D5F85C9046
:10BB000016F056FB8046002800F053823146F8F7C5
:10BB10008DF80446002841D008F10C0308EE103AD5
:10BB200008F1180308F1240608EE903A08F13003F2
:10BB3000039308F13C0304934046F7F7F5FF18EE32
:10BB4000100AF7F7F1FF18EE900AF7F7EDFF30460D
:10BB5000F7F7EAFF0398F7F7E7FF0498F7F7E4FF32
:10BB6000404616F029FB06A8F7F7DEFF09A8F7F70D
:10BB7000DBFF029D65B12846F7F7D6FF05F10C0003
:10BB8000F7F7D2FF05F11800F7F7CEFF00E0904C71
:10BB900020464DB0BDEC048BBDE8F08F08F10C03DE
:10BBA00006F10C01184608EE103AF8F73FF8044683
:10BBB0000028B5D108F11803594608F124061846A3
:10BBC00008EE903AF8F732F804460028AED1414624
:10BBD0003046F8F72BF808F13003044603930028A9
:10BBE000A7D1184618EE101AF8F720F808F13C0310
:10BBF0000446049300289FD118EE901A1846F8F7CF
:10BC000015F80446002897D109F101095FEA59099E
:10BC10000DD04FF0000B3246314628460BF1010B98
:10BC2000FEF762FD002840F0AA80D945F3D10DF15E
:10BC30006C0B012228461B965946FFF7C3F80446B1
:10BC400000287FF479AF3346424631462846FFF755
:10BC50004DFB044600287FF46FAF01225946284669
:10BC60001B96FFF7AFF8044600287FF465AF014646
:10BC70003846F8F7F3F806AA059039461046F7F764
:10BC8000D5FF044600287FF457AF09AC3A46514629
:10BC90002046F8F7A3FC044600287FF44DAF059B2F
:10BCA00009A906A85A1E18BF012209EE102AF8F7A2
:10BCB00025F8044600287FF43FAF014609F1010250
:10BCC000584616F02DFAB9F1000F38D009EE906AF7
:10BCD0005F4626465C460595314606A8F8F7BEF84D
:10BCE00094F800A0054609EB060106A80136F8F70E
:10BCF000B5F84AEA400AB1454AEA050004F8010BE2
:10BD0000EAD119EE906A059D0BEB090C00247A78B4
:10BD10003B7882EA04011440CA4302F0010213FB9B
:10BD200002F383EA01000B4007F8010F1C4317F8E8
:10BD3000013CBC4543EAC21307F8013CE7D112A815
:10BD40000BEB090AF7F7E8FE15A8F7F7E5FE18A8C8
:10BD5000F7F7E2FE1BF809304246029900932846A5
:10BD60000223FFF75DF9044668B112A8F7F7DCFE7D
:10BD700015A8F7F7D9FE18A8F7F7D6FEDCE60446B3
:10BD8000DAE6144C04E7029B012103F11809484646
:10BD9000F8F734F804460028E7D15A9B002B00F04E
:10BDA0009C80AB6D0CA80C242F1D0733DB0809EE1B
:10BDB000903AF7F7B1FE0FA8F7F7AEFE19EE901A1A
:10BDC0000CA8DDE95A23F9F7CDFB50B1E7E000BF3D
:10BDD00080B0FFFF80B3FFFFF8F7B6F9002840F00E
:10BDE000DE8039460CA8F8F7BBFA034601210CA8FF
:10BDF000002BF1DA013C00F0DA80F8F703FB0028B1
:10BE0000DCDD0CAA49464846F8F782FC04460028C7
:10BE100040F0C68048462946FEF776FB04460028D7
:10BE200040F0BE80674F0CAA0FA83B681146013353
:10BE30003B60F8F76DFC0446002840F0B1802946CD
:10BE40000FA8FEF761FB0446002840F0A9803B687C
:10BE50000FAADDF808900133494648463B60F8F7E1
:10BE600057FC0446002840F09B8029464846FEF7D0
:10BE70004BFB0446002840F093803B680FA90CAAB6
:10BE8000013308463B60F8F743FC0446002840F0C5
:10BE9000878029460FA8FEF737FB044600287FD18C
:10BEA0003B6809F10C090FAA0133494648463B603B
:10BEB000F8F72EFC0446002872D148462946FEF7C2
:10BEC00023FB044600286BD13B680CA801333B6080
:10BED000F7F72AFE0FA8F7F727FE029F1EE0394664
:10BEE0002846FEF701FC04460223424612A92846D2
:10BEF000002C7FF43AAF1AF8014D0094FFF790F848
:10BF0000044612AB3A4639462846002C7FF42DAF42
:10BF1000FFF7ECF9044600287FF427AFDA453A46EC
:10BF2000DDD112A8F7F700FE15A8F7F7FDFD18A858
:10BF3000F7F7FAFD19EE102A02992846FEF7AEFB34
:10BF4000044600287FF4F8AD02992846FEF724FB4A
:10BF500004464046F7F7E8FD18EE100AF7F7E4FD4F
:10BF600018EE900AF7F7E0FD3046F7F7DDFD03988D
:10BF7000F7F7DAFD0498F7F7D7FD404616F01CF9FD
:10BF800006A8F7F7D1FD09A8F7F7CEFD002C7FF43E
:10BF9000F0AD20464DB0BDEC048BBDE8F08F0446FB
:10BFA0000CA8F7F7C1FD0FA8F7F7BEFDDDE6064CBC
:10BFB000DBE606A8054CF7F7B7FD09A8F7F7B4FDCF
:10BFC000D7E500BF84C5002000B3FFFF80B2FFFFAC
:10BFD000F0B50C4683B006460121104617461D46B3
:10BFE000F8F710FAB8B929462046F7F71FFE08B14E
:10BFF00003B0F0BD05F10C0104F10C00F7F716FEDB
:10C000000028F5D105F1180104F1180003B0BDE8CE
:10C01000F040F7F70BBE4FF0FF313846F8F7F2F972
:10C0200020BB29462046F7F701FE0028E0D104F1A5
:10C030000C0705F10C013846F7F7F8FD0028D7D1B9
:10C0400005F1180104F11800F7F7F0FD0028CFD131
:10C0500001463846F8F7D6F90028C9D03A46311DCE
:10C06000384603B0BDE8F040F8F7B8BA4FF0000C1E
:10C070002B463A4621463046CDE900CCFFF7ECFC92
:10C0800003B0F0BDF0B51F46036B8BB0002B3AD068
:10C09000C36B0546002B36D001A814460E46F7F7B1
:10C0A0003BFD04A8F7F738FD07A8F7F735FD224652
:10C0B0003B4601A92846FFF78BFF044658B101A86B
:10C0C000F7F732FD04A8F7F72FFD07A8F7F72CFDC7
:10C0D00020460BB0F0BDDDE9102331462846FFF7BE
:10C0E00077FF04460028EAD1334601AA31462846A4
:10C0F000FFF7FCF804460028E1D131462846FEF758
:10C100004BFA0446DBE7024C20460BB0F0BD00BF03
:10C1100080B1FFFF38B50D460446012105F1180036
:10C12000F8F770F958B9236B3BB1E36B2BB1294693
:10C130002046BDE83840FEF777BD024838BD0248CA
:10C1400038BD00BF80B0FFFF80B3FFFF38B5036B81
:10C1500093B1C36B04467BB10D4601212846F8F725
:10C1600051F900280ADB04F14C012846F8F7F8F8E9
:10C17000002803DA002038BD014838BD014838BD29
:10C1800080B0FFFF80B3FFFF2DE9F04F83B0CDE912
:10C190000013036BDDF83080DDF83490BBB3C36B64
:10C1A0000646A3B3C76D14461F2500F14C0B073795
:10C1B0004FEAD70A27F007074B464246514620462A
:10C1C000F9F7D0F90346204613BBF16D791AF7F75A
:10C1D000BBFF034601212046D3B9013D1CD0F8F72F
:10C1E00011F9034659462046002BE5DBF8F7B8F86D
:10C1F0000028E1DA009B224601993046CDF83490C0
:10C20000CDF8308003B0BDE8F04FFFF725BC054BFB
:10C21000184603B0BDE8F08F034B184603B0BDE8E5
:10C22000F08F00BF80B0FFFF00B3FFFF10B582B0FA
:10C23000049C009313460A4600F128010194FFF77D
:10C24000A3FF02B010BD00BF70B50C4682B001461E
:10C25000154620461E4601F089F850B904F18803BE
:10C2600004F17C0204F128012046CDE90056FFF7D5
:10C270008BFF02B070BD00BF2DE9F0430378ABB077
:10C28000002B62D00A780C469A425ED101F18806F2
:10C29000054688303146F8F763F8002855D104F197
:10C2A000940705F194003946F8F75AF800284CD164
:10C2B00004F1A00805F1A0004146F8F751F8054641
:10C2C000002842D102A8A146F7F726FC05A8F7F7F7
:10C2D00023FC08A8F7F720FC7C2229460BA815F0C0
:10C2E0001FFF19F8281B0BA801F040F804F17C028D
:10C2F0004B4602A90BA8CDE90055FFF7ADFB04465C
:10C3000078B102A8F7F710FC05A8F7F70DFC08A80C
:10C31000F7F70AFC0BA8FEF757FF20462BB0BDE845
:10C32000F083314602A8F8F71BF820B9394605A872
:10C33000F8F716F808B1074CE3E7414608A8F8F704
:10C340000FF804460028DCD0F5E7024C20462BB05D
:10C35000BDE8F08380B0FFFF2DE9F04F534EC1B030
:10C36000054609AC0FCE0FC496E803007C2284E892
:10C370000300002121A815F0D3FE0FA8F7F7CCFB8E
:10C3800012A8F7F7C9FB15A8F7F7C6FB18A8F7F727
:10C39000C3FB1BA8F7F7C0FB1EA8F7F7BDFB06A859
:10C3A000F7F7BAFB012121A800F0E0FF04460028BE
:10C3B00038D16DBB022106A8F7F720FD044658B915
:10C3C0002BAE06AA18A93346CDE9000021A8FFF735
:10C3D00043FB044600287BD021A8FEF7F5FE0FA8FA
:10C3E000F7F7A2FB12A8F7F79FFB15A8F7F79CFB3E
:10C3F00018A8F7F799FB1BA8F7F796FB1EA8F7F705
:10C4000093FB06A8F7F790FB204641B0BDE8F08FFC
:10C41000274815F0A1FE022106A8F7F7EFFC044615
:10C42000002849D0002C23DA15B32146214815F005
:10C4300093FE21A8FEF7C8FE0FA8F7F775FB12A818
:10C44000F7F772FB15A8F7F76FFB18A8F7F76CFB67
:10C450001BA8F7F769FB1EA8F7F766FB06A8F7F716
:10C4600063FB0A2015F058FE204641B0BDE8F08F6E
:10C4700021A8FEF7A9FE0FA8F7F756FB12A8F7F7B9
:10C4800053FB15A8F7F750FB18A8F7F74DFB1BA8AF
:10C49000F7F74AFB1EA8F7F747FB06A8F7F744FB98
:10C4A000002DDED1204641B0BDE8F08F14040020FD
:10C4B0009C1A0020441500202BAE06AA18A933466A
:10C4C000CDE9000021A8FFF7C7FA04460028A9D14A
:10C4D00000237B4FDFF8FC811021DFF8FC9106A8D8
:10C4E000784A3B60C8F80030C9F80030F8F79CF98A
:10C4F0000446002896D1334606AA0FA9CDE90000CC
:10C5000021A8FFF7A9FA044600288BD109ABD8F877
:10C5100000103A68824602911C46D9F800104FF08C
:10C52000010B049515460593039154F8042F10212F
:10C5300006A8C7F800A0C8F800A0C9F800A0F8F73E
:10C5400073F98446334606AA0FA921A8BCF1000F4F
:10C5500040F0A080CDE900CCFFF77EFA84460028A9
:10C5600040F098803B68AB4240F09080D8F80030B3
:10C57000029A934240F08A80D9F80030039A93429D
:10C5800040F084800BF1010BBBF1060FCDD1049D6F
:10C590000446002D5AD14B4A102106A83D60C8F828
:10C5A0000050C9F80050F8F73FF9044600287FF41E
:10C5B00013AF18AB06AA0FA921A8CDE90055FFF7C4
:10C5C0004BFA044600287FF407AFD8F800304FF04C
:10C5D000010AD9F80020002603951D46D7F800B0BF
:10C5E000059C029254F8042F102106A83E60C8F85A
:10C5F0000060C9F80060F8F717F9844618AB06AA7E
:10C600000FA921A8BCF1000F56D1CDE900CCFFF74E
:10C6100023FA844600284FD13B685B4543D1D8F8C4
:10C620000030AB423FD1D9F80030029A93423AD160
:10C630000AF1010ABAF1060FD4D1039D0446002D78
:10C640003FF4CAAE204815F08FFDF2E61E4815F003
:10C650008BFD1E4815F080FD1A4A102106A83C608B
:10C66000C8F80040C9F80040F8F7DEF80446002892
:10C670007FF4D8AE18AB06AA0FA9CDE9000021A817
:10C68000FFF7EAF9044600289FD0CBE6049D25B9C0
:10C690000124A1E66446049DC4E659460C480124E1
:10C6A00015F05AFDC5E6039D002DF1D0514608480E
:10C6B000012415F051FDBCE66446039DB2E600BFBF
:10C6C000D0BD0020D01A0020A0110020141B002093
:10C6D000041B0020D4BD002084C500202DE9F04FAC
:10C6E00093B00D210124054605AB3422184604936E
:10C6F000CDE90241002115F013FD18212846F7F776
:10C7000027FA0190002840F0EA81A9680B68086BBD
:10C71000CC6D1B184A68D1E9147C2CBF0126002679
:10C720001CEB030346F10006FB1846F100069C4291
:10C7300088BF013E1B1BB6F1FF3F0B6000F0D381A9
:10C7400092192CBF01230023D1F834908E6D19EB80
:10C75000020243F10003B21843F1000314EB020E8E
:10C760008A682CBF4FF001084FF0000858FA83F395
:10C77000704588BF013BAEEB000E774588BF013B9B
:10C78000AEEB070E5BB2C1F804E0002BC0F2CF8124
:10C79000D21896462CBF01230023D1F83880CA68EE
:10C7A00018EB0E0E43F1000314EB0E0E2CBF4FF0EE
:10C7B000010A4FF0000A5AFA83F3F14588BF013BA2
:10C7C000AEEB090EF44588BF013BAEEB0C0E5BB23D
:10C7D000C1F808E0002BC0F2BE81D21813462CBF6E
:10C7E00001220022D1F83CE0D1F810A01EEB030397
:10C7F00042F10002C31842F10002FB1842F10002AC
:10C800001CEB03032CBF4FF0010B4FF0000B5BFA46
:10C8100082F2A3EB080B984588BF013A5E4588BFBA
:10C82000013AABEB060B5C4588BF013AABEB040366
:10C83000CB6053B2002BC0F285811AEB030A53463A
:10C840002CBF012200221CEB030342F100021CEB6F
:10C85000030A42F100030A6C12EB0A0A43F10003D7
:10C8600019EB0A0A43F1000310EB0A00D1F814A0F7
:10C8700043F10003381843F1000330182CBF4FF088
:10C88000010B4FF0000B5BFA83F3864588BF013B39
:10C89000A0EB0E00844288BF013B001B844288BF8E
:10C8A000013B001B5BB20861002BC0F27E811AEBDA
:10C8B000030A53462CBF01200020F31840F100006A
:10C8C00016EB030A40F10003486C10EB0A0A43F12F
:10C8D000000318EB0A0A43F1000319EB0A09D1F827
:10C8E00018A043F100031CEB090943F1000314EB0A
:10C8F00009092CBF4FF0010B4FF0000B5BFA83F3DB
:10C900004A4588BF013BA9EB02095BB2C1F814900C
:10C91000002BC0F23E811AEB030A53462CBF4FF0A6
:10C9200001094FF00009E31849F1000914EB030A6B
:10C9300049F10003D1F8489019EB0A0A43F10003CA
:10C940001EEB0A0A43F1000318EB0A08D1F81CA0F9
:10C9500043F1000316EB08082CBF4FF0010B4FF01A
:10C96000000B5BFA83FBA8EB0003404588BFABF1EB
:10C97000010B8B614FFA8BFBBBF1000FC0F2FF8004
:10C980001AEB0B0AD3462CBF01230023D1F84C80AD
:10C99000D1F820A018EB0B0B43F1000312EB0B0BAB
:10C9A00043F100031EEB0B0E43F1000314EB0E0EDC
:10C9B0002CBF4FF0010B4FF0000B5BFA83F3F145F6
:10C9C00088BF013BAEEB090EC1F81CE04FFA83FEB5
:10C9D000BEF1000FC0F2C9801AEB0E0AD6462CBF7A
:10C9E0000123002317EB0E0E43F1000310EB0E0E94
:10C9F00043F1000312EB0E0E4A6A2CBF4FF0010AFE
:10CA00004FF0000A5AFA83F3F04588BF013BAEEBC2
:10CA1000080E5BB2C1F820E0002B74DBD2189646FA
:10CA20002CBF012300231CEB0E0243F1000319EB82
:10CA3000020243F1000380188A6A2CBF4FF0010EF6
:10CA40004FF0000E5EFA83F3874288BF013BC01BA4
:10CA50005BB24862002B4DDBD3182CBF01220022B1
:10CA6000F318C86A42F1000218EB030342F1000216
:10CA700019EB03092CBF0123002353FA82F3A9EB1E
:10CA80000C02CC4588BF013B8A625BB2002B45DBC0
:10CA9000C3182CBF01220022E41842F100033F1901
:10CAA0006A6843F1000418EB07082CBF0123002338
:10CAB00053FA84F4464588BF013CA8EB06060D2ACC
:10CAC00064B2CE6224EAE4730B6306D90D3A01F135
:10CAD00034000021920015F023FB002C6EDB01983E
:10CAE00013B0BDE8F08FB2FA82F3013A5B095B4202
:10CAF000DBB229E65842134482424FF0FF3228BF8E
:10CB00000022D2B2ACE7C3F1000A03EB020E4FF0F1
:10CB1000FF33524528BF0023DBB284E75A42034467
:10CB200090424FF0FF3228BF0022D2B2B4E7C3F1E7
:10CB3000000803EB020E4FF0FF33424528BF0023ED
:10CB4000DBB22AE65A42534492454FF0FF3228BFE7
:10CB50000022D2B277E6C3F1000E134472454FF0C3
:10CB6000FF3228BF0022D2B23CE6CEF10003D64409
:10CB70009A454FF0FF3328BF0023DBB232E7CBF1F9
:10CB80000003D3449A454FF0FF3328BF0023DBB2A4
:10CB9000FCE6C3F100095344CA454FF0FF3928BFF2
:10CBA0004FF000095FFA89F9BDE6584253448245C7
:10CBB0004FF0FF3028BF0020C0B27EE6039A6FF02E
:10CBC0004043644202A91344049A284642F8234091
:10CBD0002A46F7F791FC002881D14FF0FF330198E6
:10CBE0002B6013B0BDE8F08F2DE9F04F8DB001251B
:10CBF0000821044604AB2022CDE90151184600214A
:10CC0000039315F08DFA0E212046F6F7A1FF054695
:10CC1000002840F0D480A0680368C169C26A8B42D2
:10CC2000A3EB010647682CBF00230123B24288BF53
:10CC30000133B61A5B4206605EB2002B40F0C3803F
:10CC40002B46066AD0F80880A7EB060CBE4288BFC8
:10CC5000013B076B674588BF013BACEB070C5BB240
:10CC6000C0F804C053B1C3F1000EF0454FF0FF3ED1
:10CC7000984428BF4FF0000E5FFA8EF3D0F824E0FE
:10CC8000D0F834C0C64588BF013BA8EB0E08D0F8E9
:10CC90000C90C44588BF013BA8EB0C085BB2C0F800
:10CCA0000880002B00F09880C3F10008C1454FF0C8
:10CCB000FF38994428BF4FF000085FFA88FBD0F88E
:10CCC00028800369C845A1EB080ACA4494BF4FF005
:10CCD00000094FF00109514594BFC9F10009C9F19C
:10CCE000010912EB0A0A0BEB09012CBF4FF00109F5
:10CCF0004FF00009C0F80CA059FA81F149B200299F
:10CD00007EDB5B1819462CBF012300238A42A6EB69
:10CD1000020994BF0022012249448E4294BF52422C
:10CD2000C2F1010279181A442CBF012300230161CA
:10CD300053FA82F2436952B2002A58DB9A182CBF88
:10CD4000012300239742AEEB0701866994BF0027B9
:10CD500001270A44964594BF7F42C7F101071CEBA7
:10CD600002023B4442612CBF0122002252FA83F3AB
:10CD70005BB2002B32DBF3182CBF01260026A8EB98
:10CD80000C029C45134494BF4FF0000C4FF0010C73
:10CD900062688361984594BFCCF1000CCCF1010C22
:10CDA000082A664476B226EAE673C36105D9083AD2
:10CDB00020300021920015F0B3F9002E2ADB28461E
:10CDC0000DB0BDE8F08F73429F424FF0FF33374400
:10CDD00028BF0023DBB234E79B4670E75942334457
:10CDE0008E424FF0FF3628BF0026F6B2C7E7514209
:10CDF0001A448B424FF0FF3328BF0023DBB2A1E778
:10CE0000C1F1000919444B454FF0FF3328BF0023FF
:10CE1000DBB27BE7029A6FF04043764201A91344EC
:10CE2000039A204642F823602246F7F765FB002864
:10CE3000C5D14FF0FF33284623600DB0BDE8F08F19
:10CE40002DE9F04F8FB009210124064605AB2422BD
:10CE500018460493CDE90241002115F061F9102133
:10CE60003046F6F775FE0190002840F06A81B06800
:10CE70000368076AD0F82490DA19456B816B2CBFE0
:10CE80002346002319EB0202446843F10003D0E972
:10CE90000BEC964588BF013BA2EB0E02944588BF80
:10CEA000013BA2EB0C02954288BF013B521B914211
:10CEB00088BF013B521A002B0260C0F24681E21883
:10CEC0002CBF0123002319EB0202D0F82880C46B89
:10CED00043F1000318EB0202D0F808A02CBF4FF07A
:10CEE000010B4FF0000B5BFA83F3A2EB0C0B9445A4
:10CEF00088BF013B5D4588BF013BABEB050B594546
:10CF000088BF013BABEB010B5C4588BF013BABEB42
:10CF1000040242605AB2002AC0F23C811AEB020AB3
:10CF200052462CBF0123002318EB0202D0F80CA0BC
:10CF300043F100031EEB02022CBF4FF0010B4FF038
:10CF4000000B5BFA83F3A2EB050B954288BF013B14
:10CF5000594588BF013BABEB010B5C4588BF013BEA
:10CF6000ABEB040282605AB2002AC0F225811AEBB0
:10CF7000020A52462CBF012300231EEB0202D0F806
:10CF800010A043F100031EEB020243F100031CEB6F
:10CF9000020243F100031CEB020243F10003AA1852
:10CFA0002CBF4FF0010B4FF0000B5BFA83F3944260
:10CFB00088BF013B121B974288BF013BD21B9145A2
:10CFC00088BF013BA2EB09025BB2C260002BC0F23A
:10CFD000EA801AEB030A53462CBF012200221CEB05
:10CFE0000303D0F814A042F100021CEB030342F14A
:10CFF0000002EB1842F10002EB1842F10002CB18DC
:10D000002CBF4FF0010B4FF0000B5BFA82F2A3EB49
:10D01000090B994588BF013AABEB0803D84588BF97
:10D02000013A036153B2002BC0F2A2801AEB030A4B
:10D0300053462CBF01220022EB18D0F818A042F171
:10D040000002EB1842F10002CB1842F10002CB18AB
:10D0500042F10002E3182CBF4FF0010B4FF0000B20
:10D060005BFA82F2984588BF013AA3EB08039E451C
:10D0700088BF013AA3EB0E0352B24361002A6EDB74
:10D080001AEB020A52462CBF012300238A1843F1EF
:10D0900000038A1843F10003A21843F10003A21809
:10D0A00043F100038918C26943F1000369182CBFDA
:10D0B0004FF0010A4FF0000A5AFA83F38F4288BFFB
:10D0C000013BC91B894588BF013BA1EB09015BB24C
:10D0D0008161002B55DBD3182CBF01210021E318FF
:10D0E000726841F10001E31841F10001E41841F1D7
:10D0F00000013B192CBF0124002454FA81F4984507
:10D1000088BF013CA3EB08039E4588BF013CA3EB0D
:10D110000E039C4588BF013CA3EB0C039D4288BFD6
:10D12000013C5B1B092A64B2C36124EAE473036215
:10D1300005D9093A24300021920014F0F1FF002CA7
:10D1400043DB01980FB0BDE8F08FC3F100081A1956
:10D150004FF0FF33444528BF0023DBB2B3E6534210
:10D1600052449A454FF0FF3328BF0023DBB28DE7CE
:10D170005A42534492454FF0FF3228BF0022D2B2A8
:10D180005AE7594213448A424FF0FF3128BF002129
:10D19000C9B2A4E7534252449A454FF0FF3328BF27
:10D1A0000023DBB2C0E65A42534492454FF0FF32AF
:10D1B00028BF0022D2B212E7534252449A454FF0A0
:10D1C000FF3328BF0023DBB2D7E6039A6FF040435A
:10D1D000644202A91344049A304642F8234032467E
:10D1E000F7F78AF90028ACD14FF0FF33019833608C
:10D1F0000FB0BDE8F08F00BF2DE9F84F0C210546B8
:10D20000F6F7A6FC044610B12046BDE8F88FD5E934
:10D2100001239E6903EB820E18685A688019D96948
:10D220009D6A2CBF01270027D3F82CA0D219D3F870
:10D2300020B02CBF4FF001084FF0000852182CBF4F
:10D240004FF0010C4FF0000C281818602CBF012083
:10D250000020121803F11C002CBF0127002712EB3D
:10D260000A0247445A604CEB070C9A681CEB020C0C
:10D27000DA682CBF01270027BF182CBF4FF0010828
:10D280004FF000081CEB060C2CBF01220022BA183C
:10D290002CBF0127002752182CBF012600261BEBAC
:10D2A0000C0C2CBF0121002151185A6A2CBF4FF0E1
:10D2B00001094FF0000989182CBF012200221CEB44
:10D2C000050CC3F808C02CBF4FF0010C4FF0000C48
:10D2D00011EB0C012CBF4FF0010C4FF0000C11EBC7
:10D2E0000A01CC44D96042EB0C02196942443A4429
:10D2F00032445E6952182CBF0121002171182CBFE5
:10D300000126002612EB0B085A6A2CBF01270027C2
:10D31000C9192CBF0127002789182CBF4FF0010C19
:10D320004FF0000C18EB05021A612CBF01220022FD
:10D3300052182CBF0121002112EB0A0241EB060119
:10D340005A61864501EB070262449A617FF65CAF41
:10D35000AEEB030E2146AEF11D0E2EF00302043299
:10D3600014F0DEFE2046BDE8F88F00BF38B50D464C
:10D370000446FDF729FF6B1E2570032B7AD8DFE8E2
:10D3800003F062462F023E4B01253E490C22E3602A
:10D39000616603F130016560616203F16001A260C2
:10D3A000616503F19001C033A562C4E90752C4E985
:10D3B0001352C4E90B2134496563A164201DC4E9FB
:10D3C0000E23C4E91055F6F79FFD034604F14C0007
:10D3D000A365F6F799FD03460020C4E9173538BD6B
:10D3E0002A4B01252A490822E360616603F12001E6
:10D3F0006560616203F14001A260616503F1600153
:10D40000A5628033C4E90752C4E91352D1E7214928
:10D410000125214B072261660821E360A16003F129
:10D4200020016560616203F13C01616503F158010F
:10D430007433C4E90C15C4E907521349C4E9135203
:10D44000C4E90A52B9E7154B012515490622E360E4
:10D45000616603F118016560616203F13001A26049
:10D46000616503F14801A5626033C4E90752C4E96C
:10D4700013529EE72046FDF7A7FE0A4838BD00BFBD
:10D480004CB20260DDC60060D8570020ACB102602B
:10D4900041CE0060E9CB00601CB10260A4B0026024
:10D4A000F9D1006080B1FFFF2DE9F04F11F80F6F47
:10D4B00083B04FF00F08DFF810B106F00F050192AE
:10D4C0003409009100EBC505D5E93032D5E910A942
:10D4D000164655464F461CE0009B5BF8352013F876
:10D4E000014D04F00F0E0093240900EBCE0EDEF880
:10D4F000C410DEF8C030DEF8405081EA1616DEF8BF
:10D5000044E08CEA03038AEA050586EA024687EAD4
:10D510000E0700EBC40408F1FF384FEA0379D4F892
:10D52000C4201B094FEA151E05F00F0543EA0673D8
:10D53000B8F1FF3F82EA1612D4F8C0604EEA077EC7
:10D5400083EA06035BF83560256C49EA1719646CB9
:10D550004FEA03778EEA050E4FEA131C89EA0409A5
:10D5600082EA06464FEA1E1A0EF00F054CEA067CC8
:10D570004AEA097A47EA1917AED10198320A4C46AD
:10D58000310E82701A0EC37102711A0C1B0A80F8D8
:10D590000FE04271220E8371230C0170240A310CBA
:10D5A000027243724FEA1E624FEA1E43C6704FEA90
:10D5B0001E2E80F80B90417084720273437380F8C2
:10D5C0000EE003B0BDE8F08F40B302604FF4C472C8
:10D5D000002114F0A5BD00BF2DE9F04F04468BB02B
:10D5E00017460846012219461E46FAF70DFB002889
:10D5F00000F09980D0F814800546B8F1100F40F083
:10D6000092802046FAF720FB29462046FAF72CFBA9
:10D6100010B10BB0BDE8F08F0123324639462046E9
:10D62000FAF74EFB0028F4D105AB06900590424670
:10D63000009306ABD8601946C3E901002046FAF70B
:10D64000F7FB0028E5D1089E4FF00008099B4FF03A
:10D65000000936BA4FF0030C1BBA0427C4F88460E3
:10D66000C4F88030DDE90625C4E930892DBA12BA44
:10D67000C4E91089C4E9405203F001014FEAC57EB4
:10D680006D08BCF1010CA1EB411145EAC2754FEAEE
:10D6900053034FEA520243EAC67382EA01624EEA3A
:10D6A000560604EBC7014FEA67070B644E64C1E9F5
:10D6B0003052E1D1032304F1400A04F1C00E4FF0CF
:10D6C0000209984603900EEBC9045EF839C00AEBD4
:10D6D000C9005AF83970666804F108034568524673
:10D6E00004EBC904D2F88810083381EA0C0BD2F895
:10D6F0008C10714043F808BC43F8041CA34252F854
:10D70000081F81EA070B516881EA050140F808BF4C
:10D710004160E7D1B8F101084FEA4909D3D1039834
:10D720000BB0BDE8F08F6FF0130072E72DE9F04FFA
:10D73000044689B00020129F139E0390002B00F036
:10D74000A7801D469146002300220C2D04F5B07BD6
:10D7500004F5B878C4F88011C4F86001C4F8640115
:10D76000C4F86801C4F86C01C4F87001C4F874010D
:10D77000C4F87801C4F87C01C4E95023C4E95223F9
:10D7800076D0EB00864606908DF81F30C5F34753E0
:10D790008DF81C30C5F34F338DF81D30C5F357138A
:10D7A000CDE904008DF81E30102DAA4609F1FF3393
:10D7B000DC4628BF4FF0100AD14409F1FF3201E0E6
:10D7C0009CF800E013F8010F8EEA000093420CF879
:10D7D000010BF5D15A4659462046FFF765FEB5EBD9
:10D7E0000A0502D094F860E1DEE704F25F130DF160
:10D7F00011020DF1200C01E012F8015B13F8010F8A
:10D80000624585EA00051D70F6D15A465946204604
:10D81000FFF74AFE03AB594610222046009304F559
:10D82000A873FAF705FB8146F0B9C4E95260DEB18E
:10D8300004F26F1A102E3546534607F1FF3128BF08
:10D8400010250AEB050C13F8012F11F8010F9C4568
:10D8500082EA00021A70F6D14246414620462F4421
:10D86000FFF722FE761BE5D1484609B0BDE8F08FF0
:10D87000D9F80830D9F80000D9F80420C4F86001BC
:10D88000CBF808300123CBF8042084F86F31C1E7CE
:10D890006FF01309E8E700BF2DE9F04F93424FF016
:10D8A000000491469A46054688462DED028B89B0C4
:10D8B000039402D99B1A8B4268D30021D5E95032D8
:10D8C00013EB080352F1000228BF012113F11F0FCF
:10D8D00072F10F005AD2002958D1C5E95032B8F17F
:10D8E000000F4DD005F5B07305F5B87708EE103A86
:10D8F00046463C463A46102E28BF102611466FF485
:10D90000B67012F8013D014401338D42DBB2137051
:10D9100001D0002BF2D003A804AB102218EE101A8D
:10D9200000902846FAF784FA58BBD5F880114A4689
:10D930000DF1100C0AF1FF3007EB060E19B9237830
:10D9400011784B402370117801321CF8013B4B4099
:10D9500000F8013FD5F88011012904D194F800B0F6
:10D9600083EA0B0323700134A645E7D13A463946D2
:10D970002846B144FFF798FDB8EB0608B244B7D18A
:10D98000002009B0BDEC028BBDE8F08F6FF01300F2
:10D99000F7E700BF2DE9F047D0E9506384B04FEAC4
:10D9A000C309D0F84C31DC00D0F8483149EA567947
:10D9B00044EA53744FEAC30A131F0C2B50D80D4688
:10D9C000F60000F5A87180462846174614F0C0FB03
:10D9D00046EA0A0349EA040213433DD09AFA8AF35D
:10D9E0004FEA196236BA8DF80B900193230C039617
:10D9F00008F26F168DF80130230A8DF808204FEADF
:10DA000019424FEA19298DF803408DF802300DF1C3
:10DA1000010C230E04A934468DF809208DF80A90D4
:10DA200001E01CF8013B14F8012F8C4583EA020346
:10DA30002370F6D108F5B8722F4440461146013FD5
:10DA4000FFF732FD691E11F8013F16F8012FB942A8
:10DA500083EA02030B70F6D1002004B0BDE8F08722
:10DA60006FF01300F9E700BF2DE9F04383B01446CF
:10DA70001A4605460B9B00930C9B01930A9BDDE91C
:10DA80000D69DDE90F87FFF751FE10B103B0BDE866
:10DA9000F0834B46324621462846FFF7FDFE00281C
:10DAA000F4D142463946284603B0BDE8F043FFF7BB
:10DAB00071BF00BF30B587B00C4605460A9900918A
:10DAC0000B9901910021FFF731FE08B107B030BD7D
:10DAD000DDE90E2321462846FFF7DEFE0028F5D1BA
:10DAE0000D9A284602A9FFF755FF0028EED10D9B9D
:10DAF000002BEBD002A9DDE90C3203EB020E5A1E1B
:10DB00000EF1FF3E12F801CF11F8013B964583EA72
:10DB10000C0340EA0300F5D10028D7D00F98214626
:10DB200004F0BAF96FF01100D0E700BF10B5044659
:10DB3000FAF78AF84FF4C4712046BDE8104004F0AB
:10DB4000ABB900BF2DE9F04F484B01222DED028B00
:10DB5000ADF5097D0F930E9203F5906203F507630F
:10DB600003900D920C930E994FF00009404B4A1C04
:10DB7000A1F10201DDF83C804FEA821A119203F113
:10DB80001802B1FA81F10B93079203F130024909AF
:10DB9000089203F1480260331091364906934346D8
:10DBA000C8460A91994609924FF4C472002126A8EA
:10DBB00014F0B6FA039B002B40F0B3812E4B0221E8
:10DBC00026A853F82850C03B03EB451553462A4678
:10DBD000FFF702FD10F1230F834603D1109B002BAA
:10DBE00040F00582BBF1000F2DD1079B26A8099AB2
:10DBF00053F8046B0B9F0793204B03EB86130A9E8D
:10DC000008EE103A52F8043B09920C9A02EB831387
:10DC1000089A0093049352F8043B089208EE903A55
:10DC2000069A52F8041B019157F8044B0B9756F8CB
:10DC3000047BCDE9051218EE102A01210A96FFF7A0
:10DC400075FD8346E0B1039B002B40F0718126A84F
:10DC5000F9F7FAFF26A84FF4C47104F01DF95846ED
:10DC60000DF5097DBDEC028BBDE8F08FC0B30260FD
:10DC700060B9026098BA026098BA0260B0BA0260F5
:10DC8000B64B214626A803EB871216AB1646FFF7C4
:10DC900003FE83460028D6D1102226A812A9FFF73A
:10DCA00079FE83460028CED12246494616A814F0B4
:10DCB00067FA002840F08E810D9B102212A803EB1A
:10DCC0000817394614F05CFA002840F0838126A832
:10DCD000F9F7BAFF4FF4C47126A804F0DDF8039BEE
:10DCE000002B40F043814FF4C472039926A814F02E
:10DCF00017FA53462A46022126A8FFF76DFC8346F1
:10DD00000028A0D1059B014618EE102A26A80193F1
:10DD1000049B009318EE903AFFF708FD8346002815
:10DD200091D116AB4A46214626A8FFF7B5FD83469A
:10DD3000002888D1102212A926A8FFF72BFE8346BF
:10DD4000002880D12246314616A814F019FA00287E
:10DD500040F040811022394612A814F011FA83468F
:10DD6000002840F0378126A8F9F76EFF4FF4C47100
:10DD700026A804F091F8039B002B40F007814FF494
:10DD8000C472039926A814F0CBF953462A460221FF
:10DD900026A8FFF721FC834600287FF454AF059B9B
:10DDA00018EE102A012126A80193049B009318EE77
:10DDB000903AFFF7BBFC834600287FF444AF202C49
:10DDC00016AB324640F2B880202126A8FFF764FD4A
:10DDD000A4F12001834600287FF435AF32461EAB04
:10DDE00026A82032FFF758FD834600287FF42BAF8A
:10DDF000102212A926A8FFF7CDFD834600287FF444
:10DE000022AF2246494616A814F0BAF9002840F07D
:10DE1000E1801022394612A814F0B2F98346002896
:10DE200040F0D88026A8F9F70FFF4FF4C47126A858
:10DE300004F032F8039B002B40F0B8804FF4C4721A
:10DE4000039926A814F06CF92A465346022126A805
:10DE5000FFF7C2FB834600287FF4F5AE059B014621
:10DE600018EE102A26A80193049B009318EE903A0E
:10DE7000FFF75CFC834600287FF4E5AE202C16AB50
:10DE80004A4662D9202126A8FFF706FDA4F1200109
:10DE9000834600287FF4D7AE1EAB09F1200226A8E6
:10DEA000FFF7FAFC834600287FF4CDAE102212A9BA
:10DEB00026A8FFF76FFD834600287FF4C4AE2246F4
:10DEC000314616A814F05CF9002840F083803946EA
:10DED00012A8102214F054F9834600287AD126A8FB
:10DEE000F9F7B2FE4FF4C47126A803F0D5FF039BE7
:10DEF000002B6BD108F1010809F14009B8F1060FB8
:10DF00007FF452AE0E9B032B74D1039B002B64D184
:10DF1000DDF80CB058460DF5097DBDEC028BBDE86F
:10DF2000F08F0F4B424651460E4814F015F945E666
:10DF30000D4814F019F98AE6214626A8FFF7ACFC33
:10DF4000834600283FF454AF7DE6214626A8FFF71C
:10DF5000A3FC83460028A9D075E600BFB0BD0260CF
:10DF60007C110020701C0020F0110020264814F0C5
:10DF7000FBF859464FF4C47226A814F0D1F8234B8D
:10DF800042465146224814F0E7F8B2E61E4814F023
:10DF9000EBF859464FF4C47226A814F0C1F81D4B93
:10DFA000424651461C4814F0D7F8EEE6164814F0E5
:10DFB000DBF859464FF4C47226A814F0B1F8134B9D
:10DFC00042465146144814F0C7F83DE70E4814F095
:10DFD000CBF88FE74FF0010B35E60A2014F09CF8E0
:10DFE00058460DF5097DBDEC028BBDE8F08F0B485E
:10DFF00014F0BAF8119B0E930F9B03F5C0730F93A7
:10E000000D9B60330D93AEE5A01100207811002028
:10E01000701C00207C1100208C1C00209811002016
:10E0200070B5064E034615460846346819192C4447
:10E0300014F08EF80020346070BD00BF0CC80020C2
:10E040006422002114F06CB8416570470165704787
:10E05000816570472DE9F04306468946904693B0A6
:10E06000044656F80C0B00F03FFBB9F1000F18BF47
:10E07000B8F1000F4FF00003054614BF0127002739
:10E080008DF80430013719E002A9204600F0E6FBC4
:10E090002A4602A9204600F05FFB2A463146204668
:10E0A00000F0C8FB3146204600F0D8FB9DF8043054
:10E0B0000133DBB2BB428DF8043014D2204600F0AD
:10E0C000FDFB2A463146204600F0B4FB012201A99F
:10E0D000204600F0AFFB022FD6D1424649462046EB
:10E0E00000F0A8FBD0E713B0BDE8F0832DE9F843BA
:10E0F0009046012205461F460E4600F0B7FA044638
:10E10000B0B905F10C09304600F0EEFA0246494676
:10E11000284600F021FB304600F0E6FA01210246D5
:10E12000484613F0FDFF3A4641462846FFF792FF66
:10E130002046BDE8F88300BFB2F5807F2DE9F041AD
:10E14000E0B02CD8056D90460446AB18B3F5C07FFF
:10E1500025D84FF4C0720E466846002113F0E0FF48
:10E160002A46E36D6946206E98470546D0B9276D6B
:10E1700016B1B8F1000F0AD13A4669462046FFF7BA
:10E1800069FF0123E364284660B0BDE8F0810DEB30
:10E19000070031464246474413F0DAFFECE76FF0E0
:10E1A0000405F0E76FF00805EDE700BF2DE9F04149
:10E1B0001646012204461D460F4600F057FA08B1E4
:10E1C000BDE8F081384604F10C0800F08DFA0746EE
:10E1D000414620463A4600F0BFFA3A464046012101
:10E1E00013F09EFF42F21073142FA365C4E9176564
:10E1F00010D91D2F35BF2423302318252025204674
:10E200002365DDE90612FFF797FF0028D8D12565C1
:10E21000BDE8F08118231025F1E700BF2DE9F84F84
:10E220001546064600680F469B46DDF828A000F01C
:10E230005BFAB5F5806F45D8BAF5807F45D8F36DA8
:10E2400081469BB3736D012B03D0F26CB36D9A4280
:10E250002CDD524659463046FFF76EFF20BB824602
:10E26000CDB106F10C08A94530464C4628BF2C46D6
:10E2700000F024FB4A464146304600F0DBFA4146B6
:10E28000304600F0EBFA38462246414613F060FF74
:10E290002D1B2744E7D1304652465946FFF7DAFE98
:10E2A000F36C00200133F364BDE8F88FBBF1000F7D
:10E2B000D6D0BAF1000FD3D0524659463046FFF7B8
:10E2C000C9FECDE76FF00200EEE76FF00400EBE768
:10E2D00000B5002383B00093FFF7A0FF03B05DF803
:10E2E00004FB00BF48B110B5044600F07DF964217D
:10E2F0002046BDE8104003F0CFBD7047F0B5B1B087
:10E300000446042000F05EF964220546002117A8A7
:10E3100013F006FF002C40F08380764E2946764BA2
:10E3200017A8764A3460CDE90044FFF73FFF18B1E3
:10E330000125284631B0F0BD012303AF502217A8B4
:10E340002C93394623460094FFF768FF0028EFD14D
:10E3500023465022394617A80094FFF75FFF002894
:10E36000E6D150226649384613F00AFF0028DFD173
:10E3700017A800F039F9642117A803F08DFD17A83C
:10E3800000F032F9642117A803F086FD002C7AD141
:10E390006422214617A813F0C3FE2946594B17A83B
:10E3A000564A3460CDE90044FFF700FF0028BFD192
:10E3B0002246214617A8FFF7BFFE0028B8D1234602
:10E3C0005022394617A80094FFF728FF0028AFD144
:10E3D00023465022394617A80094FFF71FFF002854
:10E3E000A6D150224849384613F0CAFE05460028F7
:10E3F0007BD117A800F0F8F8642117A803F04CFDB2
:10E4000017A800F0F1F8642117A803F045FD002CCF
:10E410008FD03E4813F0A8FE0A2013F07DFE88E757
:10E420003B4813F099FE334E0023344A294617A87F
:10E430003360CDE90033304BFFF7B8FE30B1012532
:10E44000344813F091FE284631B0F0BD012203AFED
:10E45000034600902C923946502217A8FFF7DEFEA3
:10E460000028ECD1034600905022394617A8FFF748
:10E47000D5FE0028E3D150222149384613F080FE12
:10E480000028DCD174E7214813F06EFE224813F017
:10E4900063FE6422002117A813F042FE00232946E0
:10E4A000164A336017A8CDE90033164BFFF77EFEFE
:10E4B0000028C4D10246014617A8FFF73DFE0028F8
:10E4C000BDD1034600905022394617A8FFF7A6FE9B
:10E4D0000028B4D1034600905022394617A8FFF710
:10E4E0009DFE00283FF47DAFA9E7002C3FF420AF4C
:10E4F000A5E700BF0CC8002030BF026021E000602B
:10E50000E0BF026068BF026090BF0260A0110020FF
:10E51000AC1C0020F0110020C81C002000487047EF
:10E5200030C0026010B5044630B30146184813F0FD
:10E530000BFE20B32146174813F006FEE8B1214632
:10E54000154813F001FEC0B12146144813F0FCFD3C
:10E55000B8B12146124813F0F7FDA0B12146114889
:10E5600013F0F2FD88B121460F4813F0EDFD0F4C7A
:10E5700000280CBF2046002010BD0D4810BD0D48DE
:10E5800010BD0D4810BD0D4810BD0D4810BD00BF99
:10E59000E41C0020FC1D002074390020201E0020F7
:10E5A000103200203C320020981E002010C3026070
:10E5B000D0C3026000C40260A0C3026070C30260E6
:10E5C00040C302600338C0B2052803D8024B53F899
:10E5D000200070470020704774050020002303606E
:10E5E00043608360704700BFC0B1036810B5044644
:10E5F0009BB1406808B15B6A9847A06838B123684E
:10E60000D968490003F048FCA06813F0D5FD204606
:10E610000C21BDE8104003F03FBC10BD704700BFA7
:10E62000E9B1F8B5B0FA80F60446760970B10B6A24
:10E630000D4698470746606050B1E968022013F024
:10E64000B7FDA06030B130462560F8BD0548F8BD83
:10E650000548F8BD38466B6A98470348F8BD01483D
:10E66000704700BF00AFFFFF80AEFFFFE9B1F8B514
:10E670000546B0B10B6A0C461746984706466860D7
:10E6800088B117B900202C60F8BDE168022013F0B2
:10E690008FFDA8600028F5D13046636A984704488A
:10E6A000F8BD0448F8BD0248F8BD0248704700BFF5
:10E6B00080AEFFFF00AFFFFF90B1036881B17BB177
:10E6C0000A6893420CD110B5B2FA82F464092AB1F7
:10E6D0009B6A496840689847204610BD014810BDB4
:10E6E0000048704700AFFFFF00B1007A704700BFDD
:10E6F00000B10078704700BF00B14068704700BFAC
:10E7000020B1036813B11B6940681847004870477F
:10E7100000AFFFFF20B1036813B15B694068184781
:10E720000048704700AFFFFF20B1036813B19B6939
:10E73000406818470048704700AFFFFF40B100B580
:10E740008E4611461A46C36970465DF804EB1847B9
:10E750000048704700AFFFFF2DE9F04391B000285B
:10E7600064D003680446002B60D08568002D5DD01E
:10E770009146DA6888464A4523D21B694068984723
:10E780000746A8B923684A46414660685B699847CE
:10E79000074668B923686E4660689B6931469847AA
:10E7A000074630B92368B046A568D3E9029209E06C
:10E7B0006E464021304603F06FFB384611B0BDE88D
:10E7C000F0836E4636212846AF1813F0A9FC236863
:10E7D0005C213846DA6813F0A3FCB9F1000F16D0BB
:10E7E00009F1FF3208F1FF3107F1FF3C6B1EA81859
:10E7F00011F8017F13F8012F7A4083421A701CF838
:10E80000012F0F7882EA07028CF80020F0D1D4E9BA
:10E8100000301B69984707460028CAD1236829465B
:10E820006068DA685C69A0470746C2E7004FC4E742
:10E8300000AFFFFF48B103683BB110B4846834B146
:10E840005B6940685DF8044B18470348704702480D
:10E850005DF8044B704700BF00AFFFFF002829D0D0
:10E860000368F0B5044691B013B3866806B30D464D
:10E87000DF68406869469B699847B8B92368606853
:10E880001B69984790B9F119D4E900305E69DA68DC
:10E89000B04758B92368694660685E699A68B047AE
:10E8A00020B92368294660689B69984711B0F0BD7C
:10E8B0000148FBE70048704700AFFFFFA0B10368C5
:10E8C00070B5044673B1856865B11B6940689847A7
:10E8D00048B92368294660685C69DA682346BDE860
:10E8E00070401847014870BD0048704700AFFFFFF7
:10E8F000F0B585B068B30D460146002017460122E9
:10E900001E460390CDE9010001A8FFF7AFFE0446C3
:10E9100028B101A8FFF768FE204605B0F0BD3A46D1
:10E92000294601A8FFF718FF04460028F1D1019BF2
:10E930008BB1039A7AB15B6931460A9A029898477B
:10E9400004460028E5D10B9901A8FFF787FF04468C
:10E95000DFE7024CE0E7014CDBE700BF00AFFFFF61
:10E9600020B1036813B1DB6A40681847004870475C
:10E9700000AFFFFF5822002113F0D2BB10B1582185
:10E9800003F08ABA704700BF582208B513F0E0FBC5
:10E9900008BD00BF10B40346074C084900220848D0
:10E9A000C3E902410749186110465DF8044B5961FB
:10E9B000C3E90022704700BF0123456789ABCDEF53
:10E9C000FEDCBA98765432108368DC4A2DE9F04FA9
:10E9D0001A448646C7688DB0D1F800B04C685A44D6
:10E9E000DEF8106001948D680B970295D1F81CA099
:10E9F000D1F83080D0E9043043403B404340D04818
:10EA00001344DEF814201044DEF8102007EB736383
:10EA10007A402044CB4C1A4034447240CE682C4497
:10EA2000C94D024487EA03003D44039603EB32528A
:10EA3000354410407840204483EA020402EBF03071
:10EA400004405C402C440D692E46C04D00EBB424BC
:10EA5000354404961D4482EA0003234053402B446E
:10EA60004D692F46BA4D04EB73633D440597154439
:10EA700080EA04021A4042402A448D692E46B54D70
:10EA800003EB325235440696054484EA03001040F5
:10EA900060402844B04D554402EBF030254483EAF1
:10EAA000020404405C402C440D6A2F46AB4D00EB41
:10EAB000B4243D4407971D4482EA00032340534099
:10EAC0002B444D6A2E46A64D04EB736335440896DD
:10EAD000154480EA04021A4042402A448D6A2F46B7
:10EAE000A04D03EB32523D440997054484EA0300EC
:10EAF000104060402844CD6A2E469B4D02EBF0301A
:10EB000035440A96994E254483EA020404405C4049
:10EB10002C44974D454400EBB4241D4482EA000385
:10EB2000234053402B444D6BD1F838902E4404EBD6
:10EB30007363019F164480EA04021A404240324443
:10EB4000CE6B8C4903EB32524944014484EA030002
:10EB50001040604008448849314402EBF0300C44D6
:10EB600083EA0201014059402144844C00EBB12169
:10EB70003C44069F1C4480EA010313404340234465
:10EB80007F4C01EBF3633C440A9F144481EA030287
:10EB900002404A4022447B4C03EBF2523C44059F26
:10EBA000044483EA0200084058402044764C02EBBB
:10EBB000B0405C440C4482EA0001194051402144B9
:10EBC000724C00EB31313C44099F1C4480EA010344
:10EBD0001340434023446E4C01EBF3633C44049FD9
:10EBE000144481EA030202404A402244694C03EB88
:10EBF000F2523444044483EA02000840584020445E
:10EC0000654C02EBB0403C44089F0C4482EA000192
:10EC1000194051402144614C00EB31313C44039F89
:10EC20001C4480EA01031340434023445C4C01EB45
:10EC3000F3634C44144481EA030202404A402244F4
:10EC4000584C03EBF2523C44079F044483EA020011
:10EC5000084058402044544C02EBB0403C44029FD2
:10EC60000C4482EA00011940514021444F4C00EB12
:10EC700031312C441C4480EA0103134043402344B7
:10EC80004B4C01EBF3633C44059F144481EA0302BF
:10EC900002404A402244474C03EBF252544483EA78
:10ECA000020C2044444C0CEA010C44448CEA030C52
:10ECB0000C448444414802EBBC4C3844019F82EA36
:10ECC0000C0118440B4053402344079C0CEB333396
:10ECD000594001443A48204403EB3171394C104407
:10ECE0008CEA03024A4002440A9801EB725204443F
:10ECF00083EA0100644450402044334C4C4402EB0E
:10ED000030401C4481EA0203434023442F4C3C44DE
:10ED100000EB7323049F0C4482EA00015940214414
:10ED20002B4C3C4403EB3171099F224480EA0304DD
:10ED30004C401444274A52444EE000BF78A46AD79E
:10ED400056B7C7E8DB702024EECEBDC1AF0F7CF50F
:10ED50002AC68747134630A8019546FDD898806992
:10ED6000AFF7448BB15BFFFFBED75C89937198FD11
:10ED70002211906B8E4379A62108B44962251EF6B4
:10ED800040B340C0515A5E26AAC7B6E95D102FD6DF
:10ED90005314440281E6A1D8C8FBD3E7E6CDE121B4
:10EDA000D60737C3870DD5F4ED145A4505E9E3A915
:10EDB000F8A3EFFCD9026F678A4C2A8D4239FAFF1B
:10EDC00081F6718722619D6D0C38E5FD44EABEA491
:10EDD000A9CFDE4B604BBBF601EB7454104483EAC1
:10EDE0000102624002448448384404EB3242039FEB
:10EDF000034481EA040050401844804B2B4402EB4A
:10EE000070200B4484EA0201414019447C4B5B446E
:10EE100000EB31711C4482EA00034B402344794CDF
:10EE20003C4401EB7353069F224480EA01045C409A
:10EE30001444754A3A4403EB3444089F024481EA7F
:10EE4000030060401044714A3A4404EB7020029F72
:10EE5000114483EA040242400A446D49414400EBF4
:10EE600032720B4484EA000151401944694B334427
:10EE700002EB7151234480EA02044C401C44664B6F
:10EE80003B4401EB3444059F184482EA010363408C
:10EE90000344624804EB73235844104463EA0102BC
:10EEA000624002445E4803EBB2625044084462EAA6
:10EEB0000401594001445B4802EBB15148442044ED
:10EEC00061EA030454402044574C01EB70403C4439
:10EED000039F1C4460EA02034B402344534C00EB65
:10EEE000F3234444144463EA010242402244504C58
:10EEF00003EBB2623C44099F0C4462EA00015940B2
:10EF000021444C4C02EBB1513C44019F044461EA62
:10EF1000030050402044484C01EB70403C44079FA4
:10EF20001C4460EA02034B402344444C00EBF323AF
:10EF30003C44144463EA010242402244404C03EB47
:10EF4000B2623444069E0C4462EA000159402144F6
:10EF50003C4C02EBB1513444049E044461EA03008A
:10EF600050402044384C01EB70402C44234460EA6C
:10EF700002044C401C44354B00EBF42433441A4447
:10EF800064EA010343401344DEF8082004EBB36352
:10EF90001A44CEF808200A9D2D4A029F2A440A44AA
:10EFA00063EA000161401144DEF8142003EBB15123
:10EFB0000A44CEF81420274A3A440B9F024461EADF
:10EFC00004005840104401EB704060EA030207441B
:10EFD0004A40DEF810103B46089F08441E49394459
:10EFE000CEF81000002021440A4403EBF223CEF8AF
:10EFF0000C300DB0BDE8F08F70BCBFBEC67E9B2844
:10F00000FA27A1EA8530EFD4051D880439D0D4D978
:10F01000E599DBE6F87CA21F6556ACC4442229F4CE
:10F0200097FF2A43A72394AB39A093FCC3595B6590
:10F0300092CC0C8F7DF4EFFFD15D84854F7EA86F5D
:10F04000E0E62CFE144301A3A111084E827E53F783
:10F0500035F23ABDBBD2D72A91D386EBC2B32DE9A4
:10F06000F843036806460D46144603F03F079B1815
:10F07000C7F14008036002D3436801334360C7B15E
:10F08000444516D306F118092946424609EB070004
:10F0900013F05EF849463046FFF796FC38B93C4419
:10F0A00045440746403C3F2C08D89CB90020BDE8A9
:10F0B000F8833F2C02D80DE03F2CF6D92946304684
:10F0C000403C4035FFF780FC0028F5D0BDE8F883D0
:10F0D0000020704706F1180022462946384413F0F4
:10F0E00037F8E3E770B50446006880220D4600F06B
:10F0F0003F0004F118062318013038281A7637D853
:10F10000C0F138020021304413F00AF82368314678
:10F11000666820465A0FDB0042EAC6022365626534
:10F12000FFF752FC18BBA3682B70A3681B0A6B7017
:10F130006389AB70E37AEB70E3682B71E3681B0AB9
:10F140006B71E389AB71E37BEB7123692B722369EC
:10F150001B0A6B72638AAB72E37CEB7263692B737D
:10F1600063691B0A6B73E38AAB73E37DEB7370BD5A
:10F17000C0F140020021304412F0D2FF3146204657
:10F18000FFF722FC0028F2D101463822304612F067
:10F19000C7FFBBE700230749074A10B4C0E90033A3
:10F1A000064C074B846043615DF8044BC0E90312D1
:10F1B000704700BF89ABCDEFFEDCBA9801234567ED
:10F1C00076543210FFF74ABFFFF78CBFFFF7FCBB46
:10F1D00070B596B004460D46164600215822684682
:10F1E00012F09EFF114B2A462146029303F1883309
:10F1F0006846039303F12943A3F59613A3F68B63A3
:10F200000493A3F188330593FFF728FF38B1044630
:10F210006846582102F040FE204616B070BD3146C7
:10F220006846FFF75FFF0446F2E700BF012345672A
:10F23000FFF7CEBF2DE9F04FDFF8888085B00025BD
:10F24000074608F12006DFF880A008F51679DFF8F8
:10F250007CB0D7B96A4658F8041F30465136FFF7DC
:10F26000B7FF044609EB0511102201356846ECB9D9
:10F2700012F086FF0446C0B967B9072DE9D16FB90E
:10F280003C46204605B0BDE8F08F691C504612F0A0
:10F2900063FFDFE7584612F067FFEEE70A2012F03F
:10F2A0003BFF204605B0BDE8F08F0124002FE8D0D9
:10F2B000034812F059FF204605B0BDE8F08F00BFAB
:10F2C000F011002048C00260E81C0020A0110020BE
:10F2D000FFF760BBFFF7C2BEFFF704BFFFF754BBE9
:10F2E000FFF772BB05F0A4B805F0FABF06F03CB812
:10F2F00005F098B805F0C0B8012106F093B900BF39
:10F3000006F0A6BD06F0E8BD012306F0C1BE00BFB1
:10F3100006F082B906F0D8B9002106F083B900BF23
:10F32000002306F0B5BE00BF012107F035B800BFCD
:10F3300007F036BE07F084BE012308F023B800BFF3
:10F3400007F024B807F0ACB8002107F025B800BFDB
:10F35000002308F017B800BF10B50446FFF70EFBF6
:10F360002046BDE8104012F027BF00BF10B504468C
:10F3700005F052F82046BDE8104012F01DBF00BF56
:10F3800010B5044606F042F92046BDE8104012F0E0
:10F3900013BF00BF10B5044606F0F2FF2046BDE8DB
:10F3A000104012F009BF00BF10B55821012012F023
:10F3B000FFFE044608B1FFF7DDFA204610BD00BF8E
:10F3C00010B55C21012012F0F3FE044608B105F0EF
:10F3D0001FF8204610BD00BF10B56C21012012F0AF
:10F3E000E7FE044608B106F00DF9204610BD00BF47
:10F3F00010B5D821012012F0DBFE044608B106F05A
:10F40000BBFF204610BD00BF53680BB918467047BC
:10F4100093682DE9F04F1C7817462F4B83B00646B2
:10F420008946A3FB04232D4A5D092B4605EB850580
:10F43000A4EBC504E4B2009412F0AEFE00283BDB5E
:10F44000484534BF00230123B3BBD7F804E006448A
:10F45000A9EB0005BEF1010F30D90224D7F808A0AE
:10F46000DFF87C8005E0A6452BD913F07E4F23D131
:10F4700001340AEB040C2946424630461CF801CC04
:10F480000CF07F0B1CF0800F0BEBC313EBD112F0D1
:10F4900083FE0028A5EB000106440DDBA84234BF23
:10F4A0000022012213463AB9D7F804E0A6450DD947
:10F4B0000D46D7F808A0DBE76FF00A0003B0BDE8FF
:10F4C000F08FA9EB050003B0BDE8F08F401B484466
:10F4D00003B0BDE8F08F00BFCDCCCCCCFC1C00202D
:10F4E000041D0020C8B1F8B5064645680F460C4C0F
:10F4F00003230C4803E054F8140F58B163689D428D
:10F50000F9D12A46B16812F03BFE0028F3D12369F5
:10F510003B60F8BD6FF02D00F8BD6FF02D00704717
:10F5200030C40260081D0020C8B1F8B50646456821
:10F530000F460C4C03230C4803E054F8140F58B149
:10F5400063689D42F9D12A46B16812F019FE00287D
:10F55000F3D123693B60F8BD6FF02D00F8BD6FF06B
:10F560002D007047A8C402600C1D0020C8B1F8B57A
:10F57000064645680F460C4C09230C4803E054F836
:10F58000140F58B163689D42F9D12A46B16812F050
:10F59000F7FD0028F3D1237C3B70F8BD6FF02D0000
:10F5A000F8BD6FF02D00704738C60260101D0020B6
:10F5B00010B40C4B4FF0010C0B4C04E053F8144FFB
:10F5C00054B193F810C08445F8D15B6800200C60FA
:10F5D0005DF8044B136070476FF02D005DF8044B2D
:10F5E000704700BF38C60260101D0020C8B1F8B5D2
:10F5F000064645680F460C4C08230C4803E054F8B7
:10F60000140F58B163689D42F9D12A46B16812F0CF
:10F61000B7FD0028F3D1237C3B70F8BD6FF02D00BF
:10F62000F8BD6FF02D00704788C602601C1D0020D9
:10F6300010B40C4B4FF0010C0B4C04E053F8144F7A
:10F6400054B193F810C08445F8D15B6800200C6079
:10F650005DF8044B136070476FF02D005DF8044BAC
:10F66000704700BF88C602601C1D002000B309233C
:10F670002DE9F0410546D0F804800F4616460E4CA1
:10F680000E4803E054F8140F70B163689845F9D13F
:10F690004246A96812F074FD0028F3D1237C3B7028
:10F6A000637C3370BDE8F0816FF02D00BDE8F08120
:10F6B0006FF02D00704700BFECC60260281D0020CF
:10F6C000C8B1F8B5064645680F460C4C09230C48EE
:10F6D00003E054F8140F58B163689D42F9D12A46EB
:10F6E000B16812F04DFD0028F3D1E3683B60F8BD2E
:10F6F0006FF02D00F8BD6FF02D007047ECC6026072
:10F70000281D002030B44FF0010C0C4C0C4D04E0CF
:10F7100054F8145F6DB194F811C08445F8D194F891
:10F7200010C08C45F4D1616800201560196030BCB0
:10F7300070476FF02D0030BC704700BFECC6026010
:10F74000281D0020C8B1F8B5064645680F460C4C88
:10F7500008230C4803E054F8140F58B163689D4225
:10F76000F9D12A46B16812F00BFD0028F3D1237CB1
:10F770003B70F8BD6FF02D00F8BD6FF02D007047A5
:10F7800004C80260341D0020C8B1F8B506464568BB
:10F790000F460C4C08230C4803E054F8140F58B1E2
:10F7A00063689D42F9D12A46B16812F0E9FC00284D
:10F7B000F3D1237C3B70F8BD6FF02D00F8BD6FF0E6
:10F7C0002D00704790C80260401D0020C8B1F8B5F8
:10F7D000064645680F460C4C08230C4803E054F8D5
:10F7E000100F58B163689D42F9D12A46B16812F0F2
:10F7F000C7FC0028F3D1E3683B60F8BD6FF02D0033
:10F80000F8BD6FF02D00704708C902604C1D002044
:10F8100010B40C4B4FF0030C0B4C04E053F8144F96
:10F8200054B193F810C08445F8D15B6800200C6097
:10F830005DF8044B136070476FF02D005DF8044BCA
:10F84000704700BF04C80260341D0020C8B1F8B57D
:10F85000064645680F460C4C05230C4803E054F857
:10F86000140F58B163689D42F9D12A46B16812F06D
:10F8700087FC0028F3D1237C3B70F8BD6FF02D008E
:10F88000F8BD6FF02D00704778C90260581D002048
:10F8900000B30A232DE9F0410546D0F804800F4655
:10F8A00016460E4C0E4803E054F8140F70B163680E
:10F8B0009845F9D14246A96812F062FC0028F3D1BC
:10F8C000237C3B70637C3370BDE8F0816FF02D00CA
:10F8D000BDE8F0816FF02D00704700BFB4C9026031
:10F8E000601D00202DE9F0439BB007468846164670
:10F8F00004A81D46FFF73EF804A8FFF74BF860B1D7
:10F900000446E94604A8FFF739F84846102102F0FA
:10F91000C3FA20461BB0BDE8F083229A294604A80A
:10F92000FFF79CFB044608B1E946EBE708223146A5
:10F9300004A8E946FFF792FB04460028E2D104A898
:10F940004946FFF7CFFB04460028DBD1B8F1100F82
:10F9500037D94C460FCC386004A87960BA60FB6098
:10F96000FFF718F804460028CCD1102249460DEBC9
:10F970000200FFF773FB04460028C3D12946229AF0
:10F9800004A8FFF76BFB04460028BBD131460822D0
:10F9900004A8FFF763FB04460028B3D1494604A836
:10F9A000FFF7A0FB04460028ACD1B8F1200F07F107
:10F9B0001000494614BFA8F11002102212F0C8FB33
:10F9C000A0E742463846494612F0C2FB9AE700BF1C
:10F9D000F0B5EBB005460E461746709C0AA8039397
:10F9E000F8F77EFD00942A46039B182104A8FFF730
:10F9F00079FF044648B10AA8F8F778FD04A8182151
:10FA000002F04AFA20466BB0F0BD04A90AA8F9F743
:10FA1000D5FB04460028EED101462B463A460AA8FB
:10FA2000CDE90066F9F72CF90446E4E72DE9F04149
:10FA3000D0B006460D461746579C0AA89846F1F7DF
:10FA400019FE00943246569B294602A8FFF74AFF4A
:10FA5000044650B10AA8F1F713FE02A8294602F0A5
:10FA60001BFA204650B0BDE8F081EA0002A90AA8BE
:10FA7000F1F720FF04460028ECD101463346424608
:10FA80000AA8CDE90077F2F70DFD0446E2E700BFD2
:10FA90000023036043608360704700BF2DE9F04797
:10FAA000ACB0002800F068820646184688469146A9
:10FAB0001F4612F03DFB0546002800F051824946E2
:10FAC000384612F035FB0446002800F04982854292
:10FAD00080F04682404612F043FB2B5C05EB0008A9
:10FAE000202B03D198F8013008F101080D2B03D128
:10FAF00098F8013008F101080A2B40F0318248469D
:10FB000008F1010512F02CFB235C0246202B224455
:10FB100001D1537801320D2B01D1537801320A2BD8
:10FB2000369B08BF0132D21B1A60631B152B4EDCBB
:10FB30004FF00009C846A54280F014820021641BE2
:10FB40002B4605AA08460094F3F730FD2C3000F050
:10FB5000118205990120039112F02AFB0746002823
:10FB600000F0158200942B4605AA0399F3F71EFDB9
:10FB70000446002840F0A280B8F1000F7FD0349BEB
:10FB8000002B00F0FB81B9F1250F00F01B81B9F1CA
:10FB9000210F00F02D81B9F1050F7CD0B9F1060FCE
:10FBA00000F01A81B9F1070F00F0CD810599022903
:10FBB00005D93B78302B02D17B78832B60D938462E
:10FBC000B14C02F069F9384612F0F6FA5AE0162202
:10FBD000AE49284612F0D4FA0028A9D198F8173077
:10FBE0000D2B53D008F117070A2B40F0BB817D1C69
:10FBF000A4EB0508B8F1160F6DDD1722A4492846BD
:10FC000012F0BEFA002840F0CD8007F11803E31A85
:10FC10000F2B40F3C5800DF120086FF016050890FA
:10FC200007F1270CC8F80400ED1B07F1170011E0DD
:10FC3000A1F1370E13F0010F4FEA530308BF4FEA4B
:10FC40000E1E18F80320604542EA0E0208F8032051
:10FC500000F0E9802B1810F8011FA1F13002A1F18A
:10FC600041099646D2B2092AE4D9B9F1050FA1F1AA
:10FC70006102A1F1570EDBD9052ADBD990E0059985
:10FC8000C6E9007120462CB0BDE8F08708F11807DE
:10FC900098F81830A8E735993A46059B08A80191CD
:10FCA000349900911021FFF7C1FE0546002D3FF465
:10FCB0007DAF38462C4612F07FFAE3E705993846C7
:10FCC000A4F5885402F0E8F8384612F075FA204698
:10FCD0002CB0BDE8F087B8F1110F00F3B980B8F18E
:10FCE0000D0F6DDD0E226B49284612F049FA0028EF
:10FCF00066D1B8F1150F63DD16226749284612F068
:10FD00003FFA002800F0308116226449284612F09C
:10FD100037FA002800F02B8116226149284612F09C
:10FD20002FFA00284CD14FF0070905F11603E31A0A
:10FD30001F2B35DD00230DF120086FF0140705F1AE
:10FD40001500089305F1350C7F1BC8F80C30C8E985
:10FD5000013311E0A1F1370E13F0010F4FEA530305
:10FD600008BF4FEA0E1E18F80320844542EA0E022F
:10FD700008F8032000F0E5803B1810F8011FA1F1FE
:10FD80003002A1F1410A9646D2B2092AE4D9BAF169
:10FD9000050FA1F16102A1F1570EDBD9052ADBD9CC
:10FDA000404C6FE712224049284612F0E9F900283A
:10FDB00056D00E223749284612F0E2F900289BD08F
:10FDC0003A4C5FE7359908A8349B00913946059A6B
:10FDD000FFF7FEFD054669E735993A46059B08A8F9
:10FDE0000191349900911821FFF720FE05465DE747
:10FDF0000CA8DDF814900DF12008F8F767FB359B8F
:10FE00000821424606A80093349BFFF76BFD054688
:10FE1000002800F084800CA8F8F75CFB06A80821F5
:10FE200002F03AF842E707F128054FF02509A4EB64
:10FE30000508B8F10D0F6ADC2B780D2B01D16B781A
:10FE400001350A2B40F08E8001354FF0010872E633
:10FE500012221549284612F093F900287FF442AF88
:10FE600007F11303E31A0F2B9ADD00230DF120088D
:10FE70006FF0110507F11200089307F1220CED1B3A
:10FE8000C8F8043025E000BF80ECFFFFD427002035
:10FE9000EC270020602800201828002030280020AF
:10FEA0004828002000EEFFFF0428002080EDFFFF1F
:10FEB000A1F1370E13F0010F4FEA530308BF4FEAC9
:10FEC0000E1E18F80320604542EA0E0208F80320CF
:10FED00014D02B1810F8011FA1F13002A1F1410933
:10FEE0009646D2B2092AE5D9B9F1050FA1F161020E
:10FEF000A1F1570EDCD9052ADCD951E707F123051A
:10FF00004FF02109A4EB0508B8F10D0F94DD0E2286
:10FF10002049284612F034F900288DD1E9E606A9D7
:10FF20000CA8F9F799F8054600287FF474AF43460A
:10FF30004A4600210CA8CDE90077F8F70FFC0546EA
:10FF400069E7363578E735993A46059B019134994A
:10FF5000009120210DEB0100FFF768FD0546A5E6A5
:10FF60000D4C8FE60D4C8DE64FF00509DDE64FF0A8
:10FF70000609DAE60A4C85E60A4C83E63846059916
:10FF800001F08AFF3846084C12F016F97AE6074C61
:10FF900078E600BF6028002080EFFFFF00EFFFFF42
:10FFA000D4EEFFFF80EBFFFF00EDFFFF80EEFFFFD1
:10FFB00010B50446006818B1616801F06DFF206853
:10FFC00012F0FAF8A06812F0F7F820460C21BDE80C
:10FFD000104001F061BF00BF2DE9F04F1D4687B012
:10FFE0000E4600218146134608460392009505AA55
:10FFF000DDF84080F3F736FA484612F0B1F8824651
:02000004600199
:10000000304612F0ADF8059F119B7C1C04EB971451
:10001000544404449C42039B5AD8002F46D1BA460C
:10002000394605AA50460095F3F71CFA0746002802
:1000300047D1484612F094F849460246404612F02D
:1000400087F8484612F08CF8059D08EB000495B13E
:10005000D3464FF00A09402D2A462046594628BF6C
:100060004022AD1A1444934412F072F8059504F836
:10007000019B002DEFD1304612F072F83146024656
:10008000204612F065F8304612F06AF80022034666
:100090005046E2541C44129B0134A4EB08041C603B
:1000A00012F08AF8384607B0BDE8F08F39460120D3
:1000B000039312F07DF8039B82460028B0D1074FCE
:1000C000F0E7504612F078F8384607B0BDE8F08FF8
:1000D000129B6FF029071C60E4E700BF80EEFFFF72
:1000E0000138C0B2032803D8024B53F820007047F0
:1000F000002070479C05002010B10023C0E90033A8
:10010000704700BF68B1036810B5044643B140684A
:100110009B6A984720460821BDE8104001F0BCBE0C
:1001200010BD704780B170B50D4649B106680446F0
:1001300036B94B6A9847606020B13046256070BD83
:10014000024870BD024870BD0048704780C1FFFF83
:1001500080C0FFFFD8B12DE9F04706680546A6B973
:10016000DFF83C801F4689469246D8F824309847ED
:100170000446686068B1089B3046C5F80080A760F7
:10018000E360C4E9009ABDE8F0870348FBE7024852
:1001900070470248F7E700BF80C1FFFF80C0FFFF44
:1001A000F0C9026020B1036813B19B68406818472A
:1001B00000207047034608461BB11B680BB1DB6883
:1001C00018470020704700BF2DE9F04182B0DDE9FB
:1001D0000878D0B105680446BDB1164653B12D6903
:1001E000BDB13246AC46CDE90878606802B0BDE8E2
:1001F000F041604708460191FEF7E4F928B1FEF7A7
:1002000073FA256803460199E9E7034802B0BDE89F
:10021000F0810248FAE700BF80C1FFFF00C1FFFF85
:100220002DE9F04F87B0DDE910ABDDE91298002A27
:1002300049D00D4611681446002944D01F46CB68AA
:1002400006469847002840D0062E0ED0002D3AD101
:100250005B46524639462046CDF84480CDF8409062
:1002600007B0BDE8F04FFFF7AFBF65B3236833B108
:100270009B68606898470730B8EBD00F27D3CDF85C
:10028000149000230097CDE901BA69682A78CDE976
:1002900003211A461946606803F030F9054618B183
:1002A000284607B0BDE8F08F236823B19B686068DB
:1002B00098470730C008074B804588BF1D46284631
:1002C00007B0BDE8F08F044DEAE7044DE8E7044DC0
:1002D000E6E700BF00C7FFFF80C1FFFF00C1FFFFCF
:1002E00080BCFFFF2DE9F04782B0DDE90A78DDE947
:1002F0000C9AE0B1154602680446C2B163B1566972
:10030000CEB12A46B446CDE90C9ACDE90A786068A8
:1003100002B0BDE8F047604708460191FEF752F988
:1003200028B1FEF7E1F9226803460199E7E703489F
:1003300002B0BDE8F0870248FAE700BF80C1FFFFC6
:1003400000C1FFFFF0B438B104682CB1A46934B126
:10035000A4464068F0BC60470248F0BC70470248C1
:10036000FBE700BF80C1FFFF00C1FFFFF0B438B161
:1003700004682CB1E46934B1A4464068F0BC60471D
:100380000248F0BC70470248FBE700BF80C1FFFF96
:1003900000C1FFFFD8B10268CAB1C1B10B68B3B1E7
:1003A00010B41C6AACB193F800C0BCF1050F07D0C3
:1003B0009A4208D12346496840685DF8044B1847C3
:1003C0001378012BF6D004485DF8044B70470348BE
:1003D00070470248F8E700BF00C1FFFF80C1FFFF80
:1003E00040B108B503684BB1DB6A2BB14068984750
:1003F000002008BD02487047024808BD004808BDFB
:1004000080C1FFFF00C1FFFF18B103680BB158683E
:1004100070470148704700BF7028002010B1006885
:1004200000B10078704700BF062818BF01280CBF34
:1004300001200020704700BF08B502F0F1F8C000AD
:1004400008BD00BF2DE9F04385B007460D46904634
:10045000DDF834901E4602F0E3F8484514D80C9BB2
:100460000446CDF8088038460393002301961A46C7
:100470001946009503F042F918B9044B4C4538BFB2
:10048000184605B0BDE8F0830148FAE700C7FFFF52
:1004900080BCFFFF2DE9F04383B00C4617460646AB
:1004A0000C991D460D9A01910092DDE90A8902F02E
:1004B000B7F80123C9F8000030460B950A94DDE92E
:1004C0000021CDE90C7803B0BDE8F04302F080BF15
:1004D0002DE9F04F144681B007460E461D46DDE972
:1004E0000A8ADDE90C9B02F09BF8A0420DD15A4626
:1004F0004946384601230B96CDF82880CDE90C5AA1
:1005000001B0BDE8F04F02F0E1BD024801B0BDE826
:10051000F08F00BF80BFFFFF2DE9F04F81B006468E
:100520000D4614469946DDE90A87DDE90CAB02F079
:1005300077F8B842C8F800000CD85A465146304601
:100540000023CDF830900B950A9401B0BDE8F04F30
:1005500002F022BC014801B0BDE8F08F00BCFFFFF3
:1005600002F0B8B830B4012300F10804054D14308E
:10057000054A0D618C600B704A600B73486130BC9A
:10058000704700BF842800207C2800200238022801
:100590008CBF002001207047806D704710B582B07D
:1005A00011461A46DDE904340094F9F725FF10F5E9
:1005B000984F08BF00F5985002B010BDF9F7BEBEC5
:1005C00070B5B0B015461E46039005A8F9F798FF20
:1005D000039905A8F9F776FF044628B105A8F9F7AD
:1005E00091FF204630B070BD359C3246349B294681
:1005F000009405A8F9F700FF10F5984F044608BFCE
:1006000000F5985405A8F9F77DFF204630B070BD7D
:10061000F0B5B1B004460D46164605A81F46F9F7D9
:100620006FFF214605A8F9F74DFF30B1044605A834
:10063000F9F768FF204631B0F0BD399C3B463246A1
:100640002946039405A8389C0294379C0194369C53
:100650000094F9F773FE044605A8F9F753FF204606
:1006600031B0F0BDFBF708BE0222034B88300A70A0
:10067000C1E90130704700BF8C28002002380128F2
:100680008CBF002001207047A0F10400B0FA80F078
:1006900040097047A0F10100B0FA80F040097047AE
:1006A00008B5C36800689847C00008BD2DE9F0434D
:1006B00083B004460D4617461E460D9ADDF8288085
:1006C000C36800680092DDE90B9101919847C9F871
:1006D000000001230B96CDE90C78A6682068B4468B
:1006E0000A95DDE9002103B0BDE8F043604700BF93
:1006F0002DE9F047154604460E46C16800681F46BE
:10070000DDF82090DDF824808847A8420BD1CDF891
:10071000248033464A460121D4E900050897AC46B7
:10072000BDE8F04760470148BDE8F08780BFFFFFA4
:1007300010B5044603F01CF82046BDE8104011F047
:100740003BBD00BF10B50446FAF786FD2046BDE864
:10075000104011F031BD00BF10B50446F9F7D2FECC
:100760002046BDE8104011F027BD00BF10B504467B
:10077000102101F091FB2046BDE8104011F01CBD96
:1007800010B5AC21012011F013FD044618B1002270
:10079000114601F0EBFC204610BD00BF10B5AC21A6
:1007A000012011F005FD044608B1FAF7E3FC2046EC
:1007B00010BD00BF10B5AC21012011F0F9FC0446BA
:1007C00008B1F9F79DFE204610BD00BF10210120A1
:1007D00011F0EEBC2DE9F041CB68ADF50C7D06467D
:1007E00008680C4698470546304601F019FFED00B1
:1007F000B5EBC00F32D120222A2104A8202711F006
:100800008FFCE368206898470CAB002205460393F1
:1008100004AB114602930123CDE90027D4F80880E8
:100820002068C047044620B120460DF50C7DBDE888
:10083000F081304601F0F4FE854280460ED30CABC9
:10084000304622462146039304AB01970293234688
:10085000009402F053FF08B94545E5D9024C204603
:100860000DF50C7DBDE8F08100BEFFFF004870472C
:1008700000E1FFFF2DE9F04FADF5197D9046A39AF9
:10088000DDF888B2402A98BF402B0091CDE90103E2
:100890009DF8900200F2F780802994BF0024012483
:1008A000002C40F0F080FDF78DFE0646002800F099
:1008B000F18005A8FDF792FE2246314605A8FDF716
:1008C000D5FE18B10DF5197DBDE8F08F30460DF15C
:1008D000E00AFDF709FF2128A59B054634BF4FF02C
:1008E00040094FF08009D9B218A84A464C4611F089
:1008F00017FCCDF80C90DDF88C92A1454F46504680
:10090000594628BF27463A46BA4411F021FCE41B59
:10091000F3D1DDF80C900DF5B07A4C46D346DDF8F6
:100920000890A1454F465846414628BF27463A46BB
:10093000BB4411F00DFCE41BF3D1009B08AFDDF8C4
:100940000C90002B00F0A18078ABDDF898B20293F8
:1009500005A8FDF7D5FE30BB4A4618A905A8FDF746
:10096000D9FE00BB4A4638A905A8FDF7D3FED0B989
:100970004A46514605A8FDF7CDFEA0B9394605A85F
:10098000FDF7D2FE78B9BBF1010F25D9012401E0B2
:100990005C4521D03B462A46394630460134FDF7B6
:1009A000CDFE0028F4D0804638A8802101F074FAEA
:1009B0005046802101F070FA0298802101F06CFA13
:1009C0004021384601F068FA05A8FDF70DFE4046C3
:1009D0000DF5197DBDE8F08F009C3946019AAC42B7
:1009E000104628BF2C4622440192224611F0B0FB4B
:1009F000009B1B1B00934AD04C46DDF80880CDF8C5
:100A000098B2CB46C146A04645452C464846394695
:100A100028BF44462246A14411F09AFBB8EB0408D3
:100A2000F2D1D946029BDDF898B203EB09014846A2
:100A30000A4600E03BB912F8013D013803F1010319
:100A4000DBB21370F6D138AB0C4603EB0900002380
:100A500010F8012D14F801CD6244134438AA8242E3
:100A60000370C3F30723F3D10AEB0900002310F846
:100A7000012D11F8014D8245224413440370C3F344
:100A80000723F4D164E704481CE778AB02934FF0E6
:100A9000000889E7014815E780E0FFFF00E1FFFF5C
:100AA0002DE9F04F4FF0000ADBB0044610468846AF
:100AB0001F46659DCDF820A0F7F794F8002800F0B8
:100AC000C280802D0646D0F80490D0F80CB0CDF846
:100AD00024A000F2B68051464FF4817219A8CDF8D7
:100AE00030A0CDE90AAA11F01BFB04F1080AD4E9F1
:100AF000013119442368302B40F0A18004230BAA54
:100B000050460791F1F7F2FF079900284DD0A0F564
:100B1000F454002C45D15DB1649B681E19AA184499
:100B2000013B13F8011F0232984202F8011CF8D170
:100B3000099A6B1C4FEAD90911A804925B000B9A21
:100B40004946029701920C9A079300920122039260
:100B500019AAFFF78FFE044618BB079BBBF1000FD5
:100B600035D10DAD19A8F7F76BF8314619A8F7F78D
:100B70007BF8044650B94FFA88F311A94FEAC9022D
:100B800019A8F7F79DF80446002833D011A82021B2
:100B900001F082F92846102101F07EF919A8F7F733
:100BA00053F820465BB0BDE8F08FA36850460B9A1F
:100BB0000C93134409AA0791A360F1F7D9FF079991
:100BC0000028A4D1A3689942A5D0204CE9E7099A4E
:100BD0000DAD59460297049228460B9A01920C9A41
:100BE00000920222039219AAFFF744FE044600284D
:100BF000B8D0D6E7F268294619A8F7F7CFF8044627
:100C00000028C3D119A8F7F7EBF804460028BDD196
:100C100008AA689B19A80092DDE96612F7F708F99F
:100C200004460028B2D1689B08AA089919A819445B
:100C3000F7F710FA064B041E18BF1C46A6E7054C32
:100C4000AFE7054CADE7054CABE700BF1AE1FFFF8E
:100C500000E2FFFF1EE1FFFF80E0FFFF00E1FFFF7A
:100C60002DE9F04FA3B0044600689A460F4690461F
:100C7000DDF8B490FDF738FD0023ADF804308DF8B1
:100C8000063001238DF807302E9B002B66D012AB67
:100C9000064603EB000B424639462046FDF75CFD55
:100CA00000285CD12C9A51462046FDF7C3FD002850
:100CB00055D1042220460DEB0201FDF7BBFD0028B3
:100CC0004DD112A92046FDF7C9FD002847D1324673
:100CD00012A902A811F03CFAB9F1010F22D901259D
:100CE000424639462046FDF737FD002837D13246C7
:100CF00002A92046FDF79EFD002830D102A920461A
:100D0000FDF7ACFD58BB56B112AA02A8117810F835
:100D100001CB81EA0C0102F8011B9345F6D10135A4
:100D2000A945DDD12E9A12A92E9BB2422F9828BF39
:100D300032469B1A2E93034613442F9311F008FA60
:100D400002AA042012F8011D01380131C9B2117044
:100D500009B90028F6D12E9B002B9CD1002023B08E
:100D6000BDE8F08F2DE9F0438568BDB01F464368AC
:100D7000002408951D4403680994302BCDE90644EE
:100D80004FF004048DF8164040F0B58088461646B2
:100D900010AB0AAA294608A8F1F7F0FF002860D195
:100DA0000B9A092A40F0CC800C99674811F0E8F9B9
:100DB000002840F0C580129B119A249303EB02098E
:100DC000109B302B40F09780234617AA494624A851
:100DD000F1F78CFE38B1A0F53C54002C33D02046FE
:100DE0003DB0BDE8F083249B4946179A24A8189388
:100DF000134406AA2493F1F7BBFE0028EBD1249BF1
:100E0000994520D007AA494624A8F1F7B1FE10F170
:100E1000620F01D00028DED1249B994513D04946AA
:100E200024A82CAAF2F706F80028D4D12CA80DF19A
:100E30001601FEF7A9FC002840F08280249B99450A
:100E400001D0424CCBE79DF81600FDF7BBFB0446F2
:100E5000002875D0294608A813AB0DAAF1F78EFF1C
:100E600028B1A0F53C5420463DB0BDE8F0830DA864
:100E70000DF11701FEF7EAFC002861D19DF817007B
:100E8000F6F7B0FE054600285AD04368DB08079302
:100E9000139B042B56D1149AC3689A4252D119A8B5
:100EA000FDF79CFB2CA8F6F7CBFE24A8DDE9142166
:100EB00011F04EF92146012219A8FDF7D7FB04468F
:100EC00078B9079B31461CAE3A46029319A8069B97
:100ED00003960193179B0093189BFFF7C1FE0446EE
:100EE00058B119A8FDF780FB2CA8F6F7ADFE2046F7
:100EF0003DB0BDE8F083164C71E729462CA8F6F703
:100F0000B3FE04460028ECD1079A4FFA88F3314625
:100F10002CA8D200F6F7D4FE04460028E1D146986A
:100F200009AA449B24A9CDE90102459A2CA8009264
:100F3000149AF7F759F9074B041E18BF1C46D0E75F
:100F4000054C4CE7054C4AE7B02800209AD0FFFF3B
:100F50009ED0FFFF00D2FFFF80D1FFFF00D1FFFF37
:100F60002DE9F04F9BB0064607A8FDF737FB04209C
:100F7000FDF728FB002844D00146012207A8FDF711
:100F800075FB044600283CD12C4D0AAF05F1F00357
:100F900005F1C00B05F1D80A05F590780493A94630
:100FA00005F584730593002E34D1059B07A803979C
:100FB00053F8045B049A029505935AF8043B009396
:100FC00052F8043B04921E4A0193434602EB44113B
:100FD0005BF8042B08F128080134FFF741FE78B9CB
:100FE0002A464846394609F1200911F0C9F8054654
:100FF00030B9A6B9062CD6D1A946A6B9B14602E0A9
:10100000AEB94FF0010907A8FDF7EEFA48461BB04C
:10101000BDE8F08F21460B4811F09EF8C5E70A485D
:1010200011F0A2F8E6E70A2011F076F8EBE707489E
:101030004FF0010911F098F8E5E700BFE0CA02603F
:10104000F0CC0260BC280020A0110020F01100208C
:1010500070B58AB016463023044609AA0D46F1F74A
:1010600045FD58B92368099A13449D4243D1022390
:1010700009AA29462046F1F739FD18B1A0F56C50B0
:101080000AB070BDCDE90500CDE90300CDE901004E
:1010900000900346099A3046216801F0A9F860BB28
:1010A000236809AA099920460B4429462360022394
:1010B000F1F71CFD0028E1D1099A03460290014690
:1010C0000692CDE903002268CDE9000005920246B0
:1010D000304601F08DF880B923683046099A1344F0
:1010E000236001F0BFF840B9304601F09BFA20B907
:1010F0002368AB42C4D00248C2E70248C0E700BF41
:101100009AC4FFFF00C5FFFF70B58EB00C461646AF
:1011100005460BA8F2F700FDA119302309AA0AA879
:101120000A94F1F7E3FC20B1A0F5745420460EB008
:1011300070BDDDE9093608AA0AA81E443146F1F758
:1011400017FD002840F0D680089B002B40F0DA8085
:10115000022309AA31460AA8F1F7C8FC044670B177
:101160000BA8F2F7E1FC4FF680731C4200F0C78039
:10117000674C284602F0FCFA20460EB070BD0346CC
:101180000090CDE90500CDE90300CDE90100DDE9DE
:101190000921284601F02CF804460028E0D1314608
:1011A0000AA8DDE90923134409AA0A930223F1F7E7
:1011B0009DFC04460028D3D1099B024601460090BD
:1011C00006930A9BCDE90300CDE901000593034690
:1011D000284601F00DF804460028C1D131460AA87E
:1011E000DDE90923134409AA0A930223F1F77EFCDF
:1011F00004460028B4D1099B02460146009004939E
:101200000A9BCDE90500CDE901000393034628467A
:1012100000F0EEFF04460028A2D131460AA8DDE91D
:101220000923134409AA0A930223F1F75FFC044639
:10123000002895D10022099B2846009311460A9B5D
:10124000CDE90522CDE90322CDE9012200F0D0FF4E
:101250000446002884D109AA0AA8DDE909130B4431
:1012600031460A930223F1F741FC044600287FF43B
:1012700077AF099B02460146009002930A9BCDE995
:101280000500CDE9030001930346284600F0B0FFB6
:10129000044600287FF464AF2846DDE9092313449F
:1012A0000A9300F0DFFF044600287FF459AF0BAA31
:1012B00031460AA8F1F73EFD044600287FF450AFFE
:1012C0000BAA31460AA8F1F735FD044600287FF441
:1012D00047AF0BAA0AA83146F1F72CFD04460028B7
:1012E0007FF43EAF0A9B0BA8B3420DD0084CF2F737
:1012F0001BFC3EE7A0F5745420460EB070BDA4F56B
:10130000745436E7034C11E7F2F70EFC0EE700BF0A
:1013100000C3FFFF80C2FFFF70B5002584B01646F2
:101320001C4601AA9D60C3E90055F1F727FD18B1DD
:10133000A0F56A5004B070BD314601A8FEF716F959
:1013400068B93378012BF5D12368052B00D043B958
:101350006268054B002A18BF184604B070BD0348E8
:10136000E8E70148E6E700BF80C5FFFF80C3FFFF55
:101370000368062BF0B50D46C3B000F0B3800446F9
:1013800004A8F9F7F1FE02A823AAD4E901631E44D8
:1013900002933146F1F7ECFB002843D1239B013B3C
:1013A000022B00F23B813023314602A803AAF1F759
:1013B0009DFB044680BB03AA02A8DDE902731F441B
:1013C00006233946F1F792FB044628BB039A072A05
:1013D00040F02681029C9D49204610F0D1FE002855
:1013E00040F01E810734394602A805AA0294F1F79D
:1013F000A1FCB8B905A8F2F787FD029B1A909F429D
:1014000040F01581302303AA314602A8F1F76EFBA4
:101410000446002800F0818004A8F9F7D5FE204694
:1014200043B0F0BDA0F57454002CF5D123A8F9F712
:101430009BFEF9F735FE0378064623B945E016F81A
:10144000013F002B41D023A8F9F7BEFE317823A835
:10145000FBF78CFF0446002858D11A9A399B9A4210
:10146000EDD11B9A3A9B9A42E9D124A905A8F2F73B
:1014700077FF0028E3D127A908A8F2F771FF002819
:10148000DDD12AA90BA8F2F76BFF0028D7D136A926
:1014900017A8F2F765FF0028D1D12DA90EA8F2F701
:1014A0005FFF0028CBD133A914A8F2F759FF0146FA
:1014B0000028C4D1019011A8F2F7D0FC044601998C
:1014C00030A8F2F7CBFC8442B9D123A8F9F77CFE0F
:1014D00033788DF80C30002B00F0AE8004A8F9F7BB
:1014E00073FE05E003A9FEF781F8002840F09D8017
:1014F0002B789DF80C1013B18B4240F08D8028465C
:10150000FBF734FF0446204643B0F0BD23A8F9F7AB
:101510005BFE33788DF80C307EE7DDE9024303AAE9
:1015200002A81C4404232146F1F7E0FA00287FF4C6
:1015300079AF08A8DDE90212F2F722FD00287FF456
:1015400071AF214602A8DDE90232134403AA0293D7
:101550000423F1F7CBFA00287FF464AF0BA8DDE990
:101560000212F2F70DFD00287FF45CAF214602A8BD
:10157000DDE90232134403AA02930323F1F7B6FA1A
:1015800018B9DDE9023213440293029B9C424ED10A
:1015900003AA0423314602A8F1F7A8FA00287FF431
:1015A00041AF04A80EA9DDE90223FAF799F910B3B7
:1015B00010F59D4F45D1029B1B78023B012B40D873
:1015C00005A8F2F7D7FC039B411C0246994238D18B
:1015D00002990EA80131F2F7D3FC002831D1029B09
:1015E00011A819780239F2F709FC50BB012114A89F
:1015F000F2F704FC28BB314602A8DDE902321344AD
:1016000017AA0293F1F796FB00287FF40BAF17A8F7
:10161000F2F77AFC1B9009E70D4C00E70C4CFBE657
:1016200004A80C4CF9F7D0FDF9E60B4CF7E604A83A
:101630000A4CF9F7C9FDF2E604A8094CF9F7C4FD14
:10164000EDE604A8024CF9F7BFFDE8E6D428002037
:1016500000C3FFFF80C6FFFF00C6FFFF9AC2FFFF67
:1016600080B1FFFFF0B50B468BB0114405460693E1
:1016700005AA302306A8F1F739FA20B1A0F5745471
:1016800020460BB0F0BDDDE9053604AA06A81E44CD
:101690003146F1F76DFA044658B9049B012B40F02E
:1016A0009580042305AA314606A8F1F71FFA0446DF
:1016B00020B1A4F5745420460BB0F0BD05F17C07B1
:1016C000DDE905213846F2F75BFC0446A0BBDDE905
:1016D00005231344B342069319D0A02305AA31462B
:1016E00006A8F1F703FA044660B310F1620F23D1A4
:1016F000069BB3420BD03146A12305AA06A8F1F7F9
:10170000F5F90446002842D010F1620F14D105F11A
:101710008801002205F128032846CDE900223A4637
:10172000FAF79AF9044638B939462846FAF70EFD11
:1017300004460028A4D026E02846A4F57454F9F7FE
:101740008BFD9DE7DDE90523002A03EB020451DD53
:101750001B78062B079301D0302B47D108AA2146CE
:1017600006A8F1F7C3F9002832D1069B089A09931D
:1017700013449C4206933BD1294607A8FFF7F8FD86
:1017800004460028B4D02846F9F766FD78E7069CA1
:1017900005AA059B06A81C442146F1F74BFA002830
:1017A0007FF46CAFDDE9053213449C421CD105F196
:1017B0008801A31A28460391FAF792F8039958B1C1
:1017C000069410F59D4FA4D00B4C59E70B4C57E7EE
:1017D000B0F57454D7D1CFE72846FAF79BFC0399AC
:1017E00006940028A0D0ECE7054C49E7054CCAE771
:1017F000034CC8E7044CC6E700C3FFFF80C2FFFFED
:101800009AC2FFFF9EC2FFFFA0C2FFFF30B50B468A
:101810008BB000210546069306A88DF80F10991885
:10182000302305AAF1F762F920B1A0F574542046DF
:101830000BB030BDDDE9053104AA06A819440191B9
:10184000F1F796F90199044660B9049B002B45D144
:101850000DF10F0206A807AB0191FFF75DFD01999D
:10186000044620B1A4F5745420460BB030BD05AA3F
:1018700006A80423F1F73AF90028D6D1059B8BB3CB
:101880009DF80F00FEF72CFC014648B32846FEF7F2
:1018900049FC04460028CAD19DF80F30012B14D012
:1018A000023B012B1CD8696807A8FFF761FD0446BD
:1018B00038B96868DDE90521FFF7D4FE0446002841
:1018C000B5D02846FEF71EFCB1E7DDE905216868C2
:1018D000FFF71AFC04460028A9D0F2E7024CA6E75D
:1018E000024CA4E7024CA2E780C2FFFF80C3FFFFC7
:1018F000A0C2FFFFF0B593B00F461144189C0B97A0
:10190000002C7DD005461E460AAA30230BA8F1F70D
:10191000EDF818B1A0F5745013B0F0BDDDE90A314F
:101920000BA80CAA19440FAB0791F1F727FA0799F6
:1019300018B1A0F5745013B0F0BD0AAA0BA8042387
:10194000F1F7D4F818B1A0F5745013B0F0BD0CA89D
:101950000DF126020DF127010B9FFDF799FF0028DD
:1019600031D00D9A0A2A43D0092A47D10E99254829
:1019700010F006FC0146002840D123460A9C32465E
:101980000FA801940B9C02970094FFF7EBF9A0B10C
:1019900010F5385FC0D11C48BEE723460A9C0146BB
:1019A000324601940FA80B9C02970094FEF75EFF4D
:1019B0000028B1D13B78302BEDD10A9A3946284620
:1019C000FFF724FFA8E70A9A01469DF827300FA8E1
:1019D00003920B9A0194029204979DF82620009698
:1019E000FFF75EF80028E8D010F5F05F94D1D2E759
:1019F0000E99064810F0C4FB0028CED004488BE7AF
:101A0000044889E7E828002080C4FFFFDC28002084
:101A100080C6FFFF00C4FFFF2DE9F04788B01446E1
:101A200081460D4605A89846FEF732F824B304F126
:101A3000FF3A15F80A3023B32146012010F0B8FB15
:101A40000646002800F0FA802246294610F080FB66
:101A5000109A43463146009248462246FFF74AFF15
:101A600021460746304600F017FA304610F0A4FB36
:101A7000002F64D1002600E0714E304608B0BDE86A
:101A8000F087109B04AF6F4A05A86F490297CDE914
:101A900000832B46FEF702F80646002800F08980F6
:101AA00010F59C5F00F0C88010F5985F00F0B680DC
:101AB00010F5845FE1D115F80A30002BBCD1109BE2
:101AC00005A8624A62490297CDE900832B46FDF7DB
:101AD000E5FF0646002800F0848010F59C5F00F0CA
:101AE000AB8010F5985F00F0998010F5845FC4D149
:101AF00015F80A30002B9FD1009305A8554A564986
:101B0000CDE901372B46FDF7C9FF064600287CD0FA
:101B100010F5845FB1D115F80A30002B8CD10093F9
:101B200005A84E4A4E49CDE901372B46FDF7B6FFD1
:101B30000646002874D010F5845F9ED17CE74846A5
:101B4000FEF7E0FA17F56E5F76D022462946484642
:101B5000FFF75CFE00288DD04846FEF7D3FA01203F
:101B6000FEF7BEFA01464846FEF7DCFA40B92246C7
:101B70002946D9F80400FFF7C7FA00283FF47AAFE6
:101B80004846FEF7BFFA0220FEF7AAFA0146484689
:101B9000FEF7C8FA40B922462946D9F80400FFF7F3
:101BA00061FD00283FF466AF4846254EFEF7AAFACD
:101BB00063E70120FEF794FA01464846FEF7B2FAC1
:101BC000064638B9D9F80400DDE90512FFF79CFA9A
:101BD000064610B14846FEF795FA05A8FEF7E8F963
:101BE0004BE70220FEF77CFA01464846FEF79AFAD8
:101BF00006460028EED1D9F80400DDE90512FFF70A
:101C000031FD06460028E8D0E4E7DDE90512484644
:101C1000FFF7FCFD06460028DFD0DBE7114E2CE77E
:101C20001098434600904846DDE90512FFF762FE32
:101C300006460028D1D0CDE70B4E1EE70B4E1CE721
:101C400000C3FFFFF42800201429002034290020BD
:101C5000542900207429002090290020AC2900205C
:101C6000D029002000C4FFFF80C4FFFF80C0FFFF19
:101C70002DE9F041002388B0164605468DF80F3057
:101C800004AA3023F0F732FF28B1A0F5745420469F
:101C900008B0BDE8F081049B0DF10F022F682846C3
:101CA0001F4405AB3946FFF737FB04460028EED149
:101CB00004AA39462846F0F7BDFFE8B92B68049A14
:101CC00013449F423DD19DF80F00FEF709FA0146EB
:101CD00000283FD03046FEF725FA04460028D6D12A
:101CE0009DF80F30012B20D0023B012B07D91A4C55
:101CF0003046FEF707FACAE7A0F56C54C7E705A817
:101D00007168FFF735FB08B10446F1E7D6F80480A7
:101D10002A6808F188014046BB1A0191F9F7E0FDF5
:101D2000019980B104462F60E2E77268394628467F
:101D3000FFF78EF90028E7D12B68BB42A7D0074CEC
:101D4000D6E7064CA3E74046FAF7E4F92F600028EF
:101D50009DD0D9E7004C9AE780C3FFFF9AC4FFFFEC
:101D60002DE9F0438BB0144680460F4607A8FDF7D7
:101D70008FFE24B104F1FF3917F809308BB107A8A1
:101D8000FEF716F90120FEF7ABF9002875D00146E1
:101D90004046FEF7C7F90546D0B128460BB0BDE86E
:101DA000F08306AE364A374907A80296CDE90033DC
:101DB0003B46FDF773FE0546002835D010F5845FDD
:101DC0001FD007A8FEF7F4F828460BB0BDE8F08353
:101DD0003C44D8F8042005A805972146FFF738F9B8
:101DE00005460028D9D04046FEF78CF9264B9D4287
:101DF000D3D14246214605A80597FFF739FF05468E
:101E0000CBE717F80930002BB9D1009307A81F4A78
:101E10001F49CDE901363B46FDF740FE0546F8B1C6
:101E200010F5845FCDD1AAE7079B01200593FEF74B
:101E300057F9014608B34046FEF774F905460028F5
:101E4000ABD1059905A8089BD8F804201944FFF7E1
:101E5000FFF805460028B4D04046FEF753F9B0E736
:101E6000DDE90731424605A819440593FFF700FF55
:101E7000054607A8FEF79CF88FE7064D8DE700BFE3
:101E8000F8290020182A00209EC4FFFF382A0020CD
:101E9000542A002080C3FFFF024B0A4600211B6822
:101EA000184700BF985700202DE9F04F93B00E4619
:101EB000044691461C9F4022002102A89A4610F039
:101EC0002FF9002338680193FCF70EFC9EB380467F
:101ED000B0453846454628BF3546FCF711FC8346D9
:101EE00058BB524649463846FCF714FC834620BB93
:101EF000042238460DEB0201FCF70CFC8346E0B9E6
:101F000002A93846FCF710FC8346B0B95DB102ABBC
:101F1000611914F8012B13F801CBA1428CEA020CD1
:101F200004F801CCF5D19DF80730761B03F10103CD
:101F30008DF80730CCD14FF0000B02A84021FFF7FD
:101F4000ABFF584613B0BDE8F08F00BF2DE9F04756
:101F50001E4682B000231746DDF828800446CDE9EE
:101F6000003308BB8E420D4602D3761A0A2E04D8DF
:101F7000444C204602B0BDE8F0874346033E0122B0
:101F8000FF2103F8020B184688F80120324610F0B2
:101F9000C7F8845530442A463946013010F0D8F845
:101FA000204602B0BDE8F087FCF70CFB0546002890
:101FB000DED020466A4601A9FDF72AFC0446002827
:101FC000D6D12846FCF790FB009B8246034403F1E0
:101FD00008027F2ACCD803F10A0200F10A018A42E2
:101FE000C6D3B242C4D8A6F10A09A9EB0309B9F1D4
:101FF0000A0FBDD94546A9F103090123FF2105F8C0
:10200000024B4A46284688F8013010F089F805F856
:10201000094005EB090C3023009D06228CF80130A5
:102020008CF80330EBB28CF805202A468CF8063089
:1020300004338CF8043005F1080353448CF8023063
:102040000CF107030199184610F082F84219034673
:10205000052039465855131D0420547082F803A0FA
:1020600090705246184610F073F8034608EB0602CB
:1020700053449A423FF47DAF31464046014CFFF74E
:102080000BFF76E780BFFFFF5AB10A4438B54C1EFC
:10209000551E10F089F804F8010FAC42F9D1002068
:1020A00038BD0020704700BFF8B500F1080647684A
:1020B00004460D463046F1F75DFF874251D1636813
:1020C000B3F5007F4DD800213046F2F79BF9002888
:1020D00047DD00213046F1F7C1FE002841D0BDB3F5
:1020E00004F12C0500212846F2F78CF9002838DD90
:1020F00000212846F1F7B2FE98B304F1380500211B
:102100002846F2F77FF900282BDD00212846F1F759
:10211000A5FE30B3002104F11400F2F773F9002892
:102120001FDD002104F14400F2F76CF9002818DDEE
:10213000002104F15000F2F765F9002811DD0021BB
:1021400004F15C00F2F75EF900280ADD0020F8BD1A
:10215000294604F11400F2F755F9002801DD28465C
:10216000F8BD0148F8BD00BF80BFFFFF70B5154640
:1021700004460E46AC2200210FF0D2FFC4E92965C7
:1021800070BD00BFF8B5054616461F460C4619B18E
:102190000830F1F74BFD30BB2EB1314605F12C0074
:1021A000F1F744FDF8B92FB1394605F13800F1F7E0
:1021B0003DFDC0B9069B2BB1069905F12000F1F752
:1021C00035FD80B9079B2BB1079905F11400F1F794
:1021D0002DFD40B954B105F10800F1F7CBFE0346DF
:1021E00000206B60F8BDA0F58140F8BD2046F8BD29
:1021F00070B504461D4661B100F108063046F1F79E
:10220000BFFE10B1A0F5814070BD3046F1F7B2FEBF
:1022100060603DB1049A294604F12C00F1F7B0FE4C
:102220000028EFD1059B3BB104F13800DDE9051230
:10223000F1F7A6FE0028E5D1079B3BB104F1200091
:10224000DDE90712F1F79CFE0028DBD1099B3BB1C9
:1022500004F11400DDE90912F1F792FE0028D1D152
:10226000002070BD2DE9F04F044600F1080B87B047
:1022700000F12C080021584604F13809F2F7C2F8A1
:1022800004F1200A002105904046F2F7BBF8002136
:1022900007464846F2F7B6F8002106465046F2F7E0
:1022A000B1F8002104F114030546421A18460493BC
:1022B00018BF01220392F2F7A5F80038DDE90432D5
:1022C00018BF012027B31EB3039900293DD0002871
:1022D0003BD00025002A44D035B11A464946534622
:1022E000404601F073FE58BB04F15C035246494678
:1022F0004046019304F15003009304F1440301F0BC
:10230000C9FEE8B90121204607B0BDE8F04FCBE691
:102310001AB317BB03990140002E14BF002101F02E
:102320000101354317D1B0B10029ECD01946584608
:1023300043465246CDF8009001F04AFD0028D3D024
:10234000A0F5814007B0BDE8F08F35B928B101256F
:10235000002AC1D105E00029E8D10A4807B0BDE84C
:10236000F08F4A46414658460393F2F7D1F9039B52
:102370000028E5D158460393F1F7FCFD039B60600C
:10238000AAE700BF80BFFFFF2DE9F84F00F1080862
:1023900005468A460021404691461C462DED028B9B
:1023A0000C9F0D9EF2F72EF880B93C4359EA0404C5
:1023B00057D1BAF1000F45D041465046F1F736FCEF
:1023C000002837D0BDEC028BBDE8F88F05F12C0B4F
:1023D00000215846F2F716F80028E6D005F1380338
:1023E0000021184608EE103AF2F70CF80028DCD06D
:1023F000002105F12000F2F705F80028D5D00021D2
:1024000005F11400F1F7FEFF0028CED0BAF1000F5D
:1024100029D1B9F1000F05D059464846F1F706FC1D
:102420000028CFD134B118EE101A2046F1F7FEFB88
:102430000028C7D137B105F120013846F1F7F6FB86
:102440000028BFD146B105F114013046BDEC028B26
:10245000BDE8F84FF1F7EABBBDEC028B3046BDE8B2
:10246000F88F0448AEE741465046F1F7DFFB0028FD
:10247000CFD0A7E780BFFFFF2DE9F04F2DED028BF6
:1024800087B01E4600F108090546129B0F464846D4
:10249000002101939346149B139C0293DDE915835D
:1024A0000393DDE917A30493F1F7ACFF88B944EA7D
:1024B0000804344361D1002F4BD05A463946484670
:1024C000F1F7C6FD002839D007B0BDEC028BBDE89E
:1024D000F08F05F12C03002118460593F1F792FFC8
:1024E0000028E4D005F138030021184608EE103A20
:1024F000F1F788FF0028DAD0002105F12000F1F77C
:1025000081FF0028D3D0002105F11400F1F77AFFF4
:102510000028CCD0059B002F31D136B1019A31462D
:102520001846F1F795FD0028CED13CB1029A21461C
:1025300018EE100AF1F78CFD0028C5D1B8F1000F94
:1025400007D0039A414605F12000F1F781FD0028EC
:10255000BAD1BAF1000F0AD0049A514605F114001D
:1025600007B0BDEC028BBDE8F04FF1F771BD5046EE
:1025700007B0BDEC028BBDE8F08F0648A4E75A46D1
:10258000394648460593F1F763FD059B0028C4D002
:102590009AE700BF80BFFFFFF8B50D460446002153
:1025A000083016461F46F1F72DFF88B3002104F1CD
:1025B0002C00F1F727FF58B3002104F13800F1F7A0
:1025C00021FF28B3002104F12000F1F71BFFF8B12F
:1025D000002104F11400F1F715FFC8B12DB104F189
:1025E00044012846F1F722FB78B92EB104F15001DD
:1025F0003046F1F71BFB40B92FB104F15C013846BE
:10260000F1F714FB08B90020F8BDA0F58140F8BD32
:102610000048F8BD80BFFFFFC0E92912704700BF26
:102620004068704770B500210446FFF73DFDD0B902
:1026300004F1080605463046F1F766FC7F2812D9FA
:10264000143429462046F1F709FC60B12046F1F721
:102650005BFC012807D931462046F1F781FE0028AE
:1026600001DA284670BD014DFBE700BF00BEFFFF49
:10267000F0B585B00446FFF7D5FF38BB01212046F1
:10268000FFF712FD10BB04F1140304F12C0504F153
:10269000380604F12007009329463B463246CDE92F
:1026A000010004F1080001F033FD78B904F15C0386
:1026B000284604F150053A460193314604F144039B
:1026C000009501F025FE08B905B0F0BD0048FBE714
:1026D00000BEFFFF38B505460C46FFF7A3FF90B9D3
:1026E0002046FFF7C5FF70B904F1080105F10800A5
:1026F000F1F736FE38B904F1140105F11400F1F7D1
:102700002FFE00B938BD014838BD00BF00BEFFFF35
:10271000F0B50C4687B0002105461646FFF7C4FC0D
:10272000002837D103A8F1F7F7F921466A6803A812
:10273000F1F726FC044638B1A4F5854403A8F1F767
:10274000F3F9204607B0F0BD05F1080403A82146BF
:10275000F1F706FE002806DB03A80F4CF1F7E4F9B9
:10276000204607B0F0BD05F1680203A923466F6853
:102770000846009205F11402F2F740FD04460028D5
:10278000DAD13A46314603A8F1F762FC0446002844
:10279000D4D0D1E7014CE3E77CBDFFFF80BFFFFF52
:1027A0002DE9F04F0D46A5B00121044616461F46FF
:1027B000FFF77AFC002840F0948106A8F1F7ACF905
:1027C00009A8F1F7A9F90CA8F1F7A6F90FA8F1F7F4
:1027D000A3F92DB118A8F1F79FF91BA8F1F79CF9FF
:1027E00012A8F1F799F915A8F1F796F91EA8F1F7D3
:1027F00093F921A8F1F790F93946626806A8F1F734
:10280000BFFB00B3A0F5864409A8F1F78DF90CA829
:10281000F1F78AF90FA8F1F787F9002D40F09681BA
:1028200006A8F1F781F912A8F1F77EF915A8F1F7DA
:102830007BF921A8F1F778F91EA8F1F775F9204680
:1028400025B0BDE8F08F04F1080706A83946F1F776
:1028500087FD002801DBBA4CD6E706A91EA8F1F7D0
:10286000E5F90028CED104F14403039304F15003A9
:102870000493002D00F0BF80D4F8A030002B00F0AE
:10288000958004F18C0B5A4659465846F1F740FFA3
:102890000346002840F0AB803A4659465846F2F7C6
:1028A00003FB0346002840F0A28004F198010A4689
:1028B00008460591F1F72CFF05990346002840F0E2
:1028C00096803A460846F2F7EFFA0346002840F0B1
:1028D0008E8006A95A460846F1F71AFF03460028DB
:1028E00040F0858006A93A460846F2F7DDFA03462D
:1028F00000287CD104F12C09012209A84946F1F7EE
:10290000CFFE0346002872D1012204F138010CA841
:10291000F1F7C6FE0346002869D133462A461C213A
:102920000FA8F2F71FFE0DF160080346002860D1E2
:102930000FAA09A94046F1F7EBFE0346002858D13B
:10294000039A41464046F1F721FE0346002850D144
:1029500033462A461C210FA8F2F704FE1BAE03469D
:10296000002800F0D88009A80393F1F7DDF80CA83F
:10297000F1F7DAF80FA8F1F7D7F84046F1F7D4F8F5
:102980003046F1F7D1F806A8F1F7CEF812A8F1F722
:10299000CBF815A8F1F7C8F8039B21A8A3F5864446
:1029A000F1F7C2F81EA8F1F7BFF848E704F1980A5A
:1029B0004FF00B0904F18C08616833462A465046F3
:1029C0000139F2F7CFFD03463A465146404673B906
:1029D000F2F77EFF034601214046C3463BB9F1F7BB
:1029E00011FD00287FD0B9F10109E5D1554B0DF15A
:1029F00060081BAEB7E704F12C0904F17403039AD5
:102A000006A912A800934B46F2F7F8FB00287FF4C2
:102A1000F9AE04F1800304F13806049A06A9009384
:102A200015A83346F2F7EAFB00287FF4EBAE15AAAF
:102A300012A906A8F1F7D2FD00287FF4E3AE04F155
:102A40005C0206A912A8F1F763FE00287FF4DAAE53
:102A50004A4612A906A8F2F727FA00287FF4D2AE58
:102A6000324606A912A8F1F753FE00287FF4CAAE39
:102A700012AA15A906A8F1F789FD00287FF4C2AEB5
:102A800085B106A904F198020846F1F741FE034614
:102A90000028ACD106A93A460846F2F705FA0346E3
:102AA0000028A4D104F168023B4606A921A800929F
:102AB00004F11402F2F7A2FB00287FF4A3AE1EA9D2
:102AC00021A8F1F74DFC002847D1626806A82E998D
:102AD000F1F7BEFA044600283FF496AEA0F586440E
:102AE00092E6194CABE651463A464046F3F726F8D3
:102AF000034600287FF47BAF04F1680304F114025D
:102B00004146404600933B46F2F778FB03460028D7
:102B10003FF4DFAE6BE70FAA0CA93046F1F7F8FDE2
:102B2000034600287FF41FAF049A31463046F1F780
:102B30002DFD034600287FF416AFCDE903865CE740
:102B4000FCBCFFFF80BBFFFF80BFFFFF18A8F0F7B2
:102B5000EBFF1BA8F0F7E8FF62E6014C54E600BF6C
:102B60008079FFFF2DE9F04F83B01546012B804699
:102B70000C460E9FDDE90C92019263D0019A002A67
:102B800018BF002C62D0B7FA87F14909002F5DD039
:102B900019F10C0FD8F8042058D809F10B00904215
:102BA00054D8A2EB09023970033A5BBB022307EB4E
:102BB000030A7B70002A4BD01A44BE184FF0640BF6
:102BC00003E0BBF1010B38D0B8BB012251462846C7
:102BD000A0479AF80030002BF3D070BB0AF1010A2D
:102BE000B245EBD1304600234A46019900F8013B3B
:102BF0000FF0AEFA3A463946404603B0BDE8F04F12
:102C0000FFF786BD0123BE1C7B7022B13046FF2139
:102C100016440FF085FA304600234A46019900F821
:102C2000013B0FF095FA3B462A46214640460C9759
:102C300003B0BDE8F04FFFF7B3BDA0F5894003B086
:102C4000BDE8F08FD0F8A420002A97D00148F6E71D
:102C50005646C7E780BFFFFF2DE9F04F012B8BB031
:102C600006460F46924604935AD0002F5CD096F841
:102C7000A800FBF7A7FC8046002855D0D6F804B082
:102C8000FBF732FD169B05469C1C03B204EB430484
:102C90005B005C45039347D8169B9C422CBF0024E5
:102CA0000124002C40D1DDF860905A462146484668
:102CB0000FF036FA09F8014B2A4649465046B84704
:102CC00028B1A0F5894420460BB0BDE8F08F09EB90
:102CD00005034046DDE914120593FBF72FFD04467A
:102CE0000028F0D1169B0121ABEB03001A46039B91
:102CF00002382844C01A059B1954184408441799EF
:102D00000FF026FA07A8FBF769FC2246414607A800
:102D1000FBF7ACFC044648B107A8FBF765FCD2E71B
:102D2000D0F8A430012BA0D01A4CCCE707AB0BF1A4
:102D3000FF3B05F101084A460093ABEB050B189BDE
:102D4000594698442B464046FFF7AEF80446002803
:102D5000E2D107AC5B464246294600944846FFF75D
:102D6000A3F804460028D7D107A8FBF73DFC049B35
:102D700033B9189A30461146FFF7CAFC0446A2E759
:102D8000189B5246394630460093FFF709FD04462A
:102D900099E700BF80BFFFFFF0B5D0F8A44087B02F
:102DA000DDE90C560E9F74B1012C09D10024029567
:102DB000CDE90367CDE90044FFF74EFF07B0F0BD52
:102DC000054807B0F0BDCDE90D670C9507B0BDE82B
:102DD000F040FFF7C7BE00BF00BFFFFF012BF0B5FB
:102DE000ADF5037D4AD04668A6F11004B4F5F87F2E
:102DF00000F2948002AD002B40F0878089992A462A
:102E0000FFF786FC044680BB687800212F78A6F186
:102E1000030E80F001000DF109040A46234614F860
:102E200001CF5B1BBCF1FF0F18BF41F001019E45B4
:102E300081F0010C52FA8CF2F0D80DF10A018B5C92
:102E40001144184301313843072A98BF40F001006C
:102E5000002856D14A1B8B9BB21A9A4253D8889BA2
:102E600004468A981A600FF073F94FF400712846EF
:102E7000FFF712F820460DF5037DF0BDD0F8A43021
:102E8000002B4BD14668A6F11003B3F5F87F45D867
:102E900002AD899B0095FFF783FC04460028E4D12E
:102EA00095F801C020462B78A6F1030E8CF0020C99
:102EB0000DF1090402464CEA030C214614F8013FC7
:102EC0005F42491B3B438E45C3F3C01383F00103AC
:102ED00040EA0300C0F1000343EA0003C3F3C01358
:102EE00083F001031A44E8D80DF10A03985C99189D
:102EF0004CEA00000131072A98BF40F00100002889
:102F0000A8D0074CB1E7074CAFE7899B0095FFF7C6
:102F100047FC044600283FF477AFA6E7024CA9E738
:102F200000BFFFFF00BCFFFF80BFFFFF012B2DE9AB
:102F3000F04F1C46ADF5197D82468946934666D012
:102F4000DAF80480A8F11002B2F5F87F63D89AF895
:102F5000A800FBF737FB064600285CD0FBF7C4FB54
:102F6000471C05467B00B8EB470F039353D3BCB90E
:102F70000DF160095046A5994A46FFF7C9FB044682
:102F8000DCB108AE4FF400714846FEF785FF4021E2
:102F90003046FEF781FF20460DF5197DBDE8F08F24
:102FA00049460DF160095A465046A59BCDF8009060
:102FB000FFF7F6FB0446002CE3D105A8FBF70EFB58
:102FC0002246314605A8FBF751FB0446D0B908F16B
:102FD000FF3B05AB4F442946ABEB050B00933A464C
:102FE0000DF161005B46FEF75FFF044650B905AB8B
:102FF000594638460DF1610200932B46FEF754FF07
:10300000044650B105A808AEFBF7EEFABAE7D0F8CF
:10301000A420012A94D02A4CBDE705A8FBF7E4FAC6
:10302000304608AEDDE9A2123346FBF787FB0446C3
:103030000028A7D10DF1610399F800002B44002D61
:103040003CD01D44314613F8017B11F8012BAB42F3
:1030500082EA070240EA0200F5D1039BB8EB030ABB
:1030600015D00AF1FF3A00236F1E05EB0A019C46BA
:1030700017F8012F1343B942C3F1000242EA0302D9
:10308000C2F3C01282F001029444F1D165442B785E
:1030900083F0010303430DD1691CA1EB0903A8EBE5
:1030A0000302A79B9A4207D8A49BA6981A600FF028
:1030B0004FF867E7034C65E7034C63E71D46CCE731
:1030C00080BFFFFF00BFFFFF00BCFFFFF0B5D0F8DF
:1030D000A44087B0DDE90C56DDE90E7C7CB1012C03
:1030E0000AD10024CDE9047CCDE90256CDE90044A3
:1030F000FFF71CFF07B0F0BD054807B0F0BDCDE9F4
:103100000E7CCDE90C5607B0BDE8F040FFF766BE77
:1031100000BFFFFF2DE9F047012B84B0054689462B
:1031200092469DF830000F9FDDE90D1248D1D5F889
:10313000A430002B5BD100976B68FEF707FF0446B5
:10314000002839D16968012003910FF031F8064653
:1031500000284ED0039901200FF02AF8804600285D
:103160004AD0524649463B4628460096FFF718FB90
:103170000446D8B9424631462846FFF7C9FA044604
:10318000A0B96A6872B302F1FF3E08F1FF35781EFC
:103190002146C64415F8013F10F801CF754583EA72
:1031A0000C0341EA0301F5D1E1B1164C30460FF0B2
:1031B00003F840460FF000F8204604B0BDE8F08761
:1031C00000971E466B68FEF7C1FE04460028F3D147
:1031D000002EB7D13A463946284604B0BDE8F0473C
:1031E000FFF796BA384631460EF0B2FFDEE7064CDE
:1031F000E2E76FF00F04DFE730466FF00F040EF0E8
:10320000DBFFD9E700BDFFFF80BFFFFF2DE9F04FD7
:10321000012B04460E4690462DED028B9BB09DF887
:103220009800DDF8A4B003935AD0002E5CD0D4F8F7
:1032300004A008BB94F8A800FBF7C4F907460028CF
:1032400052D0FBF751FA431C0546BAEB430F4FEA45
:10325000430949D35246002158460EF061FF2A46E1
:103260000AA94046B04770B1A0F5894318461BB083
:10327000BDEC028BBDE8F08FFBF7A4F9A0B3FBF720
:1032800033FA2790D6E704F108030490AAEB090962
:10329000184608EE103AF0F737FE01220AA9059009
:1032A0000BF80920D94491442A4648460EF050FFB5
:1032B00007A90846FBF792F9049B394607AF1A465F
:1032C0003846FBF7D3F9034680B107A80393FBF711
:1032D0008BF9039B18461BB0BDEC028BBDE8F08F49
:1032E000D4F8A430012BA0D0384BBFE73846FBF709
:1032F00007FA03460028E8D1A9440822384649467F
:10330000FBF708FA03460028DFD13846DDE927211C
:10331000FBF700FA03460028D7D12A460AA9384607
:10332000FBF7F8F903460028CFD149463846FBF7AA
:10333000FBF903460028C8D1059A0AF1FF3100972E
:10334000531E491B4A4613F0070F2B460CBF0120A2
:103350000020091A5844FEF7A7FD03460028B4D1FF
:1033600018EE100AF0F7D0FDFF23C0EBCA0240218F
:103370000AA8013213419BF8002013408BF800305B
:10338000BC2309F80530FEF787FD3846FBF72CF91A
:10339000039B5BB95A4659462046FFF7B9F90346E5
:1033A00018461BB0BDEC028BBDE8F08F5B46424671
:1033B00031462046CDF800B0FFF7F2F90346184633
:1033C0001BB0BDEC028BBDE8F08F00BF80BFFFFFDC
:1033D000F0B4D0F8A4409DF81050DDF81CC0DDE931
:1033E000056724B1012C09D00848F0BC7047CDE92D
:1033F000067CCDE90456F0BCFFF78CBECDE9067C17
:10340000CDE90456F0BCFFF701BF00BF00BFFFFFCE
:103410002DE9F04F012B83B0804699468A469346AA
:103420009DF83040476803D1D0F8A430002B51D12B
:10343000394601200EF0BCFE0546002856D039461C
:1034400001200EF0B5FE0646002845D020463B463A
:103450000096DDE90D12FEF779FD0446F8B9B9F1E1
:10346000000F2ED12A4640460F99FFF751F9044626
:10347000ACB9A7B107F1FF3E691E721EA446AE4467
:1034800011F8013F12F8010F714583EA00034CEA7D
:10349000030CF5D1174BBCF1000F18BF1C46394681
:1034A0002846FEF7F9FC28460EF086FE30463946DF
:1034B000FEF7F2FC30460EF07FFE204603B0BDE87A
:1034C000F08F5A46514640460F9B0095FFF768F92A
:1034D0000446CDE7084CF0E728463946FEF7DCFC09
:1034E00028466FF00F040EF067FEE6E76FF00F045A
:1034F000E3E700BF80BCFFFF80BFFFFF2DE9F0477F
:10350000012BADF5187D05469DF880829DF88C92C3
:1035100000F086804668A6F11004B4F5F87F00F24A
:103520009680002B40F0868018AFA5993A46FFF7A9
:10353000EFF80446002C6ED1741E3B5DBC2B40F0AE
:10354000B880B8F1000F07D04046FBF73BF80028E1
:103550007DD0FBF7C9F8A1904846FBF733F88246C7
:10356000002874D0FBF7C0F80023814605F108005D
:10357000CDE90333F0F7C8FCC6F1010300F1FF38D1
:103580003A7808EBC3031A4161D118F0070F59D1FB
:1035900026460DF1610509F10203B34257D805A88B
:1035A000FBF71CF85146002205A8FBF75FF804461C
:1035B00070BBA6EB090105AB2846013900934B46C9
:1035C00005EB010A5246FEF76FFC044600BBC8EB50
:1035D000C608FF233A780AF1FF3143FA08F38D4217
:1035E00003EA02033B7066D22B4601E08B422BD0EC
:1035F0001A781D460133002AF8D0012A07D1A49B6E
:1036000001355A1CAAEB050623D09E4221D02B4C33
:1036100005A8FAF7E9FF20460DF5187DBDE8F0870B
:10362000D0F8A430012B12D14668A6F11003B3F5EF
:10363000F87F0CD818AFA59B28460097FFF7B0F885
:10364000044677E73D46A6E76A781D46D5E71C4C59
:10365000E1E705A8FBF754F804460028D8D103A9F0
:10366000082205A8FBF756F804460028D0D105A883
:10367000DDE9A121FBF74EF804460028C8D1324607
:10368000294605A8FBF746F804460028C0D108A93A
:1036900005A8FBF749F804460028B9D14A4608A90D
:1036A00050460EF06DFD074B0028044618BF1C461F
:1036B000AEE7024CAFE72A789FE700BF00BFFFFFED
:1036C00080BFFFFF80BCFFFF70B5D0F8A84086B078
:1036D0009DF828507CB1E4B203940C9C0D9E02949A
:1036E0000B9C0596CDE900544FF0FF340494FFF78E
:1036F00005FF06B070BD2C46EEE700BF2DE9F04790
:10370000D0F8A44086B09DF83870DDF844A0DDE91B
:103710000F8904B3012C1AD19E46D0F8A8308446F4
:103720000E46154603BB3B464FF0FF342A46314652
:103730006046CDF814A0CDF8048000970494CDE93C
:1037400002937346FFF7DAFE06B0BDE8F08707483C
:1037500006B0BDE8F087CDE9109ACDE90E7806B045
:10376000BDE8F047FFF754BEDBB2DDE700BFFFFF67
:1037700010B504468C30F0F7D7F904F19800F0F753
:10378000D3F904F16800F0F7CFF904F12000F0F765
:10379000CBF904F13800F0F7C7F904F12C00F0F789
:1037A000C3F904F11400F0F7BFF904F10800F0F7D1
:1037B000BBF904F18000F0F7B7F904F17400F0F7F9
:1037C000B3F904F15C00F0F7AFF904F15000F0F741
:1037D000ABF904F14400BDE81040F0F7A5B900BF13
:1037E0002DE9F04F002918BF7F2B8FB0189D40F2B4
:1037F000ED80022D40F3EA801C46E30700F1E680ED
:1038000000F1140A804605A817460E46F0F784F921
:1038100008A8F0F781F90BA8F0F77EF92946504681
:10382000F0F7ECFA0246002840F0BC80C72C4FEAC3
:10383000540904F1010408F138054FEA540308F172
:103840002C040393A9F1630398BF00230293002281
:103850003346494620460097F2F712FC02460028FC
:1038600040F0A0803346494628460097F2F708FC0E
:10387000002840F096802A46214605A8F0F7AEFEC3
:10388000002840F08E8005A8F0F73EFB029B98428E
:10389000DDD9059B002B7FDB012221462046F0F776
:1038A000FFFE00287DD1012229462846F0F7F8FEC8
:1038B000002876D12A46214605A8F0F729FF0028DE
:1038C0006FD105AA514608A8F2F702F8002868D17E
:1038D000012108A8F0F796FD0028B8D12A46214614
:1038E00008A8F1F7F5FF00285BD1014608AB05AA4F
:1038F0000BA8F1F785F8002853D108F1200B0BAA8B
:1039000051465846F2F71AF900284AD15846F0F7BE
:10391000FBFA039B98429AD9012221462046F0F7F0
:1039200085FE024600283DD1012229462846F0F7AF
:103930007DFE0246B0BB08F108062A462146304605
:10394000F0F7E6FE024668BB3046F0F713FB08F1DD
:103950005C03C8F804005A46019308F15003294655
:103960002046009308F1440300F094FB0246C8B9D6
:103970004046FEF77DFE0246A0B9029005A8F0F78A
:10398000D3F808A8F0F7D0F80BA8F0F7CDF8029A12
:1039900010460FB0BDE8F08F29462046F0F790F9A9
:1039A0007AE70246A2F5834205A80292F0F7BCF836
:1039B00008A8F0F7B9F80BA8F0F7B6F84046FFF7FB
:1039C000D7FE029A10460FB0BDE8F08F004ADFE73D
:1039D00080BFFFFFD1E9002370B5C0E900230E4688
:1039E000054608310830F0F721F9044620B1284691
:1039F000FFF7BEFE204670BD06F1140105F114006C
:103A0000F0F714F904460028F1D106F1200105F180
:103A10002000F0F70BF904460028E8D106F12C014C
:103A200005F12C00F0F702F904460028DFD106F179
:103A3000380105F13800F0F7F9F804460028D6D12E
:103A400006F1440105F14400F0F7F0F804460028BF
:103A5000CDD106F1500105F15000F0F7E7F804462A
:103A60000028C4D106F15C0105F15C00F0F7DEF836
:103A700004460028BBD106F1740105F17400F0F78B
:103A8000D5F804460028B2D106F1800105F1800086
:103A9000F0F7CCF804460028A9D106F1680105F139
:103AA0006800F0F7C3F804460028A0D106F18C01A5
:103AB00005F18C00F0F7BAF80446002897D106F11A
:103AC000980105F19800F0F7B1F8044600288ED16E
:103AD000D6E92923C5E929238CE700BF2DE9F04762
:103AE000E4B0054605A8F0F717F8AC22002139A884
:103AF0000EF016FBA84A102105A8F0F795FE044623
:103B000048B105A8F0F710F839A8FFF731FE2046B4
:103B100064B0BDE8F08705A93BA8F0F787F8002856
:103B200040F08C803BA8F0F725FA3A909B4A102190
:103B300005A8F0F779FE04460028E2D105A944A8BB
:103B4000F0F774F8002840F08280954A102105A80B
:103B5000F0F76AFE04460028D3D105A947A8F0F77C
:103B600065F800286FD18F4A102105A8F0F75CFE98
:103B700004460028C5D105A941A8F0F757F8002848
:103B80006AD1894A102105A8F0F74EFE04460028A4
:103B9000B7D105A93EA8F0F749F8002862D139A8A5
:103BA000FEF760FB04460028ABD1002D5ED139A89A
:103BB000FEF738FD002853D139A8FEF759FD00283B
:103BC0004ED10DAFDFF804E219AE4FF01808BC4635
:103BD00001970296CDF80080BEE80F00ACE80F0018
:103BE0009EE803002B462A468CE803006F4939A85B
:103BF000FFF7D2F8A0BB0DF14C0A0DF1100901231B
:103C000022466A4939A8CDF80C800196CDF808A063
:103C1000CDF80090FFF75AFA10BBD9F800205046B3
:103C200039460EF0ADFAD8B9384608AF41463A46A3
:103C300001F022FC002870D0012468E7B0F581442F
:103C40007FF45FAF72E7B0F581448CD059E7B0F5EF
:103C500081443FF47AAF54E7B0F5814491D050E706
:103C600001244EE7B0F5814499D04AE750480EF060
:103C700073FA39A8FEF7D6FC002849D139A8FEF717
:103C8000F7FC002844D14B480DAF0EF065FADFF881
:103C90003CC13D4619AE4FF0180801970296CDF889
:103CA0000080BCE80F000FC59CE8030023462246B5
:103CB00085E803003D4939A8FFF76EF840BB0DF1D8
:103CC0004C0904AD3C480EF047FA0123224637491F
:103CD00039A8CDE90298CDE90056FFF7F7F9B8B950
:103CE0002A68484639460EF04BFA88B9334808AD81
:103CF0000EF03AFA32480EF02FFA414638462A467C
:103D000001F0BAFB20B32F4801240EF02DFAFEE695
:103D10002C4801240EF028FAF3E62A4601950425E2
:103D20000123224939A80095CDE90276FFF750FB1F
:103D3000002895D123462246214639A803960095AE
:103D4000CDE90147FFF7DAFC041E18BF0124D8E6CD
:103D5000042701232246154939A801940097CDE98B
:103D60000256FFF735FB0028D2D117480EF0F4F9C0
:103D700023462246214639A803960097CDE90145FE
:103D8000FFF7BCFC04460028C2D10C480EF0ECF949
:103D90000A200EF0C1F9B4E6702A0020742B00202E
:103DA000F82B00207C2C0020802D00208920016031
:103DB000882D0020F82D0020D82D0020A0110020F3
:103DC000A02D0020F0110020B82D00203C04002080
:103DD0002DE9F0477C4C96B00546894690460DF19A
:103DE000200C1E461E9F0FCCACE80F000FCCACE899
:103DF0000F000FCCACE80F0094E803004CF8040B64
:103E0000ACF80010002E4ED0002F4CD0B368002B21
:103E100049D1B968002946D12846F0F7F3FA0028BD
:103E200041DD01214046F0F7EDFA00283BDD29464F
:103E30004046F0F795FA002835DA01214846F0F7B8
:103E4000E1FA00282FDD29464846F0F789FA0028D4
:103E500029DA05A8EFF760FE02A8EFF75DFE4A46F3
:103E6000414602A8F0F754FC044648B105A8EFF714
:103E70005BFE02A8EFF758FE204616B0BDE8F087BB
:103E800002A901220846F0F70BFC04460028EDD1F8
:103E900002A8F0F719F81FFA80FABAF1000F08D15A
:103EA0006FF00304E2E76FF00304204616B0BDE8AC
:103EB000F08781B202A8F0F747F904460028D5D16F
:103EC000AB681B6803F00709A9F10109B9FA89F980
:103ED0004FEA591909F1580305A86B4413F8381C27
:103EE000EFF78CFF2A4605A93046F1F7F1FC0446AE
:103EF0000028BBD101213046F0F784FA38B109F12E
:103F000001091FFA89F9B9F1360FE3D1C8E705A90C
:103F10002B4602AA00970846F1F770F904460028DC
:103F2000A4D14FF001081DE005A901220846F0F7D1
:103F3000B7FB05AA044611461046002C96D1F0F7AF
:103F4000E7FB05A904462A460846002C8ED108F155
:103F50000108F0F7A9FF04461FFA88F8002885D168
:103F6000C2452AD3012105A8F0F74CFA012220B35B
:103F700005A90846F0F75AFB04462A4605A930462B
:103F8000002C7FF473AFF1F7A3FC04460121304607
:103F9000002C7FF46BAFF0F735FA0128C4D1294625
:103FA0003046F0F7DDF90130BED1214633462A46CE
:103FB0003846F0F725FD044658E7012105A8F0F73B
:103FC00021FA00289BD06BE7182E00202DE9F04144
:103FD00086B0002B5BD0074688461846002116465F
:103FE0001D46F0F70FFA0446002850D1012138464B
:103FF000F0F708FA00284ADD01214046F0F702FAFE
:10400000002844DD21463046F0F7FCF900283ED078
:104010006846EFF781FD03A8EFF77EFD39460122E0
:104020006846F0F73DFB044648B16846EFF77CFD73
:1040300003A8EFF779FD204606B0BDE8F0814146C0
:10404000012203A8F0F72CFB04460028EDD103AAB7
:1040500069462846F1F73CFC04460028E5D103AA4E
:1040600069466846F0F754FB04460028DDD1014656
:104070002B466A466846F0F7C3FC04460028D4D1B4
:104080006A4631462846F1F759FD0446CDE76FF000
:104090000304D0E72DE9F04184B01D4606460F46E3
:1040A00001A89046EFF738FDADB10122314601A8D5
:1040B000F0F7F6FA044630B101A8EFF735FD2046D7
:1040C00004B0BDE8F081284601AA4146F0F7ECFEB5
:1040D00004460028F0D10A9B7BB10122394601A891
:1040E000F0F7DEFA04460028E6D101AA41460A9814
:1040F000F0F7DAFE04460028DED10B9B33B13246DE
:1041000039460B98F1F71AFD0446D5E71C46D3E76C
:104110002DE9F04F87B00C4680461546DDF84490F7
:1041200068461F46B9F1000B18BF4FF0010BEFF7BF
:10413000F3FC03A8EFF7F0FCB4F1000A18BF4FF04E
:10414000010AB9F1000F02D0BAF1000F4AD12E1EB8
:1041500018BF0126BBF1000F01D0002E4AD11AEA88
:10416000060A19D0B8F1000F61D02A4621466846E8
:10417000F0F7CEFA0646002847D06846EFF7D4FCA1
:1041800003A8EFF7D1FC16F5844F27D0A6F5844697
:10419000304607B0BDE8F08F109B002B18BF002FF2
:1041A00043D0B8F1000F40D001213846F0F72AF98A
:1041B00000280CDD01211098F0F724F9002806DD15
:1041C00041463846F0F7CCF80028C0F294804F4EB4
:1041D0006846EFF7A9FC03A8EFF7A6FC304607B046
:1041E000BDE8F08F129A49462046F1F711FF0028EA
:1041F000ADD0ECE74946129A2846F1F709FF0028AE
:10420000E5D11AEA060AADD1C6E701214046F0F72A
:10421000F9F80028DBDD41466846F0F7A1F80028F0
:10422000D5D1109B0BB1002FBED10026D0E7109B3B
:10423000002BFAD0002FF8D001212046F0F7E2F849
:104240000028C4DD01212846F0F7DCF80028BEDD97
:10425000109A39466846F0F75BFA064600288CD17A
:10426000012269466846F0F71BFA0646002884D109
:104270002146012203A8F0F713FA064600287FF42E
:104280007CAF03AA69466846F0F70EFE0646002892
:104290007FF473AF01466846F0F7B4F8002896D172
:1042A000109A39466846F0F733FA064600287FF43C
:1042B00064AF012269466846F0F7F2F90646002825
:1042C0007FF45BAF0122294603A8F0F7E9F906461F
:1042D00000287FF452AF03AA69466846F0F7E4FD70
:1042E000064600287FF449AF01466846F0F78AF891
:1042F00000289AD06BE741461098F0F731F8002873
:10430000BFF665AFBAF1000F8FD095E700BEFFFF93
:10431000F0B587B01F4604460D4668461646EFF7CF
:10432000FBFB03A8EFF7F8FB0FB31CB301222146F8
:104330006846F0F7B5F928B93946324603A8F0F7D0
:104340004DF940B110F5844F38D010F5814F11D0A0
:10435000A0F584440FE003A96A460846F0F7A4FDDF
:104360000028EFD1014603A8F0F74CF830BB0C9BB6
:1043700033B34DB9244C6846EFF7D6FB03A8EFF7EB
:10438000D3FB204607B0F0BD012229466846F0F76E
:1043900087F90028D6D132460C9903A8F0F71EF908
:1043A0000028CFD103A96A460846F0F77DFD002812
:1043B000C8D1014603A8F0F725F808B1134CDAE795
:1043C0000D9BF3B1002CD5D0002DD3D02A460D99EA
:1043D0006846F0F79DF90028B4D101226946684685
:1043E000F0F75EF90028ADD1224669466846F0F73D
:1043F0005BFD0028A6D101466846F0F703F80028C7
:10440000DCD10024B7E700BF80BFFFFF00BEFFFF85
:104410005C2200210DF084BE10B15C21FDF73CBD93
:10442000704700BF5C2208B50DF092FE08BD00BFCA
:1044300010B403460D4C0E4900220E48C3E9024158
:1044400004F1294401F1544118611046A4F5961471
:1044500001F5A621A4F68B6401F26761C3E900228D
:10446000C3E905415DF8044B704700BF0123456770
:1044700089ABCDEFFEDCBA982DE9F04F95B04369DA
:1044800084680091D1F800804D688E6898FA88F8A9
:1044900013902DBA049436BA1293DFF888B3D0E99A
:1044A0000371806981EAB7020597109081EA0300E1
:1044B0002240DC4C3840109F4A4011913C19049F27
:1044C000584004EBF7644FEAB7092044D54C1C1957
:1044D000009B404488EA0608D3F80CE02244059B80
:1044E000D04C2A4489EAB3079EFA8EFE0C1902EBDF
:1044F000F06207401946344485EA0E0587EAB3079F
:10450000C84B274489EAB00403EBB10C009914406E
:1045100007EBF267F444D1F814A084EA09044FEAE7
:10452000B2029AFA8AFA09F1B5496444D1F810C086
:10453000D34409F51E399CFA8CFC04EBF7640BEBB1
:10454000B00B09F2991986EA0C06E14402968EEA4C
:104550000A0682EAB00E33460EEA070E8EEAB00E65
:10456000886900BACE4482EAB7098CEA00060EEBED
:10457000F46E09EA04094FEAB4043146009E89EA60
:104580000209D6F81CC0D94484EAB70B9CFA8CFC0B
:104590000BEA0E0B09EBFE698AEA0C06DFF884A22F
:1045A0008BEAB70B82440696009E924484EABE02D0
:1045B000D344DFF870A202EA0902E2440BEBF96B84
:1045C00062404FEAB9090AEBB70A376A3FBA524468
:1045D00088EA070680EA070802EBFB620196CDF83D
:1045E0002480009E706A009E00BA85EA00088CEA6A
:1045F000000A89EABE05DFF82CC2CDF80C8005EA76
:104600000B05BC44D6F82880A44485EABE05854C39
:1046100098FA88F8654489EABB0C0419F66A0CEA32
:10462000020C05EBF26504EBBE0436BA8CEA090C09
:104630004FEAB20287EA0807A444029C84EA080E03
:1046400080EA060477480CEBF56C0B9482EABB0415
:104650004044CDF81CE02C4083EA060E4844DFF8C5
:10466000C49184EABB04009BB144044482EAB500CF
:1046700009EBBB0900EA0C0004EBFC644FEABC0C3C
:1046800050404844D3F83090009B99FA89F900EBE8
:10469000F46088EA090881EA090BCDF83080D3F884
:1046A0003480019B98FA88F8CDF820B083EA080B93
:1046B000069B86EA0806594683EA080B8EEAF17ED5
:1046C000CDF804B00691734687EAF17E86EAF37668
:1046D000CDF828E08CEAB50E0D930E96514E0EEAF9
:1046E000040E4E448EEAB50E16448CEAB402B6446B
:1046F0004C4E024046440EEBF06E82EA0C024FEA4A
:10470000B00006EBB506039D02903244009E099866
:10471000B76B02EBFE62F66B3FBA36BA80EA070B64
:1047200007987D408AEA060A80EA06018BEAF37B55
:10473000089889EA0709019B88EA060880EAF5706B
:10474000CDF80CB083EAF17B8AEAF07ACDF800B0BC
:104750000B9B07900C9883EAF57BCDF820A0009B7B
:1047600080EAF17A0A9880EAF37303988BEAF07B87
:10477000089809938AEAF07A0E9880EAF370009B11
:104780000A9088EAF378079888EAFA7889EAF07953
:104790000298CDF8048089EAFB79DFF888804B46DF
:1047A00080EAB4090698B84409EA0E090F9387EA2B
:1047B000F0770398E04489EAB40987EAF0770A9829
:1047C000C84487EAF07C0298164F08EBF268CDF8EF
:1047D0002CC080EABE0CF71986EAF5760CEA020CCA
:1047E0004FEAB20207EBB407089C8CEA000C06986B
:1047F00086EAF476674482EABE0486EAF37C094BD3
:1048000004EA080407EBF86703EBF076029884EA01
:10481000BE04CDF830C0064482EAB80034443840C3
:1048200002E000BF9979825A03EBF57604EBF76456
:1048300050404FEAB70706EBBE0687EAB80C304493
:1048400003EBF1760CEA040C4FEAF17116440D9A71
:104850008CEAB80C00EBF460664403EBF2734FEAA9
:10486000F27203EBB80306EBF068069E82EAF57578
:1048700081EAF67C079E85EAFB7581EAF671009E67
:1048800082EAF672099E81EAFA718CEAF67C0A9E47
:1048900082EAF672019E8CEAF67C0B9E85EAF67E31
:1048A0000C9D079ECDF818E081EAF57ECDF834E046
:1048B00082EAFC7E87EAB402CDF838E002404FEA93
:1048C000B0007A4080EAB4051A44E04B85EA080556
:1048D00003EBF67102EBF8623944009F0D4403EBE1
:1048E000F77780EAB80107EBB407514005EBF265B2
:1048F0004FEAB202CC19039982EAB80703EBF171CF
:104900006F4004EBF5640144039839444FEAF077B3
:1049100087EAF670099E01EBF46187EAF6770F9E4D
:1049200080EAF6700B9E87EAF677069E80EAF670BC
:10493000009E87EAFE7E02900898CDF80CE082EA9D
:10494000B50E03EBF0778EEA040E4FEAB40407EBE2
:10495000B80784EAB50877444FEAF07E019888EA00
:1049600001088EEAF6768EEAFB7E86EAF0760C98EF
:1049700007EBF1678EEAF07E0D984FEAB70986EAF9
:10498000F07602988EEAF07E09980096764603EB60
:10499000F07E964484EAB102F04403EBFB7E7A4059
:1049A0000EEBB50E08EBF7680D9F02EB0E0503EB5F
:1049B000FA7289EAB10E144405EBF8658EEA080E26
:1049C00074444FEAFA7E8EEAF0720F980F9604EB69
:1049D000F5648EEAF07E82EAFC728EEAF77E009F32
:1049E0008EEAF67E0A9E82EAF772019F03EBF67A60
:1049F000CDF81CE089EAB80E0AEBB10A4FEAF6716D
:104A00000E9E8EEA050E4FEAB50581EAFB7B81EA30
:104A1000F771F244069F81EAF6718BEAF77B039FF8
:104A200081EAF27E0B9E85EAB801CDF820E003EB27
:104A3000F07E8BEAF77B6140019FCE440AEBF46A7B
:104A4000714403EBF77785EAB40E01EBFA6107EBEB
:104A5000B8078EEA0A0E4FEABA0A03EBF679BE44AB
:104A60008AEAB407A9440EEBF16E4F40B9444FEA0D
:104A7000F6770C9E87EAF075029887EAFC7785EA5C
:104A8000F075039809EBFE6987EAF077089885EAE4
:104A9000FB7587EAF078019803EBF677CDF8248070
:104AA0008AEAB10807EBB40788EA0E084FEAF67401
:104AB000009E4FEABE0E474484EAF078069888EAE2
:104AC000F6780F9E84EAF07407EBF96784EAF674CF
:104AD000079E88EAF6780D9ECDF8048084EAF57882
:104AE00003EBFC74CDF818808EEAB108544403EB54
:104AF000F07A88EA09080AEBB10AA04403EBF671E0
:104B00008EEAB90408EBF76871447C404FEAF67E00
:104B10004FEAB707029E54448EEAFC7C87EAB90A42
:104B20008EEAF67E079E8AEA080A8CEAF27C8EEA12
:104B3000F67E019E514404EBF8648CEAF67A069EF8
:104B400001EBF4618EEAF67C0E9E87EAB80ECDF892
:104B50002CC003EBF67C8EEA040E4FEAB4040CEB97
:104B6000B90CF4444FEAF67E009E8EEAF07908987C
:104B70008EEAF67E89EAFB798EEAF07E09980CEBE4
:104B8000F16C89EAF07902988EEAFA7ECDF82890E5
:104B900003EBF079CDF830E084EAB80EB94403981D
:104BA0008EEA010E0EEB090784EAB10E03EBF679EB
:104BB0000F9E07EBFC678EEA0C0E09EBB8094FEA73
:104BC000BC0C03EBF078CE448CEAB109A04403EBB3
:104BD000F67389EA07090EEBF76E03EBB103C844DD
:104BE0004FEAF6714FEAF0790298009E08EBFE68F2
:104BF000019C89EAF07081EAF67689EAF27986EA20
:104C0000F476099C81EAFB7189EAF479069C80EAD2
:104C1000F57081EAF4710A9C80EAF47000900B98B8
:104C200086EAF0760C9889EAF07900980D96CDF82E
:104C3000389081EAF0798CEAB70048EABE01CDF8F5
:104C40003C9080EA0E0008EABE0901E0A1EBD96EB3
:104C500001EAB7011844E34B41EA090103EBF2769C
:104C60001C4600EBF860664440EAB80C06EBF066C0
:104C70000CEABE0C0E4400EAB8014CEA010103EB59
:104C8000FB7C079B0CEBB70C01EB0C074FEAF37CAA
:104C900004EBF3710B9B8CEAF2728CEAF57C82EAEE
:104CA000FA728CEAF37C0D9B01EBBE0182EAF37E83
:104CB0000F9A07EBF667089B8CEAF27CCDF808E0C8
:104CC00006EAB00ECDF81CC046EAB00C01EBF76165
:104CD0000CEAB80C47EAB6024CEA0E0C02EAB00243
:104CE0008C4407EAB601114304EBF372019C4CEAD1
:104CF000B70E02EBB8020CEAB7090A444FEAF371A7
:104D00000A9B0EEAB60E81EAFB7B81EAF4714EEA59
:104D1000090E8BEAF37B0C9B02EBFC6281EAF371D8
:104D20000E9B8BEAF37B029B81EAF378AD4B03EB9E
:104D3000F571234601EBB00142EABC0001EBF261E0
:104D400000EAB7008E4402EABC010143A5480446CC
:104D500000EBF37000EBB600099E014404EBF67023
:104D60004FEAF676009C00EBB7000E9F86EAF575D9
:104D700086EAFA7685EAF47586EAF77685EAFB79BB
:104D80004EEAB20701EBFE614C4607EABC0786EA31
:104D9000F8790EEAB20600EBF160CDF8209041EA16
:104DA000BE05374305EAB20507EB000901EABE007C
:104DB0008C4F2843069D07EBF5760D9F06EBBC064E
:104DC00006444FEAF57080EAF3750A9B06EBF96634
:104DD00085EAF7750F9F80EAF37080EAF770079F06
:104DE000039485EAF77C7F4F46EAB905CDF804C005
:104DF00080EAF47C07EBFA703C46CDF818C009EA6B
:104E0000B10C00EBB20249EAB10002EBF66200EA33
:104E1000BE0005EAB10540EA0C00104406EAB902FA
:104E20002A4307EBF3750B9F05EBBE0500EAB60EB0
:104E30002A4404EBF77505EBB1014FEAF775009FC3
:104E400002EBF06285EAFA7A85EAF775029F01EBD8
:104E5000F2618AEAF77A079F85EAF775019F8AEA85
:104E6000F77A069F85EAF77C0C9F40EAB605CDF8F5
:104E700028C042EAB00C05EAB9050CEAB60C45EACE
:104E80000E050D4402EAB0014CEA010C04EBF77187
:104E90000D9C01EBB9014FEAF779614489EAF37798
:104EA000089B01EBF56187EAFB7741EAB50E87EADB
:104EB000F37C009F4B4B0EEAB20ECDF824C045EABE
:104EC000B20C03EBF77723460CEAB00C07EBB606FF
:104ED00005EAB20706EBF1664CEA070C89EAF479B9
:104EE00001EAB507B4443F4E4EEA070789EAF8796C
:104EF000344606EBF37689EAFA7906EBB0063744D6
:104F00000E9E04EBF6704FEAF67600EBB2020098C4
:104F100007EBFC6786EAF074029802EBF76286EA18
:104F2000F076039884EAF074089886EAF076099897
:104F300086EAF97E4CEAB106CDF830E00CEAB10E13
:104F400006EAB50684EAF07446EA0E0647EABC00B3
:104F5000164400EAB10007EABC02009610430F9E17
:104F6000204A02EBF67202EBB502009D02444FEAC2
:104F7000F670019E02EBF56280EAF375029B80EA0F
:104F8000FB7085EAF675069E80EAF6700A9E85EA51
:104F9000F67E144ECDF82CE006EBF37580EAF47E35
:104FA00005EBB105CDF834E0009905EBF26541EA77
:104FB000B70042EAB10E00EABC0001EAB7010EEA0E
:104FC000B70E08430099284402EAB10106EBFB75CD
:104FD000079E4EEA010105EBBC054FEAF87C294427
:104FE00002E000BFDCBC1B8F01EBF065BA4901EBAE
:104FF000F67E01EBF8710EEBB70E4FEAF677009EE6
:105000008CEAFB7801EBB601039E87EAF37387EA2B
:10501000F677019E83EAFA738CEAF67C099E0EEB22
:10502000F56E88EAF6780A9E8CEAF97C87EAF677CC
:105030000B9E83EAF6730C9E88EAF6780D9E8CEA46
:10504000F37C87EAF67B009E40EAB207CDF838B0E1
:1050500000EAB20B07EAB60745EAB00647EA0B07D3
:1050600006EAB206774405EAB00E46EA0E06009755
:105070000E444FEAB501994D06EBF7660A9F05EB22
:10508000F97905EBF77E049F05EBFA7BCDF81CE080
:1050900005EBF37E7B19009FCDF828E00F9381EAA2
:1050A000B0037B40039F05EBF77E009F0EEBB20E33
:1050B00081EAB702019F734405EBF77E724003EB70
:1050C000F663009F4FEAB6060EEBB00EB34472448F
:1050D00086EAB70E089F86EAB3068EEA030E02EB55
:1050E000F36205EBF770564008444FEAF771039FEF
:1050F000704481EAF77E079F00EBF26081EAFA7163
:1051000009EBB009029005EBF4708EEAF47ECDF85D
:105110000C9004904FEAB2020C988EEAF87E05EBF0
:10512000F87807EB020A81EAF071CDF8208005EBF0
:10513000F07881EAFC7105EBFC7CCDF81CC005EB36
:10514000F17C069F099805EBF771009CCDF830C003
:1051500005EBF07C01EBB401029C0CEBB30C82EA92
:10516000B30331444FEAF776019F634001EBF461EA
:1051700086EAF77782EAB4025B4486EAF0760B9817
:1051800003EBF1634A4005EBF0794FEAB101624469
:1051900087EAF0770E9802EBF36287EAF07705EB87
:1051A000F07C81EAB400049C05EBF77B039F584038
:1051B0000C4481EAB301504409EBB309514000EBC0
:1051C000F2604FEAB20239440D9F82EAB303904481
:1051D00001EBF061434082EAB00205EBF77A234429
:1051E0004A400AEBB00A0A9C03EBF1634A444FEAD7
:1051F000B10186EAF7760F9F81EAB0000C4402EB1A
:10520000F362584086EAFE7681EAB301404407EB38
:10521000F6765140089F00EBF2604FEAB20251442B
:1052200005EBFE7507EBB30E944482EAB303079FC8
:1052300001EBF061434082EAB00207EBB00823447F
:105240004A400C9C03EBF16372444FEAB10102EB5C
:10525000F36281EAB0000D4481EAB30158400BEBE0
:10526000B30751406044414400EBF2604FEAB202A0
:1052700001EBF06182EAB303144482EAB0024340D6
:1052800006EBB0064A402B44129D174403EBF16332
:105290004FEAB10107EBF36781EAB00005EBB30217
:1052A000139D584081EAB3036A61044410987B401F
:1052B000119A014404EBF7641E4402EBB702A961A2
:1052C0000020059906EBF4662A610B19C5E9026313
:1052D00015B0BDE8F08F00BFDCBC1B8FD6C162CA21
:1052E000C2B32DE9F843036806460D46144603F0A1
:1052F0003F079B18C7F14008036002D3436801339E
:105300004360C7B1444516D306F11C0929464246FD
:1053100009EB07000CF01CFF49463046FFF7ACF8DC
:1053200038B93C4445440746403C3F2C08D89CB91A
:105330000020BDE8F8833F2C02D80DE03F2CF6D9C1
:1053400029463046403C4035FFF796F80028F5D016
:10535000BDE8F8830020704706F11C00224629466C
:1053600038440CF0F5FEE3E770B50446006880228F
:105370000D4600F03F0004F11C06231801303828C8
:105380001A7743D8C0F13802002130440CF0C8FE2F
:1053900023683146666820465A0FDB0042EAC6029F
:1053A0001BBA12BAA3656265FFF766F800282CD114
:1053B000E37A2B7063896B70A3681B0AAB70A368D8
:1053C000EB70E37B2B71E3896B71E3681B0AAB71B4
:1053D000E368EB71E37C2B72638A6B7223691B0AAF
:1053E000AB722369EB72E37D2B73E38A6B736369A2
:1053F0001B0AAB736369EB73E37E2B74638B6B7473
:10540000A3691B0AAB74A369EB7470BDC0F14002C1
:10541000002130440CF084FE31462046FFF72CF882
:105420000028F2D10146382230460CF079FEAFE771
:105430000A4A00230A49826002F12942A2F5961223
:1054400010B4A2F68B62074CC0E90033064BC0E9EA
:105450000341C0E905235DF8044B7047012345670C
:10546000FEDCBA9889ABCDEFF0E1D2C3FFF738BFCD
:10547000FFF77ABFFFF700B870B598B004460D4645
:10548000164600215C2201A80CF04AFE124B2A4667
:105490002146039303F1883301A8049303F12943C0
:1054A000A3F59613A3F68B630593A3F188330693B4
:1054B0000A4B0793FFF714FF38B1044601A85C219B
:1054C000FCF7EAFC204618B070BD314601A8FFF792
:1054D0004BFF0446F2E700BF01234567F0E1D2C36A
:1054E000FFF7CABF2DE9F04FADF2744D3B4F0024DA
:1054F000DFF804B1DFF804A10646DFF804915C226E
:10550000002105A80CF00CFE002E3CD1344B022CDF
:10551000344ACDF82490CDE90A234FF00003CDE9B9
:1055200007BACDE905333BD02F4AC4EBC40305A825
:1055300004EBC30302F10C0152F824201944FFF7D5
:10554000CFFE804600283ED105A86946FFF70CFF34
:105550008046002837D16846142239460CF010FEE8
:105560008046002835D19EB901341437032CCBD1A5
:1055700096B9B04605A85C21FCF78EFC40460DF2BA
:10558000744DBDE8F08F611C18480CF0E5FDBDE7D7
:1055900017480CF0E9FDE7E70A200CF0BDFDE9E74C
:1055A0004FF47A7561211CA82A460CF0B9FD01E080
:1055B000013DC9D04FF47A721CA905A8FFF790FEEF
:1055C0000028F5D08046002ED4D00A480CF0CCFD3F
:1055D000D0E74FF00108002ECCD0F6E7B0CD026046
:1055E000F0E1D2C376543210ECCD0260502E002090
:1055F000A0110020F01100200123456789ABCDEFF9
:10560000FEDCBA986C2200210CF08ABD10B16C212E
:10561000FCF742BC704700BF6C2208B50CF098FD47
:1056200008BD00BF30B40029174D184A034618BF03
:105630002A468166164C82601648174918BF0446F0
:10564000164A174818BF0A46DC60164C16491A61FC
:1056500018BF2146154A18BF0246154C15489A61D5
:10566000154A18BF2246154C5961DA61144918BF12
:105670000146144A4FF0000018BF2246196230BCA0
:10568000C3E900005A627047D89E05C167E6096AFF
:1056900085AE67BB07D57C3617DD703072F36E3C84
:1056A000310BC0FF39590EF73AF54FA57F520E5115
:1056B00011155868A78FF9648C68059BA44FFABE32
:1056C000ABD9831F19CDE05B2DE9F04F0646D7B06B
:1056D0000C4632690EADF16873690D9080680FC594
:1056E000326AB069F169736A25AE0FC515AAA8467A
:1056F0006378043414F8045C1B0414F8010C14F8E7
:10570000021C43EA0563034343EA012342F8043FD2
:105710009642EDD1B74A12AEB7490DF1580E059237
:105720000192B64AB64F159CCDF82080A446CDE92B
:105730000621B44AB44996E8400ACDE90327B34AA2
:10574000B046B34F02923E46B24ADDE90EA3DDE910
:1057500010058BEA09044FEAF8270EF1200E04EA3F
:10576000080487EAB81784EA0B0487EA78672744B5
:105770005EF8204C27445EF81C4C67445C444FEABA
:105780007A3C394488EA09078CEABA0C0D448CEA61
:10579000BA5C2F4087EA09073C444FEAF52787EABD
:1057A000B51787EA75673C4422444AEA0304871820
:1057B00004400AEA030004434FEAF720A44485EAC0
:1057C000080480EAB7108C443C405EF8181C80EA5C
:1057D000776084EA0804494421440CEA0A0401443D
:1057E00088194CEA0A011E1819404FEA7C332143FC
:1057F00083EABC0383EABC530B4485EA07011344E4
:1058000031405EF8142C69404CEA030442440CEA2F
:10581000030904EA0A0401EB02084FEA73324FEA73
:10582000F62144EA090482EAB30281EAB61182EA67
:10583000B35281EA766122448844029902445EF8B8
:10584000100C884443EA02094FEA72340AEB08015B
:10585000054487EA060A03EA020009EA0C0984EA19
:10586000B2040AEA010A49EA00094FEAF1208AEA89
:10587000070A84EAB25480EAB11055444C4480EAE5
:10588000716044440544039842EA040802EA0409AA
:1058900005444FEA743008EA030880EAB400AC44D7
:1058A00048EA090880EAB450404486EA0108054401
:1058B0005EF80C0C08EA0C0807444FEAFC2088EA62
:1058C000060880EABC10474404EA050880EA7C60C8
:1058D0000744049807444FEA753003EB070B44EA8A
:1058E000050380EAB500134080EAB55043EA080397
:1058F00018445EF8083C384481EA0C071E444FEA1D
:10590000FB2307EA0B0783EABB134F4083EA7B6361
:105910003E4405EA00071E44069B1E444FEA7033CE
:1059200002EB060945EA000283EAB003224083EA5B
:10593000B0533A438CEA0B07134407EA0907334490
:105940005EF8046C87EA0C078A194FEAF9214FEADE
:10595000733A81EAB9113A448AEAB30A81EA796171
:105960008AEAB35A0A4407990A4440EA030104EB5D
:105970000208294000EA03042143019C8A4492441E
:10598000254AA2420FD0D4E90A67D4E90812029747
:1059900020342769039767690497A7690697E76921
:1059A00001940797D5E646AA4446DDF820801946BB
:1059B0000C922346194A1A4F0A92A2F1D252CDF8FC
:1059C0000CC0BE46A2F50D22DFF864C0A2F6FE624E
:1059D000CDF82CC00992134A0892A2F1E452A2F524
:1059E0003522A2F63B0207920F4A06920F4A019215
:1059F00030E000BFA4CE0260D55E1CABA4823F9213
:105A0000F111F1595BC25639982F8A42A5DBB5E9ED
:105A1000CFFBC0B591443771C4CE0260DA88F97605
:105A2000C1699BE4AA84744ACCA10C24C69DC10F11
:105A30008647BEEF059AD2E910E40B94946C01946A
:105A4000D46C0694146D0794546D0894946DD26DC3
:105A500009940A92D8F838408BEA0906059A08F1A9
:105A600020084FEAF44C58F81C7C20321E408CEA87
:105A7000744C059286EA0B06D8F804208CEA942C24
:105A800058F8204C22444FEAB744624484EAF714A1
:105A90004FEAF32C84EAD7048CEAB31C1419D8F823
:105AA00008208CEA736C3A44D8F81C70B444C8F8E7
:105AB000204004944FEAF747A444D8F81C40039EC2
:105AC00087EA7447B44458F8186C87EA9427F4447A
:105AD00017444FEAB642654482EAF61282EAD602D9
:105AE000174483EA09022A40BB44C8F8247082EABA
:105AF000090402970B9F04EB0B024FEAF52484EA9A
:105B0000B51484EA756414444AEA01022744024049
:105B10004FEA7A343844BB46049F84EABA044FEA19
:105B2000F74E84EABA548EEA774E8EEA972E0AEA46
:105B300001073A4358F8147C1444D8F80C20164452
:105B40004FEAB742644482EAF712764482EAD70207
:105B5000019F164409EB060C83EA0509C8F8286082
:105B600009EA000989EA030202EB0C094FEAF02274
:105B70004AEA040C82EAB0120CEA010C82EA706272
:105B80004A440AEA040917444FEA74324CEA090C01
:105B900082EAB402BE463944029F82EAB4520191BD
:105BA00062444FEAF74C58F8141C8CEA774C5A447C
:105BB0008CEA972CD8F8107044EA020B4FEA72393D
:105BC0000F4458F8101C89EAB2090BEA0A0B674423
:105BD0004FEAB14C89EAB2598CEAF11C8CEAD10C3B
:105BE0000199674485EA000C0CEA010C3B44C8F8B3
:105BF0002C708CEA050C63444FEAF12C8CEAB11C42
:105C00008CEA716C9C44069B9C4404EA02034BEAB8
:105C1000030BD8F81830E244D9444FEAF64BF1446C
:105C20008BEA764B58F80CEC8BEA962B03EB0E01C3
:105C3000D8F8143058F8106C1E444FEABE4383EA7B
:105C4000FE135E4442EA090B83EADE030BEA040B0F
:105C5000F318019E80EA060E0293C8F830301D4406
:105C60000EEA0A0E4FEA79338EEA000E83EAB90390
:105C7000754402EA090E83EAB9534BEA0E0B5B4402
:105C800063444FEAFA2C8CEABA1C09EA030E8CEA48
:105C90007A6CAC44079DAC4458F8085C64442646D2
:105CA000D8F81C402C4406944FEAF74484EA774421
:105CB00084EA97244FEAB5470C44019987EAF5171F
:105CC00087EAD5074FEA73353C4449EA030785EA7A
:105CD000B3051740204485EAB355C8F8344047EA75
:105CE0000E073D4481EA0A0731463740019E039181
:105CF0006544774058F804CC43EA050E07444FEA60
:105D0000F1200EEA090E80EAB11080EA716008996C
:105D1000074404980F440299604402EB070B029A6F
:105D200004904FEAF242069882EA714282EA912692
:105D300001994FEABC4206444FEA753082EAFC12F0
:105D400080EAB50082EADC0280EAB5503244039E64
:105D50001144C8F8382003EA05024EEA020E8AEA26
:105D600006024FEAFB2602EA0B02704486EABB16E3
:105D700082EA0A02384486EA7B66D8F800700A4450
:105D800045EA000C099916444FEAF4420CEA030C68
:105D900082EA74420E444FEA703182EA9422049CF3
:105DA000B14481EAB001224405EA000481EAB0511D
:105DB0004CEA040C4FEAB74484EAF714614484EADD
:105DC000D70431442244039C00EA0106C8F83C2071
:105DD000924484EA0B0202EA090262400A9C92445D
:105DE0004FEAF92282EAB91282EA796252444FEA12
:105DF000713A224440EA01048AEAB10A2C40134471
:105E00008AEAB15A3443A2440C9C444592447FF43C
:105E100011AE039A1C46109015920D9A1294544696
:105E2000131D02F1240011950EAACDF850B0CDF843
:105E30004C900F9101E052F8044F53F8041F214495
:105E400083421960F7D1002057B0BDE8F08F00BF42
:105E5000C2B32DE9F843036806460D46144603F025
:105E60003F079B18C7F14008036002D34368013322
:105E70004360C7B1444516D306F128092946424676
:105E800009EB07000CF064F949463046FFF71CFCAB
:105E900038B93C4445440746403C3F2C08D89CB99F
:105EA0000020BDE8F8833F2C02D80DE03F2CF6D946
:105EB00029463046403C4035FFF706FC0028F5D027
:105EC000BDE8F8830020704706F1280022462946E5
:105ED00038440CF03DF9E3E770B5044600688022D1
:105EE0000D4600F03F0004F1280623180130382841
:105EF00083F8282062D8C0F13802002130440CF029
:105F00000FF923683146666820465A0FDB0042EAE3
:105F1000C6021BBA12BA63662266FFF7D5FB0028D9
:105F20004BD1E37A2B7063896B70A3681B0AAB704B
:105F3000A368EB70E37B2B71E3896B71E3681B0A49
:105F4000AB71E368EB71E37C2B72638A6B7223693C
:105F50001B0AAB722369EB72E37D2B73E38A6B73CD
:105F600063691B0AAB736369EB73E37E2B74638B0A
:105F70006B74A3691B0AAB74A369EB74E37F2B7585
:105F8000E38B6B75E3691B0AAB75E369EB7594F8FA
:105F900023302B76638C6B76236A1B0AAB76236ADD
:105FA000EB76A36E4BB994F827302B77E38C6B77A5
:105FB000636A1B0AAB77636AEB7770BDC0F140027E
:105FC000002130440CF0ACF831462046FFF77CFB52
:105FD0000028F2D10146382230460CF0A1F890E7B3
:105FE0000029184B184A8166184910B4184C18BF7C
:105FF0002346184C836018BF2246174B18BF0B4628
:10600000164C1749C2600361164A18BF2246164B48
:1060100018BF0B46154C16498361164B18BF234613
:10602000154C4261C361154A18BF0A46144B4FF024
:10603000000118BF234602625DF8044B4362C0E9C9
:106040000011704767E6096A85AE67BB17DD7030DF
:10605000D89E05C107D57C3672F36E3C39590EF7D0
:10606000310BC0FF3AF54FA57F520E5111155868FC
:10607000A78FF9648C68059BA44FFABEABD9831F28
:1060800019CDE05BFFF7E4BEFFF726BFFFF71CBBAF
:10609000F0B59DB01C4606460F4615460021682205
:1060A00001A80CF03DF8002C1B943A46224C3146D6
:1060B000224B01A818BF2346214C0393214B18BF44
:1060C000234604F17944049304F574041E4B04F54B
:1060D000016418BF23461D4C05931D4B18BF234672
:1060E0001C4C06931C4B18BF234604F1D144079364
:1060F00004F5C014194B04F51E6418BF2346184C50
:106100000893184B18BF2346174C0993174B18BF19
:1061100023460A93FFF79CFE38B1044601A86C2180
:10612000FBF7BAFE20461DB0F0BD294601A8FFF7D7
:10613000D3FE0446F2E700BFD89E05C167E6096AB0
:1061400007D57C3685AE67BB72F36E3C39590EF7C6
:106150003AF54FA5310BC0FF7F520E518C68059B5D
:10616000A78FF964ABD9831FA44FFABE19CDE05BAA
:10617000FFF78EBF2DE9F04F0121A5B080464FF407
:1061800080600CF015F8002800F0C280002107465E
:106190006C2209A8DFF8D8910D46DFF8D8B10BF0D2
:1061A000BFFF614B022DA3FB0523CCBF00260126B8
:1061B00023F0010404EB53042C1BB8F1000F77D13A
:1061C000022D5A4B5A4AC8BF5B4623960B93594B34
:1061D000D8BF1346584A0D93584BD8BF1346584A58
:1061E0000E93584BD8BF134602F1D1420F9302F5DC
:1061F000C012554B02F51E62D8BF1346534A109386
:10620000534BD8BF1346A2F111621193A2F50C2291
:10621000504BA2F28E22C8BF134602F15A4202F539
:106220001C0212934FF0000302F2EE72CDE9093323
:10623000494BD8BF1346022C0C9345D0474BC4EBB7
:10624000C40109A804EBC10103EB840403F5E67360
:10625000D4F8C0211944FFF7FBFD8246002846D13F
:1062600009A801A9FFF738FE824600283FD1C6F1F0
:10627000080201A8494692000BF082FF82460028DE
:1062800040D1B8F1000F1BD1013509F12009062DCD
:1062900087D1B8F1000F31D1C24609A86C21FBF7B4
:1062A000FBFD38460BF088FF504625B0BDE8F08F67
:1062B000C6F10801621C2A4849010BF04DFF7FE737
:1062C00028480BF051FFDFE74FF47A74612138461C
:1062D00022460BF025FF01E0013CC1D04FF47A7259
:1062E000394609A8FFF7B4FD0028F5D08246B8F179
:1062F000000FD2D01C480BF037FFCEE70A200BF07E
:106300000BFFCAE74FF0010AB8F1000FC5D0F1E763
:10631000B8F1000F02D14FF0010AC5E713484FF062
:10632000010A0BF021FFBFE7ABAAAAAAD89E05C1BC
:1063300017DD703072F36E3C39590EF73AF54FA500
:10634000310BC0FF7F520E518C68059BA78FF964FB
:10635000ABD9831FA44FFABE85AE67BBA4CE026043
:10636000802E0020A0110020F0110020642E0020BB
:10637000A4CF026067E6096AD82200210BF0D0BEE4
:1063800010B1D821FBF788BD704700BFD82208B5EF
:106390000BF0DEFE08BD00BF034649B39FED1E0BA8
:1063A0009FED1F1B9FED202B9FED213B9FED224B6F
:1063B0009FED235B9FED246B9FED257B83ED127B8F
:1063C0009FED257B0020C3F8D01083ED040B83EDF7
:1063D000061B83ED082B83ED0A3B83ED0C4B83ED0D
:1063E0000E5B83ED106B83ED007B83ED027B7047CA
:1063F0009FED1B0B9FED1C1B9FED1D2B9FED1E3B6F
:106400009FED1F4B9FED205B9FED216B9FED227B4E
:10641000D4E700BFAFF30080D89E05C15D9DBBCB24
:1064200007D57C362A299A6217DD70305A015991B6
:1064300039590EF7D8EC2F15310BC0FF672633679B
:1064400011155868874AB48EA78FF9640D2E0CDB9E
:10645000A44FFABE1D48B547000000000000000030
:1064600008C9BCF367E6096A3BA7CA8485AE67BB67
:106470002BF894FE72F36E3CF1361D5F3AF54FA592
:10648000D182E6AD7F520E511F6C3E2B8C68059B6E
:106490006BBD41FBABD9831F79217E1319CDE05B26
:1064A0002DE9F04FADF54D7D1B902AAC0DF1B00AF2
:1064B0004AA80E79083111F8073C11F8012C11F89F
:1064C000085C1B0442EA066211F803CC43EA056348
:1064D00011F8067C11F8026C42EA0C4211F8055CD6
:1064E00043EA072342EA06222B4344F8082FA0423E
:1064F0006360DED1ACAF2CAA9046D2E91C01D2E990
:106500000246C30CD8F84CB0C50008324FEAD14E51
:106510004FEAC10C45EA51754EEA403E43EA413329
:106520004CEA507C80096B40156C8EEA0C0C40EAFA
:1065300081604FEA540E4340D8F800004FEA142916
:106540002D18D8F804008CEA911C4BEB000BE109E4
:106550005B194EEAC67E4FEA560849EA06694CEBDB
:106560000B0C350A8EEA090048EAC47845EA04654E
:1065700041EA466188EA0504414084EAD6105B1886
:106580004CEB00009742C2E91E30B5D11B9BDFF8EF
:10659000FC801A699969186A9D6A1C921D915A6B50
:1065A000D96B1E901F95586CDD6A5C6ADF695E6965
:1065B000A346209521921D6B9A6B22912390196C12
:1065C000986CDB6C2794289529922A912B9025961C
:1065D000269724931E4B04910E93249B229901939A
:1065E0001C4B06921893A3F13D53219AA3F58913EE
:1065F00003910292A3F24323089023981993164B18
:1066000007901648164C0C951F9DDDF880E0099503
:10661000144DDDF87890DDE91C210592124ACDE990
:106620001623124BCDE91403114BCDE91243114B44
:10663000114CCDE91053114BA446114D0D93114B44
:106640000F93114B0B93CDF8688088460A973FE073
:1066500020D1026018816DDAA4823F9219D005B66C
:1066600038B548F3BCDB89819B4F19AFF111F15963
:106670005BC25639A5DBB5E9982F8A422F3B4DEC1A
:1066800022AE28D7CFFBC0B591443771CD65EF233B
:106690009A6C1A92DA6C0B921A6D0D925A6D0F92D7
:1066A0009A6D1092DA6D11921A6E12925A6E1392BE
:1066B0009A6E1492DA6E15921A6F16925A6F17929A
:1066C0009A6FD3E9105C18924033DA6B0E931992EB
:1066D0000C9F0AF1400A029CBA0B0498BB0C42EAD8
:1066E000844243EA8433A10B5A40069B41EA874126
:1066F00043403B404340A00C40EA87304140F8050E
:1067000040EA5420039C4240D218079B84EA0300CD
:10671000029B079C00EA03004FEAC35343EA572356
:1067200080EA04004FEA167481EA03015AF8403CFB
:1067300041EB00010898D2185AF83C3C41EB0303A6
:106740001218019840EB03035219099D4CEB030307
:10675000A8184EEB030508900995059D290F45EAF9
:10676000080EA80741EA06110EEA090E40EA960053
:1067700044EA05144140B00740EA950044406806E9
:1067800005EA080540EAD6104EEA050E059D41408F
:106790000A9811EB0E0E4FEA466146EA000041EA04
:1067A000D51100EA0B0081EA04010A9C06EA040400
:1067B00040EA040041EB000006991EEB020E87EA56
:1067C0000104089F43EB000309983C404FEA973CC3
:1067D000019384EA01024CEA804CDDE9021408923C
:1067E000BA0C81EA040542EA803205408CEA020CC8
:1067F0005AF8382C6540049CA21804464FEA9030A1
:106800004FEA9441234640EA874041EA873180EAD3
:1068100001004FEAC75141EA5421079C8CEA010C60
:106820005AF8341C44EB0101089C089712194FEAEE
:10683000C35444EA572441EB050112EB0C0280EAF1
:1068400004051A98019B41EB050512180B984FEAB5
:106850001E714FEA1374059F40EB050519EB02000A
:1068600041EA031107EA0E0907904FEA8E704BEBDD
:10687000050C44EA0E1440EA9300CDF810C047EA34
:106880000E0C414098070CEA080C40EA9E004CEAC6
:10689000090C44404FEA4E6040EAD310414046EABA
:1068A00003000A9B11EB0C0C019900EA03004FEA6C
:1068B000416141EADE1181EA0401019C06EA040417
:1068C00040EA0400089C41EB00001CEB020C0C9A0F
:1068D00045EB0007049982EA0409069D0A97079F81
:1068E000099809EA0709BC0B89EA0209BA0C44EACB
:1068F000814442EA8132029954405AF8302C81EAAC
:10690000000BAA18049D0BEA050B4FEA95308BEAA1
:10691000010B4FEA954140EA874041EA873180EA1E
:1069200001004FEAC75141EA5521039D84EA010461
:106930005AF82C1C45EB010112EB0902049D0EEAEA
:106940000C0941EB0B0112194FEAC55444EA5724D4
:106950000A9F80EA04000D9C41EB000012190F9C75
:106960004FEA1C7144EB000018EB020441EA0711E6
:10697000254643EB00044FEA17783B4606944FEA5E
:106980008C7448EA0C1844EA97046140BC0744EA56
:106990009C0488EA04084FEA4C6444EAD714059F33
:1069A00061404EEA0C043C405F0647EADC1744EACB
:1069B000090488EA0708019F0C19019947EA0307AF
:1069C00001EA03012B4607EA060747EA010748EBFD
:1069D0000707A4184FEA953840EB0702DDE90717CF
:1069E0000392AA0C794029407940069F0C9842EA0C
:1069F0008732049D48EA874888EA02085AF8282C1A
:106A000010EB020B099A384682EA05091D4609EA8D
:106A100007094FEA97370C9589EA02094FEA904235
:106A200047EA8347034642EA853287EA02074FEA8C
:106A3000C55242EA5022029888EA02085AF8242CE9
:106A400040EB020211EB0B010CEA040B49EB0202D2
:106A500011EB08014FEAC35848EA552887EA0807AE
:106A600042EB0707109A11EB0208059A119941EBC6
:106A7000070712EB08014FEA1472084646EB0701BC
:106A8000039E0591A10742EA061241EA96014FEAE8
:106A900016794A40B10749EA041941EA940189EAA2
:106AA0000109610641EAD611760682EA01034CEA41
:106AB000040146EAD416019A029301EA0E010A9BE8
:106AC00089EA0609039E41EA0B011E431640029A19
:106AD0005118039A03EA020246EA020649EB060647
:106AE00011EB080305994FEA903847EB0602079E21
:106AF00048EA8148029386EA05070B92820C069DBC
:106B0000074042EA81327740064688EA0208089840
:106B10005AF8202C10EB020B04984FEA913280EACD
:106B2000050942EA864209EA010989EA0009304674
:106B30004FEA9146054646EA803682EA06024FEA67
:106B4000C056099846EA512688EA06085AF81C6C8D
:106B500040EB060617EB0B0749EB060617EB080799
:106B60004FEAC15848EA552882EA080246EB020279
:106B7000129EBF19139E46EB02021EEB070ECDF8C4
:106B800020E0019B0B9843EB020302994FEA107837
:106B90000D9501934FEA406E029B4EEAD11E1E0FE7
:106BA000029B9B0746EA001643EA90035E40029B65
:106BB00048EA0318830743EA910388EA03084B066F
:106BC00043EAD01388EA0E085E4044EA01030399C1
:106BD00003EA0C0341EA000E0A990EEA010E02993B
:106BE00004EA0109039943EA0903F31801EA0006DC
:106BF00001994EEA060E48EB0E0EDB19079F184668
:106C00000C9B42EB0E0E83EA0506089D2E404FEAD0
:106C100095385E40AB0C48EA814843EA813388EA04
:106C200003085AF8183CFB18DDE9052787EA020932
:106C30004FEA914209EA010942EA853289EA0709E5
:106C40004FEA913747EA854787EA02074FEAC5527C
:106C5000049D42EA512288EA02085AF8142C45EBB6
:106C60000202F618089D4FEAC15349EB020216EBE7
:106C7000080643EA552303994FEA1E7587EA030B7A
:106C8000149F4FEA107342EB0B0BF619159F43EA62
:106C90000E130A9A45EA001547EB0B0B1CEB060C8A
:106CA0000746CDF810C042EB0B0C82070997CDF8D0
:106CB0001CC042EA9E0253404FEA8E7242EA9002A2
:106CC0005540420642EADE125340029A42EA000967
:106CD0004FEA4E6242EAD0120B9809EA0409554085
:106CE00040EA0E020A4002990F4049EA070913EBF5
:106CF000090900EA0E0342EA030245EB02020D9D78
:106D0000049819EB0609089E4FEA90374BEB020BEB
:106D1000830C0C9A47EA8C476E4043EA8C3306405A
:106D200001985F405AF8103C6E406546D318059AAA
:106D3000294682EA000C04980CEA050C4FEA9535C6
:106D40008CEA020C4FEA914245EA804542EA8032E1
:106D500085EA02054FEAC052069842EA512287EAC4
:106D600002075AF80C2C40EB0202F61804984FEA7E
:106D7000C1534CEB0202F61943EA502309990298D9
:106D800085EA0307169B0B9D42EB0707F618179B36
:106D90004FEA197243EB0707A31942EA0B12069355
:106DA000039B43EB07044FEA897343EA9B03039475
:106DB0004FEA1B745A404FEA8B7344EA091443EAC2
:106DC00099035C404FEA496343EADB135A4041EAC6
:106DD000090303404FEA4B6040EAD91044404EEAB1
:106DE0000B00284001EA09052B43D3180EEA0B02D9
:106DF00040EA02000D9A44EB000013EB0608089CE1
:106E0000049E47EB0001069F84EA0600079EBD0B27
:106E10000A913840BB0C6040039C43EA843345EA46
:106E20008445019C5D405AF8083C6640D318039A9B
:106E300006EA020686EA04064FEA92344FEA9242D4
:106E400044EA874442EA873284EA02044FEAC7529E
:106E5000039F42EA5722059F85EA02055AF8042C4F
:106E600047EB0202C01846EB0202039E069F401940
:106E70004FEAC6530B9D43EA57230F4684EA0306A5
:106E8000029B4FEA117442EB0606189A44EA081472
:106E90008018199A42EB06061A184FEA88730C926A
:106EA00045EB060243EA9103099D02924FEA1872EC
:106EB00042EA01125A408B0743EA98035C404FEACA
:106EC000486343EAD11349065A4049EA080341EAB4
:106ED000D8112B4009EA08054C404BEA07012B4327
:106EE00001EA0E01D3180BEA070241EA02012B4A1C
:106EF00044EB01011B18059346EB01060E9B9A42D9
:106F00007FF4C6AB059A40461C9B1B9C9B181D99A1
:106F1000259A0A9F46EB020223610918269B1E98B8
:106F200047EB0303099D10EB0900C4E90521279AEB
:106F30001F994BEB020249190C9DC4E90730209BB5
:106F400028984EEB03034019069DC4E909212199B5
:106F5000029A42EB01022999C4E90B30491922989F
:106F6000039B049D43EB00032A98C4E90D214019BB
:106F70002399079A089D42EB01022B99C4E90F302F
:106F800049192498019B43EB00030020C4E9112117
:106F9000E3640DF54D7DBDE8F08F00BF60D3026066
:106FA000002A43D02DE9F84314460D460022064638
:106FB000D0E9003103F07F071B1951F10001C7F13F
:106FC000800828BF0122C0E9003132B18368013353
:106FD0008360C36843F10003C360C7B1444516D35F
:106FE00006F150092946424609EB07000BF0B0F8BC
:106FF00049463046FFF754FA38B9803C45443C4492
:1070000007467F2C08D89CB90020BDE8F8837F2C68
:1070100002D80DE07F2CF6D929463046803C8035D9
:10702000FFF73EFA0028F5D0BDE8F883002070474E
:1070300006F150002246294638440BF089F8E3E770
:10704000F8B50446006880220D4600F07F0004F188
:10705000500623180130702883F8502000F2FC807D
:10706000C0F17002002130440BF05AF83146E2685A
:10707000A768D200D4E9000342EA57725E0FDB0032
:1070800084F8C32046EAC70643EA5073C00036BA04
:1070900084F8CB3000BAC4F8C460C4F8CC00100E39
:1070A00084F8C000100C120A84F8C100204684F84D
:1070B000C2201A0E84F8C8201A0C1B0A84F8C920B2
:1070C00084F8CA30FFF7ECF9002840F0C480E37D73
:1070D0002B70E38A6B7063691B0AAB706369EB709A
:1070E000E37C2B71638A6B7123691B0AAB71236983
:1070F000EB71E37F2B72E38B6B72E3691B0AAB725C
:10710000E369EB72E37E2B73638B6B73A3691B0ADA
:10711000AB73A369EB7394F827302B74E38C6B7417
:10712000636A1B0AAB74636AEB7494F823302B75A3
:10713000638C6B75236A1B0AAB75236AEB7594F835
:107140002F302B76E38D6B76E36A1B0AAB76E36A0E
:10715000EB7694F82B302B77638D6B77A36A1B0A41
:10716000AB77A36AEB7794F8373085F82030E38E5D
:1071700085F82130636B1B0A85F82230636B85F834
:10718000233094F8333085F82430638E85F8253029
:10719000236B1B0A85F82630236B85F8273094F87B
:1071A0003F3085F82830E38F85F82930E36B1B0AE0
:1071B00085F82A30E36B85F82B3094F83B3085F85E
:1071C0002C30638F85F82D30A36B1B0A85F82E3089
:1071D000A36B85F82F30D4F8D030002B3BD194F836
:1071E000473085F83030B4F8463085F83130636C7C
:1071F0001B0A85F83230636C85F8333094F84330DD
:1072000085F83430B4F8423085F83530236C1B0AE9
:1072100085F83630236C85F8373094F84F3085F890
:107220003830B4F84E3085F83930E36C1B0A85F8F5
:107230003A30E36C85F83B3094F84B3085F83C30BD
:10724000B4F84A3085F83D30A36C1B0A85F83E300F
:10725000A36C85F83F30F8BDC0F1800200213044B6
:107260000AF05EFF31462046FFF71AF90028F2D1F6
:107270000146702230460AF053FFF7E649B39FED0E
:107280001E1B9FED1F2B9FED203B9FED214B9FED84
:10729000225B9FED236B9FED247B33A3D3E9002377
:1072A000C0E9122300220023C0F8D01080ED041B97
:1072B00080ED062B80ED083B80ED0A4B80ED0C5BEA
:1072C00080ED0E6B80ED107BC0E90023C0E9022346
:1072D00070479FED171B9FED182B9FED193B9FEDFE
:1072E0001A4B9FED1B5B9FED1C6B9FED1D7B20A33D
:1072F000D3E90023D4E700BFD89E05C15D9DBBCB79
:1073000007D57C362A299A6217DD70305A015991C7
:1073100039590EF7D8EC2F15310BC0FF67263367AC
:1073200011155868874AB48EA78FF9640D2E0CDBAF
:1073300008C9BCF367E6096A3BA7CA8485AE67BB88
:107340002BF894FE72F36E3CF1361D5F3AF54FA5B3
:10735000D182E6AD7F520E511F6C3E2B8C68059B8F
:107360006BBD41FBABD9831FA44FFABE1D48B54787
:1073700079217E1319CDE05BFFF712BEFFF760BEE7
:10738000FFF78EB8F0B5B7B01C4605460E46174657
:107390000021D82268460AF0C3FE84B39FED242B57
:1073A0009FED253B9FED264B9FED275B9FED286BC7
:1073B0009FED297B36A1D1E9000137A3D3E9002352
:1073C000CDE91001CDE912232946324668463494AE
:1073D0008DED042B8DED063B8DED084B8DED0A5B9D
:1073E0008DED0C6B8DED0E7BFFF7DAFD0446C8B119
:1073F0006846D821FAF750FD204637B0F0BD9FED22
:10740000182B9FED193B9FED1A4B9FED1B5B9FEDDA
:107410001C6B9FED1D7B22A1D1E9000122A3D3E9C2
:107420000023CDE739466846FFF70AFE0446DFE74A
:10743000D89E05C15D9DBBCB07D57C362A299A62B3
:1074400017DD70305A01599139590EF7D8EC2F15C4
:10745000310BC0FF6726336711155868874AB48E11
:1074600008C9BCF367E6096A3BA7CA8485AE67BB57
:107470002BF894FE72F36E3CF1361D5F3AF54FA582
:10748000D182E6AD7F520E511F6C3E2B8C68059B5E
:10749000A78FF9640D2E0CDBA44FFABE1D48B5472B
:1074A0006BBD41FBABD9831F79217E1319CDE05B06
:1074B000FFF768BF2DE9F04F0121C9B081464FF4B5
:1074C00080600AF075FE002800F08E80DFF84481AD
:1074D00000210746D82208F5C67312A80D46DFF82A
:1074E00038A101930AF01CFEAAFB0523022D23F00C
:1074F0000104CCBF0026012604EB53042C1BB9F178
:10750000000F41D1314612A8FEF746FF83460028FE
:1075100059D1022C44D0C4EBC401394B12A804EB5E
:10752000011103EB8404019BD4F800241944FFF7F4
:1075300037FD8346002846D112A802A9FFF780FD37
:10754000834600283FD1C6F1040202A84146120139
:107550000AF016FE8346002840D1B9F1000F1BD176
:10756000013508F14008062DBED1B9F1000F31D127
:10757000CB4612A8D821FAF78FFC38460AF01CFE39
:10758000584649B0BDE8F08FC6F10401621C1D48A1
:10759000C9010AF0E1FDB5E71B480AF0E5FDDFE7A8
:1075A0004FF47A746121384622460AF0B9FD01E0B1
:1075B000013CC1D04FF47A72394612A8FFF7F0FCB3
:1075C00083460028F4D0B9F1000FD2D00F480AF05A
:1075D000CBFDCEE70A200AF09FFDCAE74FF0010B72
:1075E000B9F1000FC5D0F1E7B9F1000F02D14FF0AA
:1075F000010BC5E706484FF0010B0AF0B5FDBFE7E8
:1076000020D10260802E0020A0110020F011002067
:10761000642E0020A0D30260ABAAAAAA70B4134EB5
:10762000336803BB12484CF6A944124D4CF6A841EE
:1076300000F5027C104A4CF2090302E052F8203FA8
:1076400033B19942FAD1137A2A2B01D040F8041BA6
:107650002CB1604503D2214655F8044FEAE70022D9
:10766000012302603360024870BC7047FCC70020F1
:10767000ECC5002084D60260C0D9026038B505464A
:1076800070B1084C084803E054F8203F33B16068FB
:1076900029460AF059FD23460028F5D1184638BD81
:1076A0000346FBE7C0D90260942E0020074B4CF242
:1076B0000902014602E01A6A20331AB19142FAD156
:1076C0001846704713461846704700BFC0D902607D
:1076D000807A431E092B0AD8DFE803F0050505066A
:1076E000090905090707012070470220704700209B
:1076F000704700BF807A032806D9A0F10400B0FAD1
:1077000080F0400980007047003818BF01207047A2
:10771000807A042804D8022894BF002001207047F2
:10772000083802288CBF002001207047807A053875
:1077300003288CBF00200120704700BF064A4CF28E
:10774000090302E052F8203F1BB19842FAD1506879
:1077500070470248704700BFC0D90260BC2E0020AD
:1077600038B5054660B1074C074803E054F8200FD0
:1077700030B1606829460AF0E7FC0028F6D120689D
:1077800038BD00BFC0D90260942E00202DE9F0471B
:107790000446406984B00038E56B18BF012005F24B
:1077A000544501EB40091D44B9F5205F51D846000E
:1077B000206890462B4690F8CC200F4690F8C910D0
:1077C000C2F3400290F8C80005F0E8FF23682E22BB
:1077D000A91CD3E906A0D04720BBA36B3022D86DEB
:1077E000E36BC3F81024002837D0BC300121F8F730
:1077F000E1FC80B3E36B29462568D3F81024A06B25
:10780000EB69C06D0393AB69C9F52055CDF80080D5
:10781000BC300293D4F8C03001954B44F8F7A6FD74
:1078200000B916B904B0BDE8F087D8F80030D4F834
:10783000C0201B0AD355D4F8C030D8F800203B44F0
:107840005A70D8F800300233C8F8003004B0BDE8F0
:10785000F0870348E6E70348E4E70348E2E700BFB0
:107860000096FFFF0093FFFF0089FFFF4368102B86
:107870002DE9F04F9FB000F02D85C36B0446002B1F
:1078800000F0288505F0E2F8054648BB236893F828
:10789000CC309E0704D5E36B93F8EC31012B19D063
:1078A00063680C2B20D0112B00F21485DFE813F055
:1078B000D5048000A004C504E504DA046903BF040C
:1078C00025049703950491031205CF04CB049B0470
:1078D00012052300204606F063F80028E0D0054694
:1078E00028461FB0BDE8F08FE36BD3F88836002B35
:1078F00058D011236360204607F006F90646002899
:1079000040F0EB84A36F162B41F0F282226F1378C4
:10791000042B41F0F5822368D4F8A01093F8CC3002
:1079200003F00203002B0BBF0A23122304200C20B8
:107930009942C1F0E58202EB000952F80080B9F8E3
:1079400004707FBABFB23B44994241F0D982E36BE5
:10795000C3F888660C236360002FC1D0A36BD3E902
:107960001901FAF799FAA36B586E0AF025FCD4F8BE
:1079700038A039460120CAE919660AF019FC054603
:10798000002801F0878309F106013A460AF0E0FB7E
:1079900098FA88F3CAF864503546CAF80860CAE90C
:1079A0001A739DE720461FB0BDE8F04F07F0F6BB05
:1079B00023689A69002A01F03F83A2682AB993F8E4
:1079C000CA20226193F8CB20626193F8C800002896
:1079D00000F0808493F8CC20D4F8C07093F8C910DC
:1079E000C2F340023B1D05F0D9FE2368E66B93F815
:1079F000CC2006F21441950740F1B584D6F8DC217D
:107A0000002A00F0B0840D6848688A68CB68C7F81F
:107A10000650C7F80A00C7F80E20C7F812304869A8
:107A2000CB690D698A69C7F82230C7F81650C7F8C4
:107A30001A00C7F81E20A16B8868A0F11003102B54
:107A4000A36800F23D85002B40F08A86E36BD3F8F3
:107A50007836002B00F037854B6E002B41F01781F4
:107A600007F1270987F8260049460023A26B1A442C
:107A70000133127B834201F8012BF7D3002808BFA2
:107A800001208144236893F8CC20900716D5E36B3E
:107A9000D3F8DC21002A00F0FC8693F8E03109F8E5
:107AA000013B4846E36B93F8E021D3F8DC110AF080
:107AB0004FFBE26B236892F8E0219144626909F17F
:107AC000020653F822502868002801F094814FF0F4
:107AD0000008FFF7EBFD226892F8C910C0B10369F6
:107AE000994215DB92F8CBC0314683699C450FDC87
:107AF00092F8CC309A0702D5037F5B0708D42B6835
:107B000008F101081B1201F8023B2B6873700E4646
:107B100055F8040F0028DCD1A3683BB9324608F1C0
:107B2000010802F8023BFF2373701646236893F89E
:107B3000CE30DD0708D53346562208F1010803F898
:107B4000022B002272701E464FEAD81332464FEACB
:107B500048084FF0000B89F80030012389F80180B4
:107B600002F8023B86F801B0D4F8C030D4F8D8004F
:107B700003F52059331D06920793002801F0C680B3
:107B80004B4500F299840AF0EBFA079B00F10908D3
:107B90000546A9EB03034345C0F08E84421DC3B2E2
:107BA00086F804B00B35120A337386F805B0B2714B
:107BB000C21C86F80AB0120A32725A1D0333F271DF
:107BC00002467372030A06F10D00F372D4F8D8105E
:107BD0000AF0BEFAD4F8C03003F52059069B1D44C4
:107BE000A368012B2AD14D4594BF002301232BBB51
:107BF000D4F8EC20A9EB050C053294451ED3AB70EC
:107C0000FF23681D04F1F0012B7001236B70D4F881
:107C1000EC300133EB70D4F8EC302B71D4F8EC205D
:107C20000AF096FAD4F8EC3005339844D4F8C03012
:107C300008F1020503F52059069B1D44AB1DD4F83D
:107C400000E005939EF8C930032B54D1DEF874A0F0
:107C5000DAF80000002801F0FB805346CAF1040C5A
:107C600003EB0C0153F8042F002AF9D1A945C1F008
:107C700051800631A9EB050C8C45C1F0B28000287B
:107C800001F08581A946C5F1040B05F0F3FC4FF026
:107C9000030389F8060089F80730DAF8000005F0D8
:107CA000E9FC4FF0010389F808000BEB090289F8A1
:107CB000093009F104095AF8040F0028E5D1D3B2BC
:107CC00008F106086B7102339044EB70931C120AA2
:107CD0001B0A2A71AB7000232B700D236B7008F107
:107CE0000205069BD4F800E01D44D4F8C03003F52B
:107CF0002059AB1D0593DEF878A09AF80000002803
:107D000000F0F4834FF0000B04E01AF8010F002894
:107D100000F0ED830BF1020BF3F7E2F90028F4D148
:107D2000D4F8C03003F5205AAA4517D3AAEB0502B0
:107D3000052A13D900232B70AB706B710B236B706A
:107D40000223EB7001232B7108F10805069B08F153
:107D500006081D44D4F8C03003F5205A2368554561
:107D6000059398BF0021B3F8CC3088BF012103F4FC
:107D7000E073002B14BF084641F00100002800F01A
:107D80002F85059B93F8CD30580617D5B1B9AAEBCE
:107D90000502032A12D904232970A9706B70E970B7
:107DA00008F10605069B08F1040822681D44D4F872
:107DB000C030059203F5205A92F8CD309A0721D5AC
:107DC000059A92F8C920002A3AD0AA452CBF002172
:107DD0000121A9BBAAEB0502032A41F21280162356
:107DE0002970A9706B70E97008F10605069B08F10F
:107DF000040822681D44D4F8C030059203F5205AC7
:107E000092F8CD305B071BD5059B93F8C930BBB109
:107E1000AA4515D3AAEB0502032A11D900232B701A
:107E2000AB70EB7017236B7008F10605069B08F129
:107E300004081D44D4F8C03003F5205A2368059384
:107E4000059BD3F8A490B9F1000F53D0D9F80000E6
:107E5000002800F0DB874FF0000B0AF081F9C0B278
:107E60000130834459F8040F0028F6D1554564D8F1
:107E70000BF10602AAEB050393423BD3002305F165
:107E8000060A2B7010236B702368D3F8A4B0DBF8BC
:107E9000000098B10AF064F98146504600F8019B51
:107EA0005FFA89F9DBF800104A4609F101090AF086
:107EB0004FF95BF8040FCA440028EBD1AAEB050A7E
:107EC000AAF106035FFA8AF2D044AAF1040A1B0A57
:107ED0002B714FEA1A23AB70931F043A6B71EA704F
:107EE00008F10205069B1D44D4F8C03003F5205A62
:107EF00023680593059B93F8CD30DB091DD05545CC
:107F000094BF00230123C3B9A26BAAEB050A926EAA
:107F1000101D824511D32B702323EA706B70130A56
:107F2000AB70A36B596E002900F00E87002A00F099
:107F30000B878044281D0AF00BF9B8F1000F08D018
:107F4000079B86F8038043444FEA1828069386F877
:107F50000280069B01221621DF1BD4F8C030C4E941
:107F600031171A70D4E9002392F8CC200133950719
:107F7000636000F1698420461FB0BDE8F04F04F053
:107F8000B9BD204606F0C0FD0346002840F07182CE
:107F9000A26F162A40F048812268D4F8A00092F817
:107FA000CC2012F002020CBF04210C21884240F0C8
:107FB0009787216F09780E2940F092876168013117
:107FC0006160002A3FF48CAC20461D4605F0BAFCE7
:107FD00086E420461FB0BDE8F04F05F029BCE26CF6
:107FE0000023204616680D9304F0E6FA05460028A3
:107FF0007FF476ACB37A03F0FD02052A00F06581C8
:108000000B2B06D84FF4146222FA03F3DA0700F1BF
:108010005C81D4F8D430002B00F05781E36B2168E9
:10802000002B00F0CB84D3F8C021002A00F0C684D6
:108030001168002900F049815268002A01F0278068
:108040000EAED3F804342046314698476369032BBB
:1080500000F03A86E36B2268002B00F0F086D3F83C
:10806000C001002800F0EB8640680421F8F7A2F870
:10807000002800F0DC864FF0060C1423042512AA19
:108080000026E16B2768002900F01886D1F8C001AE
:10809000002800F0138640682946FD690395BD69F4
:1080A0000295D4F8C050654400950DAD0195F8F7E0
:1080B00019F9054600287FF413ACD4F8C030162017
:1080C0000D9A0F213344120A1A71D4F8C0300D9A58
:1080D00033445A710D9BD4F8C0200633C4F8C40051
:1080E0003344C4F8C83020461170636801336360BC
:1080F00004F000FD0546FFF7F3BBE36C1E68B37A9E
:10810000022B00F03883A3F10902012A40F24381D7
:10811000033B012B8CBF00250125002D40F03B8146
:108120003046FFF703FB002800F093832368D3F861
:108130009420002A00F0AB87D3F89C20002A00F09E
:10814000A687D3F8A0309A1D0E93B2F5205F00F2F7
:108150008187D4F8C020190A1171D4F8C020537156
:108160002368D4F8C000D3E92712063009F0F0FFE5
:108170002368B17AD3F8A020052902F1060700F0A0
:108180003D86072900F0C486062900F07D8608296F
:1081900040F02486D969D4F8C02001910EA99B69CA
:1081A0003A440093C7F52053E06B8030F1F746FE68
:1081B000054600287FF494ABB17A204605F0A8F973
:1081C000054600287FF48CAB0E9B1620D4F8C02007
:1081D00010213B44C4F8C40083E720461FB0BDE82B
:1081E000F04F05F06DB9204604F060F9FFF778BB59
:1081F0002046276F06F088FC0590002840F0368165
:10820000A36F162B00F0BB81A368012B40F0708692
:108210002268E368D2F8B4200133002AE360C0F298
:108220009982934240F39682AD4DFFF759BB2046A9
:108230001FB0BDE8F04F05F0B9B820461FB0BDE84B
:10824000F04F06F09DBD0F236360FFF749BB20464A
:108250001FB0BDE8F04F07F015B801221D4662605F
:10826000FFF73EBBE36C1B689B7A042B38D8002BCE
:1082700039D106236360FFF733BBE26C0023D2F8E9
:1082800000900C9399F80A30012B00F07082093BA2
:10829000012B40F2F180204606F036FC054600280E
:1082A0007FF41EABA36F162B40F02286266F337827
:1082B0000C2B00F0F38299F80A3003F0FD03052B34
:1082C00040F016860123C4F8A83063680133636068
:1082D000FFF706BB834DFFF703BB0546FFF700BB67
:1082E000093B012BC5D8204606F00EFC00287FF480
:1082F000F6AAA36F162B40F0FB856368226F01334B
:10830000636013780D2B0CBF01230023C4F8D43015
:1083100040F0B4822368D4F8A06093F8CC3013F016
:10832000020F0CBF04230C239E4214D9D15C5818B1
:1083300000F1030C66450ED96769032F00F0F38442
:10834000024403330B445178927842EA01221344E9
:108350009E423FF4C5AA322202212046624D04F01B
:10836000B9FEFFF7BDBAD3E906500422A847054677
:1083700000287FF4B5AA236806F583611C22D3E99F
:108380000650A847054600287FF4AAAAE16B01F22F
:108390001441FFF738BB2368D4F8C020D969E06BDB
:1083A00004320191996980304FF47A7300910EA9DB
:1083B000F1F744FD054600287FF492AA22684FF4A5
:1083C0000073E06BD1690191916900F25442009110
:1083D00000F582618030F1F773FD054600287FF4D7
:1083E0007FAA0427F0E6256F0EA9C2F340020DA86C
:1083F00005F10C0305F0E6F90D99022940F36086BA
:108400000E9B012B40F35C86226892F8C8008142E3
:1084100000F3568692F8C920934200F35186236FE9
:1084200005F10F06E26FAD7B13449B1BAB42C0F21C
:108430003E86E36BD3F8DC0109F0BEFEE76B29460C
:10844000012009F0B5FEC7F8DC01002800F02B86FA
:1084500031462A4609F07CFE0123204687F8E05188
:10846000636004F08FF8204605F06CFA059DFFF775
:1084700037BA0546FFF734BAA36BD86D002800F071
:10848000DE850221BC30F7F795FE002800F0D1858B
:108490000122D4E90E30DB6D8030D3F8C010F1F743
:1084A000A7FC0546002800F0BD81282202212046B5
:1084B00004F010FEFFF714BAD8460225FFF78EBB72
:1084C000002B40F04D814B6E1BB18B6E002B40F0AA
:1084D000E28307F1270987F82630FFF7D3BA00BFF8
:1084E0000089FFFF008FFFFF8085FFFF83464D451A
:1084F0003FF616ACA9EB050C0BF106039C45FFF407
:108500000FAC2368D3F878B09BF8000000283FF444
:1085100007AC059B4FF0000905945C4603F1FF3A58
:10852000D3469A46F2F7DCFD4288CC46120A0AF896
:10853000092009F1020942880BF8092014F8010FFB
:108540000028EFD1059CB9F1000F3FF4E9AB0CF125
:1085500004024FEA192308F108082870120A2B7147
:10856000E0440A23AA705FFA89F26B706A710232E2
:10857000069BEA7008F102051D44FFF7D1BB216894
:1085800091F8CC20900740F17F813B78032B3FF49A
:108590002AAFE36BD3F8DC0109F00EFE059AE36B1A
:1085A00083F8E0212168C3F8DC2191F8CC30D4F8BD
:1085B000A00003F00203002B0BBF2A223222042367
:1085C0000C23824200F22B843A78022A40F027845E
:1085D00091F8CC201F4404F1140104F11000C2F3FF
:1085E00040023B4605F0EEF82368216993F8CA2063
:1085F0009142C0F2D784626993F8CB008242C0F204
:10860000D18493F8C800814200F3CC8493F8C93038
:108610009A4200F3C784D7F80260D7F80600D7F86B
:108620000A10D7F80E20E36BC3F83464C3F838049B
:10863000C3F83C14C3F84024D7F81260D7F81600EA
:10864000D7F81A10D7F81E20C3F84464C3F84804BA
:10865000C3F84C14C3F8502497F82280B8F1200FC7
:1086600000F2DD832368D4F8A01093F8CC3013F027
:10867000020F0CBF04230C23434403F12702914251
:1086800040F2AF8107EB080292F8260092F82760CB
:1086900046EA0026701E022840F2C18306F1280037
:1086A0000344994240F0BB8392F8233092F824A00F
:1086B0004AEA032A92F82530002B40F0CE84504637
:1086C000D4F84C90FEF7F2FFE36CC9F8000019688B
:1086D000002900F0CA84204604F002FFD4F83CB020
:1086E000DBF87836002B00F0C480B8F1000F00F002
:1086F000C080A368D4F8389023B9D9F800309A45DF
:1087000000F0128407F12301636809F10C0042466E
:10871000013363600023CBF87836C9F80880C9E9D3
:1087200000A309F015FD2368626953F82220043A7A
:1087300004E0A36B1B68984200F0628152F8040FBA
:108740000028F6D12F2202212046AA4D04F0C2FCB7
:10875000FFF7C6B80123A84DC4F8A830FFF7C0B88A
:10876000002307F1270987F82630FFF78BB9052387
:108770006360FFF7B5B8E36BD4F8C0205B68190AF3
:108780000E931171D4F8C0205371E56B05F1080008
:10879000EBF7F0FB23680146281DDD69D4F8C02003
:1087A00001959B69063200930E9BF1F729F8054667
:1087B00000287FF495A823684FF40972E06BD9690B
:1087C0000191996900F58263009100F254410430EF
:1087D000F1F776F8054600287FF482A80627F3E42F
:1087E000AAEB0502042A40F2AC8201232870A8708B
:1087F0006B70EB702368B3F8CC30C3F382132B712A
:1088000008F10705069B08F105081D44D4F8C0309F
:1088100003F5205A23685545059394BF0021012193
:10882000FFF7AFBAE36B93F88000F2F759FC48B159
:10883000E36B204693F8801004F04AFF05460028B9
:108840003FF443AD6D4D30E6204604F0D3FFFFF713
:1088500092BBB37A012B40F0C18203460EAA0421D9
:108860002046FEF793FF054600283FF4BAADFFF718
:1088700037B8D4F8389007F1230145E701230546BE
:10888000C4F8A830FFF72CB8D4F8A0002A2204239B
:1088900097E609F8012B2368FFF710B92368D4F88D
:1088A000A02093F8CC3013F0020F0CBF04230C234C
:1088B0003344164499F80A200C93062A18BF082A54
:1088C00002F0FD0002D0052840F04F82B11E8B421D
:1088D00000F27C8233F8021B49BA89B2771ABB4294
:1088E00000F2CB830B4405280C9340F03E82023A01
:1088F000022A3FF6EAAC236FDDF830A00593236827
:1089000093F8CC3013F0020F63690CBF4FF0040BE7
:108910004FF00C0B032B00F04D83022B00F35E8213
:108920004846FEF7D5FE011F80464F424F41BF002B
:108930000C9BB21E934200F22D8333F8029B99FAEE
:1089400099F90C931FFA89F9A6EB0906B34240F096
:108950002183059A5A44AAEB0203002F40F050836A
:1089600024210EAE20460D91314606F023FD00284D
:108970007EF4B5AFA36BD86D002800F0808341462C
:10898000BC30F7F717FC002800F05C83A36B32467D
:108990003946D86D0C9BBC30CDF8049000930D9BEC
:1089A000F7F712FC034600283FF48FAC3322022174
:1089B00020461D4604F08EFBFEF792BF896E0A46E4
:1089C00000293FF482AC086800283FF47EAC002BFD
:1089D0003FF432ABD3F8C021002A08BF0A46FFF7A4
:1089E0002BBB2633994240F01A82002607EB08027F
:1089F0005AE600BF8086FFFF0095FFFF0086FFFF5D
:108A0000FEF754FE6269089200283FF49BAE0369AA
:108A10009A42FFF697AE83699A423FF793AE236876
:108A2000079393F8CC300B939B0703D5037F59072B
:108A30003FF588AE08F12808A36B00220A9507EBE2
:108A4000080B09935A60DA460694002E00F0038260
:108A5000BAF80250BAF800206DBA52BAADB292B26A
:108A600005F10408B04500F2D981232A00F3BA8049
:108A700012B3013A222A1FD8DFE802F08F1E1E121D
:108A80001E1E1E1E1E1E741E1E1E1E441E1E1E1E8A
:108A90001EA6341E1E1E1E1E1E1E1E1E1E1E27006D
:108AA000079B93F8CD20520640F18580002D40F0C1
:108AB0008280099B01225A67761BC244721F043EC2
:108AC000022AC2D8AD4DFEF70BBF079B93F8CD200D
:108AD000D20970D0002D6ED1069BDA6B0123C2F84B
:108AE0008836E9E7079B93F8CD20570763D5002D1B
:108AF00061D1089B002B5ED0069BDA6B0123C2F884
:108B00008C36D9E7079BD3F8A470002F53D0032DE0
:108B100040F38481BAF80420A91E52BA92B28A4264
:108B200040F07C819AF80690EA1E914540F07681EB
:108B30003C68002C3FD00AF1070B03E057F8044FC4
:108B4000002C38D0204609F00BFB8145F6D1214698
:108B50004A46584609F014FB0028EFD1069BC3F89B
:108B6000DC40A9E7002D00F059819AF804707A1CC6
:108B7000954240F05381F7B10AF1040101E0FB4254
:108B800019D011F8010FC1F1040301285344F6D89C
:108B9000069BDA6BC2F85C018EE7079BB3F8CC202A
:108BA00002F4E07139B1012D05D1C2F382129AF8B5
:108BB0000410914280D0069C2822022120466F4D4D
:108BC00004F088FAFEF78CBE079B93F8CD2093073C
:108BD000F1D5089B002BEED0002DECD1099B012292
:108BE0009A6769E74FF601739A427FF465AF069B77
:108BF0009A68002A00F0AC80D3F8EC204FEA420ECD
:108C00000EF101018D42D6D19AF804108E45D2D1D1
:108C10004FF000018DF83410002A00F00082053278
:108C200003F1F00702EB0A0C0AF1050212F8011B2E
:108C300017F8013B624581EA03019DF8343043EAAD
:108C400001038DF83430F1D19DF8341001F0FF00AC
:108C50000029B0D10EF10507069B8DF83800574466
:108C600003F1FC0012F8011B10F8013BBA4281EA43
:108C700003019DF8383043EA01038DF83830F1D113
:108C80009DF83820002A96D10123059314E78B6EB6
:108C9000002B3EF4E5AE23680C312022D3E90650C8
:108CA000A847054600287EF41BAE2020A36B07F1E1
:108CB0002709986087F82600FEF7D6BEB86E002810
:108CC0007FF4E9A9FFF7E8B9E36C1B685D7AD4F893
:108CD000C030072D00F0B980042206251A71E36B1D
:108CE0002268002B00F09580D3F8C001002800F026
:108CF00090804068D4F8C07004F08CFC32464FF08D
:108D0000080C002302267871FFF7BBB980460225C4
:108D1000FEF764BFDEF878A09AF8000000287EF421
:108D2000F1AFFEF7FDBF10444778807840EA072096
:108D3000844466457FF60FAB023101445818FFF7B3
:108D4000FFBA0146FFF71DB808F10408FFF7F5B8B0
:108D5000012D7FF430AF9AF80420002A7FF42BAF66
:108D6000069B0595C3F8E850A6E6023A062A35D8D0
:108D7000DFE802F01D0606341D3406008086FFFF82
:108D8000E06B32460CA98030F1F71EF8F0B9E36BC6
:108D900093F88000F2F7A4F9C0B1E36B204693F892
:108DA000801004F095FC88B999F80A209FE5E06BE3
:108DB00032460CA90430F0F727FC38B9E36B5A6847
:108DC0002368D3F8C430B3EBC20FEDD92F220221B0
:108DD0002046C04D04F07EF9FEF782BDBE4DFEF781
:108DE0007FBDDEF878A09AF8000000287EF48AAFF4
:108DF0008346FFF781BB8046FEF78EBE0E95FFF7D8
:108E0000DCB95B073FF508A8FFF71AB88346FFF700
:108E10002DB8906E00287FF46CAF6BE7069C322271
:108E200002212046AD4D04F055F9FEF759BD3246FA
:108E300005464FF0060C24230646FFF722B9906E34
:108E400000287FF411A9FFF710B905221A7146E72F
:108E50000146FEF70BBF069C0A9DD4F8E830002BB4
:108E600040F089800B9B03F03003202B3FF4A4AE2D
:108E7000A268012A7EF434AD002B3FF49DAE059B21
:108E8000D8077EF52DAD97E6E36B5B68991C0E93D2
:108E90003944B1F5205F00F2DD80D4F8C0101B0A20
:108EA000CB5502F10807D4F8C0300E991344D9719C
:108EB000E56B05F10800EBF75DF823680146281D16
:108EC000DD69D4F8C02001959B693A4400930E9B5C
:108ED000F0F796FC054600283FF46EA9FEF700BDAA
:108EE0003222022120467E4D04F0F4F8FEF7F8BC51
:108EF0000A22022120467B4D04F0ECF8FEF7F0BC7C
:108F0000322202212046784D04F0E4F8FEF7E8BC56
:108F100002230EAA39462046FEF738FC05460028F3
:108F20003FF44AA9FEF7DCBCD9F80430002B7FF4EB
:108F3000E9ABD9F8083007F1230198457FF4E4AB99
:108F4000424609F10C00069109F01AF90699002829
:108F50007FF4DAAB0C232046636003F02DFB03465D
:108F600000283FF4E0AB5022022120461D4604F0C9
:108F7000B1F8FEF7B5BCA268012A7EF4B1AC012BB2
:108F80007EF4AEAC059BDE073EF5AAAC14E60246C5
:108F9000FEF795BE3222022120464E4D04F09AF88B
:108FA000FEF79EBC462202212046504D04F092F866
:108FB000FEF796BC0AF102039E42FFF407AF9AF84F
:108FC000000004F04FFB074600283FF4FFAE0C9B67
:108FD000587804F03DFB804600283FF4F7AE394650
:108FE000204604F085FB00287FF4F0AE0C9B484639
:108FF00002330C93FEF76CFB40453FF499ACE5E679
:109000000EAE00932046134631460DAA019706F096
:109010004DFA00283FF4AEAC0546FEF761BC9DF862
:10902000342002F0FF01002A7FF4C5AD8DF838101E
:1090300026E62F4DFFF739BA2E4DFEF751BC294DCC
:10904000FFF733BA282202212046294D04F042F8C6
:10905000FEF746BC284DFEF743BC2F2202212046D6
:10906000264D04F037F8FEF73BBC50220221204683
:10907000234D04F02FF8FEF733BC0C93A6E628220C
:1090800002212046174D04F025F8FEF729BC1D4D9E
:10909000FEF726BC502202212046A5F5FE4504F02D
:1090A00019F8FEF71DBC184B0593FFF7DFB90B4B02
:1090B000322202212046059304F00CF8FFF7D6B9BE
:1090C0000A4B462202212046059304F003F8FFF7DD
:1090D000CDB900BF0085FFFF0094FFFF8086FFFF32
:1090E0008084FFFF0089FFFF0092FFFF8091FFFF58
:1090F0000093FFFF008CFFFF0096FFFF808FFFFFB4
:10910000008FFFFF008AFFFF0081FFFF38B50B686B
:109110000D46991C914210D81C88296064BAA4B2EB
:109120000B199A4209D3C06B22460430F0F754FB66
:1091300028B92B6823442B6038BD024838BD02484B
:1091400038BD00BF0084FFFF8083FFFF03682DE967
:10915000F041D3F83C8082B007460E46B8F1000FCC
:1091600020D03468111B01294FDD34F8025B4FF623
:10917000FE716DBA3460ADB2681E884245D8121BCC
:10918000AA4242D3B8F1000F1BD0186C22462B46DE
:109190003946C04790BB34682C440020346002B08C
:1091A000BDE8F081D3F8941049B1D3F89C1031B1E7
:1091B000D3F8A01019B1D3F898100029D1D11448D0
:1091C000EDE7D3F8A020AA4218D1D3F89C1020468E
:1091D0008DF8078001EB050E11F8012B10F801CB7B
:1091E0009DF80730714582EA0C0243EA02038DF8CC
:1091F0000730F1D19DF80730002BCDD0732202212A
:10920000384603F067FF0348C9E70348C7E700BFD4
:10921000008AFFFF8093FFFF0084FFFF2DE9F04FDE
:109220001D46A1B04FF6FF73C66B04460F46ADF85E
:10923000503091460368002E00F0A980D6F8C00196
:10924000002800F09580D0F80480002800F09A8073
:109250000068BC30F6F7A6FF636907304FEAD00A12
:1092600083B1BB1C9945C0F09980C0F3C7203A7800
:10927000824240F0938079785FFA8AF2914240F01E
:109280008D801F4607EB0A03994540F08780012136
:109290004046F6F78FFF002800F0858023683946A6
:1092A0004FF0300E0DF11C0CDF695246404603971B
:1092B0009B69CDE900CE029314ABF7F743F8059014
:1092C0002368E06B93F8CC2006ABD0F88016C2F38D
:1092D0004002D0F87C0604F061FA21683022DDF803
:1092E0001C809DF850709DF818B09DF851909DF825
:1092F00019A0D1E9063008A99847B0BB87EA0B034B
:1093000089EA0A0988F03008059A43EA09033021FE
:1093100008AF0DF1500C43EA0803134305F2534222
:10932000C3F1000E32444EEA030EE36B4FEAEE7EC9
:10933000C3F810146FEA0E085FFA8EFE5FFA88F821
:1093400017F8011BA2F252431CF8019B01EA0E011F
:109350005B1B09EA08099B1B41EA090102F8011F8E
:10936000E16BD1F810149942EAD821B0BDE8F08F32
:10937000D3F86880B8F1000F0ED0D8F80480002828
:109380007FF466AF986E00287FF462AF61E7986E55
:1093900038B1D0F804805BE740465AE7034B0593A9
:1093A0008EE7804655E7024B059389E70084FFFF6F
:1093B000008AFFFFC0E91112C3647047036893F885
:1093C000CC30DB0716D570B515460446D0F8E00062
:1093D0000E4608F0F1FE2946012008F0E9FEC4F827
:1093E000E00048B12A46314608F0B2FE0020C4F839
:1093F000E45070BD01487047014870BD008FFFFF09
:109400000081FFFF4368102B2DE9F04FAFB029D04A
:10941000C36B044633B303F019FB054618BB22683F
:1094200092F8CC309E0722D5E16B91F8EC31012BFC
:1094300000F08C806368122B14D8DFE813F045022B
:10944000830065043F02B900E10328025D02710157
:10945000A60151025702970348024E02660113000B
:1094600013006A01AC4D28462FB0BDE8F08F636849
:10947000122BF7D801A151F823F000BFC998016061
:109480004595016005990160BD980160B195016045
:10949000FF9B01608F980160F9980160219701603E
:1094A0008B970160E1980160ED9801606B9B016012
:1094B000CF980160DB9801600B97016065940160B3
:1094C00065940160139701600521204604F0BAFC01
:1094D00000286BD1636E1A78162A40F0E484226863
:1094E00001330EA90DA892F8CC20C2F3400204F07B
:1094F00069F90D9B022B40F3D684236893F8CC3096
:10950000980740F15385A368002B41F0CF80236E6C
:109510001A78002A40F0C7845E78002E40F0C38499
:10952000D3F802102046D4F8B020C2F80210DB882D
:10953000D38004F069FD002800F03585C4F8886008
:10954000C4F88060A368002BC4D1BDE7204604F0B6
:1095500027FA58BB6368122B84D801A252F823F073
:10956000C998016045950160FB9C0160BD98016050
:10957000B1950160FF9B01608F980160F9980160CF
:10958000219701608B970160E1980160ED9801607F
:109590006B9B0160CF980160DB9801600B970160C5
:1095A00065940160659401601397016005465AE770
:1095B000E16C00220E680D92B17A4A1ED2B2092ADD
:1095C00001F26F8040F2513020FA02F2D00700F130
:1095D0006D8404230629C4F8C83001D008290FD1AE
:1095E000D4F8C03000220521C4F8C8101A71D4F88C
:1095F000C830D4F8C010581CC4F8C800CA54B17A96
:1096000001F0FB03022B01F010800025042900F279
:109610007984022900F2798402390229D4F8C01031
:109620004CD8D4F8C8300B44002230465F1B0E9251
:10963000FEF74EF863698046032B01F0F682B67A96
:10964000042E01F0318124213B460FAF2A460E91B2
:109650002046394605F0AEFE0546002841F031812E
:1096600006466369032B01F03F83E36BD4F800C027
:10967000002B01F00983D3F8C031002B01F00483E3
:109680005868002801F00583D4F8C8303A463146BE
:109690009D1CDCF81C300393DCF818300293D4F8DE
:1096A000C0302B440DAD009301950E9BF6F71AFECA
:1096B0000546002841F00581D4F8C0100D9BBBB1D0
:1096C000D4F8C8201B0A501CC4F8C8008B54D4F826
:1096D000C8300D99D4F8C020581CC4F8C800D15423
:1096E0000D9AD4F8C830D4F8C0101344C4F8C83068
:1096F00016220C232046C4F8C4200B706368013383
:10970000636003F0F7F90546ADE6204602F0CEFEB1
:10971000A9E6024DA7E600BF008FFFFF8095FFFF7F
:10972000E36C20461E6805F0EFF9054600287FF43B
:109730009AAE2268236F92F8CC20A06F12F0020F2D
:10974000D4F8A0200CBF04250C25162803EB020733
:1097500003EB05010F9140F08F831B78102B40F035
:109760008B83B37A022B00F0EF87013B092B00F2C9
:109770009083DFE813F04E038E030D030D03840383
:109780006C03580333030D030D03E36C1B689B7AD2
:1097900003F0FD02052A00F07F830B2B06D84FF45F
:1097A000146222FA03F3DB0700F17683A36BDB6D0F
:1097B000002B00F07183204604F0CAFC10F5CB4F5B
:1097C000F9D000287FF4F2AE204604F0D9FA10F563
:1097D000CD4FF0D010F5CB4FEDD0054600287FF4EB
:1097E00042AE6368A26F0133162A636041F079824A
:1097F000226F13780F2B41F074822368616993F80C
:10980000CC3003F00203002B0BBF06250E250427E6
:109810000C27032901F08781A36B04213D46D86DF5
:10982000BC30F6F7C7FC002801F00A820426142396
:109830000DF14C08AF1CD4F8A01004938F4201F234
:109840005082206F00EB050C425D9CF8015045EA08
:1098500002257A19914241F04482E26B0FA9204619
:10986000D2F804249047A06B049B4246C06D314659
:109870000195256FBC303D440095F6F7A5FC0546E3
:1098800000287FF4F0AD204603F0C6F8EBE5D4F8ED
:10989000C0300E2204201621C4E931101A70D4E918
:1098A000002392F8CC2001339207636000F16C82B0
:1098B00020462FB0BDE8F04F03F01CB920462FB072
:1098C000BDE8F04F03F072BD01236360CBE5204695
:1098D0002FB0BDE8F04F03F0ABBF0F236360C2E5CC
:1098E00020462FB0BDE8F04F05F058BC20462FB001
:1098F000BDE8F04F05F0C6BC20462FB0BDE8F04FE4
:1099000005F03EBA9369002B01F00882D4F8C060DC
:1099100092F8CC20331DB71DC2F34002D4E90401F4
:1099200003F03CFF236804223946D3E90650A847D8
:10993000054600287FF497AD23681C2206F10A0132
:10994000D3E90650A847054600287FF48CADD6F829
:109950000650D6F80A00E36BD6F80E10D6F812209F
:10996000C3F83454C3F83804C3F83C14C3F8402493
:10997000D6F82220D6F81650D6F81A00D6F81E10BF
:10998000C3F85024C3F84454C3F84804C3F84C1433
:10999000E36BD3F87826002A00F0A1860C2320463A
:1099A000636002F009FE054600287FF45CADA36BFE
:1099B00006F127089B68404686F82630A16B8A6826
:1099C0000C3108F0C5FBA36B9A681B681B1208F8E2
:1099D00002309044A36B08F1030908F1050A1B68E3
:1099E00088F80130A36B5B6888F80230D4F8E8305F
:1099F000012B40F0DD86FF2288F8063088F805202C
:109A0000A268002A41F0EB8088F8083008F10A03C8
:109A100088F8072088F80920A3EB0A07BA1CA36B73
:109A200009EB020593F8701071B1002309F80230B8
:109A3000AB7001236B70EB70A36B93F870302B71DC
:109A4000FD1DA36B05374D445A6F52B1002304220C
:109A50002B70AB70EB70BB1D6A70174409EB0305EC
:109A6000A36B6269E2B19A6FB2FA82FB4FEA5B1BA9
:109A7000B2B11868FDF71AFE90B1007AEEF7B2F8AD
:109A800070B14378022B0BD1BB1D162285F800B0B4
:109A9000043785F802B085F803B06A7009EB030556
:109AA000E36BD3F88C2662B1626952B100231722AE
:109AB0002B70AB70EB70BB1D6A70043709EB0305AC
:109AC000E36BD3F8882652B1002323222B70AB70AE
:109AD000EB70BB1D6A70043709EB0305E36BD3F829
:109AE0008436DB070ED50B2200236A7002222B700E
:109AF000AB706B7107F10803EA70012206372A7117
:109B000009EB0305D4F8DC30E3B100232B701023FC
:109B10006B70D4F8DC0008F023FB0246E81DD11C72
:109B2000D31D090A1F44DBB2A970511C090A29710F
:109B3000191FE970991F073B6971AB71D4F8DC10EC
:109B400008F006FB37B13B0A0AEB070988F80470F6
:109B500088F803301620A9EB0606D4F8C0200221AD
:109B6000C4E9310620461170A3E6E16BD1F88836CE
:109B7000002B00F0C181D4F8C03016210422C4F8B3
:109B8000C4101A700FAB2168D4F8C020886D0193FF
:109B90000EAB009302F520530D6D0A32A16BA8475E
:109BA000002840F03B850E9AC2F30726D1B20A3254
:109BB0000F9B0025D4F8C07020464FEA136C87F83D
:109BC00004C04FEA134CD4F8C07087F805C04FEAC0
:109BD000132CD4F8C07087F806C0D4F8C070FB719D
:109BE000D4F8C0301E72D4F8C0305972E36BC4F898
:109BF000C820C3F8885602F07DFF054633E4E16BC8
:109C0000D1F8C4310621E26C032BD4F8C09012685D
:109C1000616004D1236893F8CC30C3F38103927A56
:109C200002F0FD0105293FF41EAC0B2A06D84FF4C3
:109C3000146121FA02F2D1073FF515AC002B00F0B8
:109C40003E854FF0010A4022022309F1070589F8F9
:109C500005A089F8062089F80430D4F814B0BBF1C7
:109C6000030F00F0B5854FF008084FF0070A216890
:109C7000AA1C91F8CE3013F0020300F02D85E36B9F
:109C8000D3F8CC61002E00F0A28709F5205B0027F5
:109C900018E05A45756C18D8ABEB02039D4214D8F6
:109CA000A91C8B4211D313460F44290A03F8021B47
:109CB000184655702A46B16C08F04AFAD6F8306159
:109CC000421916B1B369002BE3D1C7F30723FFB2E2
:109CD000A2EB090216212046C4F8C820C4F8C4101B
:109CE0000D21D4F8C0201170D4F8C02002F80A3039
:109CF000D4F8C03003F80870DBE5226892F8CC3065
:109D000099077FF5FFADE16B91F8E031002B3FF44F
:109D1000F9ADD4F8C03004330F9392F8CC20D4E9D5
:109D20000401C2F3400203F039FD23680F9E5D6C0D
:109D3000002D00F0AE80D4F8E420F71C0FA90F9797
:109D4000D86CD4F8AC30009242F64D121A44D4F8D4
:109D5000E030A847054600287FF485AB0F9B16210D
:109D60000320DB1BB3700F9BD4F8C020C4F8C410D1
:109D700012219B1AC4F8C83010702046616002F0AE
:109D8000B9FE0546FFF76FBB204603F033FD8FE5B4
:109D9000E06B521B8030F0F77BF8002840F0D18751
:109DA00022684FF40073E06BD1690191916900F270
:109DB0005442009100F582618030F0F781F800286C
:109DC00040F0E184204602F0F7FB054600287FF4CE
:109DD0004AAB636801336360FFF745BB3A460FA99E
:109DE0002046FFF7B3F9054600287FF43CAB0F99F6
:109DF000E06B7A1A8030F0F74BF8002840F0A1872A
:109E0000B17A204603F084FB05460028DAD0FFF73C
:109E10002ABB00233A462046FFF700FA05460028F1
:109E2000D0D0FFF720BB3A460FA92046FFF78EF9A6
:109E3000054600287FF417AB02233A460F992046C7
:109E4000FFF7ECF9054600287FF40DABD8E73A465A
:109E500020460FA9FFF77AF9054600287FF403ABE7
:109E60003A460FA92046FFF751F9054600287FF42E
:109E7000FAAA0F9B9F42C3D0814DFFF7F4BA3A462E
:109E80000FA92046FFF762F905460028F1D0FFF739
:109E9000EABA7C4DFFF7E7BA0A236360FFF7E3BA3B
:109EA000002A00F09081784DFFF7DDBA09390129C9
:109EB00090D8E36B2268002B00F08484D3F8C001B3
:109EC000002800F07F8440680221F6F773F900282B
:109ED0003FF47FAFE36B226803F18000002B00F0BA
:109EE0006B84D3F8C031002B00F066845B680022DD
:109EF0005968EFF77DFF6CE720462FB0BDE8F04FC3
:109F000003F0DEBA08297FF4D7AB22680023906FF4
:109F10000F930178002900F05386D4F83CC0DCF898
:109F2000B4713D683A46002D00F007842B4604E0EA
:109F300052F8043F002B00F000841B788B42F7D1CD
:109F40001368002B00F03C8619780CF18000F3F7C1
:109F50000DFA0546002840F0B4842168D4F8C830D2
:109F6000C869D4F8C020019089691A44C3F5205308
:109F700000910FA9E06B8030EFF7EAFE054600285C
:109F800040F09F84D4F8C8300F9A1D46D4F8C01012
:109F90001344C4F8C830B27A023A022A3FF68EABB4
:109FA0000D44FFF740BB204604F070F8A26EA36892
:109FB000168876BAB6B2002B40F07883B6F5205FEB
:109FC0003FF771AF2368204693F8CC3013F0020FAF
:109FD0000CBF05210D21314403F034FF00287FF42C
:109FE000E5AA236893F8CC3013F0020300F01F8435
:109FF00006F10D03C4F88830276F3246E36B204624
:10A000003946D3F800349847236893F8CC2012F0EF
:10A0100002000CBF04210C218E42FFF444AF3B78B8
:10A02000012B7FF440AF7B78002B7FF43CAF7B8823
:10A030005BBA11FA83F39E427FF435AF002833D028
:10A04000A368012B236F00F09C859888D4F83CC04E
:10A0500040BA80B2CCF8D4010130CCF8D80198795C
:10A0600050B9D87940B9187A30B993F801C003F1E2
:10A07000010E587A84450BD0044DFFF7F4B900BFA8
:10A080000084FFFF0094FFFF0087FFFF808FFFFF2A
:10A0900093F802C003F1020E987A8445ECD19EF841
:10A0A0000100DB7A9842E7D1761A7B18252E0493BB
:10A0B0007FF6F9AEC2F34002049B04F1140104F1EF
:10A0C000100003F07FFB2169E36B60692268C3F82D
:10A0D0007C16C3F8800692F8CA70B942C0F229868D
:10A0E00092F8CB70B842C0F2248692F8C870B94298
:10A0F00040F3DF82276192F8C9206261049AD2F8A6
:10A100000270D2F80600D2F80A10D2F80E20C3F876
:10A110001474C3F82024049AC3F81804C3F81C1458
:10A12000D2F81270D2F81600D2F81A10D2F81E2007
:10A13000C3F82474C3F83024049AC3F82804C3F87D
:10A140002C1492F82270202F00F2F58007F12408D9
:10A150004645C0F0F080A06B2022002187600C30C3
:10A1600007F0DEFFA06B049B82680C3003F1230133
:10A1700007F0EEFF236893F8CC20920740F1A88205
:10A180002337049AD25D1744F91C8E42C0F0EB8548
:10A19000D3F84890B9F1000F3FF482AEA1680029CE
:10A1A0007FF47EAED86C049B03EB0801D4F8E43056
:10A1B0000093D4F8E030C847E36B002800F05B85DB
:10A1C000012283F8E0217B1C07F102080593049823
:10A1D000059F10F80830C25D43EA022101290A9167
:10A1E00040F3A9807B18DA1C9642C0F0A48011F0DD
:10A1F000010A40F0A0800233C25C511E0F2900F218
:10A200009A8013445A1C9642C0F09580A16B03F1CA
:10A210000307C1F804A010D9BE42C0F08C800344EB
:10A22000825C9B7843EA022A0AF1FF33022B40F258
:10A23000828007EB0A039E427DD1049B56460B9514
:10A240001F440023CDE90633002E00F03F83032E88
:10A2500071D97D883B886DBA5BBAADB29BB205F10E
:10A260000408464567D3232B00F3A181232B5CD838
:10A27000DFE813F05F0145015B005B0051015B000B
:10A280005B005B005B005B00F800D7005B00B10087
:10A290005B005B0088005B005B005B005B005B00B9
:10A2A000790069005B005B005B005B005B005B00AA
:10A2B0005B005B005B005B005B0024000FA801F00B
:10A2C000D7FD2168D1F85490B9F1000F2DD00B6D56
:10A2D0005BB3E36B4FF0010AC3F888A62DB3A36804
:10A2E0001BBB886D2B463A1D0FA9C8478146002825
:10A2F00040F0C584D4F838B012A8DBF808200BF180
:10A300000C01119207F024FF584601F0B5FD7C22A4
:10A310000FA9A06B07F01CFF0FA87C21F7F7BCFD6D
:10A32000E36BC3F878A6C3F888964744751B6B1F88
:10A330002E1F022B88D8322202212046B64D02F071
:10A34000C9FEFFF790B8002DF5D1216891F8CD3006
:10A350005B07EAD563694744002BE7D0E36B012232
:10A36000C3F88C26E2E7002DE5D1216891F8CD30C5
:10A370009A07DAD563694744002BD7D0A36B012233
:10A380009A67D3E72168D1F8A4301846002BCCD0C7
:10A39000032DD0DDBB88AA1E5BBA9BB29342CAD103
:10A3A00007F106094744B94500F04E824B4603E0E9
:10A3B00013449F4200F0488213F8012BF91A8A4295
:10A3C000B9D8002AF4D12F2202212046924D02F062
:10A3D00081FEFFF748B8012DB844ACDDBB885BBAFD
:10A3E0009BB29A1C9542A6D1DB07A4D40637B84588
:10A3F00013D9787803F02CF9814658B1387803F0F6
:10A4000031F9824630B10146204603F071F9002847
:10A4100000F058810237B845EBD80123474607932F
:10A4200084E7E06BD0F8843643F00103C0F884364B
:10A43000002D80D039794B1C9D427FF47CAF0029E0
:10A440003FF473AF3A1D05E0C2F104033B44CB4235
:10A450003FF46BAF12F8013F012BF5D84744C0F829
:10A460005C3163E7012D7FF766AFB7F804B09BFA64
:10A470009BFB1FFA8BF2931C9D427FF45CAFD007CD
:10A480003FF559AFD4F83CB0DBF8B431002B7FF482
:10A4900052AF53080421099201330C2B9A460893BA
:10A4A00028BF4FF00C0A504607F082FE8146DDE9D6
:10A4B0000832002800F05F84CBF8B40107F1060BE6
:10A4C000002A3FF432AF012B7FF62FAF0BEB0203D4
:10A4D000089454469A4601E0012C0DD9BBF80000BF
:10A4E00040BA80B2F0F70CFE10B1013C49F8040B01
:10A4F0000BF1020BD345EFD1089C474416E7012D21
:10A500007FF461AF3B79042B3FF65DAFA26B47440C
:10A5100082F870300AE7002D7FF40DAF21684744C0
:10A5200091F8CD3059067FF501AFA36B01225A6730
:10A53000FCE62168D1F82C90B9F1000F3FF4F5AE9C
:10A54000012D7FF7F8AEB88840BA80B2831C9D42D7
:10A550007FF4F1AE022807F1060240F233838E4603
:10A5600009E0C3F1FF23624403F57F03FD33184480
:10A57000022840F22783B2F801305BBA9BB203F1A4
:10A58000030C84453FF6D7AE11780029E9D1033298
:10A59000DEF830002146C84700283FF4C6AE7022DE
:10A5A000022120461C4D02F095FDFEF75CBF4FF6E0
:10A5B000017293427FF4B9AEA368002B00F0E680ED
:10A5C000D4F8EC305A1C954240F081833A7993429A
:10A5D00040F07D8300228DF833209BB10533791D37
:10A5E00004F1FC0007EB030C11F8012B10F8013B00
:10A5F000614582EA03029DF8333043EA02038DF895
:10A600003330F1D19DF83330002B40F060830123CB
:10A61000474406938AE600BF0087FFFF00230A2213
:10A6200019461E460E93FFF7C3BA21680022D1F8DF
:10A6300084300F92002B00F0B580D1F89030002BC1
:10A6400000F0B080E06B01F188027C310430EFF75C
:10A650009FF80546002840F03481E56B05F10800BD
:10A66000E9F788FC23680146281DDD69D4F8C0207D
:10A6700001959B690093D4F8C8301A440FABEEF7EC
:10A68000F1FF0546002840F01C81D4F8C8300F9A2D
:10A69000D4F8C0101A44CD18C4F8C820B17AFEF717
:10A6A000B5BF0423C4F8C830FEF7AABFD4F8A06031
:10A6B000A2E492F8C9209042C8BF62611EE51D461F
:10A6C000FEF7D1BE52464946E06B01F0F3FBA1E62E
:10A6D00007F1230305937AE51F46FFF7F9BAA2684D
:10A6E000A06BA2B9826892B125682A6A7AB1014644
:10A6F000A86A9047E36B20B90122C3F87826FFF7D8
:10A700004DB9D3F87826002A7FF448A9A06B626877
:10A71000D3F8883601326260002B40F08C802368C9
:10A72000202200F10C018260D3E90650A8470546BB
:10A7300000283FF43CA9FEF796BE10F8011F00293F
:10A740007FF4F0ABFFF7FCBB3A460FA92046FEF7BB
:10A75000DDFC054600287EF486AE0F9B9F427FF409
:10A760008BAB23684FF40972E06BD9690191996949
:10A7700000F58263009100F254410430EFF7A0F835
:10A7800000283FF41FAB7E4DFEF76DBE012D40F05B
:10A790009E823B79002B40F09A824744C4F8E850EF
:10A7A0000695C3E5774D0023C4F8C830FEF75BBEBD
:10A7B00002220027FFF733B9936E002B7FF496AB8C
:10A7C0005B68FFDE906E00287FF47DABFFF77CBBFB
:10A7D00023685F6F3868002800F081824FF000081E
:10A7E00002F048FF064678B10146204602F04AFFD3
:10A7F00050B908F10403A84488F8026088F803A05F
:10A80000EE5488F805B0984657F8040F0028E7D1B1
:10A810004FEA182308F1090A89F8088089F80730F7
:10A8200008F1020308F10A081D44FFF720BAC4F832
:10A830008030FFF7E1BB002120220C3040F8041CDF
:10A8400007F06EFCFFF7B3B8016829B308963E46DF
:10A8500009950F460546384607F082FCB145834608
:10A8600016D0C84602E0D044464511D018F801ABD6
:10A87000D345F8D15A463946404607F081FC0028B6
:10A88000F1D13946099D3746089EC4F8DC104DE5E4
:10A8900055F8047F002FDED17822022120463A4D60
:10A8A00002F018FCFEF7DFBD00970FAF2B460EAA93
:10A8B00020463946019604F0F9FD054600283EF48D
:10A8C000D0AE15F5CA4F3EF4CEAD6CE7059E6FF0E5
:10A8D0000101049B02360B9D0A9833441E46C91A97
:10A8E0000233049303E00233CA1890420ED913F8DE
:10A8F000022C562AF7D113F8017C002FF3D12368DC
:10A90000616993F8C9309942C0F22682079B002BF7
:10A9100000F0C1816FF00101049B0A98891B13F8B4
:10A92000022C22B913F8012CFF2A00F0C081023357
:10A93000CA189042F3D8D4F8E810012900F0F18148
:10A94000236893F8CC2002F03002202A00F0BF8167
:10A95000A068012800F0B381626953F82280D8F81A
:10A960000000002800F0F0810A9B0021A246059516
:10A9700003F1FF39049B29F001099944049E0BE07F
:10A980000083FFFF008FFFFF0087FFFF4E4500F0B1
:10A99000B4800236D8F8000016F8022CC0F3072362
:10A9A0009A42F3D116F8012CC3B29A42EED1FCF7C9
:10A9B0007DFE074600283FF46CAADAF814300269DD
:10A9C0009A427DDC826993427ADCDAF8003093F8AF
:10A9D000CC309D0702D5037F5C0771D43846FCF765
:10A9E00097FE40B1DAF83C30D3F8B431002B67D091
:10A9F0001B68002B64D03846FCF798FE28B1DAF8C3
:10AA00000030DA6B002A00F02181DAF81430032BD1
:10AA10004AD03846FCF75CFEDAF83C300546D3F8FD
:10AA2000C841002C00F0C380002800F0BD804FF02A
:10AA3000000B20682946BC30F5F7BCFB002852D03B
:10AA40000FAB01223946206802F062FE00284AD18D
:10AA5000042D37D0DAF81430022B5FDC236893F82A
:10AA60002831042B5AD0BBF1000F08BFA346A468BD
:10AA7000002CDED15446059DDA46E36BC3F8C0A135
:10AA8000D8F80020A36BE16C1A60D4E900230F60B2
:10AA900092F8CC200133900763607EF5E4AC204649
:10AAA00002F050FFFEF7DFBC3846FCF723FE0146FC
:10AAB0000028AED0DAF83C0001F0F2F90028A8D165
:10AAC000012163E7DAF83C30D3F8B4212368D3F8E6
:10AAD000C0301978136833B11B788B42BAD052F862
:10AAE000043F002BF8D1A468002CA2D1BBF1000FC9
:10AAF000E6D05446059DDA46BFE758F8040F002813
:10AB00007FF43CAF5446002900F01E812822022128
:10AB100050469D4D02F0DEFAFEF7A5BC5346059D5A
:10AB2000A2461C46A9E7D4F8A030AB42C0F0D980B9
:10AB3000D05D02F097FD0646002800F0D280236F1A
:10AB40002046D95D02F09EFD002840F0CA80236FA8
:10AB5000042E3B440CBF0DF14C080DF13C08587815
:10AB600002F076FD0146002800F0BB80A36BD86D93
:10AB7000BC30F5F71FFB002800F0B3800023FEF780
:10AB800059BEB3F804C0D4F83CE09CFA9CFCDEF853
:10AB9000D8011FFA8CFC84457FF485A90CF10100D3
:10ABA000CEF8D801FFF75BBA059D544668E7002848
:10ABB000FAD0DAF800309C6E002C7FF438AF7FE7D3
:10ABC000724DF0E500283FF4B0ABFFF7FCBBCE6E52
:10ABD000002E7FF45AA837463346FFF779B8002392
:10ABE00004F1FC0188F80730D4F8EC305B00013345
:10ABF00088F80830D4F8EC305B0088F8093008F1A8
:10AC00000A03D4F8EC20184607F0A2FAD4F8EC2096
:10AC1000034604F1F0011344184607F099FAD4F8FA
:10AC2000EC2003461344FEF7F7BE38B10146E06B53
:10AC300001F036F9064600287FF436AE544DB2E5F1
:10AC4000064624230DF13C08FEF7F4BDD3F894200A
:10AC5000002A3FF435AFD3F89C20002A3FF430AFF0
:10AC6000D3F8A020002A3FF42BAFD3F89830002B64
:10AC70007FF4CBAE24E783F8E001FFF7A4BA0FA876
:10AC800001F0FAF8FFF751BBDCF86830002B7EF4D6
:10AC9000F7AC404D87E50421204602F029FDB0FACB
:10ACA00080F040098100E06B01F012F932E6A36800
:10ACB000012B0CD00123C4F8E83023684CE60029AE
:10ACC0007FF44AAE1AB1069A002A3FF445AE282214
:10ACD00002212046304D02F0FDF9FEF7C4BB80464C
:10ACE00096E52E4DFEF7BFBBD4F8C8503046D4F8D9
:10ACF000C0906B1CC4F8C83002F0BCFC09F8050019
:10AD0000D4F8C8504046D4F8C0806B1CC4F8C83092
:10AD100002F092FC08F80500FEF7A7BC204DFEF7F4
:10AD2000A2BBA368012B02D1069B002BCFD02368C6
:10AD300012E64622022120461A4D02F0CBF9FEF718
:10AD400092BB194DFEF78FBB2822022120460F4DE2
:10AD500002F0C0F9FEF787BB022120460E4D02F03B
:10AD6000B9F9FEF780BB4622022120460A4D02F0C7
:10AD7000B1F9FEF778BB5022022120460B4D02F0BC
:10AD8000A9F9FEF770BB00BF8096FFFF808CFFFF24
:10AD90000094FFFF008AFFFF0087FFFF8082FFFF14
:10ADA000008CFFFF8091FFFF8083FFFF0081FFFF8A
:10ADB00070B50446C06B0D46164600F50270F4F7F8
:10ADC0004DF9E06B3246294600F51870FAF788FA1B
:10ADD000E06B3246294600F52F70FBF739F8E06B3F
:10ADE0003246294600F54A70BDE87040FCF7D8B8F5
:10ADF00070B50446C06B0D46164600F50270F4F7B8
:10AE00002DF9E06B3246294600F51870BDE8704018
:10AE1000FAF766BA30B5AFB005460C4601A8F3F7AD
:10AE2000A9FD17A8F9F7F4FAE96B01A801F5027179
:10AE3000F3F7AAFDE96B17A801F51871F9F7F2FA13
:10AE4000214601A8F4F74EF904F1100117A8FAF70A
:10AE50008BFA01A8F3F792FD17A8F9F7DDFA2FB0E6
:10AE600030BD00BF2DE9F041876BBCB004460D46F4
:10AE70001646002F3CD00FA84FF02408F3F77AFDB8
:10AE800025A8F9F7C5FAE16B0FA801F50271F3F7F0
:10AE90007BFDE16B25A801F51871F9F7C3FA154B95
:10AEA000154A06A90FA8002E08BF1A460592F4F706
:10AEB00019F90AA925A8FAF757FA01950C21E36BAD
:10AEC000059A07F12C0002913021CDF80080D3F8CB
:10AED0000C4406ABA0470FA8F3F750FD25A8F9F7DF
:10AEE0009BFA414606A8F6F7D7FF3CB0BDE8F081D3
:10AEF000476BC0E7CC410020DC410020C06B00F56F
:10AF00002F70FAF7A5BF00BF30B59DB005460C46BF
:10AF100001A8FAF777FBE96B01A801F52F71FAF7A1
:10AF20007BFB214601A8FAF7D7FF01A8FAF76EFBD1
:10AF30001DB030BD2DE9F041876BAAB004460D4627
:10AF4000164667B30FA84FF02008FAF75BFBE16BDA
:10AF50000FA801F52F71FAF75FFB124B124A07A9F0
:10AF60000FA8002E08BF1A460592FAF7B5FF019503
:10AF70000C21E36B07F12C00059A02913021CDF8EA
:10AF80000080D3F80C4407ABA0470FA8FAF73EFBAC
:10AF9000414607A8F6F780FF2AB0BDE8F081476B6D
:10AFA000D0E700BFCC410020DC410020C06B00F5A1
:10AFB0004A70FBF7F5BF00BF30B5B7B005460C4689
:10AFC0006846FBF7D9F9E96B684601F54A71FBF76A
:10AFD000DDF921466846FCF733F86846FBF7D0F9FF
:10AFE00037B030BD2DE9F041D0F83880C8B0044604
:10AFF0000E461746B8F1000F2AD012A83025FBF7ED
:10B00000BBF9E16B12A801F54A71FBF7BFF9124BCE
:10B01000124A06A912A8002F08BF1A460592FCF78B
:10B020000FF801960C21E36B08F12C00059A0291B0
:10B0300029460095D3F80C4406ABA04712A8FBF7AD
:10B040009FF9294606A8F6F727FF48B0BDE8F0812A
:10B05000D0F83480D1E700BFCC410020DC41002093
:10B0600000487047808FFFFF00487047808FFFFFC8
:10B07000C26B0346416CD2F8FC01814231D010B45E
:10B08000D3F8B04083B05864EC46C2F8FC11206895
:10B090006168ACE80300D2F80002D2F804126A46F4
:10B0A00020606160DC6B03CAC4F80002C4F80412BB
:10B0B0005A6C72B1596901290BDDD2E90310D3F83A
:10B0C000BC20091A0A44C3F8C02003B05DF8044B41
:10B0D0007047D3F8BC20C3F8C02003B05DF8044B20
:10B0E000704770472DE9F04FB7B004468A469B463B
:10B0F00003A80192DDE94285F3F770FA2046F3F7E1
:10B1000061FA00287AD00746F3F7EEFA044658466B
:10B1100007F026F8419B00EB0409064609EB030201
:10B12000802A69D816AB5946024603EB040B5846F1
:10B1300007F00EF816ABDDE9401203EB090007F04B
:10B1400007F83946012203A8F3F790FA074618B129
:10B15000384637B0BDE8F08F419B5146019A03A8AD
:10B160001E44F3F7F9FA594603A83246F3F762FB97
:10B1700016A903A8F3F772FB002D3AD02644B9466E
:10B180000DF1180A03A8F3F799FB324616A903A894
:10B19000F3F750FB514603A8F3F760FB03A8F3F75E
:10B1A0008DFB224616A903A8F3F744FB16A903A8B2
:10B1B000F3F754FB4846A1442246A94503D9B5FB01
:10B1C000F4F204FB1252514640440AB106F0C0FFAB
:10B1D000A945D7D303A8F3F707FA16A88021F6F7F5
:10B1E0005BFE50464021F6F757FE384637B0BDE8C3
:10B1F000F08F0DF1180AEDE7014FA9E7014FA7E71E
:10B20000008FFFFF0094FFFF10B584B00093069BF2
:10B21000079C019313460A4601460898029403903E
:10B220000620FFF75FFF04B010BD00BF10B584B06B
:10B230000093069B079C019313460A460146089813
:10B24000029403900720FFF74DFF04B010BD00BF2C
:10B250002DE9F04F2DED028BABB093461E46369F85
:10B26000CDE9000102A8DDE93745F3F7B7F9584603
:10B2700006F076FF00EB070A0AF11408B8F1800F18
:10B2800000F2E4808146024659460FA806F060FFAE
:10B290000AAB09F1140031463A46184406F058FF4B
:10B2A0000320F3F78FF90146002800F0D180012236
:10B2B00002A8F3F7DBF9074628B138462BB0BDECFE
:10B2C000028BBDE8F08F019B02A8009903F1010BEE
:10B2D0004FEA5B031A4608EE103AF3F73DFA0FA95E
:10B2E000524602A8F3F7A6FA0BA902A8F3F7B6FA9A
:10B2F0009DB3BB4605AE0AF1100705F00F0906E045
:10B30000002A08BF012206F023FFAB4525D202A880
:10B31000F3F7D4FA3A460BA902A8F3F78BFA3146B1
:10B3200002A8F3F79BFA02A8F3F7C8FA10220BA9B8
:10B3300002A8F3F77FFA0BA902A8F3F78FFA584691
:10B340000BF1100B102231462044AB45D8D94A46A8
:10B35000B9F1000FD4D1AB45D9D302A8F3F744F922
:10B360000420F3F72FF90146002871D0012202A82A
:10B37000F3F77CF9074600289FD1019B18EE102AAD
:10B3800002A8991A009B0B441946F3F7E5F90FA997
:10B39000524602A8F3F74EFA0AA902A8F3F75EFA9A
:10B3A000002D51D02B4B64423895BA46A3FB05398A
:10B3B00005AE4FEA191909EB8909A5EB89094D4634
:10B3C000DDF8E09002A80AF1140AF3F777FA424692
:10B3D0000AA902A8F3F72EFA314602A8F3F73EFABB
:10B3E00002A8F3F76BFA14220AA902A8F3F722FACB
:10B3F0000AA902A8F3F732FACA4521D84FF0140C73
:10B40000634231461A7811F8010B424003F8012BD0
:10B41000E2189445F6D8CA45A4F11404D2D302A880
:10B42000F3F7E2F80AA88021F6F736FD304614213A
:10B43000F6F732FD38462BB0BDEC028BBDE8F08F3D
:10B44000002DE8D0AC46DBE705AEE8E7024F34E775
:10B45000024F32E7CDCCCCCC008FFFFF0094FFFF32
:10B4600070B5044682B00D4668B1C06D20B105F0DC
:10B47000B9FDE06D06F0A0FE606E06F09DFE7C2139
:10B480002046F6F709FD7C222946204606F060FE9C
:10B49000EB6D83B14FF49A71012006F089FEE065EF
:10B4A00018B305F099FDEB6DE06DD3E9012105F0CE
:10B4B00007FE064688B96E6E66B1AA6E0120114677
:10B4C000019206F075FE606678B1019A0026696EF9
:10B4D00006F03EFE304602B070BDE06D06F06CFE38
:10B4E00000233046E36502B070BD014EF2E700BFB5
:10B4F0000081FFFF4FF48472002106F011BE00BFEF
:10B5000090F8CC3061F3000380F8CC30704700BF76
:10B5100090F8CC3061F3410380F8CC30704700BF25
:10B5200090F8CC3061F3830380F8CC30704700BFD3
:10B53000C0E90D12704700BFC0E90612704700BF96
:10B54000C0E90412704700BFC0E90723009B816275
:10B5500043627047C0F8A810704700BF0165C0E99A
:10B56000152342B1084610B4144600222346114662
:10B570005DF8044B18477047C0E9141283657047A3
:10B58000C0E91712704700BF90F8CD3061F3C303D4
:10B5900080F8CD30704700BFC0F8C010704700BFC2
:10B5A000C0E92B12704700BF8162C0E908237047D1
:10B5B00098B191B110B50446806B60B1236893F8DF
:10B5C000CC30DB0707D4FFF74BFF18B9E36B012240
:10B5D000C3F8782610BD024810BD0148704700BF6F
:10B5E000008FFFFFC0E90011C0E90211704700BFE2
:10B5F000032A03D1032B98BF40F82310704700BFE4
:10B6000041667047C0E91B12704700BF70B5044621
:10B610000E4601200C21154606F0CAFD78B1002225
:10B62000A36EC0E90065826033B11A469B68002BA7
:10B63000FBD19060184670BDA066184670BD014BE6
:10B64000F8E700BF0081FFFF002B18BF00292DE99C
:10B65000F047089E43D0202A154640D89946330C1F
:10B660003DD1B6F5205F94BF00270127BFBB04463C
:10B67000D0F894008A4648B1D4F89810F6F70CFC3C
:10B68000D4F8940006F098FDC4E92577D4F89C001E
:10B6900020B106F091FD0023C4E92733294601209B
:10B6A00006F086FD0746C4F89400D0B1314601206B
:10B6B00006F07EFD8046C4F89C0090B151462A46B3
:10B6C0003846C4F89850C4F8A06006F041FD3246F0
:10B6D0004946404606F03CFD0020BDE8F08708489A
:10B6E000FBE7384606F068FDD4F89C0006F064FDE0
:10B6F00000230448C4F89430C4F89C30EDE700BF40
:10B70000008FFFFF0081FFFF81B32DE9F041C56B82
:10B7100006464DB3202A144694BF4FF000084FF060
:10B720000108B8F1000F1FD1D5F8B8010F4658B184
:10B73000D5F8BC11F6F7B0FBF36BD3F8B80106F0FF
:10B740003BFDF56BC5F8BC812146012006F030FDBC
:10B75000C5F8B80160B122463946C5F8BC4106F0CB
:10B76000F7FC0020BDE8F0810248FBE70148704784
:10B770000148F7E7008FFFFF0081FFFFC0E90F12CC
:10B78000704700BFF8B50C4600F17C071646054629
:10B79000102122463846E9F747F848B9883532463D
:10B7A00010212846E9F740F8044618B92046F8BDAC
:10B7B000044688353846E8F7B7F92846E8F7B4F97B
:10B7C0002046F8BDF8B500F17C0705461E46384610
:10B7D000E8F7D6FB48B98835069A31462846E8F797
:10B7E000CFFB044618B92046F8BD044688353846D4
:10B7F000E8F79AF92846E8F797F92046F8BD00BF20
:10B80000F8B500F17C0705460E4604313846E8F7E6
:10B810000DFA48B9883506F110012846E8F706FA0E
:10B82000044618B92046F8BD044688353846E8F77E
:10B830007BF92846E8F778F92046F8BDC0F8C4102F
:10B84000704700BF8167704741677047F8B504468D
:10B8500021B308460D4606F083FCFF28064630D883
:10B86000D4F8D87057B1384606F07AFC014638460D
:10B87000F6F712FBD4F8D80006F09EFC711C0120EC
:10B8800006F096FC0746C4F8D800E0B132462946D7
:10B8900006F05EFC00231846BB55F8BDD0F8D85022
:10B8A00055B1284606F05CFC01462846F6F7F4FA46
:10B8B000D4F8D80006F080FC00231846C4F8D8302D
:10B8C000F8BD0248F8BD0248F8BD00BF008FFFFF79
:10B8D0000081FFFF0346012070B50D460C21144680
:10B8E000DE6B06F065FC88B100238360D6F8C831B2
:10B8F000C0E9005433B11A469B68002BFBD190601D
:10B90000184670BDC6F8C801184670BD004BF7E771
:10B910000081FFFFC36BC3E973127047C36BC3F8A9
:10B92000C4117047C0E90B12704700BF2DE9F04108
:10B93000804608680F4690B10D4600244FF6FF760A
:10B9400004E0B44208D855F8040F40B106F008FCF2
:10B95000431E0444FE2BF4D90348BDE8F0810020C7
:10B96000C8F8A470BDE8F081008FFFFFD0F8DC00BC
:10B97000704700BF80F8C81080F8C920704700BF2A
:10B9800080F8CA1080F8CB20704700BF90F8CE3006
:10B9900061F3000380F8CE30704700BF90F8CD30DF
:10B9A00061F3410380F8CD30704700BF90F8CD308F
:10B9B00061F3820380F8CD30704700BF90F8CE303D
:10B9C00061F3410380F8CE30704700BF042903467D
:10B9D00010D84A1E032A07D9B3F8CC20002061F3FF
:10B9E0008812A3F8CC207047034850F82220B2F503
:10B9F000205FF1D901487047AC050020008FFFFFA0
:10BA000090F8CD3061F3861380F8CD30704700BFD9
:10BA100090F8CD3061F3041380F8CD30704700BF4B
:10BA200090F8CD3061F3C71380F8CD30704700BF78
:10BA300090F8CD3061F3451380F8CD30704700BFEA
:10BA400090F8CC3061F3051380F8CC30704700BF1C
:10BA5000C0F8B410704700BF0A684B68C0F8B8203F
:10BA6000C0F8BC30704700BFD0F8A830012B11D00F
:10BA7000036893F8CC309B0705D5D0F88020D0F828
:10BA800088309A420BD8D0F8A0302BB9436F003BD6
:10BA900018BF012318467047C26F9342F6D20123A4
:10BAA00018467047436F0BB1C06F70471846704718
:10BAB000436B0BB1186E7047836B002BFAD14FF0BC
:10BAC000FF30704720B1436B13B11868FBF736BEE7
:10BAD00000207047036893F8CC3013F0020F4369DD
:10BAE00007D0022B0DD0084A0848032B08BF104688
:10BAF0007047032B03D8064A52F8230070470548C5
:10BB000070470548704700BFF841002004420020FC
:10BB100064050020BC2E0020EC410020436CC3B122
:10BB2000196DA1B14A78022A0DD0063A022A0ED820
:10BB30009B68026892F8CC2012F0020F0CBF05221D
:10BB40000D22981870475B694A691344F1E705486C
:10BB50007047036893F8CC3013F0020F0CBF052038
:10BB60000D2070470094FFFF0368B3F8CC30C3F397
:10BB70008213013B032B11D80B4A52F82330026B7E
:10BB800052B192F87020013A032A0AD8064951F8B6
:10BB90002220934228BF1346184670474FF4205383
:10BBA000EDE74FF42052F4E7AC05002010B1406BF4
:10BBB00000B1C06D704700BF0346084643B139B1BC
:10BBC000596B29B11B6893F8CC30DB0700D447E4EC
:10BBD00000487047008FFFFF08B3036810B50446A4
:10BBE000DBB16368102B16D02368B3B193F8CC3067
:10BBF000DA0705D52046FDF705FC0028F1D010BD79
:10BC00002046FBF733FE236893F8CC30DB07F1D4F2
:10BC10000028E6D0F3E7002010BD024810BD01481F
:10BC2000704700BF008FFFFFB0B1036810B5044636
:10BC300083B193F8CC30DA0704D52046BDE8104034
:10BC4000FDF7E0BBFBF712FE236893F8CC30DB076F
:10BC5000F3D410BD014810BD00487047008FFFFFAE
:10BC6000D022002106F05CBA2DE9F0430D461646BD
:10BC70001F4601F0010102F0010390F8CC20C3B08F
:10BC8000044622F0030241EA4301114380F8CC103C
:10BC9000002D43D14FF0FF334F4AD0F8CC10C0F8FD
:10BCA000BA30A0F8BE3042644C4B4D4A83640A401F
:10BCB0004C4BA0F8B85013434FF47A72C0F8CC3014
:10BCC0001023C0F8AC204EF66022C0E92C23022FCE
:10BCD00063D0012E40F203314FF003024FF0000811
:10BCE0000CBF02230123A4F8C81084F8CA2084F8EA
:10BCF000CB30FBF793FC3C4B3C4A63676266C4E97C
:10BD00000200C4E90000EFF7CBF94FF48063A067AD
:10BD1000C4F8C430404643B0BDE8F0832E4B012D3B
:10BD2000D0F8CC2043642D4B8364314B43EA0203AB
:10BD30004FF47A72C0F8CC304EF66023C0E92B2362
:10BD40004FF01003C0F8B4304FF00003A0F8B83043
:10BD50004FF0FF33C0F8BA30A0F8BE30B7D14FF47F
:10BD60008072244900F17C0902A806F0F1F902234F
:10BD700002A94FF4807248468DF80430E8F700F9C4
:10BD80008046F8B92A4604F1880501A92846E8F753
:10BD9000F7F8804600289AD016E0174B4FF0033092
:10BDA0004FF000081549164AC4F8C80040466166BD
:10BDB000C4E90233C4E90033124BC4E91D2343B084
:10BDC000BDE8F08304F188054846E7F7ADFE284654
:10BDD000E7F7AAFE9EE700BF61B0016069B00160AD
:10BDE000F361FDFF089E0200DC570020C8EA0260F4
:10BDF000001E020058040020F4570020D8EA026018
:10BE0000045800200058002038B505467C30E7F77C
:10BE10008BFE05F18800E7F787FED5F8940050B156
:10BE2000D5F89810F6F738F8D5F8940006F0C4F96C
:10BE30000023C5E92533D5F89C0050B1D5F8A010F2
:10BE4000F6F72AF8D5F89C0006F0B6F90023C5E904
:10BE50002733AC6E2CB12046A46806F0ADF9002C57
:10BE6000F9D12846D021BDE83840F6F715B800BF13
:10BE70007C22002106F054B988B110B50446C06D8B
:10BE800020B105F0AFF8E06D06F096F9606E06F0AF
:10BE900093F920467C21BDE81040F5F7FDBF7047BF
:10BEA000012905D0042901D140787047002070474E
:10BEB00000787047012906D0042903D1437803B9DB
:10BEC0004270704770470378002BFAD102707047B8
:10BED00001704170704700BFB0B110B504465030DA
:10BEE000EBF7B2FE04F19000EBF7AEFE04F1380080
:10BEF000F2F77AFB04F14400F2F776FB2046D021FA
:10BF0000BDE81040F5F7C8BF704700BF70B5C66BFD
:10BF1000002E4AD006F50270F2F730FD06F51870D3
:10BF2000F8F77AFA06F52F70F9F770FB06F54A7004
:10BF3000FAF726FA301DEDF7BDFD06F18000EDF7AA
:10BF4000E3FED6F8B40106F037F9D6F8B80138B1F7
:10BF5000D6F8BC11F5F7A0FFD6F8B80106F02CF919
:10BF6000D6F8C8412CB12046A46806F025F9002C6B
:10BF7000F9D1D6F8DC0106F01FF9D6F8E40106F095
:10BF80001BF9D6F8F0414CB12546E468286806F064
:10BF900013F9284606F010F9002CF5D130464FF47D
:10BFA000D261BDE87040F5F777BF70BDF0B5C56CE4
:10BFB00083B004469DB105F15000EBF745FE05F155
:10BFC0009000EBF741FE05F13800F2F70DFB05F1AB
:10BFD0004400F2F709FBD0212846F5F75DFFA56B79
:10BFE0006DB1E86D20B104F0FDFFE86D06F0E4F8F6
:10BFF000686E06F0E1F87C212846F5F74DFFE36B0B
:10C0000013B12046FFF782FFE36C002B7CD0A36BBB
:10C01000002B00F08280E36B002B00F08780E26C45
:10C02000002A00F08D80A06B002800F089807C221F
:10C03000002106F075F8E56CD0220021284606F0B4
:10C040006FF805F15000EBF7FBFD05F19000EBF701
:10C05000F7FD05F13800F2F7C1FA05F14400F2F7F7
:10C06000BDFAE56B4FF4D262002105F5027605F5C5
:10C070001877284606F054F83046F2F77BFC38462D
:10C08000F8F7C6F9304605F52F76F2F783FC384607
:10C09000F8F7CEF93046F9F7B5FA00213046002618
:10C0A000F9F7C0FA05F54A700190FAF765F9012130
:10C0B0000198FAF771F92A4B281D2E70C5F8003443
:10C0C0006E70EDF79DFA05F18000EDF717FE23681D
:10C0D000032293F8CC30C5F8C4219A0711D55B0030
:10C0E000E26B616C03F00203C2F8FC1182F8EC31E0
:10C0F000636D33B1206D324631469847304603B008
:10C10000F0BD002003B0F0BDD021012006F050F8B2
:10C11000A36BE064002B7FF47EAF7C21012006F04E
:10C1200047F8E36BA063002B7FF479AF4FF4D26143
:10C13000012006F03DF80346E06300287FF46FAF6E
:10C14000184606F039F8E06C06F036F8A06B06F0F9
:10C1500033F800230348E363E364A363D2E700BF3B
:10C16000B1AD01600081FFFFF8B504460F46012024
:10C1700042F64D11276006F01BF8E065002842D01A
:10C18000064642F64D11012006F012F80546C4F8A5
:10C19000AC0090B397F8CC3013F0020F00F10D0310
:10C1A00019D100F108020B3506F10801C4F8C030BE
:10C1B000C4F8B42006F10B02C4F8B000C4E92E5351
:10C1C00006F10D03C4E9186120462367C4E91A2368
:10C1D000BDE8F840EAE6C21C0B35F11CC4F8C030DB
:10C1E000C4F8B02006F10B02C4F8B400C4E92E5321
:10C1F000C4E9181606F10D03E6E7304605F0DCFF4A
:10C200000248E565F8BD0148F8BD00BF0081FFFFA9
:10C210000022436D70B504460D46426013B11146CD
:10C22000006D9847E26D00230D32C4F8EC30C4F87D
:10C23000F030C4F8F430C4F8F830C4F8FC30C4F876
:10C240000031C4F80431C4F8E830C4E90233C4E969
:10C250001C23C4E91E330DB9C4F88050002000210E
:10C260000023C4E92401C4E92601D4F8AC00C4F8D1
:10C27000883000F10D02A4F88430C4F8A830C4F866
:10C28000C02094F9D020C4F8CC30C4E92833C4E9E4
:10C2900031330AB184F8D030002142F64D12C4E99E
:10C2A000101105F03DFF002D37D0A66CC6B106F188
:10C2B0005000EBF7C9FC06F19000EBF7C5FC06F166
:10C2C0003800F2F791F906F14400F2F78DF9D02128
:10C2D0003046F5F7E1FDA06C05F06EFF0023A36486
:10C2E000666B96B1F06D20B104F07CFEF06D05F048
:10C2F00063FF706E05F060FF7C213046F5F7CCFDE2
:10C30000606B05F059FF002363630023C4F8DC3041
:10C3100055B12046BDE8704048E642F64D12294628
:10C32000E06D05F0FDFEC0E7D4F8E00005F044FF45
:10C330002046C4E93855BDE8704037E6002167E77C
:10C3400010B50446FFF732FE80B9236893F8CC306D
:10C350009A0702D5A268032A09D0002201232046A9
:10C36000C4E90123BDE81040FFF736BC10BD13F04F
:10C37000010F4FF00102E36B14BFC3F8D421C3F8DF
:10C38000D821EAE7002800F08F8038B50446D0F8BD
:10C39000AC0038B142F64D11F5F77EFDD4F8AC0093
:10C3A00005F00AFFE06D30B142F64D11F5F774FD6E
:10C3B000E06D05F001FFA56CB5B105F15000EBF79C
:10C3C00043FC05F19000EBF73FFC05F13800F2F774
:10C3D0000BF905F14400F2F707F92846D021F5F7EB
:10C3E0005BFDA06C05F0E8FEE36B8BB32046FFF726
:10C3F0008DFDE56C9DB105F15000EBF725FC05F1D5
:10C400009000EBF721FC05F13800F2F7EDF805F1AB
:10C410004400F2F7E9F8D0212846F5F73DFDA56B79
:10C420006DB1E86D20B104F0DDFDE86D05F0C4FEEE
:10C43000686E05F0C1FE7C212846F5F72DFDE06B06
:10C4400005F0BAFEE06C05F0B7FEA06B05F0B4FE97
:10C45000656B85B1E86D20B104F0C4FDE86D05F0B1
:10C46000ABFE686E05F0A8FE28467C21F5F714FDAA
:10C47000606B05F0A1FED4F8D85055B1284605F000
:10C480006FFE01462846F5F707FDD4F8D80005F001
:10C4900093FED4F8E00005F08FFE20464FF484713F
:10C4A000BDE83840F5F7F8BC704700BF8368C26B41
:10C4B000012B70B50446D2F8786603D1022200231E
:10C4C000C0E90223656B9DB1AA6FA36BE86D9A6703
:10C4D00020B104F087FDE86D05F06EFE686E05F092
:10C4E0006BFE28467C21F5F7D7FC606B05F064FEF7
:10C4F00000222368A16BC4E90D125A6A1AB1886838
:10C5000008B1002E3AD093F8CC309B070DD5E36BE1
:10C51000D3F8F0314BB1636D63B30022206D114647
:10C52000984763680133636070BD2046FFF7EEFCF7
:10C53000E06B05F041FE0023A56CE363B5B105F1A6
:10C540005000EBF781FB05F19000EBF77DFB05F167
:10C550003800F2F749F805F14400F2F745F82846AB
:10C56000D021F5F799FCA06C05F026FEE26C0023C3
:10C57000C4E9122363680133636070BD986A904711
:10C580002368C0E710B50446C06B00F50270F2F7EF
:10C5900001FAE06B00F51870F7F74AFFE06B002135
:10C5A00000F52F70F9F73EF8E06B012100F54A70B5
:10C5B000BDE81040F9F7F0BE2DE9F04F836BD9B01C
:10C5C000C76C054604933B68C46B187AEBF70AFB0B
:10C5D000002800F0FA813B688046587AF1F7F2FFB4
:10C5E0000690002800F0F1816B69022B29DCDFF84E
:10C5F000E8A2B44AB44BC4F80834D4F87836C4F886
:10C600000424C4F80CA423BBEB6BD3F88C26012ABA
:10C6100000F06481049B04F25449D4F8101404F22D
:10C6200014462C33A94A48460593019330230293BC
:10C63000402300933346D047034630B90DF1600ADA
:10C640006EE1032B00F09381A14B184659B0BDE871
:10C65000F08F049B04F214460DF1600A04F2544971
:10C660002C330593B4460DF1200BDCF800000CF1DF
:10C67000100C5CF80C1CDE465CF8082C0BF1100B5F
:10C680005CF8043CCC45AEE80F00EED10DF1400E55
:10C690000DF1200C4FF04009BEE80F0030607160D2
:10C6A000B260F360BEE80F0030617161B261F361A6
:10C6B000BCE80F00C4F83404C4F83814C4F83C24AF
:10C6C000C4F84034BCE80F00C4F8440408A8C4F817
:10C6D00048144946C4F84C24C4F85034F5F7DCFB40
:10C6E0004FF480737B4A3021029333460598CDE99D
:10C6F000009AD4F80C44A04703460028A5D1494627
:10C700003046F5F7C9FBD8F80440E4087C6098F897
:10C71000013003F0FD02082A54D0062B52D0069CAB
:10C72000012207F138002146F1F7A0FF0346002857
:10C730008BD10122214607F14400F1F797FF034610
:10C74000002882D12046F1F7CFFF049B81465B6F22
:10C75000012B14BF02460A227A61D8F80C60FE60F1
:10C7600098F80130072B00F04281049B9B6F012B4E
:10C77000D8F8143000F03D81B2FBF3F203FB023332
:10C780006A69BB60012A05D9023A012A3FF65CAF0B
:10C790003344BB602B680AEB000293F8CC3013F0F3
:10C7A000010F03B240F002817C680AEB430B079251
:10C7B0003A69002A18BF164604EB43020AEB02034B
:10C7C0000493C2E00A2B4FF00C034FF000010CBFA2
:10C7D0000C260426FB6008BF08463B6818BF0820EB
:10C7E00079613E611B7F13F0020F2B6818BF08228E
:10C7F00093F8CC3008BF102213F001030244BA6052
:10C8000000F09C8089460AEB040BCDF810A0CDF80F
:10C8100018A032460BEB040107F1280005F098FC44
:10C82000A119324607F118005944CDF81CA005F0B3
:10C830008FFC6B69002B7FF707AFB9F1000F40F059
:10C84000A8802B68DC6D3CB1186E4B4601967A6867
:10C85000059900925246A04707F1500441462046F0
:10C86000EBF702FA034600287FF4EFAE903741461B
:10C870003846EBF7F9F9034600287FF4E6AE0123CA
:10C880005946D8F804202046EBF71AFA0346002848
:10C890007FF4DBAE04993846D8F80420EBF710FAA1
:10C8A000034600287FF4D1AE98F80120022A00F058
:10C8B0008E804FF4807150460493F5F7EDFA049B97
:10C8C000C3E600BF15AE016065AE01602C420020DA
:10C8D0000094FFFF3C42002051B201600DF1600A5C
:10C8E000D3F804342846514698476B69032B1DD072
:10C8F0002423D4F8101404F254490093049B4846AE
:10C900003D4A2C3301930593302302935346D4F8C8
:10C910000C64B047034600287FF497AE04F2144637
:10C920004FF409714846F5F7B7FA9BE6EB6C1B68C4
:10C930005B7A072B0CBF30232023DAE79946D346D6
:10C940000AEB0403CDF81CA00493049B324607F1C4
:10C950001800191905F0FCFB049B3119324607F148
:10C960002800194405F0F4FBCDF818A061E73B68F6
:10C97000224A5B7A2249072B224B08BF9A46224B58
:10C9800018BF9246214A08BF1A46214B08BF0B46E2
:10C9900031E606994A4607F13800F1F7DDFE4A46CE
:10C9A000079907F14400F1F7D7FE4AE77C68069241
:10C9B0000AEB43023E6904EB430304920AEB030BC8
:10C9C000002E7FF426AFFE6823E7124B3DE604906D
:10C9D00004212046EBF79CF938B904213846EBF7DF
:10C9E00097F9049B00283FF464AF03462DE6BA6034
:10C9F000D0E61344C4E600BF1442002009B201602F
:10CA0000E5AF01602DB20160B9AF016009AF01600F
:10CA100035AF0160008FFFFF4368102B10B504464F
:10CA200007D0C36B8BB1D3F80034D0F8A020016FCE
:10CA30009847236893F8CC309B0706D5E36B23B166
:10CA4000D3F8D8210132C3F8D82110BD38B5C56953
:10CA5000002D47D0D0F8CC20044652B93CE0D4F8A1
:10CA6000CC208242A2EB000238D3C4F8CC20B2B171
:10CA7000E5692068D4F8C83090F8CCC09B1AD4F887
:10CA8000B4101CF0020FA06A0CBF4FF0050C4FF061
:10CA90000D0C63441944A8470028E0DC38BD082287
:10CAA000154607E02368154693F8CC3003F00203DF
:10CAB0009A420FD9691ED4F8B000013A435CD2B251
:10CAC0000133DBB24354002BECD0236893F8CC3015
:10CAD00003F002039D4203D0002038BD024838BD58
:10CAE000024838BD024838BD0094FFFF8094FFFF24
:10CAF000008FFFFF036893F8CC309B072DE9F04FC0
:10CB0000044699B0D0F8C85018D5C76B002F00F074
:10CB1000C28097F8EC31D0F8C460012B02D0162EF9
:10CB200000F0BE8097F8EC31012B04D026F0020310
:10CB3000142B00F01F82F3B2E8B206E0D0F8C43044
:10CB4000162B00F0AD80DBB2E8B2D4F8B42013703D
:10CB5000216891F8CC60D4F8B410B607D4E9043257
:10CB600000F11481DBB2D2B24B702D0A8A70D4F876
:10CB7000B8301D70D4F8B8305870656C002D00F0D6
:10CB8000F280226B002A00F082802B6D002B00F0D7
:10CB90002B82D4F8C8105F78B1F5205F0E4600F202
:10CBA0002982072F00F0FB80022F00F0808107F020
:10CBB000FD03082B01D0062F69D14FF000090DF1BC
:10CBC00030082B68C246D4F8B0701B7F386813F069
:10CBD000020F7968D4F8C4202368D5E903CEAAE807
:10CBE00003008DF8382018BF4FF0080A93F8CC10D6
:10CBF00008BF4FF0100A8807D4E9043200F1E6813B
:10CC0000DBB2D2B28DF83930330A8DF83A208DF884
:10CC10003C608DF83B30EB680C2B38D1BEF1040F33
:10CC200000F0FF81BEF10C0F31D10DF1240BE96949
:10CC30002A6AA8695B4607C37A1E0DF127010737E8
:10CC400012F8010F11F8013FBA4283EA00030B709A
:10CC5000F6D10C22ACEB0E0C434659460CEB060009
:10CC6000C4F8C80005F15000CDF818A00296D4F819
:10CC7000C050039501953544059508AD04950D25E3
:10CC80000095EBF7DBFA18B9089BB3425CD0B848C3
:10CC900019B0BDE8F08FD0F8C460162E7FF44BAF0A
:10CCA000D4F8C0301E78002E00F0BD80E26B002A60
:10CCB000EDD02A1F110C5970110AD4F8C0309970A8
:10CCC000D4F8C030DA70236893F8CC30990732D5A5
:10CCD000D4F8C830C3F52053072B40F28B81D4F829
:10CCE000C0000835011D0C3005F01EFAE36BD4F8C6
:10CCF000C820D3F8D431D4F8C01008321B0AC4F8C5
:10CD0000C8200B71E26BD4F8C030D2F8D4215A712C
:10CD1000E16BD4F8C020D1F8D4310133C1F8D4315B
:10CD20000023D3801372D4F8C030B3F80110DA783E
:10CD3000A3F80910DA72E36B2A46D4F8C010204633
:10CD4000D3F800349847A5E0D4F8C8305344C4F869
:10CD5000C830B9F1000F9AD1D4F8B820190A11706F
:10CD6000D4F8B820537022682046D4F8C83092F81E
:10CD7000CC2012F0020F0CBF05220D221344C4F880
:10CD8000CC3019B0BDE8F04FFFF760BE022A00F0CA
:10CD900025815242D2B2C3F10103DBB2E4E66369FA
:10CDA000002B7FF774AF0822D4F8B01005F13800DB
:10CDB0000DF13008F1F73EFD606C0322D4F8B41099
:10CDC0003830F1F737FD606C0222D4F8B8103830F3
:10CDD000F1F730FD606CD4F8C820D4F8C0103830BA
:10CDE000F1F728FD606C41463830F1F737FD606C93
:10CDF0003830F1F763FDD4F8C830D4F8C0004146AC
:10CE00001844636C5A6905F0A3F9656CD4F8C860DE
:10CE1000062F696931440E46C4F8C81040F0A2805C
:10CE20004FF00109CDE62A1FE8B2110C5970110A22
:10CE3000D4F8C0309970011FD4F8C030D97023687D
:10CE400093F8CC309B0740F1D780D4F8C830C3F5B5
:10CE50002053072B40F2CE80D4F8C0000835011DC6
:10CE60000C3005F061F9D4F8C830D4F8C02008338C
:10CE7000C4F8C8301671D4F8C0305E71D4F8C03030
:10CE8000DE801E72D4F8C030B3F80110DA78A3F84F
:10CE90000910DA72236893F8CC309F0740F1A08024
:10CEA000E76BD4F8C460002F7FF43CAE43E6936F89
:10CEB000002B3FF474AF00260023481C0993EA6856
:10CEC000B0FBF2F502FB1500101A824200F09780C9
:10CED000C5B201E0D4F8C810D4F8C0200A44D55433
:10CEE00001339842F6D2D4F8C82061690132D4F8EF
:10CEF000C030012902EB0005C4F8C85040F38C8013
:10CF0000616C2368CA681831D3E90650A847002825
:10CF10007FF4BEAE616CD4F8BC00CA68183105F06D
:10CF200017F9606CD4F8C850C268D4F8C030A9189A
:10CF3000C4F8C81009A9CDE90053029100F1180105
:10CF40005030EBF751F900287FF4A2AE099B9D42C7
:10CF50007FF49DAE6369012B56DD002E77D0D4F8A7
:10CF6000C830F9E6022F7FF492AE0126A4E700BF95
:10CF70000094FFFF1021012005F01AF980460028D7
:10CF800000F0A280D4F8C8900120494605F010F9BD
:10CF9000C8F80000002800F092804A46D4F8C0107B
:10CFA00005F0D6F80022F3B2C8F80490C8F80C20B7
:10CFB00088F80830D7F8F021002A44D01146D2680A
:10CFC000002AFBD1E8B2C1F80C80BEE5022A26D0C7
:10CFD0005242D2B2C3F10103DBB213E6FF22DAE61A
:10CFE00094F8C430E8B2B0E5D4F8C830B3F5205FA7
:10CFF0007FF64DAE35484BE694F8C430A5E5D4F83D
:10D00000C020184653546EE7606CC26800F1780186
:10D01000183005F09DF8A0E7606CC2688AE7FF222F
:10D02000D8E7AB690DF1240B09930AAB796838682E
:10D0300003C3D4F8BC307A6839685A601960D4F8F0
:10D04000C860EA6806E6E8B2C7F8F0817DE5D4F882
:10D05000B030186859680CAB03C3D4F8B4300CA9CD
:10D0600018889A78D4F8C830ADF838008DF83A208E
:10D070001A0A606C8DF83B200D2238308DF83C3058
:10D08000F1F7D8FB606CD4F8C820D4F8BC10383065
:10D09000F1F7D0FBD4F8C830D4F8BC10606C194458
:10D0A0003830F1F7DBFB606C3830F1F707FC636C6C
:10D0B000D4F8C8205B691344C4F8C8304CE6404635
:10D0C00005F07AF80248E3E50148E1E5008FFFFF4B
:10D0D0000081FFFFA8B110B4046874B102244FF0BE
:10D0E000150CC0E931C4D0F8C0402170D0F8C03070
:10D0F0005A705DF8044BFFF7FDBC03485DF8044B24
:10D1000070470148704700BF008FFFFF0368D3F8E6
:10D11000B420002A10DAD3E92B32B2FBF3F2013249
:10D120004FF0010303D001335208DBB2FBD1C268D8
:10D1300001329A42C2600CDC1621D0F8C0300022C5
:10D1400010B40424C0E931141A705DF8044BFFF7E1
:10D15000D1BC0020704700BF88B102687AB11521A8
:10D16000022210B4D0F8C040C0E931122270282148
:10D17000D0F8C03059705DF8044BFFF7BBBC0148D4
:10D18000704700BF008FFFFF28B302681AB392F800
:10D19000CC20D20709D54268102A1CD10321D0F82F
:10D1A000CC2081604AB1FFF751BC8268012A10D0BF
:10D1B0004368102B0FD1FFF7C3B810B41621042415
:10D1C000D0F8C030C0E931141A705DF8044BFFF795
:10D1D00091BCFEF701BD0148704700BF008FFFFF03
:10D1E0004368102B01D0002070478368032B70B573
:10D1F000044682B024D0016891F8CD309B061FD53B
:10D2000091F8CC50B831006E05F002052944C5F103
:10D2100008022844CDE9001204F0B2FF0646D4F813
:10D22000B000DDE90012284404F0AAFF002E01DC62
:10D23000002805DD204602B0BDE87040FFF7A4BF1E
:10D24000002002B070BD00BF70B5044600681546EE
:10D25000B0F8CC30C3F38213013B032B1FD81B4A19
:10D2600052F82330226B52B192F87020013A032A0F
:10D2700027D8164E56F82220934228BF13469D42C7
:10D2800004D990F8CC2092071ED41D46D4F8CC3097
:10D2900043B12046FFF7DAFB00B9284670BD4FF4D2
:10D2A0002053DFE717232A46D4F8C000C4E93135FC
:10D2B00004F04EFF2046FFF71DFC0028EED1284663
:10D2C000ECE74FF42052D7E7014870BDAC050020D1
:10D2D000008FFFFF002841D0036870B50446002B83
:10D2E0003AD00E461546FFF77BFF70BB6368102BE4
:10D2F00003D02046FEF770FC38BB236893F8CD308E
:10D30000DB0623D5012D21D96369012B1EDC636C5B
:10D310001B6DDBB15B78022B18D194F9D0304BB97F
:10D32000012231462046FFF78FFF00280DDD012343
:10D3300084F8D0306A1E711C2046FFF785FF002854
:10D3400003DD0023013084F8D03070BD2A46314619
:10D350002046BDE8704077E7014870BD004870473F
:10D36000008FFFFFF0B10268E2B1D0F8CC2022B903
:10D370004168102903D010467047FFF767BB10B40F
:10D380004FF0150C0224D0F8C010C0E931C44FF0A2
:10D39000010C81F800C0D0F8C0305A705DF8044B21
:10D3A000FFF7A8BB00487047008FFFFFC36C1B68E6
:10D3B0002DE9F0419B7A05460B2B0BD86FF41662D2
:10D3C00042FA03F3DA0705D46B68002001336B607F
:10D3D000BDE8F0812A6892F8CC30DB0725D4D5F877
:10D3E000D430002BF0D0EB6B13B1D3F8C06126BB67
:10D3F000966E16BB072331463046D5F8C020107113
:10D400001620D5F8C02051710B21D5F8C020967197
:10D41000D5F8C020C5E93103117028466B68013387
:10D420006B60BDE8F041FFF765BBEB6B8BB3D3F8E6
:10D43000C06176B33368002B39D036680723002EDD
:10D4400037D042F2FD7716E0D5F8C01001F803C0DE
:10D45000D5F8C01019444870D5F8C01019448C7024
:10D46000D5F8C000B168404404F072FED6F83061CF
:10D4700004EB0803A6B17468F91A03F10308A1428A
:10D480004FEA144C4FEA14202246DDD20A48BDE888
:10D49000F081966E5EB1316849B1002BA5D1CCE721
:10D4A000DE1FC6F30740C6F30721F6B2A5E703481F
:10D4B0008EE731463046A0E7008BFFFF808AFFFFF2
:10D4C00010B401221424D0F8C010C0E931420A700F
:10D4D00042685DF8044B01324260FFF70BBB00BFAE
:10D4E0004369022B04DCC36B064AC3F8002470476F
:10D4F0004B7A072BC36B0CBF034A044AC3F80024C2
:10D50000704700BFF1AD0160ADAF0160FDAE0160DD
:10D510002DE9F043C56B85B003680646D5F8B881A0
:10D5200005F5CF67D3E92524B8F1000F58D0D5F819
:10D53000BC41052943D0072938D0062952D00829F3
:10D5400062D1DA6905F2564903A905F1800001921A
:10D550004A469B69009340F22223ECF7B1FC10BBD2
:10D56000039B09EB030285F855341B0A85F85434F4
:10D57000BB1A012B46DD1346210A03F8021B9F420A
:10D5800054703FD3FF1AA7423CD322464146184667
:10D5900004F0DEFDF26B0346002002F25441234406
:10D5A0005B1AC2F8103405B0BDE8F083002305F221
:10D5B000864285F85434302385F85534D8E7220A5A
:10D5C00005F2564385F8554485F85424FA1AA242C8
:10D5D00018D322460021184604F0A2FD0219C7E71D
:10D5E0009046A6E7DA6905F25649281D0192494698
:10D5F0009B6940F22222009303ABECF761F900280B
:10D60000AED0D0E70148CEE70148CCE7008FFFFF5E
:10D610000094FFFF10B501210446F2F7CBFD08B1DD
:10D62000012010BD04212046F2F7C4FD00280CBFE4
:10D630000020032010BD00BF022807D0042805D019
:10D64000A0F10100B0FA80F0400970470320704754
:10D65000012805D0A0F10300B0FA80F04009800055
:10D66000704700BF431E052B02D80230C0B270477E
:10D6700000207047C31E052B02D80238C0B2704785
:10D68000002070474369032B05D1042905D00529E3
:10D690000FD0022907D00A487047C36B0020094AFF
:10D6A000C3F804247047C36B0020074AC3F804245E
:10D6B0007047C36B0020054AC3F80424704700BFBD
:10D6C000009AFFFF09AF016015AE0160B9AF0160BC
:10D6D00003689A6F4AB113781BB906E012F8013F4C
:10D6E0001BB19942FAD1002070474FF0FF307047CC
:10D6F00003685A6F4AB113681BB906E052F8043F39
:10D700001BB18B42FAD1002070474FF0FF307047B9
:10D71000012A70B504461E4614D0802103F0D8F9C2
:10D72000054638B91B490822204603F0EDF950BBE5
:10D73000284670BD33684FF0FF35164943F4006347
:10D740003360F0E78B7A013B092B12D8DFE803F056
:10D750000D05050511110D110F0F8021204603F055
:10D76000B7F940B900250C49DDE72021F6E708218B
:10D77000F4E70021F2E733684FF0FF35064943F440
:10D7800000633360CFE733684FF0FF3543F48053D5
:10D790003360CDE7642200204C1D0020012A04D014
:10D7A000C0B2C9B2187059707047022907D04942F7
:10D7B000C9B2C0F101005970C0B218707047FF21A2
:10D7C000F7E700BF012A04D01A7802605B780B608B
:10D7D000704793F800C040F20112A2EB0C02026005
:10D7E0005B78FF2BC3F5807201D00A60704702237B
:10D7F0000B607047026838B5D2F8AC200446C36BA2
:10D80000456DC3F8E8211DB19108006DA847E36B91
:10D81000A26F162A03D0022283F8EC2138BD226FB2
:10D820001278142A14BF0222032283F8EC2138BD97
:10D830004369012B70B5044677DDC16CD0F8BC306C
:10D84000D1E90321521A13442268191DE06B92F8A2
:10D85000CC20C4F8C03002F00102D0F808342046D1
:10D8600098476369D4F8C05004F1F000002B05F12B
:10D8700004010BBF24220C2228261026C4F8EC2019
:10D8800004F066FC16221423C4E931262B70E26BE7
:10D89000D2F87836002B41D0236893F8CC30D907E2
:10D8A00025D50A21616013F0020325D0D4F8B030E9
:10D8B000616CC2F8FC11186859680023C2F80002B4
:10D8C000C2F80412D4F8B020C2F80230D380D4F8E1
:10D8D000B02053780133DBB253708BB9D4F8B02049
:10D8E00013780133DBB2137053B9154870BD0F21A3
:10D8F00013F002036160D9D1D4F8B02013605360F3
:10D900002368E16C93F8CC30A26B9B0761642263BF
:10D910000ED42046BDE87040FFF7ECB8D4E9000310
:10D92000591C90F8CC306160BDE7D0F8BC308BE773
:10D930002046FFF75FFF2046BDE87040FFF7DAB8EA
:10D940008094FFFFC36B70B5D3F8F041064654B125
:10D950002546E468286804F02FFC284604F02CFCD7
:10D96000002CF5D1F36B746D0022D3F8D811C3E904
:10D970007C22C3F8F8111CB11146306DA047F36B3F
:10D98000B26F162A03D0002283F8EC2170BD326FEB
:10D990001278142A14BF0022032283F8EC2170BDF0
:10D9A000C36B70B593F8EC210546012A2CD0D3F84F
:10D9B000F021C3F8F421FDF75BFBEB6B0122D3F8F8
:10D9C000F44183F8EC211CBB6A68102A2AD1032297
:10D9D000204683F8EC2170BD0B78142B1DD06268B3
:10D9E000D5F8C00004F0B4FB6168E2682846C5F8C9
:10D9F000C810EB6B217AC5F8C410C3F8F421FFF707
:10DA000079F80028E7D1EB6BD3F8F441002CDBD098
:10DA1000237A2168162BE2D1DEE72846FDF728FBA2
:10DA20002168DCE7022283F8EC216E6D36B1D3F871
:10DA3000E821286D9108B047204670BD304670BD82
:10DA40002DE9F84F0368C16F93F8CC3013F002034F
:10DA50000CBF04220C2291423FD3076F0646BC78CC
:10DA60007878240244EA0044F87804431444C6F861
:10DA7000A040EBB1D6F83C80BB88B8F1000F2ED0A7
:10DA800072685BBA102A9BB217D0D8F8D8219A4294
:10DA900016D0D8F8F821013A9A4206D13B78032BE8
:10DAA00003D03046FFF77CFF28B9B048BDE8F88FB7
:10DAB000A1421AD30020BDE8F88F3A78012AE8D1B4
:10DAC000A14280F02F81A4F10C09D8F8E45175B17E
:10DAD0002A783B789A4200F0FD80A548EBE7A14206
:10DAE00003D3BB79002B00F0DC80A248E3E7B4F558
:10DAF000205FFAD819F0070309F10C014FF001007B
:10DB000018BF012301EBD901194404F051FB03466E
:10DB1000C8F8E401002800F0278138681860BA8846
:10DB20009A80D8F8E431DD801D72F36BD3F8E431CC
:10DB3000B3F80120A3F80920DA78DA72F36B376FB3
:10DB4000D3F8E45197F807B02C44BB794FEA0B2B7C
:10DB500097F80A804BEA034B7B7A4FEA082848EA99
:10DB600003483B7A4BEA030BFB7A48EA03080BEBCA
:10DB700008034B45B1D808F10C0AF36F9A45ACD8AD
:10DB80000BF10C00424607F10C01284404F0E0FAC6
:10DB90000BF00702C2F1080392B198454FEADB008F
:10DBA00040F2AC80A8F108089B4401259044225C17
:10DBB000013B05FA03F10A43D2B2002BF8D12254FB
:10DBC00018F0070310D008EB0B050120A8EB0308A1
:10DBD000C3F10803ED08625D00FA03F101330A4363
:10DBE000082BD2B2F8D162554FEAD802FF2104EBDC
:10DBF000DB0004F095FA5FEAD9000AD0411E631EEB
:10DC0000214401E0994204D013F8012FFF2AF9D0F2
:10DC10004BE719F0070910D0215CCB093FF445AF61
:10DC2000C9F10709062302E0D2077FF53EAF4B4555
:10DC300041FA03F203F1FF33F6D1F36F9A45FFF493
:10DC400054AFD6F88020D6F888108A4215D9D6F875
:10DC5000A040521A306F736E2044F46D19441D1B9E
:10DC6000C31A42F64D14C6F888301344641BC6F834
:10DC70008030A34254D804F057FAF36BD6F8A020B2
:10DC8000D3F8E411306F04F063FAF36BD3F8E401D6
:10DC900004F092FA0023F26B1846C2F8E431BDE8B2
:10DCA000F88FFB79002B7FF420AF3B7A002B7FF4B9
:10DCB0001CAF797A7A7891427FF417AFB97ABB1C9E
:10DCC000BA7891427FF411AFFA7A5B789A427FF486
:10DCD0000CAFEFE66A78681C7B78791C9A427FF477
:10DCE000FCAE10F8012F11F8013F9A427FF4F5AE17
:10DCF00042784B789A427FF4F0AE23E7B8F1000FF8
:10DD00003FF479AFA3EB0808225C012505FA08F17E
:10DD100008F101080A434345D2B2F7D122546AE719
:10DD20001548C8E6BB79002B7FF4CDAEFB79002BFC
:10DD30007FF4C9AE3B7A002B7FF4C5AE0322791C79
:10DD400007F1090004F01CFA38B9D8F8E451002DA5
:10DD50003FF4B0AEA4F10C09BAE6A4F10C09B8F195
:10DD6000000F7FF4B2AEC0E60448A4E6809AFFFF3D
:10DD7000008EFFFF808FFFFF0096FFFF0081FFFFF7
:10DD800038B5836F0446162B19D0152B0CD0236899
:10DD900093F8CC3013F0020304D0E06B18B1636841
:10DDA000102B19D0002038BDE36F022B3BD1226F1E
:10DDB0001378022B39D0012B07D01E4838BDFFF74E
:10DDC0003FFE0028EFD1A36FDFE753787BB3642BCE
:10DDD000184808BF002038BD2046FEF797F8E06BD2
:10DDE00004F0EAF90023A56CE363B5B105F1500036
:10DDF000E9F72AFF05F19000E9F726FF05F1380061
:10DE0000F0F7F2FB05F14400F0F7EEFB2846D021D5
:10DE1000F4F742F8A06C04F0CFF9E26C0023A2649E
:10DE20001846E36438BD044838BD044838BD04488A
:10DE300038BD00BF8099FFFF008EFFFF8088FFFF85
:10DE40008087FFFF036A2DE9F04104460F46002B4F
:10DE500073D0606E42F64D13E26D821A9B1ABB427C
:10DE60006ED3236893F8CC309A0736D5636D002BB8
:10DE700066D0A36D002B63D0D4F88810002961D13F
:10DE8000D4F880309F4225D9002B40F09D80A36DAF
:10DE9000206D13B19847022861D06368102B00F001
:10DEA0009880E36BD3F8E831616E42F64D12E06D75
:10DEB000656A081A121A002D00F09780A06AA84718
:10DEC000002800F0848010F5D04F48D0002802DBF5
:10DED000C4F880000020BDE8F081D4F88060B7422B
:10DEE000354615D8F6E723682A46616EA06AD3F84E
:10DEF000A8303144C047002869D0ECDBA84263D881
:10DF0000D4F880608519BD422E46C4F88050E1D215
:10DF1000A36D7D1B206D23B19847022830D0D4F823
:10DF20008060D4F82480B8F1000FDCD1616E2A46FD
:10DF3000A06A3144236A9847DDE7436A002B88D101
:10DF40002C48C8E7D4F8802091423DD8521AC4F832
:10DF5000802082BBC4F88820002F98D1BAE7636D77
:10DF60001BB10022206D114698476368102B0AD11F
:10DF7000236893F8CC30DB0702D5A368032B2CD0A1
:10DF80001D48BDE8F081E16B2268D1F8E831D2F894
:10DF9000B0209342F4D2B3EB430F4FEA430002D8D0
:10DFA000824228BF02462046C1F8E821FFF7F8FC6C
:10DFB000002890D117E0014404F0B6F80022D4F80C
:10DFC0008030C4F888205DE70C48BDE8F0810C483B
:10DFD00081E72368D3F8A83066E72046FFF796F874
:10DFE00000287FF478AF074875E7236AA06A98474E
:10DFF00066E700BF008FFFFF0098FFFF0094FFFF60
:10E00000808DFFFF0097FFFF036893F8CD3013F07A
:10E01000080336D0026E10B492F804C0D379517957
:10E0200043EA0C6392F806C0947843EA0143D1783E
:10E03000D0F8902043EA0C2341EA0421D0F8944020
:10E040009A4274EB010C18D3D21A64EB0104402AF3
:10E0500074F1000417D2C2F12001A2F12003D0E92B
:10E060002604D04004FA01F124FA03F308431843CC
:10E0700040F300005DF8044B704700205DF8044B4E
:10E080007047184670474FF0FF30F3E7036893F886
:10E09000CD301B0758D5026E30B492F804C0D37946
:10E0A000547943EA0C6392F806C0917843EA04433A
:10E0B000D478D0F8902043EA0C2344EA0124D0F825
:10E0C00094109A4271EB04051FD29A1A64EB010175
:10E0D000402A71F1000138D2A2F1200CD0E926517A
:10E0E000914005FA0CFC41EA0C01C2F1200C05FA42
:10E0F00002F225FA0CFC42F0010241EA0C01C0E9EF
:10E100002621C0E9243430BC7047D21A61EB0401E7
:10E11000402A71F10001F6D20121A2F12003C2F1DF
:10E12000200401FA03F301FA02F221FA04F4D0F810
:10E13000981023431143D0F89C20C0F898101A433C
:10E1400030BCC0F89C207047704701220021D6E700
:10E15000D0F8A0102DE9F04F04469DB0002900F042
:10E16000F080456F002D40F06E81C26F9142C0F08B
:10E17000FC80C567C0F8A0502368204693F8CC30D7
:10E1800013F0020F0CBF05210D21FFF75BFE0546C2
:10E19000002840F0D2802068D4E919231778A767B7
:10E1A0001D8890F8CC306DBA9907ADB2E56700F1E3
:10E1B000D18051789278A7F11406032E00F2CA8319
:10E1C00026698E4240F0DA8390F8C9109142C0F27D
:10E1D000D583226FE66D911B42F64D12521A95427D
:10E1E00000F2CC8313F0020800F0DD80226EB4F858
:10E1F0008410128852BA92B28A4200F0C280DB07C1
:10E2000040F13A816368102B40F03681002A40F0DB
:10E210003381162F40F03081D4F880200D2A40F24F
:10E220002B81737B012B40F02781D0F84CA0D4F8D0
:10E23000AC50D0E91187D4E93839B8F1000F76D065
:10E24000002F74D03C2A72D9317816296FD1F17819
:10E2500000296CD13179002969D1F17C002966D17E
:10E26000317D002963D1717D002960D196F83B1082
:10E27000A2F13D0081425AD8A2F13C00721892F8F6
:10E280003C20824253D83D315046CDF80090314475
:10E290000993B847002800F0D8803168504672686A
:10E2A000B768D6F80CC02960C5F80CC06A60AF60CA
:10E2B00031697269296110A96A61327E099B2A76E7
:10E2C00003226A73FE226A76FF22AA7605F11C02F7
:10E2D000CDF80090109205F52052C047002840F07C
:10E2E0001483109A521BD1B2A1F11C03A1F11900A1
:10E2F0000D39EB76A2F119032973C1B2297629747D
:10E30000A2F10D01090AE972C3F30741C3F3072320
:10E31000A975A973EB75EB73E369D4F8AC10A06A27
:10E320009847236893F8CC30980740F1FD8200238A
:10E33000A14DC4F88830C4F8803028461DB0BDE82F
:10E34000F08F436F23B1002528461DB0BDE8F08F44
:10E35000C36711E791785678FF29C1F5807240F2C2
:10E36000011108BF0222891B25E7521A006FE267DC
:10E37000014403F0D9FEE36FC4F8A050002BE2D1B2
:10E38000FAE62046FFF740FE002875D1142F00F072
:10E39000C382172F07D16368102B04D0A268012A0B
:10E3A0006AD1022B68D1236C002B00F0A0829B68FD
:10E3B0009D42C0F0A1826269002A04DD03F5245366
:10E3C0009D4200F29982B8F1000F20460CBF052152
:10E3D0000D212944FFF736FD05460028ADD12668FA
:10E3E00096F8CC2012F002021FD1276CC4F88020CE
:10E3F000002FA2D0D4F82CC0BCF1000F23D0E16FC5
:10E40000D7F89030002B00F0BC82B86888465B7863
:10E410008142C0F0BA82023B082B14D8DFE803F037
:10E42000D2131313321332133200E16F276C01F150
:10E430000D03C4F88830002F00F06382D4F82CC09C
:10E44000BCF1000FDCD15D4D77E701212046FDF7DF
:10E45000DFFE0546002800F03F83236893F8CC30A8
:10E4600099077FF56AAF15F5CF4F3FF466AF15F505
:10E47000CE4F7FF45CAFE56F05F10D034E4DC4F850
:10E4800088305AE73B681B7FD7E9030E13F0020F71
:10E49000A0EB0E0314BF4FF0080C4FF0100C6344B8
:10E4A0009942C0F00D8201EB0E09D4F860A00DF185
:10E4B0004008A36FA9EB00094246A9EB0C09C4F878
:10E4C0007C90DAF80410DAF8000003C28DF84830C6
:10E4D00096F8CC10266F8907D4E9042300F16082F6
:10E4E000D2B2DBB28DF84A304FEA19238DF84920B9
:10E4F0008DF84C908DF84B30FB680C2BA3D1BEF1FE
:10E50000040F00F0CB82BEF10C0F9CD10DF1300E48
:10E51000F96A3A6BB86A734607C30AF1FF320DF124
:10E5200033010AF1070A12F8010F11F8013F5245B1
:10E5300083EA00030B70F6D10BAA0196434671469D
:10E5400004920D2207F19000CDF818C000920C2221
:10E55000CDE902964E440596E9F7AAFE002800F0A0
:10E56000788210F5C64F00F0A6812668054696F819
:10E57000CC309F0740F1DA8125F0800313F5E44F9A
:10E580007FF4DBAE15F5E34F636814BF0022012270
:10E590000B2B00F001820D2B00F0FE81D6F8C0207D
:10E5A000002A3FF4C4AEA36901339A42A3613FF647
:10E5B000BEAE034DC1E600BF809AFFFF0094FFFF8F
:10E5C000808EFFFF6069002301280B9340F3E181F7
:10E5D000FB684FEA430E18467145C0F07181D7F8C9
:10E5E00014E00EF101094B449942C0F06981DCF856
:10E5F0007890236FB9F1010F00F0DB814FF0000933
:10E60000B1FBF0F600FB1616002E40F05481626953
:10E61000012A12DD091AA8EB0008E16768B1D4F8F5
:10E620006CE0324631461EF802C04A1C394481F87B
:10E6300028C0D1B281420A46F5D30BA9024607F1A0
:10E640009000029107F12801CDE90083E9F7CCFDA4
:10E6500000288AD10B9B98457FF4F5AE61690129AA
:10E6600040F32682E26F89F00109236C206F09F0E4
:10E670000107D3F814A08318099713F8018C08F147
:10E68000010808EB0A039A4280F01B82002F00F079
:10E6900018820023984600297FF7D5AE424534BF43
:10E6A000002703F001070AF52051A2EB08034FF001
:10E6B000000C08F1FF398B428CBF4FF0000B07F0C4
:10E6C000010B01210BFB0303581E6346984594BFC1
:10E6D000002101F0010110F801EF0133CE4514BF14
:10E6E000002701F00107B3F5807FBC44EED1C4459B
:10E6F00014BF00270BF00107C7EB472303EA080804
:10E70000099BA2EB0802E267002B00F0E381A2EB79
:10E710000A02A36EE267120A1A70A36EE26F5A70C1
:10E720006369002B7FF78FAE206CE36F026808EB04
:10E730000309527A062A00F0968140F29081072A56
:10E740007FF481AE1D3309F11D02DB09C3EBD21347
:10E75000C7EB072A0822216E44300AEA030AF0F7C1
:10E7600069F8206C0322616E4430F0F763F8206C86
:10E770000222A16E4430F0F75DF8206CE26F443065
:10E78000216FF0F757F8236FE26F1344B8F1000FD1
:10E7900009D003EB08014FF0000813F8012B8B425E
:10E7A00088EA0208F9D18DF82C800DF14008206C20
:10E7B00041469DF82C304430F0F750F8206C216F22
:10E7C0004430F0F7CDF8B24506F10106F6D1206CE1
:10E7D000B9F5807F4E4600F1440038BF4FF4807693
:10E7E000F0F76CF8236CA6F58076226F58699119C2
:10E7F0008144B9EB060307D09144002311F8016B63
:10E80000494583EA0603F9D18DF82A309DF82A306C
:10E810000023E16F8DF8303080B110445318421856
:10E8200013F8016B18F8010B9A4286EA00069DF86E
:10E83000300040EA06008DF83000F1D19DF830300C
:10E84000002B38D1002F36D0002940F02381636996
:10E85000032B00F04481D4F8A4300133032BC4F817
:10E86000A43028DC236893F8CC20900700F10581C0
:10E870000822164608E02368164693F8CC1001F0EB
:10E880000200824240F21F81711E206E013A435CF9
:10E89000D2B20133DBB24354002BECD0236893F89F
:10E8A000CC20920700F1E680E36FB3F5205F7FF69E
:10E8B00044AD914D41E5266896F8CC2002F0020265
:10E8C000C2B363680D2B02D00B2B7FF467AE8B4D68
:10E8D0000223D4F8C01015222046C4E931230B705E
:10E8E0001422D4F8C0305A70FEF704F925E56B1EE7
:10E8F000B3F5205FFFF467ADB8F1000F7FF417ADFB
:10E90000D7E72046FFF7C2FB17E5236893F8CC3022
:10E910009D077FF598AD0AE563680A2B3FF443AD88
:10E920000C2B3FF440ADA7E5754D06E515F5E34F1B
:10E930007FF403ADD4F8C0100223152014226F4DCC
:10E94000C4E931030B702046D4F8C0305A70FEF78A
:10E95000D1F8F2E49A073FF5EAACD4F8C0100223EC
:10E9600015200A22C4E931030B702046D4F8C030C8
:10E970005A70FEF7BFF8236893F8CC30980798D503
:10E98000D5E4BB689942BFF45EAD002AD2D05B4D9E
:10E99000F8E5F86886461FE6002A3FF4CEAC97E714
:10E9A000022BC2F1010208BF0123D2B25B42DBB2EB
:10E9B00098E5A1EB0E080993D4E91826C4F87C80E9
:10E9C000106851680CAA03C2B27807F14400378876
:10E9D0000CA98DF83A204FEA1822ADF838708DF85E
:10E9E0003B200D228DF83C80EFF724FF206CE26F76
:10E9F000E16E4430EFF71EFF206C10A94430EFF7B2
:10EA00002DFF206C4430EFF759FF0022276C8DF862
:10EA10002B207A69E66EE16F099B9AB132440DF1C1
:10EA2000400C0E4402EB010E16F8010B1CF8012BF2
:10EA3000B64580EA02009DF82B2042EA00028DF8DC
:10EA40002B20F1D19DF82B20002A7FF434AFF868F9
:10EA5000D6E50B9B99457FF4F6ACE16FF4E6033AFB
:10EA6000012A3FF6F0AC153309F115029B09C3EBFF
:10EA700092136DE6022E2BD0E16FB1F5205F7FF689
:10EA800040AF62681E460B2A3FF413AF0D2A7FF495
:10EA900085AD0EE70023C4F8A430E3E6BB6A0DF1B0
:10EAA000300EE26E0C930DAB1068516803C343E562
:10EAB000206C00F1B801C268283003F049FB61699D
:10EAC000D0E50123E7E58907D4D4002A7FF4ECAE32
:10EAD0000C4D32E41146B7E6A0F5CF452DE4A36F07
:10EAE000172B3FF4B8AE266896F8CC309B077FF51D
:10EAF000E0AE014D46E500BF008EFFFF808EFFFFB8
:10EB00008095FFFF8094FFFF38B5D0F8A830054608
:10EB10008BB100231C46C0F8A830204638BD2846DB
:10EB2000002CFAD1FFF72CF910F5CD4F044602D096
:10EB300010F5CB4F0ED12846FFF70AFB10F5CB4F4F
:10EB40000446ECD12846FFF703FB10F5CB4F0446F3
:10EB5000F1D0E4E70028E0D1AB6F162BDDD12846D9
:10EB6000FDF75AFFD9E700BF002800F0FE800368D8
:10EB70002DE9F0410446002B00F0F58093F8CC30ED
:10EB80000E4615469F0709D5FDF760FF68B9E36B90
:10EB900023B193F8EC31012B00F0D5802046FEF72D
:10EBA0001FFB10F5D64F02D008B1BDE8F0816368B5
:10EBB000102B44D1616F002940F0B4804FF015084C
:10EBC00002271EE0A36F172B7FD0162B2AD0A26836
:10EBD000032A5DD0152B00F0C280172B2DD163685E
:10EBE000226F102B62675ED0236893F8CC30DB076E
:10EBF00003D5A368032B00F08E80616F002940F0DD
:10EC00009180A36D1BB1206D9847013053D02046F1
:10EC1000FFF77AFF00285DD1E36F002BD2D0A36FFE
:10EC2000162BD4D12268216F92F8CC300978D807FE
:10EC30000ED5012914D09907DFD44D48B5E72046F9
:10EC4000FCF7CAFF10F5D64FB4D00028ADD1B1E71C
:10EC50000029F0D19807D4F8A01058D40429ECD199
:10EC600092F8CD2092063ED5D4F8E820002A37D07D
:10EC700003F00303022B01D10323A3602046FDF719
:10EC80005FFB10F5D64FB8D00028B6D0BDE8F081B4
:10EC90002268D2F8B41000299CDBE268013291426C
:10ECA000E26097DAC9E7636D002B9DD00022206DEA
:10ECB0001146984798E72368D3F8A820D4E91403AD
:10ECC000002BA4D091089847A1E72046FFF71CFF2E
:10ECD0000028A4D010F5E54F7FF467AF002064E76B
:10ECE00013F0300FC4D16369002B3ADDD4F8C03083
:10ECF00001222046C4E931871A706422D4F8C0305A
:10ED00005A70FDF7F7FE00283FF477AFBEE70C29F5
:10ED10007FF473AFA4E72046FEF7F8F900283FF42C
:10ED20006CAFB3E7E26F3046954228BF15462A46DE
:10ED300003F00EFAE36F5B1BE3675BB9284663677A
:10ED4000C4F8A83031E72046FEF72AFE00283FF439
:10ED500025AF2AE7636F28462B44636725E70548FC
:10ED600023E7054821E705481FE70448704700BF2F
:10ED70000089FFFF0097FFFF0094FFFF008FFFFF58
:10ED8000C26C03682DE9F04FD2F80080044693F876
:10ED9000CC3085B098F80A20C3F381000B2A40F2EA
:10EDA0009F8003F00103E26BD2F8C491B9F1030F25
:10EDB00008BF8146B9F1000F02D1002B40F0CF808F
:10EDC0002046FFF7A1FE0546002840F092806368C8
:10EDD00001336360236893F8CC20D10700F192805F
:10EDE000A36F162B40F0A380236F19780B2940F0F6
:10EDF000C38002F00200D4F8A01000280BBF0A2242
:10EE0000122204260C269142C0F0B6809A19985D11
:10EE10005778937843EA0723002840F0AD80033603
:10EE20003344994240F0A880A76BF86D30B102F0EE
:10EE3000D9F8A36BD86D03F0BFF9A76B4FF49A71A3
:10EE4000012003F0B5F9F865002800F08381002760
:10EE5000DFF840B3DFF840A302F0BEF8D4F8A030EA
:10EE6000F01CB34240F2B880984200F29580216FC6
:10EE70008A198E5D002E40F08F805678014492787A
:10EE800042EA06227F2A00EB020640F285809E427B
:10EE900000F28280A36BD86D02F012F910F5165FB4
:10EEA000074667D0584528DA10F5225F28D050452C
:10EEB000D4D02A222368002B00F00B81D4F8C01094
:10EEC000022315203D46C4E931030B702046D4F8D7
:10EED000C0305A70FDF70EFE284605B0BDE8F08F31
:10EEE0006FF416611141CD0731D4636800250133F9
:10EEF0006360284605B0BDE8F08F0028AED0D8E7A3
:10EF00005022D7E76369002B3FF46AAF02F0020397
:10EF1000D4F8A010002B18460BBF07230F2304269C
:10EF20000C2699427FF45CAFA36F162B39D0D4F82E
:10EF3000C010022315200A22914DC4E931030B7041
:10EF40002046D4F8C0305A70FDF7D4FDD1E7072A27
:10EF500003F001037FF427AF002BC6D123E76368DA
:10EF60000025A26B8021013328461166636005B03D
:10EF7000BDE8F08F2B229DE7D4F8C01002231520A6
:10EF80003222804DC4E931030B702046D4F8C030E2
:10EF90005A70FDF7AFFDACE72368002BECD1794D3B
:10EFA000A7E7236F1A780B2AE6D19A5D1E44002A40
:10EFB0007FF423AF72780136002A7FF41EAF727897
:10EFC000002A7FF41AAFA26B40216F4B1166B9F192
:10EFD000010F18BF1D468CE7266896F8CC30DB077A
:10EFE00002D4A368012B5ED0B9F1000F71D0E36B9E
:10EFF000D3F8CC71002F00F09E80D3F8D021A16B04
:10F00000B06BD1F85CC06031736E03906046766B74
:10F01000CDE90116D4F8D8100091394601F0C0FDB1
:10F02000A36B06460221D3F85CA00AF1BC00F1F7FD
:10F03000C1F800284FD1206890F8CC204146A06B41
:10F04000D24300F16003C06D02F00102FEF760FBE5
:10F05000002862D0002E60D1B9F1010F3FF449AF12
:10F06000B9F1020F74D1002F72D1484DA36B1B6E02
:10F07000DE055ED4580769D413F4DC3F18BF2B2398
:10F080006FD02268002A3FF434AF0222D4F8C010B7
:10F090001520C4E931020A702046D4F8C02053700C
:10F0A000FDF728FD25E7636BDB6D5BB1A26BD16DCE
:10F0B0005A684868824205D18968986803F060F808
:10F0C000002891D03122022120462E4DFEF702F871
:10F0D0000FE73D460DE72068DAF8C030826F1978F7
:10F0E0003AB113782BB19942A6D012F8013F002B08
:10F0F000F9D190F8CC204146A06B224BD243002E90
:10F1000008BF1E46036E02F0010243F4803C034632
:10F11000C06D43F860CFFEF7FBFAB9F1010F0DD0D7
:10F1200017B9B9F1020FA0D0002E3FF4E2AE354678
:10F130009CE73123A5E7D6E91B7260E716F51C5F53
:10F140003FF4D7AE16F5F44FEED1D2E62A2398E776
:10F150000C4D8BE75022022120460D4DFDF7BAFFE2
:10F16000C7E6D90707D49A0707D413F0080F14BFCE
:10F1700030232E2385E72D2383E72C2381E700BF4F
:10F180000089FFFF0086FFFF808BFFFF8089FFFF64
:10F190000081FFFF81DAFFFFD2D9FFFF10B50446DF
:10F1A000FFF7B2FC00282DD1A36F142B45D1E36FDC
:10F1B000012B30D1236F1B78012B2CD12368E16CFC
:10F1C00093F8CC30A26B9B072164E2621BD5B4F8A4
:10F1D000843001339FED267B9BB284ED247B84ED4C
:10F1E000267BA4F88430002B39D06369012B10DD15
:10F1F000E26CD2E903329B1AE26E1A44636822671A
:10F200000133636010BD236E186058606369012B81
:10F21000EEDCE26EF2E723681BB3D4F8C0100223E1
:10F2200015203222C4E931030B702046D4F8C030D7
:10F230005A70FDF75FFC104810BD23689BB1D4F8ED
:10F24000C010022315200A22C4E931030B702046A6
:10F25000D4F8C0305A70FDF74DFC084810BD08487E
:10F2600010BD054810BD054810BD00BFAFF30080BC
:10F2700000000000000000000082FFFF0089FFFF87
:10F280008094FFFF0268C36B92F8CC20D3F8083457
:10F29000D24370B584B0044602F0010201A9984738
:10F2A0002046FFF731FC0546002847D1A36F162BF7
:10F2B00061D1216F0B78142B70D12668D4F8A0206F
:10F2C00096F8CC3003F00203002B0BBF102018205F
:10F2D00004230C2382423ED101F10C0E0DF1040CEB
:10F2E00019448DF803509E4411F8012B1CF8010BB2
:10F2F0009DF803308E4582EA000243EA02038DF84E
:10F300000330F1D19DF803302BBB0C2201ABC4F8C4
:10F31000EC2007CBE36BC4F8FC00C4F80011C4F880
:10F320000421D3F8783663B9626896F8CC3001329C
:10F3300062609B0702D52046FEF704FB284604B016
:10F3400070BD96F8CC30DA0702D40A226260F0E78A
:10F350000F226260EDE7D4F8C0100223152032229C
:10F36000124DC4E931030B702046D4F8C0305A70F6
:10F37000FDF7C0FBE2E72368ABB1D4F8C01002236D
:10F3800015200A22A5F5EE45C4E931030B7020468D
:10F39000D4F8C0305A70FDF7ADFBCFE72368002BDF
:10F3A000D9D1024DCAE7024DC8E700BF8081FFFFF7
:10F3B0000089FFFF2DE9F041AEB080460F461546AB
:10F3C00001A81E46EFF7D6FA17A8F5F721F801A80D
:10F3D000EFF7E0FA68B1044601A8EFF7CFFA17A8F3
:10F3E000F5F71AF8B8F1000F1AD120462EB0BDE893
:10F3F000F081D8F83C10402201A801F21441EFF747
:10F400002DFE044630B93246294601A8EFF726FE04
:10F410000446D8B101A8EFF7B1FA17A8F4F7FCFF3A
:10F42000D8F80030002BE0D0D8F8C0100223152205
:10F430004046C8E931230B705022D8F8C0305A70CA
:10F44000FDF758FB20462EB0BDE8F081394601A8F3
:10F45000EFF748FE04460028DCD117A8F4F7E8FFD0
:10F4600004460028D6D1D8F83C10402217A801F253
:10F470001441F5F735FF04460028CBD13246294622
:10F4800017A8F5F72DFF04460028C3D107F1100196
:10F4900017A8F5F769FF04460028BBD101A8EFF7CC
:10F4A0006DFA17A8F4F7B8FF9FE700BFF0B587B073
:10F4B000144605460E469DF834001F46EFF782F8C5
:10F4C0000190EFF711F9206003A8EFF787F8019991
:10F4D000002203A8EFF7CAF8B8B1044603A8EFF773
:10F4E00083F87DB12B686BB10223D5F8C0101522CB
:10F4F0002846C5E931230B705022D5F8C0305A7028
:10F50000FDF7F8FA204607B0F0BD03A8EFF7F8F8CA
:10F5100004460028E2D1E96B402203A801F214411D
:10F52000EFF7F8F8044618B103A8EFF75DF8D9E74C
:10F530000C9A394603A8EFF7EDF804460028F3D1FA
:10F54000314603A8EFF7F0F804460028ECD103A8F1
:10F55000EFF74AF8D6E700BF2DE9F04FC5B0002419
:10F560009046054604AF0E4601914FF48072214645
:10F570003846039402F0D4FDB8F1000F74D0214650
:10F58000DFF8F4904446DFF8F4B0DFF8F4A0A368A5
:10F59000002B56D0A0450ED0344B2846344A0029C3
:10F5A00008BF1A46314602F0F7FD002858DBB0428A
:10F5B00056D2361A054403A92046EFF7B5FF0028B6
:10F5C00047D1039B52463146284602F0E5FD00280C
:10F5D00046DBB04234BF00230123002B40D1226917
:10F5E000361A0544F2B138461A460BE01E2902F1DC
:10F5F000010298BF3F2300F8013B2369934211D9D0
:10F60000FF2A0FD063699B5C03F17F011F2BC9B2F6
:10F6100001D97F2BEAD13F23013200F8013B236956
:10F620009342EDD800213B462846B9544A4631461C
:10F6300002F0B2FD002813DBB04211D2217F361A4E
:10F640000544A469002CA2D1019B981B45B0BDE8DC
:10F65000F08F5A463146284602F09EFD0028B8DA5F
:10F66000044845B0BDE8F08F4046FAE770420020FC
:10F670006C42002080D6FFFFE80500207842002081
:10F68000744200202DE9F04F576887B09046064637
:10F69000202F039108D8002F57D0012F94BF4FF08F
:10F6A000000A4FF0010A02E04FF0010A1C27D8F8C7
:10F6B00008000024039D294ADFF8AC90DFF8ACB0C5
:10F6C000CCB9BAF1000F16D003782BB348462946BF
:10F6D0000090304602F060FD002819DBA8421F4A66
:10F6E00016D20134291A0644A74217D9D8F80800BF
:10F6F0000D46002CE5D0791E035DA1428CBF484623
:10F70000584629460090304602F046FD0028E5DACA
:10F71000134807B0BDE8F08F0124D1E7D8F80420E2
:10F72000BA4214D0059030460E4A049102F034FDDE
:10F730000028EDDB04998842EAD2059B5B1B184444
:10F74000039B184407B0BDE8F08F3846FAE7401B2A
:10F75000039B184407B0BDE8F08F00BF8042002033
:10F7600080D6FFFF884200207C420020241D00201C
:10F77000002070470020704770B5ADF5207D53AD77
:10F78000002835D1284601F027FC354B354A28465C
:10F790001968126802F054F8044618B120460DF5B5
:10F7A000207D70BD06AE304601F016FC2E4B2F4A70
:10F7B00030461968126802F043F804460028EDD17B
:10F7C00005A923462246284600913146CDE9014449
:10F7D00001F0F2FB04460028E0D13046002401F09D
:10F7E00001FC284601F0FEFB20460DF5207D70BD92
:10F7F0001F4802F0B1FC284601F0EEFB184B194AF5
:10F8000028461968126802F01BF8044630B11948FE
:10F8100002F0AAFC20460DF5207D70BD06AE3046F4
:10F8200001F0DAFB104B114A30461968126802F0F9
:10F8300007F804460028EAD10F4802F08DFC05A91C
:10F8400023462246009128463146CDE9014401F085
:10F85000B3FB04460028DAD1084802F085FCBCE777
:10F8600094570020DC0F002090570020D80F002074
:10F8700090420020F0110020AC42002058120020DD
:10F880002DE9F041054682B0884614463B4F3123AE
:10F890006A4641462846E3F729F9002866D12E68D2
:10F8A000009B1E44302301AA31462846E3F71EF987
:10F8B00048BB2B68F21A002A54DD1878224606232A
:10F8C000314642F8040B2846E3F710F9D8B9D5F8C9
:10F8D00000C0D4F804E0C4F808C00CEB0E03F21A20
:10F8E0002B60002A3EDD1CF80E201E2A1BD00C2A9D
:10F8F00019D01C2A03D827FA02F2D20713D42048C1
:10F9000002B0BDE8F081A0F50E500028F8D12B68B8
:10F91000B3421DD001202021207702F049FCA061D4
:10F9200048B30446BEE7013304F1100231462846CD
:10F930002B601CF80E30E360E3F78CF80028E2D16E
:10F940002A68236962611344B3422B60A061E1D14C
:10F9500098450ED02021012002F02AFCA06150B170
:10F96000044694E7074802B0BDE8F081A0F50E50C8
:10F97000C6E70020C4E70448C2E700BF08005810EB
:10F980001EDCFFFF20DCFFFF80D7FFFF08B5E3F799
:10F9900051FA00B908BDA0F50C5008BD08B5E3F751
:10F9A000EDF900B908BDA0F50C5008BD2DE9F041F6
:10F9B00004241E4614238EB00C7014703360036848
:10F9C000302B40F0C280D0E901431C440193A34294
:10F9D0003CD00F461546A023214602AA01A8E3F712
:10F9E00085F8002836D010F1620F47D1DDF8048089
:10F9F00044452BD0A12302AA214601A8E3F776F8BB
:10FA0000002840D010F1620F38D1019FBC421DD0B8
:10FA1000A22302AA214601A8E3F768F8002800F013
:10FA2000818010F1620F29D1019DAC420ED0A32339
:10FA300002AA214601A8E3F759F8002800F08780C0
:10FA400010F1620F1AD1019B9C4269D100200EB0C7
:10FA5000BDE8F081DDE9012301A802EB030805AA56
:10FA60004146E3F7E7F9002838D1394605A8EFF712
:10FA700069FE18B9019B4345BAD051E0A0F50C507E
:10FA80000EB0BDE8F081DDE9017305AA01A81F44AD
:10FA900008AB3946E3F772F9002852D1069A092AD1
:10FAA00068D10799354802F06BFB002862D1089BAA
:10FAB000302B4AD10A9B099A039303EB0208434572
:10FAC0005AD21B780CAA414603A80B930623E3F7EE
:10FAD0000DF838B1A0F50C50F0B1B8E7B0F50C5006
:10FAE000C3D0B4E7039B29460C9A0BA80D9313448B
:10FAF0000393EFF727FE0028ECD1039B98450BD02A
:10FB0000052303A804AA4146E2F7F0FF049B034340
:10FB1000E0D1039B984503D1019BBB423FF476AFF4
:10FB2000174894E7019D3246029B01A81D442946CF
:10FB3000E3F71EF80028A1D1019BAB423FF475AF5B
:10FB4000EEE7B0F50C50A9D081E70E487FE7DDE97C
:10FB500001530BAA01A81D442946E3F709F8002820
:10FB60008CD1019BAB42DBD10B9A012A3FF46CAFE5
:10FB700005486CE705486AE7054868E7D042002079
:10FB80009ADCFFFF9EDCFFFF00DDFFFF52DFFFFF7F
:10FB9000A0DCFFFF70B51546026882B08B1A002BFF
:10FBA00013DD167801AA0446E3F744F848B9236840
:10FBB000019AAB6023681344C5E90062236002B078
:10FBC00070BDA0F5125002B070BD0148F7E700BF4C
:10FBD00020DBFFFF2DE9F041DDF818801D46D8F845
:10FBE000003073BB17460E462A463946EFF73EFDF6
:10FBF000044670B92B78062B10D03368052B00D043
:10FC00002BBB7268144B002A18BF1C462046BDE867
:10FC1000F081A0F518542046BDE8F08108210120AC
:10FC200002F0C6FA0546A0B1031D394630462A4601
:10FC3000FFF7BCFE044630B92046C8F80050BDE8C6
:10FC4000F081064CE2E7284602F0B6FADEE7024C05
:10FC5000DCE7034CDAE700BF00DDFFFF00D8FFFF61
:10FC600080D7FFFF03682DE9F0471446CA1A82B017
:10FC7000002A40F3FD801A780546172A00F0F48028
:10FC8000182A40F0F3800426013301AA28462B608D
:10FC9000E2F7E0FE20B1A0F5105002B0BDE8F08719
:10FCA000019F06F108039F42C0F0DA802B682060B4
:10FCB00006EB030E1A789C460133303A092A00F20B
:10FCC000CF8021689E4501EB81014FEA410121600F
:10FCD0002B6013F8012CA2F130020A442260E9D112
:10FCE000022E05D1312AD8BF643202F26C72226032
:10FCF00000220CF1030C62601A7819460133303A85
:10FD0000092A00F2AD8062689C4502EB82024FEA4C
:10FD1000420262602B6013F801ECAEF1300E7244C7
:10FD20006260E9D101F103080021A16093F800C0ED
:10FD30009E460133ACF1300CBCF1090F00F290800B
:10FD4000A168984501EB81014FEA4101A1602B6058
:10FD500013F801CCACF1300C6144A160E6D14FF056
:10FD6000000C0EF1030EC4F80CC093F800C09846C6
:10FD70000133ACF1300CBCF1090F71D8D4F80CC0D0
:10FD80009E450CEB8C0C4FEA4C0CC4F80CC02B605D
:10FD900013F8019CA9F13009CC44C4F80CC0E4D19B
:10FDA0004FF0000E08F10308C4F810E093F800E0EB
:10FDB00099460133AEF1300EBEF1090F50D8D4F898
:10FDC00010E098450EEB8E0E4FEA4E0EC4F810E090
:10FDD0002B6013F801ACAAF1300AD644C4F810E045
:10FDE000E4D1BF1BA7F10806012E39D9002609F17D
:10FDF000030966619846013398F80060303E092E89
:10FE00002ED866694B4506EB86064FEA46066661C4
:10FE10002B6013F801ACAAF1300A56446661E9D1AF
:10FE20000B2FA7F10A0325D0D3B9236842F20F7430
:10FE3000A34215D8BCF1170F12D8BEF13B0F0FD853
:10FE40003B2E0DD80C2A0BD8012441F2AA55944020
:10FE50002C4217D01F23994202DC00293FF71DAF27
:10FE6000184802B0BDE8F08702260DE7164814E7EF
:10FE7000164812E798F801305A2BF1D108F1020325
:10FE80002B60D2E714F4256F01D01E23E3E7022A8A
:10FE9000E6D19A070BD10E4C0E4A04FB032204F163
:10FEA0008044013CB4EBB20F01D21D23D3E7094AD1
:10FEB000074C04FB0323084AB2EB331F2CBF1D235E
:10FEC0001C23C8E700DCFFFF9EDBFFFFA0DBFFFF7A
:10FED000295C8FC250B81E050AD7A30038B5036845
:10FEE0001546CA1A002A19DD1A7802F07F02022A82
:10FEF00012D15A1C044602602A461B7842F8043B81
:10FF0000E2F7A8FD28B922686B68AA601344236051
:10FF100038BDA0F50A5038BD014838BD014838BD8C
:10FF20001EDDFFFF20DDFFFF70B51546026882B0C1
:10FF30008A421BD016782A4643F0A003044642F8B2
:10FF4000046BE2F7D3FD08B102B070BD2268302324
:10FF50006E682046AA60164401AA3146E2F7C6FD43
:10FF600038B92368019A13449E4206D1002002B09A
:10FF700070BDA0F5145002B070BD0148E4E700BFA9
:10FF80009ADAFFFF2DE9F04186B0074610460022BD
:10FF90000D4605A91E469DF830800592EFF790FBAF
:10FFA00088B1244A2946384602F0F6F80446002C67
:10FFB0003DDBAC423BD2062EA5EB04050BD0204620
:10FFC00006B0BDE8F081059B29461B4A384602F081
:10FFD000E3F80446EBE74046EEF7F4FA0D9B804663
:10FFE0001878EEF7EFFA0646B8F1000F1BD040463E
:10FFF000EEF782FB0346C6B130460393EEF77CFB77
:02000004600298
:10000000039B0D990090381949680C4A01912946C3
:1000100002F0C2F800280ADBA84208D204442046B5
:1000200006B0BDE8F081034BE5E70248E9E7044C80
:10003000C5E700BFDC420020E8050020E0420020C8
:1000400080D6FFFF1346074A10B50C4602F0A4F80D
:10005000002805DBA04234BF0020012000B910BDFC
:10006000014810BDF842002080D6FFFF38B5054694
:1000700008460C46F0F7D2F9012811D006280FD017
:10008000831EDBB2022B15D862680123A96812789F
:10009000013A93400B420CBF4FF0FF30002038BDB7
:1000A0002046F0F77FF8EB6898424FF0FF3028BF0A
:1000B000002038BD4FF0FF3038BD00BF70B504469A
:1000C00096B090F828010E46EEF77CFA06AB05468E
:1000D000D4E90421EEF732FB00BBD4F82C112846FA
:1000E00094F8283194F8295105910493EEF7FCFA1D
:1000F00006AB06F1BC020599CDE900302846D4F8DC
:100100002051049B0395D4F824410294F0F788F819
:10011000003818BF0120404216B070BD4FF0FF30CC
:10012000FAE700BF2DE9F04105460E462A6833681C
:100130009A4243D173686A689A423FD1B168A8680D
:1001400002F01EF80746002838D1EC68D6F80C807B
:10015000444538D00C2C01D0132C2FD1B8F10C0F02
:1001600002D0B8F1130F29D132692B69934225D1FE
:1001700068697469B3B1013B00F1FF3C013C18446C
:100180001CF8013F14F801EF23F02002734583EAC5
:100190000E01A2F1410203D020290FD1192A0DD856
:1001A0006045EDD12A7F337F9A4207D1AD69B669A8
:1001B00055EA060304D00DB1002EB7D14FF0FF373A
:1001C0003846BDE8F08133692A699A42C2D1716923
:1001D000686901F0D5FF0028BCD1E3E72DE9F047BD
:1001E000002951D01546089A814600F14C079B1A08
:1001F0000C464FF0000848F2010A5E1C04F16C0145
:100200003846FFF78FFFF8B935B3A369022B23DC1B
:10021000D4F80031002B01DDB34215D32146484606
:10022000FFF74CFF80B904F1A400FFF7A1FA38B939
:1002300004F18C00FFF79EFA10B92046BDE8F08764
:10024000B8F1000F08BFA046D4F83041002CD5D13A
:1002500044462046BDE8F087D4F8FC30002BF3D0AC
:10026000D4F8F830590706D5D4F804315A07EBD53D
:1002700013EA0A0FE8D1D4F80031002B01DDB342B4
:10028000E2D3002DCFD0C9E70C46D6E7F8B54568D4
:1002900006460C4695423AD0204601F061FF022DF9
:1002A00032D9B7683B782A2B2ED17B782E2B2BD1D5
:1002B00050B3621EC4F1010E161801E0B24223D001
:1002C0000EEB020112F8013F2E2BF7D1E1B1013DF7
:1002D000401AA84218D1BC4604EB010E384401E094
:1002E0001EF8013F1CF8012F22F020019A4282EAF9
:1002F0000304A1F1410103D0202C05D1192903D811
:100300008445EDD10020F8BD4FF0FF30F8BD836883
:10031000002DF7D06719013903F1FF3E013F11F8B5
:10032000013F1EF801CF23F02002634583EA0C0051
:10033000A2F1410203D02028AED1192AACD88F42B5
:10034000EDD10020DFE700BF2DE9F0470F468EB06A
:10035000002B00F049811D469B691646804600939C
:100360001346A74A01F018FF041EC0F24481BC42A4
:1003700080F04181A0443C1B3346A24A21464046BE
:1003800001F00AFF0028C0F23681844240F2338136
:10039000241A804405F11C0221464046FFF772F9F9
:1003A0000028C0F22881844240F22581241A80442A
:1003B0003346954A2146404601F0EEFE0028C0F241
:1003C0001A81844240F21781241A804405F14C02BC
:1003D00021464046FFF7C0F80028C0F20C81844255
:1003E00040F20981241A80443346884A2146404617
:1003F00001F0D2FE0028C0F2FE80844240F2FB8071
:10040000241A804405F16C0221464046FFF7A4F807
:100410000028C0F2F080844240F2ED80D5F8A03090
:10042000241A80447A4A05932146D5F89C304046E8
:100430000493D5F898300393D5F894300293D5F807
:1004400090300193D5F88C300093334601F0A4FE30
:100450000028C0F2D080844240F2CD80D5F8B83078
:10046000241A80446B4A05932146D5F8B43040469F
:100470000493D5F8B0300393D5F8AC300293D5F897
:10048000A8300193D5F8A4300093334601F084FEE0
:100490000028C0F2B080844240F2AD80241A80442B
:1004A00033465D4A2146404601F076FE0028C0F200
:1004B000A280844240F29F80D5F82C31241A8044D7
:1004C00005F128020193214695F828314046009312
:1004D00095F82931FFF756FDB0F10009C0F28B8085
:1004E0004C4540F2888005F1BC0A5046EFF78CFF7E
:1004F0001221024609A8FFF7A5FD10B10EB0BDE814
:10050000F0875046A4EB0904EFF74CFEC84409AB52
:10051000424A2146CDE900303346404601F03CFED8
:10052000002868DB844266D9D5F8F830241A804464
:10053000DA051AD5D5F8FC104046394A394B00295E
:1005400008BF1346384A21460093334601F024FE83
:10055000002850DB84424ED9D5F80031241A80445B
:10056000002B00F32281D5F8F83098066CD4D9031B
:1005700000F1A5805A0700F1D2801B0540F10581EA
:1005800033462A4A2146404601F006FE002832DB67
:10059000A04230D2241A804405F58475244BDFF83C
:1005A00098A0244EDFF89C9012E0089A0092214611
:1005B0003246404601F0F0FD00281CDBA04280449A
:1005C000A4EB000417D2ED68002D00F0DE804B464E
:1005D00008A928460793EFF7F9F8079B0028E4D00D
:1005E000154ACDF820A0E1E7144A01F0D5FD002816
:1005F00001DBB84282D312480EB0BDE8F08700BFDD
:1006000034430020504300206843002080430020F2
:1006100098430020D04300200844002020440020BC
:100620000C4300200443002034440020C045002037
:10063000241D0020D8450020DC4200201443002067
:1006400080D6FFFF704200203346B84A214640461C
:1006500001F0A2FD0028CEDBA04234BF002201221F
:10066000002AC8D1241A804405F1E809B049DFF80E
:10067000D8A2D9F804309818A04280F08C81241AAE
:100680002AB14046904401F063FDD9F8043053B1DB
:100690000020D9F808301B5C013008F8013BD9F87C
:1006A00004309842F5D3D9F80C9002225146B9F1A2
:1006B000000FDED188F80090D5F8F83057E73346C0
:1006C0009C4A2146404601F067FD002893DBA0428A
:1006D00091D295F91831241A804495F81891002B7D
:1006E000934BC0F28A8119F0400F40F0778119F0E6
:1006F000200F40F0648119F0100F40F0518119F083
:10070000080F70D119F0040F5ED119F0020F79D1E2
:1007100019F0010F40F08580D5F8F8302AE733460C
:10072000854A2146404601F037FD0028FFF663AFB9
:10073000A042BFF460AFD5F80491241A80447C4BEA
:1007400019F0800F7BD119F0400F40F0878019F02D
:10075000200F40F0AF8019F0100F40F09C8019F08E
:10076000080F40F0098119F0040F40F0D08019F013
:10077000020F40F0BD8019F0010F40F0AA8019F47B
:10078000004F7AD1D5F8F830F7E66C4A214640465A
:1007900001F002FD0028FFF62EAFA042BFF42BAF00
:1007A000001B38440EB0BDE8F087013B644A214687
:1007B000404601F0F1FC0028FFF61DAF84427FF6B1
:1007C0001AAF241A8044CEE65E4A2146404601F024
:1007D000E3FC0028FFF60FAF84427FF60CAF241A2B
:1007E0008044594B91E7594A2146404601F0D4FCD8
:1007F0000028FFF600AF84427FF6FDAE241A804445
:10080000514B7FE7524A2146404601F0C5FC002883
:10081000FFF6F1AE84427FF6EEAE241A80444A4BD6
:1008200076E74C4A2146404601F0B6FC0028FFF628
:10083000E2AE84427FF6DFAE241A80446CE7464A7B
:100840002146404601F0A8FC0028FFF6D4AE8442C1
:100850007FF6D1AE241A80443B4B74E73F4A2146D1
:10086000404601F099FC0028FFF6C5AE84427FF6B1
:10087000C2AE241A8044344B69E7394A21464046C7
:1008800001F08AFC0028FFF6B6AE84427FF6B3AED4
:10089000241A804476E7334A2146404601F07CFC26
:1008A0000028FFF6A8AE84427FF6A5AE241A804445
:1008B000254B54E72C4A2146404601F06DFC0028A8
:1008C000FFF699AE84427FF696AE241A80441E4B02
:1008D00041E7264A2146404601F05EFC0028FFF62B
:1008E0008AAE84427FF687AE241A8044164B46E7D0
:1008F0001F4A2146404601F04FFC0028FFF67BAE20
:1009000084427FF678AE241A80440F4B33E7194AAD
:100910002146404601F040FC0028FFF66CAE8442C0
:100920007FF669AE241A8044074B20E76844002014
:10093000241D0020804400200C450020202200209F
:1009400054440020E044002070420020D4440020A1
:10095000EC440020F84400202445002038450020C5
:10096000B0450020604500204C450020A0450020F7
:100970009445002084450020274A2146404601F046
:100980000BFC0028FFF637AE84427FF634AE241A03
:100990008044224BE7E60023214888F80030ADE58B
:1009A000204A2146404601F0F7FB0028FFF623AE1F
:1009B00084427FF620AE241A8044184B9FE61A4AE0
:1009C0002146404601F0E8FB0028FFF614AE8442C1
:1009D0007FF611AE241A8044104B8CE6134A214650
:1009E000404601F0D9FB0028FFF605AE84427FF6B1
:1009F00002AE241A8044094B79E60D4A214640464E
:100A000001F0CAFB0028FFF6F6AD84427FF6F3AD95
:100A1000241A8044014B66E6744500207042002091
:100A200080D6FFFFC0440020B8440020A844002026
:100A3000984400202DE9F047DFF88CC082B08A4648
:100A4000064690461F461D4C0D464FF0010EDFF83E
:100A50007C9001E054F808EC1EEA070F2946434653
:100A60004A4630460ED0CDF800C001F095FBB0F1FB
:100A7000000C66441EDBAC45A5EB0C051AD254F8FD
:100A8000083C5F40D4F804C00834BCF1000FE1D149
:100A900027B9AAEB050002B0BDE8F0874346084A33
:100AA0003046294601F078FB002803DBA84201D23A
:100AB0002D1AEEE7034802B0BDE8F08728EA02608D
:100AC0001046002080D6FFFFE045002008460020A9
:100AD000D0F8F83013F004030DD0094BD0F80421FE
:100AE0000B40934309D122EA010248F20101054B70
:100AF0000A4208BF002318467047024BFBE700BFBD
:100B0000FE7FFFFF00D8FFFFF8B5D0F8F8300446AD
:100B100013F4006012D00F46164604F5847403E007
:100B2000042D0CD0E468D4B16568B542F8D1A06852
:100B30003246394601F024FB0028F1D1F8BDA36804
:100B40001A78552AEED15A7801331D2AEAD113F8C2
:100B5000012F252AE6D158780028EFD0E2E7014896
:100B6000F8BD00BF00D8FFFF38B5054601F1840489
:100B700001E0E46B94B1236983B12A6A9A42F8D107
:100B80006169686A01F0FCFA0028F2D104F11800EA
:100B9000FEF7EEFD0028ECD0012038BD002038BD66
:100BA0002DE9F04F2DED028BB1B0984608EE101AEA
:100BB00000213D9B83460B921CA8502219603C9C4F
:100BC00001F0AEFAB8F1000F00F0E981ACB12046B7
:100BD00001F0C6FADBF8F83006469D0640F1BF8109
:100BE0000BF1E805284632462146FFF74FFB20B1BE
:100BF000ED68002DF6D104231D930BF1BC010846CE
:100C00000491EFF70BFC01230138D8F80420049974
:100C10008340134200F0C5814046FFF727FA0028C1
:100C200040F0798100241CABA24607930A94079DEB
:100C30000BF1A400C5F800B0FEF79AFD631C089301
:100C400018B16B6843F001036B600BF18C00FEF789
:100C500091FD20B1079A536843F400735360BAF1D1
:100C6000000F40F0FE809BF828310122013B02FA80
:100C700003F3D8F80020134200F058819BF8293183
:100C80000122013B02FA03F3D8F80420134200F0DA
:100C90004781631C012B00F0C6800A9B012218EEDD
:100CA000101A584600932346FFF798FA0546002885
:100CB00000F0FF800BF16C010BF14C00FFF732FAF2
:100CC000002840F0AD800A9B01330A930123099369
:100CD00005F1BC0940464946FFF7C8F920B1079A1B
:100CE000536843F4803353600B9C002C00F0558113
:100CF0000CAFCDF818B0A369002B75D0E26A6B6C0D
:100D00009A4271D1A96C206B01F03AFA00286BD19C
:100D1000D5F8F830580709D5D5F80431990740F1CE
:100D2000F48048F20102134240F0EF8094F8E800AA
:100D30000121D8F80020431E01FA03F3134294F86E
:100D4000E9304FF0010203F1FF3308BF4AF4003AE3
:100D500002FA03F3D8F80420134208BF4AF4802AA9
:100D6000EDF730FC3B460646D4E90421EDF7E6FCFE
:100D7000002840F0CA8049464046FFF777F908B19D
:100D80004AF4803AD4F8EC10304694F8E83094F8FD
:100D9000E9B005910493EDF7A7FCD4F8E0200646EE
:100DA00058460392D4F8E4200097CDE90162DDE9CA
:100DB00004314A46EFF734FA002840F0A68004F1E7
:100DC0006C00FEF7D5FC08B14AF0200A04F154008B
:100DD000FEF7D0FC08B14AF4806A21460698FFF776
:100DE000C3FE002840F09480D4F8F040002C82D15B
:100DF00052460799AB464B6813434B6001F1080319
:100E0000DDE9084A079312E70A9B012218EE101A3F
:100E1000584600930023FFF7E1F90546002848D023
:100E20000123099354E70BF16C010BF14C00FFF720
:100E300079F90028E8D118EE105A002DE4D0DBF83B
:100E4000046003E0D5F83051002DDDD06B689E4280
:100E5000F8D1A9683246DBF8080001F091F90028C2
:100E6000F0D1089B1CAADDF8FC805D1E02EBC304D8
:100E7000DDE93D6754F8041C2A460CAB013D4046B1
:100E80000C912FB154F8081CB847002854D10C9984
:100E900033686A1CA4F1080443EA01033360E9D112
:100EA000002B424808BF002031B0BDEC028BBDE8EA
:100EB000F08F0A9A2346DBF8301158460092002240
:100EC000FFF78CF90546002843D0089B012B0CD076
:100ED0000BF16C010BF14C00FFF724F910B90A9BE0
:100EE00001330A93089B082B29D829465846FFF757
:100EF000E5F8099000283FF4EBAE079A536843F0F9
:100F00000803536000230993E2E64AF0100270E7F9
:100F10004AF002026DE71D9B43F480331D9381E686
:100F2000079A536843F400435360B2E6079A536844
:100F300043F480435360A1E610F51C5F00D11C48C8
:100F40004FF0FF333D9A136031B0BDEC028BBDE82A
:100F5000F08F079A536843F00803536081E70BF161
:100F60006C0503E0AD69002D3FF445AE6B68032BC3
:100F7000F8D1AB6818785528F4D159780133042991
:100F8000F0D15B78032BEDD105F10C003246214600
:100F9000FFF77CF90028E5D12FE60B9A29E70548F1
:100FA000CEE71D9B43F400431D9335E600D9FFFFB8
:100FB00000D0FFFF00D8FFFF10B584B00093069B60
:100FC000089C0193079B03940293024BFFF7E8FDF3
:100FD00004B010BDC8EA02604FF49A72002101F01B
:100FE0009FB800BF00286AD070B5064682B005469B
:100FF00005F1BC00EFF786F8D5F82C0101F0DCF81C
:101000006C6E54B120462021A4690190F0F744FF92
:10101000019801F0D1F8002CF4D1D5F8844054B1F6
:1010200020462021A4690190F0F736FF019801F0D5
:10103000C3F8002CF4D1D5F8144154B12046102146
:10104000E4680190F0F728FF019801F0B5F8002C52
:10105000F4D1D5F8F44054B120461021E468019051
:10106000F0F71AFF019801F0A7F8002CF4D1A86856
:1010700028B16968F0F710FFA86801F09DF8D5F86D
:101080003051002DB4D14FF49A713046D6F830412A
:10109000F0F702FF20464FF49A7174B1D4F8305142
:1010A000F0F7FAFEB44220462C46F3D001F084F863
:1010B00020464FF49A71002CF0D102B070BD7047F9
:1010C0002DE9F04F9DB0002800F0AB81B1FA81F519
:1010D00088466D09002900F0A48107469146044620
:1010E00005E0D4F830612546002E6ED03446A36961
:1010F000002BF6D10D930DF1340A10931393CDE923
:101100000E33CDE91133CDE9143310AB039313AB98
:101110000293302307AA08A8CDE90798C14449469D
:10112000E1F7E4FC002840F07F81089A079EA9EBD4
:101130000209B145C0F02F8132440120A2EB080B17
:101140005946C4F804B001F033F881460890A06015
:10115000002800F0FF8241465A4600F0F9FFABEB51
:10116000060309EB0B0607AA4B4408A83146636146
:1011700008933023E1F7BAFC8046002840F0118143
:1011800008A8DDE9073202EB0309636919AAA9EB94
:10119000030349462361A023E1F7A8FC8346002806
:1011A00038D010F1620F00F00E812046FFF71AFFD1
:1011B00015B10022C5F83021A74202D0204600F028
:1011C000FBFF58461DB0BDE8F08F4FF49A71012027
:1011D00000F0EEFFC4F83001002800F0BE824FF4AA
:1011E0009A72314600F09CFF10ABD4F830410DF1FB
:1011F000340A039313AB0D96109613960293CDE920
:101200000E66CDE91166CDE91466002C81D1DFF8B8
:10121000F4B5CEE7089A08A8199B02EB030804F17D
:1012200018024146E1F7A4FC002840F0C780089B63
:10123000984540F0988104F11C02494608A8FEF741
:101240004DFE83460028B0D104F128085346494694
:1012500008A84246FEF7A2FB83460028A5D1A36951
:10126000022B00F28C8101335146404604F5947202
:10127000A36104F59673009304F22913FEF7AAFC08
:101280008346002891D1089B07AA494608A8E36332
:101290003023E1F72BFC0346002840F0978004F14F
:1012A0004C0208A8DDE907311944FEF7E9FA834644
:1012B00000287FF47AAFE26B4946089B08A89B1A86
:1012C00019AAA3633023E1F711FC002800F08780FE
:1012D000B0F5105B7FF469AF089BA36407AA3023C5
:1012E000494608A8E1F702FC034600286ED1079B97
:1012F00053B1089904F16C0208A81944FEF7C0FA2A
:10130000834600287FF451AFA26C4946089B08A889
:101310009B1A04F1BC026364F0F7AAFC8346002820
:101320007FF443AFA3699A1E012A089A40F2828093
:10133000914530D1314608A8DDE90223FEF72EFBA6
:10134000834600287FF431AFE26A149B9A4240F052
:10135000E6811599206B00F013FF002840F0DF8133
:101360000E9A119B9A4240F0DA8132B112990F988D
:1013700000F006FF002840F0D28108A804F58E7224
:101380003146FEF707FC834600287FF40EAF089A2B
:1013900096423FF416AF2046DFF86CB4FFF722FE0A
:1013A00006E7A8F5065B2046FFF71CFEBBF1000F21
:1013B0007FF4FEAE58461DB0BDE8F08FB0F5085B77
:1013C0003FF439AFF1E6C4F8188034E7A3F5065BC3
:1013D0002046FFF707FEBBF1000FEBD0E8E6089AC6
:1013E00008A8199B02EB030804F18C024146FEF7A2
:1013F00039FC834600287FF4D8AE04F1A4024146AC
:1014000008A8FEF72FFC834600287FF4CEAE089B89
:1014100098453FF462AF2046DFF8F0B3FFF7E2FDF6
:10142000C6E6DFF8E0B3CCE62046DFF8E4B3FFF72A
:10143000D9FDBDE6914500F034811378494604F1A9
:10144000C80208A8C4F8C430A123E1F74FFB8346C3
:10145000002800F02A8110F1620F7FF4A6AE089AEE
:10146000A369991E01293FF663AF914500F01981E8
:101470001378494604F1D40208A8C4F8D030A22356
:10148000E1F734FB8346002800F0038110F1620F7E
:101490007FF48BAEA369032B6FD1032304F1DC022D
:1014A000494608A8FEF740FD8346002861D1089A06
:1014B00091454FD90490049B09AA494608A818935E
:1014C000CDE91633CDE90A333023E1F70FFB0028CD
:1014D00040F09081494608A8DDE9083203EB020A92
:1014E0001B7817AA16930623E1F700FB002840F0AB
:1014F0008181089B179A189313440893A9EB03035F
:10150000002B40F31C810AAA514608A8E1F706FB0C
:1015100010F1620F02D0002840F06C81042309AA68
:10152000514608A8E1F7E2FA002840F06381DDE9BE
:10153000082302EB0308C24540F009810BA916A855
:10154000EDF7D0FF20B30A9BCDF820A0EBB95246AF
:101550009145B0D891453FF4EDAE2046DFF8B4B2E6
:10156000FFF740FD24E62046DFF8ACB2FFF73AFD76
:101570001EE610F1620F7FF418AE089AD8E62046F6
:10158000DFF898B2FFF72EFD12E6DFF894B20CE612
:10159000D4F8F8100B9A11EA020340F028811143A5
:1015A000B2F5807FC4F8F81000F0E68056DC042A1B
:1015B00000F09280202A40F0DC803023514608A8B9
:1015C0000DEB0302E1F792FA002840F0CC80089A74
:1015D0000C9BD1181346884540F0B980904504F122
:1015E000E80A07D8AEE0089B199A13449845089377
:1015F00040F2A880A8EB0302002A40F3A08013F871
:1016000001BB19AA414608A80893E1F723FA00286C
:1016100040F0A9800BF0C003802BB6D1BBF1820F44
:10162000E1D1DAF8083073B1DAF80C30002B40F071
:10163000DE801021012000F0BBFDCAF80C0000285C
:1016400000F08E8082468223CAF80030199A089BE7
:10165000CAF80420CAF808301344C7E7B2F5006F8F
:101660002BD0B2F5803F40F08480514619AA08A8DB
:1016700019938DF868301B93E1F7AAFA002859D125
:10168000199B012B25D11B9B1B7884F81831089AD4
:101690005EE7089AD4F8D430C4F8D82013440893ED
:1016A000F8E6032B7FF446AEF7E6089AD4F8C83084
:1016B000C4F8CC201A440892D2E65146062304F519
:1016C000847208A8E1F7DEFAA0BBD4F81031002B31
:1016D000DDD1DFF850B168E5514619AA08A8199381
:1016E0008DF868301B93E1F773FA0346E8B919984F
:1016F0000028EED0DDF86CC01A46C4F804311CF89E
:1017000003104FEAC30E013301FA0EF1984242EA88
:101710000102C4F80421BAD0042BF0D1B7E7204667
:10172000DFF804B1FFF75EFC42E5B0F51450AED02F
:1017300083463AE5B0F51450A9D0834635E5DFF885
:10174000ECB032E5049A4345CAF80C209FD0DFF88C
:10175000C4B02AE5DFF8D8B02AE5DFF8D4B030E528
:10176000DFF8D0B021E5A0F5145000288FD08346D3
:101770001BE5DFF8C4B018E5C4E93F335146302318
:1017800019AA08A8E1F7B2F90028ECD1089A904507
:101790003FF4DEAE04F1FC02414608A80592E1F7F1
:1017A000BDF978B110F1620F059ADCD1414608A865
:1017B000E1F7DEF90028D6D1D4F8FC3013B10123CB
:1017C000C4F8FC30089A90453FF4C2AE04F580722C
:1017D000414608A8E1F7CCF90028C4D1089A904501
:1017E000B5D1D4F800310133C4F80031B0E6DFF8E8
:1017F0004CB0DAE4A0F5145BBBF1000F3FF4BDAED2
:10180000D3E400BF00D8FFFF1ADEFFFF9ADBFFFF23
:1018100080DEFFFF9ADAFFFF9ADDFFFF80DAFFFF2D
:101820009EDAFFFF9CDAFFFF80D9FFFFA0DAFFFFFF
:1018300080D7FFFF96DAFFFF80DFFFFF00DBFFFFAF
:101840002DE9F04F8BB0002872D00F4600296FD0E1
:10185000054614468AB38A1812F8016C6EBB3749E4
:10186000384600F065FC40B3012C5ED0B046B1466E
:10187000DFF8CCB0DFF8C4A0049607A8EEF708F9AB
:1018800006AB5A46514607A8CDF80090CDE9019322
:101890003B46EEF703F90246B8B110F5A45F42D01B
:1018A00010F5845F2ED1049B002B37D1B8F1000FC7
:1018B00041D040460BB0BDE8F08F2246394628465D
:1018C0000BB0BDE8F04FFFF7FBBB069B2846DDE9F8
:1018D0000712E41A1F44FFF7F3FB059007A8EEF781
:1018E00067FB059A4AB112F5225F06F101061AD08C
:1018F000B8F1000F08BF904601E001230493012CCA
:10190000BBD8D0E7B8F1000F08BF804607A8EEF7B4
:101910004FFB069B0136E41A1F44F0E7B0464046F1
:101920000BB0BDE8F08F9046C3E7DFF81880C0E742
:10193000DFF81480BDE7A8F51E58BAE73C46002042
:101940005846002080D8FFFF00D8FFFF704700BF37
:10195000704700BF704700BF00BF704710B44FF022
:10196000E023002110243148C3F8941DC3F89C4D96
:101970001124C3F8A00D2E48C3F89C4D1224C3F8BF
:10198000A00D2C48C3F89C4D2B4AC3F8A00D2B4C3E
:1019900042F015022A48C3F89C4DC3F8A00D294C0B
:1019A0002948C3F89C4DC3F8A00D284CC3F89C2DC2
:1019B0002748284AC3F8A04DC3F89C0DC3F8A02DB2
:1019C00002F5A022244C0C322448C3F89C4DC3F8E5
:1019D000A02D234AC3F89C0D224CC3F8A02D02F180
:1019E0004062C3F89C4D2048C3F8A02D0C32C3F8C8
:1019F0009C0DC3F8A02D00BF00BF00BF00BF00BFFB
:101A00000122C3F8942DBFF34F8FBFF36F8FC3F83C
:101A1000501FBFF34F8FBFF36F8FD3F8142D5DF8B6
:101A2000044B42F44032C3F8142D70473F000010BD
:101A3000250008070900100080C8002013002000BE
:101A400021000207140000202500081309000010DF
:101A50001600202027000B1317000040180000601C
:101A60002F000B07190000701A000080F0B5B84B6A
:101A70001822B84E0120B84F83B0C3F85C62B74952
:101A8000C3F86072B64DC3F86462A6F53046B54C33
:101A9000C3F86862C3F86C52C3F87052C3F874524A
:101AA000C3F8785248F20C75DA661A675A679A6773
:101AB000DA67C3F88020C3F88420C3F88820C1F80F
:101AC0002C03A94AC1F83003C1F83403C1F8380324
:101AD000C1F83C03C1F85003A169A44B0A40A448D3
:101AE000A4491343A44AA361D4F8843043F00C03FF
:101AF000C4F884304FF0FF34036843F002030360FE
:101B000003682B404FF400551A439C4B026044601D
:101B10008A689B4C13409B4A43F000538360C36820
:101B200023F07803C360036A134023430362036A0C
:101B30001340954A2343954C43628262C26200225D
:101B4000D1F8B83023F03F0343F00103C0F8B830B8
:101B5000D1F8BC308E4923F03F0343F00103C0F8B5
:101B6000BC3040F20563026105660467C0F880304E
:101B7000456644670224C0F88430036823F00203FA
:101B800003608161834B8449C46143F8042B8B4219
:101B9000FBD1774A136843F001031360136813F015
:101BA0000103FBD17A48022140F2F564906140F2D2
:101BB0009940D16140F26641C2F8004242F20144CC
:101BC000C2F810127549C2F82002C2F8301240F271
:101BD00035417348C2F83442C2F84012714CC2F821
:101BE000500242F201207049C2F854120121C2F899
:101BF0006042C2F864025E48C2F8A030C2F8A43065
:101C0000C2F8B0104369DA07FCD5012300244FF471
:101C1000803257494361C0F8A040C0F8A420C0F802
:101C2000B0304B69DB07FCD5012300244FF40030B2
:101C30004F4A4B61C1F8A040C1F8A400C1F8B030D0
:101C40005369DF07FCD501230024584848495361F4
:101C5000C2F8A040C2F8A400C2F8B0304B69DE0759
:101C6000FCD5D1F8003145F60D5221209BB24861D8
:101C7000934265D100244FF4802201233C48C1F8EF
:101C8000A040C1F8A420C1F8B0304369DD07FCD5FD
:101C900001234FF400040021354A4361C0F8A040FD
:101CA000C0F8A410C0F8B0305369DC07FCD501239C
:101CB0004FF400044FF480302D495361C2F8A04026
:101CC000C2F8A400C2F8B0304B69D807FCD5012394
:101CD0004FF400044FF40030254A4B61C1F8A04096
:101CE000C1F8A400C1F8B0305369D907FCD501236D
:101CF0004FF400042D481E495361C2F8A040C2F8B9
:101D0000A400C2F8B0304B69DA07FCD5D1F8003135
:101D100045F60D5221209BB24861934250D00825D0
:101D20004FF4000422490020224B234A00901570F2
:101D30005A1A01232148224400F0FEF903B0F0BDF5
:101D40001E4B0022C3E90022C3E9022203B0F0BD0A
:101D500000801F40F9B00100F910010000841F400D
:101D6000F970010000C00F40FFFCFF1F000300A03E
:101D700000402A4000802A401200FFFFFF37F70092
:101D80004000008000FFF07CFF000F836300020032
:101D9000F05AF05A00422A4000432A409F0418306B
:101DA000EB06180A3806180A06320126040003005A
:101DB000000000700000007037C8002064C00020E0
:101DC0004FF400044FF4802201230848C1F8A040DA
:101DD000C1F8A420C1F8B0304369DB07FCD501236A
:101DE00010254FF0807443619CE700BF00402A40FB
:101DF000F0B4154A40274FF480314FF480564FF429
:101E000000554FF4404443F24200136913F0020FAF
:101E10000ED113F4005F0FD013F4805F0ED0002BAF
:101E2000F3DA13F4803F0BD15B060BD5F0BC70479F
:101E3000946151619061E8E75561E6E75661E4E736
:101E40009161E2E75761E0E700800D403F4A0320DF
:101E50003F49F3EE095AD2F880304FF0000C9FED65
:101E60003D6A23F001039FED3C5A30B4C2F8803044
:101E7000C2F89000D1F8E010384DCBB2384C394858
:101E80002B6007EE903A0B0DC1F30B21F8EEE77AC9
:101E900006EE903A07EE101A334BB8EEC77A21607F
:101EA000F8EEE66A314937EEC66A37EEC55A76EE85
:101EB000C76A77EEE57A26EE266AC3ED006A25EE5C
:101EC000265AD2F8803067EEA64AC0ED007AC6EEF8
:101ED000275A274885EE276AC4EEA76A75EE875A07
:101EE000FCEEE55A36EE076A15EE904ABCEEC66A7D
:101EF00043EA045376EE877AC2F8803016EE103A41
:101F0000D2F89041FCEEE77A01EA0341214317EE53
:101F1000903AC2F89011C3F30B03D2F890110B431F
:101F20001449C2F89031D2F8803043F00203C2F86D
:101F30008030114B80F840C0C1F840314FF0E023B1
:101F4000012230BCC3F80821704700BF00810D405A
:101F500000441F400000AA420000B442DCC500203B
:101F6000D8C50020E0C50020E4C500200000FF0F18
:101F700000E400E0005C0020D5E10000314B40F6B9
:101F8000617210B5C3F8202140F2044400F008F952
:101F90002D4A2E49D2F880302D4843F00303C2F871
:101FA00080302C4BC1F8604102681A4203D1D1F84D
:101FB000A8319A071BD0254A4FF00041244B5963A2
:101FC000D2F8403143F00203C2F84031D2F8403138
:101FD0009B07FBD44FF400304FF0E0211C4B4FF037
:101FE0000042C1F88C0219209A6300F0D1F8184A17
:101FF0004FF08040154C002190630A20164B116071
:102000004FF42072C4F8A801184600F089F84FF484
:10201000800203464FF4810040F243111860C4F877
:1020200058311A640D4B0E4AC4F84811C3F8042203
:102030004FF0E0224FF400310123C2F80C11C4F834
:10204000403110BD00800D4000C00F4000002E4008
:1020500000900D40001C1E0000000020005C0020CD
:10206000BDE3000008B50E4B1B6E9B0700D4FBBE02
:1020700072B60C4B00200C4AC3F8400103F16043D8
:102080000A49A3F55F2311649D46BFF34F8F4FF4B8
:1020900000130748074ADB6902609B68984700BF46
:1020A00000441F4000002E4000C00A4003002000F2
:1020B00000802020000012EB104BA020104AD96EA7
:1020C00041F4403110B4D96640F23764D96E41F41E
:1020D0004071D96654649064936C1B06FCD4094A21
:1020E00040F23761A02351649364936C13F0800332
:1020F000FBD1054A13705DF8044B704700C00F40D8
:1021000000400C4000800C4036C80020F8B500BFED
:10211000F8BC08BC9E4670475FF800F0AD130100A4
:102120005FF800F0D91601005FF800F0E11501003A
:102130005FF800F0F91B01005FF800F0A1F4000067
:102140005FF800F0DDDE00005FF800F0A91E01007E
:102150005FF800F06DD900005FF800F08513010012
:102160005FF800F0812101005FF800F05D140100CC
:102170005FF800F0C1D400005FF800F05DD9000006
:102180005FF800F0811501005FF800F0451E0100C6
:102190005FF800F0B1D700005FF800F06D140100A7
:1021A0005FF800F02DEB00005FF800F009FF000081
:1021B0005FF800F0E1F800005FF800F081F900003E
:1021C0005FF800F0E5F5000045000000F92A000086
:0821D000753E00004DD3000034
:1021D80001000000020000000400000008000000E8
:1021E80010000000200000004000000080000000F7
:1021F8001B00000036000000637C777BF26B6FC524
:102208003001672BFED7AB76CA82C97DFA5947F0F1
:10221800ADD4A2AF9CA472C0B7FD9326363FF7CCCD
:1022280034A5E5F171D8311504C723C31896059A6A
:10223800071280E2EB27B27509832C1A1B6E5AA08D
:10224800523BD6B329E32F8453D100ED20FCB15B78
:102258006ACBBE394A4C58CFD0EFAAFB434D3385E1
:1022680045F9027F503C9FA851A3408F929D38F5B5
:10227800BCB6DA2110FFF3D2CD0C13EC5F974417EC
:10228800C4A77E3D645D197360814FDC222A908863
:1022980046EEB814DE5E0BDBE0323A0A4906245CEF
:1022A800C2D3AC629195E479E7C8376D8DD54EA954
:1022B8006C56F4EA657AAE08BA78252E1CA6B4C620
:1022C800E8DD741F4BBD8B8A703EB5664803F60E79
:1022D800613557B986C11D9EE1F8981169D98E9468
:1022E8009B1E87E9CE5528DF8CA1890DBFE6426881
:1022F80041992D0FB054BB1651F4A7507E41655338
:102308001A17A4C33A275E963BAB6BCB1F9D45F1CA
:10231800ACFA58AB4BE303932030FA55AD766DF623
:1023280088CC7691F5024C254FE5D7FCC52ACBD74A
:1023380026354480B562A38FDEB15A4925BA1B679A
:1023480045EA0E985DFEC0E1C32F7502814CF0127C
:102358008D4697A36BD3F9C6038F5FE715929C95BB
:10236800BF6D7AEB955259DAD4BE832D587421D3B8
:1023780049E069298EC9C84475C2896AF48E79789A
:1023880099583E6B27B971DDBEE14FB6F088AD179D
:10239800C920AC667DCE3AB463DF4A18E51A3182AB
:1023A8009751336062537F45B16477E0BB6BAE846D
:1023B800FE81A01CF9082B94704868588F45FD19B8
:1023C80094DE6C87527BF8B7AB73D323724B02E26F
:1023D800E31F8F576655AB2AB2EB28072FB5C20308
:1023E80086C57B9AD33708A5302887F223BFA5B2C4
:1023F80002036ABAED16825C8ACF1C2BA779B492C5
:10240800F307F2F04E69E2A165DAF4CD0605BED510
:10241800D134621FC4A6FE8A342E539DA2F355A060
:10242800058AE132A4F6EB750B83EC394060EFAA1C
:102438005E719F06BD6E10513E218AF996DD063DFC
:10244800DD3E05AE4DE6BD4691548DB571C45D05C2
:102458000406D46F605015FF1998FB24D6BDE99780
:10246800894043CC67D99E77B0E842BD07898B88FD
:10247800E7195B3879C8EEDBA17C0A477C420FE993
:10248800F8841EC90000000009808683322BED48BD
:102498001E1170AC6C5A724EFD0EFFFB0F8538563C
:1024A8003DAED51E362D39270A0FD964685CA621A2
:1024B8009B5B54D124362E3A0C0A67B19357E70F29
:1024C800B4EE96D21B9B919E80C0C54F61DC20A2C2
:1024D8005A774B691C121A16E293BA0AC0A02AE569
:1024E8003C22E043121B171D0E090D0BF28BC7ADE2
:1024F8002DB6A8B9141EA9C857F11985AF75074C90
:10250800EE99DDBBA37F60FDF701269F5C72F5BCE9
:1025180044663BC55BFB7E348B432976CB23C6DC04
:10252800B6EDFC68B8E4F163D731DCCA42638510C4
:102538001397224084C61120854A247DD2BB3DF8DA
:10254800AEF93211C729A16D1D9E2F4BDCB230F3B5
:102558000D8652EC77C1E3D02BB3166CA970B999EC
:10256800119448FA47E96422A8FC8CC4A0F03F1AE9
:10257800567D2CD8223390EF87494EC7D938D1C120
:102588008CCAA2FE98D40B36A6F581CFA57ADE2890
:10259800DAB78E263FADBFA42C3A9DE45078920D51
:1025A8006A5FCC9B547E4662F68D13C290D8B8E819
:1025B8002E39F75E82C3AFF59F5D80BE69D0937CEC
:1025C8006FD52DA9CF2512B3C8AC993B10187DA79C
:1025D800E89C636EDB3BBB7BCD2678096E5918F40B
:1025E800EC9AB701834F9AA8E6956E65AAFFE67E36
:1025F80021BCCF08EF15E8E6BAE79BD94A6F36CE7B
:10260800EA9F09D429B07CD631A4B2AF2A3F23313E
:10261800C6A5943035A266C0744EBC37FC82CAA6E3
:10262800E090D0B033A7D815F104984A41ECDAF716
:102638007FCD500E1791F62F764DD68D43EFB04DC6
:10264800CCAA4D54E49604DF9ED1B5E34C6A881BAE
:10265800C12C1FB84665517F9D5EEA04018C355D2B
:10266800FA877473FB0B412EB3671D5A92DBD25263
:10267800E91056336DD647139AD7618C37A10C7A77
:1026880059F8148EEB133C89CEA927EEB761C935EA
:10269800E11CE5ED7A47B13C9CD2DF5955F2733F16
:1026A8001814CE7973C737BF53F7CDEA5FFDAA5B1D
:1026B800DF3D6F147844DB86CAAFF381B968C43E46
:1026C8003824342CC2A3405F161DC372BCE2250C0B
:1026D800283C498BFF0D954139A80171080CB3DEE0
:1026E800D8B4E49C6456C1907BCB8461D532B67073
:1026F800486C5C74D0B85742F4A750514165537E7A
:1027080017A4C31A275E963AAB6BCB3B9D45F11FC6
:10271800FA58ABACE303934B30FA5520766DF6AD1F
:10272800CC769188024C25F5E5D7FC4F2ACBD7C546
:102738003544802662A38FB5B15A49DEBA1B672596
:10274800EA0E9845FEC0E15D2F7502C34CF0128178
:102758004697A38DD3F9C66B8F5FE703929C9515B7
:102768006D7AEBBF5259DA95BE832DD47421D358B4
:10277800E0692949C9C8448EC2896A758E7978F496
:10278800583E6B99B971DD27E14FB6BE88AD17F099
:1027980020AC66C9CE3AB47DDF4A18631A3182E5A7
:1027A80051336097537F45626477E0B16BAE84BB69
:1027B80081A01CFE082B94F94868587045FD198FB4
:1027C800DE6C87947BF8B75273D323AB4B02E2726B
:1027D8001F8F57E355AB2A66EB2807B2B5C2032F04
:1027E800C57B9A863708A5D32887F230BFA5B223C0
:1027F800036ABA0216825CEDCF1C2B8A79B492A7C1
:1028080007F2F0F369E2A14EDAF4CD6505BED5060C
:1028180034621FD1A6FE8AC42E539D34F355A0A25C
:102828008AE13205F6EB75A483EC390B60EFAA4018
:10283800719F065E6E1051BD218AF93EDD063D96F8
:102848003E05AEDDE6BD464D548DB591C45D0571BE
:1028580006D46F045015FF6098FB2419BDE997D67C
:102868004043CC89D99E7767E842BDB0898B8807F9
:10287800195B38E7C8EEDB797C0A47A1420FE97C8F
:10288800841EC9F800000000808683092BED4832B9
:102898001170AC1E5A724E6C0EFFFBFD8538560F38
:1028A800AED51E3D2D3927360FD9640A5CA621689E
:1028B8005B54D19B362E3A240A67B10C57E70F9325
:1028C800EE96D2B49B919E1BC0C54F80DC20A261BE
:1028D800774B695A121A161C93BA0AE2A02AE5C065
:1028E80022E0433C1B171D12090D0B0E8BC7ADF2DE
:1028F800B6A8B92D1EA9C814F119855775074CAF8C
:1029080099DDBBEE7F60FDA301269FF772F5BC5CE5
:10291800663BC544FB7E345B4329768B23C6DCCB00
:10292800EDFC68B6E4F163B831DCCAD763851042C0
:1029380097224013C61120844A247D85BB3DF8D2D6
:10294800F93211AE29A16DC79E2F4B1DB230F3DCB1
:102958008652EC0DC1E3D077B3166C2B70B999A9E8
:102968009448FA11E9642247FC8CC4A8F03F1AA0E5
:102978007D2CD8563390EF22494EC78738D1C1D91C
:10298800CAA2FE8CD40B3698F581CFA67ADE28A58C
:10299800B78E26DAADBFA43F3A9DE42C78920D504D
:1029A8005FCC9B6A7E4662548D13C2F6D8B8E89015
:1029B80039F75E2EC3AFF5825D80BE9FD0937C69E8
:1029C800D52DA96F2512B3CFAC993BC8187DA71098
:1029D8009C636EE83BBB7BDB267809CD5918F46E07
:1029E8009AB701EC4F9AA883956E65E6FFE67EAA32
:1029F800BCCF082115E8E6EFE79BD9BA6F36CE4A77
:102A08009F09D4EAB07CD629A4B2AF313F23312A3A
:102A1800A59430C6A266C0354EBC377482CAA6FCDF
:102A280090D0B0E0A7D8153304984AF1ECDAF74112
:102A3800CD500E7F91F62F174DD68D76EFB04D43C2
:102A4800AA4D54CC9604DFE4D1B5E39E6A881B4CAA
:102A58002C1FB8C165517F465EEA049D8C355D0127
:102A6800877473FA0B412EFB671D5AB3DBD252925F
:102A7800105633E9D647136DD7618C9AA10C7A3773
:102A8800F8148E59133C89EBA927EECE61C935B7E6
:102A98001CE5EDE147B13C7AD2DF599CF2733F5512
:102AA80014CE7918C737BF73F7CDEA53FDAA5B5F19
:102AB8003D6F14DF44DB8678AFF381CA68C43EB942
:102AC80024342C38A3405FC21DC37216E2250CBC07
:102AD8003C498B280D9541FFA80171390CB3DE08DC
:102AE800B4E49CD856C19064CB84617B32B670D56F
:102AF8006C5C7448B85742D05051F4A7537E416576
:102B0800C31A17A4963A275ECB3BAB6BF11F9D45C2
:102B1800ABACFA58934BE303552030FAF6AD766D1B
:102B28009188CC7625F5024CFC4FE5D7D7C52ACB42
:102B3800802635448FB562A349DEB15A6725BA1B92
:102B48009845EA0EE15DFEC002C32F7512814CF074
:102B5800A38D4697C66BD3F9E7038F5F9515929CB3
:102B6800EBBF6D7ADA9552592DD4BE83D3587421B0
:102B78002949E069448EC9C86A75C28978F48E7992
:102B88006B99583EDD27B971B6BEE14F17F088AD95
:102B980066C920ACB47DCE3A1863DF4A82E51A31A3
:102BA800609751334562537FE0B1647784BB6BAE65
:102BB8001CFE81A094F9082B58704868198F45FDB0
:102BC8008794DE6CB7527BF823AB73D3E2724B0267
:102BD80057E31F8F2A6655AB07B2EB28032FB5C200
:102BE8009A86C57BA5D33708F2302887B223BFA5BC
:102BF800BA02036A5CED16822B8ACF1C92A779B4BD
:102C0800F0F307F2A14E69E2CD65DAF4D50605BE08
:102C18001FD134628AC4A6FE9D342E53A0A2F35558
:102C280032058AE175A4F6EB390B83ECAA4060EF14
:102C3800065E719F51BD6E10F93E218A3D96DD06F4
:102C4800AEDD3E05464DE6BDB591548D0571C45DBA
:102C58006F0406D4FF605015241998FB97D6BDE978
:102C6800CC8940437767D99EBDB0E8428807898BF5
:102C780038E7195BDB79C8EE47A17C0AE97C420F8B
:102C8800C9F8841E000000008309808648322BEDB5
:102C9800AC1E11704E6C5A72FBFD0EFF560F853834
:102CA8001E3DAED527362D39640A0FD921685CA69A
:102CB800D19B5B543A24362EB10C0A670F9357E721
:102CC800D2B4EE969E1B9B914F80C0C5A261DC20BA
:102CD800695A774B161C121A0AE293BAE5C0A02A61
:102CE800433C22E01D121B170B0E090DADF28BC7DA
:102CF800B92DB6A8C8141EA98557F1194CAF750788
:102D0800BBEE99DDFDA37F609FF70126BC5C72F5E1
:102D1800C544663B345BFB7E768B4329DCCB23C6FC
:102D280068B6EDFC63B8E4F1CAD731DC10426385BC
:102D3800401397222084C6117D854A24F8D2BB3DD2
:102D480011AEF9326DC729A14B1D9E2FF3DCB230AD
:102D5800EC0D8652D077C1E36C2BB31699A970B9E4
:102D6800FA1194482247E964C4A8FC8C1AA0F03FE1
:102D7800D8567D2CEF223390C787494EC1D938D118
:102D8800FE8CCAA23698D40BCFA6F58128A57ADE88
:102D980026DAB78EA43FADBFE42C3A9D0D50789249
:102DA8009B6A5FCC62547E46C2F68D13E890D8B811
:102DB8005E2E39F7F582C3AFBE9F5D807C69D093E4
:102DC800A96FD52DB3CF25123BC8AC99A710187D94
:102DD8006EE89C637BDB3BBB09CD2678F46E591803
:102DE80001EC9AB7A8834F9A65E6956E7EAAFFE62E
:102DF8000821BCCFE6EF15E8D9BAE79BCE4A6F3673
:102E0800D4EA9F09D629B07CAF31A4B2312A3F2336
:102E180030C6A594C035A26637744EBCA6FC82CADB
:102E2800B0E090D01533A7D84AF10498F741ECDA0E
:102E38000E7FCD502F1791F68D764DD64D43EFB0BE
:102E480054CCAA4DDFE49604E39ED1B51B4C6A88A6
:102E5800B8C12C1F7F466551049D5EEA5D018C3523
:102E680073FA87742EFB0B415AB3671D5292DBD25B
:102E780033E91056136DD6478C9AD7617A37A10C6F
:102E88008E59F81489EB133CEECEA92735B761C9E2
:102E9800EDE11CE53C7A47B1599CD2DF3F55F2730E
:102EA800791814CEBF73C737EA53F7CD5B5FFDAA15
:102EB80014DF3D6F867844DB81CAAFF33EB968C43E
:102EC8002C3824345FC2A34072161DC30CBCE22503
:102ED8008B283C4941FF0D957139A801DE080CB3D8
:102EE8009CD8B4E4906456C1617BCB8470D532B66B
:102EF80074486C5C42D0B857A75051F465537E4172
:102F0800A4C31A175E963A276BCB3BAB45F11F9DBE
:102F180058ABACFA03934BE3FA5520306DF6AD7617
:102F2800769188CC4C25F502D7FC4FE5CBD7C52A3E
:102F380044802635A38FB5625A49DEB11B6725BA8E
:102F48000E9845EAC0E15DFE7502C32FF012814C70
:102F580097A38D46F9C66BD35FE7038F9C951592AF
:102F68007AEBBF6D59DA9552832DD4BE21D35874AC
:102F7800692949E0C8448EC9896A75C27978F48E8E
:102F88003E6B995871DD27B94FB6BEE1AD17F08891
:102F9800AC66C9203AB47DCE4A1863DF3182E51A9F
:102FA800336097517F45625377E0B164AE84BB6B61
:102FB800A01CFE812B94F90868587048FD198F45AC
:102FC8006C8794DEF8B7527BD323AB7302E2724B63
:102FD8008F57E31FAB2A66552807B2EBC2032FB5FC
:102FE8007B9A86C508A5D33787F23028A5B223BFB8
:102FF8006ABA0203825CED161C2B8ACFB492A779B9
:10300800F2F0F307E2A14E69F4CD65DABED5060504
:10301800621FD134FE8AC4A6539D342E55A0A2F354
:10302800E132058AEB75A4F6EC390B83EFAA406010
:103038009F065E711051BD6E8AF93E21063D96DDF0
:1030480005AEDD3EBD464DE68DB591545D0571C4B6
:10305800D46F040615FF6050FB241998E997D6BD74
:1030680043CC89409E7767D942BDB0E88B880789F1
:103078005B38E719EEDB79C80A47A17C0FE97C4287
:103088001EC9F8840000000086830980ED48322BB1
:1030980070AC1E11724E6C5AFFFBFD0E38560F8530
:1030A800D51E3DAE3927362DD9640A0FA621685C96
:1030B80054D19B5B2E3A243667B10C0AE70F93571D
:1030C80096D2B4EE919E1B9BC54F80C020A261DCB6
:1030D8004B695A771A161C12BA0AE2932AE5C0A05D
:1030E800E0433C22171D121B0D0B0E09C7ADF28BD6
:1030F800A8B92DB6A9C8141E198557F1074CAF7584
:10310800DDBBEE9960FDA37F269FF701F5BC5C72DD
:103118003BC544667E345BFB29768B43C6DCCB23F8
:10312800FC68B6EDF163B8E4DCCAD73185104263B8
:1031380022401397112084C6247D854A3DF8D2BBCE
:103148003211AEF9A16DC7292F4B1D9E30F3DCB2A9
:1031580052EC0D86E3D077C1166C2BB3B999A970E0
:1031680048FA1194642247E98CC4A8FC3F1AA0F0DD
:103178002CD8567D90EF22334EC78749D1C1D93814
:10318800A2FE8CCA0B3698D481CFA6F5DE28A57A84
:103198008E26DAB7BFA43FAD9DE42C3A920D507845
:1031A800CC9B6A5F4662547E13C2F68DB8E890D80D
:1031B800F75E2E39AFF582C380BE9F5D937C69D0E0
:1031C8002DA96FD512B3CF25993BC8AC7DA7101890
:1031D800636EE89CBB7BDB3B7809CD2618F46E59FF
:1031E800B701EC9A9AA8834F6E65E695E67EAAFF2A
:1031F800CF0821BCE8E6EF159BD9BAE736CE4A6F6F
:1032080009D4EA9F7CD629B0B2AF31A423312A3F32
:103218009430C6A566C035A2BC37744ECAA6FC82D7
:10322800D0B0E090D81533A7984AF104DAF741EC0A
:10323800500E7FCDF62F1791D68D764DB04D43EFBA
:103248004D54CCAA04DFE496B5E39ED1881B4C6AA2
:103258001FB8C12C517F4665EA049D5E355D018C1F
:103268007473FA87412EFB0B1D5AB367D25292DB57
:103278005633E91047136DD6618C9AD70C7A37A16B
:10328800148E59F83C89EB1327EECEA9C935B761DE
:10329800E5EDE11CB13C7A47DF599CD2733F55F20A
:1032A800CE79181437BF73C7CDEA53F7AA5B5FFD11
:1032B8006F14DF3DDB867844F381CAAFC43EB9683A
:1032C800342C3824405FC2A3C372161D250CBCE2FF
:1032D800498B283C9541FF0D017139A8B3DE080CD4
:1032E800E49CD8B4C190645684617BCBB670D53267
:1032F8005C74486C5742D0B8C66363A5F87C7C847C
:10330800EE777799F67B7B8DFFF2F20DD66B6BBD6E
:10331800DE6F6FB191C5C5546030305002010103B2
:10332800CE6767A9562B2B7DE7FEFE19B5D7D76266
:103338004DABABE6EC76769A8FCACA451F82829D62
:1033480089C9C940FA7D7D87EFFAFA15B25959EB58
:103358008E4747C9FBF0F00B41ADADECB3D4D46751
:103368005FA2A2FD45AFAFEA239C9CBF53A4A4F77C
:10337800E47272969BC0C05B75B7B7C2E1FDFD1CD5
:103388003D9393AE4C26266A6C36365A7E3F3F41B3
:10339800F5F7F70283CCCC4F6834345C51A5A5F41B
:1033A800D1E5E534F9F1F108E2717193ABD8D8733E
:1033B800623131532A15153F0804040C95C7C752CA
:1033C800462323659DC3C35E30181828379696A1F7
:1033D8000A05050F2F9A9AB50E0707092412123607
:1033E8001B80809BDFE2E23DCDEBEB264E27276971
:1033F8007FB2B2CDEA75759F1209091B1D83839EA2
:10340800582C2C74341A1A2E361B1B2DDC6E6EB2F7
:10341800B45A5AEE5BA0A0FBA45252F6763B3B4D41
:10342800B7D6D6617DB3B3CE5229297BDDE3E33E1F
:103438005E2F2F7113848497A65353F5B9D1D168A1
:1034480000000000C1EDED2C40202060E3FCFC1FD3
:1034580079B1B1C8B65B5BEDD46A6ABE8DCBCB4699
:1034680067BEBED97239394B944A4ADE984C4CD45F
:10347800B05858E885CFCF4ABBD0D06BC5EFEF2AFC
:103488004FAAAAE5EDFBFB16864343C59A4D4DD7D7
:1034980066333355118585948A4545CFE9F9F91086
:1034A80004020206FE7F7F81A05050F0783C3C4425
:1034B800259F9FBA4BA8A8E3A25151F35DA3A3FE91
:1034C800804040C0058F8F8A3F9292AD219D9DBC60
:1034D80070383848F1F5F50463BCBCDF77B6B6C17F
:1034E800AFDADA754221216320101030E5FFFF1AA8
:1034F800FDF3F30EBFD2D26D81CDCD4C180C0C1458
:1035080026131335C3ECEC2FBE5F5FE1359797A206
:10351800884444CC2E17173993C4C45755A7A7F22B
:10352800FC7E7E827A3D3D47C86464ACBA5D5DE747
:103538003219192BE6737395C06060A019818198C0
:103548009E4F4FD1A3DCDC7F44222266542A2A7E78
:103558003B9090AB0B8888838C4646CAC7EEEE2911
:103568006BB8B8D32814143CA7DEDE79BC5E5EE2E3
:10357800160B0B1DADDBDB76DBE0E03B643232562D
:10358800743A3A4E140A0A1E924949DB0C06060A96
:103598004824246CB85C5CE49FC2C25DBDD3D36E82
:1035A80043ACACEFC46262A6399191A8319595A459
:1035B800D3E4E437F279798BD5E7E7328BC8C8438F
:1035C8006E373759DA6D6DB7018D8D8CB1D5D564ED
:1035D8009C4E4ED249A9A9E0D86C6CB4AC5656FAA8
:1035E800F3F4F407CFEAEA25CA6565AFF47A7A8E70
:1035F80047AEAEE9100808186FBABAD5F0787888DF
:103608004A25256F5C2E2E72381C1C2457A6A6F15D
:1036180073B4B4C797C6C651CBE8E823A1DDDD7CF7
:10362800E874749C3E1F1F21964B4BDD61BDBDDCC9
:103638000D8B8B860F8A8A85E07070907C3E3E42A7
:1036480071B5B5C4CC6666AA904848D80603030588
:10365800F7F6F6011C0E0E12C26161A36A35355FDA
:10366800AE5757F969B9B9D01786869199C1C1582B
:103678003A1D1D27279E9EB9D9E1E138EBF8F813CA
:103688002B9898B322111133D26969BBA9D9D97083
:10369800078E8E89339494A72D9B9BB63C1E1E22C1
:1036A80015878792C9E9E92087CECE49AA5555FFE3
:1036B80050282878A5DFDF7A038C8C8F59A1A1F8D0
:1036C800098989801A0D0D1765BFBFDAD7E6E6317B
:1036D800844242C6D06868B8824141C3299999B0EA
:1036E8005A2D2D771E0F0F117BB0B0CBA85454FC68
:1036F8006DBBBBD62C16163A6363A5C67C7C84F8D2
:10370800777799EE7B7B8DF6F2F20DFF6B6BBDD66A
:103718006F6FB1DEC5C554913030506001010302AE
:103728006767A9CE2B2B7D56FEFE19E7D7D762B562
:10373800ABABE64D76769AECCACA458F82829D1F5E
:10374800C9C940897D7D87FAFAFA15EF5959EBB254
:103758004747C98EF0F00BFBADADEC41D4D467B34D
:10376800A2A2FD5FAFAFEA459C9CBF23A4A4F75378
:10377800727296E4C0C05B9BB7B7C275FDFD1CE1D1
:103788009393AE3D26266A4C36365A6C3F3F417EAF
:10379800F7F702F5CCCC4F8334345C68A5A5F45117
:1037A800E5E534D1F1F108F9717193E2D8D873AB3A
:1037B8003131536215153F2A04040C08C7C75295C6
:1037C80023236546C3C35E9D181828309696A137F3
:1037D80005050F0A9A9AB52F0707090E1212362403
:1037E80080809B1BE2E23DDFEBEB26CD2727694E6D
:1037F800B2B2CD7F75759FEA09091B1283839E1D9E
:103808002C2C74581A1A2E341B1B2D366E6EB2DCF3
:103818005A5AEEB4A0A0FB5B5252F6A43B3B4D763D
:10382800D6D661B7B3B3CE7D29297B52E3E33EDD1B
:103838002F2F715E848497135353F5A6D1D168B99D
:1038480000000000EDED2CC120206040FCFC1FE3CF
:10385800B1B1C8795B5BEDB66A6ABED4CBCB468D95
:10386800BEBED96739394B724A4ADE944C4CD4985B
:103878005858E8B0CFCF4A85D0D06BBBEFEF2AC5F8
:10388800AAAAE54FFBFB16ED4343C5864D4DD79AD3
:1038980033335566858594114545CF8AF9F910E982
:1038A800020206047F7F81FE5050F0A03C3C447821
:1038B8009F9FBA25A8A8E34B5151F3A2A3A3FE5D8D
:1038C8004040C0808F8F8A059292AD3F9D9DBC215C
:1038D80038384870F5F504F1BCBCDF63B6B6C1777B
:1038E800DADA75AF2121634210103020FFFF1AE5A4
:1038F800F3F30EFDD2D26DBFCDCD4C810C0C141854
:1039080013133526ECEC2FC35F5FE1BE9797A23502
:103918004444CC881717392EC4C45793A7A7F25527
:103928007E7E82FC3D3D477A6464ACC85D5DE7BA43
:1039380019192B32737395E66060A0C081819819BC
:103948004F4FD19EDCDC7FA3222266442A2A7E5474
:103958009090AB3B8888830B4646CA8CEEEE29C70D
:10396800B8B8D36B14143C28DEDE79A75E5EE2BCDF
:103978000B0B1D16DBDB76ADE0E03BDB3232566429
:103988003A3A4E740A0A1E144949DB9206060A0C92
:1039980024246C485C5CE4B8C2C25D9FD3D36EBD7E
:1039A800ACACEF436262A6C49191A8399595A43155
:1039B800E4E437D379798BF2E7E732D5C8C8438B8B
:1039C8003737596E6D6DB7DA8D8D8C01D5D564B1E9
:1039D8004E4ED29CA9A9E0496C6CB4D85656FAACA4
:1039E800F4F407F3EAEA25CF6565AFCA7A7A8EF46C
:1039F800AEAEE94708081810BABAD56F787888F0DB
:103A080025256F4A2E2E725C1C1C2438A6A6F15759
:103A1800B4B4C773C6C65197E8E823CBDDDD7CA1F3
:103A280074749CE81F1F213E4B4BDD96BDBDDC61C5
:103A38008B8B860D8A8A850F707090E03E3E427CA3
:103A4800B5B5C4716666AACC4848D8900303050684
:103A5800F6F601F70E0E121C6161A3C235355F6AD6
:103A68005757F9AEB9B9D06986869117C1C1589927
:103A78001D1D273A9E9EB927E1E138D9F8F813EBC6
:103A88009898B32B111133226969BBD2D9D970A97F
:103A98008E8E89079494A7339B9BB62D1E1E223CBD
:103AA80087879215E9E920C9CECE49875555FFAADF
:103AB80028287850DFDF7AA58C8C8F03A1A1F859CC
:103AC800898980090D0D171ABFBFDA65E6E631D777
:103AD8004242C6846868B8D04141C3829999B029E6
:103AE8002D2D775A0F0F111EB0B0CB7B5454FCA864
:103AF800BBBBD66D16163A2CA5C6636384F87C7CCE
:103B080099EE77778DF67B7B0DFFF2F2BDD66B6B66
:103B1800B1DE6F6F5491C5C55060303003020101AA
:103B2800A9CE67677D562B2B19E7FEFE62B5D7D75E
:103B3800E64DABAB9AEC7676458FCACA9D1F82825A
:103B48004089C9C987FA7D7D15EFFAFAEBB2595950
:103B5800C98E47470BFBF0F0EC41ADAD67B3D4D449
:103B6800FD5FA2A2EA45AFAFBF239C9CF753A4A474
:103B780096E472725B9BC0C0C275B7B71CE1FDFDCD
:103B8800AE3D93936A4C26265A6C3636417E3F3FAB
:103B980002F5F7F74F83CCCC5C683434F451A5A513
:103BA80034D1E5E508F9F1F193E2717173ABD8D836
:103BB800536231313F2A15150C0804045295C7C7C2
:103BC800654623235E9DC3C328301818A1379696EF
:103BD8000F0A0505B52F9A9A090E070736241212FF
:103BE8009B1B80803DDFE2E226CDEBEB694E272769
:103BF800CD7FB2B29FEA75751B1209099E1D83839A
:103C080074582C2C2E341A1A2D361B1BB2DC6E6EEF
:103C1800EEB45A5AFB5BA0A0F6A452524D763B3B39
:103C280061B7D6D6CE7DB3B37B5229293EDDE3E317
:103C3800715E2F2F97138484F5A6535368B9D1D199
:103C4800000000002CC1EDED604020201FE3FCFCCB
:103C5800C879B1B1EDB65B5BBED46A6A468DCBCB91
:103C6800D967BEBE4B723939DE944A4AD4984C4C57
:103C7800E8B058584A85CFCF6BBBD0D02AC5EFEFF4
:103C8800E54FAAAA16EDFBFBC5864343D79A4D4DCF
:103C98005566333394118585CF8A454510E9F9F97E
:103CA8000604020281FE7F7FF0A0505044783C3C1D
:103CB800BA259F9FE34BA8A8F3A25151FE5DA3A389
:103CC800C08040408A058F8FAD3F9292BC219D9D58
:103CD8004870383804F1F5F5DF63BCBCC177B6B677
:103CE80075AFDADA63422121302010101AE5FFFFA0
:103CF8000EFDF3F36DBFD2D24C81CDCD14180C0C50
:103D0800352613132FC3ECECE1BE5F5FA2359797FE
:103D1800CC884444392E17175793C4C4F255A7A723
:103D280082FC7E7E477A3D3DACC86464E7BA5D5D3F
:103D38002B32191995E67373A0C0606098198181B8
:103D4800D19E4F4F7FA3DCDC664422227E542A2A70
:103D5800AB3B9090830B8888CA8C464629C7EEEE09
:103D6800D36BB8B83C28141479A7DEDEE2BC5E5EDB
:103D78001D160B0B76ADDBDB3BDBE0E05664323225
:103D88004E743A3A1E140A0ADB9249490A0C06068E
:103D98006C482424E4B85C5C5D9FC2C26EBDD3D37A
:103DA800EF43ACACA6C46262A8399191A431959551
:103DB80037D3E4E48BF2797932D5E7E7438BC8C887
:103DC800596E3737B7DA6D6D8C018D8D64B1D5D5E5
:103DD800D29C4E4EE049A9A9B4D86C6CFAAC5656A0
:103DE80007F3F4F425CFEAEAAFCA65658EF47A7A68
:103DF800E947AEAE18100808D56FBABA88F07878D7
:103E08006F4A2525725C2E2E24381C1CF157A6A655
:103E1800C773B4B45197C6C623CBE8E87CA1DDDDEF
:103E28009CE87474213E1F1FDD964B4BDC61BDBDC1
:103E3800860D8B8B850F8A8A90E07070427C3E3E9F
:103E4800C471B5B5AACC6666D89048480506030380
:103E580001F7F6F6121C0E0EA3C261615F6A3535D2
:103E6800F9AE5757D069B9B9911786865899C1C123
:103E7800273A1D1DB9279E9E38D9E1E113EBF8F8C2
:103E8800B32B989833221111BBD2696970A9D9D97B
:103E980089078E8EA7339494B62D9B9B223C1E1EB9
:103EA8009215878720C9E9E94987CECEFFAA5555DB
:103EB800785028287AA5DFDF8F038C8CF859A1A1C8
:103EC80080098989171A0D0DDA65BFBF31D7E6E673
:103ED800C6844242B8D06868C3824141B0299999E2
:103EE800775A2D2D111E0F0FCB7BB0B0FCA8545460
:103EF800D66DBBBB3A2C161663A5C6637C84F87CCA
:103F08007799EE777B8DF67BF20DFFF26BBDD66B62
:103F18006FB1DE6FC55491C53050603001030201A6
:103F280067A9CE672B7D562BFE19E7FED762B5D75A
:103F3800ABE64DAB769AEC76CA458FCA829D1F8256
:103F4800C94089C97D87FA7DFA15EFFA59EBB2594C
:103F580047C98E47F00BFBF0ADEC41ADD467B3D445
:103F6800A2FD5FA2AFEA45AF9CBF239CA4F753A470
:103F78007296E472C05B9BC0B7C275B7FD1CE1FDC9
:103F880093AE3D93266A4C26365A6C363F417E3FA7
:103F9800F702F5F7CC4F83CC345C6834A5F451A50F
:103FA800E534D1E5F108F9F17193E271D873ABD832
:103FB80031536231153F2A15040C0804C75295C7BE
:103FC80023654623C35E9DC31828301896A13796EB
:103FD800050F0A059AB52F9A07090E0712362412FB
:103FE800809B1B80E23DDFE2EB26CDEB27694E2765
:103FF800B2CD7FB2759FEA75091B1209839E1D8396
:104008002C74582C1A2E341A1B2D361B6EB2DC6EEB
:104018005AEEB45AA0FB5BA052F6A4523B4D763B35
:10402800D661B7D6B3CE7DB3297B5229E33EDDE313
:104038002F715E2F8497138453F5A653D168B9D195
:1040480000000000ED2CC1ED20604020FC1FE3FCC7
:10405800B1C879B15BEDB65B6ABED46ACB468DCB8D
:10406800BED967BE394B72394ADE944A4CD4984C53
:1040780058E8B058CF4A85CFD06BBBD0EF2AC5EFF0
:10408800AAE54FAAFB16EDFB43C586434DD79A4DCB
:10409800335566338594118545CF8A45F910E9F97A
:1040A800020604027F81FE7F50F0A0503C44783C19
:1040B8009FBA259FA8E34BA851F3A251A3FE5DA385
:1040C80040C080408F8A058F92AD3F929DBC219D54
:1040D80038487038F504F1F5BCDF63BCB6C177B673
:1040E800DA75AFDA2163422110302010FF1AE5FF9C
:1040F800F30EFDF3D26DBFD2CD4C81CD0C14180C4C
:1041080013352613EC2FC3EC5FE1BE5F97A23597FA
:1041180044CC884417392E17C45793C4A7F255A71F
:104128007E82FC7E3D477A3D64ACC8645DE7BA5D3B
:10413800192B32197395E67360A0C06081981981B4
:104148004FD19E4FDC7FA3DC226644222A7E542A6C
:1041580090AB3B9088830B8846CA8C46EE29C7EE05
:10416800B8D36BB8143C2814DE79A7DE5EE2BC5ED7
:104178000B1D160BDB76ADDBE03BDBE03256643221
:104188003A4E743A0A1E140A49DB9249060A0C068A
:10419800246C48245CE4B85CC25D9FC2D36EBDD376
:1041A800ACEF43AC62A6C46291A8399195A431954D
:1041B800E437D3E4798BF279E732D5E7C8438BC883
:1041C80037596E376DB7DA6D8D8C018DD564B1D5E1
:1041D8004ED29C4EA9E049A96CB4D86C56FAAC569C
:1041E800F407F3F4EA25CFEA65AFCA657A8EF47A64
:1041F800AEE947AE08181008BAD56FBA7888F078D3
:10420800256F4A252E725C2E1C24381CA6F157A651
:10421800B4C773B4C65197C6E823CBE8DD7CA1DDEB
:10422800749CE8741F213E1F4BDD964BBDDC61BDBD
:104238008B860D8B8A850F8A7090E0703E427C3E9B
:10424800B5C471B566AACC6648D89048030506037C
:10425800F601F7F60E121C0E61A3C261355F6A35CE
:1042680057F9AE57B9D069B986911786C15899C11F
:104278001D273A1D9EB9279EE138D9E1F813EBF8BE
:1042880098B32B981133221169BBD269D970A9D977
:104298008E89078E94A733949BB62D9B1E223C1EB5
:1042A80087921587E920C9E9CE4987CE55FFAA55D7
:1042B80028785028DF7AA5DF8C8F038CA1F859A1C4
:1042C800898009890D171A0DBFDA65BFE631D7E66F
:1042D80042C6844268B8D06841C3824199B02999DE
:1042E8002D775A2D0F111E0FB0CB7BB054FCA8545C
:1042F800BBD66DBB163A2C1652096AD53036A5388E
:10430800BF40A39E81F3D7FB7CE339829B2FFF87B5
:10431800348E4344C4DEE9CB547B9432A6C2233D99
:10432800EE4C950B42FAC34E082EA16628D924B24A
:10433800765BA2496D8BD12572F8F664866898166B
:10434800D4A45CCC5D65B6926C704850FDEDB9DACA
:104358005E154657A78D9D8490D8AB008CBCD30AB8
:10436800F7E45805B8B34506D02C1E8FCA3F0F0294
:10437800C1AFBD0301138A6B3A9111414F67DCEA63
:1043880097F2CFCEF0B4E67396AC7422E7AD3585DC
:10439800E2F937E81C75DF6E47F11A711D29C589E6
:1043A8006FB7620EAA18BE1BFC563E4BC6D27920C8
:1043B8009ADBC0FE78CD5AF41FDDA8338807C731D1
:1043C800B11210592780EC5F60517FA919B54A0DC9
:1043D8002DE57A9F93C99CEFA0E03B4DAE2AF5B03E
:1043E800C8EBBB3C83539961172B047EBA77D6265A
:1043F800E169146355210C7D6BC1BEE22E409F9686
:10440800E93D7E117393172AAE2D8A571E03AC9C83
:104418009EB76FAC45AF8E5130C81C46A35CE41103
:10442800E5FBC1191A0A52EFF69F2445DF4F9B1787
:10443800AD2B417BE66C371044416AC2D1F53C583C
:104448003303917E6BE9EBE048E31E9E256718F283
:104458009229319C19F15BA4058CCFFDBBCB382D7B
:104468001F6F56585D8A4ADEC34C052CC0DA8D731F
:10447800451AFE5F03BE297FF3F6752AE8D7831134
:1044880038F041560631B1148B79EECC93A0EE5D2D
:10449800FF30B4EA21636DA4FACA37E0B0C8537399
:1044A800DF706E73F7C9AF865DF678DD17BA4E75A3
:1044B800B61768C6ADEF7C7B4804E1818FE62975A5
:1044C80019A3E88C573104138A05FC5E095AF48451
:1044D8008A08D328D3688E3D7BD966D53AD8C1BB24
:1044E80085D2ADFAE87BB104FE3C53653E2F45B555
:1044F8006FCD88B2CC898FF02B7E151628AED2A648
:10450800ABF7158809CF4F3C000000000000000001
:1045180000000000000000008E73B0F7DA0E64524D
:10452800C810F32B809079E562F8EAD2522C6B7BA5
:104538000000000000000000603DEB1015CA71BECD
:104548002B73AEF0857D77811F352C073B6108D72B
:104558002D9810A30914DFF43B3FD92EB72DAD20B9
:10456800333449F8E83CFB4AC8A64537A0B3A93F0D
:10457800CDE3CDAD9F1CE58B26751F67A3CBB1405E
:10458800B1808CF187A4F4DFC04B05357C5D1C0E2F
:10459800EAC4C66F9FF7F2E6CDC80D6FDDF18CABAC
:1045A80034C25909C99A417467CE7F7F8117362171
:1045B800961A2B70171D3D7A2E1E8A1DD59B88B121
:1045C800C8E60FED1EFAC4C9C05F9F9CA9834FA01F
:1045D80042AE8FBA584B09FFDC7E84BFDA79164B9E
:1045E8007ECD8486985D386039FFED143B28B1C8CC
:1045F80032113C6331E5407BDF10132415E54B9203
:10460800A13ED0A8267AE2F975A385741AB9CEF826
:104618002031623D55B1E471000000300000000017
:104628000000000000000001006CB6DBC0543B59DC
:10463800DA48D90B0000000100E0017B27777F3FB3
:104648004A1786F000000001AE6852F8121067CCD5
:104658004BF7A5765577F39E7E24067817FAE0D7B0
:1046680043D6CE1F325391637691BE035E5020A885
:10467800AC6E618529F9A0DC100000002000000064
:1046880024000000E4095D4FB7A7B3792D6175A335
:10469800261311B800000000000000000000000010
:1046A8000000000000000000000000000000000002
:1046B800000000005104A106168A72D9790D41EE56
:1046C8008EDAD388EB2E1EFC46DA57C8FCE630DFBC
:1046D8009141BE280000000000000000000000001A
:1046E80000000000C1CF48A89F2FFDD9CF4652E94E
:1046F800EFDB72D74540A42BDE6D7836D59A5CEA9D
:10470800AEF3105325B2072F000000000000000090
:104718000000000053696E676C6520626C6F636B04
:10472800206D73670000000000000000000000001A
:104738000000000000000000000000000000000071
:1047480000000000000102030405060708090A0B1F
:104758000C0D0E0F101112131415161718191A1B19
:104768001C1D1E1F000000000000000000000000CB
:1047780000000000000102030405060708090A0BEF
:104788000C0D0E0F101112131415161718191A1BE9
:104798001C1D1E1F20212223000000000000000015
:1047A800000000004142434445464748494A4B4CB3
:1047B8004D4E4F505152535455565758595A61629D
:1047C800636465666768696A6B6C6D6E6F70717239
:1047D800737475767778797A303132333435363781
:1047E80038392B2F7F7F7F7F7F7F7F7F7F7F7F7F02
:1047F8007F7F7F7F7F7F7F7F7F7F7F7F7F7F7F7FC1
:104808007F7F7F7F7F7F7F7F7F7F7F7F7F7F7F3EF1
:104818007F7F7F3F3435363738393A3B3C3D7F7FA1
:104828007F407F7F7F000102030405060708090A0D
:104838000B0C0D0E0F101112131415161718197FE3
:104848007F7F7F7F7F1A1B1C1D1E1F202122232490
:1048580025262728292A2B2C2D2E2F303132337F3D
:104868007F7F7F7F24486E5687625ABDBF17D9A2C3
:10487800C4171A0194ED8F1E11B3D7090CB6E910AD
:104888006F22EE13CAB3070576C9FA316C0834FFF4
:104898008DC26C380043E95497AF504BD141BA955B
:1048A800315A0B974A456875566F64695772322FAB
:1048B80046396D6978426361415A54746A78345252
:1048C8007339634A444C6270454738693768504BBE
:1048D8007377634664736E364D5777494E502B4E47
:1048E800776D773441455070564A6576554576520E
:1048F800516271564D566F4C6C773D3D000000007B
:104908000300000005000000070000000B00000085
:104918000D00000011000000130000001700000047
:104928001D0000001F0000002500000029000000F5
:104938002B0000002F000000350000003B000000A5
:104948003D0000004300000047000000490000004F
:104958004F000000530000005900000061000000F3
:1049680065000000670000006B0000006D0000009B
:10497800710000007F000000830000008900000033
:104988008B00000095000000970000009D000000CB
:10499800A3000000A7000000AD000000B300000065
:1049A800B5000000BF000000C1000000C500000005
:1049B800C7000000D3000000DF000000E300000093
:1049C800E5000000E9000000EF000000F100000031
:1049D800FB00000001010000070100000D010000BC
:1049E8000F01000015010000190100001B01000063
:1049F80025010000330100003701000039010000E3
:104A08003D0100004B010000510100005B01000066
:104A18005D01000061010000670100006F010000F6
:104A2800750100007B0100007F0100008501000086
:104A38008D0100009101000099010000A301000010
:104A4800A5010000AF010000B1010000B70100009E
:104A5800BB010000C1010000C9010000CD01000038
:104A6800CF010000D3010000DF010000E7010000D2
:104A7800EB010000F3010000F7010000FD01000058
:104A8800090200000B0200001D02000023020000C2
:104A98002D02000033020000390200003B02000032
:104AA800410200004B0200005102000057020000C2
:104AB800590200005F020000650200006902000060
:104AC8006B020000770200008102000083020000F0
:104AD800870200008D02000093020000950200008A
:104AE800A1020000A5020000AB020000B302000012
:104AF800BD020000C5020000CF020000D70200007E
:104B0800DD020000E3020000E7020000EF020000FF
:104B1800F5020000F902000001030000050300008F
:104B2800130300001D030000290300002B030000ED
:104B380035030000370300003B0300003D0300007D
:104B48004703000055030000590300005B03000001
:104B58005F0300006D030000710300007303000091
:104B6800770300008B0300008F0300009703000009
:104B7800A1030000A9030000AD030000B303000077
:104B8800B9030000C7030000CB030000D1030000F5
:104B9800D7030000DF030000E503000099FFFFFFD3
:104BA800B50200006102000015000000E4060000E4
:104BB800640300001C0000000BB1CD2D06D350206B
:104BC8000100000038411676D99360F272C2AB9AA0
:104BD800750657A091F7B5C9A28CD290F607A727FA
:104BE8008EB249DE435CD7C73EF58F671F186EAF9C
:104BF8002FE2850D53F09C65EAA3AE9EEC802D6BE9
:104C0800A82B36A6C5864D33FD6658963A099510E9
:104C180078D842CCEF26E5611A3F3B82B6DBD498C0
:104C2800E88B02EB0A2C1DB06F8D880E19874E0B8E
:104C3800A90C79117F22E759E1DA3DC812047454AE
:104C4800307EB428556850BED0C431CB2AAD0FCAC7
:104C580070FF326908620024D1FBBAED4581736D9B
:104C6800849FEE4AC32EC101E6254899B9B37BF962
:104C7800CEBFDF7129CD6C13649B639DC04BB7A574
:104C8800895FB117F4BCD346CF375E4794FAFC5B13
:104C980097FE5AAC3C4C0335F323B85D6A92D52194
:104CA8004451C67D3983DCAA7C7756051BA415348C
:104CB8001E1CF8522014E9BDDDE4A1E08AF1D67A81
:104CC800BBE3404F70822CECB327C0E5E485573531
:104CD800EA0CAE4123EF6B934519A521ED0E4F4E1B
:104CE8001D6592BD86B8AF8F7CEB1FCE3E30DC5F72
:104CF8005EC50B1AA6E139CAD5475D3DD9015AD61A
:104D080051566C4D8B0D9A66FBCCB02D74122B202E
:104D1800F0B18499DF4CCBC2347E76056DB7A931EA
:104D2800D11704D714583A61DE1B111C320F9C1698
:104D38005318F222FE44CFB2C3B57A912408E8A8EA
:104D480060FC6950AAD0A07DA1896297545B1E952A
:104D5800E0FF64D210C40048A3F775DB8A03E6DAE3
:104D6800093FDD94875C8302CD4A90337367F6F37D
:104D78009D7FBFE2529BD826C837C63B81966F4BB2
:104D880013BE632EE979A78C9F6EBC8E29F5F9B600
:104D98002FFDB4597898066AE74671BAD425AB4214
:104DA80088A28DFA7207B955F8EEAC0A36492A6816
:104DB8003C38F1A44028D37BBBC943C115E3ADF40B
:104DC80077C7809E702CB3C0E457EAAE236B45A525
:104DD800ED4F1D9286AF7C1F3EDC5E0BA639D55D7C
:104DE800D95A516C8B9AFBB0742BF084DFCB347694
:104DF8006DA9D104143ADE11329C53F2FECFC37A66
:104E080024E86069AAA0A162541EE0641000A3759A
:104E18008AE609DD8783CD9073F69DBF52D8C8C650
:104E2800816F1363E9A79FBC29F92FB47806E7714E
:104E3800D4AB888D72B9F8AC362A3CF140D3BB4369
:104E480015AD778082EC27E585350C41EF93192164
:104E58000E4E65BDB88FEBCE305FC51AE1CA473D2F
:104E680001D6564D0D66CC2D1220B1994CC27E0547
:104E7800B73117D758611B1C0F16182244B2B591C9
:104E880008A8FC50D07D89975B95FFD2C448F7DB12
:104E980003DA3F945C024A3367F37FE29B26373B91
:104EA800964BBE2E798C6E8EF5B6FD59986A46BA29
:104EB8002542A2FA0755EE0A496838A4287BC9C1D9
:104EC800E3F4C79EE00558D9674E81CBC90BAE6A9B
:104ED800D5185D8246DFD6278A324B42DB1C9E9C62
:104EE8003ACA257B0D715F1FF8D73E9D7C60B9BE1D
:104EF800BC8B16344DC37295AB8EBA7AB302B4AD7F
:104F0800A2ACD89A171A35CCF799615AE8245640BA
:104F1800E1630933BF98978568FCEC0ADA6F53623E
:104F2800A32E08AF28B074C2BD362238641E392CAF
:104F3800A630E544FD889F65876BF4234810D1515E
:104F4800C0F9D2A055A141FA4313C42FA8B63C2BEF
:104F5800C1FFC8A52089009047EFEAB71506CDB56F
:104F6800127EBB290FB807049B942166E6CEEDE7B5
:104F78003BFE7FC5A437B14C916E8D76032DDE962E
:104F8800267DC65CD3F24F193FDC791D52EBF36DD9
:104F98005EFB69B2F0310CD4CF8CE275A94A578414
:104FA80011451BF5E40E73AAF1DD59146C9254D027
:104FB8007870E3498050A7F6779386832AC75BE920
:104FC800EE8F013DA09E667F3BCC908BB67AE85869
:104FD8004CAA73B2C6EF372FE94F82BE54FF53A5D0
:104FE800F1D36F1C10E527FADE682D1DB05688C274
:104FF800B3E6C1FD0101010100000000010101014A
:10500800000000000100010101010001010101008F
:10501800010100010001020308090A0B26272425C3
:10502800171415161BFFFF1AFFFFFFFFFFFFFFFFF7
:10503800FFFFFFFFFFFFFFFFFFFFFFFF040506075E
:105048000C0D0E0F10111213FF1819FF1F1C1D1E37
:10505800FFFFFFFFFFFFFFFFFFFFFFFFFFFFFFFF58
:10506800FFFFFFFF000102033D3E3F3CFFFFFFFF44
:105078001B18191A23202122FFFFFFFF08090A0B1A
:1050880010111213FFFFFFFF27242526FFFFFFFF44
:105098000C0D0E0F3A3B38391F1C1D1EFFFFFFFF7A
:1050A800040506074142434014151617FFFFFFFF8A
:1050B8002B28292A15161714FFFFFFFF12131011AA
:1050C8000B08090A0F0C0D0E191A1B181D1E1F1CA0
:1050D80012131011FFFFFFFFFFFFFFFF01234567BA
:1050E80089ABCDEFFEDCBA98765432100000000090
:1050F80000000000000000000000000000000000A8
:105108000000000000000000000000000000000097
:1051180000000000000000000000000001234567B7
:1051280089ABCDEFFEDCBA987654321000112233E9
:1051380044556677000000000000000000000000F1
:105148000000000000000000000000000000000057
:105158000000000000000000000000000123456777
:1051680089ABCDEFFEDCBA987654321000112233A9
:10517800445566778899AABBCCDDEEFF0000000095
:105188000000000000000000000000000000000017
:1051980000000000000000000000000067673138D0
:1051A800549669730857065648EABE43383C6C2A39
:1051B800ABEF7FDE25CD470BF774A331B4993401EB
:1051C800B3E996F84EE5CEE7D79B09B9D1763FC04B
:1051D80019D77CC930BFF2A56F7C93649ACC237D24
:1051E800FF16D76C20EF7C919E3A75090503FB10DA
:1051F800AB241E7CF45D8CDEEE4743350123456706
:1052080089ABCDEFFEDCBA9876543210000000006E
:105218000200000000000000000000002B7E1516B0
:1052280028AED2A6ABF7158809CF4F3C0000000086
:105238000000000000000000000000008E73B0F7BE
:10524800DA0E6452C810F32B809079E562F8EAD23E
:10525800522C6B7B0000000000000000603DEB104A
:1052680015CA71BE2B73AEF0857D77811F352C076B
:105278003B6108D72D9810A30914DFF41607CF490E
:105288004B36BBF00DAEB0B503C831ABA2F2CF6759
:105298001629EF7840C5A5DFB50748870F061650D1
:1052A80008CF8B8B5A63586362543E542A4830ABFC
:1052B8005AC4A1A2405955FD2195CF935D5A869BAA
:1052C800D14CE54264F892A6DD2EC3D537D359C335
:1052D800349836D884E310ADDF68C449E6CFA35FBD
:1052E800C02B134A4D2C0B6737AC3EDA36CBEB7329
:1052F800BD504B4070B1B7DE2B21EB50E31A60551F
:10530800297D96CA3330CDF1B1860A836BC1BEE2DE
:105318002E409F96E93D7E117393172AAE2D8A572A
:105328001E03AC9C9EB76FAC45AF8E5130C81C466F
:10533800A35CE411E5FBC1191A0A52EF0000003022
:10534800000000000000000000000001006CB6DB57
:10535800C0543B59DA48D90B0000000100E0017B3A
:1053680027777F3F4A1786F000000001AE6852F8A1
:10537800121067CC4BF7A5765577F39E7E240678F6
:1053880017FAE0D743D6CE1F325391637691BE0306
:105398005E5020A8AC6E618529F9A0DC10000000E1
:1053A8002000000024000000D09DC29A8214619A57
:1053B80020877C76DB1F0B3F000000000000000008
:1053C80000000000000000000000000000000000D5
:1053D8000000000000000000DBF3C78DC08396D4F6
:1053E800DA7C907765BBCB442B8E8E0F31F0DCA72F
:1053F8002C7417E35360E048000000000000000030
:105408000000000000000000B19D1FCDCB75EB88A7
:105418002F849CE24D85CF739CE64B2B5C9D73F1EA
:105428004F2D5D9DCE9889CDDF50869600000000F7
:10543800000000000000000053696E676C65206280
:105448006C6F636B206D7367000000000000000044
:105458000000000000000000000000000000000044
:105468000000000000000000000102030405060718
:1054780008090A0B0C0D0E0F10111213141516172C
:1054880018191A1B1C1D1E1F000000000000000038
:1054980000000000000000000001020304050607E8
:1054A80008090A0B0C0D0E0F1011121314151617FC
:1054B80018191A1B1C1D1E1F202122230000000082
:1054C80000000000000000004041424344454647B8
:1054D80048494A4B4C4D4E4F7162015B4DAC255DBE
:1054E80000000000000000000000000000000000B4
:1054F8000000000000000000D2A1F0E051EA5F6265
:10550800081A7792073D593D1FC64FBFACCD000022
:105518000000000000000000E3B201A9F5B71A7A04
:105528009B1CEAECCD97E70B6176AAD9A4428AA521
:10553800484392FBC1B099510400000010000000DC
:105548001800000007000000080000000C00000020
:105558000800000010000000140000000400000013
:105568000600000008000000101112131415161789
:1055780018191A1B202122232425262728292A2BFB
:105588002C2D2E2F303132333435363700010203BB
:105598000405060708090A0B0C0D0E0F101112134B
:1055A800A70D00002D2D2D2D2D424547494E204396
:1055B800455254494649434154452D2D2D2D2D0D15
:1055C8000A4D494944687A4343416D2B67417749FD
:1055D80042416749424144414E42676B71686B6979
:1055E800473977304241515546414441374D51730F
:1055F80077435159445651514745774A4F5444458A
:10560800520D0A4D4138474131554543684D49557A
:1056180047397359584A5455307778475441584256
:10562800674E5642414D5445464276624746795543
:10563800314E4D4946526C63335167513045774876
:1056480068634E0D0A4D5445774D6A45794D54515E
:10565800304E4441775768634E4D6A45774D6A45E9
:10566800794D5451304E444177576A41374D517303
:1056780077435159445651514745774A4F54444509
:10568800524D4138470D0A4131554543684D4955FA
:1056980047397359584A54553077784754415842D6
:1056A800674E5642414D54454642766247467955C3
:1056B800314E4D4946526C633351675130457767D7
:1056C8006745694D4130470D0A4353714753496255
:1056D800334451454241515541413449424477414F
:1056E800776767454B416F494241514441337A6678
:1056F80038463776676C70302F687436574D6E3180
:1057080045705261677A5348780D0A6D6454733650
:10571800737438474667496C4B58736D38574C3328
:10572800786F656D54695A687835377749303533FD
:105738007A6864634867483035375A6B2B69356334
:105748006C48467A714D7755716E790D0A3530423D
:1057580077464D74456F6E494C777556412B5437D3
:105768006C7067367A2B65784B593843344B514205
:10577800306E466337714B55456B484878765950BB
:105788005A5039616C346A77716A2B386E0D0A5930
:105798004D50476E38753637474239742B61454D41
:1057A8007235502B31676D49674E62314C54562B18
:1057B8002F586A6C693577774F51757666777537E4
:1057C800754A42566341304C6E306B636D6E4C0DBA
:1057D8000A5237455551494E395A2F5347396A4766
:1057E8007238586D6B7372557545766D45462F4204
:1057F800696279632B45316978564130686D6E4D21
:10580800336F54445062354C6339756E38724E7339
:10581800750D0A4B4E462B416B736A6F4258794F90
:1058280047566B43656F4D626F34624636427879EE
:105838004C4F6279617670772F4C506835615067AC
:105848004149796E706C5962364C5641674D4241F8
:1058580041476A0D0A675A5577675A49774441594B
:10586800445652305442415577417745422F7A4148
:105878006442674E564851344546675155744672DE
:105888006B70625065306C4C327564576D6C512F7B
:105898007250727A480D0A2F6638775977594456EC
:1058A80052306A42467777576F41557446726B702B
:1058B800625065306C4C327564576D6C512F725064
:1058C800727A482F662B68503651394D44737843A5
:1058D8007A414A42674E560D0A42415954416B3546
:1058E8004D4D524577447759445651514B45776849
:1058F8005162327868636C4E545444455A4D426341
:10590800474131554541784D515547397359584AA2
:1059180054553077675647567A0D0A6443424451C6
:105928005949424144414E42676B71686B69473936
:105938007730424151554641414F434151454175A8
:10594800503155324142556B49736C734366646CF0
:10595800633269393451484859654A0D0A537352BC
:105968003445646748746463695549354936324A31
:10597800364D6F6D2B593064542F37612B385336A1
:105988004D564D435A503643354E794E79587731F6
:105998004757592F5952383258544A38480D0A44F3
:1059A800424A6943546F6B3544625A36537A614FA1
:1059B8004E427A645748587757776D69357667311C
:1059C80064786E375978724D396430496A784D3247
:1059D80037574E4B7334734451685A42516B460DD6
:1059E8000A706A6D6673326362346F506C34593969
:1059F80054396D6554782F6C76646B5259457567C8
:105A080036314A666E3663412B7148707950596455
:105A180054482B55736849546E6D70352F5A746B02
:105A2800660D0A6D2F5554534C424E464E486573C9
:105A380069545A654833314E637859476448536D01
:105A480065394E632F67666964526130464C4F432F
:105A5800665778526C4671414934377A47396A41FA
:105A680051435A0D0A375A326D4347444E4D686ABE
:105A780051632B425963646E6C306C50586A6444AD
:105A88004B365630714367316456657768554263C3
:105A98005735675A4B7A563765392B447056413D0E
:105AA8003D0D0A2D2D2D2D2D454E44204345525494
:105AB800494649434154452D2D2D2D2D0D0A2D2D97
:105AC8002D2D2D424547494E2043455254494649BC
:105AD800434154452D2D2D2D2D0D0A4D494944681E
:105AE8007A4343416D2B67417749424167494241B7
:105AF80044414E42676B71686B6947397730424160
:105B0800517346414441374D517377435159445677
:105B180051514745774A4F544445520D0A4D413833
:105B28004741315545436777495547397359584A6D
:105B380054553077784754415842674E5642414D44
:105B48004D454642766247467955314E4D49465253
:105B58006C63335167513045774868634E0D0A4D81
:105B68005463774E5441304D5459314E7A417857E9
:105B780068634E4D6A63774E5441314D5459314EE6
:105B88007A4178576A41374D517377435159445692
:105B980051514745774A4F544445524D4138470D76
:105BA8000A41315545436777495547397359584A2A
:105BB80054553077784754415842674E5642414DC4
:105BC8004D454642766247467955314E4D494652D3
:105BD8006C6333516751304577676745694D41308C
:105BE800470D0A4353714753496233445145424173
:105BF80051554141344942447741776767454B41A4
:105C08006F494241514441337A6638463776676C6A
:105C180070302F687436574D6E3145705261677A0F
:105C28005348780D0A6D6454733673743847466761
:105C3800496C4B58736D38574C33786F656D5469A0
:105C48005A6878353777493035337A6864634867F6
:105C5800483035375A6B2B6935636C48467A714D35
:105C68007755716E790D0A35304277464D74456F18
:105C78006E494C777556412B54376C7067367A2BC2
:105C880065784B593843344B5142306E466337710F
:105C98004B55456B4848787659505A5039616C34A1
:105CA8006A77716A2B386E0D0A594D50476E3875F0
:105CB8003637474239742B61454D7235502B316761
:105CC8006D49674E62314C54562B2F586A6C6935B2
:105CD80077774F51757666777537754A42566341BF
:105CE800304C6E306B636D6E4C0D0A523745555112
:105CF800494E395A2F5347396A477238586D6B7372
:105D080072557545766D45462F42696279632B4514
:105D1800316978564130686D6E4D336F5444506226
:105D2800354C6339756E38724E73750D0A4B4E4695
:105D38002B416B736A6F4258794F47566B43656FB7
:105D48004D626F346246364278794C4F627961769B
:105D580070772F4C5068356150674149796E706C87
:105D68005962364C5641674D424141476A0D0A67B0
:105D78005A5577675A4977485159445652304F42D5
:105D8800425945464C5261354B577A33744A533918
:105D9800726E5670705550367A3638782F332F4DCC
:105DA800474D4741315564497752634D4671410D1E
:105DB8000A464C5261354B577A33744A5339726EDE
:105DC8005670705550367A3638782F332F6F542BDB
:105DD8006B505441374D5173774351594456515183
:105DE8004745774A4F544445524D4138474131550C
:105DF800450D0A436777495547397359584A5455E9
:105E08003077784754415842674E5642414D4D4588
:105E18004642766247467955314E4D4946526C6343
:105E280033516751304743415141774441594456B2
:105E38005230540D0A42415577417745422F7A41F5
:105E48004E42676B71686B694739773042415173CD
:105E58004641414F4341514541484B2F48487254B0
:105E68005A4D6E6E564D70646531696F2B766F4171
:105E780074716C376A0D0A347352684C726A44370D
:105E88006F33544874775262446132646943767060
:105E98007130537132334E67324C4D596F58734FCE
:105EA800786F4C2F52514B33694E37554B785633D8
:105EB8004D4B50457230770D0A5851532B6B4B514F
:105EC80071695432627366726A6E574D56485A74D5
:105ED800554F4D706D36464E716364476D2F527342
:105EE8007333764B6461326C634B6C386B556E71EF
:105EF8002F796C63312B5162420D0A473641367453
:105F08005576516372325A79576656672B6D4D35FF
:105F1800586B6854724F4F587573324F4C696B62A7
:105F280034577745744A544A524E4530662B795057
:105F38004F4453557A302F765435370D0A417048FF
:105F480030436E42383062594A736859485048485D
:105F5800796D4F746C654142384B535974716D3784
:105F680035672F594E6F626A6E6A4236636D3448E0
:105F78006B57334F5A5256496C366659590D0A6E4B
:105F880032304E52564131566A73364741524F723B
:105F9800344E7157346B2F2B4C6F66593979304C0E
:105FA8004C44452B70306F49454B584973497668C6
:105FB8005072333973777853413D3D0D0A2D2D2D9D
:105FC8002D2D454E4420434552544946494341549A
:105FD800452D2D2D2D2D0D0A2D2D2D2D2D424547CD
:105FE800494E2043455254494649434154452D2D75
:105FF8002D2D2D0D0A4D494943556A43434164658A
:1060080067417749424167494A414D4644346E35B4
:106018006951387A6F4D416F4743437147534D3447
:106028003942414D434D443478437A414A42674EA0
:1060380056424159540D0A416B354D4D52457744EE
:106048007759445651514B457768516232786863A5
:106058006C4E54544445634D426F47413155454158
:10606800784D545547397359584A7A633277675689
:1060780047567A644342460D0A5179424451544185
:1060880065467730784D7A41354D6A51784E54518E
:10609800354E446861467730794D7A41354D6A49C5
:1060A800784E5451354E4468614D443478437A41B2
:1060B8004A42674E56424159540D0A416B354D4D7F
:1060C800524577447759445651514B457768516248
:1060D800327868636C4E54544445634D426F47416F
:1060E80031554541784D545547397359584A7A6363
:1060F8003277675647567A644342460D0A517942C9
:1061080044515442324D42414742797147534D34CC
:1061180039416745474253754242414169413249D5
:1061280041424D50614B7A52424E31677668316236
:106138002B2F496D364B554E4C547542750D0A77C9
:10614800773558557A4D35574E5253744A47564FFE
:1061580051736A333138584A474A492F4271564B6E
:106168006334734C59664369464B4172395A7171AD
:10617800794864754E4D63626C6934797569790D37
:106188000A6159377A5161307077375266646164B1
:10619800486239555A4B5656706D6C4D37494C52BA
:1061A8006D466D417A48714F426F4443426E544187
:1061B8006442674E5648513445466751556E5730CC
:1061C800670D0A4A456B425079764C654C555A76AC
:1061D80048346B796476374E6E77776267594456E0
:1061E80052306A424763775A5941556E5730674A69
:1061F800456B425079764C654C555A7648346B79E4
:106208006476370D0A4E6E7968517152414D4434A7
:1062180078437A414A42674E5642415954416B3558
:106228004D4D524577447759445651514B457768FF
:106238005162327868636C4E54544445634D426FE2
:1062480047413155450D0A41784D545547397359E1
:10625800584A7A633277675647567A6443424651BA
:106268007942445159494A414D4644346E35695141
:10627800387A6F4D41774741315564457751464DDE
:10628800414D42416638770D0A436759494B6F5A69
:10629800497A6A304541774944615141775A67499B
:1062A80078414D4F30596E4E574B4A5541665867A5
:1062B800534A744A7865786E346970672B6B763404
:1062C8007A6E755235307635360D0A74346430502E
:1062D80043753431326D5543364E6E6437697A767C
:1062E8007445324D6749784150316E6E4A516A5A49
:1062F800384257756B737A46514447343877784338
:106308004379636939717064534D760D0A75436A30
:106318006E387077554F6B4142584B384D7373390F
:1063280030667A436643454F7449413D3D0D0A2D19
:106338002D2D2D2D454E4420434552544946494361
:106348004154452D2D2D2D2D0D0A0000AB060000C2
:106358002D2D2D2D2D424547494E20525341205079
:10636800524956415445204B45592D2D2D2D2D0D63
:106378000A4D4949457041494241414B43415145C4
:1063880041794854457A4C6E3574586E7052646B36
:1063980055594C423975355079617836664D3630E5
:1063A8004E6A346F38566D586C3345545A7A476183
:1063B800460D0A423958344A37424B4E64426A6E97
:1063C8006770754737666138483672376777516B3B
:1063D800345A4A4744547A71437253562F5575318B
:1063E8004339334B59526854594A516A36655653A2
:1063F8004844310D0A626B32793152504430687228
:1064080074356B507151685472644F724137522F12
:10641800555630367038366A74307544424D4845A2
:10642800774D6A4456302F594930465A50526F3783
:1064380079582F6B390D0A5A3547494D43354373FF
:106448007439392B2B554D642F2F734D6342346AA1
:10645800372F4366387174624348576A646D4C61DC
:106468006F3576344A76344546624D733434544633
:10647800655930424762480D0A37766B32446D7170
:106488005639676D61426D66305A58483479715390
:10649800784A65442B50497331424765363445394B
:1064A800326866782F2F445A7274656E4E4C514E7E
:1064B8006954724D39414D2B760D0A6471427056FC
:1064C8006F4E7130716A55353142783572553242A6
:1064D80058634662587649354D5439544E55685874
:1064E80077494441514142416F49424147644E74A2
:1064F80066594469617036627A73740D0A79684323
:106508006949386D39547472685A77344D697361C2
:1065180045614E2F6C6C3358536A614F473264762D
:106528005636784D5A434D562B3554655844484F86
:10653800415A6E59313859693138767A7A0D0A34A8
:10654800557432546E4E467A697A434543594E61C2
:106558004132665354335767496E6E78556B5633DC
:10656800595841795036434E784A61436D763261C5
:106578004130794672326B46565365614B47740D0C
:106588000A796D766C6A4E70324E566B766D37545A
:106598006838664251424F3749374158687A343330
:1065A8006B306D5237586D50676577653841705A52
:1065B8004F47336873746B4F614D76625741765716
:1065C800410D0A7A435A757064446A5A596A4F4AA7
:1065D800716C41346545413448382F773746383334
:1065E8007235437567654245384C674552456A4C74
:1065F800506979656A725535483166756245592B17
:106608006830640D0A6C35485A424A363879625403
:106618005866513555396F2F514B41336464307486
:106628006F4245686864525544477A57746A76776A
:106638006B455166714631726547576A2F746F64AE
:106648002F674370660D0A444669365830454367DC
:1066580059454134774F762F706A534333747936EE
:1066680054754F764B5832724F556942724C585890
:1066780076324A53785A6E4D6F4D6957493569706D
:106688004C51742B5259540D0A565061664C2F6D5B
:1066980037446E364D62776A61794F6B635A684248
:1066A800776B35434E7A35413651346C4A36344D22
:1066B800712F6C71487A6E52435151324D63314794
:1066C80038657944462F66594C0D0A5A6532704C24
:1066D800767750395644356A5463326D6944667723
:1066E8002B4D6E764A68797752524C63656D4446F5
:1066F80050386B34685156746D38504D70335A6D3C
:106708004E45436759454134677A370D0A777A4FC2
:10671800625234676E386962653631377551505A3E
:106728006A577A556A3964554859642B696E3167D6
:106738007742434972744E6E61526E394939552F0A
:10674800513674656752597069693479730D0A63F3
:106758003137364E6D552B756D7936586D75534BEF
:1067680056357144396253705A5747326E4C466EEB
:10677800736C724E31354C6D3366685A786F654D5F
:106788004E6842614544546E4C543236796F690DF7
:106798000A33336770306D5353577939345A45711A
:1067A80069706D732B554C46367359315A74465778
:1067B80036747047466F7938436759415148686E57
:1067C8006E764A666C4973326B7934713130423671
:1067D800300D0A5A6378467033727444706B7030A7
:1067E8004A7868464C6869697A4672756A4D745A7F
:1067F800536A594E6D3555374B6B67505648684C40
:10680800454C455576436D4F6E4B54743461702F2B
:10681800765A300D0A42784A4E6531475A483370E5
:106828005736534176474451706C397347377575FD
:106838002F765446502B6C4378756B6D7A784230BE
:106848004472724463766F72456B4B4D6F6D375A65
:1068580043435276570D0A4B5A735A365965483294
:106868005A3831426175526A3231386B514B42673E
:10687800514355562F44674B503239383578445474
:106888005437394E30386A556F33685450354D5641
:10689800594343756A2F2B0D0A5565457731547650
:1068A8005A6378334C4A6279375036586164366196
:1068B800312F42717665614779464B4966454649AD
:1068C8006142554249746B383031734444704461B5
:1068D800596334674C303058630D0A376C4675423B
:1068E800484F5A6B784A596C7373355172477075B3
:1068F8004F456C395A775574354972464C4264593C
:10690800614B714E487A4E56433170435066622F40
:106918004A794836447232485578710D0A67785575
:106928007741514B4267514363553647324C3841A2
:1069380047396439633055704F794C31744D764618
:106948006535547477304B6A6C5156647368314DB1
:106958005036796967596F3944597577750D0A62E8
:106968004846565732723064425471656750322F28
:106978004B544F784B7A61486643317166305247C1
:106988004473556F4A434E4A72643163776F434C80
:106998004738503245463477334F42724B71760D43
:1069A8000A38753479745930462B566C616E6A35DD
:1069B8006C6D3354616F48535646312B4E5750799E
:1069C8004F5469776576494543474B775378766CDA
:1069D8006B6934664441413D3D0D0A2D2D2D2D2D09
:1069E800454E442052534120505249564154452067
:1069F8004B45592D2D2D2D2D0D0A00001705000092
:106A08002D2D2D2D2D424547494E204345525449A1
:106A18004649434154452D2D2D2D2D0D0A4D4949EB
:106A28004468544343416D3267417749424167495D
:106A3800424244414E42676B71686B69473977300F
:106A48004241517346414441374D5173774351593F
:106A5800445651514745774A4F544445520D0A4DC3
:106A68004138474131554543677749554739735947
:106A7800584A54553077784754415842674E5642E1
:106A8800414D4D454642766247467955314E4D490E
:106A980046526C63335167513045774868634E0DF1
:106AA8000A4D5463774E5441314D544D774E7A55C3
:106AB800355768634E4D6A63774E5441324D544D95
:106AC800774E7A5535576A41384D51737743515946
:106AD800445651514745774A4F544445524D4138E1
:106AE800470D0A4131554543677749554739735929
:106AF800584A5455307778476A415942674E56424A
:106B0800414D4D455642766247467955314E4D497D
:106B1800454E7361575675644341794D4949424919
:106B28006A414E0D0A42676B71686B694739773065
:106B3800424151454641414F43415138414D4949F0
:106B48004243674B4341514541794854457A4C6E1D
:106B58003574586E7052646B55594C4239753550BE
:106B680079617836660D0A4D36304E6A346F38567C
:106B78006D586C3345545A7A476146423958344AFD
:106B880037424B4E64426A6E6770754737666138A4
:106B9800483672376777516B345A4A4744547A718A
:106BA800437253562F55750D0A314339334B595299
:106BB8006854594A516A36655653484431626B32B3
:106BC800793152504430687274356B507151685441
:106BD80072644F724137522F555630367038366AC4
:106BE80074307544424D4845770D0A4D6A44563015
:106BF8002F594930465A50526F3779582F6B395AA6
:106C08003547494D433543737439392B2B554D64FA
:106C18002F2F734D6342346A372F4366387174627D
:106C28004348576A646D4C616F35760D0A344A766D
:106C3800344546624D733434544665593042476290
:106C48004837766B32446D715639676D61426D66AF
:106C5800305A584834797153784A65442B504973EF
:106C68003142476536344539326866782F0D0A2F28
:106C7800445A7274656E4E4C514E6954724D394186
:106C88004D2B7664714270566F4E7130716A55356E
:106C980031427835725532425863466258764935E2
:106CA8004D5439544E556858774944415141420D25
:106CB8000A6F3447534D4947504D4230474131558B
:106CC8006444675157424252786F51427A636B412C
:106CD8007656485A654D2F78536A377A7833577401
:106CE800474954426A42674E5648534D45584442B4
:106CF800610D0A674253305775536C7339375355D2
:106D080076613531616156442B732B764D66392F88
:106D180036452F704430774F7A454C4D416B47418B
:106D280031554542684D43546B777845544150423C
:106D3800674E560D0A42416F4D43464276624746BA
:106D48007955314E4D4D526B7746775944565151CE
:106D5800444442425162327868636C4E5454434210
:106D6800555A584E3049454E42676745414D416B2B
:106D780047413155640D0A457751434D41417744A8
:106D880051594A4B6F5A496876634E4151454C42B6
:106D980051414467674542414337794F3738364E4A
:106DA800766348704B38556F764B494739634233A1
:106DB800326F5351516F6D0D0A4C6F523065484414
:106DC800527A6471456B6F713779475A75664846D0
:106DD800695241417A624D714A666F675274786CA4
:106DE800725741654234792F6A47614D42563235B0
:106DF8004962464F49634832570D0A694345614D18
:106E08004D62472B56514C4B4E76754336336B6D5E
:106E1800772F5A6577633954684D36506131486326
:106E280079306178543066616631422F5530316A65
:106E380030464963772F366D54664B0D0A443877D0
:106E480034384F497763317972304A7475744356D0
:106E58006A696735444330797A6E474D74333252E4
:106E68007973654F4C6355652B6C66713030357698
:106E780032504169436F7A7235583872450D0A6F3E
:106E880066475A70694D324E71525065506759794C
:106E98002B566337355A6B3238786B525171316ED5
:106EA8006370726751623353347654735A64536310
:106EB800704D39684C662B654D6C7267716C6A0D44
:106EC8000A6335504C536B5842654C45352B666503
:106ED800646B796654614C7878516C674370756F50
:106EE8004F684B426D30342F523170574E7A5548A7
:106EF800797161676A4F39513D0D0A2D2D2D2D2D60
:106F0800454E442043455254494649434154452D32
:106F18002D2D2D2D0D0A0000AB0600002D2D2D2D39
:106F28002D424547494E205253412050524956411F
:106F38005445204B45592D2D2D2D2D0D0A4D4949D0
:106F4800457041494241414B434151454177553292
:106F58006A3365664E4864454531306C79754A6DCB
:106F680073446E6A6B4F6A784B7A7A6F54467442F0
:106F780061354D326A4149696E376835720D0A6C60
:106F8800716453744A44764C584A36506953612F99
:106F98004C593072435431642B416D5A49796373AB
:106FA8004368396F6472716A4F624A484A61382F80
:106FB80073454555724D32314B5036346246320D69
:106FC8000A324A44425962526D556A61694A6C4FA5
:106FD80071713352654233305A6774737132422B80
:106FE80067325130634C556C6D3931736C63306264
:106FF8006F4334705061517931414A4468326F4966
:10700800510D0A5A6E32755643754C5A586D526F67
:10701800654A687738314153516A7561417A7869B0
:1070280034625352722F51754B6F524178352F5637
:10703800716761486B515944772B466939714C52D5
:107048004637690D0A474D5A694C38646D6A66704F
:10705800643248337A4A346B7041635751446A3812
:107068006E385444495367377631743748787964B1
:10707800727877553965735143504A6F6450672F5A
:107088006F4E4A68620D0A79334E4C557062594505
:10709800614973674968704F56725444374465575D
:1070A800533852782F6671456745776C7749444164
:1070B800514142416F49424151435852305338453A
:1070C800494846474F525A0D0A2B2B41744F673691
:1070D80065454E78442B7856733066314965477A52
:1070E8003537546A6F33516E58583756425A4E6482
:1070F8006A2B70314543766843452F4737586E6B86
:10710800675535684C5A582B470D0A5A306A6B7ABE
:107118002F74714A4F4930765253644C42626970F9
:10712800486E576F7579425134652F413179494A14
:10713800646C42747158784A314B452F69747548AC
:1071480052624E63346A346B4C385A0D0A2F7236C9
:107158007076776E544930505378324571733034B5
:107168003859645339324C543671417634666C62FE
:107178004E44784D6E3275593773347963533451B0
:107188003877314A586E436561416E596D0D0A571B
:1071980059493577784F2B627652454C52324D63B8
:1071A8007A35446D566E4C386A52796D6C366C3649
:1071B800353832625376356F75665265464962795D
:1071C800505A6251576C5867596E70753648650D3C
:1071D8000A4754633745317A4B595147472F392B62
:1071E8004451556C2F3176517543507151776E79F2
:1071F8003074516F5832773574645970644D6456E1
:107208006D2B7A6B4C7462616A7A645476694A4A67
:10721800610D0A54577A4C366C7435416F474241B8
:107228004E38362B5356654A44636D514A6376345B
:1072380045713655687452723451474D69514D7ACB
:1072480030536F64366574745978597A4D67787419
:107258007732380D0A43497267706F7A43632B554A
:10726800615A4A4C6F375578764336616E383572B5
:107278003162326E4B50434C51466167674A304821
:107288003451304A2F735A4F68424958616F427AD5
:10729800577876654B0D0A6E757063654B64567842
:1072A80047734669384344793836444266697946B3
:1072B800697666426A2B3437426261517A50426A73
:1072C800374334724B37556C4C6A616232724441B1
:1072D8006F4742414E32750D0A414D326763686F00
:1072E80046697534763148464C3844376C7765457D
:1072F8007069365A6E4D4A6A6E45752F6445674700
:10730800514A466A7764704C6E5062736A346337C8
:10731800356F645134477A38670D0A7377396C6171
:107328006F3956567A6275736F52452F4A474934FA
:107338006154644F3070415458794737654731512B
:10734800752B355963315947586343726C6941321B
:10735800784D3978782B6437662B730D0A6D507A1F
:107368004E2B5749456735474A44595A446A417A2A
:10737800484735424E76692F46664D314339644F4A
:10738800746A763264416F4741463074354B6D7785
:10739800626A574842686356714F3449630D0A421E
:1073A80056764E3342496C633175653259525845A9
:1073B800446C785935623072384E345863654D677D
:1073C8004B6D5731384F4841705A78666C38755054
:1073D800446175575A4C584F676C34756570760D13
:1073E8000A77685A43334575577253797949434E3A
:1073F800684C5932314168376862494542504633D2
:107408004C335A734F77432B5545724C2B6458575E
:107418004C644235364A677933675A614265573753
:10742800620D0A764472456E6F634A6271436D3726
:1074380049756B6858484F424B38436759454177FF
:1074480071644842306871794E537A494F475937C9
:10745800763961627A42367055644133425A6951CD
:107468007645730D0A334C6A4856643448504A329C
:1074780078304E384367724249574F453071382B40
:107488003068534D6D6545393657572F376A443341
:10749800665057774352357A6C586B6E7842517301
:1074A80066763067500D0A33424335505230516486
:1074B80079707A2B642B397A664D663632356B795A
:1074C800697434542F687A77684476655A557A48CF
:1074D8006E6B3143662B494737512B544F456E4CE1
:1074E8006E5741574245440D0A49534F576D7255DF
:1074F8004367594146456D5278677741632F752B2D
:10750800443674307379437741596836504F7473F1
:10751800637139593069394779576B38394E7A6709
:1075280043344E6477776242480D0A344167616894
:107538004F78497858783267784A6E713379666B34
:107548004A66496A7766307332447950306B5932EB
:1075580079365561314F656F6D506559396D72498E
:1075680053347443754451364C72450D0A544236AF
:107578006C3956476F784A4C346679486E5A623887
:107588004C356747766E423162624438634C3659EF
:10759800506144694F68635273654339764269455F
:1075A8007556673D3D0D0A2D2D2D2D2D454E442038
:1075B8005253412050524956415445204B45592D6C
:1075C8002D2D2D2D0D0A0000AD0400002D2D2D2D83
:1075D8002D424547494E2043455254494649434167
:1075E80054452D2D2D2D2D0D0A4D4949444E7A43D4
:1075F8004341682B674177494241674942416A41A3
:107608004E42676B71686B69473977304241515513
:1076180046414441374D517377435159445651516E
:107628004745774A4F544445520D0A4D4138474122
:1076380031554543684D495547397359584A54554A
:107648003077784754415842674E5642414D544529
:107658004642766247467955314E4D4946526C63EB
:10766800335167513045774868634E0D0A4D54458C
:10767800774D6A45794D5451304E444132576863CD
:107688004E4D6A45774D6A45794D5451304E4441C7
:1076980032576A41304D51737743515944565151CD
:1076A8004745774A4F544445524D4138470D0A41A2
:1076B80031554543684D495547397359584A5455CA
:1076C800307778456A415142674E5642414D54439E
:1076D800577876593246736147397A64444343414F
:1076E8005349774451594A4B6F5A496876634E0D4E
:1076F8000A4151454242514144676745504144431C
:107708004341516F4367674542414D464E6F393398
:107718006E7A523352424E644A6372695A724135E4
:107728003435446F38537338364578625157755439
:107738004E0D0A6F774349702B34656135616E557C
:1077480072535137793179656A346B6D7679324E77
:107758004B776B395866674A6D534D6E4C416F666F
:10776800614861366F7A6D7952795776503742425F
:10777800464B7A0D0A4E74536A2B754778647469C0
:1077880051775747305A6C49326F695A547171743E
:10779800305867643947594C624B7467666F4E6B53
:1077A8004E4843314A5A7664624A584E47364175C4
:1077B8004B54326B4D0D0A74514351346471434537
:1077C800475A39726C5172693256356B614869593A
:1077D80063504E51456B49376D674D385975473081
:1077E8006B612F304C697145514D656631616F474A
:1077F800683545474138500D0A68597661693052F5
:107808006534686A4759692F485A6F33365864682F
:10781800393879654A4B5148466B41342F4A2F45D0
:107828007779456F4F373962657838636E613863A9
:107838004650587245416A79610D0A4854345036A9
:107848004453595738747A53314B57324247694C2D
:1078580049434961546C6130772B77336C6B7645BB
:10786800636633366849424D4A634341774541412F
:10787800614E4E4D457377435159440D0A56523067
:1078880054424149774144416442674E5648513415
:1078980045466751557051586F5A4C6A63333241A7
:1078A8005055424A4E594B686B7230324C51354DE7
:1078B80077487759445652306A424267770D0A46EC
:1078C8006F41557446726B70625065306C4C3275FE
:1078D80064576D6C512F7250727A482F663877440E
:1078E80051594A4B6F5A496876634E415145464251
:1078F80051414467674542414A786E58436C590D77
:107908000A6F486B62703730637142727347584C24
:107918007962413734637A624F3552644C45674621
:1079280073377248565339722B633239336C755337
:107938002F4B646C694C53635A71417A5956796C70
:10794800770D0A55665257764B4D6F576848594B15
:10795800703364454953347854586B362F357A5808
:107968007868763952773853476338716E36764976
:1079780054486B3153316D50657674656B6761732C
:107988005935590D0A695751754D33683459566C34
:107998005248334848454D414431546E41657866F4
:1079A80058484844465147652B4264316941627AD8
:1079B800312F73483948386C3453747758366567B3
:1079C80076544B334D0D0A775852776B4B6B766A6A
:1079D8004B61454441394154625A78306D49384CBD
:1079E800477378537543716539723964796A6D7470
:1079F800746434374A31703152756C7A33434C7A37
:107A0800615263564975530D0A52525166614438A2
:107A18006E654D396331532F694A2F616D54567124
:107A28004A7841314B4F644F533537383057685097
:107A380066534172412B673471416D536A656C63BB
:107A48003370347757706861380D0A7A68755977DA
:107A58006A567558364A484730633D0D0A2D2D2D14
:107A68002D2D454E442043455254494649434154DF
:107A7800452D2D2D2D2D0D0A000000000C000000B5
:107A8800506F6C617253534C54657374000000005E
:107A9800F60600002D2D2D2D2D424547494E20522A
:107AA80053412050524956415445204B45592D2D9C
:107AB8002D2D2D0D0A50726F632D547970653A2063
:107AC800342C454E435259505445440D0A44454BB5
:107AD8002D496E666F3A204445532D454445332D54
:107AE8004342432C413841393542303544354237D9
:107AF800323036420D0A0D0A3951643947654172F0
:107B0800656A6C3147445668326C4C563162487429
:107B18003063507466626835682F357A56704156FE
:107B2800614670717453504D72456C703530526EA9
:107B3800746E3965742B4A410D0A37564F79626F56
:107B4800522B497932742F48553457764136383795
:107B58006B33427070653947774B486A4868746C74
:107B68002F2F3878464B775A7233586235794F350C
:107B78004A5550384155637451710D0A4E62384365
:107B88004C6C5A797555432B3532524541417468CE
:107B980064576773582B37644A4F347961627A5552
:107BA800635132325470394A53443068694C343323
:107BB800426C6B5759554E4B3364416F0D0A505AFE
:107BC8006C6D6970746A6E7A56546A67314D787351
:107BD800425379645A696E574F4C4256382F4A516E
:107BE800677853506F32794434754566696732381F
:107BF8007162765132774E496E30706E41620D0A6D
:107C080047786E53414F617A6B6F6E67454766766A
:107C1800636A4949732B4C5A4E39675846687863EA
:107C28004F68366B6334512F6339394237515745A2
:107C380054774C4C6B59675A2B7A316139565939FC
:107C48000D0A67455537437743785943442B6839BC
:107C580068593646506D734B302F6C43344F37613B
:107C680065524B705971303072505078733669379D
:107C78007068696578673661783679544D6D4172F8
:107C880051710D0A516D4B335441734A6D38562F5B
:107C98004A354157704C4556366A414667524779CE
:107CA8006D4747486E6F663044587A56575A69642C
:107CB80072635A4A57544E7547455839306E4233A5
:107CC800656532770D0A50584A4546574B6F44331D
:107CD8004B33614663534C64485972336D4C477853
:107CE8005037483954685161693956737963785AFD
:107CF8004B53356B7776424B512F2F594D726D464A
:107D08006677506B38780D0A76546559344B5A4D5E
:107D1800615572766545656C3574575A43393452E6
:107D2800534D4B67785236637945316E42587954D2
:107D3800516E444F476266704E4E67424B78794B9E
:107D480062494E576F4F4A550D0A574A5A41776C48
:107D580073516E2B517A434477707269372B73567F
:107D6800316D53336742453655593761516D6E6DE4
:107D780069696143325633486270687863742F6565
:107D88006E35517366444F7431580D0A4A637A53FD
:107D9800667052574C6C62507A6E5A67384F516809
:107DA8002F5667434D4135384E35446A4F7A54490A
:107DB8004B37734A4A35722B39345A4254437067E9
:107DC800414D624635383866304E54520D0A4B43A1
:107DD8006534797278474A52375830324D346E7666
:107DE800443449774F6C707351387851785A744FCE
:107DF80053675876344C6B7876645539584A4A4BF1
:107E0800575A2F584E4B4A65577A747853650D0A5E
:107E18005A31766454633259667344424132534549
:107E28007633337678487832673176717477385399
:107E38006A44525432526151535330517553614D13
:107E48004A696D644F58366D544F43424B6B314A03
:107E58000D0A3951356D58547245522B2F4C6E4BC3
:107E6800306A456D58734258574135627171565A98
:107E7800497961685853783456595A376C37772F8F
:107E880050486955447444677952684D4D4B69347C
:107E98006E320D0A6951765163575351546A7270A4
:107EA8006E6C4A626361312F446B70527433597738
:107EB80072764A776471623861735A553256724ED7
:107EC8004554683578305156656644524C46695673
:107ED8007069662F0D0A7455616541652F503146EA
:107EE800384F6B53374F495A447331535562762F85
:107EF800734432764D62684E6B556F436D73332F02
:107F080050764E74646E76674C3446307A686144B5
:107F1800704B436D6C540D0A5038767834394537B8
:107F280076354379524E6D4544397A5A67346F3302
:107F3800776D4D7172514F393350745475673345AD
:107F480075396F5678317A50514D314E564D7942C8
:107F580061322B663239444C0D0A316E75544365D3
:107F680058646F392B6E69343578782B6A414934F7
:107F7800444377725264684A39757A5A7943363974
:107F880036324833374836442B356E614E76436C6B
:107F980046523173366C693147620D0A6E71506F03
:107FA80069792F4F4273457839436144476371516A
:107FB800427035576D652F3358572B367A314953F0
:107FC8004F782B6967774E5456435431346D486463
:107FD800424D6279613065494B6674350D0A582BFC
:107FE800476E777467454D79435979795775556365
:107FF80074386734527A45726359392B7957394F37
:108008006D35487A7078347A4F7557344E505A67C0
:10801800504454674B2B743252534C2F59710D0AEC
:108028007245316E6A7267654759635665473366AC
:108038002B4F667448347336665062713774314119
:10804800355A67557363624C4D42717239744B2BC4
:108058004F717967523445674B4250734836437ABB
:108068000D0A4C367A6C762F32525630714148766A
:108078005675444A6349444967775935724A744981
:108088004E456D333272684F65464E4A775A5335BE
:108098004D4E494331637A585A78352F2F756758B2
:1080A800376C0D0A49347379356E62566877536AAE
:1080B80074416B38586735645A6264545A366D494E
:1080C8007262377871482B6664616B5A6F72316BD4
:1080D8006847376243327549776962443363536C42
:1080E80032586B520D0A774E34386C736C62486E96
:1080F800717161677236586D316E4E4F53566C38D8
:10810800432F366B624A45734D704C6841657A66F9
:1081180052744777764F75636F61452B5762655583
:108128004E6F6C4764650D0A502F6551696464533E
:10813800663062726E70694C4A526837715A726C56
:108148003958757159647055716E6F45644D416643
:108158006F74444F4944384F7456376774386134E4
:1081680038616438565057320D0A2D2D2D2D2D4566
:108178004E44205253412050524956415445204BB9
:1081880045592D2D2D2D2D0D0A0000002D2D2D2D9D
:108198002D424547494E204345525449464943419B
:1081A80054452D2D2D2D2D0D0A4D494944687A43EE
:1081B80043416D2B674177494241674942414441F8
:1081C8004E42676B71686B69473977304241515548
:1081D80046414441374D51737743515944565151A3
:1081E8004745774A4F544445520D0A4D4138474157
:1081F80031554543684D495547397359584A54557F
:108208003077784754415842674E5642414D54455D
:108218004642766247467955314E4D4946526C631F
:10822800335167513045774868634E0D0A4D5445C0
:10823800774D6A45794D5451304E444177576863BC
:108248004E4D6A45774D6A45794D5451304E4441FB
:1082580077576A41374D51737743515944565151B5
:108268004745774A4F544445524D4138470D0A41D6
:1082780031554543684D495547397359584A5455FE
:108288003077784754415842674E5642414D5445DD
:108298004642766247467955314E4D4946526C639F
:1082A80033516751304577676745694D4130470D10
:1082B8000A4353714753496233445145424151552A
:1082C8004141344942447741776767454B416F499B
:1082D8004241514441337A6638463776676C70308C
:1082E8002F687436574D6E3145705261677A53481E
:1082F800780D0A6D64547336737438474667496C51
:108308004B58736D38574C33786F656D54695A689C
:1083180078353777493035337A6864634867483049
:1083280035375A6B2B6935636C48467A714D7755EA
:10833800716E790D0A35304277464D74456F6E4936
:108348004C777556412B54376C7067367A2B6578A5
:108358004B593843344B5142306E466337714B5555
:10836800456B4848787659505A5039616C346A7769
:10837800716A2B386E0D0A594D50476E387536376D
:10838800474239742B61454D7235502B31676D4921
:10839800674E62314C54562B2F586A6C6935777783
:1083A8004F51757666777537754A42566341304C3A
:1083B8006E306B636D6E4C0D0A5237455551494E00
:1083C800395A2F5347396A477238586D6B7372554B
:1083D8007545766D45462F42696279632B4531694B
:1083E80078564130686D6E4D336F54445062354C49
:1083F8006339756E38724E73750D0A4B4E462B41B4
:108408006B736A6F4258794F47566B43656F4D627D
:108418006F346246364278794C4F6279617670776C
:108428002F4C5068356150674149796E706C5962BC
:10843800364C5641674D424141476A0D0A675A55C5
:1084480077675A4977444159445652305442415506
:1084580077417745422F7A416442674E56485134F6
:1084680045466751557446726B70625065306C4C66
:10847800327564576D6C512F7250727A480D0A2FFD
:10848800663877597759445652306A424677775753
:108498006F41557446726B70625065306C4C327522
:1084A80064576D6C512F7250727A482F662B685042
:1084B8003651394D447378437A414A42674E560DD6
:1084C8000A42415954416B354D4D524577447759CD
:1084D800445651514B4577685162327868636C4E07
:1084E800545444455A4D4263474131554541784DAE
:1084F800515547397359584A545530776756475636
:108508007A0D0A64434244515949424144414E421A
:10851800676B71686B6947397730424151554641FD
:10852800414F434151454175503155324142556B98
:1085380049736C734366646C6332693934514848D3
:1085480059654A0D0A537352344564674874646325
:10855800695549354936324A364D6F6D2B59306465
:10856800542F37612B3853364D564D435A503643A6
:10857800354E794E795877314757592F59523832F5
:1085880058544A38480D0A44424A6943546F6B3577
:1085980044625A36537A614F4E427A645748587744
:1085A80057776D693576673164786E375978724DCB
:1085B800396430496A784D3237574E4B73347344B7
:1085C80051685A42516B460D0A706A6D6673326380
:1085D80062346F506C34593954396D6554782F6C46
:1085E80076646B525945756736314A666E36634113
:1085F8002B7148707950596454482B557368495405
:108608006E6D70352F5A746B660D0A6D2F55545365
:108618004C424E464E48657369545A654833314E4C
:10862800637859476448536D65394E632F676669A7
:1086380064526130464C4F43665778526C467141DC
:108648004934377A47396A4151435A0D0A375A3201
:108658006D4347444E4D686A51632B425963646EBB
:108668006C306C50586A64444B36563071436731ED
:1086780064566577685542635735675A4B7A56375B
:1086880065392B447056413D3D0D0A2D2D2D2D2D5C
:10869800454E442043455254494649434154452D8B
:1086A8002D2D2D2D0D0A00002D2D2D2D2D42454748
:1086B800494E2043455254494649434154452D2D7E
:1086C8002D2D2D0D0A4D494944687A4343416D2BA0
:1086D8006741774942416749424144414E42676B8D
:1086E80071686B694739773042415173464144415B
:1086F800374D517377435159445651514745774A3D
:108708004F544445520D0A4D413847413155454370
:108718006777495547397359584A545530777847D8
:1087280054415842674E5642414D4D454642766245
:1087380047467955314E4D4946526C63335167511E
:108748003045774868634E0D0A4D5463774E54415F
:10875800304D5459314E7A41785768634E4D6A63AB
:10876800774E5441314D5459314E7A4178576A41C8
:10877800374D517377435159445651514745774ABC
:108788004F544445524D4138470D0A4131554543F0
:108798006777495547397359584A54553077784758
:1087A80054415842674E5642414D4D4546427662C5
:1087B80047467955314E4D4946526C63335167519E
:1087C800304577676745694D4130470D0A43537116
:1087D8004753496233445145424151554141344917
:1087E80042447741776767454B416F49424151445D
:1087F80041337A6638463776676C70302F6874363E
:10880800574D6E3145705261677A5348780D0A6D3D
:1088180064547336737438474667496C4B58736DA4
:1088280038574C33786F656D54695A68783537779F
:10883800493035337A6864634867483035375A6B4E
:108848002B6935636C48467A714D7755716E790D91
:108858000A35304277464D74456F6E494C777556E8
:10886800412B54376C7067367A2B65784B593843EF
:10887800344B5142306E466337714B55456B48480F
:10888800787659505A5039616C346A77716A2B3846
:108898006E0D0A594D50476E387536374742397450
:1088A8002B61454D7235502B31676D49674E6231EA
:1088B8004C54562B2F586A6C693577774F5175761B
:1088C80066777537754A42566341304C6E306B6334
:1088D8006D6E4C0D0A5237455551494E395A2F5332
:1088E80047396A477238586D6B7372557545766D9E
:1088F80045462F42696279632B4531697856413084
:10890800686D6E4D336F54445062354C6339756EE3
:1089180038724E73750D0A4B4E462B416B736A6F56
:108928004258794F47566B43656F4D626F346246C4
:10893800364278794C4F6279617670772F4C50685F
:10894800356150674149796E706C5962364C5641B1
:10895800674D424141476A0D0A675A5577675A4938
:1089680077485159445652304F42425945464C5225
:1089780061354B577A33744A5339726E5670705555
:1089880050367A3638782F332F4D474D4741315579
:1089980064497752634D4671410D0A464C52613520
:1089A8004B577A33744A5339726E56707055503635
:1089B8007A3638782F332F6F542B6B505441374DFC
:1089C800517377435159445651514745774A4F544B
:1089D8004445524D413847413155450D0A43677763
:1089E800495547397359584A54553077784754414F
:1089F8005842674E5642414D4D454642766247467B
:108A08007955314E4D4946526C6333516751304761
:108A1800434151417744415944565230540D0A421A
:108A2800415577417745422F7A414E42676B7168CD
:108A38006B6947397730424151734641414F434151
:108A4800514541484B2F484872545A4D6E6E564D09
:108A580070646531696F2B766F4174716C376A0D7C
:108A68000A347352684C726A44376F3354487477C7
:108A780052624461326469437670713053713233A3
:108A88004E67324C4D596F58734F786F4C2F525177
:108A98004B33694E37554B7856334D4B50457230F2
:108AA800770D0A5851532B6B4B51716954326273CD
:108AB80066726A6E574D56485A74554F4D706D36EA
:108AC800464E716364476D2F52737333764B6461FE
:108AD800326C634B6C386B556E712F796C63312B2C
:108AE8005162420D0A4736413674557651637232E7
:108AF8005A79576656672B6D4D35586B6854724FC7
:108B08004F587573324F4C696B6234577745744AC6
:108B1800544A524E4530662B79504F4453557A305B
:108B28002F765435370D0A41704830436E4238303D
:108B380062594A73685948504848796D4F746C6552
:108B48004142384B535974716D3735672F594E6F01
:108B5800626A6E6A4236636D34486B57334F5A52B5
:108B680056496C366659590D0A6E32304E52564186
:108B780031566A73364741524F72344E7157346BCF
:108B88002F2B4C6F66593979304C4C44452B70303B
:108B98006F49454B58497349766850723339737732
:108BA8007853413D3D0D0A2D2D2D2D2D454E442048
:108BB80043455254494649434154452D2D2D2D2DA9
:108BC8000D0A00001B0500002D2D2D2D2D424547B7
:108BD800494E2043455254494649434154452D2D59
:108BE8002D2D2D0D0A4D494944687A4343416D2B7B
:108BF8006741774942416749424144414E42676B68
:108C080071686B6947397730424151734641444135
:108C1800374D517377435159445651514745774A17
:108C28004F544445520D0A4D41384741315545434B
:108C38006777495547397359584A545530777847B3
:108C480054415842674E5642414D4D454642766220
:108C580047467955314E4D4946526C6333516751F9
:108C68003045774868634E0D0A4D5463774E54413A
:108C7800304D5459314E7A41785768634E4D6A6386
:108C8800774E5441314D5459314E7A4178576A41A3
:108C9800374D517377435159445651514745774A97
:108CA8004F544445524D4138470D0A4131554543CB
:108CB8006777495547397359584A54553077784733
:108CC80054415842674E5642414D4D4546427662A0
:108CD80047467955314E4D4946526C633351675179
:108CE800304577676745694D4130470D0A435371F1
:108CF80047534962334451454241515541413449F2
:108D080042447741776767454B416F494241514437
:108D180041337A6638463776676C70302F68743618
:108D2800574D6E3145705261677A5348780D0A6D18
:108D380064547336737438474667496C4B58736D7F
:108D480038574C33786F656D54695A68783537777A
:108D5800493035337A6864634867483035375A6B29
:108D68002B6935636C48467A714D7755716E790D6C
:108D78000A35304277464D74456F6E494C777556C3
:108D8800412B54376C7067367A2B65784B593843CA
:108D9800344B5142306E466337714B55456B4848EA
:108DA800787659505A5039616C346A77716A2B3821
:108DB8006E0D0A594D50476E38753637474239742B
:108DC8002B61454D7235502B31676D49674E6231C5
:108DD8004C54562B2F586A6C693577774F517576F6
:108DE80066777537754A42566341304C6E306B630F
:108DF8006D6E4C0D0A5237455551494E395A2F530D
:108E080047396A477238586D6B7372557545766D78
:108E180045462F42696279632B453169785641305E
:108E2800686D6E4D336F54445062354C6339756EBE
:108E380038724E73750D0A4B4E462B416B736A6F31
:108E48004258794F47566B43656F4D626F3462469F
:108E5800364278794C4F6279617670772F4C50683A
:108E6800356150674149796E706C5962364C56418C
:108E7800674D424141476A0D0A675A5577675A4913
:108E880077485159445652304F42425945464C5200
:108E980061354B577A33744A5339726E5670705530
:108EA80050367A3638782F332F4D474D4741315554
:108EB80064497752634D4671410D0A464C526135FB
:108EC8004B577A33744A5339726E56707055503610
:108ED8007A3638782F332F6F542B6B505441374DD7
:108EE800517377435159445651514745774A4F5426
:108EF8004445524D413847413155450D0A4367773E
:108F0800495547397359584A545530777847544129
:108F18005842674E5642414D4D4546427662474655
:108F28007955314E4D4946526C633351675130473C
:108F3800434151417744415944565230540D0A42F5
:108F4800415577417745422F7A414E42676B7168A8
:108F58006B6947397730424151734641414F43412C
:108F6800514541484B2F484872545A4D6E6E564DE4
:108F780070646531696F2B766F4174716C376A0D57
:108F88000A347352684C726A44376F3354487477A2
:108F9800526244613264694376707130537132337E
:108FA8004E67324C4D596F58734F786F4C2F525152
:108FB8004B33694E37554B7856334D4B50457230CD
:108FC800770D0A5851532B6B4B51716954326273A8
:108FD80066726A6E574D56485A74554F4D706D36C5
:108FE800464E716364476D2F52737333764B6461D9
:108FF800326C634B6C386B556E712F796C63312B07
:109008005162420D0A4736413674557651637232C1
:109018005A79576656672B6D4D35586B6854724FA1
:109028004F587573324F4C696B6234577745744AA1
:10903800544A524E4530662B79504F4453557A3036
:109048002F765435370D0A41704830436E42383018
:1090580062594A73685948504848796D4F746C652D
:109068004142384B535974716D3735672F594E6FDC
:10907800626A6E6A4236636D34486B57334F5A5290
:1090880056496C366659590D0A6E32304E52564161
:1090980031566A73364741524F72344E7157346BAA
:1090A8002F2B4C6F66593979304C4C44452B703016
:1090B8006F49454B5849734976685072333973770D
:1090C8007853413D3D0D0A2D2D2D2D2D454E442023
:1090D80043455254494649434154452D2D2D2D2D84
:1090E8000D0A0000E90000002D2D2D2D2D424547C9
:1090F800494E2045432050524956415445204B453E
:10910800592D2D2D2D2D0D0A4D48634341514545AF
:1091180049506233686D54785A332F6D5A49337603
:10912800796B37703355337742662B57496F7036F2
:109138006844686B467A4A686D4C63716F416F4743
:1091480043437147534D34390D0A417745486F55AC
:10915800514451674145562B577573585066303600
:1091680079376B3769422F784B7537755A54724D7A
:109178003556552F59304473777534324D6C433911
:109188002B5934764E63594461570D0A774E555919
:109198004648446C66352F565330555935624273EC
:1091A80031567A346C6F2B48634B506B78773D3D62
:1091B8000D0A2D2D2D2D2D454E442045432050526E
:1091C8004956415445204B45592D2D2D2D2D0D0A1D
:1091D800000000003D0300002D2D2D2D2D42454798
:1091E800494E2043455254494649434154452D2D43
:1091F8002D2D2D0D0A4D4949434C44434341624BA3
:109208006741774942416749424454414B42676745
:1092180071686B6A4F50515144416A412B4D5173EB
:1092280077435159445651514745774A4F5444451D
:10923800524D4138470D0A4131554543684D49550E
:1092480047397359584A54553077784844416142F0
:10925800674E5642414D54453142766247467963DE
:10926800334E734946526C6333516752554D6751BB
:109278003045774868634E0D0A4D544D774F544931
:10928800304D5455314D6A41305768634E4D6A4DE3
:10929800774F5449794D5455314D6A4130576A4298
:1092A800424D517377435159445651514745774A76
:1092B8004F544445524D4138470D0A4131554543B5
:1092C800684D495547397359584A54553077784845
:1092D8007A416442674E5642414D54466C4276622A
:1092E80047467955314E4D4946526C633351675163
:1092F8003278705A573530494449770D0A575441E6
:109308005442676371686B6A4F50514942426767BC
:1093180071686B6A4F50514D4242774E43414152FA
:10932800583561367863392F54724C7554754948ED
:109338002F45713775356C4F737A6C56540D0A3951
:109348006A514F7A43376A5979554C33356A6938C7
:109358003178674E70624131526755634F562F6EB0
:1093680039564C52526A6C73477A56585069576A44
:109378003464776F2B54486F3447644D4947610D07
:109388000A4D416B4741315564457751434D414141
:1093980077485159445652304F4242594546486FD2
:1093A8004158345A6B2F4F4264355245514F374C10
:1093B8006D4F38516D50382F694D473447413155FD
:1093C800640D0A4977526E4D475741464A317449F0
:1093D80043524A41543872793369314762782B4A8B
:1093E8004D6E622B7A5A386F554B6B5144412B4D59
:1093F800517377435159445651514745774A4F5411
:109408004445520D0A4D4138474131554543684D51
:10941800495547397359584A545530777848444123
:109428006142674E5642414D544531427662474645
:109438007963334E734946526C6333516752554DC5
:1094480067513047430D0A43514442512B4A2B5927
:109458006B504D3644414B42676771686B6A4F5099
:1094680051514441674E6F4144426C416A424B5AE4
:1094780051313749494F696D626D6F442F794E37C5
:109488006F38397533424D0D0A6C674F736A6E68D1
:10949800773366494F6F4C49577932574F47736B4B
:1094A8002F4C47462B2B447A7672527A754E694177
:1094B800434D5143643869656D315853344A4B37CD
:1094C80068616A38786F6370550D0A4C776A516A1B
:1094D80065355044474866643368397450333851A9
:1094E8006B6E7535624A717773306D64324B4F4BD2
:1094F8004879655630553D0D0A2D2D2D2D2D454E9B
:10950800442043455254494649434154452D2D2D45
:109518002D2D0D0A00000000E90000002D2D2D2D35
:109528002D424547494E2045432050524956415403
:1095380045204B45592D2D2D2D2D0D0A4D486343A2
:10954800415145454950457145794232416E436F15
:10955800504C2F39552F59444876647158596249EF
:109568006F67547977777970362F55664477366EFA
:109578006F416F4743437147534D34390D0A417763
:1095880045486F555144516741454E3878573258D0
:10959800594A486C70795073645A4C6638676275DA
:1095A80035382B516152644E4374464C58336143ED
:1095B8004A5A59704A4F355144594978482F0D0A2B
:1095C80036692F534E4631644672324B694D4A72A2
:1095D800647731567A596F7144766F42794C547476
:1095E8002F773D3D0D0A2D2D2D2D2D454E4420451F
:1095F800432050524956415445204B45592D2D2D55
:109608002D2D0D0A000000002D0300002D2D2D2DFD
:109618002D424547494E2043455254494649434106
:1096280054452D2D2D2D2D0D0A4D494943487A437A
:109638004341615767417749424167494243544131
:109648004B42676771686B6A4F50515144416A4198
:109658002B4D517377435159445651514745774AD9
:109668004F544445524D4138470D0A413155454301
:10967800684D495547397359584A54553077784891
:1096880044416142674E5642414D544531427662EB
:1096980047467963334E734946526C633351675278
:1096A800554D67513045774868634E0D0A4D544D06
:1096B800774F5449304D5455314D6A41305768639E
:1096C8004E4D6A4D774F5449794D5455314D6A4145
:1096D80030576A41304D517377435159445651516F
:1096E8004745774A4F544445524D4138470D0A4142
:1096F80031554543684D495547397359584A54556A
:10970800307778456A415142674E5642414D54433D
:10971800577876593246736147397A6444425A4DCC
:10972800424D4742797147534D3439416745470D9A
:109738000A43437147534D343941774548413049CD
:10974800414244664D56746C3243523561636A3700
:10975800485753332F4947377566506B476B5854F2
:1097680051725253313932676957574B53547555B3
:10977800410D0A32434D522F2B6F76306A5264588E
:10978800526139696F6A436133634E5663324B4B9A
:109798006737364163693037662B6A675A307767AF
:1097A8005A6F774351594456523054424149774190
:1097B8004441640D0A42674E564851344546675144
:1097C800555547476C6A3951483264654341517A67
:1097D8006C5A582B4D5930616E453734776267594A
:1097E800445652306A424763775A5941556E57304A
:1097F800674A456B420D0A5079764C654C555A7646
:1098080048346B796476374E6E7968517152414DA0
:10981800443478437A414A42674E5642415954414A
:109828006B354D4D524577447759445651514B4508
:10983800776851623278680D0A636C4E5454444517
:10984800634D426F474131554541784D545547392D
:109858007359584A7A633277675647567A6443424F
:1098680046517942445159494A414D4644346E352E
:109878006951387A6F4D416F470D0A434371475319
:109888004D343942414D43413267414D4755434D6F
:109898005143614C467A58707475693557514E3842
:1098A8004C6C4F3364646831684D787836747A67E5
:1098B8004C765430334D54564B32530D0A433132A3
:1098C80072304C7A3372692F6D6F5345704E5A5708
:1098D80071506A6B434D4345326635334758635977
:1098E8004C717966794A52303738632F784E535520
:1098F80055352B58786C37565A343134560D0A661C
:109908004761356B4876484152425063385941495E
:109918005649714476484831513D3D0D0A2D2D2D4B
:109928002D2D454E44204345525449464943415400
:10993800452D2D2D2D2D0D0A000000000C000000D6
:10994800506F6C617253534C54657374000000007F
:109958006A0100002D2D2D2D2D424547494E2045E9
:10996800432050524956415445204B45592D2D2DE1
:109978002D2D0D0A50726F632D547970653A20347D
:109988002C454E435259505445440D0A44454B2DDD
:10999800496E666F3A204445532D454445332D435F
:1099A80042432C3330374541423436393933334416
:1099B8003634450D0A0D0A49786272526D4B63417F
:1099C8007A63744A71506454514C41345357794204
:1099D800595947594A566B59456E612B463750615C
:1099E80035743559672F674B414472464B636D3662
:1099F800423732653744470D0A69684578745A49D1
:109A080036343873307A6459773671534A37347636
:109A18007250537557446535716D393342717366A9
:109A2800564839737674437A57485730706D317099
:109A3800304B544243466655710D0A557375575459
:109A48004954774A496D636E6C4173316761525A64
:109A5800337341576D37634F5569644C30666F32C5
:109A68004730665955464E63596F43534C666643B3
:109A7800465445484275506E6167620D0A61373732
:109A8800782F735931427669693853392F586844A9
:109A980054623670544D783036777A726D0D0A2DCF
:109AA8002D2D2D2D454E44204543205052495641D9
:109AB8005445204B45592D2D2D2D2D0D0A00000004
:109AC800730300002D2D2D2D2D424547494E20436F
:109AD800455254494649434154452D2D2D2D2D0DB0
:109AE8000A4D494943556A4343416465674177498B
:109AF800424167494A414D4644346E356951387A86
:109B08006F4D416F4743437147534D343942414D7F
:109B1800434D443478437A414A42674E564241594C
:109B2800540D0A416B354D4D52457744775944568B
:109B380051514B4577685162327868636C4E545482
:109B48004445634D426F474131554541784D545521
:109B580047397359584A7A633277675647567A6451
:109B68004342460D0A517942445154416546773083
:109B7800784D7A41354D6A51784E5451354E446886
:109B880061467730794D7A41354D6A49784E54515E
:109B9800354E4468614D443478437A414A42674EB1
:109BA80056424159540D0A416B354D4D5245774443
:109BB8007759445651514B457768516232786863FA
:109BC8006C4E54544445634D426F474131554541AD
:109BD800784D545547397359584A7A6332776756DE
:109BE80047567A644342460D0A51794244515442D9
:109BF800324D42414742797147534D3439416745A7
:109C080047425375424241416941324941424D50B0
:109C1800614B7A52424E3167766831622B2F496D1B
:109C2800364B554E4C547542750D0A777735585555
:109C38007A4D35574E5253744A47564F51736A33CB
:109C48003138584A474A492F4271564B6334734C4E
:109C580059664369464B4172395A7171794864753E
:109C68004E4D63626C6934797569790D0A615937AB
:109C78007A51613070773752666461644862395549
:109C88005A4B5656706D6C4D37494C526D466D4166
:109C98007A48714F426F4443426E54416442674E62
:109CA8005648513445466751556E5730670D0A4A34
:109CB800456B425079764C654C555A7648346B79E9
:109CC8006476374E6E7777626759445652306A42E7
:109CD8004763775A5941556E5730674A456B42502A
:109CE80079764C654C555A7648346B796476370DDD
:109CF8000A4E6E7968517152414D443478437A4125
:109D08004A42674E5642415954416B354D4D524572
:109D180077447759445651514B45776851623278A8
:109D280068636C4E54544445634D426F4741315506
:109D3800450D0A41784D545547397359584A7A6345
:109D48003277675647567A644342465179424451BE
:109D580059494A414D4644346E356951387A6F4DF8
:109D680041774741315564457751464D414D424110
:109D78006638770D0A436759494B6F5A497A6A30F2
:109D88004541774944615141775A674978414D4F78
:109D980030596E4E574B4A5541665867534A744A74
:109DA8007865786E346970672B6B76347A6E755285
:109DB80035307635360D0A74346430504375343195
:109DC800326D5543364E6E6437697A767445324D36
:109DD8006749784150316E6E4A516A5A3842577510
:109DE8006B737A46514447343877784343796369CB
:109DF80039717064534D760D0A75436A6E38707701
:109E0800554F6B4142584B384D73733930667A431E
:109E18006643454F7449413D3D0D0A2D2D2D2D2D8D
:109E2800454E442043455254494649434154452DE3
:109E38002D2D2D2D0D0A00000200000034A5026012
:109E48000300000018A5026004000000FCA40260E2
:109E580005000000E0A4026006000000C4A402603F
:109E680007000000A8A40260080000008CA402609B
:109E78000900000070A402600A00000054A40260F7
:109E88000B00000038A402600C0000001CA4026053
:109E98000D00000000A402600E000000C0A30260D4
:109EA8000F000000A4A302601000000088A3026055
:109EB8002B00000048A302602C0000002CA30260C5
:109EC8002D00000010A3026011000000D0A2026063
:109ED80012000000B4A202601300000098A2026001
:109EE800140000007CA202601500000060A202605D
:109EF8001600000044A202601700000028A20260B9
:109F0800180000000CA2026019000000F0A1026015
:109F18001A000000D4A102601B000000B8A1026072
:109F28001C0000009CA102601D0000005CA10260F2
:109F38001E00000040A102601F00000024A1026072
:109F48002E000000E4A002602F000000C8A00260FC
:109F580030000000ACA00260200000006CA002608D
:109F68002200000010A0026024000000B49F0260DC
:109F78002100000050A0026023000000F49F02604E
:109F880025000000989F026000000000000000000B
:109F980025020000C000000068170020080000002B
:109FA8000000000008000000D09F026024010000AB
:109FB800C000000078170020080000000000000022
:109FC80008000000D09F0260040000009D8300602C
:109FD800A98300600000000000000000C183006049
:109FE800BD8300603D840060C583006023020000DB
:109FF8008000000088170020080000000000000012
:10A00800080000002CA0026022010000800000006F
:10A01800941700200800000000000000080000005D
:10A028002CA00260030000009D830060A9830060EB
:10A038000000000000000000B9830060B5830060E4
:10A048003D840060C58300602102000040000000DC
:10A05800D01D0020080000000000000008000000DB
:10A0680088A002602001000040000000A017002026
:10A0780008000000000000000800000088A002603E
:10A088000300000095830060A583006000000000C5
:10A0980000000000B1830060AD830060558400605B
:10A0A800D98300603008000000010000A8170020D4
:10A0B8000C000000010000001000000000A1026078
:10A0C8002F080000C0000000BC1700200C00000092
:10A0D800010000001000000000A102602E0800002E
:10A0E80080000000D01700200C00000001000000D4
:10A0F8001000000000A10260050000000000000040
:10A1080000000000000000000000000089830060DB
:10A11800898300606D840060ED8300601F06000085
:10A1280000010000E41700200C00000001000000FE
:10A138001000000078A102601E060000C0000000A8
:10A14800F81700200C0000000100000010000000BB
:10A1580078A102601D060000800000000C18002095
:10A168000C000000010000001000000078A102604F
:10A1780005000000000000000000000000000000D2
:10A18800000000007D8300607D830060858400609E
:10A19800018400601C050000000100002018002058
:10A1A800100000000000000010000000ECA2026097
:10A1B8001B050000C000000034180020100000003B
:10A1C8000000000010000000ECA202601A05000068
:10A1D8008000000048180020100000000000000067
:10A1E80010000000ECA2026019030000000100004A
:10A1F8005C180020100000000000000010000000A3
:10A20800ECA2026018030000C000000070180020D3
:10A21800100000000000000010000000ECA2026026
:10A2280017030000800000008418002010000000C0
:10A238000000000010000000ECA2026016020000FE
:10A248000001000098180020100000000000000025
:10A2580010000000ECA2026015020000C00000001F
:10A26800AC180020100000000000000010000000E2
:10A27800ECA202601402000080000000C018002058
:10A28800100000000000000010000000ECA20260B6
:10A298001301000000010000D41800201000000085
:10A2A8000000000010000000ECA202601201000093
:10A2B800C0000000E81800201000000000000000A6
:10A2C80010000000ECA202601101000080000000F4
:10A2D800FC18002010000000000000001000000022
:10A2E800ECA20260050000006583006069830060DD
:10A2F8006D830060718300607983006075830060FE
:10A308009D840060158400602D0800000001000095
:10A31800101900200C0000000100000010000000CF
:10A3280064A302602C080000C00000001C19002073
:10A338000C000000010000001000000064A302608F
:10A348002B08000080000000281900200C000000E5
:10A35800010000001000000064A302600200000079
:10A3680000000000000000000000000000000000E5
:10A3780059830060598300606D840060ED8300603C
:10A388001006000000010000341900200C00000035
:10A398000100000010000000DCA302600F060000AE
:10A3A800C0000000401900200C000000010000005F
:10A3B80010000000DCA302600E0600008000000010
:10A3C8004C1900200C0000000100000010000000E3
:10A3D800DCA3026002000000000000000000000092
:10A3E80000000000000000004D8300604D83006005
:10A3F80085840060018400600D05000000010000F4
:10A408005819002010000000000000001000000093
:10A4180050A502600C050000C0000000641900206F
:10A4280010000000000000001000000050A50260AD
:10A438000B050000800000007019002010000000CB
:10A44800000000001000000050A502600A03000090
:10A45800000100007C19002010000000000000002E
:10A468001000000050A5026009030000C0000000B1
:10A478008C190020100000000000000010000000EF
:10A4880050A5026008030000800000009C1900200D
:10A4980010000000000000001000000050A502603D
:10A4A8000702000000010000AC19002010000000A5
:10A4B800000000001000000050A502600602000025
:10A4C800C0000000B81900201000000000000000C3
:10A4D8001000000050A50260050200008000000086
:10A4E800C419002010000000000000001000000047
:10A4F80050A502600401000000010000D0190020EE
:10A5080010000000000000001000000050A50260CC
:10A5180003010000C0000000DC190020100000004A
:10A52800000000001000000050A5026002010000B9
:10A5380080000000E8190020100000000000000062
:10A548001000000050A50260020000003583006082
:10A55800398300603D830060418300604983006067
:10A5680045830060B5840060298400600102040707
:10A57800080B0D0E10131516191A1C1F202325265B
:10A58800292A2C2F31323437383B3D3E404345464B
:10A59800494A4C4F51525457585B5D5E616264673B
:10A5A800686B6D6E70737576797A7C7F808385862B
:10A5B800898A8C8F91929497989B9D9EA1A2A4A71B
:10A5C800A8ABADAEB0B3B5B6B9BABCBFC1C2C4C70B
:10A5D800C8CBCDCED0D3D5D6D9DADCDFE0E3E5E6FB
:10A5E800E9EAECEFF1F2F4F7F8FBFDFE01010101F5
:10A5F80001010101FEFEFEFEFEFEFEFE1F1F1F1FE3
:10A608000E0E0E0EE0E0E0E0F1F1F1F1011F011F86
:10A61800010E010E1F011F010E010E0101E001E0F4
:10A6280001F101F1E001E001F101F10101FE01FE9A
:10A6380001FE01FEFE01FE01FE01FE011FE01FE01A
:10A648000EF10EF1E01FE01FF10EF10E1FFE1FFECE
:10A658000EFE0EFEFE1FFE1FFE0EFE0EE0FEE0FECC
:10A66800F1FEF1FEFEE0FEE0FEF1FEF1401000100A
:10A67800001000000000040040100410000000104A
:10A6880040100010400000000000001040000400CE
:10A698000000041040100410001004000010041002
:10A6A80040100400001000004000000000000410EA
:10A6B80040000010001000104010000000100400BE
:10A6C8004000040040000410001004104010000076
:10A6D80000000000000000004000041040000010CE
:10A6E8000010001040100400000004004010040096
:10A6F80000000400001004100010000040000000DA
:10A708004000041000100000401004000010001069
:10A718004000000040000010000004104000041039
:10A7280000000010000004004010001000000000AD
:10A738004010041040000400400000100000041005
:10A74800001000104010001000000000401004101D
:10A758000010040000100400401000004010000029
:10A768004000040000000010001004100000200049
:10A778000200200402080004000000000008000095
:10A78800020800040208200000082004020820042F
:10A798000000200000000000020000040200000089
:10A7A8000000000402002004020800000008000461
:10A7B8000208200002002000000800040200000433
:10A7C80000002004000820040200200000002004EB
:10A7D8000008000002080000020820040008200009
:10A7E800020000000000000400082000000000042F
:10A7F80000082000000020000208000402080004ED
:10A8080002002004020020040200000002002000D0
:10A8180000000004000800040000200000082004D4
:10A8280002080000020820000008200402080000B6
:10A838000200000402082004000020040008200090
:10A8480000000000020000000208200400000000D0
:10A858000208200000002004000800000200000494
:10A86800000800040008000002002000100000207A
:10A878000000402000400000104040200000402020
:10A888001000000010404020000040000040002060
:10A898001040400000004000100000201000400060
:10A8A80000400020000000201040000000000000D0
:10A8B8001000400010400020004000000040400010
:10A8C8001040002010000000100040201000402020
:10A8D80000000000104040000040402010400000F0
:10A8E80000404000004040200000002000400020C0
:10A8F80010000000100040200040400010404020A0
:10A90800000040001040000010000020000040003F
:10A91800004000200000002010400000100000202F
:10A9280010404020004040000000402010404000FF
:10A9380000404020000000001000402010000000EF
:10A94800004000000000402010404000004000008F
:10A95800100040001040002000000000004040208F
:10A96800000000201000400010400020012080005E
:10A9780081200000812000008000000080208000ED
:10A98800810080000100800001200000000000001C
:10A9980000208000002080008120800081000000CD
:10A9A800000000008000800001008000010000001D
:10A9B80000200000000080000120800080000000CE
:10A9C800000080000120000080200000810080003D
:10A9D80001000000802000008000800000200000AE
:10A9E800802080008120800081000000800080009D
:10A9F800010080000020800081208000810000008C
:10AA080000000000000000000020800080200000FE
:10AA1800800080008100800001000000012080008B
:10AA2800812000008120000080000000812080003B
:10AA380081000000010000000020000001008000EB
:10AA4800012000008020800081008000012000009B
:10AA580080200000000080000120800080000000AD
:10AA680000008000002000008020800020801080EE
:10AA7800008000800080000020801000000010008E
:10AA8800200000002000108020800080200000802E
:10AA980020801080008010800000008000800080EE
:10AAA800000010002000000020001080008010002E
:10AAB80020001000208000800000000000000080BE
:10AAC800008000002080100000001080200010008E
:10AAD800200000800000000000801000208000009E
:10AAE800008010800000108020800000000000001E
:10AAF80020801000200010800000100020800080BE
:10AB0800000010800080108000800000000010808D
:10AB1800008000802000000020801080208010002D
:10AB2800200000000080000000000080208000005D
:10AB3800008010800000100020000080200010001D
:10AB4800208000802000008020001000008010007D
:10AB580000000000008000802080000000000080CD
:10AB6800200010802080108000801000000100006C
:10AB7800000108020000080200010042000008006D
:10AB88000001000000000040000008020001084029
:10AB98000000080000010002000108400001004216
:10ABA8000000084200010800000000400000000208
:10ABB80000000840000008400000000000010040BC
:10ABC800000108420001084200010002000008429A
:10ABD80000010040000000000000004200010802DF
:10ABE8000000000200000042000108000000080008
:10ABF80000010042000100000000000200000040C7
:10AC080000000802000100420001084000010002A3
:10AC1800000000400000084200010802000108404E
:10AC28000001000000000002000008420001084284
:10AC3800000108000000004200010842000008026C
:10AC48000000000000000840000000420001080069
:10AC580000010002000100400000080000000000A0
:10AC6800000008400001080200010040080200003E
:10AC780000020208000000000800020800020008A4
:10AC8800000000000802020000020008080002009C
:10AC98000800000808000008000002000802020876
:10ACA8000800020000000208080200000000000876
:10ACB8000800000000020208000200000002020072
:10ACC8000000020808000208080202000802000842
:10ACD800000202000000020008020008080000004C
:10ACE8000802020800020000000000080002020832
:10ACF800000000080800020008020000000002002E
:10AD08000002020800020008000000000002000023
:10AD180008000200080202080002000808000008F3
:10AD280000020000000000000800020808020008F5
:10AD380000000200000000080802020808000000E5
:10AD480008020200000202000800000800000208D1
:10AD580008020008080200000000020808020200B9
:10AD680008000000080002080002020000040101B7
:10AD780000000000000001000404010104000101BA
:10AD880004040100040000000000010000040000A9
:10AD9800000401010404010100040000040400018E
:10ADA8000400010100000001040000000404000088
:10ADB8000004000100040001000401000004010077
:10ADC8000000010100000101040400010400010069
:10ADD800040000010400000104000100000000005C
:10ADE8000404000004040100000000010000010048
:10ADF8000404010104000000000001010004010135
:10AE0800000000010000000100040000040001012E
:10AE1800000001000004010004000001000400001B
:10AE280004000000040400010404010004040101FA
:10AE380004000100000001010404000104000001F5
:10AE480004040000040401000004010104040000DB
:10AE580000040001000400010000000004000100DB
:10AE680000040100000000000400010100000000CF
:10AE780001000000000100000101000000000100C5
:10AE880001000100000101000101010000000001B2
:10AE980001000001000100010101000100000101A1
:10AEA8000100010100010101010101010000000090
:10AEB8000000000100000100000001010001000085
:10AEC8000001000100010100000101010100000072
:10AED8000100000101000100010001010101000061
:10AEE8000101000101010100010101010123456780
:10AEF80089ABCDEF23456789ABCDEF01456789ABBA
:10AF0800CDEF0123CDD64F2F9427C15D6996C8FA9E
:10AF180047A2ABEB8325397644091A0A6A2A19F441
:10AF28001ECA854B03E69F5BFA58EB42DD17E8B86B
:10AF3800B437D23254F15AF6EBE3A4B4357611564D
:10AF48005FA18E4DCB191F85D1ED8439129F40B971
:10AF5800D20056B3470EFC9A6B8EE393C5CECF63EF
:10AF6800ECEC514C2D2D2D2D2D424547494E2044BA
:10AF78004820504152414D45544552532D2D2D2DB9
:10AF88002D0D0A4D494748416F4742414A343139EE
:10AF98004442454F676D51547A6F3571586C356628
:10AFA80051634E39544E343535776B4F4C37303505
:10AFB80032487A787852564D7968596D7751636777
:10AFC8004A76680D0A317361313866796652394FAD
:10AFD8006956454D59676C4F706B71566F474C4EAB
:10AFE8003771643561514E4E693557372F432B56AB
:10AFF80042644854424A63475A4A79795035423341
:10B0080071637A33320D0A396D4C4A4B75646C564C
:10B018007564563051786B3571554A61505A2F789E
:10B0280075707A304E796F567076697569424F49F6
:10B0380031674E69386F765358577A416745430DE3
:10B048000A2D2D2D2D2D454E442044482050415287
:10B05800414D45544552532D2D2D2D2D0D0A0000DF
:10B068000400180080010000901A00200300170057
:10B07800000100004C1C002002001500E000000048
:10B08800581C002001001300C0000000641C0020B0
:10B09800000000000000000000000000FFFFFFFFAC
:10B0A800FFFFFFFFFEFFFFFFFFFFFFFFFFFFFFFFA9
:10B0B800FFFFFFFFB1B946C1ECDEB8FE493024728C
:10B0C800ABE9A70FE7809CE5190521643128D2B4C4
:10B0D800B1C96B1436F8DE99FFFFFFFFFFFFFFFFD2
:10B0E800FFFFFFFF1210FF82FD0AFFF40088A14353
:10B0F800EB20BF7CF69030B00EA88D181148791E51
:10B10800A177F973D5CD246BED11106378DAC8FFF8
:10B11800952B190701000000000000000000000046
:10B12800FFFFFFFFFFFFFFFFFFFFFFFFFFFFFFFF27
:10B1380000000000B4FF552343390B27BAD8BFD706
:10B14800B7B04450563241F5ABB3040C850A05B488
:10B158003D2A5C5C4529DD133EF0B8E0A216FFFFEE
:10B16800FFFFFFFFFFFFFFFFFFFFFFFF211D5C1138
:10B17800D68032342211C256D3C1034AB990133251
:10B188007FBFB46BBD0C0EB7347E00859981D54462
:10B198006447075AA07543CDE6DF224CFB23F7B579
:10B1A800886337BDFFFFFFFFFFFFFFFFFFFFFFFFC4
:10B1B8000000000000000000000000000100000086
:10B1C800FFFFFFFF4B60D2273E3CCE3BF6B053CC8F
:10B1D800B0061D65BC86987655BDEBB3E7933AAAD1
:10B1E800D835C65A512563FCC2CAB9F3849E17A73D
:10B1F800ADFAE6BCFFFFFFFFFFFFFFFF0000000006
:10B20800FFFFFFFF96C298D84539A1F4A033EB2D74
:10B21800817D0377F240A463E5E6BCF847422CE160
:10B22800F2D1176BF551BF376840B6CBCE5E316BA4
:10B238005733CE2B169E0F7C4AEBE78E9B7F1AFE68
:10B24800E242E34FFFFFFFFF0000000000000000A4
:10B25800FFFFFFFFFEFFFFFFFFFFFFFFFFFFFFFFF7
:10B26800FFFFFFFFFFFFFFFFFFFFFFFFFFFFFFFFE6
:10B27800FFFFFFFFEF2AECD3EDC8852A9DD12E8A68
:10B288008D3956C65A8713508F081403124181FE10
:10B298006E9C1D18192DF8E36B058E98E4E73EE2C5
:10B2A800A72F31B37329C5CC6A19ECEC7AA7B0483B
:10B2B800B20D1A58DF2D37F4814D63C7FFFFFFFF2A
:10B2C800FFFFFFFFFFFFFFFFFFFFFFFFFFFFFFFF86
:10B2D800FFFFFFFFB70A7672385E543A6C2955BFF4
:10B2E8005DF20255382A5482E041F759989BA78BA2
:10B2F800623B1D6E74AD20F31EC7B18E37058BBE41
:10B3080022CA87AA5F0EEA907C1D437A9D817E1D22
:10B31800CEB1600AC0B8F0B51331DAE97C149A28C6
:10B32800BD1DF4F829DC9292BF989E5D6F2C26967D
:10B338004ADE173600000000000000000000000090
:10B34800201C000000000000403800000000000041
:10B358006024000000000000807000000000000071
:10B36800A06C000000000000C048000000000000C1
:10B37800E05400000000000000E1000000000000B0
:10B3880020FD00000000000040D90000000000007F
:10B3980060C500000000000080910000000000006F
:10B3A800A08D000000000000C0A9000000000000FF
:10B3B800E0B50000000000000000000000000000F0
:10B3C8000000000000000000000000000000000075
:10B3D8000000000000000000000000000000000065
:10B3E8000000000000000000000000000000000055
:10B3F80000000000000000000388DACE60B6A392C7
:10B40800F328C2B971B2FE78000000000000000005
:10B418000000000000000000000000000000000024
:10B428000000000000000000000000000000000014
:10B43800000000000000000042831EC2217774242F
:10B448004B7221B784D0D49CE3AA212F2C02A4E00C
:10B4580035C17E2329ACA12E21D514B25466931C84
:10B468007D8F6A5AAC84AA051BA30B396A0AAC976C
:10B478003D58E091473F598542831EC22177742485
:10B488004B7221B784D0D49CE3AA212F2C02A4E0CC
:10B4980035C17E2329ACA12E21D514B25466931C44
:10B4A8007D8F6A5AAC84AA051BA30B396A0AAC972C
:10B4B8003D58E0910000000061353B4C2806934A56
:10B4C800777FF51FA22A4755699B2A714FCDC6F889
:10B4D8003766E5F97B6C742373806900E49F24B2B6
:10B4E8002B097544D4896B424989B5E1EBAC0F0748
:10B4F800C23F4598000000008CE24998625615B694
:10B5080003A033ACA13FB894BE9112A5C3A211A861
:10B51800BA262A3CCA7E2CA701E4A9A4FBA43C9025
:10B52800CCDCB281D48C7C6FD62875D2ACA417033E
:10B538004C34AEE5000000000000000000000000F0
:10B5480000000000000000000000000000000000F3
:10B5580000000000000000000000000000000000E3
:10B5680000000000000000000000000000000000D3
:10B57800000000000000000098E7247C07F0FE416E
:10B588001C267E4384B0F600000000000000000086
:10B5980000000000000000000000000000000000A3
:10B5A8000000000000000000000000000000000093
:10B5B80000000000000000003980CA0B3C00E84190
:10B5C800EB06FAC4872A2757859E1CEAA6EFD9847A
:10B5D800628593B40CA1E19C7D773D00C144C525EB
:10B5E800AC619D18C84A3F4718E2448B2FE324D921
:10B5F800CCDA2710ACADE2563980CA0B3C00E841E2
:10B60800EB06FAC4872A2757859E1CEAA6EFD98439
:10B61800628593B40CA1E19C7D773D00C144C525AA
:10B62800AC619D18C84A3F4718E2448B2FE324D9E0
:10B63800CCDA2710000000000F10F599AE14A154C1
:10B64800ED24B36E25324DB8C566632EF2BBB34FF9
:10B658008347280FC4507057FDDC29DF9A471F75B0
:10B66800C66541D4D4DAD1C9E93A19A58E8B473FCA
:10B67800A0F062F700000000D27E88681CE3243C3A
:10B688004830165A8FDCF9FF1DE9A1D8E6B447EF18
:10B698006EF7B79828666E4581E79012AF34DDD90A
:10B6A800E2F037589B292DB3E67C036745FA22E779
:10B6B800E9B7373B00000000000000000000000070
:10B6C8000000000000000000000000000000000072
:10B6D8000000000000000000000000000000000062
:10B6E8000000000000000000000000000000000052
:10B6F8000000000000000000CEA7403D4D606B6ECA
:10B70800074EC5D3BAF39D180000000000000000E2
:10B718000000000000000000000000000000000021
:10B728000000000000000000000000000000000011
:10B738000000000000000000522DC1F099567D075E
:10B74800F47F37A32A84427D643A8CDCBFE5C0C904
:10B758007598A2BD2555D1AA8CB08E48590DBB3D10
:10B76800A7B08B1056828838C5F61E6393BA7A0A3A
:10B77800BCC9F662898015AD522DC1F099567D0776
:10B78800F47F37A32A84427D643A8CDCBFE5C0C9C4
:10B798007598A2BD2555D1AA8CB08E48590DBB3DD0
:10B7A800A7B08B1056828838C5F61E6393BA7A0AFA
:10B7B800BCC9F66200000000C3762DF1CA787D325C
:10B7C800AE47C13BF19844CBAF1AE14D0B976AFAEB
:10B7D800C52FF7D79BBA9DE0FEB582D33934A4F0C4
:10B7E800954CC2363BC73F7862AC430E64ABE499D4
:10B7F800F47C9B1F000000005A8DEF2F0C9E53F124
:10B80800F75D7853659E2A20EEB2B22AAFDE64193E
:10B81800A058AB4F6F746BF40FC0C3B780F24445A8
:10B828002DA3EBF1C5D82CDEA2418997200EF82E66
:10B8380044AE7E3F0000000058E2FCCEFA7E306144
:10B84800367F1D57A4E7455AAB6E47D42CEC13BD81
:10B85800F53A67B21257BDDF4D5C2AF327CD64A6CF
:10B868002CF35ABD2BA6FAB45BC94FBC3221A5DB19
:10B8780094FAE95AE7121A473612D2E79E3B07852F
:10B88800561BE14AACA2FCCB619CC5AEFFFE0BFA8D
:10B89800462AF43C1699D050CD33B28AC773F74B79
:10B8A800A00ED1F3125724352FF58D80033927AB1D
:10B8B8008EF4D4587514F0FB9924A7C8587336BF72
:10B8C800B118024DB8674A142519498E80F1478F7F
:10B8D80037BA55BD6D27618C65DCC57FCF623A24C8
:10B8E800094FCCA40D3533F8DCF566FF291C25BBC0
:10B8F800B8568FC3D376A6D9530F8AFBC74536B936
:10B90800A963B4F1C4CB738BD0D1C8A799996BF054
:10B91800265B98B5D48AB919B094DAC5D93471BD03
:10B92800EC1A502270E3CC6C76FC6ECE0F4E176882
:10B93800CDDF8853BB2D551B3A337DBF46A792C434
:10B948005E454913FE2EA8F2A44A8266EE1C8EB00C
:10B95800C8B5D4CF5AE9F19A0000000010000000E1
:10B96800400000003C0000003C0000003C000000DB
:10B9780000000000000000000100000001000000BD
:10B9880001000000020000000C0000000C00000094
:10B998000C0000000C000000080000003C00000043
:10B9A800000000000000000000000000010000008E
:10B9B800010000000100000000000000000000007D
:10B9C8000000000014000000140000001400000033
:10B9D800000000000000000000000000000000005F
:10B9E800000000000000000000000000000000004F
:10B9F800FEFFE9928665731C6D6A8F946730830831
:10BA0800FEFFE9928665731C6D6A8F946730830820
:10BA1800000000000000000000000000000000001E
:10BA2800000000000000000000000000000000000E
:10BA380000000000000000000000000000000000FE
:10BA480000000000000000000000000000000000EE
:10BA580000000000000000000000000000000000DE
:10BA680000000000000000000000000000000000CE
:10BA780000000000000000000000000000000000BE
:10BA880000000000000000000000000000000000AE
:10BA9800000000000000000001000000010000009C
:10BAA800010000000100000000000000000000008C
:10BAB800000000000000000000000000000000007E
:10BAC800000000000000000000000000000000006E
:10BAD800000000000000000000000000000000005E
:10BAE8000000000000000000CAFEBABEFACEDBADBE
:10BAF800DECAF88800000000000000000000000016
:10BB0800000000000000000000000000000000002D
:10BB1800000000000000000000000000000000001D
:10BB280000000000000000009313225DF88406E581
:10BB380055909C5AFF5269AA6A7A9538534F7DA14D
:10BB4800E4C303D2A318A728C3C0C95156809539A6
:10BB5800FCF0E2429A6B525416AEDBF5A0DE6A574F
:10BB6800A637B39B000000000000000000000000A2
:10BB780000000000000000000000000000000000BD
:10BB880000000000000000000000000000000000AD
:10BB9800000000000000000000000000000000009D
:10BBA800000000000000000000000000000000008D
:10BBB800000000000000000000000000000000007D
:10BBC800000000000000000000000000000000006D
:10BBD800000000000000000000000000000000005D
:10BBE800000000000000000000000000000000004D
:10BBF800000000000000000000000000000000003D
:10BC0800000000000000000000000000000000002C
:10BC1800000000000000000000000000000000001C
:10BC2800000000000000000000000000000000000C
:10BC380000000000000000000000000000000000FC
:10BC480000000000000000000000000000000000EC
:10BC580000000000000000000000000000000000DC
:10BC68000000000000000000FEEDFACEDEADBEEFE1
:10BC7800FEEDFACEDEADBEEFABADDAD200000000CD
:10BC880000000000000000000000000000000000AC
:10BC9800000000000000000000000000000000009C
:10BCA800000000000000000000000000000000008C
:10BCB800000000000000000000000000000000007C
:10BCC800000000000000000000000000000000006C
:10BCD800000000000000000000000000000000005C
:10BCE800000000000000000000000000000000004C
:10BCF800000000000000000000000000000000003C
:10BD0800000000000000000000000000000000002B
:10BD1800000000000000000000000000000000001B
:10BD2800000000000000000000000000000000000B
:10BD380000000000000000000000000000000000FB
:10BD480000000000000000000000000000000000EB
:10BD580000000000000000000000000000000000DB
:10BD680000000000000000000000000000000000CB
:10BD780000000000000000000000000000000000BB
:10BD880000000000000000000000000000000000AB
:10BD9800000000000000000000000000000000009B
:10BDA800000000000000000000000000000000008B
:10BDB800000000000000000000000000000000007B
:10BDC800000000000000000000000000000000006B
:10BDD800000000000000000000000000000000005B
:10BDE8000000000000000000D9313225F88406E583
:10BDF800A55909C5AFF5269A86A7A9531534F7DAC8
:10BE08002E4C303D8A318A721C3C0C95956809533A
:10BE18002FCF0E2449A6B525B16AEDF5AA0DE65730
:10BE2800BA637B391AAFD255000000000000000049
:10BE380000000000000000000000000000000000FA
:10BE480000000000000000000000000000000000EA
:10BE580000000000000000000000000000000000DA
:10BE680000000000000000000000000000000000CA
:10BE780000000000000000000000000000000000BA
:10BE880000000000000000000000000000000000AA
:10BE9800000000000000000000000000000000009A
:10BEA800000000000000000000000000000000008A
:10BEB800000000000000000000000000000000007A
:10BEC800000000000000000000000000000000006A
:10BED800000000000000000000000000000000005A
:10BEE800000000000000000000000000000000004A
:10BEF800000000000000000000000000000000003A
:10BF08000000000000000000000000000000000029
:10BF18000000000000000000000000000000000019
:10BF28000000000000000000A0C9AB58F1E2E5A441
:10BF3800DE3EBD4FF73E9C5B64EFD8CA028CF81119
:10BF480048A584FE69AB5AEE42AA4D42176099D4BF
:10BF58005E1397DC404D86A37BF55954756951E40F
:10BF680079349BBF7CDDA5799557866621C91383F3
:10BF78001146733ABF8C35C8C7215B5B96C48E9B4C
:10BF8800338C74E3E99DFEDFC6A16AB8D420706FD4
:10BF98000F34AB7FEC5ADCA9D8CA3A133E159CA6DD
:10BFA800AC43C6F8A2BE22834A4C0A0AFFB10D71FF
:10BFB80094F1C1A5CF7322EC1AE0964ED4BF122794
:10BFC80046E087FDB5B3E91B3493D5BB98FAED4934
:10BFD800E85F130FC8A459B79A00A2D00ED59BFEEC
:10BFE80031ECB1399B608148D1969D250D3C1E945A
:10BFF800101098129325CAB8FCCC2D54731970C030
:10C00800107AA4892519955E4BC6001D7F4E6A2BB0
:10C01800F8A301AB46055C09A67188F1A740EEF3C9
:10C02800E15C029B44AF03440800000007000000E5
:10C0380006000000050000000400000003000000E6
:10C0480000000000000000000100000003000000E4
:10C058000E0000001A0000003E0000005000000022
:10C0680000000000000000000000000000000000C8
:10C0780000000000000000000000000000000000B8
:10C0880000000000000000000000000000000000A8
:10C098000000000000000000000000000000000098
:10C0A8000000000000000000000000000000000088
:10C0B8000061000000000000000000000000000017
:10C0C8000000000000000000000000000000000068
:10C0D8000000000000000000000000000000000058
:10C0E8000000000000000000000000000000000048
:10C0F8000000000000000000000000000000000038
:10C108000000616263000000000000000000000001
:10C118000000000000000000000000000000000017
:10C128000000000000000000000000000000000007
:10C1380000000000000000000000000000000000F7
:10C1480000000000000000000000000000000000E7
:10C158000000006D657373616765206469676573C6
:10C168007400000000000000000000000000000053
:10C1780000000000000000000000000000000000B7
:10C1880000000000000000000000000000000000A7
:10C198000000000000000000000000000000000097
:10C1A800000000006162636465666768696A6B6CB9
:10C1B8006D6E6F707172737475767778797A000026
:10C1C8000000000000000000000000000000000067
:10C1D8000000000000000000000000000000000057
:10C1E8000000000000000000000000000000000047
:10C1F80000000000004142434445464748494A4B35
:10C208004C4D4E4F505152535455565758595A61E8
:10C2180062636465666768696A6B6C6D6E6F70717E
:10C2280072737475767778797A303132333435367B
:10C23800373839000000000000000000000000004E
:10C2480000000000000031323334353637383930D9
:10C258003132333435363738393031323334353694
:10C26800373839303132333435363738393031327E
:10C278003334353637383930313233343536373868
:10C288003930313233343536373839303132333466
:10C298003536373839300000D41D8CD98F00B204B8
:10C2A800E9800998ECF8427E0CC175B9C0F1B6A8CE
:10C2B80031C399E269772661900150983CD24FB01A
:10C2C800D6963F7D28E17F72F96B697D7CB7938DA7
:10C2D800525A2F31AAF161D0C3FCD3D76192E4003E
:10C2E8007DFB496CCA67E13BD174AB98D277D9F52D
:10C2F800A5611C2C9F419D9F57EDF4A22BE3C955C6
:10C30800AC49DA2E2107B67A08000000981E0020F2
:10C31800400000008000000049F3006031F3006035
:10C3280035F3006051F30060F1F3006095F30060AD
:10C3380041F3006045F30060070000003C32002034
:10C34800300000008000000029F3006031F3006035
:10C3580035F3006039F30060F1F3006095F3006095
:10C3680041F3006045F30060060000001032002031
:10C37800200000004000000019F3006001F3006095
:10C3880005F3006021F30060D9F3006081F30060D9
:10C3980011F3006015F3006005000000201E002066
:10C3A8001C00000040000000F9F2006001F300608A
:10C3B80005F3006009F30060D9F3006081F30060C1
:10C3C80011F3006015F3006004000000FC1D00205C
:10C3D8001400000040000000E5F20060E9F200608F
:10C3E800EDF2006079540160C1F300606DF3006004
:10C3F800F1F20060F5F2006003000000E41C002088
:10C408001000000040000000D1F20060D5F200608A
:10C41800D9F20060D1F10060A9F3006059F300601F
:10C42800DDF20060E1F20060081D0020030000005A
:10C438006C230020842300200001000098230020A2
:10C44800030000009C230020AC230020040000000F
:10C45800B823002003000000BC230020D0230020C4
:10C4680000080000E423002003000000E823002067
:10C4780000240020200000001424002009000000EF
:10C4880020240020382400200000010000000000C3
:10C498000000000000000000000000000000000094
:10C4A8000C1D0020030000005424002068240020F4
:10C4B8007424002078240020030000007C2400203D
:10C4C80090240020982400209C24002003000000D1
:10C4D800A0240020B0240020BC240020C024002078
:10C4E80003000000C4240020D0240020D824002009
:10C4F800DC24002003000000E0240020F8240020B1
:10C50800082500200C25002003000000102500202D
:10C51800302500203C25002040250020090000008F
:10C528004C2500205C2500204C2500206C2500208F
:10C538000300000070250020842500209425002099
:10C54800A425002003000000A8250020BC25002009
:10C55800CC250020DC25002003000000E025002079
:10C56800F4250020002600200C26002003000000EF
:10C578001026002020260020282600202C26002017
:10C588000300000030260020402600204C26002012
:10C5980050260020030000005426002064260020B6
:10C5A800702600207C260020030000008026002042
:10C5B8009C260020B4260020C82600200300000086
:10C5C800CC260020D8260020E0260020E8260020DF
:10C5D80003000000EC260020002700202027002070
:10C5E8002C270020030000003027002040270020CF
:10C5F8004C270020582700200A000000642700204C
:10C60800782700208C2700209027002003000000B6
:10C6180094270020AC270020C0270020000000003D
:10C628000000000000000000000000000000000002
:10C63800101D002009000000801F0020901F00200E
:10C6480001000000941F0020070000009C1F00202C
:10C65800AC1F002002000000BC1F002005000000E5
:10C66800C41F0020CC1F00200300000000000000B1
:10C6780000000000000000000000000000000000B2
:10C688001C1D002008000000641C0020641C002001
:10C69800010000002C04002005000000581C0020A8
:10C6A800581C002002000000741F00200800000031
:10C6B8004C1C00204C1C0020030000003404002007
:10C6C80005000000901A0020901A002004000000C5
:10C6D8000000000000000000000000000000000052
:10C6E80000000000281D002009000000DC1F0020B9
:10C6F800F41F0020030100000420002009000000AE
:10C7080010200020282000200401000038200020EC
:10C7180009000000442000205C20002005010000E2
:10C7280070200020090000007C20002094200020B8
:10C7380006010000A820002009000000B420002005
:10C74800CC20002007010000E020002009000000A4
:10C75800EC200020042100200801000018210020FE
:10C7680005000000102000202820002004010000FF
:10C778002021002007000000282100203821002067
:10C788000404000048210020080000005421002073
:10C7980068210020050400007C210020080000001A
:10C7A800882100209C21002006040000B0210020E0
:10C7B80008000000BC210020D02100200704000050
:10C7C800E421002008000000F021002004220020BD
:10C7D800080400001822002009000000242200207C
:10C7E80024220020000600000000000000000000D5
:10C7F800000000000000000000000000341D0020C0
:10C8080008000000B01E0020E41C00200300000007
:10C81800B81E002005000000C01E0020C81E002011
:10C8280004000000D01E002009000000DC1E0020CB
:10C83800E81E002005000000F01E0020090000008E
:10C84800FC1E0020081F002006000000101F00200A
:10C85800090000001C1F0020281F002007000000FE
:10C86800301F0020090000003C1F0020481F002046
:10C8780008000000000000000000000000000000A8
:10C888000000000000000000401D0020080000001B
:10C89800F81D0020041E002004000000101E0020C7
:10C8A800080000001C1E0020281E002005000000B3
:10C8B800381E002008000000441E0020501E0020E2
:10C8C80006000000601E0020080000006C1E00200A
:10C8D800781E002007000000881E002008000000C5
:10C8E800941E0020A01E0020080000000000000088
:10C8F8000000000000000000000000000000000030
:10C908004C1D002008000000302200204422002096
:10C9180064220020080000007022002084220020E9
:10C92800A422002008000000B0220020C422002019
:10C93800D422002008000000E0220020F822002075
:10C948000C23002008000000182300202C230020BE
:10C958003C23002008000000482300205C2300201E
:10C9680000000000000000000000000000000000BF
:10C97800581D002005000000501F0020D01D002079
:10C9880021000000581F002008000000641F00203C
:10C9980068170020250000000000000000000000CB
:10C9A800000000000000000000000000601D0020E2
:10C9B8000A0000006C1D00208C1D002004250000CA
:10C9C800AC1D00200A000000B81D0020D81D002062
:10C9D8000423000000000000000000000000000028
:10C9E800000000000000000005000000942800205E
:10C9F800A10601609506016000000000AD06016017
:10CA0800F106016000000000D5070160CD07016054
:10CA18006D07016000000000040000009C28002051
:10CA280099050160890601609D050160BD050160E9
:10CA3800000000000000000065060160B507016005
:10CA4800590701606906016003000000A42800205E
:10CA5800990501607D0601600000000000000000EB
:10CA68000000000000000000650601609D070160ED
:10CA7800450701606906016002000000AC2800203B
:10CA8800990501608D050160C1050160110601600D
:10CA98000000000000000000650601609D070160BD
:10CAA800450701606906016001000000901F002031
:10CAB800390401602904016045040160950401609E
:10CAC800D1040160190501606105016081070160F9
:10CAD80031070160650501600C60C80F961F0E7173
:10CAE800F3A9B524AF6012062FE037A600000000B6
:10CAF8000000000000000000EA6C014DC72D6F8C9B
:10CB0800CD1ED92ACE1D41F0D8DE8957000000007D
:10CB180000000000000000004B007901B765489A4A
:10CB2800BEAD49D926F721D065A429C1000000006F
:10CB380000000000000000003D2EEC4FE41C849B28
:10CB480080C8D83662C0E44A8B291A964CF2F07035
:10CB5800380000000000000056FA6AA75548099DF1
:10CB6800CC37D7F03425E0C30000000000000000F7
:10CB780000000000000000000000000000000000AD
:10CB8800000000000000000000000000000000009D
:10CB9800000000000000000008000000080000007D
:10CBA8000800000018000000090000000000000054
:10CBB800040000000400000004000000240000003D
:10CBC8000500000000000000010000000200000055
:10CBD800001000000010000000100000000000001D
:10CBE80014000000140000001400000019000000E8
:10CBF800100000000000000073616C740000000069
:10CC0800000000000000000000000000000000001C
:10CC1800000000000000000000000000000000000C
:10CC280073616C7400000000000000000000000048
:10CC380000000000000000000000000000000000EC
:10CC4800000000000000000073616C740000000028
:10CC580000000000000000000000000000000000CC
:10CC680000000000000000000000000000000000BC
:10CC780073616C7453414C5473616C7453414C54DC
:10CC880073616C7453414C5473616C7453414C54CC
:10CC980073616C74000000007361006C7400000024
:10CCA800000000000000000000000000000000007C
:10CCB800000000000000000000000000000000006C
:10CCC800000000000000000000000000000000005C
:10CCD800000000000000000000000000000000004C
:10CCE800000000000000000070617373776F7264C9
:10CCF800000000000000000000000000000000002C
:10CD0800000000000000000070617373776F7264A8
:10CD1800000000000000000000000000000000000B
:10CD2800000000000000000070617373776F726488
:10CD380000000000000000000000000000000000EB
:10CD4800000000000000000070617373776F726468
:10CD580050415353574F524470617373776F7264E5
:10CD680000000000000000007061737300776F72AC
:10CD78006400000000000000000000000000000047
:10CD8800000000000000000000000000000000009B
:10CD9800000000000000000000000000000000008B
:10CDA8000000000000000000A9993E364706816A8D
:10CDB800BA3E25717850C26C9CD0D89D84983E4468
:10CDC8001C3BD26EBAAE4AA1F95129E5E54670F18D
:10CDD80034AA973CD4C4DAA4F61EEB2BDBAD27317A
:10CDE8006534016F0300000038000000E80300000C
:10CDF8006162630000000000000000000000000005
:10CE0800000000000000000000000000000000001A
:10CE1800000000000000000000000000000000000A
:10CE28000000000000000000006162636462636447
:10CE3800656364656664656667656667686667688E
:10CE4800696768696A68696A6B696A6B6C6A6B6C3E
:10CE58006D6B6C6D6E6C6D6E6F6D6E6F706E6F70EE
:10CE68007100000000000000000000000000000049
:10CE780000000000000000000000000000000000AA
:10CE8800000000000000000000000000000000009A
:10CE9800000000000000000000000000982F8A42F7
:10CEA80091443771CFFBC0B5A5DBB5E95BC25639F4
:10CEB800F111F159A4823F92D55E1CAB98AA07D80C
:10CEC800015B8312BE853124C37D0C55745DBE722F
:10CED800FEB1DE80A706DC9B74F19BC1C1699BE4AF
:10CEE8008647BEEFC69DC10FCCA10C246F2CE92D3F
:10CEF800AA84744ADCA9B05CDA88F97652513E9863
:10CF08006DC631A8C82703B0C77F59BFF30BE0C669
:10CF18004791A7D55163CA0667292914850AB727F7
:10CF280038211B2EFC6D2C4D130D385354730A6594
:10CF3800BB0A6A762EC9C281852C7292A1E8BFA26B
:10CF48004B661AA8708B4BC2A3516CC719E892D1D3
:10CF5800240699D685350EF470A06A1016C1A41956
:10CF6800086C371E4C774827B5BCB034B30C1C3955
:10CF78004AAAD84E4FCA9C5BF36F2E68EE828F7414
:10CF88006F63A5781478C8840802C78CFAFFBE902E
:10CF9800EB6C50A4F7A3F9BEF27871C623097D2281
:10CFA8003405D8228642A477BDA255B32AADBCE485
:10CFB800BDA0B3F7E36C9DA70000000075388B1681
:10CFC800512776CC5DBA5DA1FD890150B0C6455C9C
:10CFD800B4F58B19525225250000000020794655DA
:10CFE800980C91D8BBB4C1EA97618A4BF03F42587C
:10CFF8001948B2EE4EE7AD6700000000BA7816BFD8
:10D008008F01CFEA414140DE5DAE2223B00361A328
:10D0180096177A9CB410FF61F20015AD248D6A61F1
:10D02800D20638B8E5C026930C3E6039A33CE459D3
:10D0380064FF2167F6ECEDD419DB06C1CDC76E5C41
:10D048009914FB9281A1C7E284D73E67F1809A4880
:10D05800A497200E046D39CCC7112CD00300000012
:10D0680038000000E803000061626300000000006F
:10D0780000000000000000000000000000000000A8
:10D088000000000000000000000000000000000098
:10D098000000000000000000000000000000000088
:10D0A800006162636462636465636465666465669F
:10D0B8006765666768666768696768696A68696AEC
:10D0C8006B696A6B6C6A6B6C6D6B6C6D6E6C6D6E9C
:10D0D8006F6D6E6F706E6F70710000000000000061
:10D0E8000000000000000000000000000000000038
:10D0F8000000000000000000000000000000000028
:10D108000000000000000000000000000000000017
:10D11800000000000000000022AE28D7982F8A42A5
:10D12800CD65EF23914437712F3B4DECCFFBC0B554
:10D13800BCDB8981A5DBB5E938B548F35BC2563954
:10D1480019D005B6F111F1599B4F19AFA4823F923E
:10D1580018816DDAD55E1CAB420203A398AA07D8E2
:10D16800BE6F7045015B83128CB2E44EBE853124DC
:10D17800E2B4FFD5C37D0C556F897BF2745DBE7236
:10D18800B196163BFEB1DE803512C725A706DC9B9B
:10D19800942669CF74F19BC1D24AF19EC1699BE480
:10D1A800E3254F388647BEEFB5D58C8BC69DC10F9A
:10D1B800659CAC77CCA10C2475022B596F2CE92DFA
:10D1C80083E4A66EAA84744AD4FB41BDDCA9B05C92
:10D1D800B5531183DA88F976ABDF66EE52513E9883
:10D1E8001032B42D6DC631A83F21FB98C82703B073
:10D1F800E40EEFBEC77F59BFC28FA83DF30BE0C650
:10D2080025A70A934791A7D56F8203E05163CA0601
:10D21800706E0E0A67292914FC2FD246850AB72793
:10D2280026C9265C38211B2EED2AC45AFC6D2C4DCC
:10D23800DFB3959D130D3853DE63AF8B54730A65C6
:10D24800A8B2773CBB0A6A76E6AEED472EC9C28122
:10D258003B358214852C72926403F14CA1E8BFA27D
:10D26800013042BC4B661AA89197F8D0708B4BC21C
:10D2780030BE5406A3516CC71852EFD619E892D1A4
:10D2880010A96555240699D62A20715785350EF4BC
:10D29800B8D1BB3270A06A10C8D0D2B816C1A419D0
:10D2A80053AB4151086C371E99EB8EDF4C774827FA
:10D2B800A8489BE1B5BCB034635AC9C5B30C1C3946
:10D2C800CB8A41E34AAAD84E73E363774FCA9C5B83
:10D2D800A3B8B2D6F36F2E68FCB2EF5DEE828F74FE
:10D2E800602F17436F63A57872ABF0A11478C884D8
:10D2F800EC39641A0802C78C281E6323FAFFBE9013
:10D30800E9BD82DEEB6C50A41579C6B2F7A3F9BE6D
:10D318002B5372E3F27871C69C6126EACE3E27CA87
:10D3280007C2C021C7B886D11EEBE0CDD67DDAEAA8
:10D3380078D16EEE7F4F7DF5BA6F1772AA67F00647
:10D34800A698C8A2C57D630AAE0DF9BE04983F1120
:10D358001B471C13350B711B847D0423F577DB28D1
:10D368009324C7407BABCA32BCBEC9150ABE9E3CDB
:10D378004C0D109CC4671D43B6423ECBBED4C54C71
:10D388002A7E65FC9C297F59ECFAD63AAB6FCB5FB5
:10D398001758474A8C19446CCB00753F45A35E8BE0
:10D3A800B5A03D699AC65007272C32AB0EDED16373
:10D3B8001A8B605A43FF5BED8086072BA1E7CC23CD
:10D3C80058BAECA134C825A70000000000000000EE
:10D3D800000000000000000009330C33F71147E893
:10D3E8003D192FC782CD1B4753111B173B3B05D255
:10D3F8002FA08086E3B0F712FCC7C71A557E2DB957
:10D4080066C3E9FA9174603900000000000000006A
:10D4180000000000000000009D0E1809716474CB24
:10D42800086E834E310A4A1CED149E9C00F2485245
:10D438007972CEC5704C2A5B07B8B3DC38ECC4EB04
:10D44800AE97DDD87F3D8985000000000000000010
:10D458000000000000000000DDAF35A193617ABA3A
:10D46800CC417349AE20413112E6FA4E89A97EA219
:10D478000A9EEEE64B55D39A2192992A274FC1A8C6
:10D4880036BA3C23A3FEEBBD454D4423643CE80E6D
:10D498002A9AC94FA54CA49F8E959B75DAE313DA97
:10D4A8008CF4F72814FC143F8F7779C6EB9F7FA183
:10D4B8007299AEADB6889018501D289E4900F7E4C1
:10D4C800331B99DEC4B5433AC7D329EEB6DD2654DB
:10D4D8005E96E55B874BE909E718483D0CE7696408
:10D4E8004E2E42C7BC15B4638E1F98B13B2044280A
:10D4F8005632A803AFA973EBDE0FF244877EA60A63
:10D508004CB0432CE577C31BEB009C5C2C49AA2E3E
:10D518004EADB217AD8CC09B030000007000000038
:10D52800E8030000616263000000000000000000E2
:10D5380000000000000000000000000000000000E3
:10D5480000000000000000000000000000000000D3
:10D5580000000000000000000000000000000000C3
:10D5680000000000000000000000000000000000B3
:10D5780000000000000000000000000000000000A3
:10D588000000000000000000000000000000000093
:10D598000000000000616263646566676862636436
:10D5A8006566676869636465666768696A6465660D
:10D5B8006768696A6B65666768696A6B6C666768DD
:10D5C800696A6B6C6D6768696A6B6C6D6E68696AAD
:10D5D8006B6C6D6E6F696A6B6C6D6E6F706A6B6C7D
:10D5E8006D6E6F70716B6C6D6E6F7071726C6D6E4D
:10D5F8006F707172736D6E6F70717273746E6F701D
:10D6080071727374750000000000000000000000D3
:10D618000000000000000000000000000000000002
:10D6280000000000000000000000000000000000F2
:10D6380000000000000000000000000000000000E2
:10D6480000000000000000000000000000000000D2
:10D6580000000000000000000000000000000000C2
:10D6680000000000000000000000000000000000B2
:10D678000000000000000000A8CC0000A9CC0000B9
:10D68800AACC00002CC0000030C000009F000000A1
:10D69800ADC000009FC0000024C0000028C00000EA
:10D6A8006B0000000AC0000014C000003900000030
:10D6B800AFC00000A3C0000087C000008BC00000FE
:10D6C8007DC0000073C0000077C00000C4000000E7
:10D6D800880000005DC0000061C0000053C0000069
:10D6E80049C000004DC0000045C000002BC000002C
:10D6F8002FC000009E000000ACC000009EC00000CB
:10D7080023C0000027C000006700000009C0000017
:10D7180013C0000033000000AEC00000A2C000002B
:10D7280086C000008AC000007CC0000072C00000F3
:10D7380076C00000BE000000450000005CC000008C
:10D7480060C0000052C0000048C000004CC000008B
:10D7580044C0000008C0000012C00000160000000D
:10D76800ACCC0000ADCC0000AB000000A7C00000AE
:10D7780038C00000B300000036C00000910000006F
:10D7880091C000009BC0000097C00000ABC0000023
:10D798006DC0000071C0000067C00000AA00000052
:10D7A800A6C0000037C00000B200000035C000006D
:10D7B8009000000090C0000096C000009AC00000D1
:10D7C800AAC000006CC0000070C0000066C0000065
:10D7D80034C000008F000000FFC000009D00000062
:10D7E8009DC000003D0000003500000032C0000070
:10D7F8002AC000000FC000002EC0000026C0000094
:10D8080005C00000A1C000007BC00000C0000000EF
:10D81800840000008DC0000079C0000089C00000AD
:10D8280075C000005FC0000063C0000051C0000068
:10D838004BC000004FC000003DC000009C0000002D
:10D848009CC000003C0000002F00000031C0000018
:10D8580029C000000EC000002DC0000025C0000037
:10D8680004C00000A0C000007AC00000BA00000098
:10D87800410000008CC0000078C0000088C0000093
:10D8880074C000005EC0000062C0000050C000000C
:10D898004AC000004EC000003CC000000A00000062
:10D8A8000DC0000003C00000AECC0000AD000000B9
:10D8B800B70000009500000093C0000099C0000068
:10D8C8006FC0000069C00000AC000000B600000096
:10D8D8009400000092C0000098C000006EC00000D4
:10D8E80068C0000093000000ABCC0000A900000055
:10D8F800A5C00000AF0000008D0000008FC0000030
:10D9080095C00000A9C000006BC0000065C0000001
:10D91800A8000000A4C00000AE0000008C000000B9
:10D928008EC0000094C00000A8C000006AC00000BB
:10D9380064C000008B00000007C0000011C0000098
:10D9480033C000008E000000050000000400000045
:10D958000CC0000002C00000920000008A00000015
:10D96800150000000900000006C0000010C00000FB
:10D978003BC000003AC0000039C00000B5000000FC
:10D98800B40000002D0000003B0000000200000071
:10D99800010000000BC0000001C00000B900000039
:10D9A800B80000002E000000B1000000B000000028
:10D9B8002C0000000000000009C00000942E002088
:10D9C800050404000300000001000000030000003B
:10D9D80003000000000000000AC00000C42E002060
:10D9E8000704040003000000010000000300000019
:10D9F800030000000000000023C00000EC2E0020FF
:10DA080005060400030000000300000003000000F6
:10DA180003000000000000002BC00000142F0020AD
:10DA28000E060400030000000300000003000000CD
:10DA3800030000000000000024C000003C2F00206C
:10DA480007070400030000000300000003000000B3
:10DA580003000000000000002CC00000642F00201C
:10DA6800100704000300000003000000030000008A
:10DA78000300000000000000ADC000008C2F002053
:10DA88002D0604000300000003000000030000004E
:10DA98000300000000000000AFC00000B02F00200D
:10DAA8002D0604000300000003000000030000002E
:10DAB8000300000002000000ACC00000D42F0020CA
:10DAC8002B06040003000000030000000300000010
:10DAD8000300000000000000AEC00000F82F002086
:10DAE8002B060400030000000300000003000000F0
:10DAF800030000000200000072C000001C3000207B
:10DB080014060400030000000100000003000000E8
:10DB1800030000000000000073C000004C3000202B
:10DB280016070400030000000100000003000000C5
:10DB3800030000000000000086C000007C300020C8
:10DB48001D0604000300000003000000030000009D
:10DB5800030000000000000087C00000AC30002077
:10DB68001F0704000300000003000000030000007A
:10DB7800030000000000000008C00000DC300020A6
:10DB88002504040003000000010000000300000059
:10DB9800030000000000000013C000000431002052
:10DBA800050403000300000001000000030000005A
:10DBB800030000000000000014C00000283100200D
:10DBC8000704030003000000010000000300000038
:10DBD800030000000000000027C000004C310020B6
:10DBE8000506030003000000030000000300000016
:10DBF80003000000000000002FC000007431002066
:10DC08000E060300030000000300000003000000EC
:10DC1800030000000000000028C000009C31002024
:10DC280007070300030000000300000003000000D2
:10DC3800030000000000000030C00000C4310020D4
:10DC480010070300030000000300000003000000A9
:10DC5800030000000000000076C00000EC31002046
:10DC68001406030003000000010000000300000088
:10DC7800030000000000000077C0000018320020F8
:10DC88001607030003000000010000000300000065
:10DC980003000000000000008AC000004432002099
:10DCA8001D0603000300000003000000030000003D
:10DCB80003000000000000008BC00000703200204C
:10DCC8001F0703000300000003000000030000001A
:10DCD800030000000000000012C000009C32002079
:10DCE80025040300030000000100000003000000F9
:10DCF80003000000000000009F000000C032002068
:10DD080010070200030000000300000003000000E9
:10DD180003000000000000009E000000E432002024
:10DD28000E060200030000000300000003000000CC
:10DD38000300000000000000670000000833002016
:10DD480005060200030000000300000003000000B5
:10DD580003000000000000006B0000002C330020CE
:10DD68000706020003000000030000000300000093
:10DD780003000000000000003300000050330020C2
:10DD8800050402000300000000000000030000007A
:10DD98000300000000000000390000007433002078
:10DDA8000704020003000000000000000300000058
:10DDB80003000000000000009FC00000983300200E
:10DDC8002D0602000300000003000000030000000D
:10DDD8000300000000000000A3C00000B8330020CA
:10DDE8002D060200030000000300000003000000ED
:10DDF80003000000020000009EC00000D83300208D
:10DE08002B060200030000000300000003000000CE
:10DE18000300000000000000A2C00000F83300204A
:10DE28002B060200030000000300000003000000AE
:10DE38000300000002000000BE00000018340020AB
:10DE480014060200030000000300000003000000A5
:10DE58000300000000000000C4000000443400205B
:10DE68001606020003000000030000000300000083
:10DE7800030000000000000045000000703400208E
:10DE8800140402000300000000000000030000006A
:10DE98000300000000000000880000009834002003
:10DEA8001604020003000000000000000300000048
:10DEB80003000000000000007CC00000C034002007
:10DEC8001D0602000300000003000000030000001C
:10DED80003000000000000007DC00000EC340020BA
:10DEE8001F070200030000000300000003000000F9
:10DEF8000300000000000000160000001835002094
:10DF080025040200030000000000000003000000D8
:10DF180003000000000000009D0000003C350020C8
:10DF280010070100030000000300000003000000C8
:10DF380003000000000000009C0000005C35002089
:10DF48000E060100030000000300000003000000AB
:10DF580003000000000000003C0000007C350020A9
:10DF68000506010003000000030000000300000094
:10DF780003000000000000003D0000009C35002068
:10DF88000706010003000000030000000300000072
:10DF980003000000000000002F000000BC35002036
:10DFA8000504010003000000000000000300000059
:10DFB800030000000000000035000000DC350020F0
:10DFC8000704010003000000000000000300000037
:10DFD80003000000000000009DC00000FC35002088
:10DFE8002D060100030000000300000003000000EC
:10DFF8000300000000000000A1C000001836002047
:10E008002D060100030000000300000003000000CB
:10E0180003000000020000009CC00000343600200D
:10E028002B060100030000000300000003000000AD
:10E038000300000000000000A0C0000050360020CF
:10E048002B0601000300000003000000030000008D
:10E058000300000002000000BA0000006C36002037
:10E068001406010003000000030000000300000084
:10E078000300000000000000C000000094360020EB
:10E088001606010003000000030000000300000062
:10E09800030000000000000041000000BC36002022
:10E0A8001404010003000000000000000300000049
:10E0B800030000000000000084000000E03600209B
:10E0C8001604010003000000000000000300000027
:10E0D80003000000000000007AC0000004370020A0
:10E0E8001D060100030000000300000003000000FB
:10E0F80003000000000000007BC000002C37002057
:10E108001F070100030000000300000003000000D7
:10E1180003000000000000000A000000543700203F
:10E1280025040100030000000000000003000000B7
:10E1380003000000000000000EC00000743700203B
:10E1480005040900030000000100000003000000AE
:10E1580003000000000000000FC0000098370020F6
:10E16800070409000300000001000000030000008C
:10E17800030000000000000029C00000BC37002098
:10E18800050609000300000003000000030000006A
:10E19800030000000000000031C00000E437002048
:10E1A8000E06090003000000030000000300000041
:10E1B80003000000000000002AC000000C38002006
:10E1C8000707090003000000030000000300000027
:10E1D800030000000000000032C0000034380020B6
:10E1E80010070900030000000300000003000000FE
:10E1F800030000000000000078C000005C38002028
:10E2080014060900030000000100000003000000DC
:10E21800030000000000000079C0000088380020DA
:10E2280016070900030000000100000003000000B9
:10E2380003000000000000008CC00000B43800207B
:10E248001D06090003000000030000000300000091
:10E2580003000000000000008DC00000E03800202E
:10E268001F0709000300000003000000030000006E
:10E2780003000000000000000DC000000C39002061
:10E28800250409000300000001000000030000004D
:10E29800030000000000000004C000003039002026
:10E2A80005040A000300000001000000030000004C
:10E2B800030000000000000005C0000054390020E1
:10E2C80007040A000300000001000000030000002A
:10E2D800030000000000000025C00000783900207D
:10E2E80005060A0003000000030000000300000008
:10E2F80003000000000000002DC00000A03900202D
:10E308000E060A00030000000300000003000000DE
:10E31800030000000000000026C00000C8390020EB
:10E3280007070A00030000000300000003000000C4
:10E3380003000000000000002EC00000F03900209B
:10E3480010070A000300000003000000030000009B
:10E35800030000000000000074C00000183A00200C
:10E3680014060A000300000001000000030000007A
:10E37800030000000000000075C00000443A0020BF
:10E3880016070A0003000000010000000300000057
:10E39800030000000000000088C00000703A002060
:10E3A8001D060A000300000003000000030000002F
:10E3B800030000000000000089C000009C3A002013
:10E3C8001F070A000300000003000000030000000C
:10E3D800030000000000000003C00000C83A00204D
:10E3E80025040A00030000000100000003000000EB
:10E3F8000300000000000000A8000000F03A002020
:10E408000E060500030000000300000003000000E2
:10E418000300000000000000A9000000103B0020DD
:10E4280010070500030000000300000003000000BF
:10E438000300000000000000AE000000303B002098
:10E4480005060500030000000100000003000000AD
:10E458000300000000000000AF000000503B002057
:10E46800070705000300000001000000030000008A
:10E4780003000000000000008C000000703B00203A
:10E488000504050003000000000000000300000070
:10E4980003000000000000008D000000903B0020F9
:10E4A800070405000300000000000000030000004E
:10E4B8000300000000000000A5C00000B03B0020E1
:10E4C8002D06050003000000030000000300000003
:10E4D8000300000000000000A9C00000CC3B0020A1
:10E4E8002D060500030000000300000003000000E3
:10E4F8000300000002000000A4C00000E83B002068
:10E508002B060500030000000300000003000000C4
:10E518000300000000000000A8C00000043C002028
:10E528002B060500030000000300000003000000A4
:10E53800030000000200000094C00000203C0020FE
:10E54800140605000300000001000000030000009D
:10E55800030000000000000095C00000483C0020B7
:10E56800160705000300000001000000030000007A
:10E5780003000000000000008EC00000703C002076
:10E588001D06050003000000030000000300000052
:10E5980003000000000000008FC00000983C00202D
:10E5A8001F0705000300000003000000030000002F
:10E5B80003000000000000008B000000C03C0020A9
:10E5C800250405000300000000000000030000000F
:10E5D8000300000000000000AA000000E03C00204A
:10E5E8000E06060003000000030000000300000000
:10E5F8000300000000000000AB000000043D002004
:10E6080010070600030000000300000003000000DC
:10E618000300000000000000B2000000283D0020B8
:10E6280005060600030000000100000003000000CA
:10E638000300000000000000B30000004C3D002073
:10E6480007070600030000000100000003000000A7
:10E65800030000000000000090000000703D002052
:10E66800050406000300000000000000030000008D
:10E67800030000000000000091000000943D00200D
:10E68800070406000300000000000000030000006B
:10E698000300000000000000A7C00000B83D0020F3
:10E6A8002D06060003000000030000000300000020
:10E6B8000300000000000000ABC00000D83D0020AF
:10E6C8002D06060003000000030000000300000000
:10E6D8000300000002000000A6C00000F83D002072
:10E6E8002B060600030000000300000003000000E2
:10E6F8000300000000000000AAC00000183E00202F
:10E708002B060600030000000300000003000000C1
:10E71800030000000200000096C00000383E002000
:10E7280014060600030000000100000003000000BA
:10E73800030000000000000097C00000643E0020B5
:10E748001607060003000000010000000300000097
:10E75800030000000000000090C00000903E002070
:10E768001D0606000300000003000000030000006F
:10E77800030000000000000091C00000BC3E002023
:10E788001F0706000300000003000000030000004C
:10E7980003000000000000008F000000E83E002099
:10E7A800250406000300000000000000030000002C
:10E7B800030000000000000037C000000C3F0020EC
:10E7C8000506080003000000010000000300000027
:10E7D800030000000000000038C00000343F0020A3
:10E7E8000707080003000000010000000300000004
:10E7F800030000000000000035C000005C3F00205E
:10E8080005040800030000000100000003000000E8
:10E81800030000000000000036C00000803F002018
:10E8280007040800030000000100000003000000C6
:10E8380003000000000000009AC00000A43F002070
:10E848001406080003000000010000000300000097
:10E8580003000000000000009BC00000D03F002023
:10E868001607080003000000010000000300000074
:10E87800030000000000000034C00000FC3F00203E
:10E888002504080003000000010000000300000048
:10E898000300000000000000AC0000002040002041
:10E8A8000E0607000300000003000000030000003C
:10E8B8000300000000000000AD00000044400020FC
:10E8C8001007070003000000030000000300000019
:10E8D8000300000000000000B600000068400020AF
:10E8E8000506070003000000010000000300000007
:10E8F8000300000000000000B70000008C4000206A
:10E9080007070700030000000100000003000000E3
:10E91800030000000000000094000000B040002048
:10E9280005040700030000000100000003000000C8
:10E93800030000000000000095000000D440002003
:10E9480007040700030000000100000003000000A6
:10E95800030000000000000098C00000F8400020FC
:10E968001406070003000000010000000300000077
:10E97800030000000000000099C0000024410020AE
:10E988001607070003000000010000000300000054
:10E99800030000000000000092C000005041002069
:10E9A8001D0607000300000003000000030000002C
:10E9B800030000000000000093C000007C4100201C
:10E9C8001F07070003000000030000000300000009
:10E9D800030000000000000093000000A841002090
:10E9E80025040700030000000100000003000000E8
:10E9F800030000000000000000000000241D0020AB
:10EA080000000000000000000000000000000000FE
:10EA1800000000000000000001000000E0450020A8
:10EA2800020000007446002004000000A4460020F4
:10EA380008000000EC4600201000000028470020D5
:10EA4800200000005C4700204000000070470020C4
:10EA5800800000008847002000010000B047002027
:10EA680000020000E04700200004000010480020D9
:10EA7800000800002C480020001000005848002022
:10EA8800002000008C48002000400000BC48002006
:10EA980000800000F44800200000010040490020E8
:10EAA800000002009449002000000400C44900202E
:10EAB80000000800084A00200000000000000000D4
:10EAC800F0000000FFFFFF0FFFFFFF0F000800002E
:10EAD800600000000A0000000C00000000000000B8
:10EAE800E0000000FFFFFF0FFC0800000008000026
:10EAF80016035500530042002000530065007200C1
:10EB0800690061006C00000018035400650065008E
:10EB18006E00730079006400750069006E006F0074
:10EB28000403090409026200030100C032080B0053
:10EB3800020202010009040000010202010005248A
:10EB48000010010524010101042402060524060021
:10EB5800010705820310001009040100020A0000E1
:10EB68000007050302400000070584024000000971
:10EB780004020002FF6AFF00070581024000010746
:10EB8800050102400001000009026200030100C003
:10EB980032080B000202020100090400000102020F
:10EBA80001000524001001052401010104240206C6
:10EBB8000524060001070582031000050904010069
:10EBC800020A00000007050302000200070584028C
:10EBD8000002000904020002FF6AC700070581025B
:10EBE8000002010705010200020100000A060002F6
:08EBF800EF02014001000000E2
:10EC00000000000000000000000000000000000004
:10EC100000000000000000000000000000000000F4
:10EC20000548064B1B1AD90F01EBA301491002D06E
:10EC3000034B03B118477047C05E0020C05E002040
:10EC40000000000008B5054B1BB105490548AFF3AE
:10EC50000080BDE80840FFF7E3BF00BF00000000F0
:10EC600088C50020002005600160704710B502686B
:10EC70000B460C88C1F1010E147033F8012B0468A7
:10EC8000120A627001F15D040EEB030213F801CF6A
:10EC90000168A34201F802C0F6D100225E2100689B
:10ECA000BDE8104003F01CBC70B59B21044600F287
:10ECB000FE30002500F0B4F901223223FE2684F84C
:10ECC00006257E22C4F80C354FF401432946C4F8CA
:10ECD000F823A4F8FC33324604F5FE7084F8FF54A0
:10ECE000C4F80055A4F80455C4F8085511F0F4FA16
:10ECF0003246294604F2FA2011F0EEFA324629464D
:10ED0000204611F0E9FA32462946A01911F0E4FA3A
:10ED1000204670BD10B50446FE22002100F5FE70AD
:10ED200011F0DAFAFE22002104F2FA2011F0D4FAEE
:10ED3000FE220021204611F0CFFAFE220021A01869
:10ED400011F0CAFA002384F80535C4F8083584F8B0
:10ED5000FF3410BDC0F80C15FFF7DCBF38B5D0F894
:10ED6000083504460D4633B162490868D4F80C15DD
:10ED7000C31A8B4212D252B194F8FF34062B00F220
:10ED8000B180DFE803F017212E34415462000123E3
:10ED9000104684F8052584F8063538BD0023FD2289
:10EDA000184684F8053584F8FF3484F80625C4F83D
:10EDB000083538BD7E2D0CD14E4B01221B6884F8DE
:10EDC000FF24C4F8083504E0022384F8025584F8CF
:10EDD000FF3400230322184684F8053584F80625FD
:10EDE00038BD032384F8045584F8FF34F1E76B1E23
:10EDF000DBB2FD2B68D80022042384F8005584F888
:10EE0000012584F8FF34E4E794F8013594F80025EF
:10EE10009342DED2E1180133DBB281F8FA529A4212
:10EE200084F80135D5D1052384F8FF34D1E794F86F
:10EE3000002504F2FA2104F2FE3000F009F98542BF
:10EE400035D1062384F8FF34C3E70023812D84F8ED
:10EE5000FF340AD0FE22204684F8053584F80625C2
:10EE6000FFF758FF94F8050538BD94F8043504F20F
:10EE7000FA21FF2B0CD0CA5CC8183AB17E25134486
:10EE80000570DBB2CA5CC818002AF8D17E23037073
:10EE9000FE22A0180DF06AFB94F800050222002360
:10EEA00084F8050584F80625C4F8083538BD002324
:10EEB000204684F8053584F8FF3484F80635FFF7DA
:10EEC00029FF94F8050538BD0023FF22204684F869
:10EED000053584F8FF3484F80625FFF71BFF94F806
:10EEE000050538BD2046FFF715FF002384F8FF34E1
:10EEF0006FE700BF04C80020013A10B2013218D0F9
:10EF0000034603E00FFA8CF35A1C13D0CA5C03F1DA
:10EF1000FF3C7E2AF6D111F800C0421EBCF17E0FE4
:10EF200004D1A3EB000C034601F800C010B2421C50
:10EF3000F1D17047704700BF2DE9F04100F5FE7632
:10EF4000884615460146FE22044630460DF00EFB6B
:10EF5000B8F1FE0F2ED8FF235FFA88F784F8033547
:10EF6000B8F1000F0FD0002304F2FB11184602E0A5
:10EF7000D8B2874207D911F801CF0133BCF17E0F17
:10EF8000F6D184F8030531463A462046FFF7B4FF30
:10EF90003A4604F2FE3000F05BF894F8033584F84A
:10EFA000F95384F8FC03384684F8FA3384F8FB7389
:10EFB000BDE8F081FF2304F2FB1284F8033500233F
:10EFC00012F8011FD8B201337E2919D0FE2BF7D1D8
:10EFD00004F2FA20FD23024612F8011D1FB2013B84
:10EFE0007E2910D0591CF7D1FE22314604F2FE30A2
:10EFF000FE2700F02DF894F8033584F8F953D0E794
:10F0000084F80305E4E7FD2310F8011D5A1E7E294C
:10F0100002D1F91A1F46017013B25A1CF4D1E3E76A
:10F0200000238446017000B51A464FF0080E12F016
:10F03000800F14BF81EA42025200BEF1010EF6D1E8
:10F0400001330CF8012FB3F5807FEDD15DF804FB9F
:10F0500062B102F1FF3C4B1E002251FA8CFC13F806
:10F06000011F4A40634502445278F8D11046704768
:10F0700000207047034B186810B103681B681847DD
:10F08000704700BF9C9000202DE9F04100F5005032
:10F0900090B0574C9646574B0094C0F810191B6A15
:10F0A0005548C3F301230468403304F080746B4473
:10F0B00013F8406C514B03FB06F60368B6FBF1F204
:10F0C000B6FBF2F543F0A0434D1B03600368DF017C
:10F0D000FCD5052A4FF0000C2AD96046831C01306C
:10F0E000B2FBF3F7192F07FB03F3F7D84FF0010832
:10F0F000B6FBF3F3CB1A002BB8BF5B42AB420BDB82
:10F10000A7F10C0318BF4FF00008062B0AD8B8F17E
:10F11000000F07D08446E1E71D46A7F10C038446A3
:10F12000062BF4D9052FD9D80CF10103B2FBF3F269
:10F13000B5F5967FA2F105024CDC142A4AD802EB01
:10F1400042022F4F6E46DFF8B08002F14003BEF15D
:10F15000020F0DEB03050FCF0FC60FCF0FC60FCF5A
:10F160000FC697E80F0007C626F8023B4FEA134385
:10F17000337015F83F3C15F83E2C4FEAC34315F8A1
:10F18000401C4FEA024203F4601301F0070102F44D
:10F19000E02243EA020343EA010343F4800343EA23
:10F1A0000C6343F48043C8F80430D8F8043014BF2B
:10F1B00023F0080343F00803C8F804303CB90E4AB2
:10F1C000136823F0805313601368DB01FCD410B084
:10F1D000BDE8F081002CFAD1074A136823F0805370
:10F1E00013601368D901FCD410B0BDE8F08100BFF2
:10F1F0003C18500000C00F4000001D4040420F006E
:10F2000098030020002070470020704708207047B6
:10F2100000B599B0002158220DF1060011F05CF8FC
:10F220000A4A45F20800694613681288ADF80000E2
:10F23000ADF802201A0C06481B0E8DF804208DF83C
:10F240000530FFF713FD19B05DF804FBD0880020EE
:10F25000D8B9002000B599B0002158220DF1060060
:10F2600011F03AF80A4A45F2090069465368928853
:10F27000ADF80000ADF802201A0C06481B0E8DF800
:10F2800004208DF80530FFF7F1FC19B05DF804FBA0
:10F29000D0880020D8B9002010B5194C98B0236848
:10F2A00098422AD00146012021600DF03BFB5822F4
:10F2B00000210DF1060011F00FF82368218845F2B6
:10F2C00001001A0C1B0EADF80000ADF802106946E3
:10F2D0000C488DF804208DF80530FFF7C7FC45F287
:10F2E00002030020ADF800300DF0EEF80346694649
:10F2F00004488DF80230FFF7B9FC18B010BD00BF0C
:10F30000D8880020D8B9002010B5194C98B0E3680F
:10F3100098422AD001460320E1600DF003FB5822F9
:10F3200000210DF1060010F0D7FFE368A18945F236
:10F3300005001A0C1B0EADF80000ADF8021069466E
:10F340000C488DF804208DF80530FFF78FFC45F24E
:10F3500006030220ADF800300DF0B6F8034669460A
:10F3600004488DF80230FFF781FC18B010BD00BFD3
:10F37000D8880020D8B9002008B1037813B99FEDD0
:10F38000120B704710B50C46002110F001FD9FEDE7
:10F39000107B9FED115B80EE076BBDEEC66BB8EE88
:10F3A000C66BA6EE470B80EE057B37EE060B44B12D
:10F3B0002378B0EEC00B03F0DB03532B01D1B1EE89
:10F3C000400B10BDAFF30080000000000000000003
:10F3D00000000000000059400000000000004E4006
:10F3E00010B52DED048B0B88032898B0584C04EE13
:10F3F000103AB1F9023005EE103AB1F90430B8EE26
:10F40000C44B07EE103AB1F90630B8EEC55B02EE18
:10F41000103AB8EEC77B9FED4C3BB8EEC22B84EEA2
:10F42000036B85EE034B87EE035B82EE037BF7EE07
:10F43000C68BF7EEC49BB7EEC59BB7EEC78B5AD011
:10F4400004286CD14C2200210DF11200C4ED078A72
:10F45000C4ED069A84ED059A84ED088A10F03CFF0D
:10F46000DFED3C7A46F2020294F8243029EEA74AF6
:10F470008DF8123029EE275AADF8002028EEA76A41
:10F48000694628EE277AFCEEC47A17EE903AFCEE35
:10F49000C57A1C0CADF8023017EE900AFCEEC67A65
:10F4A0004FEA136C8DF80440ADF80600040C17EE1B
:10F4B000902AFCEEC77A000E8DF80840ADF80A20BD
:10F4C000140C17EE903A8DF80900120E8DF805C055
:10F4D000180CADF80E301B0E8DF80C408DF8100096
:10F4E0001D488DF80D208DF81130FFF7BFFB18B0C7
:10F4F000BDEC048B10BD4C2200210DF11200C4EDB7
:10F50000028AC4ED019A84ED009A84ED038A10F01A
:10F51000E3FEDFED107A46F20102237CA6E74C22DF
:10F5200000210DF11200C4ED0C8AC4ED0B9A84ED9C
:10F530000A9A84ED0D8A10F0CFFEDFED067A4FF4C3
:10F54000C04294F8383091E70000000000005940B4
:10F5500004BA00200000C842D8B9002010490B6846
:10F56000486B0A68496B02F07F02C1F30361013204
:10F570000431B2EB410F10D303F07F03C0F30360FB
:10F58000053B0130A3EB4003DBB2054A106800F0F5
:10F590007F000130C01AC0B270470023F5E700BFFA
:10F5A00000001D4000000000B5EEC00B30B5F1EECC
:10F5B00010FA83B005460C4628D49FED177BB4EEB5
:10F5C000C70BF1EE10FA12DB17493B230091281903
:10F5D000164AC4F1100110F049FD002819DB011989
:10F5E0000F2994BF08464FF0FF3003B030BD9FEDA8
:10F5F0000C7B20EE070B0EF0A3FD0D4B9842E3DCD5
:10F600000C4A90FBF2F302FB1301DFE700210B46EB
:10F61000DCE74FF0FF30E8E70000000000004E405C
:10F6200000000000D01263417F969800BC050020C6
:10F63000FF45C323809698002DE9F041564C25687C
:10F64000AD0040F188801F2900F28580646BC4F30F
:10F65000036C4FEACC0C0CF1080C61457BD29A424A
:10F6600079D803D29C1AB4F57A7F74D8002A72D064
:10F67000002B70D0484D2E682C6806F0807644F040
:10F68000A0442C602C68E401FCD52C6814F4407F65
:10F69000C4F3012756D1541CA3425ED315469446A9
:10F6A0004CEA040C25400134A342F9D28CEA050C43
:10F6B000069C2478012C52D0384D394C0D4484EAF4
:10F6C000CC4C4FEA8508079D04EAC24495F800E057
:10F6D000344DAEF1020E4CEA0505BEFA8EFEC8F8B6
:10F6E0000050A8F5F4654FEA5E1E44EACE742C6023
:10F6F00001EB410441F6046841F6086E4FF0000C3E
:10F7000000EBC40000F5F0542760256805F470256F
:10F7100029432160216841F480712160216841F012
:10F720008041216040F8082041F60C6240F80E301C
:10F7300041F6106340F802C040F803C041F614637C
:10F7400040F803C03EB9144A136823F08053136095
:10F750001368DB01FCD4BDE8F081BC46A8E7079C38
:10F76000114D247885EA4C0C0E4F022C0B4C4CEAC0
:10F77000070705EA42050C444FEA840427600CBFE2
:10F780004FF040474FF08047A4F5F4643D434FF4F9
:10F7900080372560ACE700BF00001D402042071005
:10F7A0000000F83F010000C0FEFFFF3F69B170B5E7
:10F7B000054608460C4611F0E3FA2B68024621463E
:10F7C00028465B68BDE870401847704738B5044666
:10F7D00049B108460D4611F0D3FA2368024629467E
:10F7E0005B68204698472046BDE838400CF038BC9E
:10F7F0002DE9F04F0C4615460646B3490722204630
:10F800002DED088BE9B010F01FFE38B10722AF498B
:10F81000204610F019FE002840F02E812A212046B3
:10F8200010F0ACFD0346002800F021814278002A48
:10F8300000F01D818178002900F01981A2F13000CB
:10F840005FFA80FCBCF1090F0CD9A2F14100052838
:10F8500040F22C81A2F16100052894BFA2F157006B
:10F860004FF0FF30A1F130025FFA82FCBCF1090FCA
:10F870000BD9A1F14102052A40F21B81A1F16102DD
:10F88000052A00F2F480A1F15702411C00F0EF803C
:10F89000611C42EA00124FF0000C9942D2B205D22C
:10F8A00011F801EB8B428CEA0E0CF9D1624540F065
:10F8B000DE80592D94BF4FF000084FF00108B8F1D9
:10F8C000000F40F0D48022AF21462A4638460CF083
:10F8D0004DFE2A21384607F8058010F04FFD00281C
:10F8E00000F0C5800DF1890380F800809DF8892023
:10F8F0001293002A00F0BB800DF18A034FF0010A39
:10F9000002E0BAF1100F13D02C2A09D168AA03F82B
:10F91000018C02EB8A020AF1010AA2F5AC721360B3
:10F920001A780133002AECD1BAF1050F40F39F8019
:10F93000DDE91401FFF720FDB0EE40BB4FF00008F9
:10F94000DDE91601FFF718FDB0EECB6BB5EEC0BBDD
:10F950001021B0EE40AB0AA88DF821809FED568BA8
:10F960009FED579B36EE087BBBFE477BFDEEC77BCA
:10F9700017EE903A5A2BA8BF5A23F1EE10FA07EE71
:10F98000903A4CBF53224E22B8EEE77B8DF82020F0
:10F990004F4A36EE476B26EE090B8DED060B10F045
:10F9A00065FB01460AA89DED060BFFF7FDFD4045EE
:10F9B0005DDBB0EECA6B1021B5EEC0AB0EA88DF8C2
:10F9C000258036EE087BBBFE477BFDEEC77B17EE3E
:10F9D000903AB42BA8BFB423F1EE10FA07EE903A98
:10F9E0004CBF57224522B8EEE77B8DF82420394AD8
:10F9F00036EE476B26EE090B8DED060B10F036FB4D
:10FA000001460EA89DED060BFFF7CEFD40452EDB0F
:10FA100009AB314A5A2139A804930EAB039308ABC2
:10FA200002930AAB0193139B0093129B10F01EFBF1
:10FA3000592880461BD8BAF1060F53D011AB17AF27
:10FA4000DFF89CB003EB8A0A03E081450FD95745E4
:10FA500048D0C8F15A0939AA57F8043F02EB080008
:10FA600049465A4610F002FB00288044EDDA69B09E
:10FA7000BDEC088BBDE8F08F5C2200210DF5A17074
:10FA800010F02AFC5C2D2A46214628BF5C220DF589
:10FA9000A170ADF840610CF069FD50A90F48FFF767
:10FAA000E5F869B0BDEC088BBDE8F08FA2F1370036
:10FAB000D8E6A1F13702E8E695D626E80B2E113EEE
:10FAC0000000000000004E40C8050020D0050020C6
:10FAD000C843002028060020D8050020D8B90020FF
:10FAE000EC05002039AB0DF1E50203EB0800002323
:10FAF000904205D912F8011B904283EA0103F9D123
:10FB0000C8F15A071A4A394610F0B0FA0028AEDB9D
:10FB10008742ACD908EB0003DBB2AB4206D12A46E0
:10FB200039A9204610F02CFB0746A0B11149124814
:10FB3000FFF74CFE10481149FFF738FE21460E48EA
:10FB4000FFF744FE0C480E49FFF730FE39A90A487A
:10FB5000FFF73CFEFEE70B490748FFF727FE394653
:10FB60005C220DF5A17010F0B7FB2A4639A98EE78B
:10FB7000F0050020F8050020784C00201806002031
:10FB800020060020504A0020431C1CD00B7830B5C2
:10FB90000C4683B03BB9242803D140F2011388708E
:10FBA0000B8003B030BD49780A2801F1010304EB52
:10FBB000010CDBB263708CF8020005D05A2BF0D137
:10FBC00000232370EDE770470231234400250192A2
:10FBD0006170A11C9D700846009111F0D1F8034698
:10FBE000DDE900121046DAB2FFF702FE2570D8E711
:10FBF000634A2DE9F0411468136804F0807443F0FF
:10FC0000A04313601368DD01FCD511680023DFF801
:10FC100078C121F000515B4F594E11601946536273
:10FC20009362126803EB0C02DD1901331201AD007F
:10FC3000D160DBB29160516011602960326802F0DE
:10FC40007F0201329342EDD3B1643161F26A336BCA
:10FC5000F26233633368002849D1DFF82C8105460E
:10FC6000474E484F19E0336803F07F030133B0EB90
:10FC7000930F34BF4FF080634FF08C631360736B4E
:10FC8000C3F300439B070B603368013503F07F0328
:10FC9000EDB2013328469D421ED2336805EB0802BF
:10FCA000E91903F07F03120189000133B0EB530F10
:10FCB000D9D34FF00063136033689A0003D5FFF780
:10FCC0004DFCA842E0D801231F2D03FA05F34CD8C0
:10FCD000B26A1343B362D7E73CB9294A136823F0E9
:10FCE000805313601368DB01FCD4BDE8F08143F05E
:10FCF00000533360356815F000553ED0FFF72EFCF9
:10FD00003368054603F07F0301338342E4D91E4F75
:10FD10004FF00066DFF868800DE0D8F82820134324
:10FD2000C8F82830D8F80030013503F07F03EDB271
:10FD300001339D42D0D2EB191B011E60D8F8003070
:10FD4000990003D5FFF70AFC8542EBD301231F2D51
:10FD500003FA05F3E1D9A5F120010123D8F8242005
:10FD60008B401343C8F82430DCE7A5F120010123C0
:10FD7000726A8B401343736286E73368C7E700BF3C
:10FD800000001D402042071008D0010470B5584BF8
:10FD900082B05849002201930B6AC3F30123083350
:10FDA0006B4413F8043CC0E90122C0E90322002B94
:10FDB00000F0858000F500554E4924204E4B01246B
:10FDC0004E4A0226C5F80C091220C3F8D0208A6ECC
:10FDD0004B4B42F470328A6641F2B00185F8154906
:10FDE000484A494CC3F81C01C3F80C13E664C3F835
:10FDF0002001C3F81013136823F000431360136845
:10FE000043F0A04313601368DC01FCD553683D49FF
:10FE100043F008035360136843F0804313600B689A
:10FE2000D802FCD40B68374A43F000730B601368A8
:10FE30009901FCD4334C2368DA01FCD523680020F7
:10FE400043F400332360236843F480332360236842
:10FE500043F480532360236843F4005323602368F2
:10FE600043F480032360236843F400232360236862
:10FE700023F408432360636B43F4E0236363236844
:10FE800043F400132360236843F080632360FFF78B
:10FE9000AFFE23681B4A23F0805323601368DB0105
:10FEA000FCD4D5F80C290121184B03EB521302F0B6
:10FEB0001F029B0001FA02F21A6002B070BD0B6AC9
:10FEC000134A23F47F7343F480730B621368002B8F
:10FED0003FF470AF0B4A00F500551C681846526895
:10FEE000D5F81019C2F3C00263685200984763E75F
:10FEF0003C18500000C00F40005C0020750400005A
:10FF000000801F4000001D4000841F404038003822
:10FF10009C9000201F2910B422D8012318488B4040
:10FF20000363184B4FF00064D0790B441B011C6035
:10FF3000E8B1117A1068090520F0604041F4C00171
:10FF40005860D0685DF8044B00BA9860106900BA38
:10FF5000D860D27A41EA024242F040621A607047A9
:10FF6000A1F1200401230648A340C362D9E7146825
:10FF70000548117A00EA844009055860E1E700BFAE
:10FF800000001D4008D001040000FC1F3B4B1B6A11
:10FF90002DE9F04113F0200E86B066D100F58054B3
:10FFA0000646B4F81E3B9BB2102B62D0B4F81C8BF3
:10FFB0000D461A27086808F00F084968AA68EC4639
:10FFC000EB6807FB0848ACE80F002869182269694C
:10FFD00088F830EB41F6303EB4F81C3B03F00F03D9
:10FFE00007FB034383F8312BB4F81C3B03F00F03EA
:10FFF000ACE8030007FB0366EC46B644BCE80F0020
:02000004600397
:10000000CEF80200CEF80610CEF80A20CEF80E3058
:10001000BCE80300CEF81200CEF81610B4F81C2B82
:10002000B4F81A3B92B29BB283F010039A4206D105
:10003000B4F81A3B013303F01F03A4F81A3BB4F8D9
:100040001C3B013303F01F03A4F81C3BB4F81E3B18
:100050009BB20F2B09D8B4F81E3B012003449BB27E
:10006000A4F81E3B06B0BDE8F081012006B0BDE853
:10007000F081704606B0BDE8F08100BF00001D4071
:100080008B7D70B50D4686B004463F4E002B3CD1AB
:10009000336813F0005C25D0FFF760FA33688446BC
:1000A00003F07F03013398421ED23849364807E0F7
:1000B00003685FFA82FC03F07F0301339C4513D28F
:1000C0000CEB01030CF101021B011B68C3F303637A
:1000D000082BEDD120462A466146FFF71BFF012081
:1000E00006B070BD3368E0E70FCDEC46FF26ACE804
:1000F0000F0095E803008CE80300694620468DF860
:100100001460FFF743FF06B070BD306810F0005078
:1001100030D0FFF723FA336803F07F0301338342C3
:1001200024D91A49184E05E0336803F07F030133E0
:1001300098421BD24318421C84461B01D0B21A6855
:100140001201F1D51B68C3F30363082B14D06E466C
:100150000FCD0FC695E8030086E8030069462046E8
:100160008DF814C0FFF712FF06B070BD084B4FF0BA
:10017000FF3CE7E73368D4E720462A465FFA8CF174
:10018000FFF7C8FE0120ABE700001D4008D00104C6
:1001900070001D40F0B50F4B87B00F4C40F2812727
:1001A0009D7AEC4693F816E002260FCCACE80F00DF
:1001B00094E8030000978DF80B608DF80C508DF8D3
:1001C0000DE08CE8030069460448FFF759FF07B0CB
:1001D000F0BD00BFD8880020D8030020A0900020E8
:1001E000204B197A5A7A01F0010118882DE9F04163
:1001F00041EA420188B01A7D40F281188DF803105F
:1002000002AE597D02F00102174F0DF1130C42EAC4
:10021000410293F800E0ADF800006C4698890DF1BA
:100220001B058DF807205A681B69ADF804008DF88E
:1002300002208DF806300FCF0FC697E80300CDF8E7
:10024000088086E8030001E014F801EF0CF801EFE4
:10025000AC45F9D102A90548FFF712FF08B0BDE887
:10026000F08100BFD8880020D8030020A090002093
:100270002DE9F04F434BB7B04FF05C090121DFF897
:10028000148100254A46074619700DF11A00002115
:100290003D4C10F021F806A94046ADF81850FEF785
:1002A000E5FC04F1400EEC46DFF8ECA04FEA272B0A
:1002B000364E4034BEE80F00ACE80F0081238DF8C5
:1002C0000F701EAF00934FF010039EE803008DF8EF
:1002D0000D306FF07F038CE80300694650468DF8BF
:1002E0000E308DF810B0FFF7CBFE294BC822284600
:1002F000757275754FF0020BC3E90022FEF7CCFF53
:100300002846FFF701F8FFF76BFF96F80AE096F82A
:1003100016C00FCC0FC794E8030040F2812387E892
:1003200003001EA950468DF884E08DF885C01E9309
:100330008DF883B0FFF7A4FE4A4629460DF17A00F6
:100340000FF0CAFF737A1EA940468DF87A3045F245
:100350000303ADF87830FEF789FC4A4629460DF1D3
:100360007A000FF0B9FF45F20702737D1EA94046DF
:10037000ADF878208DF87A30FEF778FC37B0BDE81C
:10038000F08F00BF2FC8002098030020D8880020DD
:10039000808F0020D8B90020A09000200368B3F51A
:1003A000C97F2DE9F043044699B01ED2B3F5C17F51
:1003B00012D3A3F5C1730F2B14D8DFE803F03D4728
:1003C000515B131313131313131313130808FEF7BE
:1003D0001FFFFEF73FFF236823B9E37913B9E37AE0
:1003E000022B61D019B0BDE8F083B3F5217F70D046
:1003F00012D940F205729342F4D1C37A012BF1D1A4
:10040000027B002A40F00881A249A348A34A096858
:10041000037111612368DFE740F2822293424FD0DB
:1004200040F283229342DDD1C37A012BDAD19C4B77
:10043000027B1A740368CFE7C37A082BD2D100F18C
:100440000C010220FEF7CCFF2368C5E7C37A082B16
:10045000C8D100F10C010320FEF7C2FF2368BBE7FF
:10046000C37A082BBED100F10C010420FEF7B8FFBF
:100470002368B1E7C37A032BB4D18A4E8A4F33780D
:10048000827B03F00109C3F340058389DFF82882EA
:100490003380DB063A7029D498F8003013B3012B6F
:1004A00000F00E81236897E7237B812B9AD1637B31
:1004B000012B97D84FF0E0237C4AC3F80C2DFEE7C0
:1004C000C37A012B8ED1764B027B83F838200368E8
:1004D00082E7C37A012B85D1714B027B83F82420FC
:1004E000036879E740F2AE20FFF7C2FE98F80030CB
:1004F000002BD4D13378D80703D5B9F1000F00F021
:10050000FF80DFF8B881990716D5ADB9294698F86C
:1005100015505C220DF1020085F0010588F8155098
:100520000FF0DAFE45F20703694661488DF8025084
:10053000ADF80030FEF79AFB3B789A0700F089800F
:1005400098F80920002A73D113F0300F05D098F8DD
:100550001530002B40F088803B7813F0010100F04B
:10056000018173784B49534A13F0010F0B681068EF
:10057000A3EB000300F02081C72B1AD9B8F80A506A
:100580000B680021013513605C222DB27F2DA8BFBE
:100590007F25A8F80A500DF102000FF09DFE4FF4E0
:1005A000A04369464248ADF80250ADF80030FEF76E
:1005B0005DFB98F81530002B7FF474AF3B7813F097
:1005C000100100F0B78073789E0740F1E280314956
:1005D000384A0B6850681B1AC72B7FF663AFB8F810
:1005E00016500DF102000B680021013553605C22AA
:1005F0002DB27F2DA8BF7F25A8F816500FF06CFEF6
:1006000045F2040369462A48ADF80030ADF80250BF
:10061000FEF72CFB2368DFE6052A7FF4E3AE1E4AD3
:10062000117901B913711B4A1C4B12681A6139E721
:1006300000215C220DF1020088F809100FF04CFE39
:1006400045F2030369461A48ADF80030FEF70EFB89
:100650003B7813F0300F17D098F8153023B998F87D
:100660000930002BAAD177E700215C220DF10200AE
:1006700088F815100FF030FE45F2070369460C4864
:10068000ADF80030FEF7F2FA98F80930002B90D15F
:1006900062E700BF04C8002040BA0020B8B90020BB
:1006A00004BA0020F0880020908F00200400FA0592
:1006B000D8B90020F88800202FC80020D888002052
:1006C000337803F00F030F2B7FF4ECAE5C22002194
:1006D0000DF102000FF000FE042369465B48ADF8FF
:1006E0000030FEF7C3FA5A4A116813685B1AB3F573
:1006F000FA6FFAD34FF0E023564AC3F80C2DFEE709
:10070000DFF85C8149465C220DF1020098F80990FF
:1007100089F0010988F809900FF0DEFD45F2030326
:1007200069464A48ADF800308DF80290FEF79EFA0F
:100730003378E8E69D067FF5B5AE73789A0748D41E
:10074000434A4548136841685B1AC72B7FF6AAAE37
:10075000424913684A684360013A236822EAE27218
:100760004A6039E698077FF524AF7378DB0756D4E3
:100770003749394A0B6810681B1AC72B7FF619AF27
:100780000B681360354A1368013B23EAE373136077
:100790000FE72F4A3048136841685B1AC72B7FF672
:1007A00081AE2E4913684A68436001322368C82A23
:1007B000A8BFC8224A600FE6C72B7FF6FAAE0B68C7
:1007C0001360264A13680133C82BA8BFC8231360DF
:1007D000EFE61F48204A036855685B1BC72B7FF66E
:1007E00061AEB8F8165003680DF10200013D536088
:1007F0006FF07F032DB25C229D42B8BF1D46A8F862
:1008000016500FF069FD45F2040369460F48ADF834
:100810000030ADF80250FEF729FA2368DCE50C4DF4
:100820000D4A2B6810681B1AC72B7FF6C2AE2B68C7
:10083000B8F80A5013606FF07F03013D5C222DB2BF
:100840009D42B8BF1D46A8F80A50A4E6D8B90020BA
:1008500004C800200400FA05F8880020808F0020DA
:10086000D88800200B78632B10B5044682B0104660
:1008700013D003F51C6304EB83035B6813B101928F
:100880009847019804F50054D4F804381BB102B01D
:10089000BDE81040184702B010BD04F50054D4F86C
:1008A0000437002BF0D0019298470198ECE700BF85
:1008B0002DE9F04300F500578FB0044697F8003754
:1008C00013B9012387F80037238B9BB2002B57D134
:1008D000D7F80C2904F58056724B02F01F0103EB88
:1008E000521301229B008A401A60B6F81E3B9BB24D
:1008F00083B3B6F81A3B1A2208AD0DF1080C03F0C9
:100900000F03AE4602FB034341F6323203EB02080B
:100910009858D8F80410D8F80820D8F80C300FC52B
:10092000D8F81000D8F8141003C5BEE80F00ACE8E2
:100930000F009EE803008CE803009DF91C104B1C7F
:1009400054D0594B0B441B011B68C3F30363082BA2
:1009500000F08B80D7F80C29544B02F01F0103EBF9
:10096000521301229B008A4000211A60238BB6F8A3
:100970001E0B9BB280B240EA03300FB0BDE8F0839B
:10098000A68A1A23B4F814C008ADF6B20CF1010C13
:1009900003FB0646CCF3080CD6F81C01D6F8201150
:1009A000D6F82831D6F824210FC5D6F82C01D6F870
:1009B0003011A4F814C0238B9BB203C51BB1238B49
:1009C000013B9BB2238308AD02AE0FCD0FC695E865
:1009D000030002AA86E803009DF81C300DF1070110
:1009E00020468DF80730FFF73DFF71E7DFF8C08044
:1009F000D8F8005015F0005550D0FEF7AFFDD8F8EC
:100A00000030054603F07F0301338342A2D9DFF8AB
:100A10009890DFF89C8008E0D8F80030013503F0AA
:100A20007F03EDB201339D4294D205EB09031B0114
:100A30001B68C3F30363082BEED102AA29462046A4
:100A4000FFF768FAB6F81A3B013303F01F03A6F864
:100A50001A3BB6F81E3B9BB2002BDDD0B6F81E3B0E
:100A6000013B9BB2A6F81E3BD6E702AAC9B22046BC
:100A7000FFF750FAB6F81A3B013303F01F03A6F84C
:100A80001A3BB6F81E3B9BB2002B3FF463AFB6F89F
:100A90001E3B013B9BB2A6F81E3B5BE7D8F800303B
:100AA000B5E700BF6038003808D00104403800388E
:100AB00000001D4000F58053D3F8003EDB0069D5EF
:100AC000374B2DE9F04F5E6B4FF0000E41F6146985
:100AD00041F60467C6F3036641F60868F600083677
:100AE00009E013685B0F052B34D00EF1010E5FFA9D
:100AF0008EF39E4250D90EEB4E0500EBC50C0CF563
:100B0000F05213685B0F012B13680DD05B0F022BA3
:100B1000E7D15CF807308B42E7D85CF808308B42AD
:100B2000E3D30120BDE8F08F13F4607FDDD06D00CA
:100B3000002304E01468C4F3C21C6345D5D201331A
:100B400005EB030CDBB20CF5F06C50F82C408C423A
:100B5000F0D1E6E7136813F4607FC6D0CC446D0093
:100B6000012405E01368C3F3C21301339C42BCD2D5
:100B70002B19DCF800A0013403F5F0630AEA010A3E
:100B8000E4B250F82330DCF800B003EA0B039A45D6
:100B9000E8D1C6E7012070470020BDE8F08F00BF14
:100BA00000001D402DE9F04F8C468DB00F460546E4
:100BB0006C46064600F110084FF00109DFF814A159
:100BC000BCE80F000FC49CE8030084E8030056F85B
:100BD000044F5CB19DF91420A36809FA02F119428F
:100BE00056D02368D3F800B0D3454CD14645EED15A
:100BF00005F5005393F80037002B5FD0EE8A4FF0D5
:100C00001A0C386806AC7968F6B2BA68FB680CFB57
:100C100006560FC4002338697969182286F81A31FC
:100C2000EB8A0DEB0206DBB20CFB035303C483F823
:100C30001B21EC8AE4B20FCE0CFB0454C4F81C0157
:100C4000C4F82011C4F82421C4F8283103CEC4F814
:100C50002C01C4F83011EA8AAB8A92B29BB283F4B9
:100C600080739A4224D0EB8A0133C3F30803EB82EA
:100C70002B8B9BB2FF2B03D82B8B01339BB22B8387
:100C80000DB0BDE8F08F9DF8153069462046D84775
:100C9000237C002BAAD02368D3F800B09DF8153030
:100CA000D345A3D020464FF0FF326946D8479DE791
:100CB000AB8A0133C3F30803AB82D4E73B7D3A46EA
:100CC00006A928468DF81830FFF7CCFD0DB0BDE819
:100CD000F08F00BF7104000001EB410170B500EB23
:100CE000C10404F5045EDEF80030DB0028D5DEF830
:100CF00000305B0F012B0BD0DEF800305B0F022BB6
:100D000042D0DEF800305B0F052B1BD0002070BDF9
:100D1000DEF8004014F4607FF8D000234D0005E0B9
:100D2000DEF80010C1F3C21C6345EFD2013305EBBE
:100D3000030CDBB20CF5046C50F82C409442EFD15C
:100D4000012070BDDEF8005015F4607FDED042F265
:100D5000141549000123254407E0DEF80040C4F3E0
:100D6000C21C0CF1010C6345D0D22C6804EA020CC1
:100D7000CC18013304F50464DBB250F824402E682B
:100D80003440A445E9D1DBE742F20413E35893422F
:100D9000BCD842F20813E058904234BF0020012032
:100DA00070BD00BF00F5005393F80137002B00F031
:100DB000DB80DFF86CC22DE9F04F0F4689B00546A5
:100DC0000E4602AC0FCF0FC497E8030084E803007F
:100DD000DCF800309B0052D5DCF8343000244FF0B2
:100DE0006309C3F3036A22464FEACA0A0AF1080AF2
:100DF0000CE05B0F022B3B6800F09A805B0F052B29
:100E000000F0DD800134E2B2924538D996F9143011
:100E1000632B34D004EB440805EBC80B0BF5F057FB
:100E20003B6813F0604FEDD03B685B0F012B3B68D4
:100E3000DFD1C3F30043F2799A42E3D13B6813F464
:100E4000607FDFD04FEA480B002306E03A685FFA84
:100E500088F3C2F3C2129342D4D203F10108029A7A
:100E60000BEB080303F5F06355F823309A42EDD1FC
:100E700002A928468DF81C90FFF794FEE6E70023B0
:100E8000674F8DF80E303C6814F000543FD0FEF7E9
:100E900065FB3B68044603F07F030133834233D98B
:100EA00042F2041742F20818DFF8749196F91430F0
:100EB000A34220D004EB440105EBC10202F5045A21
:100EC000DAF8003013F0604F15D0DAF80030F0791E
:100ED000C3F3C06398420ED1DAF800305B0F012BE8
:100EE000DAF8003041D05B0F022B12D0DAF8003074
:100EF0005B0F052B5BD0D9F80030013403F07F0382
:100F0000E4B201339C42D1D309B0BDE8F08F3B6815
:100F1000C6E7D159029B8B42EDD352F80820934289
:100F2000E9D802A928468DF81C40FFF73BFEE2E70E
:100F3000C3F30043F2799A427FF464AF41F604634D
:100F40005BF80320029B9342FFF45CAF41F608621A
:100F50005BF8022093423FF655AF02A928468DF870
:100F60001C90FFF71FFE4DE7704713F4607FC2D05F
:100F70004A00002307E0DAF800105FFA8BF3C1F3B0
:100F8000C2118B42B7D203F1010B029902EB0B03A2
:100F900003F5046355F823309942ECD102A92846A1
:100FA00000928DF81C40FFF7FDFD009AE3E7029ADE
:100FB00021462846FFF790FE00289CD0B1E73B6809
:100FC00013F4607F3FF41EAF41F6146301275B44C6
:100FD0000AE00BF5F05101370968FFB2C1F3C21105
:100FE00001318F42BFF40EAF07EB4801186801F5DD
:100FF000F06155F821E00299D3F800C008400EEAEC
:101000000C018842E5D102A9284601938DF80E20F3
:1010100000928DF81C90FFF7C5FDDDE90023D8E7AD
:1010200000001D402DE9F04F934D9BB0934F08AC4D
:1010300005900FCD0FC495E8030084E803007E6A95
:10104000B96AD7F82C90386B3B68039113F40043CE
:10105000049003D13A68950000F11881049B43F095
:101060000103B9F1000F00F00281B9FA89F3834D51
:10107000C3F140032C68DFB214F00054029700F073
:101080009F82FEF76BFA2B68044603F07F0301335F
:10109000984280F0C280874240F2BF80059B671C67
:1010A000DFF8D8B103F50053FDB2019706931AE0BB
:1010B000042A00F05881082A00F0E281DBF80030B1
:1010C0009DF8044003F07F03029A0133A24288BFD7
:1010D000AB4205F1010594BF01230023002B40F032
:1010E0009C80631C0193C4F12002039BA4F1200A9D
:1010F00006FA02F1E3400B4326FA0AF10B43DF073D
:10110000DCD5049B09FA02F2E340134329FA0AF200
:101110001343D807D2D5DFF87081A0444FEA0818EE
:10112000D8F80030190EC3F3036201F00B01022955
:10113000BED1D8F8041003F4001021F0604100285B
:1011400012BF4FF0010C4FF0000C890C062A8DF8ED
:1011500027C0089102D101228DF82920ADF8243052
:10116000C3F303438DF8344000288DF82B30069BE1
:1011700093F815398DF83530D8F808308DF82F30C0
:10118000D8F808304FEA13238DF82E30D8F80830FD
:101190004FEA13438DF82D30D8F808304FEA136327
:1011A0008DF82C30D8F80C308DF83330D8F80C305E
:1011B0004FEA13238DF83230D8F80C304FEA13433E
:1011C0008DF83130D8F80C304FEA13638DF8303099
:1011D00014BF4FF08C634FF080631F2CC8F80030B1
:1011E000DBF808304FF0010331D8A34021460598C1
:1011F000CBF83030089AFFF76FFD002832D108A9EC
:101200000598FFF7CFFD08A8AFF3008008A8AFF35B
:10121000008008A8AFF3008050E7184A1848116A08
:101220000268184B4A40134043B1059B03F58053B5
:10123000B3F8D42C92B20F2A40F2DB810F4A136A22
:101240000B431362BFF34F8F1BB0BDE8F08F03FA5F
:101250000AF321460598CBF82C30089AFFF73CFD9D
:101260000028CCD008A90598FFF79CFCC7E7B3FA83
:1012700083F32033FBE600BFD803002000001D40AD
:101280009CBA0020BFFF070008D001048C067FF540
:10129000E5AE81067FF5E2AED7F88020C94C02F4B6
:1012A0000011C2F30050ADF824200029C2F303411D
:1012B0004FEAD2528DF82B10D7F884108DF8280001
:1012C00018BF012021F0604108BF00208DF82620C2
:1012D0004FF0000208BF890C8DF827000CA8089178
:1012E000D4F88810D1400832202A00F8011DF7D127
:1012F0000DA9B448D0F88C20DA400833202B01F82F
:10130000012DF7D1059A02F5005292F815298DF8B2
:10131000352063228DF8342082680363049B5A06CB
:1013200001D540230363049B1B0602D5A54B8022F5
:101330001A63059C08A92046FFF734FD08A8AFF3FF
:10134000008008A8AFF3008008A8AFF300800899D8
:101350002046FFF7AFFB00283FF480AE08A90598B0
:10136000FFF720FC7AE603F40012002AD8F80420E4
:10137000ADF82430C3F303438DF8344022F06042CB
:101380008DF82B3018BF0121069B04BF920C002161
:1013900093F8153908928DF83530D8F80830059A49
:1013A0008DF82F30D8F808308DF827101B0A8DF8EB
:1013B0002E30D8F808301B0C8DF82D30D8F80830B6
:1013C0001B0E8DF82C30D8F80C308DF83330D8F84F
:1013D0000C301B0A8DF83230D8F80C301B0C8DF80D
:1013E000313004F6022352F82330D8F80C20120EC4
:1013F0008DF830200BB108A89847069BD3F8083920
:101400000BB108A89847059901F58052B2F81E3B28
:1014100017469BB2002B00F0D780B2F81A3B1A2275
:101420000DF1500C03F00F03E04602FB031341F6ED
:1014300032320EA903EB020A98588E460791DAF869
:101440000820DAF80410DAF80C30ACE80F00DAF80B
:101450001000DAF81410ACE80300B8E80F00AEE8AA
:101460000F0098E803008EE803009DF94C30591CEA
:1014700000F023819C427FF421AE079AE1B21EE185
:1014800003F40012002AD8F80420ADF82430C3F386
:1014900003438DF8344022F060428DF82B3018BFA2
:1014A0000121069B04BF920C002193F81539089284
:1014B0008DF83530D8F80830059A8DF82F30D8F8E7
:1014C00008308DF827101B0A8DF82E30D8F8083018
:1014D0001B0C8DF82D30D8F808301B0E8DF82C30F1
:1014E000D8F80C308DF83330D8F80C301B0A8DF852
:1014F0003230D8F80C301B0C8DF83130D8F80C3065
:101500001B0E8DF8303004F6022352F823300BB155
:1015100008A89847069BD3F808390BB108A8984744
:10152000059901F58058B8F81E3B9BB2002B58D0A6
:10153000B8F81A3B1A220DF1500C03F00F0367465E
:1015400002FB031341F632320EA903EB020A98584C
:101550008E460791DAF80820DAF80410DAF80C3031
:10156000ACE80F00DAF81000DAF81410ACE8030069
:101570000FCFAEE80F0097E803008EE803009DF957
:101580004C305A1C00F0B2809C427FF497AD079A11
:10159000E1B20598FEF7BEFCB8F81A3B013303F040
:1015A0001F03A8F81A3BB8F81E3B9BB2002B3FF470
:1015B00085ADB8F81E3B013B9BB2A8F81E3B7DE50C
:1015C0002B686BE500001D401F2C4FF001036BD909
:1015D00003FA0AF3CBF82C304FF00063C8F8003060
:1015E0006CE51F2C4FF0010362D8A340CBF83030DC
:1015F00064E5B3F8D42C92B20F2A05D8B3F8D42CF2
:10160000013292B2A3F8D42CB3F8D22CB3F8D24C56
:1016100002F00F02A4B203EB8202C2F8D81CB3F8A6
:10162000D02C92B282F01002944206D1B3F8D02CA2
:10163000013202F01F02A3F8D02CB3F8D22C2D4CAB
:10164000013202F01F02A3F8D22CE469B3F89C2DFA
:10165000A4B292B20F2A05D8B3F89C2D013292B2EF
:10166000A3F89C2DB3F89A2D02F00F0203EB42026F
:10167000A2F89E4DB3F89A4DB3F8982DA4B292B249
:1016800082F01002944206D1B3F8982D013202F094
:101690001F02A3F8982DB3F89A2D0160013202F0D1
:1016A0001F02A3F89A2DC9E5A340CBF8303093E789
:1016B00003FA0AF3CBF82C3000E5079A2146059887
:1016C000FEF728FCB7F81A3B013303F01F03A7F815
:1016D0001A3BB7F81E3B9BB2002B3FF4EFACB7F8B8
:1016E0001E3B013B9BB2A7F81E3BE7E4079A21464D
:1016F0004FE700BF00001D40374A38493848394B92
:1017000010B50A600024486000F1264036491A618D
:101710000A60082248604FF47A7034495C601C7398
:101720005C6198601C6219609A77DC623048C3E99A
:10173000094400F0AFFE2E492E48FDF795FA2E49D8
:101740002E4A01F580538C82CC820C83A3F81A4B6D
:10175000A3F81C4BA3F81E4BA3F8D04CA3F8D24C13
:10176000A3F8D44CA3F8984DA3F89A4DA3F89C4D38
:1017700001F50053116083F80047214883F80147C1
:10178000C3F80C49C3F8104983F814491D4A1E4B8D
:101790000860146803F120001C490C60116843F8CC
:1017A000041B8342FAD1106819491468086019496A
:1017B00010680C6018491468184B086011681848C4
:1017C0001960116804605960106816491268164B58
:1017D00008601A6010BD00BF28070020888F002015
:1017E000C0A801646C900020F88F002078060020CB
:1017F0005C890020D8B90020A09000209C90002097
:101800005406002004C80020B8B900205C900020D5
:101810006890002064900020988F0020F8880020B5
:10182000F4880020948F0020609000202DE9F04380
:1018300000229DB04FF4E1313A4809F0B3FF002295
:101840004FF4E131384809F0ADFF384C00224FF435
:10185000E131374840F2EE2809F0A4FF00224FF4AE
:10186000E131344809F09EFF334D2668334FDFF8ED
:10187000EC900CF03DFB2B78002B3DD03B78DB0748
:101880003AD52368D9F800209B1A0E2B34D922218F
:101890002B482C4E0CF0AEFADFF8C490DFF8C48071
:1018A000294F2A4D29480AF0DBFBD9F8043004A956
:1018B0004046CDE9046301F0ADF8182138460CF03C
:1018C00099FA28460AF0CCFB01F0D2F8034614211D
:1018D0001F48F3B10CF08EFA28460AF0C1FB01F064
:1018E000BFF8034620211B48022B3DD10CF082FAA1
:1018F00028460AF0B5FBD8E723682A789B1B2AB153
:10190000B3F5FA6FC3D80CF0F3FAB2E74345FAD94E
:10191000BDE71B2110480CF06DFA28460AF0A0FB29
:10192000C3E700BF884C0020E84C002004C800201A
:10193000484D0020A84D00203FC800203EC8002090
:10194000C810002028070020EC100020784C002050
:10195000241100204C1100200811002018C800207C
:10196000888F0020084E00200F21BE480CF042FA5C
:10197000BD480AF075FB42F2B821BC4801F0B8F846
:101980003222BA49BA4800F09FFDBA4B41F2707258
:1019900004A95B68B6480593B74D049600F09AFD1C
:1019A000B648FEF7F3F90022B549B448FDF76CFBE1
:1019B0002B6843F0A0432B602B68DE01FCD5002090
:1019C0002E68FEF715F9EA6A2B6BEA622B632B6827
:1019D00023F07F032B602B6843F03F032B60B5009F
:1019E00000F1D881A44D2B6823F080532B602B6825
:1019F000D801FCD40120DFF8E882FEF7F9F8A14B0A
:101A0000C8F804372B6899000AD5AB6A9A0607D440
:101A1000AB6A23F0FF03AB62AB6A43F02003AB6217
:101A200000250DF10F0704AB032640F28112294671
:101A300092488DF810508DF80F60CDE9007340F298
:101A4000FF13FDF7F9FD04AB40F2812201218B4821
:101A50008DF80F608DF81050CDE9007340F2FF2330
:101A6000FDF7EAFD04AA40F27F730221019240F2E1
:101A70000172824800978DF80F608DF81050FDF7C5
:101A8000DBFD7D4B1B689B0040F15F81FDF766FD30
:101A90003F2840F25A819FED7C0A01200AF0A8FFFE
:101AA0009FED790A03200AF0A3FF9FED770A052036
:101AB0000AF09EFF9FED740A07200AF099FF0820A4
:101AC0000BF086F8012100200AF010FD0121022010
:101AD0000AF00CFD012104200AF008FD0121062076
:101AE0000AF004FD002108460AF0B6FC002102209D
:101AF0000AF0B2FC002104200AF0AEFC002106200E
:101B00000AF0AAFC01210D200AF0F0FC01210D20B1
:101B10000AF0A2FC5D4A5E49002302F1200520681C
:101B200001F8013F42F8040FAA42F8D121684FF0B2
:101B3000010C584A04AE20681160574A216882F8A7
:101B400000C0564A25681380554A564F1370564AAE
:101B5000C2E90033C2E90233C2E904339362C2E945
:101B60000633C2E90833C2E90B33C2E90D334F4AE9
:101B70001560256855604E4A4E4DC2E900334E4A05
:101B80001060C8204D4A116003214D4AC7E9003357
:101B9000BB6051601161916151624A49D4F800E023
:101BA000D4F8008024687B75C1E90000042111602D
:101BB000516145499160D1611421D1601162434A5C
:101BC000C2F800E0424AC2F80080424A146040F283
:101BD0000174414A13700FCD0FC695E8030086E8E3
:101BE000030004A92548049404AC8DF81BC0FEF73B
:101BF00047FAFEF7F5FAFEF7CDFA5C2200210DF167
:101C000012000EF069FB7B8904A93448ADF812304C
:101C10004FF4A043ADF81030FDF728F85C22002106
:101C20000DF112000EF058FBFB8A04A92B48ADF809
:101C3000123045F20403ADF81030FDF717F85C22BE
:101C400000210DF112000EF047FB7B7A04A9234816
:101C50008DF8123045F20303ADF81030FDF706F8A9
:101C600040E000BF3C110020784C00206C90002028
:101C70005C890020F88F002000001D40A09000200B
:101C800048E801009D1700000000F042B4B90020B0
:101C90003FBA0020689000202EC80020F088002065
:101CA000908F0020D888002004BA0020F8880020F7
:101CB000D0880020D8030020F4880020988F0020CE
:101CC000A8880020808F00203232B4B464900020B5
:101CD000948F0020609000202FC80020D8B90020E9
:101CE000A0B000205C220DF1120000210EF0F4FAE9
:101CF0007B7DA5F1100704A98DF8123045F207038A
:101D00002648ADF81030FCF7B1FFFDF781FAFDF77A
:101D1000A1FA4FF0020E4FF0810C0FCF0FC495E8DF
:101D2000030086E8030004A91D488DF81BE08DF828
:101D30001CC0FEF7A5F906211A480CF05BF81A48FA
:101D40001DB0BDE8F0430AF08BB9184B5A6A22F077
:101D500000425A620022D3F87014C3F87424C3F806
:101D60007824C3F87C244FF00062C3F870245A6AC8
:101D700042F000425A624FF000429968DA62D3F8AA
:101D8000703413F4C00F14BF01230023DB06C8F81E
:101D9000E83680E60120FDF72BFF23E6D8B90020C6
:101DA000A090002070110020784C002000001D4001
:101DB0002DE9F04FB0480125B04EB14CDFF8288333
:101DC000B04F2DED048BB5B0FEF772FDAE4900E0CB
:101DD000013516F8013F08EB85025BB1236800204E
:101DE00052F8042C9B1AB3F5967F03D3052D30705F
:101DF00000F0F581082DEBD1A44D284600F0CEFB74
:101E000000284AD005F580715C220DF11200B5F86A
:101E1000FE60B5F9FE500AF0A9FB9D4B0121DDF8EB
:101E20001220197042F211039D4200F30F8342F217
:101E300001039D4215DD974B33440E2B00F21483B2
:101E4000DFE813F0C302F502F202EF02EC02E9024E
:101E5000E602E302E0020103FE02FB02F802C00216
:101E6000C60241F203039D4200F3F082B5F5805FA4
:101E70000ADB6FF480533344022B00F2F882DFE870
:101E800013F04F024B025702022D00F05582032D32
:101E900040F0E4802268804B1A60804A2368116811
:101EA0005B1A312B40F2888023680027DFF83CB2B0
:101EB000DFF83C9213605A46794BCB46DFF8348208
:101EC0000193784EC146784BDFED789A9FED789A72
:101ED000DFF824A200939FED668B6B4B93F8008094
:101EE000B8F1000F40F068817249306951F827104D
:101EF00000F1C705C9F80410A94240F31881A1F107
:101F0000C80C757AC829ACEB000C706800FB0C5546
:101F1000C5F1000500F0B681002D00F0F281F068F7
:101F2000B6EE004B009B07EE901A00FB00F0DAF8CB
:101F300000C01B68B8EEE77A06EE900ADBF80000F6
:101F40000293C829B8EEE66B0346039037EE697A30
:101F5000019886EE085BD2F800E0D0ED003A184612
:101F6000029B1844B8EEE32B27EE077A13EE903A63
:101F700060447044B7EEC77A06EE900AB8EEE66B9E
:101F8000A2EE046B25EE065B85EE076BB7EEC66B23
:101F900000F39881D84248BFB0EE496A07EE905AE4
:101FA000F8EEE77A77EEC67AFDEEE77A17EE905A0A
:101FB000CDE04046FDF7A8F93F4A236811685B1A57
:101FC000312B00F24E81344940F6B732236809685C
:101FD0005B1A934209D92E4B1A7832B12A4A002152
:101FE00012781970002A00F07281344B1A78002A96
:101FF00040F08480324A236811685B1A632B00F238
:102000001681304923680A689B1AB3F57A7F80F0FD
:1020100007812D4D23682A689B1AB3F57A7F80F0DB
:10202000EF802A4809F032FB4FF4E0422849FDF7DF
:10203000ABFD284809F02AFB47F201022649FDF7CB
:10204000A3FD264809F022FB47F20202244935B0DD
:10205000BDEC048BBDE8F04FFDF796BD8D4240F01E
:10206000F5814FF0E0231F4AC3F80C2DFEE700BFB7
:102070000000000000005940A09000203FBA00205E
:1020800004C80020689000202FC800205C89002030
:102090002DC80020FDDFFFFF60900020649000202D
:1020A000FCB90020A8880020DCB9002000004843CB
:1020B00000000000808F0020988F00202EC8002094
:1020C000F48800205C900020948F0020E84C0020D1
:1020D00000890020484D002000900020A84D0020DD
:1020E0009C8F00200400FA05B8B90020F4B9002044
:1020F000E4B90020D8880020ECB90020B649226855
:102100000968521AB2F57A6FFFF474AFB34A00212E
:1021100012791970002A40F0C780B14B1B78002B50
:102120007FF468AF40F21A70FEF7A2F862E7C0F1E0
:10213000C805A94240F39C80DBF800304546D2F840
:1021400000E00393009BDAF800C01B68029301983B
:10215000C829029BC0F800E0CBF800300398009B30
:10216000C2F800C0CAF800001D6040F3B580F17AE3
:1021700005EAE57549428D42B8BF0D46002D00F0D5
:10218000B680717A4942A942C0F2B3800121C5F1FB
:102190000008029207FA01F05FFA88F80AF05CF989
:1021A0000021029A89F80810002F7FF402AF404600
:1021B0000292FDF771F8029A019B09F10C0914369D
:1021C000043204330AF1040A0BF1040B0193009B5F
:1021D00004330093002F7FF4EFAE01277DE62368E0
:1021E0003A689B1AB3F57A6FFFF4F2AD0B78002BC7
:1021F0007FF4EEAD4FF45F70FEF73AF87849E7E50B
:10220000236800215C220DF172002B600EF064F84F
:1022100003231CA97348ADF87030FCF727FD00E7D5
:1022200002F57A720D200A600AF040F9F1E623689F
:102230001CAD6D4E40F2017E13604FF0010C05277E
:102240000FCE0FC596E8030085E803001CA9674878
:10225000CDF870E08DF87BC08DF87C70FDF710FF35
:10226000CFE623681360FDF7BBFFFDF793FFAAE6F7
:10227000A1F1C80C357AC8298444306800FB1C558C
:102280007FF44AAE1168019B1960DAF80010009BD8
:102290001160DBF80010CAF8001019681D60CBF857
:1022A0000010002D20DC69E7514B4D4A1B78127855
:1022B00003F0100313437FF49DAE40F21F70FDF74F
:1022C000D7FF97E61844002839FE066A66E640F212
:1022D0000E70FDF7CDFF88E6E3D025EAE575B17A0B
:1022E0008D42A8BF0D4625B1317AA94201DC5FFAC3
:1022F00085F80021780002920AF0AEF80121029AD6
:1023000050E7DBF80030D2F800E00393009BDAF8E6
:1023100000C01B6802931AE7364B00221A60BCE526
:10232000354B5B7D002B3FF4B8AD344B5A60B4E5C0
:10233000304B00225A60B0E55C2200210DF17200A2
:102340002D4D0DF0C9FF45F203031CA92548ADF83A
:1023500070306B7A8DF87230FCF788FC5C220021BB
:102360000DF172000DF0B8FF45F207031CA91D48DE
:10237000ADF870306B7D8DF87230FCF777FC5C2225
:1023800000210DF172000DF0A7FF4FF4A0431CA92E
:102390001448ADF870306B89ADF87230FCF766FC0C
:1023A0005C220DF1720000210DF096FF45F204024F
:1023B000EB8A1CA90B48ADF87020ADF87230FCF721
:1023C00055FC6AE50E4B1A6267E50D4B5A6064E5F1
:1023D0000B4B5A6261E500BF6890002040BA0020B4
:1023E0002FC80020D8B90020D8030020A0900020DA
:1023F000F0880020D0880020D8880020808F00201E
:10240000A88800201E4B9A6147E51D4B5A6144E5A0
:102410001B4B1A6141E51A4BDA603EE5184BDA7244
:102420003BE5174B9A7238E5154B5A7235E5144B5C
:102430001A7232E5124BDA772FE5114B9A772CE5B9
:102440000F4B5A7729E50E4B1A7726E50F210D48D9
:102450000BF0D0FC0023102231460B4809F01CFE83
:10246000094809F0FDFD18E5054B1A6015E5074B15
:102470005B7A002B3FF411AD054B1A600DE500BFF0
:10248000A8880020C80F0020784C0020D8880020A1
:10249000808F002010B50446FCF706FC00214FF0A9
:1024A000807308484FF48272C4F81015C4F81405FC
:1024B00004F5A460C4F81815C4F81C350DF00CFF21
:1024C000204610BD28070020C0F810151146FCF763
:1024D00041BC00BF4B68A0F81C25C0F818357047F8
:1024E00070B5D0F8105582B00446002D4BD0FCF7E3
:1024F00023FD94F8FA3394F8F813861D94F8F92321
:10250000054684F82235B6B294F8FB3384F82015DA
:1025100084F8212584F8233500283AD0421E04F59A
:10252000FE7C04F2FB13D2B2944413F8011F9C45C5
:1025300083F82813F9D1531D94F8FC13E21882F89C
:102540002015134694F8FD23694683F82125D4F815
:102550001825D4F81005036801920F4A9B6A00926F
:10256000B4F81C259847D4F81005324604F5A46148
:1025700003685B689847D4F8100503681B6B98479D
:10258000284602B070BDFF2380F81F35284602B0F0
:1025900070BD0423D0E700BF2807002070B50446B3
:1025A000D0F8100500283FD003685B6B98470028DF
:1025B00023DDD4F810054FF4827204F5A46103689A
:1025C0009B6B9847002816DD04F21F552E1803E078
:1025D000002B20DBB5420ED015F8011F012220464A
:1025E000FCF7BCFB94F9063584F81E05022B84F831
:1025F0001F35EDD170BD002070BD00222046114670
:10260000FCF7ACFB94F806350246002084F81F3531
:1026100084F81E2570BD2046FCF77CFB4FF48073C8
:102620000020A4F81E3570BDFF2384F81F3570BD4F
:1026300068B161B1002210B404880132012C0AD0C3
:10264000914200F11000F7D15DF8044B70474FF054
:10265000FF329A607047027A1A74427A5A74827A08
:102660009A74C27A9C60DA745DF8044B704700BFBC
:102670004B684360704700BF70B50D4688B0044694
:10268000164601A9284603F03FF9013004D0019B0A
:102690000120736008B070BD00230593A36004930C
:1026A0000793CDE902330123ADF80430ADF81430BF
:1026B000164B06934FF45453ADF8063004F062FE07
:1026C00004F0B0FF0346227901A8029363798DF8E4
:1026D0000C208DF80D30A279E379049507948DF8DC
:1026E0000E208DF80F3001F02FFF0028D2D0A36804
:1026F000002BFCD0A368013302D0A068012802D0CF
:10270000002008B070BD23697360C3E7313A000050
:1027100000207047704700BF014B1868704700BF2A
:1027200004C80020036818470B680360704700BFA7
:102730000B680360704700BF704700BF10B50446C8
:1027400009F0CCFB204610BD704700BF704700BFAA
:10275000002938B51546104B14BF012200221A700B
:1027600006D0044604F00EFE04F022FE30B138BD5F
:1027700001F094FEBDE8384001F07EBE07480460D9
:1027800001F010FE0028F2D0204601F087FE2968F3
:10279000BDE8384001F09CBE31C80020A0BA00203E
:1027A0002DE9F04F9BB0CDE90212CDE9043004F0E1
:1027B000E9FD04F0A9FD002840F0B980764A1368CD
:1027C000002B00F0D980754B1B68002B00F0DC80DB
:1027D000DFF8FC81D8F800301BB94FF40063C8F86B
:1027E00000306F4F3878002800F0C280800009F078
:1027F00057FF034638786B4D8000DFF8D8B12B6067
:1028000009F04EFF68603878DFF8CCA1400009F08D
:1028100047FFA8603878400009F042FFE860387848
:10282000800009F03DFF28613878800009F038FF0A
:1028300003463878CBF80030400009F031FF68617A
:102840003878400009F02CFF01463878564B80005C
:10285000196009F025FF554B1860387809F020FF02
:102860003B78CAF800004BB300263446B1462B68CB
:102870000136D8F80000019309F012FF019B43F8DC
:1028800024006B68D8F80000019309F009FF019B50
:1028900043F8240004202B69019309F001FF019BF8
:1028A00043F82400DBF8003043F82490DAF80030D5
:1028B00003F80490F4B23B78A342D8D8374B0AA867
:1028C0001B680A93344B1B680B93394B0C93394BA1
:1028D0000D9306F07DF8013047D006220599364861
:1028E00004F040FE013040D004F04CFD00283CD004
:1028F00004F048FD314BCDE9070307A802F0BEF80C
:102900002F4B304A10A916A80E9314931092FFF77C
:102910000BFF14A945F6BF522B4809F05DFA149B32
:1029200016A8DB6898470E9B10A8DB68984704F050
:1029300029FD01F0B3FD01F09FFD04F023FD249B70
:102940005A68029B596804F0F5FC04F01BFD049BD7
:10295000596804F0FFFC04F015FD039B596804F06E
:1029600005FD1A4A1378002BFCD01BB0BDE8F08F90
:10297000082320203B703AE74FF480331360074B65
:102980001B68002B7FF424AF034B186809F088FE06
:10299000024B18601CE700BF54BA002050BA002058
:1029A00030C800200000202060BA002064BA002057
:1029B0002C0700203C07002048550020513B000018
:1029C00044070020B59E0000904F002031C8002031
:1029D0004CBA002048BA002068BA002030B50C4C30
:1029E0008BB04D68526859686FF07F430894099323
:1029F00006ABCDE9024508ADCDE90442CDE906417B
:102A000004AA02A90095FFF7CBFE0BB030BD00BFB2
:102A10002807002010B5114A8EB04C680123089297
:102A20000A920C92CA7903948DF80F20039A0194AC
:102A30008DF80730019907928DF81F30059107999D
:102A40008DF817300CAB059C09920AAA0D9108A9C4
:102A50000B94FFF7C3FF0EB010BD00BF2807002086
:102A6000024B1878C0F10200C0B2704731C8002094
:102A70000320704710B40020054C064B064A074956
:102A8000C3E9004006485DF8044B0BF04BBB00BFA8
:102A90002807002058BA0020A44F00203D3B00002A
:102AA000904F00200020704710B4034C4A69C0E9E1
:102AB00000425DF8044B704728070020008B7047E8
:102AC000C0897047808B80B2704700BF704700BFDD
:102AD00038B5064D0446807F2B78834200D838BD38
:102AE00000F0C8F92B78A37738BD00BF30C80020AC
:102AF000104B1A7870B504460D460F4E82B13278ED
:102B0000827700221A702946022000F0D5F9337826
:102B1000A07783420BD900230120E581A38370BDF8
:102B2000807F33788342EED900F0A4F9EBE70020F0
:102B300070BD00BF2858002030C8002008B54FF0F5
:102B4000000C03460431807FA3F81AC000F050FB4C
:102B500008BD00BF08B50021807F00F085FB08BDDF
:102B600008B5807F00F080FB08BD00BF13460A4611
:102B7000418B9BB210B50446807F00F003FB638B52
:102B80000344638310BD00BF838B9BB2ABB10122B2
:102B900010B582B00446807F0DF1070100F07EFA87
:102BA000002807DDA38B9DF80700013B9BB2A383A0
:102BB00002B010BD4FF0FF30FAE74FF0FF30704722
:102BC000838B9BB2CBB1838B9BB2934210B50446EF
:102BD0000AD912B2807F00F061FA00280ADDA38BC7
:102BE0001B1A9BB2A38310BD828B807F12B200F0B0
:102BF00055FAF2E74FF0FF3010BD4FF0FF3070474D
:102C000008B5074B827F1B78934206D9838B9BB212
:102C10001BB1104600F0A8FA08BD4FF0FF3008BD08
:102C200030C80020F0B5114F0446807F83B03B7858
:102C30000E461546834215D8726869460C4B8220B1
:102C400001922A46009300F0E7F93B78A07783428F
:102C500005D900230120E581A38303B0F0BD002046
:102C600003B0F0BD00F006F9E6E700BF30C8002071
:102C70002807002030B5044687B0807F00F05AFA5C
:102C8000A08308B907B030BD14480C251449A37FB0
:102C90000068096850F8230051F8231002AB114A6C
:102CA0000295126801930DEB05030093002305F0D4
:102CB00077FB0D4AA17F0023126822F81130421CD5
:102CC00009D09842DEDDBDF80E30059A5BBA62612C
:102CD000238307B030BD184607B030BD48BA002086
:102CE000040020204CBA0020140020202DE9F041DF
:102CF0001A4C8AB000260F46904605460594069663
:102D0000CDE90846CDE9014604F03CFB04F05EFB4A
:102D100003A9CDE9034005A8FFF7AAFC394605A899
:102D200041F2883301AAFFF7A7FC01280DD1029ACE
:102D30002B689B6A04920A4A03949342424607D145
:102D400004A9A87F6E8300F053FA0AB0BDE8F081B1
:102D500003A9284698470AB0BDE8F081280700205B
:102D60003D3F000003680D4A5B6810B5934282B096
:102D70008DF807100CD10446418B01230DF1070299
:102D8000807F00F0FFF9638B0344638302B010BDC2
:102D900001220DF10701984702B010BD6D3F000000
:102DA00070B50568124EAD6BB54219D11346828BD2
:102DB000044692B2C2B1828B92B293420AD21AB244
:102DC000807F00F06BF900280EDDA38B1B1A9BB2ED
:102DD000A38370BD828B807F12B200F05FF9F2E7AF
:102DE0002B46BDE8704018474FF0FF3070BD00BF64
:102DF000C13F00001A4B1A6852F82030D3B10121AC
:102E000052F82000072210B584B003AC03910DF1F5
:102E10000B031449009405F0C1FB01300CD09DF860
:102E20000B30042B03D8104AD05C04B010BD012035
:102E300004B010BD1846704702F0A4F904460A21F8
:102E40000A480AF0D7FF0BF009F82146084809F0B4
:102E5000FBF8074809F004F90BF000F8DFE700BFC2
:102E600048BA002017E503005C050020300600206A
:102E7000784C002070B50D4E044633681A5C03444C
:102E800052B985000A4E002432681C70505905F072
:102E9000DDF933685C5170BD064B85001B6853F843
:102EA000200001F015FE33682344EBE768BA0020E8
:102EB00048BA002064BA00202DE9F047DFF85481B9
:102EC00088B098F80090B9F1000F00F081804C4F65
:102ED000002305460E463A689C4601E0E1455AD972
:102EE00001331168644604325FFA83FC0029F5D18E
:102EF000444B0121022D1B680391029361D0212DC7
:102F000005D098F80040204608B0BDE8F0870022C0
:102F10000846D7F8009004F0B1FF23B249F8230027
:102F20004FEA84093B6853F80930002BE9D00C22A2
:102F3000002105A876BA05F097FE3B6805A90C228A
:102F400053F809000023ADF8166007930123ADF88C
:102F5000143005F0C7F83B68013053F8090034D04D
:102F6000042602AB06222849009605F093FA3A6837
:102F700002AB254952F809000522009605F08AFAAD
:102F8000212D27D0214B002220461B6823F8142036
:102F900008B0BDE8F0874FF0000A534601E04B450A
:102FA000AFD218461C46FFF725FF00F0FB000AF1E0
:102FB000010A18285FFA8AF3F1D12046FFF75AFF79
:102FC00096E7084600222946A3E705F03FF998E76F
:102FD0004C4698E70E4B102206211B6804933B6871
:102FE00053F8090003AB009605F054FA3A6804ABB5
:102FF000054952F809000322009605F04BFAC1E793
:1030000048BA00204CBA002017E5030060BA00203F
:10301000F003002030C80020F0B5022087B00D4634
:103020001146FFF749FF1B4B04461B7883422DD006
:103030006B79042728791B04E979AA7925B203EB77
:103040000063154E0B44002103EB02231922059166
:103050001BBA0493336853F825000823009304AB8C
:1030600005F018FAFF23182200210393336853F860
:10307000250003AB009705F00DFA336800211722F5
:1030800053F8250003AB009705F004FA204607B07B
:10309000F0BD00BF30C8002048BA00202DE9F04143
:1030A000DFF88C80204BD8F800501B6835F810C032
:1030B00005EB40059C4533D0064647000CEB02006B
:1030C0001446834218DC9BB2A3EB0C04A4B279B182
:1030D000164B084622461B6853F82610614405F03B
:1030E00033FDD8F8005035F816303D4423449BB2E8
:1030F0002B802046BDE8F08171B10C4B08461B685F
:1031000053F82610614405F01FFDD8F8005035F83B
:1031100016C03D440CEB040028802046BDE8F08139
:103120004FF0FF34E5E700BF4CBA00200400202038
:103130001400202010B5094B0146094C094A2068AB
:103140001C68022350F82100126854F8211005F081
:1031500097F9431C08BF002080B210BD0400202056
:1031600048BA00204CBA0020044A054B12681B687C
:1031700052F8202033F81030D05C70470400202033
:1031800014002020F8B50E46164F1D461146334454
:103190003A68934213DB144B04B2921B1B6853F83A
:1031A0002400304405F0D0FC3868104B801B1A68AE
:1031B00080B232F81430034422F81430F8BD0A4BC0
:1031C00004B22A461B6853F82400304405F0BCFCC6
:1031D000064B28461B6833F81420154423F8145076
:1031E000F8BD00BF4CBA00200000202008002020BD
:1031F0000B780BB94B783BB3002A2DD003B292FA6F
:1032000092FC002010B4154C226822F81300144AD6
:103210000C78106850F82300047010684C7850F84F
:103220002300447010688C7850F823008470146870
:10323000C8780C4A54F82310C870012012685DF851
:10324000044B22F813C070478B78002BD4D1CB7875
:10325000002BD1D118467047104670470800202037
:10326000100020200C00202010B5194B86B0194CFE
:1032700084461B68012220680C24ADF80C2050F80D
:103280002C0033F81C200B46ADF80E204278017854
:10329000120402EB0162C17880780A440E4902EB05
:1032A0000022096812BA51F82C000C4905920C4A08
:1032B0000968126851F82C1032F81C2001946C44F3
:1032C000009404F0EDFF013018BF012006B010BDDE
:1032D0000C0020201000202048BA002000002020F0
:1032E0000800202040BA80B2704700BF00BA704783
:1032F000002070474E494F4AF8B5CB6E04464E4DFC
:1033000043F44063CB664D4BC2F8E850C2F8E4305A
:10331000D2F8E030002BFBDA49484FF480334949BA
:103320004FF4004EC2F8E8300522436843F2E90743
:10333000454E4FF0000C1940444B012541F400313B
:1033400041604BF2E901C3F8742100F5A610C3F8FF
:103350007821726800F5806042F440427260032276
:10336000C6F884E04FF4804EC6F888E0C3F87C735A
:10337000C3F88473C3F88013C3F89873C3F8881331
:10338000C3F88C13C3F890133121C3F8941316219A
:10339000C3F89021C3F88C21C3F8A411C3F8A82165
:1033A000C3F89421C3F8A021C3F89821C3F89C2145
:1033B000C3F8B8C1C3F8B4C1022325490363456308
:1033C0008563C5630564C562224D4868224B2A683F
:1033D000A3FB0232920C52004B681B1A9A42FBD894
:1033E000194B4FF48042C3F8842012221B4B5A64BD
:1033F00003F13B73486803F517332A68144903F255
:103400008323A3FB0232920C02EB82024B681B1A4D
:103410009A42FBD84FF420721821204602F00AF895
:1034200081221721204602F005F80020F8BD00BFD8
:1034300000C00F4000800D400F100100012021004E
:1034400000C00A40FFDF7DFF0040004200801F40B7
:10345000001000E0744C002083DE1B4300802D40F0
:10346000014B187903F0CEB800ED00E0102830D9F8
:10347000194B1A4A9B6830B553F82040944218BF44
:1034800043F8202010389F284FEA501C1FD8144CB6
:103490000F2900F01F054FF0010204EB8C0E04EB26
:1034A000000302FA05F228BF0F21DEF88001C1F106
:1034B0000F0110430901CEF8800154F82C00C9B265
:1034C0000243002044F82C2083F8001330BD002074
:1034D00030BD4FF0FF30704700ED00E06148000064
:1034E00000E100E008460AF06FBC00BF0AF018BC1B
:1034F0000AF05ABCE0B103691B78012B18D1C368EC
:103500001A68AAB1A1B11368D3F8E430CB704FEABE
:10351000136C180C1B0A81F800C0487000208B70D7
:103520001368D3F8E8301A0E1B0C0A714B71704700
:103530004FF0FF30704700BF70B103691B78012B5B
:103540000AD1C36800201B681B68D3F80422D3F893
:103550008432C1E9002370474FF0FF30704700BF4D
:10356000C3681A6813685968890104D54FF000715F
:10357000D160596070474FF0FF325A60704700BF0A
:10358000C0684FF40003890430B4046801F4F80102
:1035900064686360A568A36823F40003A360037AEA
:1035A000DB0503F078630B430D4919434FF4803377
:1035B000216401E0013B0BD061680902FAD54FF4A8
:1035C000000300206360A560236C138030BC70474B
:1035D0004FF400034FF0FF306360A560F6E700BFD3
:1035E0000000026030B4C46889044FF40003256809
:1035F00001F4F80069684B608D688B6823F4000360
:103600008B60237ADB0503F078631A434FF4803331
:1036100002430B481043086401E0013B09D04A68AB
:103620001202FAD54FF4000300204B608D6030BCCD
:1036300070474FF400034FF0FF304B608D60F6E7AA
:103640000000025070B3F8B5036907461B78012BE0
:1036500025D1C3680C461E6809B306B30622134978
:10366000204605F00BFBD0B106221149204605F09B
:1036700005FBA0B1237813F0010510D1236838466B
:1036800032681BBAC2F8E430637921791B0443EA3B
:103690000163C2F8E83001F01FFE2846F8BD4FF084
:1036A000FF30F8BD4FF0FF30704700BFC40E002060
:1036B000BC0E002038B5C36800224FF0FF35044629
:1036C00019680B6888685A645A629A605D6002F0F3
:1036D000F9FF2046BDE8384001F0F2BDC3689A69A1
:1036E0002DE9F043064683B01D6812B190470028CB
:1036F0006DD12B6801225A625C6A14F00104FBD17F
:10370000286B4FF0FF329C600C275A6000F13F039A
:1037100000F18E02ED3023F03F03A14622F03F027C
:1037200020F03F006B616FF07F086B62AA612A6234
:103730001F805C80FFF7DAFD0246286B6B6900F2A0
:103740002A705A6020F03F001A7A1F7240F23D67DB
:103750005A7A5C729A7A9C72DA7ADC72FFF7C6FD4A
:103760006B69AA69D86002232B7707FB04F1286BE9
:1037700002EBC40312F834C001F6675102F834803A
:103780005A78084483F801909A7820F03F0083F833
:103790000290DA7883F80390FFF7A8FDAA69E300A6
:1037A00001341344042C5860DFD169696C770B89AC
:1037B000A86843F020030B81138B2C4943F02003AE
:1037C000138323462A4A009602F03CFF10B103B04F
:1037D000BDE8F0832B6840F2FE5C6A68C3F8200104
:1037E000C3F82401C3F81801C3F81C01D5E9051773
:1037F000C3F888C1C3F88071C3F884111D49C3F8A8
:1038000084101821C3F8C440C3F8C0114721C3F87D
:10381000C4114FF48071C3F844110F21C3F8900113
:10382000304631626E2151644FF00071022299607E
:103830005A6201F029FE0028C9D12B684FF00042DE
:103840004FF08071C3F8E400C3F8E8005A66C3F88B
:103850000402C3F884025A6E22F000425A66C5E997
:103860000A00196103B0BDE8F08300BF61490000A0
:10387000194D00000401FE05C36870B51C6882B0D4
:10388000236A1A88110644D405464FF0807624E056
:103890001A8812F47C5F0CD15868FFF727FD236A61
:1038A00001905888FFF71EFD01990246284601F055
:1038B00075FC236A21681A8802F020021A801A888F
:1038C00042F080021A801A8890064CBFA369083320
:1038D00023620E611A8812061BD41A881207D7D4E5
:1038E000236A21681A88083302F0200223F8082C82
:1038F00033F8082C42F0800223F8082C33F8082C07
:10390000900648BFA3690E611A881207EAD50E61B6
:10391000D1E702B070BD00BF38B5C36804461D686A
:1039200002F0FEFEEB689A0103D4BDE8384002F0D5
:10393000FFBE23F000732046EB60FFF79DFFBDE85C
:10394000384002F0F5BE00BF70B50D46002931D0F9
:103950004B690D2B2ED9C3681E68726A138813F049
:103960008004FBD15068FFF7C1FC214603460446A2
:103970004FF0FF32284603F0A9F9AB69990620D52C
:10398000686980B2746AFFF7ADFC726A6080138860
:1039900043F080031380BFF35F8F736A1A88920627
:1039A0000DD40833326873625369002BFCD14FF099
:1039B000807353612846BDE8704003F0D5B9736940
:1039C000F0E7A3896869082B19D04DF68652934217
:1039D000D7D12728D5D9227D2823002AD1D003F199
:1039E0000E01062A0C441ED0112A15D0012AC8D176
:1039F00004339842C5D30023A370E370C1E71328B2
:103A0000BFD9A38A23F04003002BBAD1A37BE27D68
:103A10009B0003F03C03E0E708339842B1D3002356
:103A2000A371E371ADE714339842AAD30023237442
:103A30006374A6E7C3684FF0FF3C30B501EB0C00A0
:103A40001F4C1D6801F1050E10F8012F082305E039
:103A5000013B4FEA520284EA5C0C09D082EA0C0175
:103A6000C907F5D4013B4FEA5C0C4FEA5202F5D18D
:103A70008645E9D1CCF384620123BCF1000F03FA3F
:103A800002F32A680DDBD2F82411194203D0AA6A86
:103A90001A43AA6230BDD2F824110B43C2F8243174
:103AA00030BDD2F82011194203D0EA6A1A43EA6203
:103AB00030BDD2F820110B43C2F8203130BD00BF19
:103AC0002083B8EDC3684FF0FF3C30B501EB0C002C
:103AD0001A4C1D6801F1050E10F8012F082305E0AE
:103AE000013B4FEA520284EA5C0C09D082EA0C01E5
:103AF000C907F5D4013B4FEA5C0C4FEA5202F5D1FD
:103B00008645E9D1CCF384620123BCF1000F29681A
:103B100003FA02F308DBAA6AD1F8240162EA03037C
:103B20000340C1F8243130BDEA6AD1F8200162EACD
:103B300003030340C1F8203130BD00BF2083B8ED3E
:103B400038B51D461346EA1C8A420AD84570044619
:103B50002A46023503700230049904F0F5FF60191B
:103B600038BD002038BD00BF30B5D0E90025531C5A
:103B70009D4202D83AE0954238D914781346013272
:103B8000002CF8D0FF2C31D05A7802321A449542DA
:103B90002CD302601C7893F801C0013C3A2C22D847
:103BA000DFE804F01E216E21216321212121212142
:103BB00021212121212121212121212121212121F5
:103BC00021212121212121212121212121212121E5
:103BD000212121212121594D43392121212F250046
:103BE000BCF1040F57D0531C9D42C6D830BDBCF168
:103BF000040FF8D1D3F802308B61531C9D42BCD81E
:103C0000F4E7BCF1040FEED1D3F802304B61531C42
:103C10009D42B2D8EAE7BCF1040FE4D1D3F80230F8
:103C2000CB60531C9D42A8D8E0E7BCF1010FDAD16C
:103C30009B7881F82030531C9D429ED8D6E7BCF17A
:103C4000010FD0D19B78032BCDD881F82130531CA4
:103C50009D4292D8CAE7BCF1040FC4D1D3F8023018
:103C6000CB61531C9D4288D8C0E7BCF1030FBAD981
:103C7000D3F802300B61531C9D423FF67EAFB5E78F
:103C8000BCF1030FAFD9D3F802308B60531C9D42B7
:103C90003FF673AFAAE7D3F802304B60531C9D4246
:103CA0003FF66BAFA2E700BF2DE9F041044686B0B6
:103CB0000C200F4602AB03AA264602900193002374
:103CC00000924FF40A7256F8340B314604F068FB48
:103CD000054607F079F9A369C01A636998424BD287
:103CE000EF2D04DC0025284606B0BDE8F08194F8ED
:103CF0003430022BF6D1D4F83880A06AFFF7F6FAF8
:103D00008045EFD194F83620062AEBD104F120014A
:103D100004F1500004F0B2FF0028E3D10422184956
:103D200004F5907004F0AAFF0028DBD12421384666
:103D300004F09EFF636C04F12C0039463B6004F5EF
:103D40009273E3626B1E1E442663FFF70DFF97F824
:103D50002130002BC7D09A074CBF04F1600204F158
:103D6000A002DB07E2624CBF04F21F1304F19F03C1
:103D70002363FFF7F9FEB6E74FF0FF35B3E700BF67
:103D8000B80E00202DE9F04300F13407044689B055
:103D90004FF40A713846062504F06AFF40F2011319
:103DA000A06A04F12008A38684F83650FFF79EFA33
:103DB00080232A464146E387A06304F1500004F0C3
:103DC000C3FE04F5907004226C4904F0BDFE237913
:103DD00004F59270092B00F28180DFE803F0827F06
:103DE0008D95AD7FB8C37F0504F5187304F517767C
:103DF00032220093311A0423FFF7A2FE00286DD06F
:103E000003234FF0FF398DF809300DF109033522F6
:103E1000311A00930123FFF793FE054600285DD079
:103E20009DF8093003F0FD03012B1CD107F0CCF8FD
:103E3000D4F86432A0615BB104F51973711B284694
:103E4000332200930423FFF77BFE0546002845D06C
:103E50004B4B711B2846372200930623FFF770FE59
:103E6000054600283AD04FF40A70FFF73BFA0DF1EF
:103E70000A03711BADF80A00009328460223392279
:103E8000FFF75EFE054648B3414601230DF10C08DD
:103E900006220DF10D008DF80C3004F055FE711B5B
:103EA000284607233D22CDF80080FFF749FE05464E
:103EB000A0B1FF2305AE0C210370304604F0D8FEFC
:103EC000EA1B0C250096206800232E4C013239464F
:103ED0000195CDF81C90059404F0E2F909B0BDE815
:103EE000F083D4F86C3204F51776D4F87892236412
:103EF00007238DF8093088E7012304F517764FF082
:103F0000FF398DF8093080E704F5247304F517763E
:103F100032220093311A0423FFF712FE0028DDD06D
:103F200004F52773311A362200930423FFF708FEA5
:103F300000287FF465AFD1E7D4F86C3204F517762A
:103F40004FF0FF39236404238DF809305DE7D4F87E
:103F50006C3204F51776D4F87892236403238DF835
:103F6000093052E7032304F517764FF0FF398DF837
:103F70000930D4F86C32236447E700BFB80E002044
:103F8000A45500200100004310B504460171092921
:103F90000FD8DFE801F0610F1F2431053E4E0F54AA
:103FA00083690622D0F880022361431C227367D103
:103FB000A06010BDD0F8B40203F016FA012805D0B5
:103FC0000022D4F8B402114603F0B4F9A36A013315
:103FD000A36210BDFFF7D6FEE369636110BDFFF772
:103FE000D1FE0120A1694FF47A624FF47A53207315
:103FF000C4E90412A36010BDD0F86C12D0F8B4026A
:1040000000F0A6FF06F0E0FF4FF47A73A061A36012
:1040100010BDFFF7B7FE0723D4F884022373FFF720
:1040200065F94FF47A724EF6602302FB00F063618B
:10403000BEE7FFF7A7FE0123D4F88802EEE7FFF7FB
:10404000A1FE0120A1694FF4FA524FF47A63207364
:104050002161A260636110BDD0F86C32C3B9D4F89D
:10406000B40203F0C1F9022815D00023206863715F
:1040700004F0ECF8D4F8B802BDE8104000F0C6BC7B
:10408000FFF734F94FF47A7303FB00F0A06010BD22
:10409000FFF778FEE3E70022D4F8B402114603F0FC
:1040A00049F9E2E710B50446D0E99B12D0F8B40212
:1040B00003F040F9D4F87412D4F8B40203F04AF9CA
:1040C000D4F87C12D4F8B40203F050F90221D4F8E9
:1040D000B40203F097F9A369D4F8800205210622FF
:1040E0002361431C2171227305D0FFF7FFF84FF4C1
:1040F0007A7303FB00F0D4F8BC32A0603BB1D4F873
:10410000C8222046D4F8B412BDE81040184710BDAC
:1041100030B502798DB00446531E082B09D8DFE86C
:1041200003F0688E0A38540A0A7B0A002046FFF71B
:10413000B9FF0DB030BD063A012A40F2CE8006F03C
:1041400043FF2269A368801A984280F0BF8020460E
:1041500003A9FFF7A9FD421C00F0C7800028E8DD95
:104160009DF82C30052B00F0C480062BE1D10123F3
:10417000D4F8B402237103F037F9012805D00022E6
:10418000D4F8B402114603F0D5F8A36A0133A36250
:10419000CFE706F019FFA269A368801A9842C5D23A
:1041A0000022D4F86C12D4F8B40200F063FD0128A8
:1041B0000546BED12046FFF7E5FDD4F8B4022571CF
:1041C00003F012F90128E0D0D9E7D0F8B40203F0E7
:1041D0000BF900285FD16379012BAAD100F030FCE4
:1041E00000212046FFF7D0FE0DB0BDE8304000F0C2
:1041F0002DBC02230371FFF7C5FDE269D4F8C0327C
:104200006261002B95D0D4F8C4222046D4F8B412B1
:104210000DB0BDE83040184709230371FFF7B2FD28
:10422000A36901204FF4FA514FF47A622361D4F864
:10423000C0322073A1606261002BE4D179E703A949
:10424000FFF732FD411C92D000287FF772AF9DF836
:104250002C30022B7FF46DAF0DF10C0C04F524759E
:104260004FF0030EBCE80F000FC5BCE80F000FC5F0
:10427000DCF8003020462B6084F804E0FFF782FD74
:104280000120A1694FF47A624FF47A532073C4E994
:104290000412A3604DE7214602AB03A80C22019350
:1042A0000023009002924FF40A7251F8340B04F08C
:1042B00077F806F089FE2269A368801A98427FF693
:1042C00038AF217B2046FFF75FFE32E7217B204697
:1042D0000DB0BDE83040FFF757BED0F8B40203F090
:1042E00083F800287FF42BAF75E72046FFF74AFDDF
:1042F0001FE7039B002B3FF41CAF069B002B3FF4F2
:1043000018AF0A9D002D3FF414AFA36923616B1C05
:1043100017D1CDE9085503AD04F51B7C0FCDACE8F2
:104320000F000FCDACE80F002B68CCF8003094F8EC
:104330006832002B3FF4FAAE04212046FFF724FE3A
:10434000F7E62846FEF7D2FFB3281ED84FF03443D5
:104350000A93089B23B1099B13B10A9B9D42DAD0B3
:104360000A98FEF7C3FF4008FEF7C0FF03460A980D
:104370000893FEF7BBFF05460A98FEF7B7FFA5EBCB
:10438000D000FEF7B3FF0990C5E70A98FEF7AEFF2D
:10439000024B9842DDD9024B0A93DAE79BC4200016
:1043A0000020C49B2DE9F041064684B000F048FB94
:1043B00066B1D6F80080B8F1000F07D0404603F090
:1043C00031F9074610B1294C65792DB100F03EFB5B
:1043D000002004B0BDE8F0810C2101A804F048FCE5
:1043E000234B2A46022101200193CDE9027503F0F7
:1043F00045FD20600028E9D001A90C2203F072FEDF
:1044000078BB062204F12001404603F021F840BBAE
:104410002146184800F0D8FAC4F8B80208B3736807
:104420004FF47A62B068C4F8B482E261C4F86032D2
:10443000FEF75CFFD4F8602203462046002AC4F849
:104440006432337B0CBF0121082184F86832FFF706
:104450009BFD0123637100F0F9FA204604B0BDE82A
:10446000F081206803F0F2FEB0E700BF74C00020C6
:10447000010000441155000028B110B543790446ED
:10448000012B01D010BD704700F0DAFA2046002160
:10449000FFF77AFDBDE8104000F0D8BA38B5054600
:1044A00080B10A4C00F0CCFA6279012A08D1D4F824
:1044B000B422AA4218BF002400F0C8FA204638BD32
:1044C0000024F9E70446204638BD00BF74C0002030
:1044D00028B109B1C16170474FF47A63C361704775
:1044E0002DE9F843074608460D4604F0DBFB064677
:1044F000384604F0D7FB2EB1731C834205D0002050
:10450000BDE8F8830120BDE8F883013D012400E007
:104510001C4615F8013F04F1FF392E2B08D0385DF9
:1045200004F0F0FB8046287804F0ECFB804509D1CC
:10453000A64204F10103EBD8A01BB0FA80F04009B9
:10454000BDE8F8834C46F7E72DE9F0414FF40073DE
:1045500088B00546039300F073FABDB16B69ABB147
:104560004FF48071E86804F0A9FB0138FE280DD8EB
:104570000C22294605A804F0E7FA05A804F0ECF996
:10458000012800F082805B4E337A2BB100F05EFA96
:10459000002008B0BDE8F0814FF41C71304604F0F3
:1045A00067FBD5E90523C6E90323EB682A8AB361D3
:1045B000B28504F0DBFB2B8A3085012B62D0022B05
:1045C000E4D14FF4E05300220221BDF814007385BA
:1045D00003F054FC30600028D8D0042403AB06223A
:1045E0004549009403F056FF03AB0094052242496D
:1045F000306803F04FFFBDF816301BB94FF4545329
:10460000ADF816300C2205A9306803F0B5FC013076
:1046100061D0328D0024394BE9683948F285336323
:10462000778D049404F060FB04AA36493448364D73
:1046300004F070FBDFF8CC8006E0044483F83A0015
:104640000020013404F066FB601C284404F02AFBBF
:10465000331904AA41460028EFD1254411342549D5
:10466000A5F801700127E8702F712848746200F0E6
:10467000ABF9706078B3377200F0E8F91D4808B004
:10468000BDE8F0814FF480739DE7069802F0D8FFF3
:10469000044620B3002603E002F0C8FD044618B328
:1046A000BDF814302046771C0BB1DB0703D502F0B0
:1046B0008DFE0790D0B9069B30463E46002BEBD0CE
:1046C00005A804F049F900287FF460AF204602F005
:1046D000A9FF069057E7306803F0B8FD56E702F0EF
:1046E00051FE04460028D5D10024E9E70123ADF8A6
:1046F0001430E5E7D8BD002017E5030001000001F4
:1047000013BE0020504A002012BE0020B15B000002
:104710002DE9F04F4FF0000983B0154683460F4650
:104720001646C8460193347804F0C003C02B1BD052
:10473000B3BBBBF1000F31D087B3BC4234D2631C92
:10474000013F584631469A46DAB204F0FDF93F1B64
:104750005346D3441E44B54238BF3546002CE2D1FF
:10476000284603B0BDE8F08FB8F1000F00D1023544
:104770004FEA0428737808F47C5898440C9B9845B9
:104780000ED209F10109019BB9F1040F03EB0806F0
:10479000C9D913F8084004F0C003C9E7631CD9E77E
:1047A000002003B0BDE8F08F184603B0BDE8F08FDD
:1047B0002DE9F043037AADF5037D0446022B09D0C1
:1047C000032B00F09480012B00F081800DF5037D18
:1047D000BDE8F083064600234FF4007256F82E0B16
:1047E000314603F04DFE0C28054640F29B80E28DD9
:1047F000238D9A42EAD1B4F93030002BE6DA608E8C
:10480000FEF770FD0128E1D1334604F13A02FF21A1
:1048100002A80095FFF77CFF07460028D6D0A169C3
:1048200002A8FFF75DFE0128D0D104374FF0000841
:1048300006EB05090AE0B3F5A06F00F08380388924
:1048400008F10108FEF74EFD0A300744A08EFEF77E
:1048500049FD404540F287804F4580F084803A46CC
:104860003346FF2102A80095FFF752FF07460028B4
:1048700079D0A16902A8FFF733FE0128DFD13B8878
:10488000628D9A42D7D17B88B3F5807FD7D1B2F5BC
:10489000807F236A6BD103F12302D7F80A104FEA15
:1048A000021C04EB021224F80C00916004EB0312CA
:1048B00001337968032BC2F83C122362BFD9002B65
:1048C00084D0032323720DF5037DBDE8F0830146F8
:1048D0000023426A51F82E0B03F058FD636A8342AD
:1048E000EFD106F071FB0223606123726EE700F0E6
:1048F000A7F8206803F0AAFC606800F087F800239E
:10490000237200F0A3F8216A49B90846A269D4E9E4
:104910000353AC460DF5037DBDE8F043604704F555
:104920000C70F3E706F050FB6369C01AB0F57A7FAC
:104930007FF64CAFE3690133052BE361C1D8012356
:10494000237243E77B88B3F5807F7FF478AF3346EB
:1049500007F10A02FF2142A80095FFF7D9FE0DF2E8
:104960000913A3616BE7236A002BAAD12EE7233337
:104970004FF0020C102207F10A01180104EB031397
:1049800024F800C003F1080004F0DEF8236A8DE784
:10499000F8B50B4C01270B4804F1900604F0A0F881
:1049A00023682BB125791DB9A06827719847257117
:1049B0000C34B442F4D10348BDE8F84004F09CB88C
:1049C000ECC3002080C40020F8B50646C8B10F46ED
:1049D00004F09EF800230C4D1A4655F8234003338B
:1049E0003CB101320C2AF8D1002404F09FF8204693
:1049F000F8BD02EB420205EB820445F82260A76095
:104A0000F3E704462046F8BDECC3002048B110B5DA
:104A1000044604F07DF800232360BDE8104004F054
:104A200085B870470448902108B504F021F903487F
:104A3000BDE8084004F046B8ECC3002080C4002064
:104A4000014804F04DB800BF80C40020014804F0C4
:104A500053B800BF80C4002010B50446006802F0BF
:104A6000C9FD237B834207D0207301462068D4E927
:104A70000432BDE81040184710BD00BF70B50446B1
:104A8000FFF7DEFF34B1236823B1636813B10E4D25
:104A90002E790EB1002070BD1821284604F0E8F8E8
:104AA000A3680A48D4E900126B61296029462A618B
:104AB000FFF78AFFA8600028ECD001232E732B712A
:104AC000FFF7C4FF284670BDC0C30020595E000038
:104AD00068B110B50446FFF7B3FF204614F0C0F8E4
:104AE000204614F0C1F8BDE81040FFF7AFBF704793
:104AF00002F090BD70B50E4E044600F1F00502E0E4
:104B00001834AC4213D0A368002BF9D006F05CFA3D
:104B1000E368C01AB042F3D9206908B102F024F961
:104B200020461834182104F0A3F8AC42EBD170BD34
:104B3000804F12002DE9F047856D0F461646002381
:104B4000A846284684681830BC4248D001330A2B56
:104B5000F8D12B4600249A68183312B301340A2C7A
:104B6000F9D10024A146A24606E00AF1010A08F1A3
:104B70001808BAF10A0F14D006F026FAD8F80C304B
:104B8000C01A4845F1D954460AF1010A06F01CFA48
:104B9000D8F80C30BAF10A0F08F11808A0EB030995
:104BA000EAD104EB44084FEA440905EBC808D8F8F9
:104BB000100020B102F0D8F80023C8E90433A14462
:104BC0000622314605EBC9052C462846AF6003F0A6
:104BD000BBFF06F0F9F9E8602046BDE8F08703EB7B
:104BE00043030622314605EBC304204603F0ACFF25
:104BF00006F0EAF9E0602046BDE8F08720B3F8B59A
:104C00000E46F1B1074601F1F0050C4681652046DC
:104C10001834182104F02CF8AC42F8D132460C4973
:104C20000C4806F003FAC6F8F00050B139460A48BD
:104C300001F02CFDB0FA80F3C6F8F4005B0958428D
:104C4000F8BD4FF0FF30F8BD4FF0FF30704700BFA8
:104C5000F55E0000E0930400F15E000010B5846D85
:104C600034B1D4F8F00006F001FA0023C4F8F030B3
:104C700010BD00BF70B50546C8B1836DA3B10C4629
:104C8000164601F04DFDA86D00238446DCF808505F
:104C90000CF1180CAC420DD001330A2BF6D10024D4
:104CA00001F046FD204670BD1C46204670BD0446FE
:104CB000204670BD03EB43030622084900EBC30501
:104CC000284603F0DBFF0028E9D00124002EE7D0BE
:104CD00006222946304603F037FFE1E7C40E0020E4
:104CE0004B692DE9F0431B2B85B0866DCD68019192
:104CF00003D92A88B2F5807F05D0084602F034F83F
:104D000005B0BDE8F0832A79062AF6D16A88082A18
:104D1000F3D16A79042AF0D11C2B044604D0C3F1E4
:104D20001C0101A802F0E4F80622204602A902F0C4
:104D300077FB074638B905F10808062202A9404664
:104D400003F09CFF08B90199D7E706223449404691
:104D500003F094FF0028F6D0D5F80E10E36AD5F8DA
:104D600018908B424ED04B4544D0A66D334602E09E
:104D700001370A2FE7D09A6818339142F8D11823E7
:104D80000622414603FB0766304603F0DDFE06F0CF
:104D90001BF9F060336943B132464FF4006120469D
:104DA00000F044FA0023C6E90433EB88B3F5807FB2
:104DB000C9D1E36A4B45C6D1002305F1120641462D
:104DC0000622AB7102233046EB7103F0BDFE02A94F
:104DD0004046062203F0B8FED5F80E10E36A3246CC
:104DE000A9612046C5F80E3040F60601019B00F08F
:104DF0001DFA85E742462046FFF79CFE064600283E
:104E0000C8D1D2E723B9A36DD3F8F8304B45CCD144
:104E1000012384F85430D6F8F40001F0B3FCC4E761
:104E2000BC0E002060B32DE9F043D0F8588083B069
:104E30000446B8F1000F20D00E4601F071FC0121AC
:104E40001C2001F03DFE0746A8B1C56800234FF0C5
:104E5000060920462B706946EB704A46AB71012368
:104E600085F804906B70EB710823AB7004236B71B1
:104E700002F0D6FA28B101F05BFC03B0BDE8F08384
:104E8000704705F112004A460B4903F05DFE4A46A1
:104E9000694605F1080003F057FEE36AAE61C5F804
:104EA0000E300BB9C8F8F8603B46044A40F60601DC
:104EB000204600F0BBF9DEE7C40E0020BC0E002047
:104EC0002DE9F041D0F8588006460D46174601F00E
:104ED00027FCC4460023DCF808400CF1180CAC4257
:104EE00019D001330A2BF6D1184A29463046FFF76C
:104EF00021FE0446206908B101F036FF276106F063
:104F000063F80346294630466361FFF78BFFBDE82F
:104F1000F04101F00DBC03EB430308EBC30423692C
:104F200004F11008002BE9D006F04EF86369C01AAE
:104F3000B0F57A7FDED8D8F800000028DED001F086
:104F400013FF2761BDE8F04101F0F2BBC40E002061
:104F500000B583B0CDE9001003F0DAFDDDE9001003
:104F6000FFF760FF03B05DF804EB03F0DFBD00BFA7
:104F700070B5846D002501F0D3FB04F1F0062069C3
:104F800018B101F0F1FEC4E904551834B442F6D169
:104F9000BDE8704001F0CCBB2DE9F047B1F1200E27
:104FA000844642D42EF01F0002F1400302F120019A
:104FB000184431F81E5C203131F8403C31F83C4C4B
:104FC0002B4431F83A9C31F8388C234431F8367C44
:104FD00031F8346C4B4431F8325C31F8304C434496
:104FE00031F82EAC31F82C9C3B4431F82A8C31F846
:104FF000287C334431F8266C2B4431F8245C23445C
:1050000031F8224C884253444B4443443B4433449C
:105010002B4423449C44CCD14FEA5E114B1CC1EB82
:10502000C16102EB43120EEB4111B1F108041DD432
:1050300024F0070002F1100302F10801184431F8CE
:10504000083C083131F80E7C31F80C6C3B4431F8E7
:105050000A5C884233442B449C44F0D1E1084B1C49
:10506000C1EB417102EBC30204EBC1018D1E12D4EE
:1050700069084C1C02EB440432F8023BA2429C44F7
:10508000FAD1C1EBC171604605EB410109B120784D
:105090006044BDE8F08714466046F7E7F0B5D0E914
:1050A000032683B00C468E4228BF0E4641B3074606
:1050B0000025A41B28463146FFF76EFF05465CB16C
:1050C0003F6816F00103FA6809D1396926468C4217
:1050D000EFD3CE18002CECD1284603B0F0BD12F867
:1050E000010B013C0192FEF7FDF839694FF0FF33E7
:1050F00005442646A142019AEBD9002CD9D1EBE711
:105100000D46E9E708B5FFF7C9FF4FF6FF73034403
:105110001A0C03D012FA83F31A0CFBD1D84380B2D5
:1051200008BD00BF38B514460D461146FFF7B6FF5F
:10513000034620461C46FEF7D5F84FF6FF732B4476
:1051400023441844030C03D013FA80F0030CFBD162
:1051500080B238BD38B51C4615460A461946FFF7D9
:105160001BFF2A462146FFF717FF4FF6FF73034444
:105170001A0C03D012FA83F31A0CFBD1D84380B275
:1051800038BD00BF014B93F9000070472CC80020C8
:10519000014B1870704700BF2CC80020002818BFB2
:1051A0000E2A05D970B50E4682B011B902B070BD95
:1051B0007047144669460622054602F031F9002878
:1051C000F4D106226946B01803F058FD0028EDD04E
:1051D0000122A4F10E0106F10E0001F067FD002886
:1051E000E4D03378FF2B0ED0012B03D1836943F039
:1051F00004038361B389B3F5C16F11D0082B0AD0C2
:1052000001F0B2FDD2E77378FF2BF3D1836943F04D
:1052100002038361EEE70146284600F0DBFCC5E7A8
:1052200001462846FFF75CFDC0E700BF2DE9F047C7
:10523000064688461746D0F80C901C461BB15A69A2
:1052400083689A4225D801210E2001F039FC0546D9
:10525000F8B1D0F80CA0062230460AEB020102F0A9
:10526000DFF8B0B939460622504603F06DFC4046DF
:10527000FEF738F8AAF80C0024B12846214601F0C0
:10528000E3FE0546D9F80C3029463046BDE8F04724
:1052900018472046BDE8F04701F066BDC16849B136
:1052A000203108B5FFF7AAFC18B9044A1368013386
:1052B000136008BD4FF0FF30704700BF40C30020AF
:1052C00008B5FFF7CBFC024A1368013B136008BD29
:1052D00040C30020FFF74CBEC16A09B1FFF7A2BD71
:1052E00010B582B006220446694602F099F808B16A
:1052F00002B010BD03466A464FF6FF712046FFF725
:1053000095FF02B010BD00BFF0B50C4683B0064655
:1053100001462046174600F0CFFC78BB04F0F003AE
:10532000E02B0FD06D46214630462A46FFF7A2FCFF
:1053300058B33B462A464FF400613046FFF776FFEC
:1053400003B0F0BD01225E2320466D46ADF800207B
:105350008DF80230FDF7CAFF03462046C3F306432B
:105360008DF80330FDF7C2FF034620461B0A8DF877
:105370000430FDF7BBFF8DF80500DAE76D46062225
:105380000549284603F0E0FBD3E73A46214630467C
:10539000FFF796FDD4E700BFBC0E0020C3685A6932
:1053A000CAB14FF0010C5E2300B583B0C1F3062EE5
:1053B000ADF800C0C1F3074C8DF80230C1F30763AC
:1053C00069468DF803E08DF804C08DF805309047EC
:1053D00003B05DF804FB7047C3681A69CAB14FF0A7
:1053E000010C5E2300B583B0C1F3062EADF800C0FA
:1053F000C1F3074C8DF80230C1F3076369468DF89D
:1054000003E08DF804C08DF80530904703B05DF8D7
:1054100004FB704750B1036993F800C0BCF1010F61
:1054200004D15B6B13B11B6803B118474FF0FF3019
:10543000704700BF50B1036993F800C0BCF1010F81
:1054400004D15B6B13B15B6803B118474FF0FF30B9
:10545000704700BF10B5044682B088B1036919785F
:1054600001290DD15B6B5BB11B684BB10DF10602DD
:10547000984728B9BDF80600C0F3800002B010BDFF
:1054800094F8240002B010BD70B5002182B04FF432
:1054900000420546C66842F21074ADF80610FFF7E8
:1054A000C9FF01E0013C49D02B690DF10602002142
:1054B000284693F800C0BCF1010F04D15B6B13B117
:1054C0001B6803B19847BDF90630002BEADBF6698B
:1054D0001EB12846B047064668BB0DF106043146AA
:1054E00028462246FFF796FFBDF80630314628468B
:1054F00023F4806242F4905292B2FFF79BFF05F0D2
:1055000063FD064610E05B6BA3B11B6893B198473F
:1055100001300FD0BDF806309B060BD405F054FDCA
:10552000801BB0F5FA6F05D22B6922462846197800
:105530000129E8D00026304602B070BDF369B3B14E
:105540002846984706460028F5D10DF10602214667
:105550002846FFF75FFFBDF806202146284622F4C3
:10556000806242F4905292B2FFF764FFE2E70DF1DD
:105570000602214628462646FFF74CFFBDF80620C6
:105580002146284622F4806242F4905292B2FFF7FC
:1055900051FFD0E7F0B5DE681C46002389B00F4606
:1055A0000546B370F37010B1036A9B0715D46169A7
:1055B00020460792FFF7A6FD079A70800023394620
:1055C00028460093CDE902434024CDE9043301236A
:1055D000019400F03FFE09B0F0BD6169079200F050
:1055E000D3FA079A0028E2D1A36943F02003A3610C
:1055F000E4E700BF2DE9F0410D46516988B0232949
:10560000019227D92429064601AF29D1384601F055
:10561000CBFB01301DD0019B00210120D3F80C8071
:1056200098F8112002F084F8044690B1836983B1A0
:1056300005AB02AA08F10801304600F0ADFA384681
:105640001C2101F055FCA469019B05AA02A928466A
:10565000A047019A104601F087FB08B0BDE8F08131
:10566000C1F12401384601F043FC019B38465969D9
:1056700001F09AFB0130CED1EBE700BFF0B583B06B
:1056800004460E4615460898019301F06DFB0198FB
:1056900044B338B304210DEB010001F085FB013068
:1056A00001981FD08369AF689B06B668C56813D59B
:1056B0002146304600F000FB98B906F0F003E02BDD
:1056C0000FD02B78033B092B0BD8DFE803F03C38D5
:1056D0000A0A0A220A0A180F4169FFF713FD002877
:1056E000E6D0019801F040FB03B0F0BD6B78012BD0
:1056F000F7D8019A09212046FFF77CFFF4E76B7881
:105700005BB3012BEDD10821019A2046FFF772FF10
:10571000EAE701984369072BE4D92146384600F0AF
:10572000CBFA0028DDD107F0F003E02BD9D02870A8
:105730003246019B39462046FFF72CFFD4E76978B3
:105740000029CED1E0E76B780C2BCAD8044920465B
:10575000019AC95CFFF74EFFC6E70721D4E700BFF7
:105760008C0500202DE9F04F83B00193C3B1DD68B3
:1057700006461846EC88D5F80C9024F0E004D5F8DD
:1057800010A05CB990466A7A0F46012A10D12A7897
:10579000920002F03C02AA5C122A04D901F0E4FA59
:1057A00003B0BDE8F08F314941FA02F2D307F5D4D6
:1057B0003146484600F080FA002841D109F0E00364
:1057C000E02B3DD03146504600F076FA002837D124
:1057D0000AF0F003E02B33D00198816911F0060440
:1057E000DCD12146082001F06BF9834640B3C36841
:1057F0000C2F1C715C719C71DC7109D1B8F1040F24
:1058000020D10EB330890093FDF76CFD009B98808A
:105810001F7083F801802B7801999B004A6903F07F
:105820003C0303F10800904217D3584601F00CFCEA
:1058300003464A46514630460193FFF7ABFEAFE7B9
:105840000198ABE70C2FE3D140460093FDF74AFDEA
:10585000009B4FF000089880DAE7C2F1080201A827
:10586000D11801F045FB0199DFE700BFFE18F8FFF2
:10587000F0B5002583B010F8014B8DF80450002CD2
:105880003DD00E460A270DF1040C2B4611E09CF882
:10589000001017FB012201B98BBBFF2A2FD88CF80F
:1058A00000201BB90135042D29D8012310F8014B24
:1058B000D4B1A4F130025FFA82FEBEF1090FE6D93D
:1058C0002E2C14BF002303F00103C3B1A5F1040380
:1058D000B3FA83F35B0993B910F8014B0CF1010C97
:1058E0008CF80030002CE4D1032D08D90422304676
:1058F0000DEB020103F028F9204603B0F0BD4FF094
:10590000FF3003B0F0BD00BFFFF7B2BF70B5154662
:1059100004460E4600F004FF6B6962681344B3F559
:10592000804F14D80021042001F0CAF878B16A69C8
:1059300029466368C6601344636001F085FB014635
:10594000204601F099FB00F0F3FE002070BD00F04E
:10595000EFFE4FF0FF3070BD70B50568A5B1EB6884
:1059600004462E680B6000F0DBFE1EB163687269AE
:105970009B1A63600023204629462B6001F086FBBA
:1059800000F0D6FE304670BD2E46304670BD00BFDA
:1059900038B594461A46049B04461D1E18BF0125BF
:1059A000002918BF00254DB142B141698988C90756
:1059B00004D5614600F0BCFD10B938BD6FF005009C
:1059C00084F88400FFF7E4FB4FF0FF3038BD00BFE0
:1059D00070B5049E04467BB176B10D4611461A4659
:1059E00033684BB145B943699B88DB0704D533461F
:1059F00000F06AFD10B970BD6FF0050084F88400F6
:105A0000FFF7C6FB4FF0FF3070BD00BF38B504464E
:105A100000F086FE6369BBB100250BE0D968D16058
:105A2000D9680A6162699A4208BF616101F09CF914
:105A300063694BB11A6998689A42EFD1656101F0C8
:105A400093F96369002BF5D163685BB122681A6032
:105A5000226802B15360204601F046FBBDE83840A1
:105A600000F066BE226801490A60F2E7C8C400205F
:105A700010B500F055FE0A4B186838B1037A013BA7
:105A8000DBB2037233B100680028F7D1BDE81040E3
:105A900000F04EBE0468FFF7B9FF2046EDE700BFF7
:105AA000C8C4002010B500240E4B0F494FF4FA7003
:105AB00022461C6005F0BAFA0C4B186070B10C4815
:105AC000782103F0D5F821460A4800F0DFFDB0FA4E
:105AD00080F3094A5B091060584210BD4FF0FF3057
:105AE00010BD00BFC8C40020716E0000D4C40020E7
:105AF00044C3002029710000C4C4002070B50E4CBE
:105B000000F00EFE206820B1FFF780FF206800281B
:105B1000FAD10A4C216829B1204601F0B7FA216870
:105B20000029F9D10026064D666000F001FE2868C4
:105B300005F09CFA2E6070BDC8C40020CCC40020C3
:105B4000D4C4002038B5044601F02CFC0D4B1D6870
:105B5000ADB12B46DA6B1AB1D96A614011420CD053
:105B60005B69002BF6D108B1836C43B92B4601E089
:105B70005B6923B19A6C002AFAD0184638BD0346F7
:105B8000184638BDE8C3002080681431814294BFB4
:105B900000200120704700BF2DE9F04107460E4666
:105BA00010460C211C4615464FF0010803F060F822
:105BB000FB690C21A5F8008020466B60F368AB60A0
:105BC00003F056F8FB69A4F8008063603369A360B2
:105BD000BDE8F08178B110B50C4601B910BD0A4698
:105BE00001460848FFF792FE30B9074BBDE8104068
:105BF000186800F0C7BD70472046BDE8104001F0AE
:105C0000B3B800BFCCC40020C4C4002010B50C4CF5
:105C100000F086FD206820B1FFF7F8FE206800281C
:105C2000FAD1084C216829B1204601F02FFA2168E9
:105C30000029F9D100236360BDE8104000F078BD71
:105C4000C8C40020CCC4002070B5154D00242B46DC
:105C5000224606E01E68864213D001320C330A2A1F
:105C600007D09E68002EF5D101321C460C330A2A5B
:105C7000F7D124B1A3680133012BA36009D02046DA
:105C800070BD5E688E42E8D102EB420205EB8204F1
:105C9000F0E7C4E9000101F079FC204670BD00BFC7
:105CA00044C3002018B18368013B836003B170478F
:105CB000D0E9000101F070BC431E033310D86FF42B
:105CC000AB7398420CD069B10B6C834208D04B6C1B
:105CD000834205D08B6B181AB0FA80F040097047E8
:105CE0000120704700B583B0019002F011FF0D4B09
:105CF00001981B6843B912E05A6C904207D09A6B26
:105D0000904204D05B6953B11A6C9042F4D10120E7
:105D1000019002F00BFF019803B05DF804FB1846F8
:105D2000F6E700BFE8C300202DE9F0478CB0B14E84
:105D30000027DFF8C48200F0F3FC03A93046FFF728
:105D40000BFE049028B34760142104A801F02CF83E
:105D5000013000F08780049BDC686088D4F810A0D4
:105D6000FDF7C0FA049B054694F800905A698242F8
:105D700005D3132A03D94FEA191104290ED0184666
:105D800000F0F2FF03A93046FFF7E6FD049000287B
:105D9000D9D100F0CDFC0CB0BDE8F0874FEA8909FD
:105DA00009F03C09B9F1130FE9D94845E7D3039944
:105DB000C86A50455AD19542C0F0DF80E18821F091
:105DC000400100295BD10399096A09070AD5617A64
:105DD00001F0EF00012801D0062903D1996941F0B3
:105DE00020019961B2F5004F1846C9D8002309F186
:105DF0000802194600F0A4FE4946054604A801F031
:105E000077F8DDF80CA00C2106A802F031FF4FF066
:105E10000109DAF81C300C21ADF8189009A8079395
:105E2000E368089302F024FFDAF81C3009AAADF801
:105E3000249006A90A93236903980B930095049B69
:105E400001F0C2FD627A4846002101F071FC002891
:105E500000F0E480009509AA446906A9DDE903037E
:105E6000A0476AE7049800F07FFF66E75046FFF717
:105E700023FF002800F08880049B5A699BE71146A5
:105E800005A8059300F090FF013000F05481059BB8
:105E9000D8F80040D3F80C90002C00F05181B9F8EC
:105EA000042003E02468002C00F04A8163899342B7
:105EB000F8D1617A99F809309942F3D1E168D9F8BB
:105EC0000C309942EED12169D9F810309942E9D1CC
:105ED00099F8005005A8AD0005F03C05294601F0F1
:105EE00007F8B9F80200FDF7FDF9401BA9F8020018
:105EF000B9F80600830600F19B80FDF7F3F9C000B6
:105F000083B20598A9F80630C9F8080061690D4602
:105F100002E0ED68A94253D0EA889342F9D2A9423F
:105F20004ED02969B1F806A049888A44BAEB030A21
:105F300040F08580B9F8020018449042A0EB0201BD
:105F40003EDD6B88994230D3ED682B69986800F08C
:105F50000BFF2B691A6993427FD0D968D160D96849
:105F60000A61626993427AD0954200F0E680B9F8FE
:105F70000630B9F80200EA88DEE7A91A04A800F0A2
:105F8000B7FF049B5A6919E7039AD36A002B40D0E4
:105F9000049B0AF0F00ABAF1E00F04D012691278FB
:105FA000032A7FF4ECAE5A6905E788B21B1A104445
:105FB0006B80E88005F1080000F09AFFB9F8063020
:105FC0002A69002A42D0616900293FD0D168C9F806
:105FD0001020C9F80C10D168C1F81090C2F80C90CC
:105FE0006269D188994235D80B46914649460022CC
:105FF0000BE000BFCCC40020C8C400204B88C96897
:106000001A44494592B244D0CB889A42F6D00497BC
:1060100093E6049B99698907BBD5C4E7049800F00F
:10602000A3FE2B46022203210398FFF79BFB84E685
:1060300099F8013043F0010389F801305DE7B9F8C0
:1060400002309A450ED300F08FFEE0E7C9F80C90BD
:10605000C9F81090C4F81490C8E7676187E70A464A
:10606000616181E705A8514600F042FFB9F80620BA
:106070001FFA8AF3B9F80200C01A1344A9F8020003
:1060800080B2A9F806309BB26269954298D0EA883E
:1060900052E7D9F810305B78D807B8D4D9F808306F
:1060A0000593D9F80C504D450AD01846A96800F060
:1060B000CBFF0590ED680346D4F814904D45F4D11C
:1060C00099F800101A698900586901F03C010A44E6
:1060D00008441A61DA68586180B2521ADA60FDF732
:1060E00001F9A9F80200E368C9F80C3099F8013009
:1060F000226923F00103C9F81020627A89F801307F
:1061000089F8092062682368002A62D01360236836
:1061100003B15A60204600F0E7FF059B0493002B73
:106120003FF40BAEDC685A6994F800904FEA890995
:1061300009F03C0956E6059885E7B9F806303FE7CF
:1061400099F8004005A8A40004F03C04214600F0A2
:10615000CFFEB9F80200FDF7C5F8001BA9F8020050
:10616000182000F0D1FF04460028E4D0D8F8003011
:10617000236003B15C60142327716771A771E77115
:106180002372C8F80040B9F80430638199F80930E7
:106190006372D9F80C30E360D9F810302361B9F894
:1061A0000600850605D599F8013043F0010389F80A
:1061B0000130FDF797F8059AC000C9F80C90C9F8AE
:1061C000109083B2C9F80820A9F80630C4F81490DA
:1061D0000CE7C8F800309BE72DE9F041D2F80C80BD
:1061E0001F460023044615460E4688F80A3088F8F4
:1061F0000B30036ADB0717D5936943F010039361F3
:1062000021463046FFF758FD40EA0703DBB21BB9D1
:1062100006F0F003E02B12D123692A4631462046CE
:106220001B69BDE8F041184798F800101046890036
:1062300001F03C01FEF766FFA8F80A00E0E7E36A18
:10624000E26B73401342E7D04FF6A963B34318BF24
:10625000A66CE1E72DE9F04F2DED028B87B01D46CE
:106260009DF848909DF84C809DF854609DF858B07A
:10627000CDE90421002800F0CF800446059B0BB92E
:10628000E36A0593149A53691433B3F5004F0AD99E
:106290006FF00705104600F067FD284607B0BDEC1B
:1062A000028BBDE8F08F0121142000F009FC0746A5
:1062B000002800F0C880179B43B11798042304AA54
:1062C00005A90088FEF746FF179B1880D7F80CA099
:1062D0007A4A9AF80030108803F00F0343F0400325
:1062E0008AF80030431C1380FCF7FCFF9AF800206A
:1062F000003E8AF8019022F00F0218BF012614997F
:1063000042F00502B3014E698AF80020AAF806306F
:106310001436059BB6B2AAF80400CAF80C30049BE8
:1063200030468AF80880CAF810308AF80950FCF71D
:10633000D9FF1499AAF80200384600F085FEA76834
:1063400002461490B74272D29AF80090BAF806301A
:106350004FEA89095B0609F03C09A7EB090727F01A
:10636000070795D4072F93D90190494614A800F048
:106370001BFD0130019A66D009EB0703149D9E4274
:10638000E968019308EE101A63D9131DDDF8048043
:10639000CDE9024B9A468B461CE0A6EB0807E0804D
:1063A000414600233A46284600F0CAFBB84401465D
:1063B00000287CD0149800F047FE1490808AFCF7E7
:1063C00091FF149B60804645CAF80030149B03F18E
:1063D000040A3CD90021484600F072FB14900028C2
:1063E00061D04A46C068594602F0AEFB149BA8EB48
:1063F0000900DC68C0F3CF00237823F00F0343F0DB
:1064000005032370FCF76EFF07EB080340F0200242
:10641000B342C2D2E280C3E71046FFF793FB0446C3
:1064200000287FF42BAF149A6FF00F0532E7002598
:1064300020465B460499FFF7CFFE284607B0BDEC27
:10644000028BBDE8F08F149A6FF0020522E7DDE9B8
:10645000024B18EE106A149500277088FCF742FF73
:10646000019B191A14A800F043FD149B988AFCF7AD
:1064700039FFF388708043F02003F38000261495E1
:1064800008E05B4604992046FFF7A6FE1495002D10
:106490003FF403AF28466D6802464660002FF0D0F7
:1064A00000F062FCF2E7DDE9024B0127E6E7149811
:1064B0000127DDE9024B00F057FCDFE724C800208C
:1064C00047F6C470704700BF172910B408D01829C8
:1064D0001ED0162910D06FF008005DF8044B7047ED
:1064E0001968032920D990F86C4004210020146019
:1064F0005DF8044B196070471968032914D990F8A6
:106500006D400421002014605DF8044B1960704751
:106510001968032908D990F86E40042100201460FE
:106520005DF8044B196070476FF00500D5E700BFB8
:10653000F8B51C46A1F1160305461746042B5DD895
:10654000DFE803F0342D2003030078680E46A0B383
:1065500001F090F8082C12D188B1396801F0F003ED
:10656000E02B0CD16B6953B19B79022B07D1D5F885
:1065700090402CB3236883422BD0192E3BD06FF070
:106580000500F8BD032CFAD94369002BF7D09B799D
:10659000022BF4D13B68002085F86E30F8BD032C47
:1065A000EDD93B68002085F86C30F8BD032CE6D9A6
:1065B0003B68002085F86D30F8BD00F0F3FEC9E7B8
:1065C000192EDCD1FFF740FBC5F8900098B12046AA
:1065D000F8BD62689142D0D1192E0CD0A368013B5E
:1065E000A36023B100231846C5F89030F8BD1146CA
:1065F00000F0D2FFF6E76FF00D00F8BD6FF0080075
:10660000F8BD00BF0D4B10B51C6814B90DE024682F
:106610005CB163688342FAD1A3680BB160699847A3
:10662000074B1B6813B10123237410BDE268237468
:10663000002AFAD06069BDE810401047BCC30020B2
:10664000D8C300202DE9F843054618208846174690
:106650001E46DDF8209000F057FD80B10A4B04463D
:10666000C0F8088031461A68C0F814902846656062
:10667000E7601C602260BDE8F843FCF7F7BE4FF00E
:10668000FF30BDE8F88300BFBCC300200B4B70B5E2
:106690001C68064618200D46621C1A6000F034FD86
:1066A00050B10022064B446082601A68C6604561A2
:1066B00018600260204670BD0446FBE7AC55002020
:1066C000BCC3002010B4154C2268AAB1134601E0E7
:1066D0001B688BB159688142FAD19A4203D116E006
:1066E000516881420BD094461268002AF8D11846AE
:1066F0005DF8044B00F0F8BC5DF8044B704712687D
:1067000018465DF8044BCCF8002000F0EDBC1A6888
:10671000184622605DF8044B00F0E6BCBCC30020C4
:10672000024A136801331360704700BFD8C30020CA
:106730002DE9F041114F3B68012B04D03B68013B30
:106740003B60BDE8F081DFF838800026D8F80040D3
:10675000002CF3D0002201E0246864B1257C012DD7
:10676000FAD1E3682674002BF6D060699847246854
:106770002A46002CF2D1002AE8D1DFE7D8C3002056
:10678000BCC3002038B5124D124A2B68146801337F
:106790002B6014B90DE024685CB163688342FAD1C0
:1067A000A3680BB1606998472B68012B05D00123C2
:1067B0002374BDE83840FFF7BBBF0022E3682274B2
:1067C000002BF6D060699847BDE83840FFF7B0BFAE
:1067D000D8C30020BCC3002000230249024A0B603A
:1067E00013607047D8C30020BCC30020E0B1082A62
:1067F00038BF082202F10B038B4214D200F1030CC4
:10680000014450422CF0030C02EB0C03CCF80420A2
:10681000073303406046C91A5B60B1FBF2F11960AF
:10682000CCF8003070470020704700BF00230360A1
:10683000704700BF59B338B505460C46FFF770FFE7
:10684000D5E90030211A5A688B420C4607D28A4299
:1068500009D89A4207D913468B425A68F7D3934214
:10686000F9D39142F7D2D1F800E00EFB001C62454B
:106870000ED04A60D3F800C019460CFB00118C42C0
:1068800012D05C602B60BDE83840FFF751BF704705
:10689000D2F800C0F444C1F800C052684A605A6897
:1068A0009342E7D10B46E8E7226862441A606468C5
:1068B0005C602B60BDE83840FFF73ABFF8B506468C
:1068C0000C46FFF72DFF00257068621E34680244F5
:1068D00063682746A446B2FBF0F2013200E05B6831
:1068E0001968914206D31DB1D5F800E0714501D277
:1068F00067461D46A3429C46F1D175B17B68696825
:1069000099422B6810D093420BD09B1A2B6000FB4E
:1069100003F3EA502B44C5183760FFF709FF2846F8
:10692000F8BD2B467960F6E79342EED10025F4E7F7
:1069300038B50546FFF7F4FE2968A9B10A684B6827
:10694000541EC3B1994201D117E03BB11A685B688C
:10695000A24288BF02F1FF348B42F6D1FFF7E8FE76
:10696000686804FB00F038BD0C46FFF7E1FE68687C
:1069700004FB00F038BD9942F0D1002CEED0941EFB
:10698000FFF7D6FE686804FB00F038BD2DE9F04F34
:10699000046883B0002C40D081EAE17AD4F81490E6
:1069A0000E46AAEBE17AD14537D30029074625697F
:1069B00024DDA3698D4201937DD8DFF8008110E0CA
:1069C0000B60D4F800B02146D8F800005C46FFF711
:1069D00031FFBBF1000F1ED0DBF810201544B5428B
:1069E0001ED823683B60A1680B68012B03F1FF33BD
:1069F000E6D1D8F80000FFF71DFFE2E709EB01023E
:106A000095421ADA264603E033691D44954216DAA8
:106A10003668002EF8D100243C6003B0BDE8F08F4A
:106A2000521B3244019BAE1BA361E36826611344F1
:106A3000E360A9EB0A036361EEE72B4626461A449E
:106A4000521B35683261E5B1DFF870800DE00B60F4
:106A5000D5F800B02946D8F80000FFF7EBFE5D46F8
:106A6000C6F800B0BBF1000F0AD0A9680B68012B73
:106A700003F1FF33EBD1D8F80000FFF7DBFEE7E7C7
:106A80003269002AD5D1B1680B68012B0CD0013BCB
:106A9000DFF828800B6034683146D8F80000FFF733
:106AA000C9FE002CC5D1B6E7DFF81080D8F8000089
:106AB000FFF7C0FEEFE70A46B4E700BFDCC30020E3
:106AC0002DE9F0411D4F0D4606461C213868FFF7A1
:106AD000F5FE003D044618BF012500B9C5B9A4B1B3
:106AE00006F1040838684146FFF7E8FE034600B99E
:106AF000B5B9EBB100220121C4E900221960191DCA
:106B0000A360C4E90316C4E905622046BDE8F0812C
:106B100000F03CFE1C213868FFF7D0FE0446DEE79B
:106B200000F034FE41463868FFF7C8FE0346E0E750
:106B3000214638681C46FFF77DFEE6E7DCC30020EF
:106B40002DE9F84F4FF0000C04468B46904605693E
:106B50000068AC440028FAD1B8F1FF3F00F09D80F6
:106B600008EB0B025A4538BF5A4694457DD34E4E2A
:106B70001F1E4FF01C01306818BF0127FFF79EFE53
:106B8000824608B9002F7DD1BAF1000F6DD00023E5
:106B9000CAF81480CAF80430A369CAF81830236907
:106BA0005B4538D9E26808EB0B09A3685A44CAF878
:106BB0000830CAF80C201A6801321A602369A9EB60
:106BC0000309B9F1000F55DDA3EB0B0355464FF058
:106BD0000008CAF810301C213068FFF76FFE2860EB
:106BE00008B90FBB48B324680546C0F80480A36801
:106BF000D4F818C01A68E16801328360C0F818C080
:106C00001A602369C160A9EB0302002A42DB9146A6
:106C10000361E0D131E024681946226913449B45A1
:106C2000F9D2ABEB010BBDE700F0B0FD1C213068E1
:106C3000FFF744FE28600028D5D1DAF808100B6869
:106C4000012B2DD0013B0B6051463068DAF8004033
:106C5000FFF7F0FD2B689C4207D02146306824687E
:106C6000FFF7E8FD2B68A342F7D14FF0000A50462A
:106C7000BDE8F88F5046CAF81080002303605046E4
:106C8000BDE8F88F00F082FD1C213068FFF716FE8A
:106C9000824679E7C0F81090EFE7ACEB0B0866E7A7
:106CA0003068FFF7C7FDCFE7DCC3002070B50D46A5
:106CB000064611462846FFF703FF044620B12A4640
:106CC0003146C06801F040FF204670BD92B3F8B570
:106CD0001F460546164604460023226924681344CD
:106CE000002CFAD1721C06D072188A4238BF0A46AC
:106CF000934201D2F8BD5E1A2C698C420AD82D68E5
:106D000022462B691C44A142F9D2891A1C4601E093
:106D100000212C69641AEB683846B442194428BF34
:106D20003446361B224601F00FFF27442D68002E03
:106D3000EED1F8BD704700BF38B5044658B1816840
:106D40000B68012B09D0013B064D0B6021462868DA
:106D50002468FFF76FFD204638BD024D2868FFF715
:106D600069FDF3E7DCC30020D8B170B504460D4ED1
:106D700005E00B6029463068FFF75CFD84B12546CD
:106D80002468A9680B68012B03F1FF33F1D1306847
:106D9000FFF750FD29463068FFF74CFD002CEED17F
:106DA00070BD7047DCC300202DE9F04F066883B04A
:106DB000002E58D0B1FA81F388465B09002952D0E1
:106DC00032698A424FD2716941454CD307463546F4
:106DD00000E02A6913442D68984501D9002DF8D1A7
:106DE000DFF808A108F10401DAF80000FFF766FDFA
:106DF0000446002876D00346012243F8042B1846A7
:106E00000193D6E9031201F09FFEB168D6F8109005
:106E10000A68019B012A5AD0013A0A60C6E9024376
:106E20003468A5420CD122E00B60D4F800B02146B2
:106E3000DAF80000FFF7FEFC5D45F3685C4617D00A
:106E400003EB09002269E16801F07EFEA168226976
:106E50000B689144012B03F1FF33E5D1DAF8000010
:106E6000FFF7E8FCE1E7002003B0BDE8F08FAB4698
:106E7000A8EB090403EB0900DBF80C10A9EB0809E7
:106E8000224601F061FEDBF810304B44CBF81030A5
:106E90006BB1DBF80C302344CBF80C300020C6F883
:106EA00000B0C6F810803E6003B0BDE8F08FDBF89C
:106EB00008100B68012B10D0013B0B60DBF8004081
:106EC0005946DAF80000A346FFF7B4FCE6E7DAF823
:106ED0000000FFF7AFFC019BA0E7DAF80000FFF726
:106EE000A9FCEBE74FF0FF30BEE700BFDCC300209A
:106EF00009B1FFF74BBD70472DE9F04784B0002A78
:106F00004FD0D0F800808146CDF80C80B8F1000F4A
:106F100047D00D46D8F81410174602EB050A514524
:106F20003FD3002D58D0D8F810209542C0F087806C
:106F30004046444624686CB323699E18B5422DD25E
:106F4000954203945AD0721BBA422FD9C91BC8F874
:106F50001410A168096801295CD0D21B00211046D9
:106F60000192FFF7ADFD019A8046002860D02369A9
:106F7000E1689B1BC0685344194401F0E5FD236997
:106F800022689B1BC8F800202B44C4F800802361B2
:106F9000D9F80040204604B0BDE8F08732462046CC
:106FA000C8E70024204604B0BDE8F0871FD0AD1B21
:106FB0002B44236123685961E91937D02046FFF734
:106FC000E5FCD9F80040D8F814302046DB1BC8F89F
:106FD000143004B0BDE8F08703A81146FFF7D6FCD3
:106FE000039C2046C9F8004004B0BDE8F087DB1BD5
:106FF000C91B23614446C8F81410CBE761613946C8
:10700000FFF7C4FCD8F81430D9F80040DB1BC8F8EF
:107010001430BFE72B44D21B981BE368C1191844F6
:10702000194401F091FD2369DB1BB0E74446CAE730
:10703000D9F80020044653693B445361AAE7164639
:10704000444613467FE700BF98B1024699B1034614
:1070500030B418461B68002BFBD18D6994695369C5
:1070600001602C43486903441046C2E9053430BC32
:10707000704708467047704703682BB11A465B6833
:10708000002BFBD1516070470160704760B138B58B
:107090000446006838B188420CD0044640688842F3
:1070A00003D00028F9D138BD70474568FFF75CFE72
:1070B000656038BD4568FFF757FE256038BD00BFE5
:1070C00008B50822FFF792FBB0FA80F3024A5B0989
:1070D0001060584208BD00BFDCC30020014B186897
:1070E000FFF726BCDCC30020024B01461868FFF7FF
:1070F000A1BB00BFDCC30020024B01461868FFF7AC
:10710000DDBB00BFDCC30020074B014610B582B0D9
:1071100018680191FFF7D2FB044610B1019901F004
:10712000A7FD204602B010BDDCC30020014B18684B
:10713000FFF77CBBDCC3002070B504460D46164645
:10714000FFF7EEFA0023E56284F8503084F85430FB
:1071500055B14EB92B061AD4E16B69B3CA43FF236C
:107160006FF0FF0063631EE005EA060265EA0603AE
:10717000C4E90E266364284601F00AFE23695B69B0
:107180000BB120469847BDE87040FFF7D1BA05F033
:10719000C003802B16D005F0E003C02B1AD0636B20
:1071A000E16BD843CA432B4029402843236345EA77
:1071B0000203A1632064DDE7FF236FF0FF0219469D
:1071C000E363CCE7E16B71B1CA434FF6FF730C4840
:1071D0006363E8E7E16B61B1CA436FF07F434FF04F
:1071E0007F406363DFE74FF6FF73054A1946E363A9
:1071F000EBE76FF07F434FF07F421946E363ECE724
:107200000000FFFF10B5FFF78BFA074B1C683CB17D
:10721000236920469B6903B198476469002CF7D124
:10722000BDE81040FFF784BAE8C3002038B5044633
:1072300001F06EFC054B1D6825B11CB16D69013C68
:10724000002DFAD101F072FC284638BDE8C30020B9
:1072500060B10388012B0AD1064B8268186810B907
:1072600004E0406928B1C36A9A42FAD1704700200D
:1072700070477047E8C3002068B138B5104C2368E8
:1072800043B19842054602D106E09D4204D05B69B5
:10729000002BFAD138BD70472B69DB680BB128464B
:1072A0009847D5E905324AB1536103B19A61054B5C
:1072B0001A689542EED122681A6038BD2360F4E75F
:1072C000E8C30020E4C3002038B501F021FC0B4DD9
:1072D000FFF726FA0A4B00221A60FFF729FA01F09D
:1072E00025FC2C682CB12046FFF7C6FF6469002CF2
:1072F000F9D10023034A2B60136038BDE8C3002096
:10730000E0C30020E4C3002010B582B0044601F0C1
:10731000FFFB074B186810B904E0406910B18442C4
:10732000FBD10120019001F001FC019802B010BDD9
:10733000E8C3002070B504460D46164601F0E8FB90
:1073400024B1324629462046FFF7F6FEBDE87040DC
:1073500001F0ECBB48B138B504460D4601F0D8FB4E
:10736000A564BDE8384001F0E1BB704748B138B5CD
:1073700004460D4601F0CCFBE564BDE8384001F061
:10738000D5BB704700B583B001F0C2FB044B186851
:10739000019001F0CBFB019803B05DF804FB00BF46
:1073A000E4C30020014B1868704700BFE4C300200D
:1073B00010B5044682B030B101F0AAFBE06A01903A
:1073C00001F0B4FB019802B010BD00BF10B5044637
:1073D00082B030B101F09CFBE06C019001F0A6FBA3
:1073E000019802B010BD00BF10B5044682B038B19C
:1073F00001F08EFB94F85000019001F097FB01988A
:1074000002B010BD50B138B504460D4601F080FB06
:1074100084F85050BDE8384001F088BB704700BF89
:10742000002918BF002A10D078B103696BB110B4DD
:107430005C68944204D8DB6913B15DF8044B1847CB
:107440004FF0FF305DF8044B70474FF0FF3070474E
:1074500000B585B0CDE90210019201F059FB039807
:10746000DDE90121FFF7DCFF019001F05FFB0198EE
:1074700005B05DF804FB00BF032A70B5154604464D
:107480000E460DD88CB186B1236973B15A68AA42F1
:107490000BD11B6A4BB131462046BDE870401847FE
:1074A000086800BA01F074FCECE74FF0FF3070BDE3
:1074B000F8B560B1036904464BB1284D0E46174636
:1074C0002B6813B907E05B692BB19C42FBD14FF0ED
:1074D000FF352846F8BDFFF723F92B68636103B138
:1074E0009C61002301202C60A3612346DA6982425B
:1074F00012D05B69002BF9D1226923629368E061A5
:107500004BB320469847054640B12046FFF7B4FEEE
:10751000FFF70EF92846F8BD0130E6E706B18FB94E
:1075200023691B78013B012B05D90D4B1A68002AF2
:10753000EED11C60ECE72046FDF7B0FE0028F4D049
:107540000546E2E73A4631462046FFF795FF002818
:10755000E6D00546D9E74FF0FF35D6E7E8C300206F
:10756000E4C3002000B585B0CDE90210019201F01E
:10757000CFFA0398DDE90121FFF79AFF019001F0AE
:10758000D5FA019805B05DF804FB00BF18B1036996
:10759000DB6A03B11847704718B103691B6B03B16D
:1075A0001847704770B5E8B1036904465B6ACBB110
:1075B00003F00AFDA36A0546C31AC82B15D923692F
:1075C000204694F824605B6A9847A56284F82400FA
:1075D000054646B9864206D023695B691BB1204641
:1075E000984700E00125284670BD94F824502846AD
:1075F00070BD00BF00B583B0019001F089FA019819
:10760000FFF7D0FF019001F091FA019803B05DF807
:1076100004FB00BF024B1B6803B11847704700BF53
:10762000E0C3002010B5044682B030B101F070FA1A
:10763000E069019001F07AFA019802B010BD00BF34
:1076400038B5054601F064FA65B1094B1C6814B9F8
:1076500004E0646914B1E3699D42FAD101F066FA6D
:10766000204638BD2C4601F061FA204638BD00BFE7
:10767000E8C3002050B1074B1B6813B904E05B69F5
:1076800013B1DA698242FAD11846704703461846A8
:10769000704700BFE8C30020F8B5FFF741F8134B6F
:1076A000134D0026DA6805F10C071E601AB19047E9
:1076B000431C04460BD0BD420DD055F8043FDA6898
:1076C0001E60002AF7D09047431C0446F3D1FFF711
:1076D0002FF82046F8BDFEF7E5F901304FF0FF34F2
:1076E00018BF0024FFF724F82046F8BDE455002019
:1076F0000C0F002038B5FFF713F80B4B0B4C1B6930
:1077000004F10C0503B19847AC4206D054F8043F8D
:107710001B69002BF7D1AC42F8D1FEF7EFF9BDE8B9
:107720003840FFF705B800BFE45500200C0F0020DB
:10773000144BB3F804C030B510EA0C0F124C04F12E
:107740000C0E07D093F806C08C4510D011B99D6877
:10775000954212D0744512D054F8043FB3F804C0D7
:1077600010EA0C0FF6D093F806C08C45EED122B18A
:107770009D68954201D0002DECD1184630BD002304
:10778000184630BDE45500200C0F002038B50B4BD7
:107790000B4CDB6904F10C0503B19847AC4206D0F1
:1077A00054F8043FDB69002BF7D1AC42F8D1FEF767
:1077B0002DFABDE83840FFF725BD00BFE455002095
:1077C0000C0F002003464FF40062402100209A6411
:1077D000A3F86C109A63704738B50C460546FEF75F
:1077E0009FFFE20708D4A30702D5012385F8503094
:1077F000FEF79EFF002038BD012305F1340085F817
:10780000403000F0CFFFEEE72DE9F047044686B0A8
:1078100015461E4688460E9FFEF782FFA36CAB42BC
:1078200060D367B3404600222946FFF73FFA8046FF
:1078300000285AD016F0040611D17868D4F81090B8
:10784000FFF718FF3B88012B1CD094F98530002BE3
:1078500046D1FEF76DFF284606B0BDE8F08701234C
:1078600094F88C90D4F810A084F88C307868FFF7E6
:1078700001FF3B88012B30D084F88C90E5E704F1C0
:107880005407CFE75FFA89F3B146BA6894F86D7090
:1078900002F0F00CA16EBCF1E00F0CBF94F86EC0CA
:1078A00094F86CC000970027CDE901C805970397AD
:1078B00094F88C700497FEF7CDFC0EB184F88C9090
:1078C0000028C2D00146204600F04AF9FEF730FFFA
:1078D0004FF0FF3006B0BDE8F0875FFA8AF3D4E7D7
:1078E0000020EFE76FF00700ECE76FF00200E9E738
:1078F000F0B51C4689B005460E4684F002040C2102
:1079000005A80392C4F340040E9F01F0B1F905AB42
:10791000039A314605F13400009400F0C7FF431C80
:1079200012D095F9853043B904461FB1394605A8F0
:1079300001F030F8204609B0F0BD002128464FF094
:10794000FF3400F00DF9F5E76FF00701F6E700BF2F
:1079500030B5044683B000250191FEF7E1FE0C220C
:10796000019904F1540001F0EFF8032304F134000D
:10797000A4F862502373A4F8565000F013FFFEF7EA
:10798000D7FE284603B030BD00B583B00190FEF7A6
:10799000C7FE0199044800F015F9FEF7C9FE002062
:1079A00003B05DF804FB00BF2457002010B5054C60
:1079B000216829B1204600F005F921680029F9D194
:1079C00010BD00BF245700202DE9F84F0A9C002B62
:1079D00018BF002C59D00746002856D01E465B69B8
:1079E000002B52D00B8888461546012B69D04FF0EA
:1079F00000093946284600F0A5FF002865D0524B03
:107A00001C68002C41D04FF0000A01E0246804B348
:107A100023694B45FAD1284600F084FF002836D070
:107A20002B88012BF2D1D4F890100029EED04A68AF
:107A3000AB689A42EAD10B689F42E7D1BAF1000FD6
:107A400003D09AF84030002B68D0A2462468002C5E
:107A5000DED1BAF1000F18D09AF84030ABB9234606
:107A6000214630464FF0FF32FFF76AF8044660B116
:107A7000014642460AF1340000F0C6FE013004D14E
:107A80002046BDE8F84FFFF76FB9BDE8F88F04F165
:107A9000600B584600F060FF28B95846294600F0B0
:107AA00067FF0028B2D004F1540B584600F054FF91
:107AB0000028C3D15846414600F05AFF0028BDD1E6
:107AC000A4E7E36893F8099093E7284600F02AFFBB
:107AD000002894D11C4A4B4629461068424600F0C3
:107AE000EBF804460028D0D090F84030002BCCD1E1
:107AF000194630464FF0FF32FFF722F805460028BE
:107B0000C3D00146424604F1340000F07DFE01304E
:107B1000BBD12846BDE8F84FFFF726B919464FF00C
:107B2000FF323046FFF70CF8834600288DD00AF16B
:107B300034004246594600F067FE013085D1584670
:107B4000A246FFF711F961E72457002003483021CE
:107B500008B501F08DF8002008BD00BF84C40020E6
:107B600090F9852003461AB10020114683F885005C
:107B7000084683F88410FDF70BBB00BF38B50546F7
:107B80000C46FEF7CDFD2B68236003B15C6000233B
:107B900063602C60BDE83840FEF7CABD38B50C46BE
:107BA0000546FEF7BDFD63684BB122681A60236885
:107BB0000BB162685A60BDE83840FEF7B9BD236872
:107BC0002B60F4E738B50D460446FEF7A9FDFEF735
:107BD000A7FD6B6853B32A681A602B680BB16A68FB
:107BE0005A60FEF7A5FDFEF79BFDEC6B3CB120460D
:107BF0006468FFF7B9F8002CF9D1EC636C63FEF709
:107C000097FDFEF78DFDEC6C3CB120466468FFF7F4
:107C1000ABF8002CF9D1EC646C64FEF789FD2846C2
:107C2000FFF762FABDE83840FEF782BD2B6823609B
:107C3000D3E700BF00283DD030B5B1F802E001E045
:107C40000068C8B1B0F862C0F445F9D1B1F800C01D
:107C50001CF0010F0CF001040FD08D686DB1B0F86D
:107C60006050AC45ECD1002CEAD0856E8C68A54202
:107C7000E6D132B9B3B1012030BD002BEFD0002ADC
:107C8000F8D0B0F854501488AC42D9D1E407D7D515
:107C9000C56D9468A542D3D1B0F856C05488A445A8
:107CA000CED1E8E7002ACBD0B0F854501488AC42CB
:107CB000C6D1EBE7704700BF2DE9F04100284CD05A
:107CC0004FF0030E002504699C4226D1B0F862C033
:107CD0004C88A44521D1446E14B14E68B4421CD1E5
:107CE000B0F86040E6071ED5866EE6B1B1F800C078
:107CF0001CF0010F38D10124B0F854C01CF0010F62
:107D00001ED0C66DE6B11AB1178817F0010F34D135
:107D10000134A64501D9A646054600680028D2D1FF
:107D20002846BDE8F0810C8814F00104E4D08C688A
:107D3000B0F854C0003C18BF01241CF0010FE0D182
:107D40003AB1B2F800C01CF0010F02D09668002EC4
:107D5000DED1744505D2002CDDD105462846BDE8AC
:107D6000F0814FF0010ED8E78F68002FC3D0A445F3
:107D7000D3D1BE42D1D10024BEE7D2F80880B8F1F9
:107D8000000FC5D0BC45C8D14645C6D1B0F8567025
:107D90005688B742DDD0C0E72DE9F04184B0284FC6
:107DA00004460C2201A8B7F8008044F2010643F60D
:107DB000FE7500F0C9FEFEF7B3FC08EB06039BB2AC
:107DC000AB422AD808F101081FFA88F84046FBF7B1
:107DD00089FAADF806004CB3BDF804E02346DDF89F
:107DE0000CC00EF0010101E01B68FBB1B3F862208A
:107DF0008242F9D10029E0D0BCF1000FDDD0B3F808
:107E000060209645F0D10029EED09A6E9445EBD1D2
:107E100008EB06039BB2AB42D4D94FF4404840462E
:107E2000FBF760FAADF80600002CD5D1A7F800806A
:107E3000FEF77EFCBDF8060004B0BDE8F08100BF8F
:107E40002658002038B505469420FFF755F904461A
:107E500090B19422294600F077FE0023C4E9003354
:107E6000A3602373A3612363E36163626363E363DA
:107E70006364E364A4F88430204638BD2DE9F84FEC
:107E800007460E46904600F043FE394B1B78002B08
:107E900053D0DFF8E0A0FEF743FC0024534653F82C
:107EA000045B3DB101340C2CF9D1FEF741FC6FF0BD
:107EB000010044E04FF0FF330AEB840B4AF8243012
:107EC000FEF736FC424631463846FFF731FC814624
:107ED00000283DD09420FFF717F9064600283DD032
:107EE0004AF82400A0F860700573C0F808B0C0F824
:107EF0001490C0F81080B8F1000F02D1D9F8083002
:107F00000361A6F85470FEF70BFCD9F8003033601B
:107F100003B15E6000237360C9F80060FEF708FCDF
:107F2000D9F820305B681BB130469847013018D033
:107F300000F0FCFD5846BDE8F88F6FF018004FF0D8
:107F4000000BFDF725F900F0F1FD5846BDE8F88F6C
:107F50006FF0090000234AF82430F0E76FF00200C8
:107F6000F8E731467069FFF72DFEFDF70BF9F1E7F1
:107F700035C8002084C40020F0B587B005460C4603
:107F8000164600F0C5FD564B1B78002B66D0002D21
:107F900064D02D68002D61D02B7B042B00F09980DC
:107FA0006F693A6A1278002A51D1002C00F085805E
:107FB000002E00F082802388DA0740F181800B2EAA
:107FC0007BD96E4694E8070086E80700002A7AD03D
:107FD000BDF8023013B9BB79032B69D10C2205F12E
:107FE00060040DEB0200214600F0AEFDBDF80C3040
:107FF000BDF800201340ADF80C30DB073AD40198EF
:10800000FFF738FBBDF80C30012B59D100283DD0CB
:10801000C36A0593BDF80E3083B36B6903A932467A
:1080200018680123FFF706FE00284FD120460C22D6
:1080300000F08AFD6B691B6ADC681CB1314628467A
:10804000A047044600F072FD204607B0F0BD032BA8
:1080500042D0022BA9D16FF015061EE06FF01B066F
:108060004FF0FF343046FDF793F800F05FFD2046F7
:1080700007B0F0BD059B002BCCD1C0E76B6903A90D
:108080001868FFF789FEADF80E00C6E70298FDF705
:1080900059FD0028BCD16FF00F0695F9850050B14D
:1080A000002385F8853085F88400FDF771F8D7E75F
:1080B0006FF00E06F1E73046F5E76FF00506ECE7E6
:1080C0006FF00B06E9E76FF00606E6E76FF00D06C6
:1080D000E3E76FF00A06E0E76FF01206DDE700BFA6
:1080E00035C80020F8B505460C46164600F010FDD0
:1080F000554B1B78002B6DD0002D6BD02D68002DBB
:1081000068D0002C42D0002E40D02288D10740F108
:1081100090800B2E3AD9B5F86260002E36D1B5F8B2
:10812000603013F001072ED1A16801F0F000E028C3
:108130003AD19342678859D063686B66002F3ED06E
:108140003E46A5F86260FEF7EBFAEC6B3CB12046C8
:108150006468FEF709FE002CF9D1EC636C63FEF74E
:10816000E7FAFEF7DDFAEC6C3CB120466468FEF7F6
:10817000FBFD002CF9D1EC646C64FEF7D9FA00F039
:10818000D5FC0020F8BDA96E0029CDD06FF0050008
:1081900095F985301BB10022184685F8852085F8B1
:1081A0008400FCF7F5FF19E0002932D16788FFB998
:1081B0002288B5F86030934215D063686B666B69AE
:1081C0009A79032ABDD005F160011868FFF7E4FD34
:1081D0000646B6E76FF01B00FCF7DAFF00F0A6FCDE
:1081E0004FF0FF30F8BDDA07E7D5A168A966A3E72D
:1081F0006B692146186800231A46FFF71BFDD8B9A2
:108200002288B5F86030934219D063683E466B66A9
:1082100097E73FB92046FFF71BF80028C6D16FF05B
:108220000E00B5E70021A86EFDF746FD0028BDD180
:10823000F0E76FF00B00ABE76FF00D00A8E7DB078E
:10824000D3D463686B667BE735C8002038B5044635
:1082500000F05EFC114B1B78B3B1ACB125689DB149
:10826000D5F8900008B1FDF71DFD6B691B6A9B688E
:108270001BB128469847054610B900231D462360C8
:1082800000F054FC284638BD4FF0FF356FF01B005E
:10829000FCF77EFF00F04AFC284638BD35C80020B8
:1082A0002DE9F04385B0164604460D461F46DDF81D
:1082B000308000F02DFC344A1278002A41D0002C86
:1082C0003FD02468002C3CD0B8F1000F27D00D9B84
:1082D0002BB3B8F80030DB074CD50D9B0B2B46D9E0
:1082E000D8F80830002B3FD0002D40D094F8503003
:1082F000002B42D163691B6AD3F81890B9F1000FC3
:108300003ED03B46324629462046CDF80080C8473D
:10831000039000F00BFC039805B0BDE8F083B4F8BF
:108320005430DA071AD46FF0130094F985301BB17A
:108330000022184684F8852084F88400FCF728FF82
:1083400003E06FF01B00FCF723FF4FF0FF300390BA
:1083500000F0ECFB039805B0BDE8F083E36D002B63
:10836000E1D04FF00008BFE76FF00600DDE76FF0E7
:108370000500DAE76FF00B00D7E76FF01400D4E7E1
:108380006FF00A00D1E700BF35C8002010B5002407
:1083900082B0CDE90044FFF783FF02B010BD00BFFB
:1083A0002DE9F04385B00D46044690461F460C9ECD
:1083B00000F0AEFB3149097800293BD0002C39D0C0
:1083C0002468002C36D0002D31D0B4F862301BB9AF
:1083D00063699B79032B3AD10D9B002E18BF002BAC
:1083E00014BF012200221AD194F84030002B3CD156
:1083F00063691B6AD3F81490B9F1000F3BD0002ACF
:108400003B464246294608BF002620460096C847FC
:10841000039000F08BFB039805B0BDE8F0831B6868
:108420002BB1B4F86010C90722D50B2BDCD86FF044
:1084300005000EE06FF01B00FCF7AAFE4FF0FF30C6
:10844000039000F073FB039805B0BDE8F0836FF074
:10845000040094F985301BB10022184684F8852069
:1084600084F88400FCF794FEE8E76FF01400F0E76E
:108470006FF00B00EDE76FF00A00EAE735C8002067
:1084800010B5002482B0CDE90044FFF789FF02B0A7
:1084900010BD00BF2DE9F04184B01D46044688465A
:1084A000174600F035FB3B4B1B783BB334B32668D3
:1084B00026B3002D6AD00A9B002B67D0364B984517
:1084C00014D07369002B61D01B6A1C6A002C5DD02C
:1084D0000A9B3A464146304600932B46A0470390FC
:1084E00000F024FB039804B0BDE8F0817B1E052B4F
:1084F0003ED8DFE803F015202B3D0A0A6FF01B0081
:10850000FCF746FE4FF0FF30E9E70A9B032B3DD90D
:108510002B68052F4FF000000CBFB364B363DEE798
:108520000A9B032B32D92B6800201B1A18BF01238A
:1085300086F88D30D3E70A9B032B27D92B680020C0
:108540001B1A18BF012386F88C30C8E70A9B032B3F
:108550001CD96B884FF47A72002002FB03F3C6F833
:1085600088302B781B1A18BF012386F88E30B6E7A7
:108570006FF0080096F985301BB10022184686F886
:10858000852086F88400FCF703FEBBE76FF005004A
:10859000F0E700BF35C8002017E503002DE9F041E2
:1085A00084B01D4604460F461646DDF8288000F0CC
:1085B000AFFA794B1B78002B34D0002C32D0D4F892
:1085C00000C0BCF1000F2DD0002D00F0E280B8F10A
:1085D000000F00F0DE80714B9F4217D0DCF81430A2
:1085E000002B00F0D6801B6A5C6A002C00F0D18062
:1085F0002B46324639466046CDF80080A0470390AE
:1086000000F094FA039804B0BDE8F0810D2E00F25A
:10861000B280DFE806F07485919DB02020323F4E95
:108620000E0E5C686FF01B00FCF7B2FD4FF0FF30E0
:10863000E5E7D8F80030032B40F2AB8004230A2E84
:108640004FF00000C8F800300CBFDCF83430DCF824
:1086500044302B60D3E7D8F80030032B40F29980E8
:108660000423052E4FF00000C8F800300CBFDCF8E2
:108670004830DCF838302B60C1E7D8F80030002BE8
:1086800000F0878001230020C8F800309CF80C30EF
:108690002B70B4E7D8F80030002B7AD001220023E9
:1086A000C8F8002018469CF984202A708CF8843081
:1086B000A5E7D8F80030002B6BD00122DCF814308D
:1086C000C8F8002003B19B7900202B7097E7D8F8F9
:1086D0000030032B5DD904230020C8F80030DCF8FB
:1086E0002C302B608BE7D8F80030032B51D90423B2
:1086F0000020C8F80030DCF828302B607FE7D8F87D
:108700000030032B45D904230020C8F800309CF822
:108710000C30A3F10403B3FA83F35B092B606EE71B
:10872000D8F80030032B34D904230020C8F80030D7
:108730009CF88D302B6062E7D8F80030032B28D9E5
:1087400004230020C8F800309CF88C302B6056E7DA
:10875000D8F80030032B1CD90423114A0020C8F894
:1087600000309CF88E302B70DCF88830A2FB03239D
:108770009B096B8043E76FF008009CF985301BB1C3
:10878000002218468CF885208CF88400FCF700FD48
:108790004CE76FF00500F0E735C8002017E503004F
:1087A000D34D621038B50546FDF7BAFF4DB1AC6840
:1087B0003CB120466468FEF7D7FA002CF9D1AC60D2
:1087C0002C60BDE83840FDF7B3BF00BF38B50D469B
:1087D0000446FDF7A5FF6B69D4E900120B449342F0
:1087E0000CD82946A068FEF72FFC6A692368A060B0
:1087F00013442360FDF79CFF002038BDFDF798FF70
:108800004FF0FF3038BD00BFF8B504460D4617469F
:10881000FDF786FF22686B691344626893421BD898
:1088200000210C20FEF74CF90646A8B139460C226F
:10883000C06800F089F96A69236829463046134404
:1088400044F8083BFEF700FC01462046FEF714FC06
:10885000FDF76EFF0020F8BDFDF76AFF4FF0FF3017
:10886000F8BD00BF70B50546806868B11E460B466E
:1088700041698A4228BF0A4600211446FEF726FABB
:10888000012E04D0204670BD0446204670BDFDF781
:1088900047FF05F108002146FEF72AFB2B681B1B4A
:1088A0002B60FDF745FF204670BD00BF2DE9F84362
:1088B00085689DF8208005B32F6806469946D7B194
:1088C0000B46796938468A4228BF0A460021144679
:1088D000FEF7FCF948460C22E96800F035F96B69AF
:1088E0000C3BA34288BF4FF0FF34B8F1000F08D112
:1088F0002046BDE8F8833C46ECE72C462046BDE820
:10890000F883FDF70DFF1FB133687A699B1A336056
:1089100006F108002946FEF7B9FBFDF709FF2046DE
:10892000BDE8F88368B1038813F0010308D08068BC
:1089300000F0F000A0F1E000B0FA80F040097047CC
:108940001846704710B10388DB0701D40020704738
:108950008068FDF7B1B900BF38B10388DB0704D5E3
:108960008068B0FA80F0400970470120704700BF6E
:1089700020B119B102880B88934201D000207047C2
:1089800013F00103FAD080688B68C01AB0FA80F047
:1089900040097047034608461BB111B11A88D20737
:1089A00000D470470C22194600F0CEB810B504462A
:1089B00010B10388012B01D0002010BD4068FEF7E4
:1089C00059FE0028F9D1A068BDE81040FDF7BAB8FB
:1089D000F8B5002853D043680446002B4FD0836875
:1089E0002E4D2F4AC1682B6011601BB31B68002BF2
:1089F00045D02C4E30469847002840D12B68CBB14B
:108A00009A68294F8AB1316879B1304690473B78EE
:108A10009BB14FF0FF342B682BB1DB681BB12148B1
:108A2000026802B198472046F8BD3A782AB14FF063
:108A3000FF34F2E71C4F3B780BBBD4E90001FEF793
:108A40003FFB04460028E6D1FBF7ECFF0446002874
:108A5000E1D1FDF7C1FE154A154B0A2014601C60D8
:108A600002F096FA01300ED0FEF716FE01300AD061
:108A7000FFF76CF8013006D001233B70CBE74FF0D5
:108A8000FF342046F8BD4FF0FF34FEF71DFCFEF723
:108A900031FE02F08BFAFEF749FBBCE7C0BD0020B7
:108AA000C8BD0020B4C4002035C80020E8C30020A1
:108AB000E4C3002008B502F0AFFABDE80840FBF7B8
:108AC00067BF00BF054B1A681AB112681AB110B11E
:108AD0001047104670474FF0FF307047C0BD002070
:108AE000044B1A682AB192681AB110B1036803B135
:108AF00010477047C0BD0020044B1A682AB1D268E5
:108B00001AB110B1036803B110477047C0BD00200F
:108B1000044B1B682BB19B681BB10348026802B170
:108B200018477047C0BD0020B4C40020044B1B6828
:108B30002BB1DB681BB10348026802B118477047CC
:108B4000C0BD0020B4C40020032A7ED90B4630B536
:108B5000CC0705D511F8013B013A00F8013B0B4663
:108B60009D0704D531F8023B023A20F8023B9509F3
:108B700076D001F140034FEA851E00F1400C03EB73
:108B8000851553F8404C40330CF1400C4CF8804CA8
:108B9000AB4253F87C4C4CF87C4C53F8784C4CF876
:108BA000784C53F8744C4CF8744C53F8704C4CF8A7
:108BB000704C53F86C4C4CF86C4C53F8684C4CF8B7
:108BC000684C53F8644C4CF8644C53F8604C4CF8C7
:108BD000604C53F85C4C4CF85C4C53F8584C4CF8D7
:108BE000584C53F8544C4CF8544C53F8504C4CF8E7
:108BF000504C53F84C4C4CF84C4C53F8484C4CF8F7
:108C0000484C53F8444C4CF8444CBAD101EB0E0399
:108C1000704412F03C0FC2F3830123D08D00A0F109
:108C2000040C03EB810153F8044B8B424CF8044FC6
:108C3000F9D12844940703D531F8023B20F8023BD0
:108C4000D20701D50B78037030BD930703D531F8F7
:108C5000023B20F8023BD30744BF0B7803707047F8
:108C60000B46D6E71946E5E70AB107F035BB704772
:108C70000A4611B1002107F02FBB70477AB1013AC3
:108C8000431E013900EB020C01E0634506D013F8E6
:108C9000010F11F8012F801AF7D070477047104666
:108CA000FBE700BF48B1034613F8010B28B10020D1
:108CB00013F8012B0130002AFAD1704778B103462E
:108CC00013F8012B6AB1B1FA81F0400911B908E03B
:108CD000814205D013F8012B0130002AF8D17047EA
:108CE00070470020FBE700BF50B149B10B782BB1B2
:108CF00000F8013B11F8013F002BF9D1002303706C
:108D0000704700BFA0F14103192B01D82030C0B239
:108D1000704700BF08B330B405468C4615F8014BC8
:108D200001E09C4215D01CF8013B002BF9D1C4B1E5
:108D300015F8014B8C4601E0002BF9D01CF8013BE3
:108D40009C42F9D13CB1002305F8013C156030BCD0
:108D500070472846E0E72546F8E710680028DAD192
:108D600070472046146030BC704700BF10B5074CF8
:108D700044F2A7106FF0004200232168A1FB00011C
:108D800005F030FA1046226010BD00BF7CC4002000
:108D9000024A136818441060704700BF7CC400206A
:108DA000836993F88020042A19D0A2F1050CBCF144
:108DB000010F13D8052A1BD0DA6E0A21013A83F875
:108DC0008010033211D84FF0FF31012299660273EF
:108DD000D3F8842042F00802C3F8842070470721AA
:108DE000012283F880100273F2E73022DA66EAE7A4
:108DF0001A6A8A42E0D0082283F88020E8E700BFA0
:108E0000F8B50023876914460E461370BB8BA3B1D7
:108E10000D4643F00170FAF769FA286025780E4B89
:108E20000435EDB22570B87F43EA0020FAF75EFA08
:108E30007051237803332370F8BDC06DFCF782FEB8
:108E400030B18368283B9BB2BB8325783544E0E78B
:108E50002578BB8B3544DCE70000030370B58469DB
:108E6000064688212046FFF703FF4FF40672B56BD4
:108E7000336FA2871A4AA383954227D89BB2A56075
:108E80009D4238BFA583A37F4FF4405C0CFA03F2E8
:108E9000AA420AD20133DBB20CFA03F2591C9E46F5
:108EA000AA42CBB2F8D384F81EE04FF0FF330C2275
:108EB0000B496366E3676367A366A367C4E91B3373
:108EC000736BA163C4E912221BB970BD1546A26081
:108ED000D9E706F13400BDE87040FFF763BC00BF7E
:108EE0000000FF0F062970B5049D86690AD10E3A6D
:108EF00086461C46072A10D8DFE802F0160F181B1A
:108F00000F2023090495BDE87040FCF761BDC36FD5
:108F10000422236000202A6070BD6FF00801FEF774
:108F20001FFE4FF0FF3070BD036FF1E790F8803007
:108F3000EEE7D6F88430C3F3C003E9E7436F5B087C
:108F4000E6E7836F5B08E3E738B5456A95B1044609
:108F5000FDF7E6FB646A25462468002CFBD1286BEC
:108F60002946836A2430013B4360FEF717FE2C63D9
:108F7000FDF7DEFB284638BD10B504468820FEF715
:108F8000C3F8E0B100234FF400424FF46151A061F7
:108F90002367184684F88E3096234FF0010C6167E2
:108FA000A2640821A2634FF48072A367402384F86F
:108FB00080C0E167A4F88C20A4F86C3010BD204676
:108FC0006FF00201FEF7CCFD4FF0FF3010BD00BF87
:108FD0002DE9F04106460D46FDF7A2FB344B1C6817
:108FE000002C57D0002701E02468A4B1B4F8622017
:108FF0006B889A42F8D1237B042B34D1002FF3D114
:1090000004F160084046FFF7A7FC002848D0274637
:109010002468002CEAD1002F3CD0FC696CB104F12B
:1090200054003146FFF7A4FC20B1B4F856207388F1
:109030009A4213D02468002CF1D17C6A6CB104F1FF
:1090400054003146FFF794FC20B1B4F856207388E1
:109050009A4203D02468002CF1D13C46FDF768FB0E
:109060002046BDE8F081294604F16000FFF780FC4E
:109070000028B9D0237B002BB6D0314604F1540030
:10908000FFF776FC0028AFD0B4F8562073889A42D8
:10909000AAD1E3E70024FDF74BFB2046BDE8F081B1
:1090A00040462946FFF764FC002818BF27469BE787
:1090B00048570020062970B5049D16D1152A04468C
:1090C000944639D89E464FF46513D340DB0701D54B
:1090D000042D39D1ACF10E0CBCF1070F2CD8DFE810
:1090E0000CF00F2B152B2B1D24090495BDE87040A7
:1090F000FCF74EBCDEF8003033B30020E36770BDF0
:10910000DEF8003003B30020236770BDDEF80030C6
:1091100003B10123002084F8803070BDDEF80030F8
:1091200093B15B000020636770BDDEF800305BB177
:109130005B000020A36770BD6FF008012046FEF7BA
:109140000FFD4FF0FF3070BD6FF00501F6E700BF77
:109150002DE9F043044689B04069FEF78BFA0021FF
:1091600006461420FDF7ACFC002800F0AA80054656
:109170001421C068FFF77CFDE76A27B194F83080BE
:10918000B8F1000F43D1EB6850221A73EF68E388FF
:10919000E0693B80638A7B80FAF7A8F87860EF6823
:1091A000206AFAF7A3F8EB68B86094F824205A73A1
:1091B000E08CEF68FAF796F80346616B2846FB816E
:1091C000FDF742FF0546208DEF68FAF78BF8EB6854
:1091D0000022788203F110071A82238A012B06D11C
:1091E000002E64D0336A9B0753D4EF681037AA8AE5
:1091F0004FF4C0612846FBF795FF3880E8681030CF
:10920000238A012B2FD0002009B0BDE8F083002174
:1092100028200795FDF754FC814600284ED0C068F1
:109220002821FFF725FD49460798FDF70DFF7B1E16
:1092300000210768079013F8010FFA6850540131B4
:109240008845F8D18A0703D021F003010431C9B25F
:10925000283907A8FDF74CFE3B69079A1433D268FA
:109260009B00137392E72368E168A269E3B15C781D
:109270001F7893F8203000940024029501970394FE
:10928000CDE9043006233046FCF7E4FF09B0BDE821
:10929000F08369693046FCF777FC0028A5D1AB69FB
:1092A00043F02003AB61ABE71C464027E3E7A0692E
:1092B000FCF748FC0646002894D196E72846FDF7BF
:1092C00053FD606B08B1FDF74FFD6FF002009BE7A7
:1092D000037B7BB3826910B592F880308EB0044670
:1092E000012B25D00A2B23D0022B24D0D3680020B9
:1092F0000421079304F16C030C22089001A88DF857
:10930000241004F160010093FFF71EFC04A80C2256
:1093100004F15401FFF718FC00236846ADF826302D
:10932000ADF828300B938DF830300D93FFF710FF18
:109330000EB010BD70470023506A14210793D9E77F
:10934000F0B50C46114691B01D46E2680646019103
:1093500092F80DC01CF0100323D090680024F9F798
:10936000C5FF4FF0040C019909900C228DF82CC018
:109370000A940DEB02000296FFF7E6FB06A80C220A
:109380002946FFF7E1FB002302A8ADF82E30ADF827
:1093900030300D938DF838300F93FFF7D9FE11B0B0
:1093A000F0BD09935068F9F7A1FFE26867694FF0D3
:1093B000140C537B127B03F00104C3F34003120926
:1093C00001993C441C44A4EB82040444CDE700BF53
:1093D00000293DD0CA68F8B5137B0F461B09052B41
:1093E0004FEA830E33D90646142423E0611C7145ED
:1093F0002DD295F801C0611E8C44F44527D2022B72
:109400001FD0032B0CD1AA78D6F884300C2A43F055
:10941000200328BF0C2286F83E20FA68C6F8843064
:10942000A3185B781C44137B1B09B4EB830F4FEA32
:10943000830E0CD2A35CA5184BB1012BD6D10134FD
:10944000F1E76888F9F74EFFFA68B087E8E7F8BDFA
:10945000704700BF38B5144D00221449C82001F0F0
:10946000E5FD2860A8B1002211494FF4FA7001F01F
:10947000DDFD104B0446186070B1FFF777FC0E4914
:10948000034600200A6802F57A4252FA83F30B6021
:1094900038BD4FF0FF3038BD286801F0E7FD4FF0D0
:1094A000FF302C6038BD00BFB8C40020E5AD00001F
:1094B000C1BA0000BCC40020C4BD0020F8B5036BD5
:1094C0000546002B2FD0027B022A1AD09A6A03F19C
:1094D00024078669013A9A626EB134682CB120463D
:1094E0006468FDF741FC002CF9D100233046C6E941
:1094F0000033FDF7F9FD29463846BDE8F840FEF790
:1095000061BB1A6A03F11C078669013A1A62002ED0
:10951000F1D03468002CE8D020466468FDF724FCC4
:10952000002CF9D1E1E78669D6F884303468DB078E
:1095300005D5D4B120466468FDF716FCF9E72CB1D7
:1095400020466468FDF710FC002CF9D1002405F1D9
:109550004400C6E90044FFF725F905F154002C73D7
:109560000C21BDE8F840FFF783BB00233046C6E975
:109570000033FDF7B9FD29460248BDE8F840FEF783
:1095800021BB00BF4857002010B5037B0446042BC5
:1095900005D016E0FFF79CFEE069FFF78FFFE0695A
:1095A0000028F7D1606A38B1FFF792FE606AFFF7D2
:1095B00085FF606A0028F7D12046BDE81040FFF71C
:1095C0007DBFFFF785FE2046BDE81040FFF776BF60
:1095D00070B5037B04460D468669042B0DD0FFF75A
:1095E0003DFC00230322E562E3650020A4F8563029
:1095F000042386F88020237370BDFDF791F8236A59
:10960000A26A99188D4208D23BB1E069FFF7BCFF0E
:10961000236AA26A98188542F6D3AA4205D9606ADD
:10962000FFF7B2FFA36A9D42F9D3E562FDF780F828
:10963000002070BD38B5104CFDF772F8206858B1A5
:109640008269D2F8843043F00103C2F88430FFF716
:109650009BFF20680028F3D1084D094C286801F0D1
:1096600005FD206801F002FD00232B602360BDE8AA
:109670003840FDF75DB800BF48570020B8C400204F
:10968000BCC40020F8B5FDF74BF8174B1D68B5B109
:109690000027AE692C462D68D6F88430DB0712D43B
:1096A000237B042B15D034682CB120466468FDF769
:1096B0005BFB002CF9D1C6E90077002DE9D1BDE8AC
:1096C000F840FDF735B82046FFF7F8FE002DE0D151
:1096D000F5E7E0690028F0D0FFF756FFE0690028C1
:1096E000FAD1002DD5D1EAE748570020002A18BF4B
:1096F000002B31D038B501B938BDDB6805461046BE
:1097000093F802C093F803E04CEA0E2CA2F802C0D2
:109710001A785B7842EA03234B80FFF759FC002854
:10972000EAD08369092DE7D801A252F825F000BFDD
:1097300087AB00007FAB00005BAB000063AB0000B9
:1097400063AB00005BAB00005BAB0000F9AA00005C
:10975000F9AA000077AB00007047E82380F8853055
:1097600038BD037B042BC7D0EE2380F88530BDE8DD
:109770003840FFF7A3BEF72380F8853038BDF823C3
:1097800080F8853038BD9A8F1A6338BD2DE9F04FC7
:1097900084699146456B9846A2688FB0A3690746D5
:1097A000551B0E46D4F820A025EAE575AB4203D23E
:1097B000E91AA08B814260D3B207A56166D5B5F5E1
:1097C000405F0AF1010A55D8ADB2F30710D594F8FD
:1097D00080300AF1010A042B5BD0072B02D1092348
:1097E00084F88030D4F8843043F00403C4F8843023
:1097F00016F0100B07F16C034FF00C0207F160013B
:1098000001A818BFD4F824B00093FFF79DF90C22EB
:1098100007F1540104A8FFF797F94FF0FF336846AA
:10982000A367236AADF8265000250793CDF820B032
:109830008DF82460CDF82C908DF83080ADF828504C
:109840000D95FFF785FC236925645A1C03F100532D
:10985000C4F820A09A4206D8524501D8534504D2F4
:109860000FB0BDE8F08F5245F8D8C4F810A00FB083
:10987000BDE8F08F4FF44055A7E7B1EB520F9BD2F4
:10988000002B18BF1D46B207A56198D4A37FDD4009
:109890009AE7052384F88030D4F8843043F0040339
:1098A000C4F88430A4E700BF30B5856985B00446AC
:1098B00095F88030052B0DD0092B0BD0022B17D03B
:1098C000002310211A46FFF761FF4FF0FF33AB670B
:1098D00005B030BD2A6A00232046511E1A4629626F
:1098E0001121FFF753FF4FF0FF33AB6705B030BDD9
:1098F0002B6A0DF1070202A9013B2B62FFF780FAE8
:109900009DF8073002AA12212046FFF73FFF4FF0D3
:10991000FF33AB6705B030BD2DE9F041054682B09D
:10992000144603F0020687690191DDF82080FCF7F8
:10993000F7FE2846B6FA86F3019950F8342F5B09F2
:10994000A24228BF2246FEF78DFF0446EEB93B6CCB
:10995000BA8B0344B3EB420F3B642BD32B7B032B1B
:1099600010D0002C32D0B8F1000F05D00C2205F138
:1099700054014046FFF7E8F8FCF7DAFE204602B053
:10998000BDE8F0812846FFF78FFF002CEBD12B7B41
:10999000032B1BD1B8F1000F05D00C22404605F176
:1099A0005401FFF7D1F8D7F884301B07E4D56FF0E6
:1099B00019010DE0BA68B3EB520FCFD2BA69002A91
:1099C000E3D1002BCAD1002CE1D0CCE76FF013011A
:1099D0000191FCF7ADFE28460199FEF7C1F84FF062
:1099E000FF30CCE738B5FCF79BFE154B1D68D5B1B1
:1099F0002B7BAA692BB1936F581C02D0013B936754
:109A0000CBB16C6A64B1237BA26933B1936F591CEB
:109A100003F1FF3301D093674BB12468002CF2D1DE
:109A20002D68002DE4D1BDE83840FCF781BE20460A
:109A3000FFF73AFFF1E72846FFF736FFE1E700BFFF
:109A400048570020F0B5054685B008460C46FEF79D
:109A5000ADFF00284CD001462046FEF773FF0028DA
:109A60003AD12046FEF75EFF002835D12846224F26
:109A7000AE69FFF7F3F90DF1070202A92846FFF7D7
:109A8000BFF93B683362013394E80700336105F1A5
:109A9000540383E80700FCF743FE9DF8073002AA51
:109AA00002212846FFF772FE0446F0B9012386F82A
:109AB000803002232B73FFF759F93B6803F57A4393
:109AC00053FA80F0B36C33671E233860F366FCF7FB
:109AD0002FFE204605B0F0BD6FF00E04214628464B
:109AE0004FF0FF34FEF73CF8F3E7FCF721FEF5E713
:109AF0006FF00F04F2E700BFC4BD00202DE9F0476E
:109B000085690646D0F844A08EB0EB68D5F8209061
:109B1000C06DA3EB0907A9EB03085744B94228BF5E
:109B200039460C46FCF7CCFC04F11403984296F835
:109B3000503038BFA0F114043F1BB7FA87F77F09F4
:109B4000002C5FD0002F5DD0002B67D11827B269A1
:109B5000736B90689169C31A23EAE37399420AD23E
:109B6000B2F81CC05A1A624505D2B2EB500F02D2AD
:109B7000002918BF0B46AB61002C47D0716C002345
:109B80002246F06CA1EB0A014144FCF7D9FF804664
:109B900000285AD006F16C0306F160010C2201A8DE
:109BA0000093FEF7D1FF06F154010C2204A8002611
:109BB000FEF7CAFF2B6A68464C4407936B6A8DF820
:109BC00024700893AB69AA7FCDF83480D3404FF05E
:109BD000FF32ADF82860AA67ADF826300B968DF8F5
:109BE0003060FFF7B5FA2B692E645A1C03F100535D
:109BF0002C629A420CD8944201D39C420AD90EB0EE
:109C0000BDE8F08703B11FBB1027A0E7A046C1E75E
:109C10009442F2D32C610EB0BDE8F087192795F875
:109C2000803009F10109042B0BD0072B02D1092345
:109C300085F88030D5F8843043F00403C5F88430CB
:109C400085E7052385F88030F4E74C442C62D6E79D
:109C50001127E4E72DE9F843856907468946D5F8D9
:109C60008400296A20F04003AA6AC5F88430EB68B2
:109C70005B1A9E185ED42A6BA98F9C187A6CB4FB71
:109C8000F1F403EB020801FB04F446454346A8BF88
:109C90004646B442A8BF3446002C52DD89F0010983
:109CA000002609F00109A14229DDEB6AB4EB530F4C
:109CB0001DDCD5F88430DA0619D4E9682A6A9142A5
:109CC00002D097F8802072B1A219904556D0696FE2
:109CD000AA6C481C01D0914201D92A656A6743F0F9
:109CE0004003C5F88430BEB90020BDE8F88326449F
:109CF00021463846FFF702FF002EF5D00CE038462B
:109D0000FFF7FCFEA98F641A0E44B9F1000FEAD0E8
:109D1000002CC8DC002EE7D095F8603033B3022B5E
:109D200034D04FF0FF322B6F93426A6719D0012075
:109D3000BDE8F8830223314485F860307B6C2962EA
:109D40009B1A97F85020002ACED000F0040003435D
:109D5000CAD11A4638461121FFF718FD2B6F01337F
:109D6000E5D1AB6C01202B67BDE8F8832B6A00219D
:109D700001226B61E96785F86020D2E746462146FB
:109D80003846FFF7BBFE002EAED0C5E76A692B6AE6
:109D9000511C02F10052914204D99942E7D99A42EA
:109DA000BFD3E4E79942FAD9BBE700BF38B5037BDC
:109DB000032B25D10D460446FCF7B2FCAA0702D5B9
:109DC00094F8503043B1EB0702D594F8403063B1BA
:109DD000FCF7AEFC002038BD0121204684F850106D
:109DE000FFF738FFEB07F3D5EFE704F13400FEF798
:109DF000D9FC012384F84030FCF79AFC0020EAE704
:109E00006FF01301FDF7ACFE4FF0FF3038BD00BF1F
:109E100038B5037B8569002B3ED090F88E30044620
:109E2000012B02D1D0F888303BB3FCF779FC237BBF
:109E3000032B24D194F85030002B44D0FCF778FC4D
:109E4000FCF76EFCD5F8843043F00103C5F884308C
:109E5000237BA3B395F880300A2B08D094F88E307A
:109E6000012B23D030230122EB6684F84020636B62
:109E700083BBFCF75DFC002038BDFCF751FCD5F836
:109E80008430204643F00103C5F88430FFF77CFBA3
:109E9000FCF74EFC002038BDD5F8843043F00103B8
:109EA000C5F88430FFF70AFB002038BDD4F88830AD
:109EB000002BD7D00A4AA2FB03235B09D3E7204635
:109EC000FFF7FCFAD5E70121204684F85010FFF790
:109ED000C1FEB3E704F13400FEF764FCC9E700BF3C
:109EE000D34D6210CB682DE9F04F05468469986820
:109EF000174688462DED028B83B0F9F7F7F995F8F0
:109F00008D20D8F80C300646012A93F80DA00CBF1E
:109F10006A6F4FF0FF32A2663A68520701D50122FC
:109F2000A267E1684FF0FF32B142626600F09980AB
:109F30000023A6EB0109226B63646B6C994528BF73
:109F40009946A24B9A4216D8A16B8A4200F215811B
:109F500002EB0903994280F07181636B2163134422
:109F60000A465B1A4B446363934204D39B1A6363B0
:109F7000A38F13442363494605F14C00FCF7B8FF57
:109F80006B6CA3EB09036B64236AE6605A1C03F154
:109F900000539A4244D9B24246D9B34244D263698B
:109FA00013F1005280F03482B34206D8B24204D397
:109FB00094F86010012900F02881D8F80C30D8F806
:109FC000142003F10C00D4F884100E077CD503781C
:109FD0004FF001091B09B2EB830F3B6884BF43F0CC
:109FE00002033B60190702D41AF0080F02D028467A
:109FF000FFF75AFCD4F884102846C1F3C011FFF7CC
:10A0000029FE3B6810B143F001033B60A26A6AB9C4
:10A010006A6C5AB1626F013200F0D580226D0BE09C
:10A02000B242BCD8B342BAD32662B8E7D4F884208F
:10A03000520602D44FF0FF326267226AE168914211
:10A0400014BFA26C4FF0FF3213F0090F226702D148
:10A050009B0700F1D180484603B0BDEC028BBDE800
:10A06000F08FD4F82090B14526D06A6C22B3197BCA
:10A0700003F10C00D8F814200909B2EB810FA2D12A
:10A080001AF0030F9FD1616C022901F1010C00F05D
:10A090009781C4F844C096E70133DA005B00A265FB
:10A0A000E36503EBD2034FF0FF32A364002384F88F
:10A0B0006030D8F80C30E267D4F8841003F10C005B
:10A0C000D8F814200E0782D4CDF800800178AE694C
:10A0D000090993F80D80B2EB810F4FEA810906D18F
:10A0E00018F0210F03D13B684FF001097AE7586857
:10A0F000F9F7FCF8736A9842706842D0009BB26826
:10A1000059690844904263D83A6842F002023A60C2
:10A110003268002A00F03C814FF0000B01920CE005
:10A12000804501D881451ED2DDF804B0009BDBF8E4
:10A130000420002A00F023810192DB685868F9F7B7
:10A14000D5F8009B00F10108DB685868F9F7CEF8F4
:10A15000019B00F10059DB685868F9F7C7F8C8455A
:10A16000DED98045DED8009BBBF1000F00F01281E4
:10A17000CBF80430019A5A6003E1636B4B4463638C
:10A18000F2E60028BAD118F0010F40F008814946E4
:10A190006846FCF7ADFE0099002900F0FD804A6991
:10A1A0004FF00009736AE86B13447362FCF74CFFCD
:10A1B000009BE8635A696B6B13446B633B6843F025
:10A1C00004033B600EE7A26C226535E7FFFFFE0F3C
:10A1D000DB685868F9F78AF8736A9842009B93D055
:10A1E0004FF00109DB685868F9F780F8D6F8248049
:10A1F000404527D03B68F5E62846FFF755FB484623
:10A2000003B0BDEC028BBDE8F08FA26DE36F002AB6
:10A210003FF442AFA3EBD203E06D002B1A44B8BF6A
:10A220005B42012AA3EB9003B8BF01220344A2655D
:10A23000002B3FF735AF0B46E16532E71A46236343
:10A24000636B91E63368002BD4D0424608EE109A37
:10A25000B0461646DB685868F9F748F8D8F8003079
:10A260008346DB685868F9F741F800F100508345F0
:10A2700006D85E4501D3864204D918EE109AB9E794
:10A280005E45F8D3D8F8003016F1005BDB682CBFD0
:10A290004FF001094FF000095868F9F727F8D8F88E
:10A2A0000020D2F80CC053699CF80C100909A3EBEC
:10A2B00081030344B9F1000F15D19E4201D89B459B
:10A2C00013D25368104601925A69C8F80030D8F882
:10A2D00004309B1AC8F80430FCF746FDD8F800306B
:10A2E000002BB7D1C9E79E42E9D8DCF80400F8F7A3
:10A2F000FDFFD8F80030A6EB000BDB685868F8F7D4
:10A30000F5FFD8E90032D9685E69A2EB060C0A7B3A
:10A3100001931209C8F804C0A6EB82065A68C8F86F
:10A320000020002206445A6001F10C034A7BD0074A
:10A3300015D41978042309090DEB030003FB01B1BF
:10A34000FCF7D6FD019939B16B6B4A69E86B134490
:10A350006B63FCF779FEE863C8F82460BEE78868A1
:10A360000136F8F7C3FF01462846FEF719FD3A68A3
:10A37000019B42F00802DB683A600C33D9E7CBF866
:10A38000043072684FF0000959690A44726029E785
:10A390003360F6E73360EDE689463B6822E6009BD2
:10A3A000DB689868F8F7A2FF01462846FEF7F8FC3C
:10A3B000736A013373623B6843F008033B60E6E66F
:10A3C0000423A26AA18F6364236B93428CBF53085A
:10A3D0005B084A00B3EB410FA36301D21346A263AB
:10A3E000284623632662FFF789FB3B68C4F8209068
:10A3F00043F001033B60022384F860304FF0FF33E9
:10A40000D8F81420E367D8F80C3003F10C00DAE533
:10A41000B3423FF6CBADCBE52DE9F041037B90B0E5
:10A42000856923B36B6E04465E1C02D0013B34D0B9
:10A430006B66EB6E581C02D0013B1BD0EB662B6F9A
:10A440005A1C03D0013B00F0AB802B67A96E4F1C58
:10A4500002D0013951D0A966696F481C02D0013978
:10A460002BD06967EB6F5A1C01D00133EB6710B03A
:10A47000BDE8F081D5F884304FF0FF32D907EA66A5
:10A4800000F1BA8094F9853013F1180F0FD0093319
:10A490000DD0E92384F8853009E04FF0FF336B6677
:10A4A00090F98530183302D0EF2380F885302046AC
:10A4B00010B0BDE8F041FFF701B8A6694FF0FF33D7
:10A4C0006B67B36A002B40F0D18001212046FFF773
:10A4D00015FB326A336D013A782B326206D05B008D
:10A4E000782B40F2EA80782213463265726E7367E9
:10A4F0000132B7D130237366B4E74FF0FF33A76959
:10A500000120AB66FCF7DCFA80460028A4D0A269E3
:10A51000636B90689169C31A23EAE373994209D285
:10A52000968B5A1AB24205D2B2EB500F02D20029D2
:10A5300018BF0B46BA7F04F16001D3400C229EB2D3
:10A5400004F16C030DEB02000293FEF7FDFA0C22FE
:10A5500004F1540106A8FEF7F7FAFB6802A8013BD4
:10A5600009937B6AADF82E600A931023CDF83C80E6
:10A570008DF82C300023ADF830300D938DF8383045
:10A58000FEF7E6FD7A6EA36F561CBB6600F0918065
:10A59000E16F01FB03F39A427FF65EAF7B665BE7F8
:10A5A00095F880304FF0FF32012B2A676ED0022BD6
:10A5B0002DD12B6A0DF1070202A92046013B2B6227
:10A5C000FEF71EFC9DF8073002AA12212046FFF775
:10A5D000DDF8EA68686D9042D5E9121302D00B46A7
:10A5E000E9646A65782B3FF430AF5B00782B5ED965
:10A5F00078221346EA6428E795F880300A2B3FF466
:10A6000056AF204610B0BDE8F041FEF7BDBF696E01
:10A61000D5F88430013123F0040201D130236B6678
:10A62000E96842F01002286B2962A96AAB8F884260
:10A63000C5F884202B634FEA430388BF48084FF0D6
:10A64000FF3298BF40080021EA67834238BF0346C3
:10A650002046AB63022385F86030FFF7FBFAD5F89C
:10A66000843023F01003C5F88430B2E7D6F8843084
:10A67000204643F01003C6F88430FFF7EBFAD6F813
:10A68000843023F01003C6F88430EBE62B6A0DF11A
:10A69000070202A92046013B2B62FEF7B1FB9DF8A1
:10A6A000073002AA02212046FFF770F891E7EB6419
:10A6B000CBE6E26F02FB03F370E7336516E700BFFA
:10A6C00038B5FCF72DF8134B1D68B5B1EC692CB10A
:10A6D00020462468FFF7A0FE002CF9D16C6A2CB14B
:10A6E00020462468FFF798FE002CF9D12C682846F4
:10A6F000FFF792FE0CB12546E8E7FEF737FB064A66
:10A70000136803F57A4353FA80F31360BDE83840C9
:10A71000FCF70EB848570020C4BD00202DE9F047D3
:10A720001446484A05468769944200F287801E46CF
:10A73000037B032B7AD114B92046BDE8F087894604
:10A74000FBF7EEFFD5E911A8FCF7C8FC40F6C903FA
:10A7500098425CD9A8EB0A08804528BF8046A045EE
:10A7600051D2B8F1000F52D073073CD595F88C3018
:10A77000CBBB01264846414685F88C603246D7F867
:10A78000843043F08003C7F88430FCF78FFA044626
:10A7900028B305F1440921464846FEF717F800287A
:10A7A0003DD1BB6A63B97B6F013334D04446B6B93F
:10A7B000FBF7BEFF2046BDE8F087FFF74BFA38B144
:10A7C0002B7B01212846032BF7D04846FDF7EAFFF3
:10A7D000D7F8843023F08003C7F88430E6E70023FD
:10A7E00085F88C30E4E7D7F88430484601224146AA
:10A7F00043F08003C7F88430FCF758FA0446002879
:10A80000D6D00026C5E7A04528BFA046ACE7002467
:10A81000FBF78EFF90E7BB6C3B657B67C6E7204686
:10A820000024FCF789FAFBF783FF85E76FF013013B
:10A8300028464FF0FF34FDF793F97DE76FF00501EF
:10A84000F6E700BF0000FF0F2DE9F04F89B0074683
:10A8500016460D460193DB6812981C7BFCF784FAC0
:10A8600001A82409A4002146FCF79EFA013008D073
:10A87000019883699B060BD539462846FEF762F896
:10A88000F0B101990846FCF76FFA09B0BDE8F08F06
:10A89000828A4FF4C061FAF745FC324605F108019F
:10A8A00032F8083B012B0CBF04231023FAF752FCAB
:10A8B0000028E6D139462846FEF744F80028E0D1C2
:10A8C0002846FEF72FF801990028DBD14B69A342F7
:10A8D000D8D3CB68304639461A886A805B88738043
:10A8E000FEF730F818B93046FEF71CF838B1019978
:10A8F0002B4632460020FEF723FD0199C2E7314680
:10A900002846FEF765FB0446002800F0BC81037B67
:10A91000042B00F0C381019B0022D4F818805A60F8
:10A920000592DA6804935068F8F7E0FC049B074648
:10A93000DB68986893F80CA0F8F7D8FC0499834674
:10A9400098F88020CB6802F0FD005B7B012803F0C3
:10A950003F0938D0022A00F0C681D8F82420781C9C
:10A9600007F1005C4FEA1A1A964660454FEA8A0AD8
:10A9700000F25D81904202D8944580F05B81D8F866
:10A9800018307344581C03F1005C60450AD8B84283
:10A9900000F28A81BC45C0F087812046FEF784FF23
:10A9A00001996FE7B842F8D9BC45F6D2049A5269CA
:10A9B000A2EB0A023A44904240F28C81944580F026
:10A9C000898198F8802009F01403142B19D019F00C
:10A9D000040F25D119F0020A27D0022A00F0D481F1
:10A9E00002F0FD03012B00F0A98104992B463246A9
:10A9F00004F16C00FEF7A4FC2046FEF75FFD019910
:10AA000040E7012AE3D1D8F820309B457FF439AFE5
:10AA1000EE23204684F88530FEF750FD019931E79A
:10AA200002F0FD02012AF3D12BE7012A00F0458153
:10AA3000032A00F0428119F0100940F08281022AB5
:10AA4000ABD002F0FD02012A7FF41BAF049BDB6850
:10AA5000D889F8F747FC98F83E309840D8F82C3061
:10AA6000C8F82800834298F8803003F1FF3338BFDC
:10AA7000C8F82C00092B3ED8DFE803F04C278616D7
:10AA8000B91616A6CF9A256B21462A6A05F11C0035
:10AA9000AB6A013A01332A62AB62FDF77FF82146C7
:10AAA00005F12400FDF76AF805AA04992046FFF78E
:10AAB00019FA054694F840301BB1636B002B40F047
:10AAC0003C82012D7FF4E1AEDBE6042388F8803080
:10AAD000032323734FF0FF3398F88120C8F80CB09C
:10AAE000032AC8E91B33CED0BAF1000FDCD094F8AA
:10AAF0008D30012B40D094F84030002B3FF4C1AE94
:10AB0000636B002B3FF4BDAE04F13400FDF74AFE49
:10AB10000199B7E60137C8F82470B9F1000F00F0C9
:10AB2000D7810499A069C8F80CB0FEF751FCA3695D
:10AB3000D3F8842012F0200207D19A779A68B2F5F0
:10AB4000405F02D94FF440529A609A8F1A63B8F866
:10AB50003C30002B3FF449AF4FF0FF332046C8E9AB
:10AB60001B33FEF7A1FE0423032288F8803094F8FB
:10AB70008D302273012BBED1636FC8F8683094F812
:10AB80004030002BBCD17CE6A26A236A1344E26AFF
:10AB90009342C0F025810C2104F15400FEF768F8BF
:10ABA0000023C8E90A3394F84030002BA8D168E6A6
:10ABB0002B463246049904F16C00FEF7C1FB94F871
:10ABC0004030002B9CD15CE6D8F820309B4592D1D8
:10ABD0004FF0FF330A21302288F88010C8F868301F
:10ABE000C8E91B2394F84030002B89D149E605AA17
:10ABF00004992046FFF776F9D8F82020D8F80C30D1
:10AC000005469A427FF456AF98F88030052B7FF4C2
:10AC100051AF062388F880304CE7D8F820309B45A8
:10AC20007FF42FAE2046FEF749FC01992AE69042B8
:10AC30003FF6A2AE4969501C02F1005CA1EB0A018B
:10AC40006045394477D888423FF6A7AE8C45FFF47B
:10AC5000A4AED71B514604A800933A46FCF74CF922
:10AC6000009B980600F19680049BD8F82470DB685E
:10AC700038460093F8F73AFB009B58600223D8F857
:10AC800024E005937BE60199CB685B7B5A073FF58F
:10AC9000F9AD2B463246FEF753FBF2E50C2229466E
:10ACA0005430FDF751FF36E6049A5269A2EB0A02CE
:10ACB0003A4490427FF682AE83E619F0100F3FF4DB
:10ACC000E0AD04992B46324604F16C00FEF738FBE8
:10ACD0000199D7E5991A04A8FCF70AF9059B43F0F6
:10ACE000020305936DE698F88120012A7FF435AEC2
:10ACF00013F00200D8F824203FF431AE02F1FF3CFB
:10AD000067457FF42CAE5B073FF582AE8246D8F8EC
:10AD10002430013BBB427FF468AE19F010093FF4C8
:10AD20003CAED8F820309B45CBD1049BDB68D8895A
:10AD3000F8F7D8FA92E6884288D88AE719F010091D
:10AD4000F3D0022A15D9032ABBD0D8E903239A42AB
:10AD50003CD8934501D39B4511D95A1C03F10053AC
:10AD60009A423AD89345FFF48CAD9B453FF689ADA6
:10AD700013E6002AE9D0D8F820309B45A1D1BAF1DA
:10AD8000000F3FF463AED0E798F88120012A7FF4EA
:10AD90002CAEBCE7049AD268508AF8F7A3FA87422F
:10ADA000009B06D903F01F09049BDB6883F80D9014
:10ADB0005AE7049BDB68588AF8F794FA049BC01B97
:10ADC000DF6880B2F8F78EFA78824DE79345C2D3F8
:10ADD000BAF1000F3FF43AAEA7E79345C5D3DCE5DF
:10ADE0002046FDF72FF881460C2104F15400FDF7B1
:10ADF0003FFFB9F1000F63D00C22314609F160002A
:10AE0000FDF7A2FE8820FCF77FF98246002800F0BB
:10AE10008980C9F818004846FEF720F8D8F828209D
:10AE2000236A4946CAF8282004F11C00D8F82C20CF
:10AE300001330137CAF82C200022C8E90A22DFF8C2
:10AE40004C812362C9F83040FCF798FED8F80030F6
:10AE5000CAF82470CAF8203001330499CAF81030B7
:10AE6000022389F80C3040F20233AAF88030D9F876
:10AE70001800FEF7ADFAD9F81830D3F8842012F094
:10AE8000200207D19A779A68B2F5405F02D94FF451
:10AE900040529A609A8F1A63BAF83C30002B51D115
:10AEA0002B463246049904F16C00FEF749FA4846F5
:10AEB000FEF704FB94F84030002B7FF421AEE0E471
:10AEC000C8E90A9994F84030002B7FF419AED8E411
:10AED000D8F848300499C8F87030A069FEF778FABD
:10AEE000A369D3F88420910608D49A6883F81E9049
:10AEF000B2F5405F02D94FF440529A609A8F1A63BC
:10AF0000B8F83C30002B3FF470AD4FF4817320460D
:10AF1000A8F88030FEF7C8FC94F84030002B7FF48E
:10AF2000EFADAEE44846FCF7DFF8C8E90AAA94F8AA
:10AF30004030002B7FF4E4ADA3E404F13400FDF7CE
:10AF400031FCBEE50DF10F02484606A9FDF758FF9A
:10AF500006AA9DF80F3012214846FEF717FCFDF7B0
:10AF600005FFD8F800301E2203F57A43CAF86C209A
:10AF700053FA80F3DAF84820C8F80030CAF8702095
:10AF800094F84030002B7FF4BBAD7AE4C4BD0020C0
:10AF9000054B1B682BB11868B0FA80F0400940429D
:10AFA00070474FF0FF307047C8BD002038B5054DE1
:10AFB0002C6834B120462468FCF796F82C60002CED
:10AFC000F8D138BDCCBD0020014B1B681B68184769
:10AFD000C8BD002038B5FBF7A3FB0D4B1C689CB126
:10AFE0000C4D2B681B689847D4E90123801A9842BE
:10AFF00007D32B681B689847E36860600BB1206932
:10B0000098472468002CECD1BDE83840FBF790BB92
:10B01000CCBD0020C8BD002008B5FDF779FDFFF7C5
:10B02000D9FFBDE80840FDF781BD00BFF8B5B0B15C
:10B030000E46A1B1054614201746FCF765F80446F4
:10B0400058B1084B084A1968126818601268016004
:10B050009047C4E90367C4E901052046F8BD002410
:10B060002046F8BDCCBD0020C8BD002058B1064A1E
:10B070001368834203D01A461B688342FBD10368DE
:10B080001360FCF731B87047CCBD002003464FF485
:10B0900000624FF0400C012100209A64A3F86CC0BC
:10B0A00083F86E109A63704738B50C460546FBF777
:10B0B00037FBE20708D4A30702D5012385F85030F7
:10B0C000FBF736FB002038BD012305F1340085F87D
:10B0D0004030FDF767FBEEE72DE9F04F044687B0FF
:10B0E000154698460F46DDF84090FBF719FBA36C18
:10B0F000AB42C0F0B180B9F1000F00F0918038464A
:10B1000000222946FBF7D2FD0746002800F0A78061
:10B11000B4F86230002B7AD018F0040847D1C34647
:10B12000D9F8040000B9606EFCF7A4FA0121824648
:10B130000820FBF7C5FC002800F09480C66839465B
:10B14000B4F862303380B9F802307380FBF77CFFCB
:10B150000746808AF8F7C6F80023B080B371F37110
:10B16000B9F80030012B06D1BAF1000F6AD0DAF835
:10B1700020309B075AD4BA8A4FF488513846F9F7E1
:10B18000D1FF334623F8060FB9F80020012A14D066
:10B19000B8F1000F01D084F88CB094F98530002B01
:10B1A00058D1FBF7C5FA284607B0BDE8F08F012358
:10B1B00094F88CB084F88C30B2E7D9F8082094F871
:10B1C0006D0002F0F006A16EE02E0CBF94F86E60E8
:10B1D00094F86C60009050460593CDE9016794F8AF
:10B1E0008C300493002303931123FBF733F8B8F159
:10B1F000000F18D10028D0D001462046FCF7B0FC43
:10B20000FBF796FA4FF0FF3007B0BDE8F08F6369A7
:10B2100004F160011868FCF7BFFDA4F862007BE749
:10B2200004F154096BE784F88CB0E3E77969504680
:10B23000FAF7AAFC00289ED1BA69034642F0200220
:10B24000BA61A1E7D9F80800FAF77CFC8246002829
:10B250008DD190E70020CFE76FF00700CCE76FF0CB
:10B260000200C9E73846FBF77FFDB8F1000FF6D0C2
:10B270006FF0020084F88CB0BEE700BF2DE9F0410A
:10B280000E4686B00C21054690461C460DEB01008B
:10B290000C9FFDF7EDFC95F98510C9B984F0020308
:10B2A0004246314605F13400C3F34003009303AB3B
:10B2B000FDF7FCFA04461FB1394603A8FDF76AFB07
:10B2C000631C03D0204606B0BDE8F0816FF0070193
:10B2D00028464FF0FF34FCF743FCF3E710B5044673
:10B2E00082B00191FBF71CFA0C22019904F1540081
:10B2F000FDF72AFC032304F134002373FDF752FA0F
:10B30000FBF716FA002002B010BD00BF00B583B0F5
:10B310000190FBF705FA01990448FCF753FCFBF791
:10B3200007FA002003B05DF804FB00BF6C57002053
:10B3300010B5054C216829B12046FCF743FC216873
:10B340000029F9D110BD00BF6C5700202DE9F04352
:10B3500083B00193002B7FD0064600287CD00F4697
:10B3600001A808211446FBF71FFD013074D0019B92
:10B37000DD68A888F7F7B6FF019B804659698142CE
:10B380006AD372D8EB881BB1019883699B0651D5AB
:10B39000EA7801A8AB78082143EA02236A7863803F
:10B3A0002B7843EA02237B80FBF7A2FD314620463F
:10B3B000FDF7C8FA00287CD05D4B1D68002D4BD0EE
:10B3C0004FF0000801E02D6815B3B5F862206388DE
:10B3D0009A42F8D12046FDF7A5FA00284AD02388E2
:10B3E000012BF0D1D5F890100029ECD04A68A36861
:10B3F0009A42E8D10B68B342E5D1B8F1000F03D00F
:10B4000098F84030002B6ED0A8462D68002DDCD176
:10B41000B8F1000F20D098F84030EBB93A460199C6
:10B4200008F13400FDF7F0F9013015D00A98FBF768
:10B430009BFC17E042464FF48851F9F773FE224611
:10B4400007F1080132F8083B012B0CBF042310233D
:10B45000F9F780FE00289BD00A98FBF785FC01983D
:10B46000FBF782FC03B0BDE8F083411A01A8FBF7AB
:10B470003FFD87E705F160094846FDF76DFA28B9F9
:10B4800048462146FDF774FA00289CD005F154097E
:10B490004846FDF761FA0028AFD148463946FDF726
:10B4A00067FA00288FD0B5F856207B889A42A4D03E
:10B4B00089E72046FDF736FA00287FF47DAF1C4A65
:10B4C0001123214610683A46FCF7F6FB10B390F8BA
:10B4D0004030002BC0D13A4601993430FDF794F941
:10B4E0000130A3D1B8E719464FF0FF320198FBF7BE
:10B4F00027FB8146002887D008F134003A464946A8
:10B50000FDF782F901307FF47FAF4846A846FBF78C
:10B510002BFC58E70198FBF727FC2388012BA1D1CE
:10B5200003220A9B30461146FAF71CF99AE700BF3E
:10B530006C570020002A18BF002B36D02DE9F041AF
:10B540000E4681B30138154608282CD8DFE800F0F4
:10B5500034052E2E05052B2B31006FF01707184AE6
:10B56000D3F80C80146814B91DE02468DCB12946B6
:10B5700004F15400FDF7FCF90028F6D0B4F8562089
:10B58000B8F802309A42F0D1B4F86220B8F800302E
:10B590009A42EAD104F160003146FDF7E9F900284A
:10B5A000E3D084F88570BDE8F08170476FF0110733
:10B5B000D5E76FF00807D2E76FF00707CFE700BFC6
:10B5C0006C57002001207047B0F84630B0F8482092
:10B5D0009BB292B2934202D2013AD01A7047416BA9
:10B5E00001390A44D01A7047016972B6B0F84A208E
:10B5F000B0F84C3092B29BB29A423CBF806B1218AA
:10B60000C86AD31A62B6C0F302601844704700BF1C
:10B61000B0F84A100246B0F84C3089B29BB2994259
:10B6200010B4046914D00133906B116B984298BF29
:10B630000023994206D85B1A526AD05CC0B25DF80A
:10B64000044B7047126A5DF8044BD05CC0B270477F
:10B6500072B6B0F84A0080B2814201D062B6E2E729
:10B66000E36A13F0E06F03D14FF0FF3062B6E6E714
:10B67000E36901200024116AA2F84A00C3F309001B
:10B68000DBB2A2F84C404B70F0E700BFB0F84A10B4
:10B690000246B0F84C3089B29BB2994230B404698A
:10B6A00025D00133946B9C4216D9106B1FFA83FC92
:10B6B000984217D9106AC05CC0B2956DA2F84CC010
:10B6C00045B199421CD3CB1AD16B994202D3D36DA9
:10B6D000C5F8883030BC70474FF0000C106B6346E3
:10B6E0009842E7D8181A556A285CC0B2E5E70846C0
:10B6F00072B6B2F84A1089B2884204D062B6D0E776
:10B700000C44E31AE0E7E36A13F0E06F03D14FF073
:10B71000FF3062B6DEE7E069C0F30900F9E700BF79
:10B7200090F8443043B110B5044602F0E1FB94F8C0
:10B730004430002BF9D110BD704700BF38B5D0E9B7
:10B740000453D3E903120968114228D090F8442029
:10B75000044632B102F0CCFB94F84430002BF9D10E
:10B76000636900210E4AA961207E03EB0010007D71
:10B7700002EB0010456805202860657E03EB051389
:10B7800093F8343002EB0312A36D52681060A4F8F2
:10B790004A10A4F84C1013B1E26DC3F8842038BDF0
:10B7A000480B002007EE901A9FED9A7A0421B6EE1E
:10B7B000005AF8EE677A9FED986A41F6FF7CC7EE73
:10B7C000275A2DE9F0478E460569012407EE901AA5
:10B7D000F8EEE77A85EEA77A77EE057AFDEEE77A5E
:10B7E00017EE903A6345A8BF6346012BB8BF01230B
:10B7F00007EE903AF8EEE76A76EEC76AC6EE877A09
:10B80000F5EEC07AF1EE10FA48BFF1EE677AF4EE89
:10B81000C67AF1EE10FA03D8B0EE676A8E461C467F
:10B8200001312129D2D10021436902F40076A0F828
:10B830004A10B3F85AC08E42A0F84C10B3F85860C2
:10B84000A0F84610A0F8481080F84410816BDF681B
:10B85000A1EB0606A1EB0C01C0E90F6139681E6976
:10B8600041EA0601396014BF01210021817640F0D0
:10B87000AC80017E694E03EB0118DFF8C09198F8A7
:10B880001470D8F81CA006EB0717B968C1F800902F
:10B890007968D8F818700F60BAF1000F03D0D8F8A3
:10B8A0002010CAF80010477ED92103EB071898F83A
:10B8B00034C006EB0C1CDCF808703960DCF80410AE
:10B8C000D8F838700F60417E03EB0111CF6B0FB1D8
:10B8D000096C39600EF1FF31BEF1080F4FEA0161CA
:10B8E000CCBF4FF0000E4FF0010E01F0F85144EACA
:10B8F0004E4421435C682961597801F1100300210D
:10B90000E960474941F8234041694FF0010E454C39
:10B9100002F0030C4F7891F85610434B39554FF015
:10B9200002174469617803EB511301F01F019B007A
:10B930000EFA01F11960EF62AB6A43F08803AB6263
:10B9400053073ED44CF4701302F00F01042908BFD2
:10B9500043F0804397062ED5817E43F08053002923
:10B960003AD11607AB6103D52B6943F000532B6125
:10B970006B69D10623F0805348BF43F080536B615D
:10B98000D30503D52B6943F400532B61A36883B11E
:10B99000264E3478002C3AD0611E254DC9B22B1F9B
:10B9A00005EB810101E0994225D053F8042F904224
:10B9B000F9D1BDE8F087817E0029D2D043F0A00301
:10B9C000CFE71C4B4CEA0303BEE7477E4FF2D90199
:10B9D000124E03EB07186AE7417E43F0A00304EB25
:10B9E000011191F8341006EB0116B668316821F4A4
:10B9F00040413160B5E7631CDBB20F4A3370137806
:10BA000045F8240043F002031370BDE8F0870123DA
:10BA1000074DF2E7001BB74BEC78AD60480B0020F8
:10BA2000005C002000E400E04038003833C800200B
:10BA30007CBA002010003C0042C8002038F0010011
:10BA4000EFF31380B8B9EFF310834BB9EFF305822E
:10BA50003AB94FF48073EFF3118050B1984208D295
:10BA600070470F2AF7D9054B9B5CEFF31180002834
:10BA7000F4D1184670474FF0FF30F1E7F0E300E0F3
:10BA8000036D2DE9F04104460F46066913B1426D7E
:10BA9000C3F88420A37E2BB172B6B36943F0005380
:10BAA000B36162B6B4F84650636BADB20135AB42D8
:10BAB0004CD84FF000084546B4F848309BB29D4240
:10BAC00019D028E073691B0210D5B4F84830626BB6
:10BAD0009BB201339A4236D99AB2E16A99422DD982
:10BAE000E169CB5CDBB2F361A4F84820B4F84830DC
:10BAF0009BB2AB420FD1FFF7A3FF6369B3F8563097
:10BB00008342DFDAFF28F1DD02F0F2F9B4F84830C1
:10BB10009BB2AB42EFD0E36AAB421AD9FFB2E36902
:10BB20005F5572B6012084F84400A4F84680B369DA
:10BB300043F40003B36162B6BDE8F0815B1AA16A09
:10BB4000CB5CDBB2CFE700221346C6E71FFA85F8CD
:10BB5000B2E7ED1AFFB2A36A5F55E2E7FFF790BFC5
:10BB60000269536913F4401F70B543D0D36A13F0D0
:10BB7000E06FC3F3026E3AD0B0F84A50B0F84C60B0
:10BB8000ADB2B6B207E0016A01F803C00EF1FF33AF
:10BB900013F0FF0E1DD0D1696B1C846BB0F84CC044
:10BBA000C1F309019C4298BF00231FFA8CFC9C45FD
:10BBB000ECD0046B5FFA81FC1D469C42A3EB0404AD
:10BBC000E1D8436A03F804C00EF1FF3313F0FF0E0F
:10BBD000E1D1ABB2A0F84A30836D43B1B54254D342
:10BBE000AD1B016CA94202D8C16DC3F88410536922
:10BBF000D90245D49669330228D553691D0225D54B
:10BC0000B0F84650B0F84830ADB29BB206E0C1691A
:10BC1000C95CC9B2D161D16A4C0512D4AB4238D0EB
:10BC2000446B0133C16A9C4298BF00239942A3EB45
:10BC30000104ECD8816A095DC9B2D161D16A4C05B1
:10BC4000ECD599B2AB42A0F8481025D0710216D5B8
:10BC500053695B0213D50021036D80F8441013B1C2
:10BC6000416DC3F88810837E2BB172B6936923F0BF
:10BC70000053936162B6936923F48003936170BDAE
:10BC8000536943F480135361B4E7816B891B0D44FE
:10BC9000A7E79BB2A0F84830936923F400039361AF
:10BCA000936943F480039361D0E700BF0148FFF735
:10BCB00057BF00BF884C00200148FFF751BF00BFAD
:10BCC000E84C00200148FFF74BBF00BF484D002063
:10BCD0000148FFF745BF00BFA84D0020F8B5044656
:10BCE0000D46C71D002308460A2214F8041F0C4EF7
:10BCF00000F0D2F92B682E201B68B3420CD102F061
:10BD000063F814F8011F00230A22284600F0C4F942
:10BD1000BC42EFD10420F8BD2E2128469847F0E719
:10BD2000E5480000704700BF704700BF704700BF84
:10BD3000704700BF70B51A4C1A4D2368AB4202D051
:10BD4000194AD16829BBA369AB4202D0164AD1690E
:10BD5000C9B9236BAB4202D0134AD16A69B9A36C4B
:10BD6000AB4209D0104AD16B31B101211B680F4899
:10BD7000D163BDE87040184770BD01211B680C48B5
:10BD8000D1629847EBE701211B680A48D1619847C7
:10BD9000DFE701211B6804F10800D1609847D2E772
:10BDA000E08400203C06002000410840308500204F
:10BDB000188500200085002038B5064CA4F16005E8
:10BDC00054F8083C2046183CDB689847AC42F7D151
:10BDD00038BD00BF3085002003682DE9F0410446DE
:10BDE00088B01746002B4BD000229A600122DA60FF
:10BDF000304D04A8DFF8E0801D4451F8083B2D11B8
:10BE000002935B6805EB45069847F60006F10800CB
:10BE100058F806304044DB6801909847264A04A948
:10BE2000DDE90103029248F806309B689847029BBF
:10BE300004A8DB6898472368032220481F609A60A3
:10BE40001F4A23791F4C535513785178C0F8284264
:10BE50008B4228BF0B469178D2788B4228BF0B4685
:10BE6000934228BF1346184C4FF0E0224FF08061F8
:10BE7000012084F87A30C2F80C1108B0BDE8F081D6
:10BE8000124AD36E43F44053D3660122104B1A601A
:10BE9000104A13460260403298680028A8D0103338
:10BEA00093422360F8D100231846236008B0BDE810
:10BEB000F08100BF00BFF7BF3C060020005C0020FF
:10BEC000984F002035D1000000E400E000C00F4092
:10BED0000040084000410840E0840020F8B50368B5
:10BEE00043B3154C0746154E1C44241104EB44057E
:10BEF000ED00735905F10800DB6830449847104B9A
:10BF00000021012273513B689960DA60FF230D4ADA
:10BF10001355137850789478834228BF0346D0781D
:10BF2000094AA34228BF2346834228BF034682F81A
:10BF30007A303960F8BD00BF00BFF7BFE084002051
:10BF40003C060020984F002000E400E010B4064BAF
:10BF50000020064C064A1C609C611C639C640549D9
:10BF60005DF8044B02F0DEB8E08400203C060020BF
:10BF7000A44F0020B9D10000012A70B508BF0A22E1
:10BF80008AB091B34FF0210E01E05FFA86FE0EF108
:10BF9000FF36B1FBF2F502FB15145FFA84FC092CA5
:10BFA0000CF137040CF1300C98BF5FFA8CF40EF1F1
:10BFB000280C88BFE4B29142EC4429460CF8244C8A
:10BFC000E3D24BB10EF1FF3E2D225FFA8EFE0EF151
:10BFD00028036B4403F8242C036801A9CEF1220244
:10BFE0005B68714498470AB070BD30224FF0210E53
:10BFF0008DF82520E5E700BF2DE9F0410C46D1B1D1
:10C00000EAB180468E1800250E4F04E001F0DCFEF8
:10C01000B44205440CD0D8F8003014F8010B1B686A
:10C02000BB42F3D0014640469847B4420544F2D1A2
:10C030002846BDE8F0810D462846BDE8F08115464A
:10C04000F6E700BFE5480000002903DB00230A22D1
:10C05000FFF792BF49422D230A22FFF78DBF00BF91
:10C0600000B5036883B040F60D2C022201A95B687D
:10C07000ADF804C0984703B05DF804FB054B0228F7
:10C0800088BF034610B41C68184663685DF8044B0B
:10C09000184700BF784C00205AB90368C9B2074A54
:10C0A0001B68934200B506D108465DF804EB01F029
:10C0B0008BBEFFF761BF5DF804EB1847E548000051
:10C0C000A249A34B88422DE9F047A24C5E699A69C8
:10C0D000D4F80C801BD9A04B984240F20281C31ABD
:10C0E0009E491B0AA1FB031340F22761DB0903EB06
:10C0F000830303EB830303F2E2438B4228BF0B4627
:10C10000A3F54877964BA3FB0737FF0804E0954F4C
:10C11000B8428CBF0E2706278D4908F01F09D1F8B9
:10C120008030B94543F0C003C1F880300CD228F00C
:10C130001F08A1F5F82148EA0708C1F80C800B6830
:10C14000002BFCDA08F01F0916F0007324D1864991
:10C150000C698649A14300F0EA8082F4805134469C
:10C160004FF4805514F0605F04D026F060561E43F3
:10C17000774B5E6111F4405F07D022F4405274495E
:10C180002A438A618B6C1A07FCD446F00076704A09
:10C190005661936C9B06FCD4754CA04200F2CE8095
:10C1A0004FF0010C0146634603FB011203F1010E3F
:10C1B0000CF10105A24218D8BEF1080F4FF001039F
:10C1C00040F08D80BCF1040F00F291800A18A24269
:10C1D00000F2A48005FB00F1AC4603F1010E03FB65
:10C1E00001120CF10105A242E6D90CF1FF318C02DB
:10C1F00086EA81215F4810445F4A90427FD9DFF888
:10C20000A4A16C225D48584DB0FBFEF0D5F800E0CB
:10C21000B0FBFCF0DFF890C10EEA0C0CD44509D05D
:10C2200042F400524FF4805CC5F800C02A602A68CE
:10C23000002AFCDA464A156905F007059D4203D03D
:10C240001361936CDD03FCD411F4E05F09D026F494
:10C25000E05604F4E0543E4A26435661936C990735
:10C26000FCD44749474A014491423CD8464BC9094E
:10C27000A3FB0131090B4B1E1B0286EA030212F4D9
:10C28000407F06D026F4407603F44073304A3343AF
:10C2900053612F4A536923F000735361936C9B06DB
:10C2A000FCD43A4B4F45A3FB00234FF0FF324FEA3B
:10C2B0009343B0FBF1F1B2FBF3F3354A1060354A1A
:10C2C0001160354A136008D228F01F08214A48EA55
:10C2D0000707D7601368002BFCDABDE8F0877346C8
:10C2E00062E7122718E74FF440730421C5E70CF109
:10C2F000FF31204807238C02104486EA8121274A17
:10C30000DFF8A8A0A2FB0020020D2548362A38BF7E
:10C31000362202FB00F042EA0A0A74E74FEA8C2454
:10C32000002386EA8C214FF0010EAC4662E71D46E1
:10C3300086F0C05411464FF0C05313E700244FF06D
:10C34000010C024631462346E64653E700A4781F17
:10C3500000C00F40000008400046C32323B24C0039
:10C360001F85EB5100366E0100800D40403000808B
:10C37000FFB19F26808D5B00FF7EF64D00643F4D30
:10C380007FD1F0087F17B42C9F10E50083DE1B439C
:10C39000744C0020704C0020E8C50020819F5E1680
:10C3A000001BB7006C2000807F30018000200080DF
:10C3B00000B970472DE9F84F01218146214C224DEB
:10C3C000224E54E8003F2A68306844E80013002BEE
:10C3D000F7D11F494B684FF47A7BDFF878A01B1A1E
:10C3E00001270BFB02F8DAF80020A3FB02325A45C2
:10C3F00094BF9044D84454E8003F2A68306844E829
:10C400000073002BF7D14B68DAF800C01B1A0BFB46
:10C4100002F2A3FB0C3CBCF57A7F94BF624402F5A8
:10C420007A72A2EB0802B2F57A7F06D3B9F101095C
:10C4300008F57A78DFD1BDE8F88F01F059FD04499D
:10C44000D9E700BF08C8002004C8002000C80020A9
:10C45000001000E0E8C50020362816D80201104B75
:10C4600003EB00109B5810B4C2685C68144205D0FE
:10C4700061B95DF8044BC3F888207047836851B1F7
:10C48000084A5DF8044B1A60704770475DF8044B2A
:10C49000C3F884207047044A5DF8044B1A60704763
:10C4A000480B002038F0010038300100362807D84A
:10C4B000044B020103EB00109B58C268C3F88C20A8
:10C4C000704700BF480B002036280BD8064B0201EE
:10C4D00003EB00109A58C36892681A4214BF0120F7
:10C4E0000020704700207047480B0020362829D8CC
:10C4F000164B0201012903EB00109A5810B453683F
:10C50000C4680ED004290CD023EA04035360836866
:10C51000A9B1022917D003290CBF0D4A0D4A1A6090
:10C5200007E0234301295360836808D040F63802AE
:10C530001A60436815225DF8044B1A607047382270
:10C540001A60F6E77047044A1A60F2E7480B0020C9
:10C55000383001003800010038F0010008B5F5F767
:10C5600065F9F5F725FC01F0C3FCFAE7844641EADA
:10C57000000313F003036DD1403A41D351F8043B5B
:10C5800040F8043B51F8043B40F8043B51F8043BAD
:10C5900040F8043B51F8043B40F8043B51F8043B9D
:10C5A00040F8043B51F8043B40F8043B51F8043B8D
:10C5B00040F8043B51F8043B40F8043B51F8043B7D
:10C5C00040F8043B51F8043B40F8043B51F8043B6D
:10C5D00040F8043B51F8043B40F8043B51F8043B5D
:10C5E00040F8043B51F8043B40F8043B51F8043B4D
:10C5F00040F8043B51F8043B40F8043B403ABDD2BC
:10C60000303211D351F8043B40F8043B51F8043B5D
:10C6100040F8043B51F8043B40F8043B51F8043B1C
:10C6200040F8043B103AEDD20C3205D351F8043BEC
:10C6300040F8043B043AF9D2043208D0D2071CBFB8
:10C6400011F8013B00F8013B01D30B8803806046E1
:10C65000704700BF082A13D38B078DD010F0030357
:10C660008AD0C3F10403D21ADB071CBF11F8013BC7
:10C6700000F8013B80D331F8023B20F8023B7BE716
:10C68000043AD9D3013A11F8013B00F8013BF9D241
:10C690000B7803704B7843708B78837060467047DB
:10C6A00001F066BF01F1FF3C70B56646002400E072
:10C6B0000134B0FBF2F502FB1503092B03F1370E31
:10C6C00003F130035FFA8EFE98BF5FFA83FE90425B
:10C6D000284606F801EFEBD2631C0022C818CA54A2
:10C6E0007CB162461CF8015F10F8016DA1EB0C03F0
:10C6F00002328CF80060013B521A057023449A42C2
:10C70000EFDB084670BD00BF4FF0010C0CFA01FCD6
:10C7100001EB410100EB411170B5B1F80EE01FFAD9
:10C720008CF5254C1FFA8EFE24782E010EFB033368
:10C7300006F0F006E340B0F888417345A4B228BF84
:10C7400073463443012AA0F888410DD0022A28D02C
:10C75000C2B10CF00F02B0F888C11FFA8CFC4CEA91
:10C76000020CA0F888C170BD9BB20CF00F022D0224
:10C77000CB82B0F8803105F470659BB22B43A0F8F2
:10C780008031E8E7AEEB030E0CF00F021FFA8EFECD
:10C79000A1F80AE0B0F880319BB21343A0F88031D1
:10C7A000D9E79BB20CF00F02CB83B0F880319BB27B
:10C7B0001E43A0F88061CEE72958002001EB410319
:10C7C000F6EE006A00EB4313B3F80EC0314B1FFACC
:10C7D0008CFC93ED007AB8EE477A70B5C7EE007A1C
:10C7E0004FF0010E4E000EFA01FE1FFA8EF577EEA5
:10C7F000A67AFCEEE77A17EE903AB3F5803F46D37F
:10C8000000224FF6FF745B080132A34201D9062AC9
:10C81000F9D9120142F4806292B2022B4FF6FF74F2
:10C820004FEA0515314438BF02230EF00F0EEDB26A
:10C83000A34200EB411128BF2346B0F88841A4B2BF
:10C840002C43A0F88841CA805A1E92B2CA814A89F4
:10C8500092B203FB02F2B2FBFCF292B24A81CA8AA4
:10C8600092B203FB02F2B2FBFCF292B2CA82CA8B12
:10C8700092B202FB03F3B3FBFCF39BB2CB83B0F8A1
:10C8800088319BB243EA0E03A0F8883170BD4FF4A3
:10C890008062C2E7704C0020214BF6EE006A4FF632
:10C8A000FE7C93ED007AB8EE477AC7EE007A77EE19
:10C8B000A67AFCEEE77A17EE903A63452CD900226F
:10C8C0005B080132634501D9062AF9D9083242F2E0
:10C8D000260C4CEA422C1FFA8CFC022B00EB411177
:10C8E0004FF6FE7038BF02230A8A834292B228BFF5
:10C8F0000346C88880B2C0F10110104403FB02F265
:10C90000B2FBF0F29B1A92B2C3F101039BB2CB804F
:10C910000A82A1F80CC0704743F2260CDDE700BF85
:10C92000704C002036284BD8F8B52A4D044615F82F
:10C93000202005EB8005012A2DD0022A3FD16B78FB
:10C94000C3F3011003283ED0234A02EB803203F0E8
:10C95000030C224889B2634602EB4C1C0678BCF8F3
:10C9600006E05801BCF810301FFA8EFECEF1011E11
:10C970001EFA83F303F1FF3E0EFB01F1F1408E45F9
:10C9800023D95B1AC3F101039BB289B20244ACF80C
:10C99000063011820DE06A78C2F30113032B10D028
:10C9A0000F4800EB83308BB202F00301AA78FFF747
:10C9B000ABFE0C4BEA7803EB04135B681A60F8BD1E
:10C9C00070470948EFE7094AC1E7991E4FF6FF7320
:10C9D000DBE700BFEC0F002000C01D4029580020FD
:10C9E00000C03D40480B002000803E4000801E40BB
:10C9F000362808D8154B13F8202003EB8003012AB2
:10CA000002D0022A0DD070475978C1F30112032ACF
:10CA100013D00F4801F0030100EB82309A78FFF742
:10CA2000CDBE5978C1F30113032B0CD0094800EB9C
:10CA3000833001F00301FFF72FBF074801F0030126
:10CA40009A78FFF7BBBE0548F3E700BFEC0F002064
:10CA500000C03D4000C01D4000803E4000801E40A0
:10CA600000230F2248F2B82C194610B54FF4704439
:10CA70004FF4806EA0F88C414FF46044A0F88E21F2
:10CA80000A46A0F89031B0F888319BB243F0F00329
:10CA9000A0F8883101EB4103013100EB4313042975
:10CAA0009C80A3F806E05A841A865A805A81A3F81B
:10CAB0000EC05A82DA825A83DA83EBD1B0F8883119
:10CAC0009BB243F00F03A0F88831B0F888319BB2D5
:10CAD00043F47063A0F8883110BD00BF374B384A6B
:10CAE000996F384841F47F0170B5996741F20106AA
:10CAF000D3F8801045F6C05543F226040A43C3F824
:10CB00008020FFF7ADFF00F58040FFF7A9FF00F59B
:10CB10008040FFF7A5FF00F58040FFF7A1FF00224E
:10CB2000A0F503104FF00F0E114600EB42134FEA31
:10CB3000421C01329981042A5981A3F80EE09E8299
:10CB4000DD8020F80C1019829C81EED100221E4855
:10CB50004FF00F0E41F20106114645F6C05543F263
:10CB6000260400EB42134FEA421C01329981042A49
:10CB70005981A3F80EE09E82DD8020F80C10198206
:10CB80009C81EED1002211480F2641F20105114689
:10CB900045F6C05443F2260E00EB42134FEA421C06
:10CBA00001329981042A5981DE819D82DC8020F83E
:10CBB0000C101982A3F80CE0EED170BD00C00F403C
:10CBC000000003FC00C03D4000001E4000401E402D
:10CBD00010280346044A28BF10231078012B38BFC1
:10CBE00001231370704700BF2958002072B6EFF37D
:10CBF0000583524CC4F884301EF0040F0CBFEFF3D1
:10CC00000882EFF309824FF0E0234D4E4D4DD3F8EB
:10CC1000280DD3F82C1DC4E92201D3F8341DD3F814
:10CC2000383DC4E924139369C4F89830D369C4F833
:10CC30009C3000F0D1F884ED280A01F0F9F90B21BD
:10CC40004FF0FF32C4F8A4000B46C4F880103E49F0
:10CC5000301D5A40202402F00103013C01FB03F384
:10CC600083EA5202F7D1A84202D073680646EFE782
:10CC7000324BC3F8A820BFF34F8F4FF0E023304969
:10CC8000324AC3F8701FC3F8702FBFF34F8FBFF342
:10CC90006F8F2F4A02252F48D36E2F4943F44053FC
:10CCA000D3660560D3692D4823F07F0343F040032A
:10CCB000D3610B6883423DD8264D00214FF0E0231D
:10CCC0004FF0FF3229600126C5F808112449C5F844
:10CCD0000011C5F80861C3F88021C3F88421C3F8A6
:10CCE0008821C3F88C21C3F8902101E000F066F997
:10CCF000D5F80C31002BF9D00134C5F80C614F2C5C
:10CD0000F4D9184B022018494FF00042C1F84001F5
:10CD10005A63D5F80C313BB9144815490D4A0163E3
:10CD2000D2F80C31002BFAD04FF0E023114AC3F8AF
:10CD30000C2DFEE7FFF7C4F9BEE700BF00FF272078
:10CD400080FF2720A8FF27202083B8EDA0FF272001
:10CD500000C00F4000400840744C0020803DCD0BC7
:10CD6000009F240000900D4000002E4000800F40E6
:10CD7000F100AD0B0400FA050A490A6838B108B59C
:10CD800013180948834204D810460B6008BD1046AA
:10CD9000704703F051FE0C234FF0FF320360104642
:10CDA00008BD00BFA04F00200000282000207047D1
:10CDB0004FF0FF30704700BF4FF4005300204B602E
:10CDC000704700BF012070474FF0FF30704700BF31
:10CDD00030BFFDE7FFF70ABF124AD2F880305B0789
:10CDE000FBD5D2F880301048C3F30B230F4990EDE8
:10CDF000007A07EE903A91ED006AB8EE477A0C4A55
:10CE0000F8EEE77A0B4BD2ED006A77EEC77A93ED36
:10CE1000007AB8EE477A67EE867A87EEA60A37EE92
:10CE2000400A704700810D40D8C50020E0C50020B1
:10CE3000E4C50020DCC50020836BF0B41BB153684F
:10CE400043F40043536072B6446B3CB31A4B226008
:10CE5000D3F8B0410C421DD1184E776804E07468D5
:10CE6000E41BB4F5166F0BD2D3F8404144F4804470
:10CE7000C3F84041D3F8B851D3F840416404EED52B
:10CE80000D4007D10C4CC0E90225D4F8B0310B435A
:10CE9000C4F8B031426362B6F0BC7047064DC0E9D9
:10CEA0000224D5F8B0310B43C5F8B03102634263B8
:10CEB00062B6F0BC704700BF00002E40001000E0DA
:10CEC00070B5056B9DB106462A46002403E0126842
:10CED0000134012A0CD0536813F08003F7D0326379
:10CEE0002CB12846B36B2D689847013CF9D170BD31
:10CEF000C6E90C33F4E700BF30B4D9B91F4C204B5E
:10CF00000021204A01254FF0011099601D60C4E9FD
:10CF1000023180245C60C2F8BC01D2F8B0311A48FA
:10CF20002B43C2F8B0310160D2F8B031002BFBD1F5
:10CF300030BC70470904154B104C012541F08001AD
:10CF40009860104A596000F580511D60D96000F565
:10CF50000051A364196100F5405100F5804059610A
:10CF600000219861E164D2F8B03143F48033C2F813
:10CF7000B031D2F8B031002BFBD1C0E70000002067
:10CF80004085002000002E4058C000206085002011
:10CF9000084901220B7802FA00F023EA0000087029
:10CFA00030B9054AD2F8483123F08003C2F848313D
:10CFB000704700BF3AC8002000002E402DE9F04F16
:10CFC000974C83B0D4F84471FB07C4F8447153D52F
:10CFD000D4F8AC21002A4AD0924EDFF860A2DFF8E4
:10CFE0007492DFF874B2DFF87482C4F8AC21D6E929
:10CFF0000A20D4F8403143F40053C4F84031D4F847
:10D0000040319D04F5D5D4F8403123F40053C4F8E1
:10D0100040314FF00113C4F8B431D4F8B45115F0D5
:10D020000115FAD193B28446CAF80050B3F5086FDF
:10D0300000F0CF8100F2DB8040F202318B4200F041
:10D04000E78100F29A80822B00F0CB81B3F5817FDB
:10D0500040F08A8010F0780F83B200F003824FF026
:10D060000113C4F8C031D4F8AC21002ABDD16C4AF8
:10D07000D2F8BC31002B42D17E0616D5684BD3F8CE
:10D08000AC21C3F8AC21D3F8BC21C3F8BC21D3F840
:10D09000B041002CFBD14FF0FF32C3F8B421D3F8DC
:10D0A000843100F029FD604B1C60FC0103D55F4B0F
:10D0B0001B6803B19847B80103D55D4B1B6803B1EA
:10D0C0009847790708D5564BD3F8843113F4007389
:10D0D00047D0584B01221A70514BD3F848311A06E9
:10D0E0000AD53B0608D5544A13782BB1013BDBB275
:10D0F0001370002B00F0728203B0BDE8F08F4F492F
:10D10000C2F8BC310868034240F0D181464A146835
:10D110001C40B1D05FEA144810D0424E4FF00109D4
:10D1200098FAA8F5B5FA85F506EBC51009FA05F5E4
:10D130004030FFF7C5FE38EA0508F1D1A4B2002C53
:10D140009AD0384E4FF0010894FAA4F5B5FA85F557
:10D1500006EBC51008FA05F5FFF7B2FEAC43F3D1B4
:10D160008AE7344A1370B7E7802B7FF478AF3448EE
:10D1700002210580FFF7C0FE75E7B3F5A06F00F050
:10D180000B81A3F5D063012B3FF669AF2D4B5D6892
:10D19000002D3FF464AF1FFA8CFC4FEA124E04E0FE
:10D1A0001D690C33002D3FF45AAF1A887245F7D130
:10D1B0005A886245F4D14FEA1E22032A00F0A58165
:10D1C0001A89000C824228BF0246BEF5007F40F05B
:10D1D000A181184B1C4918781C4B0192002818BFDC
:10D1E00019461B48FFF7C2F9194D019AE1E142F2D5
:10D1F00021218B427CD033D942F221318B4200F085
:10D2000081804FF6C0018B427FF429AF10F47F4F2D
:10D2100083B27FF424AF43F46E4363F30F0CB5E79E
:10D2200000002E40000000205CC000201CC8002030
:10D2300020C8002040C8002041C8002058C000205D
:10D24000A0C50020984A00202CEB026090EB026001
:10D250002000202050C000205DCFC6B8C0012E4065
:10D26000B3F5106F66D042F221018B427FF4F7AE26
:10D27000030C072B7FF4F3AEB24BB349F560D960D2
:10D28000B249B360C3F80890C1E9002001221A60D6
:10D29000AF4A5A60AF4A1A61D4F8B01141F00101A7
:10D2A000C4F8B01102F5805102F5005259619A613B
:10D2B000D4F8B031002BFBD1A74AF364936001236B
:10D2C000B264136048F2800353604FF00113C4F856
:10D2D000BC31D4F8B03143F48033C4F8B0314FF4EA
:10D2E0008033CAF80030D4F8B031002BFBD1BAE655
:10D2F00080B238B9994BC2F307421968984B19604C
:10D30000984B1A70944B00229A60F2640122B36425
:10D310001A6080225A604FF00113C4F8BC31D4F86F
:10D32000B03143F48033C4F8B031D4F8B031002BBD
:10D33000FBD198E6C2F307428B4B1A708B4BC4F8B3
:10D34000C8318B4BC4F8CC318A4BC4F8D03100F0D3
:10D35000D5FB80222946884802F0BEFF874B8022F9
:10D36000C6F8A0B0C6F8E0307B4BF5645A600122E5
:10D37000B3649D601A604FF00113C4F8BC31D4F857
:10D38000B03143F48033C4F8B031CAF80050D4F857
:10D39000B031002BFBD166E66F4B0121F5641960BB
:10D3A00080219D60B36459604FF00113C4F8BC3113
:10D3B000D4F8B03143F48033C4F8B031D4F8B0318C
:10D3C000002BFBD1130C5B0643F08073C4F854317F
:10D3D00049E6654B01216A481B780370FFF78CFD15
:10D3E00041E683B210F078007FF439AE03F07F029B
:10D3F00058F82210624A1080180600F19E80CB0770
:10D4000001D50123137002215D48FFF775FD2AE65F
:10D4100010F0780F83B27FF422AE03F07F0213F096
:10D42000800F58F8223014BF43F4803343F00103D7
:10D4300048F822300022484BF2649A600122B3641B
:10D440001A6080225A604FF00113C4F8BC31D4F83E
:10D45000B03143F48033C4F8B031D4F8B031002B8C
:10D46000FBD100E603F07F0213F0800F58F8223062
:10D4700014BF23F4803323F0010348F82230002244
:10D48000354BF2649A600122B3641A6080225A60BC
:10D490004FF00113C4F8BC31D4F8B03143F48033F9
:10D4A000C4F8B031D4F8B031002BFBD1DBE500205B
:10D4B000086026490C88486842F221018C427FF4BA
:10D4C00025AE80B200287FF421AE2E492E4C03C930
:10D4D000A18086284FEA11412060A1717FF416AE29
:10D4E00072B62A48017841F008010170D2F848115B
:10D4F0000D0605D480200143C2F84401C2F848114A
:10D5000062B6234A5021117000E6000C2A7882424C
:10D5100028BF0246BEF5E06F44D11E4B1E4D187861
:10D520001E491F4B0192002818BF19462846FFF7D5
:10D530001DF807236B70019A3BE0C9033FF561AF0B
:10D5400061E700BF6085002050D0002000870020E8
:10D550008000070050E000204085002004C8002023
:10D5600018C800203EC800203FC800200200CC00A0
:10D57000C80002000200C800800000201993D57482
:10D58000A0C5002050C0002010C800203AC80020CC
:10D5900041C8002040C800202000202090EB0260FD
:10D5A0002CEB02602946104D01922846FEF7DEFF63
:10D5B000019A25F01F031544BFF34F8F4FF0E02170
:10D5C000C1F8703F20339D42FAD8BFF34F8FBFF3AD
:10D5D0006F8F05481146FFF78FFC44E50320FFF7E6
:10D5E000D7FC0BF039FB00BF200020202DE9F047CD
:10D5F0001F46831E022B01D9BDE8F087DFF84C904F
:10D6000015460C463C2209EBC01806464FEAC01AE4
:10D61000002108F10400240402F05EFEB5FA85F250
:10D620000123520944EA427449F80A40C8F83870A4
:10D63000C8F80830002FDFD0034AB34011680B430D
:10D640001360BDE8F08700BF5CC000200000002030
:10D650002DE9F0470D46811E022901D9BDE8F0876A
:10D66000C701DFF84C909246044640373C22002127
:10D670001E4609EB07082D0408F1040002F02CFEF9
:10D68000BAFA8AF2520945EA427249F807200122A1
:10D69000C8F83860C8F80820002EDFD0034B1034DB
:10D6A0001968A2400A431A60BDE8F0875CC00020F8
:10D6B0000000002012048160C36101F5405342F074
:10D6C000800210B40124426001F50052046001F5AB
:10D6D000805401F58041C46081615DF8044BC0E96C
:10D6E00004237047831E0A46022B00D97047064B5D
:10D6F00000F110014FF0010C03EBC0100CFA01F126
:10D700004030FFF799BB00BF00000020831E0A468F
:10D71000022B00D970470121024B814003EBC0105E
:10D72000FFF78ABB0000002040687047124A134B85
:10D73000D2F8200220F07F40984210B584B002D287
:10D7400000EB800040000E4C01A90A22FEF7AAFF60
:10D7500001A90023204611F8012B01333AB10A2B0D
:10D7600020F8022FF7D11623237004B010BD5B0000
:10D77000DBB2237004B010BD00441F4080969800B7
:10D780001058002000F0D8BA00F0A8BA00F066BB2C
:10D7900000F03CBB0846114600F02CBBF8B5144C19
:10D7A0004FF0E025134E4FF4003204EB4024124FAB
:10D7B00006EB40160346C5F88C2121463A883046D0
:10D7C000FFF778FF3B882344BFF34F8FC5F85C4FCA
:10D7D0002034A342FAD8BFF34F8FBFF36F8F0320DB
:10D7E0003146FFF793FF4FF40033C5F80C31F8BD15
:10D7F000A00020208085002026C80020244B2DE991
:10D80000F0411C884368C569C3F30E43E41A002C39
:10D8100024DD204920480A780078D3B21F4E824286
:10D820001F4807D010F8038036F81870C7F500724B
:10D83000944218D90133002226F81540082B194EBE
:10D8400088BF134626F8152098BFDAB2C554164B88
:10D850000A701A6814441C60BDE8F0812846BDE8CF
:10D86000F041FFF79BBF07EB4820104922462744B1
:10D87000084401EB4521FEF779FE0B4A284626F8BD
:10D88000187013682344BDE8F0411360FFF786BFAA
:10D8900026C8002038C8002039C80020ACC50020A8
:10D8A000CCC50020BCC50020A8C50020A0002020B9
:10D8B0001D4B1A78002A36D102F0FF031B4A12785A
:10D8C0008AB32DE9F0411A4D2A8852B3194EC2F598
:10D8D0000068194F3278194C07EB421704EBC22449
:10D8E000424638462146FFF7E5FE04EB0802BFF347
:10D8F0004F8F4FF0E023C3F8704F2034A242FAD884
:10D90000BFF34F8FBFF36F8F04203946FFF7EAFE56
:10D9100033780133DBB2032B88BF0023337000233D
:10D920002B80BDE8F08170473DC800203FC8002033
:10D9300028C800203CC8002080860020A01020209D
:10D940002DE9F04F85B0CDE90110002900F0BF802E
:10D950000023604CDFF89881DFF898A15E4F0093B8
:10D9600001235E4A23705E4B1978B8F8003002EB51
:10D970004119002B40F0A7801E461D469B46484695
:10D98000FFF7D2FE10F0800000F08C80BFF34F8FC5
:10D990009AF8003084F800B005B93E68002B7DD1BC
:10D9A0003B689B1B782B00F287804E4B1B78002B2B
:10D9B00074D000F09DFA0122B8F8003015462270AC
:10D9C000002BDCD0464AC3F5006011781A4600EB04
:10D9D000C120454DC9022844019D954217D20393A9
:10D9E000DDE901512A46FEF7C1FD039B4FF040429D
:10D9F0005B1BA8F800303D4BC3F88420BFF34F8F6A
:10DA0000009800232844237005B0BDE8F08F364B02
:10DA1000CD180299FEF7AAFD00234FF400622946B3
:10DA20004846FFF747FEBFF34F8F05F1200205F58B
:10DA30000063934234BF012340234FF0E02205EB03
:10DA40004313C2F8705F2035AB42FAD1BFF34F8F5A
:10DA5000BFF36F8F04204946FFF744FE204A137836
:10DA60000133DBB2032B84BF00231D4A1370B8F8C7
:10DA70000030019AD11A009A1A4401910092029A38
:10DA80001A4400230292194AA8F80030C2F88430E0
:10DA9000BFF34F8F237000297FF462AF009805B069
:10DAA000BDE8F08F4FF400620D4B8AF80000197842
:10DAB0001346A8F800208AE7012300988AF800306E
:10DAC00005B0BDE8F08F1A46C3F500607FE7019806
:10DAD000E5E700BF3DC8002004C800208086002084
:10DAE0003CC800203FC80020A010202000002E408D
:10DAF00028C800203BC80020704700BF2D4B0021E4
:10DB000080222D4870B51B7800242C4D8B422C4E62
:10DB10000CBF40234FF400732B80338002F0DCFBFA
:10DB2000284A2146284B14704FF4807227481C80E5
:10DB300002F0D2FB264A1021264B0220C2E9004403
:10DB4000C2E90244244AC3E900441470234AC3E9E9
:10DB50000244234B1C70234614602246FFF778FDD5
:10DB60002246318803201F4BFFF740FD2346012248
:10DB700029880420FFF76CFD20460134FFF70EFED4
:10DB8000082CF9D1184B00214A221848184C04607F
:10DB9000C3F88410C3F88020D3F84821154942F017
:10DBA0008072C3F8482121B1134A137843F001036E
:10DBB000137070BD40C80020808600202AC8002055
:10DBC00026C800203CC8002028C8002080850020EE
:10DBD000ACC50020BCC5002038C80020A8C5002066
:10DBE00039C80020FDEB000000002E401CC80020BA
:10DBF000B1EC00000000000042C800202DE9F04F09
:10DC00004FF0E0234FF40032DFF8C8A083B0C3F830
:10DC10008C218B469AF8004000294FD08046E4B210
:10DC20000027DFF8B490264BABEB070225491B78A1
:10DC3000A34204F101043FD0092C234B404628BFE6
:10DC400000241E5D39F816C00CEB462319441F4B07
:10DC500033F81650A5EB0C05AA421CD20CEB462C4F
:10DC600018491B4C61440192FEF780FC216839F889
:10DC700016505846019AA1EB0B012A44394429F861
:10DC8000162021604FF0E0234FF40032C3F80C213E
:10DC900003B0BDE8F08F2A462F44FEF767FC0C491D
:10DCA000E3B230460A68A844521B0A608AF8003082
:10DCB000FFF774FDBB45B6D83846E3E70846E1E711
:10DCC00038C80020A0002020CCC50020ACC5002012
:10DCD000A8C5002039C80020BCC500200B4B0C4A49
:10DCE00012781978D3B28A420DD0013309480A4A12
:10DCF000092B0A4928BF0023C35C31F8131002EB3B
:10DD00004323585C70474FF0FF30704738C80020FD
:10DD100039C80020CCC50020A0002020BCC50020B0
:10DD2000044B10B51C680CB1204610BD00F0E0F8A3
:10DD3000204610BDA8C500202DE9F84F144E154D02
:10DD400033782A78934221D0DCB2DFF85090DFF8A4
:10DD500050B0DFF85080104F0134082C5FFA84FA7D
:10DD600001D90024A24619F80400DBF8003038F885
:10DD7000102037F81010521A9B1ACBF80030FFF71A
:10DD80000DFD86F800A02B78A342E5D1BDE8F88F01
:10DD900039C8002038C80020BCC50020CCC50020F0
:10DDA000A8C50020ACC5002000B583B001210DF14D
:10DDB0000700FFF723FF20B19DF8070003B05DF8CF
:10DDC00004FB4FF0FF30F9E7094B00B583B01B7837
:10DDD0008DF807003BB101210DF10700FFF7B0FD01
:10DDE00003B05DF804FB03F0FF0003B05DF804FB33
:10DDF0003FC80020044B1B7803F0FF020BB1FFF774
:10DE00009FBD1046704700BF3FC800202DE9F0417C
:10DE10000024DFF8448001230D4D27460D4E88F87D
:10DE20000030337828462035A34204F1010405D0A0
:10DE3000FFF77AFC030658BF07F50067042CF0D102
:10DE4000BFF34F8F0023384688F80030BDE8F081DB
:10DE5000808600203CC800203DC800202DE9F84302
:10DE60001D4B1B7813B11D4D2A880AB9BDE8F883F4
:10DE70001B4EC2F500691B4933784A461A4C01EB28
:10DE800043181A4F04EBC324012340463B7021463C
:10DE90000023FFF70FFC04EB0902BFF34F8F4FF095
:10DEA000E023C3F8704F2034A242FAD8BFF34F8F5B
:10DEB000BFF36F8F04204146FFF714FC3378013322
:10DEC000DBB2032B88BF0023337000232B80BFF30A
:10DED0004F8F3B70BDE8F8833FC8002028C8002062
:10DEE0003CC8002080860020A01020203DC80020D3
:10DEF0002DE9F8432D4B1E7866B12D4F3B784BB979
:10DF00000123F1073B7043D4B20726D400233B70B2
:10DF1000730701D4BDE8F883264B1A68002AF9D0AC
:10DF2000EFF30582002AF5D1EFF3108572B6186879
:10DF3000002834D0204C2178002930D101222270D1
:10DF400042691A60002A2ED0916105B962B6002597
:10DF50008368457798472570DCE7DFF8648098F898
:10DF60000030002BD2D00025DFF858902B4659F80E
:10DF700023400135236820461B69984710B1636927
:10DF80009B68984798F80020EBB29A42EFD8BDE71B
:10DF9000FFF7C6FE0028B7D0AFF30080B4E7002D2E
:10DFA000B8D162B6B6E7054B1A60CEE742C800208A
:10DFB00034C800206CBA002032C8002078BA002093
:10DFC00033C800207CBA002070B5EFF3108272B61F
:10DFD0000C4C206880B10C4E00254369236073B15E
:10DFE0009D6102B962B6836845779847EFF3108266
:10DFF00072B620680028F0D102B962B670BD3360F5
:10E00000EFE700BF74BA002070BA0020FFF7DCBF52
:10E010000449054A4968054B1960136801331360C8
:10E02000704700BF001000E004C8002000C80020B6
:10E03000074A506A936A19468446506A936A99421D
:10E04000F9D18445F7D1DB0B43EA4040704700BF6C
:10E0500000400D4008B5D0E900325BB1BAB10F4BBA
:10E06000A3FB0213DB0803EB4303B2EB83030AD1E8
:10E07000012008BD094BA3FB0213DB0803EB43039C
:10E08000B2EB830301D0D21A4260F02AF0D802F03A
:10E09000D3FC1C22034600201A6008BDABAAAAAA22
:10E0A00070B5044638B319B1B2FA82F67609A2B94E
:10E0B000206800B36268F2B1184B194902FB03F300
:10E0C000B1EBB30F17D3A368E3B900220123226099
:10E0D0006260A260E260184670BD1D46049BC0E904
:10E0E0000012C360FFF7B6FF03460028F3D06DB9F6
:10E0F0000123184670BD02F09FFC16220023026027
:10E10000184670BD002102F0E7F8DEE7626831468C
:10E110002068A56002F0E0F80123DCE7ABAAAAAA18
:10E120005555551503460846194601F041BE00BF36
:10E130009FED010B704700BF000000000000F87F5A
:10E1400053EC102B181EC0F30A5100B5A1F2FF3E8C
:10E15000C0F3130CB4BF4FF0FF300120BEF1130F1A
:10E160004CF4801C0FDCBEF1000F25DB4FF40021C6
:10E1700041FA0EF16144CEF1140E21FA0EF101FBC9
:10E1800000F05DF804FBBEF11E0F1BD8BEF1330F8B
:10E190001EDCA1F213414FF00043CB409B1828BF77
:10E1A0000CF1010CBEF1140F0CFA01F1CEF13402A6
:10E1B000E5D0D3401943E2E7BEF1FF3F18BF00208E
:10E1C0005DF804FBFDEEC07B17EE900A5DF804FBE2
:10E1D000A1F21343A1F233410CFA03F38A4043EA5C
:10E1E0000201CCE753B94AB9002908BF00281CBF77
:10E1F0004FF0FF314FF0FF3000F070B9ADF1080C77
:10E200006DE904CE00F006F8DDF804E0DDE9022354
:10E2100004B070472DE9F047089E0D4604460F46AE
:10E22000002B4AD18A42944665D9B2FA82F343B1AF
:10E2300002FA03FCC3F120029F4020FA02F21743C6
:10E240009C404FEA1C4E1FFA8CF5B7FBFEF1220CE6
:10E250000EFB117742EA074201FB05F090420AD912
:10E260001CEB020201F1FF3780F01C81904240F26A
:10E27000198102396244121AA4B2B2FBFEF00EFBFD
:10E28000102244EA024400FB05F5A5420AD91CEB22
:10E29000040400F1FF3280F00781A54240F20481BE
:10E2A0006444023840EA0140641B00211EB1DC4096
:10E2B0000023C6E90043BDE8F0878B4208D9002E51
:10E2C00000F0ED800021C6E900050846BDE8F087B2
:10E2D000B3FA83F1002949D1AB4202D3824200F262
:10E2E000F880841A65EB030201201746002EE2D065
:10E2F000C6E90047DFE702B9FFDEB2FA82F3002B7E
:10E3000040F090808A1A4FEA1C471FFA8CFE0121C8
:10E31000B2FBF7F507FB1520220C42EA00420EFB88
:10E3200005F0904208D91CEB020205F1FF3802D239
:10E33000904200F2CB804546121AA4B2B2FBF7F02D
:10E3400007FB102244EA02440EFB00FEA64508D952
:10E350001CEB040400F1FF3202D2A64500F2BB80A0
:10E360001046A4EB0E0440EA05409FE7C1F12007E8
:10E370008B4022FA07FC4CEA030C05FA01F420FA60
:10E3800007F3FD404FEA1C492343B5FBF9F81FFA98
:10E390008CFE09FB18551C0C44EA054408FB0EF5DD
:10E3A000A54202FA01F200FA01F00BD91CEB0404B9
:10E3B00008F1FF3A80F08880A54240F28580A8F1FC
:10E3C00002086444641B9DB2B4FBF9F309FB1344D7
:10E3D00045EA044403FB0EFEA64508D91CEB0404E1
:10E3E00003F1FF356CD2A6456AD9023B644443EA87
:10E3F0000843A3FB0295A4EB0E04AC42C846AE460C
:10E4000056D353D056B1B0EB080264EB0E0404FAB5
:10E4100007F7CA40CC401743C6E9007418460021EC
:10E42000BDE8F087C3F1200102FA03FC20FA01F2F3
:10E4300025FA01F19D402A434FEA1C471FFA8CFE42
:10E44000B1FBF7F007FB1015110C41EA054100FB89
:10E450000EF58D4204FA03F408D91CEB010100F11A
:10E46000FF382FD28D422DD902386144491B92B218
:10E47000B1FBF7F507FB151142EA014205FB0EF16E
:10E48000914208D91CEB020205F1FF3816D29142E5
:10E4900014D9023D6244521A45EA004138E7314638
:10E4A000304608E73946E6E61046FBE64845A9D27D
:10E4B000B9EB020865EB0C0E013BA3E74546EAE722
:10E4C0002B4694E74046D1E7D0467BE7023D6244C5
:10E4D00032E708460AE76444023842E7704700BF63
:10E4E00010B4044C03460A4620685DF8044B1946F4
:10E4F00000F002B83055002038B5A1FB02148CBBE7
:10E5000000F046F80546E0B150F8042C22F0030272
:10E51000043A242A17D8132A1AD91B2AC0E900441E
:10E520001DD9242A14BF00F1100200F118024FF087
:10E530000003C0E9024404BF04614461C2E900333E
:10E540009360284638BD214601F0C6FE284638BDF6
:10E5500002460023C2E900339360284638BD00F12B
:10E560000802F6E702F068FA0C2300250360E8E7EA
:10E57000024B0146186800F00BB800BF3055002070
:10E58000024B0146186802F0FDBC00BF3055002068
:10E590002DE9F04F01F10B06162E83B0044624D866
:10E5A000102900F2BA8000F0A3FA102618220220E7
:10E5B000B54F3A44A2F1080153688B4200F0BA808B
:10E5C0005A68D96822F003021A449D68E9608D6098
:10E5D000516841F001012046516003F1080500F047
:10E5E0008DFA284603B0BDE8F08F36F0070600F13B
:10E5F0009480B14200F2918000F07AFAB6F5FC7F87
:10E60000C0F09A81730A00F08F80042B00F26F81B2
:10E61000B30903F1390003F1380CC3009A4F3B44AE
:10E62000A3F108055B689D4206D10CE0002980F249
:10E630002781DB689D4206D05A6822F00302911BB5
:10E640000F29F3DD60463D69DFF850C265457CD097
:10E650006A6822F00302931B0F2B00F37B81002BCF
:10E66000C7E904CC80F26C81B2F5007F80F01A819A
:10E67000D308796801334FEA521E012202FA0EF2E2
:10E680000A4357F833E0C5F808E007EBC30108393F
:10E69000E9607A6047F83350CEF80C5083100121BE
:10E6A0009940914257D8114206D120F00300490009
:10E6B000114200F10400FAD007EBC0094D4686462E
:10E6C000D5F80C80454508D11DE1002B80F224814E
:10E6D000D8F80C80454500F01681D8F8042022F0C7
:10E6E0000302931B0F2BF0DD2046D8E9025408EB00
:10E6F000060146F00106C8F80460EC60A56043F02E
:10E700000104C7E90411C1E902CC4C6048F80230A9
:10E7100000F0F4F908F1080502E00C23236000255D
:10E72000284603B0BDE8F08F4FF4007340204FF04F
:10E730003F0C73E7D3689A4208BF02307FF440AFC2
:10E740003D69DFF858C1654582D17A68831001219F
:10E7500099409142A7D9BD686B6823F003094E45E3
:10E7600003D8A9EB06030F2B7ADCDFF834B1474B53
:10E77000DBF800201B680132334405EB090A00F086
:10E78000338103F580530F3323F47F6828F00F089B
:10E790004146204602F028F9411C024600F0F38071
:10E7A000824500F2EE803A4B1968414419600846F0
:10E7B00000F04E81DBF80010019301311BBFA2EB8A
:10E7C0000A010918CBF80020196012F0070B00F0BD
:10E7D0001781CBF108010A44CBF5805190440831F0
:10E7E000A1EB0801C1F30B0A51462046009202F04A
:10E7F000FBF8421CDDE9002300F04F81801A00EB9A
:10E800000A081968BA6048F001005144BD425060DE
:10E81000196000F02981B9F10F0F40F22781686873
:10E82000A9F10C0C2CF0070C00F0010040EA0C00E0
:10E8300068604FF0050E05EB0C00BCF10F0FC0E94E
:10E8400001EE00F2328150681546124B1A688A4276
:10E8500038BF1960104B1A688A4238BF196094E0BB
:10E86000AA1943F0010346F001066E602046BA6023
:10E87000536000F043F90835284603B0BDE8F08F37
:10E88000D9681A44A1E600BF1451002080BC0020C2
:10E8900050BC002078BC00207CBC00201C51002013
:10E8A0001C550020B2F5206F4FEA522363D3142B7E
:10E8B00000F2B78003F15C01C9005B3307EB010E86
:10E8C0007958AEF1080E8E4500F091804B6823F028
:10E8D0000303934202D989688E45F7D1D1F80CE041
:10E8E0007A68C5E9021ECEF80850CD60D6E6142B32
:10E8F00059D9542B00F29D80330B03F16F0003F1C3
:10E900006E0CC3008AE60EF1010E1EF0030F05F136
:10E9100008057FF4D5AE51E0424445465368D8F827
:10E920000C1043F00103536055F8083F2046D960AE
:10E930008B6000F0E3F8F3E6F00806F1080237E632
:10E940002A442046536843F001035360083500F021
:10E95000D5F8E5E6A919204646F0010643F0010482
:10E960006E60C7E90411C1E902CC4C60AB5000F005
:10E97000C5F80835D4E6930903F13901C9003833E5
:10E980009CE7BD425FD0BD68686820F0030846453B
:10E99000A8EB060302D80F2B3FF762AF204600F02A
:10E9A000ADF80025BCE603F15C0003F15B0CC3008D
:10E9B00034E659F808394B4540F0968010F0030FC3
:10E9C00000F1FF30F5D17B6823EA01037B60490049
:10E9D00099423FF6C0AE19B9BDE649000EF1040EEA
:10E9E0001942FAD0704667E603F11008D0E69A1093
:10E9F0004FF001087B6808FA02F21A437A6070E768
:10EA000002EB08014942C1F30B0A5146204600922D
:10EA100001F0EAFF431CDDE900237FF4EFAEDA46A4
:10EA2000EFE6542B25D8130B03F16F01C9006E33A9
:10EA300044E7B3F5AA7F25D8F30B03F1780003F17F
:10EA4000770CC300EAE5294B186840441860B1E62A
:10EA5000CAF30B0CBCF1000F7FF4ACAEBD68C84428
:10EA600048F001006860F0E61546EEE601235360C9
:10EA700094E7B3F5AA7F23D8D30B03F17801C9003B
:10EA800077331BE740F25452934223D8B30C03F17F
:10EA90007D0003F17C0CC300C0E5ABF1080BD8444A
:10EAA000A8EB02084FF0000AABE605F1080120468A
:10EAB000009302F067FABD68009B68681968C4E6B5
:10EAC00040F254518B420BD8930C03F17D01C900E5
:10EAD0007C33F3E64FF47E737F204FF07E0C9DE590
:10EAE0004FF47E717E23E9E67B6870E750BC00201E
:10EAF000014801F0CFBF00BF48BC0020014801F031
:10EB0000CBBF00BF48BC00200C4B0D4819680D4A14
:10EB1000D1F8983010B4D1F89C4003FB00F002FB10
:10EB20000400A3FB0232013340EB0200C1E92630AE
:10EB30005DF8044B20F00040704700BF30550020C6
:10EB40002DF451582D7F954C2DE9F84F174600298B
:10EB500000F098800C4607F10B058046FFF7C8FFD0
:10EB6000162D54F8041C5BD810252A46AF425CD8F9
:10EB700021F003069642A4F1080962DABC4BD3F8EF
:10EB800008C009EB0600844500F09780D0F804C067
:10EB90002CF0010303445B68DB0768D42CF0030C02
:10EBA00006EB0C03934247DACB0710D454F8083C29
:10EBB000A9EB030ADAF8043023F003018C44B444CF
:10EBC000944580F211817318934280F2E8803946AF
:10EBD0004046FFF7DDFC0746E0B154F8043C23F063
:10EBE00001034B44A0F10802934200F0D280321F8F
:10EBF000242A00F2F580132A00F2AC800346224654
:10EC0000116819605168596092689A6021464046BF
:10EC100002F0B8F94046FFF771FF3846BDE8F88FBB
:10EC200025F00705002D2A46A0DA0C23C8F800308D
:10EC300000273846BDE8F88F1E46D0E90223D3608E
:10EC40009A60731B0F2B22D8D9F8043003F001030C
:10EC500033434E44C9F80430736843F001037360D2
:10EC600040462746FFF74AFF3846BDE8F88FC907F8
:10EC7000ADD454F8083CA9EB030ADAF8041021F0EB
:10EC80000301A0E7BDE8F84F1146FFF781BCD9F8B2
:10EC9000042009EB050102F001024E4443F0010398
:10ECA0002A43C9F804204B60736843F0010308311C
:10ECB0007360404602F066F9D2E7DCF8040020F009
:10ECC000030B06EB0B0C05F1100084454DDAC90768
:10ECD0003FF57DAF54F8081CA9EB010ADAF80410DF
:10ECE00021F003018B44B34458453FF76CAF5746BE
:10ECF000DAF80C1057F8080F321F242AC160886018
:10ED000000F2DB80132A40F2D6802168CAF808108E
:10ED10006168CAF80C101B2A00F2DF8008340AF17F
:10ED200010022168116061685160A16891600AEB6E
:10ED30000501ABEB050242F0010299604A60DAF886
:10ED4000043003F001032B434046CAF80430FFF7B8
:10ED5000D5FE6EE723680360636843601B2A68D8AA
:10ED600004F1080200F108034AE709EB05029A6082
:10ED7000ACEB050343F00103536054F8043C03F08B
:10ED800001032B43404644F8043CFFF7B7FE2746F7
:10ED90004FE750F8043C23F003031E4451E7574665
:10EDA000DAF80C1057F8080F321F242AC160886067
:10EDB0004CD8132A48D92168CAF808106168CAF8E3
:10EDC0000C101B2A56D808340AF110021E4623687C
:10EDD000136063685360A3689360D1463C4630E794
:10EDE000214601F0FDF911E7D0E902135746CB6047
:10EDF000996057F8081FDAF80C30CB60321F242ACC
:10EE000099602DD8132A29D92368CAF80830636875
:10EE1000CAF80C301B2A42D808340AF110032268C1
:10EE20001A6062685A60A2689A606646D1463C469B
:10EE300007E7A3688360E368C360242A26D004F14F
:10EE4000100200F11003DBE63A46BFE721463846E0
:10EE50001E46D14601F0C4F93C46F2E63B46DEE7E9
:10EE6000214638466646D14601F0BAF93C46E8E606
:10EE700014510020A168CAF81010E168CAF81410F3
:10EE8000242A20D010340AF118029FE72369036175
:10EE90006169416104F1180200F11803B0E6A3684A
:10EEA000CAF81030E368CAF81430242A21D010348C
:10EEB0000AF11803B3E73A4633E72146384601F032
:10EEC0008FF9164B33E72269CAF818206269CAF82D
:10EED0001C2018340AF1200278E7A168CAF8101043
:10EEE000E168CAF81410242A0DD010340AF118026F
:10EEF00017E72369CAF818306369CAF81C30183458
:10EF00000AF120038BE72269CAF818206269CAF85F
:10EF10001C2018340AF1200203E700BF145100201E
:10EF20002DE9F04F2DED108B97B08A460021079206
:10EF3000129100220021CDE9041280465146119120
:10EF40000F4611F8012B2D2A5ED801A050F822F0AF
:10EF5000F104010009040100090401000904010091
:10EF60000904010009040100090401000904010069
:10EF7000090401003F0301003F0301003F030100BA
:10EF80003F0301003F0301000904010009040100DF
:10EF90000904010009040100090401000904010039
:10EFA0000904010009040100090401000904010029
:10EFB0000904010009040100090401000904010019
:10EFC0000904010009040100090401000904010009
:10EFD0003F030100090401000904010009040100C4
:10EFE00009040100090401000904010009040100E9
:10EFF0000904010009040100090401002B0B0100B0
:10F0000009040100170B010000210991302A7DD06D
:10F01000002308932F2A144640F2CD844FF00009B4
:10F0200038464E464D4612E00130082D1190C8BFBB
:10F0300009EB89090478C6BF02EB4902A2F1300945
:10F04000A3F130062F2C05F1010522466FDD06EBFA
:10F050008603392C02EB4303E6DD9F49012201F0D0
:10F06000F3F9002837D1119B1A46013311935478D4
:10F07000002D40F04385302C40F02485C3F101027F
:10F080009818013311931C78302CF9D0A4F1310376
:10F09000082B00F20183119F431CA4F1300B0B934A
:10F0A0000125BC464FF0000E06EB86060BEB46062C
:10F0B00000200CF1010311939CF80140A4F13001F0
:10F0C000092900F2BB8201308B46002940F04F84B1
:10F0D000DDF844C0EDE70020652CAE460B90844679
:10F0E00001D0452C30D1002D6BD1089B034367D153
:10F0F000079B9FED778B13B1079BC3F800A0B0EE81
:10F10000480B17B0BDEC108BBDE8F08F7A7802F099
:10F11000DF02582A00F00C84013711973A78302A20
:10F12000FAD0002A00F0B7800123089372E76A49F9
:10F13000012201F089F9002800F0C080AE464FF0AE
:10F14000000CCDF82CC060464FF0000B002D7ED097
:10F1500007EE906A0B9BB8EE677BABEB0303BEF147
:10F16000000F08BFAE46102D0A932B46A8BF1023F0
:10F17000092D8DED047B0CDD584A02EBC30212ED24
:10F18000125B06EE909AB8EE666BA7EE056B8DEDFE
:10F19000046B0F2D00F3A8800A9A002A00F0E48384
:10F1A0000A9A40F33C83162A40F398840A99C5F1E1
:10F1B00025028A4280F2A6840A9AEB1A134499E047
:10F1C0000025DDF844A00AF1010311939AF80140EB
:10F1D0002B2C00F05E822D2C00F0F78100230A9387
:10F1E000A4F13003092B00F2EB81302C05D1119BE7
:10F1F000013311931C78302CFAD0A4F13103082B81
:10F20000A2D8119A0C92531C1193A4F1300B54788C
:10F210002F2C07DCDEE3013311934C782F2CA2F165
:10F22000300B06DD0BEB8B02392C194604EB420246
:10F23000F1DD0C9A9B1A082B40F3CC8344F61F6B2C
:10F240000A9B002B82D0CBF1000B002D80D1089BB4
:10F25000034320D1BCF1000F7FF44AAF692C00F0CA
:10F26000CF8300F3F382492C00F0CA834E2C7FF445
:10F270003FAF1B4911A802F0A7FA00283FF438AFAE
:10F28000119B1B78282B00F0F2841648FEF750FFE4
:10F29000B0EE408B01E09FED0E8B079A0AB1119BF7
:10F2A0001360099B002B3FF42AAFB1EE488BB0EE00
:10F2B000480B17B0BDEC108BBDE8F08F119B0B9085
:10F2C0005A1C11925C78AE46F8E600BFAFF300809E
:10F2D0000000000000000000504A0020A8020020AA
:10F2E000E40A0020241D00200A9AEB1A1344002B84
:10F2F00040F3B08213F00F010AD0C34A02EBC102FF
:10F300009DED046B92ED007B27EE067B8DED047B7B
:10F3100033F00F0240F038820023089300962B460A
:10F3200072463946404602F0DBFB8146002800F079
:10F33000E1820B9BA3EB0B0B0A9B9FEDA9EB002B30
:10F340009FEDA9CB9FEDAADB9FEDABBBB4BF5A46A7
:10F3500000224FF0000A23EAE3730B920C93544609
:10F36000D9F80410404602F039FB0646002800F0A8
:10F370000E81D9F810209DED048B0232920009F124
:10F380000C010C30FDF7F2F8B0EE480B14AA13A9EB
:10F39000404602F061FF1290002800F0E480012155
:10F3A000404602F045FC0446002800F0F080139A25
:10F3B000002AC0F2DE800B9B0C9F02EB030B089B24
:10F3C000149DD21A2A44914B013A9A42C5F136054E
:10F3D00080F29880991A1F29A5EB010500F3E380BC
:10F3E000012202FA01F30D9300230E932F44089B90
:10F3F0005D44AB455A461F44A8BF2A46BA42A8BF3F
:10F400003A46002A03DDAD1ABF1AABEB020B0B9B89
:10F41000002B00F38880002D00F39C800A9B002BBA
:10F4200000F3B780002F00F3A980BBF1000F08DDC7
:10F4300021465A46404602F037FD0446002800F0B7
:10F44000A68012993246404602F0C8FD8246002846
:10F4500000F09D800023C568C360214602F09CFD3A
:10F460000028C0F2C78300F061832146504602F0B5
:10F470005DFFB0EE007BB4EEC70BF1EE10FA46D89C
:10F48000002D00F0CB80B7EE009B0598604B00226A
:10F490006049DFF884C100EA0107674500F0D480C5
:10F4A000089959B1B7F1D46F08D8B4EECB9BF1EEFF
:10F4B00010FA40F2568103F1D661CB1BB0EE480B37
:10F4C00043EC1A2B02F034FEAAEE008B8DED048B78
:10F4D00018EE903A089A22B94E4A1A40974200F024
:10F4E000E4801299404602F09FFA3146404602F00D
:10F4F0009BFA2146404602F097FA5146404602F0F8
:10F5000093FA2DE701230021CDE90D316EE7B6EE28
:10F51000009B20EE099B002D5FD1B1EE497B059841
:10F5200053EC172BB4E721461A46404602F05CFC28
:10F53000044660B30146129A404602F0A7FB30B37E
:10F540000F901299404602F06FFA0F9A1292002D16
:10F550007FF764AF12992A46404602F0A5FC12904C
:10F5600000287FF45BAF22239FED258BC8F8003085
:10F57000BCE00C9BDDF82CB09F1A20E731463A46E0
:10F58000404602F091FC064600287FF44EAF1298E8
:10F59000E9E731460C9A404602F026FC0646002870
:10F5A0007FF440AFF3E7C2F17F4202F57F0202F53C
:10F5B0007B420121E23201FA02F3CDE90D1315E796
:10F5C000CDF844A04FF0000BC0E501230A930AF1E7
:10F5D000020311939AF8024002E6B0EE497B9EE7DF
:10F5E0009535A094FFFFCF3F9535A094FFFFDF3FF7
:10F5F00035E5AF350000E03F0000C0FFFFFFDF4111
:10F60000000000000000F07FA802002002FCFFFFC5
:10F610000000F03F0000F07F0000E07FDDE9041211
:10F62000002900F08580DDE90412012900F0D8816D
:10F630001046B74BB7EE009B002229E7652C4FF030
:10F64000010C3FF4BEAD4CE543EC1A2BA0F1547312
:10F6500005939DED04FBB0EE4F0B02F069FDAD4943
:10F66000AAEE00FB1FEE903AAB4A194091428DED95
:10F6700004FB72D9A94B18EE902A9A4203D118EED6
:10F68000103A013383D0A54A4FF0FF33CDE904325D
:10F6900027E700230A939AE7652C00F0D080452CD9
:10F6A00000F0CD804FF0010CD1E551EC190B0D931A
:10F6B00009F098FA09F068FA049B1D430D9B41EC90
:10F6C000170BC3F313031D4339EE479B00F0A080D3
:10F6D000B4EECC9BF1EE10FA05D4B4EECD9BF1EE76
:10F6E00010FA7FF7FEAE9DED048B1298014640465E
:10F6F00002F09AF93146404602F096F9214640461A
:10F7000002F092F94946404602F08EF951464046D1
:10F7100002F08AF9C1E501220992791C11917A78E7
:10F72000002A3FF4E5AC0F4670E400220992F4E7AA
:10F73000C2F313031046002B7FF47BAFB7EE007BC0
:10F74000B4EEC70BF1EE10FA00F1D381B6EE009BD8
:10F7500020EE099BB1EE497BE2E603F15473059379
:10F76000B8E6BCEEC99B19EE103A012B38BF012355
:10F7700009EE103AB8EE499B002D40F03E81B1EE03
:10F78000497B53EC172B96E6B2F59A7F00F3B280D3
:10F79000102A4FEA221340F38682614C9DED047BD0
:10F7A00000202246014613F0010F01F101014FEA4A
:10F7B000630304D092ED006B012027EE067B012B42
:10F7C00002F10802EFD108B18DED047B059BA3F196
:10F7D0005473059304EBC1049DED046B94ED007B21
:10F7E0004C4B27EE067B17EE902A4E4913408B4276
:10F7F0008DED047B7ED8A1F580118B4240F2D6813D
:10F80000464C4FF0FF33CDE904340023089385E5DF
:10F81000B4EECE9BF1EE10FA7FF563AE63E71632DD
:10F82000FFF662AD0B9BA3EB0B0B3F4B03EBCB0344
:10F8300093ED007B9DED046B86EE078B2DE54FF07D
:10F84000000ECDF82CE04FF0010C4EE46E2C3FF48E
:10F8500010AD4DE43FF460AD5B4213F00F010AD0F0
:10F86000314A02EBC1029DED046B92ED007B86EE06
:10F87000077B8DED047B1B113FF44EAD1F2B33DC5A
:10F8800013F0100218BF6A229DED047B0892274AEC
:10F890000021D80704D592ED006B012127EE067BED
:10F8A0005B1002F10802F4D109B18DED047B089BD5
:10F8B00093B1DDE90401C1F30A52C2F16B03002BDD
:10F8C0000ADD1F2B40F32F820020342B049040F3DD
:10F8D00040824FF05C7305939DED047BB5EE407B59
:10F8E000F1EE10FA7FF41AAD22239FED058BC8F8D4
:10F8F0000030D2E422239FED048BC8F80030CCE422
:10F900000000000000000000000000000000F07F88
:10F910000000F0BF0000F07FFFFF9F7CFFFFEF7F44
:10F92000800200200000A07CA802002070030020BC
:10F930000293099B019312AB0093A74A13AB11A941
:10F94000404601F077FC10F00F0504463FF4A3ACED
:10F95000062D74D1079B9FED9A8B0137002B3FF446
:10F96000CEAB1F60FFF7CBBB9DED048B95E40B9BEB
:10F97000DDF844C003440B93012805F101031A4646
:10F9800014D02844441E03E046009C420DD00133AD
:10F990002A46082A1D4606EB8600F5D9102BDCBF47
:10F9A00009EB89094FEA4909EFE70232082D3CDCEF
:10F9B0001546FFF779BB89490122384600F044FD1E
:10F9C000002800F082804FF0000EF1467646754622
:10F9D000FFF7B5BB44F61F639B45A8BF9B462FE4CA
:10F9E000DDE904231846002B7FF423AE22239FED8C
:10F9F000748B1298C8F8003078E6B0EE497BC0E608
:10FA0000774911A801F0E0FE00283FF471AB119B8B
:10FA10007449013B11A8119301F0D6FE10B9119B56
:10FA2000013311939FED688B37E4102ADCBF09EB9B
:10FA3000890901EB490915460020FFF73ABB129AE4
:10FA40003AB1352114A802F0A3FC1299404601F006
:10FA5000EBFF013D139B042D00F28F81DFE805F0E1
:10FA6000032D2A1F0300149A049203F23342159BBC
:10FA700023F4801343EA02530593E50502D543F0CE
:10FA800000430593584A1A409DED048B002A7FF4E9
:10FA900004AC00F0D1FF22230360FFF7FEBB4FF060
:10FAA000FF336FF00046CDE90436E3057FF55CAF28
:10FAB000059BE4E74C4B0593F7E7149B0493159BD8
:10FAC0000593DAE70020FFF7E1BA119B1A460133EC
:10FAD0001193547806468146FFF7CDBA434B03EBAA
:10FAE000C20393ED008B9DED047B28EE078BFFF79F
:10FAF000D4BBBEEE007BB6EE009B11E5AE460B908C
:10FB0000FFF7DCBA394BC5F10F054A1B03EBC505FE
:10FB100003EBC20395ED008B93ED007B9DED046B31
:10FB200028EE068B28EE078BFFF7B7BB002D00F001
:10FB30009580DDE904BC2E4BCCF31301994262465B
:10FB400000F0D2800E9B002B00F0A580DDE90412AE
:10FB5000134217461AD0B0EE480B002D00F0A680D5
:10FB600002F0E6FA089B7BB1C7F30A53C3F16B03BB
:10FB7000002B09DD1B0503F17F51002001F5401129
:10FB800041EC170B20EE070B38EE008B089B5BB1A6
:10FB90009FED0F7B144B28EE078B18EE902A134035
:10FBA00013B92223C8F8003012989FE502F154736C
:10FBB000059300230893FFF7B1BB00BFAFF30080AC
:10FBC0000000000000000000000000000000F07FC6
:10FBD0000000000000005039A00F0020504A002013
:10FBE000D80A0020DC0A00200000F07FA8020020D4
:10FBF000FFFF0F00DDE904120D43C7D1C2F3130369
:10FC00001746002BC2D122F000431B0D1B05B3F198
:10FC1000D66FBBD9DAF814301BB9DAF81030012BE3
:10FC2000B4DD51460122404602F03EF921468246AB
:10FC300002F0B2F90028A9DD089B002B7ED1504BC1
:10FC40003B40A3F580136FEA13536FEA0353059308
:10FC50004FF0FF3304939DED048B97E7DDE9041229
:10FC6000C2F313030B4317467FF46CAFE4E7454937
:10FC700011A814AA01F0C4FD05287FF406AB159B5A
:10FC800043F0FF4343F4E0030593149B04939DED7D
:10FC9000048BFFF702BBDDE904010D9B03423FF437
:10FCA00075AF0F4657E7384C00218FE502F040FA58
:10FCB000089B002B55D0C7F30A53C3F16B03002BED
:10FCC00009DD1B0503F17F5101F54011284641EC88
:10FCD000170B20EE070B38EE408BB5EE408BF1EEA4
:10FCE00010FA7FF455AF81E6089B04991BB3244BAF
:10FCF0001340B3F1D46F1ED81B0DC3F16B034FF04B
:10FD0000FF3000FA03F399427FF41CAF1F4B9A4275
:10FD100030D01B4B134003F580130593002304934D
:10FD20009DED048B32E74FF0FF3202FA03F3049AA1
:10FD30001A400492D0E54FF0FF33E4E7104B3B400C
:10FD4000B3F1D66F3FF77DAFB3F15C7F3FF720AFE4
:10FD50004CE6C2F14B024FF0FF3393400B4005934A
:10FD6000BAE538EE408BB5EE408BF1EE10FA7FF439
:10FD70001BAF3BE60131CCD109E400237DE600BF97
:10FD80000000F07FB40F002080020020FFFFEF7F13
:10FD900010B4054C054B84460A4620685DF8044BB8
:10FDA0006146FFF7BDB800BF30550020A84F0020C6
:10FDB00013460A460146022001F050B8024A0349A0
:10FDC000034800F0BBB800BF24550020A980010003
:10FDD000504B00200C4B4168994210B5044601D0AD
:10FDE00006F062FFA168094B994202D0204606F056
:10FDF0005BFFE168064B994204D02046BDE8104005
:10FE000006F052BF10BD00BF84BC0020ECBC002037
:10FE100054BD00202DE9F8432A4C2B4B2B48DFF82A
:10FE2000C090DFF8C0802A4F186000250423082204
:10FE3000294604F15C00274E6566C4E90253C4E913
:10FE40000055C4E90455A56100F046FA224B6367EA
:10FE50000822294604F1C400C4E90749C4E9098716
:10FE6000C4E91A55C4E91E55C4F8CC502567C4F836
:10FE70008050E66200F030FA184BC4F8DC302946B6
:10FE800004F16803082204F59670C4F88430C4E9CC
:10FE90002298C4E92476C4E93455C4E93855C4F835
:10FEA0003451C4F8D850C4F8E85000F015FA04F101
:10FEB000D003C4E93C98C4E93E76C4F8EC30BDE810
:10FEC000F88300BF84BC0020BCBD0020BD11010030
:10FED0005915010079150100090001001200020006
:10FEE000F51401001915010010B504460A4800F088
:10FEF000D1FD636B23B9094B094A1B68626323B1C7
:10FF0000BDE81040044800F0C7BDFFF783FFBDE81F
:10FF10001040014800F0C0BD4CBC0020BCBD00201A
:10FF2000D5110100014800F0B5BD00BF4CBC002058
:10FF3000014800F0B1BD00BF4CBC00202DE9F843E2
:10FF400080460F4616464FF00009D6E90154013DA0
:10FF500011D4A389012B05F1FF3508D9B4F90E306E
:10FF60000133214603D04046B84749EA00096B1CDB
:10FF700004F16804EDD13668002EE6D14846BDE8AC
:10FF8000F88300BF0FB400B5074983B004AB08681D
:10FF900053F8042B8168019304F00EF803B05DF868
:10FFA00004EB04B0704700BF30550020024B0146FF
:10FFB0001868826807F018B93055002070B50546FA
:10FFC00088B008460C4600F0DBFE234E6A6B0590B5
:10FFD00001214318CDE9066104A80221049403938A
:10FFE000AC6801900291002A31D0636E13F0010FCA
:10FFF000B4F90C309AB201D1980521D5910406D4F8
:02000004600496
:10000000626E43F4005322F40052A38162662846D4
:1000100001AA214606F06EFF636E002814BF4FF060
:10002000FF350A25DA0702D4A3899B0502D52846A5
:1000300008B070BDA06D00F02FFD284608B070BD5F
:10004000A06D00F027FDB4F90C309AB2D6E728462F
:10005000FFF74AFFC9E700BF20220020024B0146FC
:100060001868FFF7ABBF00BF305500200CB410B5C7
:100070001F4B00291C689CB035DB4FF40273ADF8B0
:100080001430029006901FAB18D001394FF6FF7262
:1000900004910791ADF8162002A91E9A01932046FB
:1000A00002F0E6F9421C01DA8B232360029B002256
:1000B0001A701CB0BDE8104002B070474FF6FF72D6
:1000C00004910791ADF8162002A91E9A01932046CB
:1000D00002F0CEF9431C01DA8B2323601CB0BDE88B
:1000E000104002B070478B2323604FF0FF30F5E7DC
:1000F0003055002010B50C46B1F90E1000F05EFC32
:10010000002803DB236D0344236510BDA38923F47A
:100110008053A38110BD00BF2DE9F0410C46B1F919
:100120000C101F46CB05054616460BD421F4805112
:10013000A1813B46B4F90E1032462846BDE8F04195
:1001400000F064BCB4F90E100223002200F020FC81
:10015000B4F90C10EAE700BF10B50C46B1F90E1067
:1001600000F016FCA389421C0EBF23F4805343F415
:1001700080532065A38110BDB1F90E1000F0F6BBCD
:10018000032A70B514D940EA01039B0722D1044623
:100190000B46194620460E680568B54204F1040472
:1001A00003F1040316D1043A032A20461946F0D875
:1001B000541E9AB1421E013901E0C3180CD012F846
:1001C00001EF11F801CFE645A4EB0203F5D0AEEB49
:1001D0000C0070BD541EEDE7184670BD104670BD92
:1001E00088420DD98B1883420AD900EB020CBAB1B0
:1001F000624613F801CD02F801CD9942F9D170475A
:100200000F2A0ED8034602F1FF3C4AB10CF1010C53
:10021000013B8C4411F8012B03F8012F6145F9D102
:10022000704740EA01039B0750D1A2F1100370B55B
:1002300001F1200C23F00F0501F1100E00F1100464
:10024000AC441B095EF8105C44F8105C5EF80C5C72
:1002500044F80C5C5EF8085C44F8085C5EF8045CEA
:1002600044F8045C0EF1100EE64504F11004E9D1E7
:10027000013312F00C0F01EB031102F00F0400EB3D
:10028000031327D0043C24F003064FEA940C1E44C9
:100290001C1F8E465EF8045B44F8045FB442F9D13B
:1002A0000CF1010402F0030203EB840301EB84016F
:1002B00002F1FF3C4AB10CF1010C013B8C4411F8F6
:1002C000012B03F8012F6145F9D170BD02F1FF3C0C
:1002D00003469BE72246EBE7830730B548D0541E20
:1002E000002A3FD0CAB2034601E0013C3AD303F8EA
:1002F000012B9D07F9D1032C2DD9CDB245EA052557
:100300000F2C45EA054536D9A4F1100222F00F0C56
:1003100003F1200EE6444FEA121C03F1100242E9F9
:10032000045542E9025510327245F8D10CF1010230
:1003300014F00C0F03EB021204F00F0C13D0ACF10D
:10034000040323F003030433134442F8045B934291
:10035000FBD10CF003042CB1C9B21C4403F8011BFF
:100360009C42FBD130BD64461346002CF4D1F9E722
:1003700003461446BFE71A46A446E0E711F0FF0122
:10038000034644D0820732D110B5046841EA012EF9
:100390004EEA0E4E8EEA0402A2F1013323EA020372
:1003A000A4F1013222EA0402134313F0803F0FD17B
:1003B00050F8044F84EA0E0CA4F10133ACF1013281
:1003C00023EA040322EA0C02134313F0803FEFD028
:1003D000037823B936E010F8013F002B32D0994260
:1003E000F9D110BD8A4211D09A071846CCD01846D0
:1003F00013F8012B002AF5D11046704799071846CB
:1004000007D0184601330278002AF7D170478207D7
:10041000F7D10268A2F1013323EA020313F0803F0F
:1004200008D150F8042FA2F1013323EA020313F09C
:10043000803FF6D00378002BE8D010F8013F002B66
:10044000FBD17047184610BD002A3ED040EA010398
:100450009B0730B584462FD1032A2DD90B4608E0DF
:10046000043A8446194625D01EF0803F22D1032A43
:1004700022D90468194653F8045BA4F1013EAC424A
:1004800084462EEA040E00F10400E9D09CF8000036
:100490000C78A0421BD1E64668B11EF8010F11F896
:1004A000014FA2EB0E03A04203F1FF330FD11CEB6F
:1004B0000303F1D1002030BD9CF800000C78844289
:1004C00005D1012AF6D0E646E6E710467047001B44
:1004D00030BD00BF40EA01039B0730B501D1032ABC
:1004E0000FD8844601F1FF3E07E01EF8011F03F814
:1004F000011B541EC1B19C4622466346002AF4D11A
:1005000030BD0B468446194653F8045BA5F101340F
:1005100024EA050414F0803FE4D1043A032A4CF89D
:10052000045B1946EFD8DDE79444002CE8D003F8CB
:10053000011B6345FBD130BD01292DE9F0415BD999
:100540004FF00108C64600244FF0FF35434608E04F
:10055000A3EB05081C464FF0010E04EB0E038B4283
:1005600010D200EB0E0CC75C1CF80560B742EFD34D
:1005700032D04FF001082546C646444404EB0E0332
:100580008B42EED30127C2F80080BE4600244FF014
:10059000FF363B4607E09F1B1C464FF0010E04EB65
:1005A0000E038B4210D200EB060C10F803801CF8EF
:1005B0000EC0E045EFD817D001272646BE463C4482
:1005C00004EB0E038B42EED30136681C864201D346
:1005D00017603046BDE8F081C6450ABF74440EF18D
:1005E000010E4FF0010EB8E7BE450ABF74440EF18C
:1005F000010E4FF0010ED2E701270026E8E700BF09
:100600002DE9F04F9246ADF21C4D05AA81460F46EA
:10061000504619461D46FFF78FFF134683460DF2DD
:10062000144243F8045F9342FBD1002D00F0DF80B9
:100630006C1E06AE0AF1FF320AEB0400009612F8B7
:10064000011FAB1A013B5344824246F82130F6D1D8
:1006500005995A4651445046FFF792FD00286FD144
:100660000BF1FF330393CBF1010380460646019360
:1006700009EB060E009A1EF8043052F82330DBB165
:10068000B8F1000F03D0059A9A4200D9AB1A1E4464
:100690004FF000087B1B9E42EAD909EB070045F4A6
:1006A000006106F025FF07447B1B9E42E0D9002035
:1006B0000DF21C4DBDE8F08FC3455B4638BF434685
:1006C000A34210D2591EF21851444A4402E00133A9
:1006D000A34208D212F8010B11F801CF8445F6D0DD
:1006E000019A1644D3E7C345039B7ED906EB0B0260
:1006F0004A440AEB0B01029602E0434515D003463B
:1007000012F8010D11F8016D864203F1010C03F19D
:10071000FF30F2D0029E634608F1010898450AD8DE
:10072000059B1E44A5EB0308B4E7434608F1010806
:100730009845029EF4D970460DF21C4DBDE8F08F2D
:10074000A5EB0B035B4538BF5B46013305930BF10B
:10075000FF330193CBF101030026029345F40068B7
:1007600009EB0601009A0B5D52F823306BB11E4471
:100770007B1BB342F4D209EB0700414606F0B8FEFA
:1007800007447B1BB342EBD291E7A34514D2019BF4
:100790000BEB06020AEB030C4A445B4602E0013312
:1007A000A34209D212F8010B1CF801EF8645F6D0DE
:1007B000029A16441E44DBE7BBF1000F10D00BEB8E
:1007C000060048440AEB0B0201E0534508D012F83A
:1007D00001ED10F801CDE6451346F6D0059BC6E7BE
:1007E00008460DF21C4DBDE8F08F5B4694E706AB62
:1007F0004FF0FF3400932BE72DE9F0410D460978C7
:1008000090B00446002954D06A78002A00F0838012
:10081000AB78002B51D0E8782E68002800F0828059
:100820002B79002B57D0284600F0AAFA064640F450
:100830000071204606F05CFE86425BD8FE2E00F278
:100840008680801B27184022711C6846FFF744FDF4
:100850007EB16A1E5FFA86FC901912F8013F03F020
:100860003F0340336B44A91A6144824203F8401CA1
:10087000F3D1013CA35D03F03F0340336B4413F815
:10088000403C1C44A74203D239E04444A74236D33B
:1008900014F806C00CF03F0C0CF140030DEB030CF8
:1008A0002046324629461CF8408CFFF769FC002898
:1008B000EBD1204610B0BDE8F081007842EA014259
:1008C00000E00C4640EA0343611C98B19A4260780C
:1008D000F7D1013CEDE7227862B131BA01E09942EB
:1008E0001ED042EA0323204614F8012F002AF6D135
:1008F000994215D00024204610B0BDE8F081BB5DC0
:10090000B819002BF6D04FF4006106F0F1FD074452
:10091000BC42AED9EEE710B0BDE8F041FFF72EBD06
:10092000C41EC6E7120442EA016242EA03232178A8
:10093000024600E02C4641EA0200651C0202002942
:10094000D8D0B3EB002F6178F4D1023CB1E7014677
:1009500033462A46204610B0BDE8F041FFF750BEAE
:10096000014B93F828017047A84F002038B5074D78
:100970000022044608462A60FCF71AFA431C00D0FD
:1009800038BD2B68002BFBD0236038BD60C0002031
:1009900038B50C46084D8446114620461A460023B9
:1009A0002B606446FCF710FA431C00D038BD2B685E
:1009B000002BFBD0236038BD60C0002038B50C464A
:1009C000084D8446114620461A4600232B60644693
:1009D000FCF7ECF9431C00D038BD2B68002BFBD092
:1009E000236038BD60C0002038B5074D00220446A2
:1009F00008462A60FCF7C0F9431C00D038BD2B68BC
:100A0000002BFBD0236038BD60C0002038B50C46F9
:100A1000084D8446114620461A4600232B60644642
:100A2000FBF72CFB431C00D038BD2B68002BFBD000
:100A3000236038BD60C00020014B1868704700BFBC
:100A40003055002070B50D4E0D4D761BB61006D0FA
:100A5000002455F8043B01349847A642F9D1094EC9
:100A6000094D761B08F004F9B61006D0002455F89D
:100A7000043B01349847A642F9D170BDC8210260F9
:100A8000C8210260D8210260C8210260704700BFFF
:100A9000704700BF704700BF704700BF00000000F4
:100AA000A2EB0300704700BF02780B78012A28BF31
:100AB0009A42F5D16DE9044540EA0104CDE90267A7
:100AC0006FF0000C4FEA447212B380EA010414F094
:100AD000070F6AD100F0070420F0070004F00305B7
:100AE00021F007014FEAC505F0E8042314F0040FD4
:100AF000F1E804670CFA05F462EA040266EA040607
:100B00000AD063EA0403624667EA0407664603E024
:100B1000F0E80423F1E8046782FA4CF582EA06045F
:100B2000A4FA8CF46CBB83FA4CF583EA0705A5FAAA
:100B30008CF595B950E9022351E9026782FA4CF528
:100B400082EA0604A4FA8CF483FA4CF583EA0705DA
:100B5000A5FA8CF52543DBD09CB92DBAB5FA85F4FE
:100B600024F0070427FA04F1DDE9026723FA04F30D
:100B700003F0FF0001F0FF01FDE80445A0EB0100D8
:100B8000704724BAB4FA84F424F0070426FA04F176
:100B9000DDE9026722FA04F202F0FF0001F0FF0132
:100BA000FDE80445A0EB0100704714F0030F3CD1B1
:100BB00010F0030428D150F8082B51F8083B82FAB2
:100BC0004CF582EA0305A5FA8CF55DB950F8042CC2
:100BD00051F8043C82FA4CF582EA0305A5FA8CF53B
:100BE000002DE8D02DBAB5FA85F424F0070423FAD5
:100BF00004F122FA04F202F0FF0001F0FF01FDE827
:100C00000445A0EB010070474FEAC40420F0030044
:100C100050F8082B21F0030151F8083B0CFA04F4BA
:100C200062EA040263EA0403C9E710F003041AD07D
:100C3000A1EB040120F00300E40750F8042B06D0D8
:100C40000FD28B785FFAA2F4E41A06D12BB1CB78DD
:100C50005FFAB2F4E41A00D11BB920465DF8104BDC
:100C6000704701F1040150F8042BCC0721F0030177
:100C700051F8043B48D824D222F07F4482FA4CF544
:100C800094EA1325A5FA8CF50AD165B951F8043B0D
:100C900084EA0204B4EB036F0ED150F8042BEBE7A7
:100CA0004FEA132355E035F07F454DD10878FDE834
:100CB0000445C0F1000070474FEA126203F0FF03E1
:100CC00047E002EA1C4482FA4CF594EA1345A5FA7F
:100CD0008CF50AD165B951F8043B84EA0204B4EBFF
:100CE000034F0CD150F8042BEBE74FEA134330E0ED
:100CF00015EA1C4528D10B884FEA124229E04FEA39
:100D0000124203EA1C4324E002F0FF0482FA4CF58D
:100D100094EA1365A5FA8CF50AD165B951F8043B3C
:100D200084EA0204B4EB032F09D150F8042BEBE75B
:100D30004FEA13630DE015F0FF0F05D10B684FEA82
:100D4000122223F07F4304E04FF00000FDE8044549
:100D5000704712BA1BBA82FA4CF482EA0304A4FA6E
:100D60008CF5B5FA85F402FA04F203FA04F34FEABB
:100D70001260FDE80445A0EB13607047000000001E
:100D800090F800F06DE9024520F007016FF0000CCB
:100D900010F0070491F820F040F049804FF0000473
:100DA0006FF00700D1E9002391F840F000F108004E
:100DB00082FA4CF2A4FA8CF283FA4CF3A2FA8CF386
:100DC0004BBBD1E9022382FA4CF200F10800A4FAED
:100DD0008CF283FA4CF3A2FA8CF3E3B9D1E9042341
:100DE00082FA4CF200F10800A4FA8CF283FA4CF378
:100DF000A2FA8CF37BB9D1E9062301F1200182FA32
:100E00004CF200F10800A4FA8CF283FA4CF3A2FA37
:100E10008CF3002BC6D0002A04BF04301A4612BA45
:100E2000B2FA82F2FDE8024500EBD2007047D1E948
:100E3000002304F00305C4F100004FEAC50514F0D7
:100E4000040F91F840F00CFA05F562EA05021CBFA8
:100E500063EA050362464FF00004A9E72DE9F04775
:100E6000DFF87CA00646DAF8000098460F46914667
:100E7000FFF710FE184B1C6824B365681F2D24DC97
:100E80005EB96B1C0235DAF80000636044F8257027
:100E9000FFF702FE0020BDE8F08704EB8501012387
:100EA000C1F88890D4F88821AB401A43022EC4F8C8
:100EB0008821C1F80881E4D1D4F88C211A43C4F800
:100EC0008C21DEE7054C1C60D7E7DAF80000FFF75D
:100ED000E3FD4FF0FF30DEE7B0BA0020B4BA0020E7
:100EE0009C4F0020F8B5244F0C460646FDF700FE47
:100EF000BB685D68C4F57E610F3125F003054B19B1
:100F000023F47F6323F00F03A3F58054B4F5805FCF
:100F100007DB00213046FFF767FDBB682B44984292
:100F200004D03046FDF7EAFD0020F8BD61423046AE
:100F3000FFF75AFD01300DD0104ABB682D1B45F05C
:100F400001055D60136830461B1B1360FDF7D6FD7D
:100F50000120F8BD00213046FFF746FDBA68831A2C
:100F60000F2BDEDD43F001035360054B03491B6883
:100F7000C01A0860D5E700BF1451002050BC002003
:100F80001C550020002961D0F8B50C460646FDF737
:100F9000AFFD54F8042C7B4FA4F1080522F00101A9
:100FA00005EB010CB868DCF80430604523F003035E
:100FB00000F08B80D207CCF8043032D454F8082CDF
:100FC000AD1A1144AA6807F1080082426AD00CEBFE
:100FD0000304D4F804E0EC68D4601EF0010FA260B2
:100FE00000F0978041F001036B60CCF80010B1F580
:100FF000007F35D27868CB080122490901338A4045
:10100000024357F833107A6007EBC302083AC5E988
:10101000021247F83350CD603046BDE8F840FDF786
:101020006DBD0CEB03025268D00710D4194407F1D0
:101030000800DCF80830834273D0DCF80C20DA605A
:10104000936041F001036B606950D0E7704741F055
:101050000103B1F5007F44F8043CCCF80010C9D37B
:10106000B1F5206F4FEA512348D28B0903F13900C3
:1010700003F13802C300F818FB580838984259D0D9
:101080005A6822F003028A4202D99B689842F7D13B
:10109000D868C5E902308560DD603046BDE8F840BB
:1010A000FDF72CBD0CEB03025268D20763D40B444E
:1010B000DCE90212CA60916043F001026A603046C6
:1010C000EB50BDE8F840FDF719BD0B44D10707D43C
:1010D00054F8082CAD1A1344D5E90212CA60916085
:1010E00043F001026A60284ABD6012689A4293D8B0
:1010F000264B30461968FFF7F5FE8DE7142B0AD909
:10110000542B1FD80B0B03F16F0003F16E02C300C9
:10111000B1E719448DE703F15C0003F15B02C30002
:10112000A9E741F00103C7E90455C5E902006B6076
:10113000695071E779689210012404FA02F20A43B7
:101140007A60A6E7B3F5AA7F06D8CB0B03F1780047
:1011500003F17702C3008EE740F25452934206D85F
:101160008B0C03F17D0003F17C02C30083E74FF495
:101170007E737E227FE741F001036B60CCF80010A4
:101180004AE700BF145100202055002080BC0020F9
:101190002DE9F0410469B4EB611F2FDD00F1140E5D
:1011A0004E1111F01F0C0EEB84050EEB86032BD0B5
:1011B0005EF8261004339D4221FA0CF1CCF1200890
:1011C00018D977461A6802FA08F20A4347F8042B3E
:1011D00053F8041B9D4221FA0CF1F3D8A31B9B008A
:1011E000053B9B0801330EEB83044EF82310C9B175
:1011F000043417E0416174460029F9D100230361EA
:1012000000234361BDE8F0819D4288BF00F11002D8
:10121000F4D953F8041B42F8041F9D42F9D8A41BCB
:101220000EEB8404A4EB0E039B1074450361E7D01E
:10123000BDE8F0812DE9F04F2DED028B0C688B4657
:10124000A17885B0302908EE100A9246029340F04A
:10125000CE816FF00100001BE21C8318144612F8C7
:10126000011B3029F9D0DFF8008318F80120002A8B
:1012700000F0E5802278002718F802203D46264637
:101280002AB116F8012F18F80220002AF9D1B54921
:10129000019301223046FFF7D7F8019B81460028D1
:1012A0004DD0002D4ED13278A94602F0DF02502AEF
:1012B000354650D0CBF80060002F69D12B1B013B85
:1012C000072B394604DD5B10072B01F10101FADC25
:1012D00018EE100A00F082FB8346002800F06682B8
:1012E00000F11406AC42019680F0D2810027CDF8BF
:1012F0000C909C49A1463C460CE0202F19D0384662
:1013000004372A7818F8022002F00F0282401443B2
:101310004D4547D015F8012D2E2AEED14D45ECD381
:1013200001222846FFF790F88E490028F0D0202FA0
:10133000E5D1002046F8044B04270446E1E7002DE0
:1013400000F04281327802F0DF02AD1B502A4FEAF2
:1013500085093546AED16A782B2A00F025812D2AE1
:1013600000F0A5806E1C002018F802104A1E182AF2
:1013700000F29B80727818F8022010390136002A9A
:101380005AD100B149428944CBF80060002F95D072
:10139000002B14BF00250625284605B0BDEC028BA6
:1013A000BDE8F08FDDF80C90234646F8043B184664
:1013B000019BF61AB610CBF8106000F0E9FB76013D
:1013C000DAF80040301AA04275DCC0F2EF80002746
:1013D000DAF808304B45C0F25181DAF804304B4559
:1013E0004ADDA3EB09094C4500F38280DAF80C20B2
:1013F000022A00F06581032A00F08181012A00F0B1
:101400006F8118EE100A594600F00EFB5025109A15
:1014100000232846136005B0BDEC028BBDE8F08FB9
:1014200001EB810102EB4102A2F1100116F8012F3C
:1014300018F80220002AA4D0192AF1DDA1E74949B1
:10144000019301222046FEF7FFFF019B00286DD18A
:10145000617818F80120651C002A69D030292C46D3
:1014600005D114F8013F302BFBD018F80320B2FA55
:1014700082F77F09012302E7012557B1DAF80C3022
:10148000022B5DD0032B5FD0012B00F0848045F050
:101490001005109BC3F800B0029B2846C3F80090CB
:1014A00005B0BDEC028BBDE8F08F2E4602E70120AF
:1014B000AA78AE1C58E7061B3146584600F096FF46
:1014C000074678B1721E53110199012751F8231074
:1014D00002F01F0307FA03F30B4203D0BA4200F3F2
:1014E000E280022731465846B144FFF751FE6FE7CC
:1014F00009F1FF35002F40F0CE80002D40F0CD8067
:101500006B11019A05F01F0552F823200123AB400F
:1015100013424946584618BF47F00207A4EB090496
:10152000FFF736FE0225DAF80490A6E72178254673
:1015300001F0DF01502900F0BF80CBF8005027E711
:10154000119BC3F101031193119B002B9FD0DBF87A
:101550001070DDF80480BA004346019208EB870062
:10156000002107E0504A00200C080020984243F870
:10157000041C3FD91E4653F8042BB2F1FF3FF5D0AF
:101580000132022D326000F0BF8014F01F0440F0E1
:10159000E78021257DE7BA077FF579AF019B1B68BE
:1015A0001F43FB07D3D472E7002081E7221A594674
:1015B00018EE100AA9EB020900F076FC00F1140302
:1015C00083460193002703E7727818F80200711C24
:1015D000002800F0A0800D4611F8012F18F8020035
:1015E0000028F8D1751B4FEA85090E465DE60234E6
:1015F000002338E6DBF808309F4280F28E803B46BD
:101600000BEB830201210133022DCBF81030516125
:101610007AD09F42B9DA002B40F39B80DBF814208C
:1016200008EB83030BF1180083424FEA520240F2A9
:10163000B1804446016842EAC17244F8042B50F874
:10164000042B83424FEA5202F4D8A3EB0B03193B5D
:101650009B08013348F8232008EB8303002A40F05D
:101660009D80A3EB080292104345CBF8102073D065
:10167000DAF8083009F101094B458ADA18EE100A48
:10168000594600F0D1F9109A00231360A32583E690
:10169000019E002389E6012732E72946584600F0DB
:1016A000A5FE07462CE7B11E584600F09FFE002815
:1016B0003FF417AF032715E74FF0000901274AE66B
:1016C000119A002A7FF49DAE02990B60019B0122C2
:1016D000CBF810201A60109B6225C3F800B05BE6BF
:1016E0004C457FF48EAE012CEED0611E584600F0C2
:1016F0007DFE00283FF485AEDAF80430E4E7119A65
:10170000002A3FF47EAEDFE7DAF80030013BA34267
:1017100034D02225BDE60E46C7E5DBF8041018EEEE
:10172000100A013100F05AF90646C8B3DBF8103050
:1017300002339A000BF10C010C30FAF717FF5946EF
:1017400018EE100A00F070F906F114083369B34678
:1017500056E70023CBF810300023CBF8143087E78E
:10176000019B4344C4F1200453F8040C00F010FA28
:10177000A042BFF60EAFDBF810304CE7631104F067
:101780001F0458F823200123A34013420CBF222535
:1017900021257EE6C8F8002043466AB1043360E79D
:1017A000074B08483246842105F046FF044B0548A4
:1017B0005A46E42105F040FFCBF81020CCE700BFEB
:1017C00094070020A807002010B4046809E014F86A
:1017D000013FA3F1410CBCF1190F98BF2033934294
:1017E00009D111F8012B002AF1D101340460012044
:1017F0005DF8044B704700205DF8044B704700BF54
:101800002DE9F04F096885B04B1111F01F010290CE
:1018100002EB8303039140F08F801D1F0193029B15
:1018200001991C68002341F8043C617801340029C7
:1018300000F09880DFF87491A846AC469A461E46A0
:101840000EE0202900F28C80564506DDC44501D209
:10185000072B5BDD624551D3082314F8011FA1B1AA
:1018600019F801000028ECD00133082B06F101061D
:101870003ADCDCF80010090100F00F000843CCF856
:10188000000014F8011F0029EAD1002E6AD0C445D7
:1018900001D2072B74DD624552D2111F634653F803
:1018A000040B41F8040FAB42F9D9A5EB0C0323F06C
:1018B0000303691C04330CF1010C614538BF042398
:1018C0001344002143F8041BAB42FBD9019B53F89E
:1018D000043C2BB9AA4249D055F8043D002BF9D05D
:1018E000052005B0BDE8F08F6245B6D200234CF864
:1018F000043C1946ACF1040C0123BDE70023ACF114
:1019000004084CF8043CB246C446A6E7C3F10801FB
:10191000DCF800308900C1F1200E60469B46476824
:1019200007FA0EF343EA0B0327FA01FB036040F8C2
:1019300004BF4045F3D38DE7191D01911D466EE7A5
:10194000039B002BC2D0039B0198C3F120014FF0F1
:10195000FF33CB4050F8041C0B4040F8043CB8E780
:10196000292909D0042005B0BDE8F08F0123052006
:101970002B6005B0BDE8F08F029901340C6084E75C
:10198000DCF80010C3F108039B00C3F12007644694
:101990000846666806FA07F1014326FA03F021605B
:1019A00044F8040F4445F4D375E700BF0C08002049
:1019B00082B049B15AB16BB113780B601278101E26
:1019C00018BF012002B0704701A9002AF3D11046C8
:1019D00002B070476FF00100F4E700BF436C70B5D0
:1019E00005460C464BB153F8240080B1026843F819
:1019F00024200023C0E9033370BD21220421FCF719
:101A00007BFD034668640028EDD1002070BD0121F4
:101A100001FA04F6721D92002846FCF76DFD0028BD
:101A2000F3D0C0E90146E4E731B1436C4A6853F8AA
:101A30002200086043F82210704700BF2DE9F041F2
:101A40000E6980460F461D4601F1140E0020DEF897
:101A500000108CB202FB0453090C4FEA134C02FB3A
:101A600001CC01309CB204EB0C4486424EF8044B8E
:101A70004FEA1C45EBDC3DB1BB68B34207DD07EB29
:101A8000860301365D613E613846BDE8F0817968C4
:101A900040460131FFF7A2FF0446B0B13A69023275
:101AA00007F10C0192000C30FAF760FDD8F84430D1
:101AB0007A6853F82210396043F82270274607EB02
:101AC000860301365D613E61DEE7034B0348224633
:101AD000BA2105F0B1FD00BF940700200C090020D9
:101AE0002DE9F8431746274A1E4608330C46092EAF
:101AF00082FB03124FEAE3730546C3EB620339DD51
:101B00004FF0010C00214FEA4C0C634501F101013B
:101B1000F9DC2846FFF762FF014668B3089B436182
:101B2000092F4FF00103036112DC0A340927BE427A
:101B30000BDDF21BA61814F8013B0A22303B2846A5
:101B4000FFF77CFFA6420146F5D10846BDE8F883C1
:101B500004F10909C8463C4418F8013B0A22303B0D
:101B60002846FFF76BFFA0450146F5D1A7F1080411
:101B70004C44DCE70021CCE70A46034B0348D32161
:101B800005F05AFD398EE338940700200C09002037
:101B9000030C1B04D3B90004102310F07F4F04BFC3
:101BA0000002083310F0704F04BF0001043310F03E
:101BB000404F04BF80000233002805DB10F0804F47
:101BC00003F1010308BF2023184670470023E4E710
:101BD000036813F0070208D0D9071FD49A0722D54B
:101BE0005B08036001221046704799B209B91B0CCB
:101BF0001022D9B209B908321B0A190704BF1B0900
:101C00000432990704BF9B080232D90703D45B084A
:101C100002F1010205D00360104670470022104611
:101C200070472022DFE79B080222036010467047BE
:101C300038B5436C04460D464BB15868B0B10268E4
:101C40005A6000220123C0E90435C26038BD212258
:101C50000421FCF751FC034660640028EDD1094BD8
:101C60000948002240F2451105F0E6FC1C22012142
:101C70002046FCF741FC0028F1D001220223C0E9F4
:101C80000123DEE7940700200C0900202DE9F04F26
:101C90000E691569AE4285B08846144605DB2A46B2
:101CA000234635460C4616469846A3686168AF1928
:101CB000BB42B8BF0131FFF791FE0190002800F050
:101CC0008780019B03F1140909EB870AD14505D2EE
:101CD0004B46002243F8042B9A45FBD808F1140820
:101CE00008EB860B04F11403D8451A4603EB85056F
:101CF0005FD22B1B153B23F0030304331534A5429D
:101D000038BF0423CDE902A7AC461F46924605E042
:101D1000090C29D1C34509F1040948D958F8041B15
:101D20008DB2002DF4D056464C46002356F8041BC5
:101D300022681FFA81FE90B2090C05FB0E00120CFE
:101D4000034405FB012202EB13429BB243EA024328
:101D5000B44544F8043B4FEA1243E7D849F807304A
:101D600058F8041C090CD5D0D9F8003050461A4652
:101D70004C4600260588120C01FB052216449BB236
:101D800043EA064344F8043B50F8045B22682D0CF8
:101D900093B201FB053303EB164384454FEA134628
:101DA000E8D8C34549F8073009F10409B6D8DDE998
:101DB00002A7002F02DC05E0013F03D05AF8043DE2
:101DC000002BF9D0019B18461F6105B0BDE8F08FCC
:101DD000034B0448019A4FF4B17105F02DFC00BF8C
:101DE000940700200C09002012F003032DE9F041B4
:101DF0001446064632D10D46A41020D0D6F84080B5
:101E0000B8F1000F33D0E3074FF0000707D4641098
:101E100015D0D8F80000A8B18046E307F7D54246B0
:101E200029463046FFF732FFB5B16968736C64101C
:101E300053F821202A6043F821500546E9D128466D
:101E4000BDE8F081424641463046FFF71FFFC8F823
:101E5000000007608046E0E70546D8E7013B0F4AEF
:101E600052F823200023FFF7E9FD0546C4E70121CE
:101E70003046FFF7B3FD804640B1012340F27122A6
:101E8000C0E90432002330640360BCE7044B05481A
:101E9000424640F2451105F0CFFB00BFE00F0020A5
:101EA000940700200C0900202DE9F0470D46144648
:101EB0002F69AB68496807EB62177E1C9E4280461B
:101EC0004FEA621904DD5B009E4201F10101FADC78
:101ED0004046FFF783FD8446002852D0B9F1000F39
:101EE00000F114020EDD09F105014FEA810E1346DF
:101EF00000EB8101002043F8040B8B42FBD1AEF1D3
:101F000014031A44296905F1140314F01F0E03EB9E
:101F100081012ED0CEF1200910464FF0000A1C6836
:101F200004FA0EF444EA0A0440F8044B53F8044B54
:101F3000994224FA09FAF2D84B1B153B23F003030C
:101F4000043305F11500814238BF0423BAF1000FB4
:101F500018BF374642F803A0D8F844306A68CCF876
:101F6000107053F822102960604643F82250BDE8F3
:101F7000F087043A53F8040B42F8040F9942F9D859
:101F8000EAE7034B034862464FF4EF7105F054FB58
:101F9000940700200C0900200B6984460069C01AD0
:101FA00016D10CF1140C14310CEB830210B401EBBC
:101FB000830301E0944508D252F8044D53F8041D00
:101FC0008C42F7D005D24FF0FF305DF8044B7047DC
:101FD000704701205DF8044B704700BF2DE9F84FB2
:101FE0000F691369FF1A002F0E4690467FD101F149
:101FF0001405143202EB830205EB830301E09D42DA
:1020000078D253F8041D52F8044DA142F7D069D399
:102010007168FFF7E3FC8146002877D03569D8F86E
:102020001020C76008F1140E06F1140009F1140A1B
:1020300006F110010EEB820200EB850756464FF0C9
:10204000000C5EF8044B51F804BFA3B21CFA8BFCE1
:10205000ACEB03034FEA144CCCEB1B4C0CEB234CC6
:102060009BB243EA0C43724546F8043B4FEA2C4CC2
:10207000E7D8A2EB0801153908F11508424521F00F
:10208000030404F1040438BF0424204421F00302B3
:1020900038BF002287425244544418D9264601468C
:1020A00051F8043B1CFA83FC4FEA2C4202EB13422A
:1020B0001FFA8CFC4CEA02438F4246F8043B4FEA7D
:1020C000224CEDD8013F3F1A27F00307E21923B94C
:1020D00052F8043D013D002BFAD0C9F81050484693
:1020E000BDE8F88F334601274646984690E7F9DB6E
:1020F00000278DE70021FFF771FC814668B10122BE
:102100000023C9E904234846BDE8F88F064B074879
:102110004A4640F2452105F08FFA034B03484A46F0
:1021200040F2372105F088FA940700200C090020BE
:1021300082B08DED000B164B019A1340A3F1507342
:10214000002B06DD00221946104641EC100B02B0B0
:1021500070475B42B3F1A07F4FEA235209DA4FF494
:102160000023134100221946104641EC100B02B027
:102170007047A2F114031E2BDABF4FF00042DA4081
:10218000012200231946104641EC100B02B07047A3
:102190000000F07FF8B5046900F1140606EB840432
:1021A000271F54F8045C2846FFF7F2FCC0F1200317
:1021B0000A280B601BDDBE420BD20B3854F8081CFA
:1021C0002ED145F07F5343F440130A4643EC102BC5
:1021D000F8BDB0F10B01F4D005FA01F141F07F53E5
:1021E000002143F440130A4643EC102BF8BDC0F124
:1021F0000B0C25FA0CF1BE4241F07F5338BF54F866
:10220000081C00F1150034BF21FA0CF1002105FA79
:1022100000F0014343F440130A4643EC102BF8BD91
:10222000C0F1200C854021FA0CF345EA0307A4F124
:102230000805AE4201FA00F13CBF54F80C0C20FA3C
:102240000CF047F07F5338BF014343F440130A4674
:1022500043EC102BF8BD00BF2DE9F043884683B056
:10226000012157EC106B1546FFF7B8FB0446002818
:1022700051D0C7F30A59C7F31303B9F1000F01D0C6
:1022800043F48013002E019318D101A8FFF7A0FC9E
:10229000019A6261012200F120032261B9F1000F6D
:1022A00025D0A9F2334909EB03022046C3F13503D7
:1022B000C8F800202B6003B0BDE8F08368460096A4
:1022C000FFF786FC034610B3DDE90002C3F12001ED
:1022D00002FA01F10143DA4061610192002AA26130
:1022E00014BF022201222261B9F1000FD9D1A3F259
:1022F0003243C8F8003004EB82031869FFF748FC4A
:10230000C0EB421320462B6003B0BDE8F083009A77
:102310006261019AE2E7034B0348224640F20F3123
:1023200005F08AF9940700200C090020F0B583B06D
:102330000E4669460746FFF72DFF01A9304655ECCA
:10234000104BB0EE407BFFF725FF33693A69D21A94
:10235000DDE900315B1A03EB4213002B09DD17EEB8
:10236000902A02EB035545EC174B87EE000B03B0A8
:10237000F0BD10EE902A51EC100BC3EB033302EBCF
:10238000035141EC100B87EE000B03B0F0BD00BF12
:102390000139491101F1010C116902F1140303EB38
:1023A00081018B4200EB8C0C17D210B5A0F1040E0A
:1023B00053F8044B4EF8044F9942F9D88A1AA2F107
:1023C000150323F0030304331844844504D9002380
:1023D00040F8043B8445FBD810BD844505D9002353
:1023E00040F8043B8445FBD87047704703694A11A5
:1023F000934200F1140009DA00EB830302E053F882
:10240000042DC2B98342FAD80020704710DD11F0C4
:102410001F010DD010B450F8224000EB820324FAC3
:1024200001F28A4094420CD001205DF8044B7047C1
:1024300000EB8203E6E70120704753F8042D002AE1
:10244000F2D18342F9D800205DF8044B704700BFF9
:1024500049B1FF2A02D80A70012070478A2303601D
:102460004FF0FF3070470846704700BF0000000083
:102470002DE9F04F2DED088BD1B00C460BEE101A64
:1024800090460893834605F045F803681293184672
:10249000FEF776FC20AF1090082200213846FDF7A9
:1024A0001BFFA3891B0603D52369002B00F055876A
:1024B00000239FED838B9FED849BCDE92533CDE9F0
:1024C0001333CDE9153327AA0E9324929246119324
:1024D00004934446A1467E4BD3F8E450FEF740FAFD
:1024E0004A4603461CA900975846A847002800F012
:1024F000B080C0F2A6801C9A252A034601D09944D8
:10250000E9E7B9EB0405064640F0A78000234FF049
:10251000FF328DF867309846069309F1010999F862
:10252000003003922B25202609F10109A3F1200296
:102530005A2A00F2CF80DFE812F0E802CD00CD0089
:10254000E302CD00CD00CD006A00CD00CD00050234
:102550008402CD001002C902CD00BD025B005B0009
:102560005B005B005B005B005B005B005B00CD0021
:10257000CD00CD00CD00CD00CD00CD005301CD006C
:1025800083011A02530153015301CD00CD00CD0048
:10259000CD001502CD00CD009602CD00CD00CD00BE
:1025A000AB01CD00AA02CD00CD00E306CD00CD00E9
:1025B000CD00CD00CD00CD00CD00CD005301CD002C
:1025C0008301DE015301530153017702DE017F00D5
:1025D000CD008902CD005F02E0062F027F00CD0012
:1025E000AB017C00B806CD00CD00BD06CD007C005F
:1025F000A3F13002002119F8013B01EB810102EB4C
:102600004101A3F13002092AF5D906918EE7584617
:1026100004F080FF436815931846FEF7B1FB16904F
:10262000584604F077FF83681393169B002B40F005
:102630002D8699F8003077E799F8003048F02008A7
:1026400072E7082200213846FDF746FE012399442F
:1026500041E7B9EB0405064611D0269B2B4426938F
:10266000259B0133072BCAE9004525931CDC0AF1A1
:10267000080A049B2B440493002E7FF447AF269B4B
:10268000002B41F00B821BEE103AB3F90C3013F023
:10269000400F049B18BF4FF0FF330493049851B0D0
:1026A000BDEC088BBDE8F08F1BEE101A24AA58462B
:1026B00005F032FF0028E6D10DF19C0AD9E700BFF2
:1026C0000000000000000000FFFFFFFFFFFFEF7FA2
:1026D000A84F00200B93002BD1D00021CDE90C1185
:1026E0008DF8DC3001238DF8671002930791059374
:1026F00003910F9137AC18F00203099302D0029BAB
:102700000233029318F084030A9305D1069B029AC0
:102710009D1A002D00F36983269A89B125990DF140
:10272000670001310132CAF8000007294FF00100AB
:1027300026922591CAF8040000F3A2830AF1080A40
:10274000099B83B1259B1AA901330232CAF80010F4
:10275000072B4FF0020126922593CAF8041000F3CC
:10276000A3830AF1080A0A9B802B00F06C82039B6A
:1027700005995D1A002D00F3A58218F4807F40F0C2
:102780000D82059BCAF804301A44259BCAF8004004
:102790000133072B2692259300F31B830AF1080AC5
:1027A00018F0040F05D0069B02995C1A002C00F368
:1027B0008883049B069902988142ACBF5B181B1862
:1027C0000493002A40F0B08200232593079B1BB19D
:1027D00007995846FEF7D6FB0DF19C0A4C4679E660
:1027E0000B93089B073323F00703B3EC028BB0EE87
:1027F000C87BB4EE497BF1EE10FA089340F3E9840C
:10280000B5EEC08BF1EE10FA01F159809DF867101A
:10281000AB4CAC4B28F080080B9A472AC8BF1C462B
:102820000023CDE90C330322079302920592039310
:102830000F9300293FF45FAF029B013302935AE7E5
:10284000432B0B9303D018F0100F00F05D85089D0B
:102850000822002122A837ACFDF73EFD22AB55F837
:10286000042B2146584605F011FE0346013305901E
:1028700001F0EE82059B089523EAE37302930021A1
:10288000CDE90C118DF86710079103910F9132E794
:102890000B93089B1A4600238DF86730134653F8B4
:1028A000044B0893002C00F048850B9B532B00F041
:1028B000EC8618F010030C9340F0E786039B5D1C38
:1028C00001F0E5800C991A46204604F029FE079095
:1028D000002801F02883079B1A1B05920C9B039389
:1028E00022EAE2720F930D93079373239DF867100A
:1028F00002920B939DE718F0200F0B93089B3DD09D
:10290000073323F007031A4611465B6851F8082B7A
:1029100008911946002BC0F20C84039B013300F090
:102920009E8228F0800052EA0103029040F09982D2
:10293000039B002B40F09A8280460023039305936B
:1029400050AC06E1089B53F8042B0692002A80F253
:102950001984069A08935242069299F8003048F07A
:102960000408E1E599F8003048F00808DCE548F093
:10297000100818F0200F0B93089BC1D118F0100F0E
:1029800040F00B8418F0400F00F0038433F9042B5F
:102990000893D1170B46BDE7089B48F0020202924C
:1029A00053F8042B089347F63003ADF868307820CD
:1029B000454B1193002102230B900020039C8DF8BE
:1029C0006700601C00F0AD80029820F0800852EA99
:1029D000010040F0A480002C40F0AE86002BACD16A
:1029E000029B13F00103059300F0D18330238DF88F
:1029F0003F310DF23F14ACE018F0200F40F0D483CB
:102A000018F0100F40F09F8618F0400F40F09787A5
:102A100018F4007F00F09786089B049953F8042B64
:102A2000089311704C4655E599F80030682B03BFA8
:102A300099F8013048F4007809F1010948F040089C
:102A400072E599F800308DF867506DE599F800301F
:102A50006C2B03BF99F8013048F0200809F10109F7
:102A600048F0100860E50B9348F0100818F02001BA
:102A700000F05183089B073323F00703596853F88C
:102A8000082B089328F480630293002395E70B93A7
:102A900048F010030293029B13F0200100F02983F9
:102AA000089B073323F00703596853F8082B089352
:102AB000012382E799F8003048F0800834E500BF30
:102AC000E80A0020EC0A0020F80A0020494611F824
:102AD000013B2A2B01F04982A3F13002092A8946E1
:102AE00098BF002101F2448119F8013B01EB8101FB
:102AF00002EB4101A3F13002092AF5D9039115E552
:102B000099F8003048F001080EE59DF86730002B79
:102B10007FF48FAD99F800308DF8676004E5CDF84B
:102B20000880012B00F09D81022B50AC20D1119820
:102B300002F00F031209C35C04F8013D42EA01727E
:102B4000090952EA0103F3D150AB1B1BDDF80880E1
:102B50000593059A03989DF8671082424FF0000391
:102B6000B8BF0246CDE90C33079302920F9360E69B
:102B700002F00703D20842EA4172C908303352EA30
:102B80000105204604F8013DF2D1029AD10700F177
:102B90004D8250AB1B1B90460593DAE70B9B652BD0
:102BA00040F3D480B5EE408BF1EE10FA40F0C181D5
:102BB000259BBA49CAF80010013301320121072BC5
:102BC00026922593CAF8041000F351850AF1080AE9
:102BD0001B9B0E998B4280F2D082109B12991A4453
:102BE000CAE90013259B26920133072B259300F396
:102BF00097830AF1080A0E9B5C1E002C7FF7D0AD6C
:102C0000102C259B40F36E851BEE106A102505E005
:102C10000AF1080A103C102C40F364850133A049E6
:102C20001032072BCAE90015CDE92532F0DD24AAC0
:102C30003146584605F070FC00287ED1DDE925328A
:102C40000DF19C0AE6E7069B02995D1A002D7FF7BD
:102C50008EAD102D259B21DD099410261BEE104A08
:102C600004E0103D102D0AF1080A16DD01338C49ED
:102C70001032072BCAE90016CDE92532F1DD24AA6E
:102C8000214658460DF19C0A05F046FC002854D117
:102C9000103D102DDDE92532E8DC099C8049CAF899
:102CA000045001332A44072BCDE92532CAF800101D
:102CB00000F32685039B05995D1A002D0AF1080A89
:102CC0007FF75BAD102D259B1FDD514610261BEEB7
:102CD00010AA04E0103D102D01F1080114DD0133AC
:102CE0006F481032072BC1E90006CDE92532F1DD2E
:102CF00024AA5146584605F00FFCF0B9103D102D9E
:102D0000DDE9253227A9EADC8A4601336449CAF89D
:102D100004502A44072BCDE92532CAF8001000F3ED
:102D2000DA810AF1080A28E51BEE101A24AA58468F
:102D300005F0F2FB00283FF447AD079B002B3FF462
:102D4000A2AC07995846FEF71DF99CE40E9B012B97
:102D500040F37A81259BCAF80040013301320121FA
:102D6000072B26922593CAF8041000F3F8810AF184
:102D7000080A1099129801330A44072BCAE9000186
:102D8000CDE9253200F3DD810AF1080AB5EE408B6A
:102D9000F1EE10FA00F077810E9901330139013418
:102DA0000A44072BCAF800402593CAF8041026925B
:102DB00000F35B810AF1080A1499CAF80410013380
:102DC0000A44072B1EA9CDE92532CAF800107FF767
:102DD000E5AC1BEE101A24AA584605F09DFB00280E
:102DE000ABD1269A0DF19C0ADAE4102DDDE925120B
:102DF0002C4E24DD179410231BEE104A084604E0E5
:102E0000103D102D0AF1080A17DD01301032072895
:102E1000CAE90063CDE92502F2DD24AA214658461D
:102E20000DF19C0A05F078FB002886D1103D102D8D
:102E3000DDE925024FF01003E7DC179C0146013164
:102E40002A440729CDE92512CAF80060CAF80450BF
:102E500000F3BD839DF867100AF1080A5DE4CDF820
:102E600008800A2A71F1000380F045833032012383
:102E7000DDF808808DF83F2105930DF23F1468E6D8
:102E80001BEE101A24AA584605F046FB00287FF4D2
:102E900054AF269A0DF19C0A52E400BF140B002097
:102EA0001C4B0020180B00201BEE101A24AA5846B9
:102EB00005F032FB00287FF440AF269A0DF19C0A02
:102EC00051E4102C259BBE4E1FDD1BEE108A1025F1
:102ED00004E0103C102C0AF1080A16DD0133103210
:102EE000072BCAE90065CDE92532F2DD24AA414667
:102EF00058460DF19C0A05F00FFB00287FF41DAF2A
:102F0000103C102CDDE92532E8DC01332244072B8C
:102F1000CAE90064CDE925327FF74BAC1BEE101AED
:102F200024AA584605F0F8FA00287FF406AF269A3E
:102F30003FE41B99002940F35A830C9E0E9B9E424E
:102F4000A8BF1E46002E0BDD259B01333244072B04
:102F5000CAE900462692259300F389860AF1080AF9
:102F60000C9D002EA8BFAD1B002D00F303820C9B0F
:102F700018F4806F2344059340F01F821B9B0E9929
:102F80008B4203DB18F0010F00F0CF8410991298E8
:102F90000A44CAE9000125992692013107292591A1
:102FA00000F3A5860AF1080A0E996518CC1A059B4C
:102FB000ED1AA542A8BF2546002D0DDDCAF8003048
:102FC000259BCAF8045001332A44072B26922593E7
:102FD00000F3BB860AF1080A002DA8BF641B002C71
:102FE0007FF7DEAB102C259B40F37C831BEE106A31
:102FF000102505E00AF1080A103C102C40F37283FA
:10300000013370491032072BCAE90015CDE925328A
:10301000F0DD24AA3146584605F07EFA00287FF4F8
:103020008CAEDDE925320DF19C0AE5E7302B3FF44B
:103030008BAD3023023804F8013C50AB1B1ADDF88D
:1030400008800593044684E518F0010F7FF482AEF2
:10305000259BCAF80040013301320121072B26923B
:103060002593CAF804107FF7A5AE1BEE101A24AA08
:10307000584605F051FA00287FF45FAEDDE92532AD
:103080000DF19C0A98E60E994C1E002C7FF794AE29
:10309000102C40F361831BEE106A102505E00AF145
:1030A000080A103C102C40F3578301334549103275
:1030B000072BCAE90015CDE92532F0DD24AA3146F7
:1030C000584605F029FA00287FF437AEDDE92532AD
:1030D0000DF19C0AE5E71BEE101A24AA584605F0EC
:1030E0001BFA00287FF429AE269A0DF19C0AFFF7FF
:1030F00044BB029B13F0100340F0C180029A12F00F
:10310000400200F07A83089850F8042B0890194682
:1031100092B2012351E418F0100355D118F0400287
:1031200000F05D83089850F8042B0890194692B27D
:10313000A8E4524261EB4101CDF808802D20012323
:103140003CE41BEE101A24AA584605F0E5F90028C5
:103150007FF4F3ADDDE925320DF19C0A16E61BEE96
:10316000101A24AA584605F0D7F900287FF4E5ADD7
:10317000DDE925320DF19C0AFBE518F0010F3FF463
:103180000FAB2AE5089399F80030FFF7CDB950ACA2
:10319000DFE418F4007F40F0DB8353F8042B08933E
:1031A000D1170B46FFF7B6BB089B049853F8041BD6
:1031B0000893C217C1E900024C46FFF78BB900BF64
:1031C000180B00201C4B0020089B53F8042B08937D
:1031D00058E4B4EE488BF1EE10FA80F194860B9B24
:1031E000612B00F05285412B00F0C085039B013319
:1031F0000B9B23F0200500F08084472D04D1039B16
:10320000002B08BF0123039318EE903A002B48F4DB
:1032100080724646C0F21886B0EE48AB0023904656
:10322000099307930B9B413B252B00F29883DFE822
:1032300013F06F0496039603960368046C049603D8
:1032400096039603960396039603960396039603B6
:1032500096039603960396039603960396039603A6
:103260009603960396039603960396039603960396
:103270009603960396039603960368046C04089BD2
:1032800053F8042B08930123FFF797BB139B002BE4
:103290003FF4CFA9139B1B78002B3FF4CAA999F8E0
:1032A000003048F48068FFF73FB90B93CDF80880F1
:1032B000FFF7F1BB0B939A4B119318F0200100F02C
:1032C0000581089B073323F00703596853F8082B3F
:1032D000089318F0010F0AD052EA010307D00B9BA4
:1032E0008DF86930302348F002088DF8683028F4F2
:1032F000806302930223FFF760BB0B93FFF7B6BB1B
:103300000B93884B1193D8E7089B012153F8042BAA
:1033100002918DF8DC200893059137ACFFF7AFBA26
:103320001BEE101A24AA584605F0F6F800287FF480
:1033300004AD269A0DF19C0A5DE4039B0794062BCD
:10334000224628BF062303942146CDE90C22764C61
:10335000029305930F92FFF76CBA40215846FBF792
:1033600017F920602061002800F00F864023636178
:10337000FFF79EB8102D259B40F35D825146102625
:103380001BEE10AA04E00831103D102D40F35282CC
:10339000013366481032072BC1E90006CDE925321A
:1033A000F1DD24AA5146584605F0B6F800287FF40E
:1033B000C4ACDDE9253227A9E6E70E9BCDF82490C1
:1033C000E31803930D9BCDF82880139E059DDDF82F
:1033D0005890DDF83C800B941BEE101A5046002BE1
:1033E00034D0B8F1000F35D10D9B013B013E0D9358
:1033F000159BC0E90039259B01334A44072B2692CF
:1034000025936CDC0830039B96F800C05B1B63457A
:10341000A8BF6346002B9A460CDD259C01341A4454
:10342000072CC0E900532692259400F3778196F883
:1034300000C00830BAF1000FACBFACEB0A04644620
:10344000002C0ADC65440D9B002BCAD1B8F1000F9B
:1034500000F0AC8308F1FF38CAE7102CDDF894C007
:1034600024DD05954FF0100A63460D4604E0103C3C
:10347000102C00F1080016DD01332C491032072B07
:10348000C0E9001ACDE92532F1DD24AA29465846C3
:1034900005F042F800287FF450AC103C102CDDE918
:1034A000253227A8E8DC2946059D9C460CF101033E
:1034B00022444460072B1D4C0460CDE9253200F303
:1034C000C68396F800C008306544BCE718F01003C6
:1034D00000F0C280089B53F8042B0893F9E624AA55
:1034E0005846059105F018F800287FF426AC269A76
:1034F000059927A887E70298CDF81CA050AC00F4E6
:10350000806000250AEE10BA094BDDF84CA0CDF81A
:103510001490A3464FF00508AC46044610E000BFE7
:10352000F80A0020801200200C0B00201C4B002009
:10353000CDCCCCCC0A2A71F1000136D34A463146B3
:10354000501840F10000A3FB005626F0030505EBE0
:103550009605401B151A4FF0CC3661F1000E06FBA4
:1035600005F6A5FB039503FB0E6609F0010E2E443C
:10357000AEFB085E2D184FEA590930350BF8015C97
:1035800049EAC6790CF1010C0BF1FF3B7608002CDF
:10359000D0D09AF800008445CCD1BCF1FF0FC9D03F
:1035A0000A2A71F1000180F08F815C4650AB1B1B31
:1035B000DDF81490CDF84CA01AEE10BADDF81CA07E
:1035C000DDF80880CDF838C00593FFF7C2BA1BEECE
:1035D000101A24AA584604F09FFF00287FF4ADABD0
:1035E0009DF86710269A0DF19C0AFFF796B8259B67
:1035F000BE48CAF80000013301320120072B269291
:103600002593CAF8040000F377810AF1080A00291B
:1036100040F0AF800E9908F001030B433FF4C0A8BF
:10362000109B12991A44CAE90013259B2692013374
:10363000072B259300F352820AF1080A0E99CAF863
:10364000004001330A44072BCDE92532CAF80410A3
:103650007FF7A4A8FFF7BDBB18F0400200F0DD80A3
:10366000089850F8042B0890194692B231E61BEEE8
:10367000101A24AA584604F04FFF00287FF45DABCF
:10368000269A0DF19C0AFFF7A3BA22AE0822002168
:1036900030461D94FCF720FE039B5A1C00F0DB8093
:1036A0000025CDF80890CDF81C809946A8460CE07E
:1036B00037A9584604F0EAFE431C404400F0C88392
:1036C000484508DC00F0188480461D9A525933465C
:1036D0000435002AECD1CDF81480DDF80890DDF82F
:1036E0001C80C5E001338249CAF804402244072BFC
:1036F000CAF80010CDE925327FF750A8FFF769BB63
:103700001BEE101A24AA584604F006FF00287FF486
:1037100014AB269A0DF19C0AFFF729B824AA584643
:10372000059104F0F9FE00287FF407AB96F800C07D
:10373000269A059927A87DE6012BCDF808807FF40D
:10374000F3A9FFF793BB089B049953F8042B4C464D
:1037500011600893FEF7BEBE01336549CAF8044004
:103760002244072BCDE92532CAF800107FF722AB9F
:103770007BE4109B12981A44CAE90003259B269209
:103780000133072B259300F3A9810AF1080A0029C8
:10379000BFF654AF4D42103180F20F831BEE101A6A
:1037A000102605E00AF1080A103D102D40F30583AC
:1037B00001334F481032072BCAE90006CDE9253204
:1037C000F0DD24AA5846039104F0A6FE00287FF4F9
:1037D000B4AADDE9253203990DF19C0AE4E7089BC0
:1037E00018F400711ABF114653F8042B53F8042B38
:1037F000089318BFD2B2FFF745B9029B13F40071CA
:10380000089B1ABF114653F8042B53F8042B089356
:1038100018BFD2B20123FFF7D0B8089B18F400718B
:103820001ABF114653F8042B53F8042B089318BF02
:10383000D2B24EE58A4601332D49CAF804502A44D3
:10384000072BCDE92532CAF8001000F339810AF1BF
:10385000080AFFF78CBB0023194600961DAA58469C
:1038600004F03AFE03460133059000F0F1821D9406
:10387000059B002B4ED0632B00F318810023079388
:1038800037AC082200213046FCF726FD059D009646
:103890002B461DAA2146584604F01EFE854240F0E4
:1038A0007C83059A0023A35422EAE272CDE90C330B
:1038B0009DF86710039302920F93FEF7BABF2D2174
:1038C0008DF86710FEF7A4BF169B1599ABEB030BA1
:1038D0001A465846FCF7FEFD9AF80120054B0AB13E
:1038E0000AF1010A4FF0000C28E600BF140B00207B
:1038F0001C4B0020CDCCCCCC1BEE101A24AA584671
:1039000004F00AFE00287FF418AA1B99269A0DF1EC
:103910009C0A7CE6059B9DF867100F93CDE9023366
:10392000CDE90C330793FEF784BF0E99059865180F
:103930002D1ACC1AA542A8BF2546FFF74DBB089B00
:10394000049953F8042B089311804C46FEF7C2BD2E
:1039500013F9042B0893D1170B46FEF7DBBF039A2C
:10396000022122AB01931DAB009358461BABB0EE76
:103970004A0B029203F014FF472D029A044600F00E
:103980006181462D104405D12378302B00F06F82E1
:103990001B9A1044B5EE40ABF1EE10FA40F04681B0
:1039A00003461B1B0E93472D00F01081462D00F09F
:1039B000B5811B9B0C930C9B412D03F1FF331B9393
:1039C00000F0E5819DF82C200021002BB8BF0C9B56
:1039D0008DF87820BABFC3F101032D222B22092BC9
:1039E0008DF8792040F3DA810DF18F05DFF81CC4E2
:1039F0002A4610468CFB0321DA17C2EBA10202EB28
:103A00008201A3EB4101303100F8011C1946632902
:103A1000134600F1FF32ECDC3033D9B2831E9D42F5
:103A200002F8011C40F28B8213460DF17A0201E08C
:103A300013F8011B02F8011B9D42F9D10DF191030E
:103A40000DF17A021B1A13441EAA9B1A14930E9BA3
:103A5000149A012B1A44059240F30382059B109A95
:103A60001344059326F48063059A43F48078002379
:103A7000CDE90C3322EAE2720F930292099B002BEC
:103A800040F0B1809DF867100393FEF7D2BE204648
:103A9000FDF776F902460590FEF720BF1BEE101ADF
:103AA00024AA584604F038FDFEF7EDBD591C5846CF
:103AB000FAF76EFD0446002800F0CA810790E0E6A0
:103AC0001BEE101A24AA584604F026FD00287FF4A5
:103AD00034A9269A0DF19C0AFFF749BA1BEE101A79
:103AE00024AA584604F018FD00287FF426A9DDE931
:103AF00025321B990DF19C0A49E606230393FFF733
:103B000083BB039B02215A1C2BE7039A032128E75E
:103B10001BA8B0EE4A0B03F053FDB4EE007B20EE81
:103B2000070BB5EE400BF1EE10FA01D101231B9308
:103B3000B348039BB3EE005B013B224604E0B5EEC5
:103B4000400BF1EE10FA13D020EE050BFDEEC07B1A
:103B5000B3F1FF3F17EE901A415CB8EEE76B944665
:103B600030EE460B02F8011B194603F1FF33E6D194
:103B7000B6EE006BB4EEC60BF1EE10FA00F348811E
:103B8000B4EE460BF1EE10FA04D117EE903ADB07D3
:103B900000F13E81002906DB4B1C1344302102F862
:103BA000011B9342FBD1131B0E93FCE60B9C0E9B57
:103BB000DDF82490DDF828801396E3189D4229460D
:103BC00028BF194682460591FFF7D8B91B9B0C9375
:103BD000DA1C02DB039A93420CDD0B9B023B0B9336
:103BE00023F02005E7E62D2100238DF867100393CD
:103BF000FEF722BE0C9B0E9A9342C0F2BD80F007E6
:103C00000C9B40F13281109A13440593710503D542
:103C10000C9B002B00F33581059B23EAE373029391
:103C200067230B9300230F930D9327E7229B834277
:103C3000BFF4B7AE30215A1C22921970229B9842D1
:103C4000F9D8AEE6F30700F1A780229BA9E624AAE3
:103C50005846059104F060FC00287FF46EA896F8A1
:103C600000C0269A059927A86544FFF7ECBB1BEE18
:103C7000101A24AA584604F04FFC00287FF45DA8CF
:103C8000269A0DF19C0AFFF76BB978238DF86930FD
:103C900030238DF86830039B632B48F0020600F355
:103CA000A6800023079337AC18EE903A002B48F417
:103CB00081782BDBB0EE48AB0B9B23F02005002373
:103CC00009930B9B612B7FF4ADAAB0EE4A0B1BA8A6
:103CD00003F076FCB4EE007B20EE070BB5EE400B54
:103CE000F1EE10FA01D101231B93464821E71BEEA8
:103CF000101A24AA584604F00FFC00287FF41DA8CF
:103D00001B9B269A0DF19C0AFFF74EB90B9B23F0E3
:103D100020052D230993B1EE48ABD2E71B9A0C92F4
:103D2000002A06F0010340F30D8103990B4340F094
:103D3000CF800C9B059366230B93720500F1A38043
:103D4000059B23EAE37302936CE71BEE101A24AA87
:103D5000584604F0E1FB00287EF4EFAF1B9C0E9B5D
:103D6000269A1C1B0DF19C0AFFF736B958238DE7E4
:103D700000220392FEF7DABB0E9B109A9A180C9B56
:103D80000592002B40F3AB8067230B93D5E70B9A8A
:103D90000F32D2B2012118E6A018FBE5002940F04D
:103DA000A88030228DF87A200DF17B02303302F8A2
:103DB000013B1EABD31A149349E601331249CAF8EA
:103DC00004502A44072BCDE92532CAF800107FF7AA
:103DD00033AC1BEE101A24AA584604F09DFB0028B1
:103DE0007EF4ABAFDDE925320DF19C0A26E4591CC7
:103DF0005846FAF7CDFB044650B3079054E700BF8E
:103E000080120020F80A00201C4B002067666666BE
:103E1000CDF888C012F8011C90F80FC06145134618
:103E20000AD14FF0300E03F801EC229B591E22916B
:103E300013F8011C8C45F6D0392916BF0131817A5F
:103E4000C9B203F8011CAEE600239046079360E771
:103E50001BEE102AB2F90C3043F040039381FEF7B9
:103E600016BCF5077FF5FEADF8E50593CEE6B5EE99
:103E700040ABF1EE10FA3FF48BADC2F101021B92A0
:103E800087E567230B9313990B78FF2B79D00025D7
:103E90000C9A284603E001300131FF2B08D09342F1
:103EA00006DAD21A4B78002BF5D10B780135F4E7FE
:103EB0000C9213910D900F950F9A0D9B1699134428
:103EC000059A01FB0323059323EAE3730293D5E5E7
:103ED000109BD3181944662305910B932DE7C3F16A
:103EE00001031A4422EAE2730293672305920B93BB
:103EF00098E60DF17A0259E7039BDDF80890DDF8AA
:103F00001C800593B4E418EE903A002BB4BF2D2129
:103F10009DF86710254C264BB8BF8DF8671028F028
:103F20008008FEF779BC039B0293059373239DF8E9
:103F3000671003900F900D900B93FEF77ABC02234D
:103F4000149384E5039A134305D101236622029357
:103F50000B92059366E6109B01331A4422EAE27342
:103F60000293662305920B935CE6089A99F8013058
:103F7000894652F8041B089241EAE1710391FEF769
:103F8000D3BA00230F930D9396E70C23CBF80030A0
:103F90004FF0FF330493FEF781BB1BEE102A938989
:103FA00043F040039381FEF7C8BE00BFF00A002033
:103FB000F40A0020000000002DE9F04F2DED088BE1
:103FC000D1B00BEE101A1C461746834603F0A2FA36
:103FD000036811931846FCF7D3FE0DF1800A109088
:103FE0000822002150460894FCF776F9BBF1000F37
:103FF00004D0DBF83430002B01F05F801BEE102A78
:10400000536ED80740F16E81B2F90C2093B29E0432
:1040100009D41BEE101A42F400528A8193B24A6E00
:1040200022F400524A661D0740F1CF801BEE102A91
:104030001269002A00F0C98003F01A020A2A00F06F
:10404000D48000239FEDA28B9FEDA39BCDE9253368
:10405000CDE91333CDE9153327AA0E932492904668
:1040600012930493B9469E4BD3F8E440FCF778FCD6
:104070004A4603461CA9CDF800A05846A047002890
:1040800000F0D680C0F2CC801C9A252A034601D0CD
:104090009944E8E7B9EB0706054640F0CD800023D8
:1040A0004FF0FF328DF867301E46069309F1010983
:1040B00099F8003003922B24202509F10109A3F17E
:1040C00020025A2A00F21D81DFE812F0A4021B012F
:1040D0001B019F021B011B011B016A001B011B012D
:1040E00051027B021B015C0285021B0180025B0006
:1040F0005B005B005B005B005B005B005B005B00E8
:104100001B011B011B011B011B011B011B019F014B
:104110001B01DE01F7029F019F019F011B011B0193
:104120001B011B01F2021B011B01AE021B011B0143
:104130001B01F8011B01DF021B011B0112071B0100
:104140001B011B011B011B011B011B011B019F010B
:104150001B01DE012B029F019F019F016E022B02BA
:10416000D9011B0161021B0120030B070E03D901BA
:104170001B01F8017C000E071B011B01EA061B0155
:104180007C00A3F13002002119F8013B01EB810111
:1041900002EB4101A3F13002092AF5D906918EE71D
:1041A000584603F0B7F9436815931846FCF7E8FD45
:1041B0001690584603F0AEF983681393169B002BB4
:1041C00040F0F18599F8003077E71BEE101A584659
:1041D0001BEE105A03F09CF8002841F0BB83AB891A
:1041E00003F01A020A2A7FF42CAF1BEE101AB1F961
:1041F0000E20002AFFF625AF4A6ED20702D49E0594
:1042000041F1B9811BEE101A23463A46584601F097
:10421000BDFC0490049851B0BDEC088BBDE8F08F54
:10422000082200215046FCF757F8012399441AE769
:10423000B9EB0706054611D0269B33442693259BF0
:104240000133072BC8E90076259312DC08F1080832
:10425000049B33440493002D7FF421AF269B002B55
:1042600041F06F811BEE103A0022B3F90C30259219
:104270001CE01BEE101A24AA584601F003FD88B971
:104280000DF19C08E4E71BEE101A24AA584601F031
:10429000F9FC002800F0AD80079B1BB10799584638
:1042A000FCF770FE1BEE103AB3F90C301BEE102A2F
:1042B000526E12F0010F9AB200F0D780510601F150
:1042C0005283049851B0BDEC088BBDE8F08F00BF5D
:1042D0000000000000000000FFFFFFFFFFFFEF7F76
:1042E000A84F0020B2F90C20910593B23FF58FAE94
:1042F0001BEE105AA86DFCF7CDFBB5F90C2093B25C
:1043000085E60B93002BA9D000218DF8DC3001232A
:104310008DF8671002930791059303910D910F910A
:104320000C9137AF16F00203099302D0029B0233BF
:10433000029316F084030A9305D1069B029A9C1AF5
:10434000002C00F35B83269A89B125990DF1670053
:1043500001310132C8F8000007294FF00100269210
:104360002591C8F8040000F3938308F10808099B1D
:1043700083B1259B1AA901330232C8F80010072B1C
:104380004FF0020126922593C8F8041000F38D83A4
:1043900008F108080A9B802B00F06582039B0599B1
:1043A0005C1A002C00F39F82F40500F10682059B45
:1043B000C8F804301A44259BC8F800700133072B55
:1043C0002692259300F30D8308F10808740705D59C
:1043D000069B02995C1A002C00F37483049B0699D7
:1043E00002988142ACBF5B181B180493002A7FF42B
:1043F0004AAF00232593079B1BB107995846FCF74A
:10440000C1FD0DF19C084F462CE60B93089B07332A
:1044100023F00703B3EC028BB0EEC87BB4EE497B0C
:10442000F1EE10FA089340F3CD84B5EEC08BF1EEB7
:1044300010FA01F10D819DF86710A94FA94B26F0E4
:1044400080060B9A472AC8BF1F4600230322079302
:104450000292059203930D930F930C9300293FF45E
:1044600061AF029B013302935CE798053FF526AFED
:104470001BEE104AA06DFCF70FFBA2891EE799F80E
:10448000003046F0200618E6432B0B9300F05F85C2
:10449000F50600F15C85089B012153F8042B02917D
:1044A0008DF8DC200893059137AF00218DF8671057
:1044B000079103910D910F910C9133E70B93089B9A
:1044C0001A4600238DF86730134653F8047B08938F
:1044D000002F00F02C850B9B532B00F00C8616F060
:1044E00010030C9340F00786039B5A1C01F02280B6
:1044F0000C991A46384603F013F80790002801F08B
:10450000A682079BDA1B05920C9B039322EAE272B8
:104510000D930F93079373239DF8671002920B93EB
:104520009CE7B4060B93089B40F1CE80073323F041
:1045300007031A4611465B6851F8082B0891194683
:10454000002BC0F22984039B013300F0928226F0F5
:10455000800652EA0103029640F08C82039B002BF6
:1045600040F08D8200230393059350AFFAE0089B3F
:1045700053F8042B0692002A80F2D483069A0893FB
:104580005242069299F8003046F0040695E599F8F3
:1045900000306C2B03BF99F8013046F0200609F17A
:1045A000010946F0100688E599F80030682B03BF32
:1045B00099F8013046F4007609F1010946F0400609
:1045C0007BE599F800308DF8674076E599F8003082
:1045D00046F0800671E5494611F8013B2A2B01F0AF
:1045E000B682A3F13002092A894698BF002101F260
:1045F000608119F8013B01EB810102EB4101A3F15C
:104600003002092AF5D9039159E599F8003046F0AE
:10461000010652E59DF86730002B7FF4D3AD99F881
:1046200000308DF8675048E50B9346F0100616F001
:10463000200100F04E83089B073323F007035968DD
:1046400053F8082B089326F480630293002300207C
:10465000039C8DF86700661C6DD0029820F08006E0
:1046600052EA010066D1002C40F0A985002B7FF4AE
:1046700079AF029B13F00103059300F08083302390
:104680008DF83F310DF23F176CE00B9346F01003AD
:104690000293029B13F0200100F02E83089B073346
:1046A00023F00703596853F8082B08930123CEE73A
:1046B00099F8003046F00806FFE446F01006B4060C
:1046C0000B93089B3FF532AFF00600F15D83710656
:1046D00040F1578333F9042B0893D1170B462FE78A
:1046E000E80A0020EC0A0020089B46F00202029231
:1046F00053F8042B089347F63003ADF86830782060
:10470000934B1293002102230B90A0E7B30600F114
:10471000B683F70600F15885750600F19386B40557
:1047200040F15285089B049953F8042B08931170AB
:104730004F4697E40296012B00F09C81022B50AF6C
:104740001FD1129802F00F031209C35C07F8013D54
:1047500042EA0172090952EA0103F3D1029E50AB09
:10476000DB1B0593059A03989DF8671082424FF072
:104770000003B8BF0246079302920D930F930C9368
:104780006CE602F00703D20842EA4172C9083033EE
:1047900052EA0104384607F8013DF2D1029EF507BE
:1047A000DDD5302BDAD03023023807F8013C50AB8E
:1047B0001B1A029E05930746D4E70B9B652B40F31B
:1047C000CD80B5EE408BF1EE10FA40F0B381259B21
:1047D0006049C8F80010013301320121072B2692ED
:1047E0002593C8F8041000F3788408F108081B9B8F
:1047F0000E998B4280F29282109B11991A44C8E95B
:104800000013259B26920133072B259300F3828307
:1048100008F108080E9B5C1E002C7FF7D7AD102C0A
:10482000259B40F3BF841BEE107A102505E008F1AC
:104830000808103C102C40F3B5840133464910326F
:10484000072BC8E90015CDE92532F0DD24AA394649
:10485000584601F017FA00287FF41EADDDE9253235
:104860000DF19C08E5E7069B02995C1A002C7FF786
:1048700095AD102C259B22DD099610251BEE106AA4
:1048800004E0103C102C08F1080817DD0133324910
:104890001032072BC8E90015CDE92532F1DD24AA35
:1048A000314658460DF19C0801F0ECF900287FF4E0
:1048B000F3AC103C102CDDE92532E7DC099E2649DB
:1048C000C8F8044001332244072BCDE92532C8F84B
:1048D000001000F31183039B05995C1A002C08F16A
:1048E00008087FF761AD102C259B21DD414610257E
:1048F0001BEE108A04E0103C102C01F1080116DDBB
:10490000013315481032072BC1E90005CDE92532E6
:10491000F1DD24AA4146584601F0B4F900287FF49D
:10492000BBAC103C102CDDE9253227A9E8DC884619
:1049300001330949C8F804402244072BCDE9253248
:10494000C8F8001000F3B78108F108082CE500BF93
:10495000F80A0020140B00202C4B00200E9B012B8A
:1049600040F36381259BC8F80070013301320121B7
:10497000072B26922593C8F8041000F3198308F139
:1049800008081099119801330A44072BC8E900015F
:10499000CDE9253200F3FE8208F10808B5EE408B20
:1049A000F1EE10FA00F05F810E9901330139013701
:1049B0000A44072BC8F800702593C8F80410269203
:1049C00000F3438108F108081499C8F80410013372
:1049D0000A44072B1EA9CDE92532C8F800107FF73D
:1049E000F3AC1BEE101A24AA584601F04BF900282C
:1049F0007FF452AC269A0DF19C08E7E4102CDDE917
:104A00002512BB4D25DD179610231BEE106A0846B4
:104A100004E0103C102C08F1080818DD01301032B9
:104A20000728C8E90053CDE92502F2DD24AA314662
:104A300058460DF19C0801F025F900287FF42CACB4
:104A4000103C102CDDE925024FF01003E6DC179E28
:104A50000146013122440729CDE92512C8F800504A
:104A6000C8F8044000F319839DF8671008F108089E
:104A70006AE402960A2A71F1000380F0AF823032B4
:104A80000123029E8DF83F2105930DF23F1769E641
:104A90001BEE101A24AA584601F0F4F800287FF4FF
:104AA000FBAB269A0DF19C0861E41BEE101A24AAB8
:104AB000584601F0E7F800287FF4EEAB269A0DF196
:104AC0009C0867E4102C259B894D1FDD1BEE107A96
:104AD000102604E0103C102C08F1080816DD013304
:104AE0001032072BC8E90056CDE92532F2DD24AAA1
:104AF000394658460DF19C0801F0C4F800287FF4AF
:104B0000CBAB103C102CDDE92532E8DC013322442C
:104B1000072BC8E90054CDE925327FF75FAC1BEEC7
:104B2000101A24AA584601F0ADF800287FF4B4AB5F
:104B3000269A53E41B99002940F3F9800C9D0E9BA3
:104B40009D42A8BF1D46002D0BDD259B01332A4445
:104B5000072BC8E900752692259300F37C8608F19F
:104B600008080C9C002DA8BF641B002C00F3618377
:104B70000C9B71053B44059300F178851B9C0E9BB3
:104B80009C4202DBF30740F14C84109B11991A44BC
:104B9000C8E90013259B26920133072B259300F3C8
:104BA000688608F108080E9B1C1BFD18059BED1A72
:104BB000A542A8BF2546002D0DDDC8F80030259B75
:104BC000C8F8045001332A44072B2692259300F39A
:104BD0005F8608F10808002DA8BF641B002C7FF732
:104BE000F5AB102C259B40F3DD821BEE107A1025CF
:104BF00005E008F10808103C102C40F3D382013383
:104C00003C491032072BC8E90015CDE92532F0DD0B
:104C100024AA3946584601F035F800287FF43CAB09
:104C2000DDE925320DF19C08E5E7F5073FF59AAE81
:104C3000259BC8F80070013301320121072B269211
:104C40002593C8F804107FF7BDAE1BEE101A24AAF6
:104C5000584601F017F800287FF41EABDDE9253235
:104C60000DF19C08B0E60E994C1E002C7FF7ACAEFF
:104C7000102C40F3B2821BEE107A102505E008F1EB
:104C80000808103C102C40F3A88201331949103257
:104C9000072BC8E90015CDE92532F0DD24AA3946F5
:104CA000584600F0EFFF00287FF4F6AADDE9253230
:104CB0000DF19C08E5E71BEE101A24AA584600F0F7
:104CC000E1FF00287FF4E8AA269A0DF19C08FFF77F
:104CD0006BBB16F0100340F0DD8016F0400200F0D0
:104CE000D982089850F8042B0890194692B2AAE489
:104CF000280B00202C4B0020029B13F0100340F0E7
:104D0000B780029A12F0400200F0B482089850F87E
:104D1000042B0890194692B2012398E4F0077FF51E
:104D200055AB69E5089399F80030FFF7C6B9259BA4
:104D3000A648C8F80000013301320120072B269253
:104D40002593C8F8040000F3628508F108080029DB
:104D500040F050820E9906F001030B433FF436AB4E
:104D6000109B11991A44C8E90013259B2692013320
:104D7000072B259300F3F08308F108084BE250AFAE
:104D8000F0E4B20500F1578353F8042B0893D117D0
:104D90000B46002BBFF6D7AB524261EB41010296A6
:104DA0002D20012354E4139B002B3FF40BAA139BEB
:104DB0001B78002B3FF406AA99F8003046F4806671
:104DC000FFF77BB9B4EE488BF1EE10FA80F18886DC
:104DD0000B9B612B00F03D85412B00F03C83039B36
:104DE00001330B9B23F0200400F02986472C04D1CB
:104DF000039B002B08BF0123039318EE903A002B6E
:104E000046F480723546C0F2C785B0EE48AB002349
:104E10001646099307930B9B413B252B00F26A82B0
:104E2000DFE813F0C303680268026802BC03C00332
:104E30006802680268026802680268026802680222
:104E40006802680268026802680268026802680212
:104E50006802680268026802680268026802680202
:104E6000680268026802680268026802BC03C00344
:104E7000089B53F8042B08930123FFF7E8BB089B1A
:104E8000049853F8041B0893C217C1E900024F4667
:104E9000FFF7E8B8089B53F8042B0893FFF7D3BB40
:104EA0000B934B4B129316F020016AD0089B0733EB
:104EB00023F00703596853F8082B0893F7070AD51E
:104EC00052EA010307D00B9B8DF86930302346F07E
:104ED00002068DF8683026F4806302930223FFF700
:104EE000B6BB0B93FFF7A3BB0B930296FFF7D1BBA7
:104EF0000B93384B1293D6E71BEE101A24AA584690
:104F000000F0C0FE00287FF4C7A9269A0DF19C0886
:104F1000FFF744BA1BEE101A24AA584600F0B2FE5E
:104F200000287FF4B9A9269A0DF19C0872E4039B2E
:104F30000797062B3A4628BF062303973946029364
:104F4000254F05930D920F920C92FFF787BA089C9C
:104F50000822002122A837AFFBF7BEF922AB54F894
:104F6000042B3946584603F091FA03460133059065
:104F700000F00985059B089423EAE3730293FFF789
:104F800094BA16F0100300F09D80089B53F8042B90
:104F9000089393E71BEE101A24AA584600F072FEFD
:104FA00000287FF479A9DDE925320DF19C08F5E4AC
:104FB0001BEE101A24AA584600F064FE00287FF465
:104FC0006BA9DDE925320DF19C08DAE4140B002011
:104FD000F80A0020801200200C0B00200298CDF867
:104FE0001C8050AF00F4806000240AEE10BABF4B62
:104FF000DDF84C80CDF81490BB460526A446074644
:1050000005E00A2A71F1000136D34A4629465018B4
:1050100040F10000A3FB004525F0030404EB9504D8
:10502000001B141A4FF0CC3561F1000E05FB04F59E
:10503000A4FB039403FB0E5509F0010E2544AEFBBF
:10504000064E24184FEA590930340BF8014C49EA4E
:10505000C5790CF1010C0BF1FF3B6D08002FD0D08E
:1050600098F800008445CCD1BCF1FF0FC9D00A2AC2
:1050700071F1000180F0BF825F4650ABDB1BDDF8B1
:105080001490CDF84C801AEE10BADDF81C80029E08
:10509000CDF838C00593FFF765BB1BEE101A24AAA4
:1050A000584600F0EFFD00287FF4F6A89DF8671041
:1050B000269A0DF19C08FFF747B95846FAF714FFF6
:1050C000FEF79CBF16F0400200F0F280089850F8FE
:1050D000042B0890194692B2F0E61BEE101A24AA8F
:1050E000584600F0CFFD00287FF4D6A8269A0DF18F
:1050F0009C08FFF77CBB22AD0822002128461D97A3
:10510000FBF7EAF8039B581C00F068830024CDF8F5
:1051100008900796994626460CE037A9584603F0B2
:10512000B5F9411C304400F02E84484508DC00F0FD
:10513000E78406461D9A12592B460434002AECD106
:105140000596DDF80890079E059B002B00F0548320
:10515000632B40F3D883591C5846F9F719FA0746D0
:10516000002800F010840790082200212846FBF751
:10517000B3F8059C009523461DAA3946584603F00E
:10518000ABF9844240F0EF84059A0023BB5422EA35
:10519000E2729DF86710039302920D930F930C93A4
:1051A000FFF75CB901335249C8F804402244072B89
:1051B000C8F80010CDE925327FF706A911E4012BCC
:1051C00002967FF4BBAA5AE4089B049953F8042B77
:1051D0004F4611600893FEF745BF01334449C8F8B4
:1051E00004402244072BCDE92532C8F800107FF790
:1051F000E9AB2AE5109B11981A44C8E90003259BE6
:1052000026920133072B259300F3A68108F10808A5
:105210000029C0F27C830E99C8F8007001330A445B
:10522000072BCDE92532C8F804107FF7CDA8FFF78A
:10523000D8BB102C259B49DD414610251BEE108A5A
:1052400003E00831103C102C3FDD013328481032B8
:10525000072BC1E90005CDE92532F2DD24AA41463C
:10526000584600F00FFD00287FF416A8DDE925322E
:1052700027A9E7E7029B13F40071089B1ABF1146A8
:1052800053F8042B53F8042B089318BFD2B2012310
:10529000FFF7DDB9089B16F400711ABF114653F8E9
:1052A000042B53F8042B089318BFD2B2FFF7CBB9E5
:1052B000089B16F400711ABF114653F8042B53F8DB
:1052C000042B089318BFD2B2F8E588460133084989
:1052D000C8F804402244072BCDE92532C8F8001055
:1052E00000F34E8108F1080842E400BFCDCCCCCCDD
:1052F0002C4B0020039A022122AB01931DAB00939B
:1053000058461BABB0EE4A0B029202F049FA472C0A
:10531000029A074600F08A82462C104405D13B7859
:10532000302B00F0A2831B9A1044B5EE40ABF1EE97
:1053300010FA40F047820346DB1B0E93472C00F027
:105340004681462C00F0B9821B9B0C930C9B412C90
:1053500003F1FF331B9300F0D1829DF82C20002134
:10536000002BB8BF0C9B8DF87820BABFC3F10103A6
:105370002D222B22092B8DF8792040F349830DF142
:105380008F04B64E2246104686FB0321DA17C2EB85
:10539000A10202EB8201A3EB4101303100F8011CB4
:1053A00019466329134600F1FF32ECDC3033D9B2E1
:1053B000831E9C4202F8011C40F2B38313460DF198
:1053C0007A0201E013F8011B02F8011B9C42F9D19B
:1053D0000DF191030DF17A021B1A13441EAA9B1AB8
:1053E00014930E9B149A012B1A44059240F32B83BD
:1053F000059B109A13440593059A25F4806343F4A2
:10540000807622EAE27200230D9302920F930C93AE
:10541000099B002B40F0E8809DF867100393FFF78D
:105420001DB80E9B0599FD186D1A1C1BA542A8BF3F
:105430002546FFF7D0BB13F9042B0893D1170B4671
:10544000FFF77EB8089B049953F8042B089311804A
:105450004F46FEF707BE58238DF8693030238DF88C
:105460006830039B632B46F0020500F3DF820023C4
:10547000079337AF18EE903A002B46F48176C0F2CE
:105480003382B0EE48AB0B9B23F02004002309933A
:105490000B9B612B7FF4BFACB0EE4A0B1BA802F054
:1054A0008FF8B4EE007B20EE070BB5EE400BF1EE6B
:1054B00010FA01D101231B936948039BB3EE005BF3
:1054C000013B3A4604E0B5EE400BF1EE10FA13D082
:1054D00020EE050BFDEEC07BB3F1FF3F17EE901AF7
:1054E000415CB8EEE76B944630EE460B02F8011BC8
:1054F000194603F1FF33E6D1B6EE006BB4EEC60BEE
:10550000F1EE10FA00F34C82B4EE460BF1EE10FA15
:1055100004D117EE903ADB0700F14282002906DB46
:105520004B1C1344302102F8011B9342FBD1D31BC7
:105530000E9303E73846FBF723FC02460590FEF77F
:10554000E3BF1BEE101A24AA584600F09BFB00286C
:105550003EF488AEFEF7A6BE1BEE101A24AA5846EB
:1055600000F090FB00287EF497AEDDE925321B9910
:105570000DF19C084CE6886DFBF78EFAFEF742BEF3
:105580001BEE101A24AA584600F07CFB00287EF47B
:1055900083AE269A0DF19C08FFF7EABA039B02211D
:1055A0005A1CA9E6039A0321A6E61BA8B0EE4A0BF3
:1055B00002F006F8B4EE007B20EE070BB5EE400BD0
:1055C000F1EE10FA01D101231B93264875E71B9BCE
:1055D0000C93DC1C02DB039A93421DDD0B9B023B08
:1055E0000B9323F02004B1E62D2100238DF86710E2
:1055F0000393FEF736BF169B1599ABEB030B1A46C8
:105600005846FAF767FF98F80120174B0AB108F1DE
:1056100001084FF0000CF8E40C9B0E9A9342C0F284
:10562000A781E9070C9B40F11E82109A1344059351
:105630006A0503D50C9B002B00F32882059B23EA07
:10564000E373029367230B9300230D930F93DFE61D
:105650002D218DF86710FEF7F0BE00BF6766666605
:10566000F80A002080120020CDCCCCCC0E9BCDF8C7
:1056700024904046DDF83C800A96FB180393059D74
:10568000139EDDF858900D9B0B971BEE101AB8F186
:10569000000F31D0002B77D1013E08F1FF38159B68
:1056A000C0E90039259B01334A44072B26922593F4
:1056B0006EDC0830039B96F800C05B1B6345A8BFF7
:1056C0006346002B1F460BDD259C01341A44072C32
:1056D000C0E900532692259466DC96F800C0083095
:1056E000002FACBFACEB07046446002C15DC65440E
:1056F0000D9BB8F1000FCDD1002B45D10B9F0E9B18
:105700001396FB189D42294628BF1946DDF82490C0
:105710000A9E05918046FFF731BA102CDDF894C03F
:1057200023DD0595102763460D4604E0103C102C40
:1057300000F1080016DD0133A7491032072BC0E93C
:105740000017CDE92532F1DD24AA2946584600F09C
:1057500099FA00287EF4A0AD103C102CDDE925322A
:1057600027A8E8DC2946059D9C460CF1010322444C
:105770004460072B984C0460CDE925325ADC96F83A
:1057800000C008306544B3E70D9B013B0D9386E7ED
:1057900024AA5846059100F075FA00287EF47CADE5
:1057A000269A059927A885E724AA5846059100F06E
:1057B00069FA00287EF470AD96F800C0269A059923
:1057C00027A88DE7229B8342BFF4B6AD30215A1C37
:1057D00022921970229B9842F9D8ADE50023194610
:1057E00000951DAA584602F077FE03460133059046
:1057F00000F0C9801D97A7E4059B9DF867100D93E5
:10580000CDE902330F930C930793FEF727BE1BEEEF
:10581000101A24AA584600F035FA00287EF43CAD50
:105820001B99269A0DF19C08FFF791BAEB0763D4F8
:10583000229B81E524AA5846059100F023FA00280E
:105840007EF42AAD96F800C0269A059927A86544EB
:105850004EE7782300E61BEE101A24AA584600F003
:1058600011FA00287EF418AD269A0DF19C08FFF776
:1058700078B91BEE101A24AA584600F003FA002843
:105880007EF40AAD1B9C269A0DF19C08FFF78BB99C
:105890001BEE101A24AA584600F0F4F900287EF4F2
:1058A000FBAC1B9C0E9B269A1C1B0DF19C08FFF762
:1058B00092B900220392FEF702BC1B9A0C92002AB6
:1058C00005F0010340F3308103990B4340F0D7808A
:1058D0000C9B059366230B936A0500F1D980059B09
:1058E00023EAE3730293AFE60B9B23F020042D23FE
:1058F0000993B1EE48ABCBE5B81816E50B9A0F3219
:10590000D2B201212CE50023079337AF2CE44C429F
:10591000103163DA1BEE101A102504E008F10808B4
:10592000103C102C5ADD01332B481032072BC8E9EC
:105930000005CDE92532F1DD24AA5846039100F097
:10594000A1F900287EF4A8ACDDE9253203990DF118
:105950009C08E5E76B6ED80705D4AB89990502D49E
:10596000A86DFBF799F84FF0FF330493FEF7A9BC3D
:105970000E9B109A9A180C9B0592002B40F3C7803F
:1059800067230B93A8E71BEE102AB2F90C3043F003
:1059900040039381FEF78ABC002316460793A6E7CF
:1059A000CDF888C012F8011C90F80FC08C45134642
:1059B0000AD14FF0300E03F801EC229B591E2291C0
:1059C00013F8011C8C45F6D0392916BF0131817AB4
:1059D000C9B203F8011CAAE52C4B00200133684929
:1059E000C8F804402244072BCDE92532C8F800103E
:1059F0007FF7C2A91BEE101A24AA584600F042F9FC
:105A000000287EF449ACDDE925320DF19C0802E462
:105A1000002962D130228DF87A200DF17B023033DB
:105A200002F8013B1EABD31A1493DAE4591C584612
:105A3000F8F7AEFD07460028A5D007901AE5062323
:105A40000393FFF7DAB9E8077FF5D6ACD0E4039B00
:105A50000293059373239DF8671003900D900F90A8
:105A60000B93FEF7FBBC0593E2E5B5EE40ABF1EE20
:105A700010FA3FF458ACC2F101021B9254E4109B9F
:105A8000D3181944662305910B9325E767230B93DD
:105A900013990B78FF2B6ED000240C9A204603E05C
:105AA00001300131FF2B08D0934206DAD21A4B782D
:105AB000002BF5D10B780134F4E713910C920F9081
:105AC0000D940D9A0F9B16991344059A01FB03231D
:105AD000059323EAE37302939AE40DF17A029EE7B9
:105AE00018EE903A002BB4BF2D219DF86710254F7A
:105AF000254BB8BF8DF8671026F08006FEF7A1BCD5
:105B0000039BDDF80890079E0593FFF71DBBC3F1CB
:105B100001031A4422EAE2730293672305920B936E
:105B200092E5022314935CE4039A134305D1012305
:105B3000662202930B92059386E5109B01331A446B
:105B400022EAE2730293662305920B937CE5089A9E
:105B500099F80130894652F8041B089241EAE17134
:105B60000391FEF7AABA1BEE102A938943F0400373
:105B70009381FEF791BB00230D930F93A1E700BF24
:105B80002C4B0020F00A0020F40A002070B50C46CF
:105B90008989ADF58E6D21F00201ADF81410616EAA
:105BA0001B91E189ADF81610E1690991616A0B91C9
:105BB0001CA9029106914FF4806106460491079159
:105BC00018A80021CDE900320891FAF75FFFDDE95E
:105BD000003202A93046FEF7EFF9051E07DB02A9E5
:105BE000304601F05DF9002818BF4FF0FF35BDF8D1
:105BF00014305B0603D5A38943F04003A3811898B2
:105C0000FAF746FF28460DF58E6D70BD2DE9F84F69
:105C10004B6E9C0490462DD59368126843B38B4617
:105C2000064602F1080959E9025A5FEA9A0715D0B7
:105C3000043D002401E0A7420ED055F8041F5A4647
:105C4000304601F021FC431C04F10104F3D1002390
:105C5000C8E90133BDE8F88FD8F808302AF0030A04
:105C6000A3EB0A03C8F8083009F10809002BDAD1C0
:105C70000020ECE701F03EF90023C8E90133BDE85C
:105C8000F88F00BF10B494681CB15DF8044BFFF7A7
:105C9000BDBF204654605DF8044B70472DE9F04FBE
:105CA0002DED028BC5B00DF1500A834608EE101A97
:105CB00016460021082250461C460793FAF70CFBB3
:105CC000BBF1000F04D0DBF83430002B00F0A086CD
:105CD00018EE102A536EDB0740F11385B2F90C1051
:105CE0008AB295040BD418EE103A41F40051998110
:105CF0005B6E8AB218EE101A23F400534B6610073D
:105D000040F1058118EE103A1B69002B00F0FF806E
:105D100002F01A030A2B00F00A810023CDE919339F
:105D2000CDE90D331BAA0C93189291460B93059362
:105D3000B0464446A84BD3F8E450FAF711FE224689
:105D4000034612A9CDF800A05846A847002800F045
:105D50004581C0F23981129A252A034601D01C449C
:105D6000E8E7B4EB0806054640F03C810023617883
:105D70008DF8433004F1010806934FF0FF371E46BB
:105D80002B2408F10108A1F120035A2B00F278819D
:105D9000DFE813F0B50276017601B00276017601F4
:105DA00076016A00760176017D028D027601880215
:105DB0009702760192025B005B005B005B005B0078
:105DC0005B005B005B005B0076017601760176018B
:105DD000760176017601760176015C028400760117
:105DE00076017601760176017601760176017601FB
:105DF0007601E80076017601760133027601DA0257
:105E0000760176018B0576017601760176017601C1
:105E1000760176017601760176015C0286007601D4
:105E200076017601CD0286007F007601C002760100
:105E3000FD02EA00ED027F00760133027C00690575
:105E4000760176016B0576017C00A1F1300300221A
:105E500018F8011B02EB820203EB4202A1F13003AE
:105E6000092BF5D906928EE7584601F053FB43689B
:105E70000D931846FAF784FF0E900546584601F038
:105E800049FB83680B93002D40F0D68498F80010EE
:105E900077E798F8001046F0200672E746F0100603
:105EA000B40640F18E81079B073323F007031A469F
:105EB000596852F8083B07920A460029C0F27084DC
:105EC000791C00F0A28526F08001039153EA0201BB
:105ED00000F03F840A2B72F1000180F041853033DD
:105EE0008DF80F31039E012304930DF20F14049BD0
:105EF000BB42B8BF3B460393002308939DF8433051
:105F0000002B00F0CB80039B01330393C6E018EE17
:105F1000101A584618EE105A01F0FAF9002840F00D
:105F20005286AA8902F01A030A2B7FF4F6AE18EE05
:105F3000101AB1F90E30002BFFF6EFAE4B6EDB07F7
:105F400002D4970540F1128618EE101A2346324605
:105F5000584600F069FE0590059845B0BDEC028BEF
:105F6000BDE8F08F46F0100616F0200200F03681F2
:105F7000079B073323F0070319465A6851F8083B7B
:105F8000079126F480610391002100208DF84300E1
:105F9000781C00F01082039820F0800653EA02007B
:105FA00040F00882002F40F03885002940F0D5836A
:105FB000039B13F00103049300F0118430238DF848
:105FC0000F310DF20F1492E7082200215046FAF724
:105FD00083F901231C44ADE6A84F0020B4EB08066A
:105FE00005461BD0199B1A9A01333244072BC9E985
:105FF00000861A9219931CDD002A00F0A68318EE81
:10600000101A18AA5846FFF701FE20BB0DF16C09C3
:10601000059B33440593002D7FF4A8AE1A9B002BFB
:1060200040F0C18518EE103A0022B3F90C301992F5
:1060300015E009F10809EBE718EE101A18AA5846FE
:10604000FFF7E4FD002800F0A680089B1BB108992B
:106050005846FAF797FF18EE103AB3F90C3018EEDD
:10606000102A526E12F0010F9AB200F0A080500672
:1060700000F1B285059845B0BDEC028BBDE8F08F0C
:106080000029CBD000238DF843300123CDE9033321
:106090008DF8AC102BAC002308931F4616F00203BA
:1060A000099302D0039B0233039316F084030A93EF
:1060B00005D1069B039A9D1A002D00F37B82DDE932
:1060C0001903411C9DF8432082B101220133C9F814
:1060D000042007290DF14302CDE91913C9F8002066
:1060E00000F34A82084609F108090131099AE2B130
:1060F00011AA0233C9F8002007294FF00202CDE9A6
:106100001913C9F8042040F35082002B00F0438398
:1061100018EE101A18AA5846FFF778FD002894D1F7
:10612000DDE919030DF16C09411C0A9A802A00F07F
:106130008481049ABD1A002D00F3D781049AC9F80E
:10614000004013440729CDE91913C9F8042040F38E
:106150006E81002B00F0758218EE101A18AA5846AE
:10616000FFF754FD00287FF470AF1A9B0DF16C0906
:10617000750705D5069A0399541A002C00F36B8213
:10618000DDE9052103988142ACBF5218121805922F
:10619000002B7FF451AF089900231993002900F0D8
:1061A00049815846FAF7EEFE0DF16C09C1E59C05F0
:1061B0003FF55DAF18EE104AA06DFAF76DFCA289AD
:1061C00055E7F006079A00F11F83710640F1198325
:1061D00032F9043B0792DA1711466EE616F0100307
:1061E000079940F0098316F0400000F001831A4639
:1061F00051F8043B07919BB2C3E6079B1A46002364
:106200008DF84330134653F8044B0393002C00F0F1
:106210001284532900F0658316F0100540F0618365
:106220007B1C00F0B3843A462946204601F078F9F9
:106230000890002800F09F84031B039A049323EA2C
:10624000E3732F4607920393089557E6432902D03C
:10625000F50640F12D83079D0822002116A82BACDE
:10626000FAF73AF816AB55F8042B2146584602F0D7
:106270000DF903460133049000F0B384049B0795A5
:1062800023EAE373039300238DF8433003E7079B6E
:1062900053F8042B0692002A80F29C82069A5242FE
:1062A000CDE9062398F8001046F0040669E598F851
:1062B00000108DF8434064E598F8001046F0800621
:1062C0005FE5424612F8011B2A2900F09684A1F1ED
:1062D0003003092B90464FF000073FF654AD18F8F5
:1062E000011B07EB870703EB4707A1F13003092BDD
:1062F000F5D948E598F8001046F0010641E59DF80B
:106300004330002B7FF4C2AD202398F800108DF8A5
:10631000433036E598F800106C2903BF98F8011057
:1063200046F0200608F1010846F0100629E598F825
:106330000010682903BF98F8011046F4007608F1B0
:10634000010846F040061CE546F010030393039B4A
:1063500013F0200200F00682079B073323F00703A7
:1063600019465A6851F8083B079101210DE6079A32
:1063700046F00203039352F8043B079247F63002BB
:10638000ADF84420B84A0C9202210022FDE5B70680
:1063900000F14882F50600F14683740600F1D583CA
:1063A000B00540F14083079B059953F8042B0793F0
:1063B0001170BEE4039601293FF48CAD022944AC70
:1063C00011D10C9803F00F011B09415C04F8011D69
:1063D00043EA0273120953EA0201F3D1039E44AB6C
:1063E0001B1B049383E503F00701DB0843EA4273B8
:1063F000D208303153EA0205204604F8011DF2D1DB
:10640000039EF307EBD53029E8D03023023804F897
:10641000013C44AB1B1A039E0493044667E5049BAE
:106420001B9401221C931A9319920DF16C0909F126
:1064300008099DE60DF16C097BE4069A039D551B46
:10644000002D7FF776AE102D40F3BB83099418EE34
:10645000104A07E000F1020C09F108091046103D4E
:10646000102D1EDD8149C9F80010421C1033102187
:10647000072ACDE91923C9F80410EBDD18AA002B6F
:1064800074D0214658460DF16C09FFF7BFFB002878
:106490007FF4DBADDDE91903103D102D00F1010C97
:1064A000E0DC099C714AC9F804502B44BCF1070F89
:1064B000CDE919C3C9F8002040F39481002B00F006
:1064C0001F8318EE101A18AA5846FFF79FFB0028E2
:1064D0007FF4BBAD049ADDE91903BD1A002D00F16C
:1064E00001010DF16C097FF729AE102D29DD09940A
:1064F000102718EE104A07E000F1020C09F1080914
:106500001046103D102D1ADD421C58491033072A41
:10651000C9E90017CDE91923EEDD18AA03B3214616
:1065200058460DF16C09FFF771FB00287FF48DAD23
:10653000DDE91903103D102D00F1010CE4DC099C8C
:1065400061464A4AC9F804502B440729CDE919137A
:10655000C9F8002000F3E78009F108090131EDE5F1
:106560004FF0010C18460DF16C09CAE74FF0010C11
:1065700018460DF16C0972E7002B00F0048118EE4B
:10658000101A18AA5846FFF741FB00287FF45DADAA
:10659000DDE919030DF16C09411CA7E5022311AADD
:1065A0001C931B9201210DF16C09084609F10809A1
:1065B000411CBAE5102D40F3E582DDE919130F9473
:1065C000084618EE104A07E000F1020C09F108092C
:1065D0001046103D102D1DDD2549C9F80010421C44
:1065E00010331021072ACDE91923C9F80410EBDD77
:1065F00018AA03B3214658460DF16C09FFF706FBB4
:1066000000287FF422ADDDE91903103D102D00F1C3
:10661000010CE1DC0F9C6046154AC9F804502B447C
:106620000728CDE91903C9F8002000F3C18009F15A
:106630000809411C46E518464FF0010C0DF16C09A4
:10664000C7E77607199353D5069A0399541A002C75
:106650004EDD0DF16C09102C40F3B082199918EE43
:10666000106A10250DE000BFF80A00203C4B002006
:10667000380B0020881C09F108091146103C102C29
:106680001ADD4A1CB3481033072AC9E90005CDE9D1
:106690001923EFDD18AA33B331465846FFF7B6FA8F
:1066A00000287FF4D2ACDDE91913103C102C01F165
:1066B00001000DF16C09E4DCA64AC9F8044023444A
:1066C0000728CDE91903C9F800207FF759AD7BB140
:1066D00018EE101A18AA5846FFF798FA00287FF407
:1066E000B4AC1A9B4CE5012019460DF16C09C5E7C5
:1066F000DDE9053203998A42ACBF9B185B1805930C
:1067000049E5B2F90C108F0518EE103A8AB23FF540
:10671000E8AA18EE105A986DFAF7BCF9B5F90C1002
:106720008AB2FFF7DEBA002B3FF479AE18EE101AEA
:1067300018AA5846FFF76AFA00287FF486AC199920
:106740001A9B01310DF16C09F8E419920DF16C09F5
:106750005EE4002F7FF4C3AB039E0027049744AC94
:10676000FFF7C5BB039B13F0100354D1039A12F03B
:10677000400000F06B8107991A4651F8043B0791DD
:106780009BB2012101E4099A002A64D11846012133
:106790000DF16C09C9E4012118460DF16C09C4E43E
:1067A0005B4262EB420203962D200121FFF7EEBB14
:1067B000002B00F0888018EE101A18AA5846FFF730
:1067C00025FA00287FF441ACDDE919030DF16C09CD
:1067D000411C77E498F800100793FFF7D2BA44AC55
:1067E000FFF785BB09F108090CF101016046A0E43F
:1067F00016F4007240F0978151F8043B0791FFF7BF
:10680000C0BBB30500F1888152F8043B0792DA1748
:106810001146FFF752BB079951F8043B079101213C
:10682000FFF7B3BB079B059853F8041B0793C217E8
:10683000C1E90002FFF77DBA0B9B002B3FF426ABAA
:106840000B9B1B78002B3FF421AB98F8001046F40B
:106850008066FFF796BA022311AA1C931B920120AF
:106860000DF16C09A2E6039671E53B4B0C9316F013
:10687000200259D0079B073323F0070318465A68B4
:1068800050F8083B0790F40709D553EA020006D0F8
:106890008DF84510302146F002068DF8441026F49C
:1068A000806103910221FFF770BB2C4B0C93DEE754
:1068B000079B012153F8042B03918DF8AC2007931B
:1068C00004912BACDFE49DF84320002A40F0328194
:1068D000099A002A7FF462AE184601210DF16C0975
:1068E00027E40021082216A81394F9F7F5FC791C77
:1068F00000F0BC80002507942C460CE02BA95846DC
:1069000001F0C4FD421C204400F06B81B84208DC59
:1069100000F070810446139A525916AB0435002AD0
:10692000ECD10494079CAFE016F0100307980CD14B
:1069300016F0400405D01A4650F8043B07909BB26D
:10694000A1E716F4007240F0E18050F8043B079094
:1069500099E700BF380B0020F80A002080120020C1
:106960000399049744AC9E4608EE90BA01F4806601
:106970004FF0000C234606E0BEF10A0F72F1000250
:1069800039D3A6462A46A6491EEB020040F1000074
:106990000F46A1FB001424F0030101EB9401401AFF
:1069A000BEEB00014FF0CC3562F1000405FB01F5B0
:1069B00007FB0455A1FB07410D44052704F0010125
:1069C000A1FB071B09186408303103F8011C44EAD5
:1069D000C5740CF1010C013B6D08002ECCD00B9955
:1069E00009786145C8D1BCF1FF0FC5D0BEF10A0FCF
:1069F00072F100026CD21C4644AB1B1B049F039E29
:106A0000049318EE90BAFFF772BA0396FFF762BAD2
:106A10005846F9F769FAFFF75BB9012903967FF445
:106A2000CDACFFF75CBA079B059953F8042B1160B6
:106A30000793FFF77EB9062F3B46039A794C0792DE
:106A400028BF062304930393FFF725BB039B0799F5
:106A500013F4007214BF51F8043B51F8043B079142
:106A60001CBF0246DBB20121FFF78FBA16AB0093C1
:106A70000023194613AA584601F02EFD03460133A0
:106A8000049000F0AE801394049B002B30D0632B55
:106A900063DC002308932BAC0822002116A8F9F729
:106AA0001BFC049D16AB009313AA2B4621465846A7
:106AB00001F012FD854240F0AB80039B049A0793DE
:106AC0000023A3541F4622EAE2730393FFF716BA8A
:106AD0000E9A0D999B1A18460893F9F7FBFC0B992F
:106AE000089B4A780AB101310B914FF0000C48E73E
:106AF000039B0793049B03931F460893FFF7FEB97C
:106B0000012118460DF16C09FFF713BB50F8043B47
:106B100007902246DBB2B6E612F9043B0792DA1779
:106B20001146FFF7CAB951F8043B07910246DBB2A0
:106B3000FFF727BA01231C9301210DF143031B9397
:106B40000DF16C090B46FFF7CDBA079B059953F879
:106B5000042B07931180FFF7ECB8591C5846F7F740
:106B600017FD044600283CD0089095E7886DF9F79A
:106B700093FFFFF7E9B9039B0793CDE90377089FDC
:106B8000FFF7BCB919981A9B013045E5039B0793A1
:106B90002046FAF7F5F820EAE0732F4604900393B5
:106BA0000895FFF7ABB918EE101A18AA5846FFF768
:106BB0002DF800283FF436AAFFF74DBA1998013096
:106BC0007AE58C466EE46B6ED90705D4AB899A05DD
:106BD00002D4A86DF9F760FF4FF0FF330593FFF77C
:106BE00049BA18EE102AB2F90C3043F040039381F1
:106BF000FFF735BA079C049746E7079B98F8011002
:106C000053F8047B0793904647EAE777FFF7B9B854
:106C100018EE102A938943F040039381FFF715BAC9
:106C2000CDCCCCCC0C0B002070B50C468989ADF5D1
:106C30008E6D21F00201ADF81410616E1B91E18997
:106C4000ADF81610E1690991616A0B911CA90291D6
:106C500006914FF4806106460491079118A800211F
:106C6000CDE900320891F9F711FFDDE9003202A900
:106C70003046FFF713F8051E07DB02A9304600F087
:106C80000FF9002818BF4FF0FF35BDF814305B0630
:106C900003D5A38943F04003A3811898F9F7F8FEC0
:106CA00028460DF58E6D70BD70B500294BD0064697
:106CB0000C4610B1436B002B48D0636ED80734D517
:106CC000B4F90C30002B3ED02146304600F050F88D
:106CD000E36A054633B1E169304698470028B8BFFA
:106CE0004FF0FF35A3891A063CD4216B41B104F162
:106CF0004003994202D03046FAF744F90023236357
:106D0000616C21B13046FAF73DF900236364F9F76D
:106D100009F9636E0022DB07A2811FD5A06DF9F788
:106D2000B7FEF9F705F9284670BDA3899905CBD4BC
:106D3000A06DF9F7AFFEB4F90C30002BC4D1656E2D
:106D400015F0010505D00025284670BDF9F7CCF8EF
:106D5000B3E7A06DF9F7A0FE284670BDA06DF9F766
:106D60009BFEDBE721693046FAF70CF9BDE700BF6F
:106D7000B1F90C202DE9F0410C461107804647D4AB
:106D8000636842F40062002BA2815EDDA56A002DDB
:106D900058D00023D8F80060C8F8003093B212F43D
:106DA000805256D10123E1694046A847431C67D071
:106DB000A389A56A5F0705D56368C01A236B0BB169
:106DC000E36BC01AE169024600234046A847411C14
:106DD00041D1D8F80030002B3DD01D2B01D0162B0F
:106DE00056D1A3892269226023F4006300216160E7
:106DF000A381216BC8F8006021B304F140039942DC
:106E000002D04046FAF7BEF800202063BDE8F081CA
:106E10002669BEB193B2256826609A070CBF6369E4
:106E20000023AD1BA3600BE02B463246E169676A85
:106E30004046B847B0F1000CA5EB0C05664417DDE1
:106E4000002DF1DC0020BDE8F081E36B002B9DDC20
:106E5000F8E7206DAEE7B4F90C302269226023F424
:106E60000063A3810022DB046260C2D52065C0E715
:106E7000A38943F040034FF0FF30A381BDE8F081C8
:106E8000D8F80030002B93D01D2B06D0162B04D041
:106E9000A38943F04003A381D5E7C8F80060D1E798
:106EA00038B50C46054608B1436B03B3B4F90C0082
:106EB00088B1636EDB0701D481050FD528462146D2
:106EC000FFF756FF636EDA07054602D4A3899B05D8
:106ED00008D5284638BD0546284638BDA06DF9F7C7
:106EE000D9FDEBE7A06DF9F7D7FD284638BDF8F7D7
:106EF000FBFFDBE79368002B00F085802DE9F04F66
:106F0000B1F90C300C461907804683B0174698B289
:106F100025D523691BB310F002033D682DD04FF037
:106F2000000ADFF8C0B25646B9465E4533465246BF
:106F300028BF5B464046002E52D0E169676AB847D9
:106F4000002856DDD9F808301B1A8244361AC9F8D1
:106F50000830002BE9D1002003B0BDE8F08F2146B6
:106F6000404600F0D5F9002840F03881B4F90C30E3
:106F70003D6898B210F00203D1D110F0010944D15C
:106F80004E46009746B38205D4F808B040F185809C
:106F9000B3455A4600F2B48010F4906F40F0C180BF
:106FA000206801924946F9F71BF9A368019AA3EBFF
:106FB0000B012368A1601344B24623600026009AA7
:106FC0009368A3EB0A03D1449360002BC3D0B4F9B8
:106FD0000C0080B2002ED6D1D5E900960835D1E755
:106FE000D5E900A60835A0E721464046FFF758FF3F
:106FF00088B3B4F90C3043F040034FF0FF30A38165
:1070000003B0BDE8F08F002070471E46BA4699468F
:10701000184600951F4666B3002832D04A46D4E988
:1070200004132068A568B24228BF3246884204D9BA
:1070300005EB030B5A4500F3A780934264DCE1693A
:10704000656A3A464046A847B0F1000BD1DDB9EB7E
:107050000B09C9D00120DAF80830A3EB0B035F4419
:10706000A6EB0B06CAF80830002B3FF474AF002ED5
:10707000D2D1009A5668134608320092002EF8D0FA
:107080001F6832460A21384600F04AFA002800F00C
:107090009C800130A0EB0709C0E720682369984273
:1070A00016D86269B24213D86FF00043B34228BFCA
:1070B0003346E16993FBF2F3676A02FB03F3404650
:1070C0004A46B847B0F1000A93DDA6EB0A0676E718
:1070D000B345DA4628BFB24652464946F9F780F82A
:1070E000A3682268A3EB0A035244A3602260002B2A
:1070F000EBD121464046FFF7D3FE0028E5D078E7E4
:107100002068B34632464CE739460192F9F768F8F1
:10711000019AA3689B1AA3602368134423609346D3
:1071200095E723682169A3EB010B636903EB430A2D
:107130000AEBDA7A0BF101034FEA6A0A334453454A
:10714000524684BF9A46524643052CD511464046C6
:10715000F7F71EFA00283BD05A4621690190F5F74F
:1071600005FAA289019B22F4906242F08002A2817A
:1071700003EB0B002361AAEB0B03C4F814A0A3607C
:107180002060B34632460CE739465A46F9F728F8EC
:1071900023685B44236021464046FFF781FE0028B8
:1071A0003FF455AF25E74046F7F7CEFC03460028ED
:1071B000DED121694046F9F7E5FEB4F90C300C2226
:1071C00023F08003C8F8002015E7721C914626E7DB
:1071D0000C22B4F90C30C8F800200CE74FF0FF3057
:1071E000BAE600BF00FCFF7F70B50E4614460546A8
:1071F00010B1436B002B2FD0636ED80702D4A38944
:10720000990520D5A368013B002BA36019DAA26978
:1072100093420FDBF0B20A280CD023685A1C22607C
:1072200005461E70636EDA0702D4A3899B050ED54E
:10723000284670BD28462246314600F011F8054622
:10724000F0E7F0B2E9E7A06DF9F724FCDAE7A06D0A
:10725000F9F722FC284670BDF8F746FECCE700BFE0
:10726000F8B50D461446064610B1436B002B4CD0C2
:10727000B4F90C20A369A360170790B21BD523694A
:10728000CBB1EDB281042F4622D522686169D31AB1
:10729000994229DD0133A1680139A160511C2160A7
:1072A000157062699A4227D0A389DB0701D50A2DA0
:1072B00022D03846F8BD2146304600F029F808BBF8
:1072C000B4F90C20236990B2EDB281042F46DCD4CE
:1072D00042F40052A281626E616922F40052626639
:1072E0002268D31A9942D5DC21463046FFF7D8FDF3
:1072F00040B922680123CEE721463046FFF7D0FD92
:107300000028D6D04FF0FF37D3E7F8F7EDFDAFE711
:1073100038B5314B1B6805460C4613B15A6B002A31
:107320004ED0B4F90C3018079AB21CD5216929B394
:1073300012F0010007D00020A06060694042A06107
:1073400039B1002038BD950758BF6069A060002999
:10735000F7D1120658BF0846F4D543F04003A38185
:107360004FF0FF3038BDD1062ED5520714D4216915
:1073700043F00803A3819AB20029D9D102F4207006
:10738000B0F5007FD4D02146284601F045F9B4F984
:107390000C3021699AB2CBE7216B51B104F1400264
:1073A000914204D02846F9F7EDFDB4F90C300022E3
:1073B000226321690022C4E9001223F02403D7E7E5
:1073C0001846F8F791FDACE7092243F040032A6024
:1073D0004FF0FF30A38138BD305500202DE9F04734
:1073E00082B0824688461446F9F7BAFA012803D1DA
:1073F00008F1FF33FE2B36D90DF10409424604F1A2
:107400005C034946504601F041F8421C064632D022
:1074100020B39DF804C0002509E023685A1C2260AF
:1074200083F800C00135B54218D219F801CFA3681E
:10743000013B002BA360F0DAA769BB4261462246FC
:10744000504602DBBCF10A0FE7D1FFF709FF431CEE
:10745000E8D10646304602B0BDE8F08746463046E1
:1074600002B0BDE8F0875FFA88FC8DF804C00646DC
:107470000DF10409CFE7A389304643F04003A3810F
:1074800002B0BDE8F08700BF30B5536E13F0010FB6
:10749000B2F90C30144683B005469AB201D1980572
:1074A0001CD5900406D4626E43F4005342F400529B
:1074B000A381626622462846FFF790FF636EDA07D3
:1074C000054602D4A3899B0502D5284603B030BDEA
:1074D000A06DF9F7E1FA284603B030BDA06D019127
:1074E000F9F7D8FAB4F90C3001999AB2D9E700BF8C
:1074F00071B1034600EB010C01E0634506D01A466A
:10750000013311780029F8D1101A7047181A704702
:10751000084670470048704798500020000000005F
:1075200001F0FF01102A2BDB10F0070F08D010F834
:10753000013B013A8B422DD010F0070F42B3F6D138
:10754000F0B441EA012141EA014122F007047FF051
:1075500000070023F0E80256083C85EA010586EAA8
:10756000010685FA47F5A3FA87F586FA47F6A5FAE4
:1075700087F68EB9EED1F0BC01F0FF0102F00702F0
:1075800032B110F8013B013A83EA010313B1F8D19B
:107590000020704701387047002D06BF354603387C
:1075A000073815F0010F07D1013015F4807F02BFB5
:1075B000013015F4C03F0130F0BC0138704700BF06
:1075C00030B482B08DED000B019A194C22F00043CB
:1075D0000021A342016021DC009C1C431ED0154CFD
:1075E000144054B99FED107B20EE077B8DED007B9E
:1075F000019A6FF0350122F0004322F0FF42DDE9ED
:10760000004522F4E00242F07F551B1545F40015B9
:10761000A3F2FE33CDE900450B4403609DED000B62
:1076200002B030BC704700BF0000000000005043B3
:10763000FFFFEF7F0000F07F00B50B4C256814467C
:10764000EE681A4685B003460D464CB107490095D1
:10765000CDE901143046064900F04AFFF5F7B8FBC2
:1076600004490C46F3E700BF3055002054070020C2
:1076700064070020241D00202DE9F04F03690C69E8
:10768000A34283B0C0F28780013C01F11405A3003E
:1076900000F11408009355F8243058F824200133E1
:1076A00081469A4208EB840005EB84070190B2FB07
:1076B000F3F63BD34FF0000CAE464046E24663463D
:1076C0005EF804BB02681FFA8BFC06FB0C334FEA22
:1076D000134C4FEA1B4B06FB0BCC9BB2AAEB0303EC
:1076E0001FFA8CFA13FA82F3CAEB124202EB23421E
:1076F0009BB243EA0243774540F8043B4FEA224AF3
:107700004FEA1C43DCD2009B58F8033073B9019B4D
:10771000043B984504D307E0984504F1FF3403D2B5
:1077200053F80429002AF7D0C9F810404846FAF760
:1077300033FC00282BDB01364146002355F8040BAF
:10774000D1F800C082B29A1A030C12FA8CF2C3EB81
:107750001C4303EB224392B242EA0342AF4241F898
:10776000042B4FEA2343E9D258F8242008EB840382
:107770006AB9043B984504D307E0984504F1FF3407
:1077800003D253F80429002AF7D0C9F81040304634
:1077900003B0BDE8F08F002003B0BDE8F08F00BF5C
:1077A0002DE9F04F2DED028B8FB08DED020B019185
:1077B000816B1A9D059357EC106B0446934641B1BB
:1077C000C26B4A60012393408B60FAF72DF90023C6
:1077D000A363B7F10008B4BF012300232B60BE4BA5
:1077E000BCBF28F00048CDF80C8033EA080300F055
:1077F0009F809DED028BB5EE408BF1EE10FA11D11A
:10780000059A012313601B9B002B00F03F82B34BB2
:107810001B9A1360013B009300980FB0BDEC028BE4
:10782000BDE8F08F0CAA0DA92046B0EE480BFAF780
:1078300013FD5FEA1853054640F09280DDE90C1312
:107840000B4403F23242202A40F3FA82C2F1400292
:1078500008FA02F803F21242D64048EA060207EE9E
:10786000102AB8EE477B581E17EE906A53EC172B80
:107870004FF0010AA6F1F8739FED913B9FED927BCB
:107880009FED935B06EE900A43EC122BB8EEE64BAD
:10789000B7EE086B32EE466BA6EE037BA4EE057BDB
:1078A000FDEEC76BB5EEC07BF1EE10FA16EE907AE6
:1078B00008D5B8EEE66BB4EE476BF1EE10FA18BFE0
:1078C00007F1FF37162F00F24581854B03EBC70305
:1078D00093ED007BB4EEC78BF1EE10FA57D5091A81
:1078E0000023B1F1010807F1FF370A9300F1398154
:1078F00000230693002F52DA069B0497DB1B0693A6
:107900007B420893019B092B4FF000074ED8052BB3
:1079100040F39D82043B01930026019B9A1E032A9B
:1079200000F22581DFE812F0AA03A7039D037E037E
:10793000059AC8F3130842F20F7358EA0608136059
:107940001ED11B9B002B00F09185664B00930833E2
:107950001B9A009813600FB0BDEC028BBDE8F08F4E
:1079600018EE906AC6F31306A3F2FF3053EC182BFF
:1079700046F07F530C994FF0000A43F440137BE725
:107980001B9B002B40F03B83574B009344E7091AA5
:107990000023B1F101080A9300F1E380069300236C
:1079A0000893019B0497092BB844B0D90023012602
:1079B000019307964FF0FF399B460021E163CDF814
:1079C0002C902046FAF70AF80090002800F0408535
:1079D000009BA363B9F10E0F00F2DC80002E00F0D3
:1079E000D980049B002B40F3DE833D4A03F00F0156
:1079F00002EBC10292ED007B1A11DB0540F182839C
:107A00003A4991ED086B02F00F02032088EE065B05
:107A10005AB13649D60704D591ED006B013027EEF7
:107A2000067B521001F10801F4D185EE076B0A9B29
:107A30003BB1B7EE007BB4EEC76BF1EE10FA00F18C
:107A4000AE8407EE900AB8EEE75BB1EE0C7BA5EED4
:107A5000067B17EE902A51EC170BA2F15071B9F189
:107A6000000F00F08883049E4A46079B002B00F01D
:107A70004784B6EE003B1A4BFDEEC64B03EBC20C3F
:107A8000B8EEE47B36EE477B1CED026B83EE065BC3
:107A900041EC160B14EE900A35EE465B0099B4EEFD
:107AA000C75B3030F1EE10FA01F8010B00F3AC8443
:107AB000B7EE002BB2EE044B4FF0000C31E000BFEC
:107AC00061436F63A787D23FB3C8608B288AC63FE4
:107AD000FB799F501344D33F0000F07F150B00202B
:107AE000A80200206C0A0020780A002080020020F2
:107AF0000CF1010C94454DDA27EE047B25EE045B76
:107B0000FDEEC76B16EE903AB8EEE63B303337EE3B
:107B1000437BB4EEC57BF1EE10FA01F8013B00F1B6
:107B2000738432EE476BB4EEC56BF1EE10FADFD51D
:107B3000009A049602E08A4200F05084894611F8C7
:107B4000013D392BF7D00133DBB20B70049B0133BD
:107B5000049355E1091A0123B1F101080A937FF555
:107B6000C7AEC1F1010306934FF00008C2E600263C
:107B7000E66331462046F9F731FF0090002800F017
:107B80006784009BA3634FF0FF330B939946012357
:107B9000B34607930D9A002A55DB04990E2952DC4F
:107BA000B74BBBF1000F03EBC10393ED006B15DA8C
:107BB000B9F1000F12DC40F0F282B1EE047B26EE48
:107BC000077BB4EEC78BF1EE10FACA464E4600F2C0
:107BD0006D82DDF800806FEA0B0B70E288EE067BA9
:107BE000BDEEC77B009917EE103AB9F1010F03F112
:107BF0003003B8EEC75B01F8013BA5EE468B00F001
:107C00003483B2EE044B012311E088EE067BBDEE17
:107C1000C77B013317EE102A4B4502F13002B8EE54
:107C2000C75B01F8012BA5EE468B00F01E8328EE02
:107C3000048BB5EE408BF1EE10FAE6D1049B0133D4
:107C400004938946DCE0079B43B3019B012B40F37F
:107C50007682089B09F1FF3A534580F23F82089BE8
:107C6000CDF820A0AAEB030217444FF0000AB9F1A7
:107C7000000FC0F22583069B09934B44C84406932A
:107C800001212046F9F7D4FF06460CE07D4B009316
:107C900000980FB0BDEC028BBDE8F08F069BDDF8BD
:107CA00020A0079E0993099B6BB1B8F1000F0ADD74
:107CB000434506991A46A8BF4246891A9B1A06915F
:107CC0000993A8EB0208089B63B1079B002B00F007
:107CD000A782BAF1000F00F30482089BB3EB0A02FB
:107CE00040F0FF8201212046F9F7A2FF002F8246D3
:107CF00000F3AF80019B012B40F3878100230893A1
:107D00000120002F40F0B180404410F01F0000F02F
:107D10007A81C0F12002042A00F3888040F0F681C5
:107D2000069B002B05DD29461A462046FAF7BCF8CB
:107D30000546B8F1000F05DD514642462046FAF7E8
:107D4000B3F882460A9B002B40F03F81B9F1000F47
:107D500040F32581079B002B40F0A380049B013357
:107D60000493DDF80080012707E0294600230A225A
:107D70002046F9F763FE0137054651462846FFF7CE
:107D80007BFCB94500F1300008F8010BEDDCB9F1DE
:107D9000000F009ACCBFCB464FF0010B0346934433
:107DA00000272946012220460193FAF77DF8514623
:107DB0000546FAF7F1F8002840F3AF811BF8013CC3
:107DC000009A0BF1FF3B04E05A4500F0B1811BF82B
:107DD000013D392B0BF10109F6D001338BF800304E
:107DE00051462046F9F720FE56B12FB1B74203D0D5
:107DF00039462046F9F718FE31462046F9F714FEB9
:107E000029462046F9F710FE002389F80030DDE905
:107E100004231A601B9B002B3FF4FEAC0098C3F8B0
:107E200000900FB0BDEC028BBDE8F08FC0F11C00DC
:107E3000069B03440693099B0344099380446FE720
:107E4000C2F1200206FA02F207EE102A09E5012625
:107E500063E501463A462046F9F7C6FF019B012B30
:107E6000824640F3C58100230893DAF810200AEB1C
:107E700082021069F9F78CFEC0F1200044E700BFD0
:107E8000A8020020140B0020314600230A222046BD
:107E9000F9F7D4FD0B9B002B064640F3CE820497E6
:107EA0009946099B002B05DD31461A462046F9F715
:107EB000FBFF0646089B002B40F0EB81B046029B7F
:107EC000009F03F001027B1E4B440893019B0A9222
:107ED0001343099351462846FFF7CEFB31468346AC
:107EE0002846FAF759F84246514681462046FAF7A5
:107EF00075F8C26801460BF13003002A42D1CDE982
:107F000006032846FAF748F8069902902046F9F742
:107F10008BFD029A079B1AB90999002900F07E820D
:107F2000B9F1000FC0F28381019949EA01090A9968
:107F300051EA090900F07B81002A00F3C681089A02
:107F40003B7007F101099742CB4600F0C4812946F6
:107F500000230A222046F9F771FD464505463146C1
:107F60004FF000034FF00A02204612D0F9F766FDE9
:107F70004146064600230A222046F9F75FFD4F4698
:107F80008046A7E720460293F9F74EFD029B0122A7
:107F9000C6E7F9F753FD4F46064680469AE7019B30
:107FA000022B71DC079B002B7FF47BAF049B5146B7
:107FB000013328460493FFF75FFBDDF800B000F1C2
:107FC00030030BF8013B0027EBE651462846F9F752
:107FD000E3FF0028BFF6BAAE294600230A22204656
:107FE000F9F72CFD049B5F1E079B0546002B7FF4D1
:107FF0004BAF0B9B002B40F318829946B1E6BC4B6C
:1080000000930333A4E41C2012E7DDE902010028F9
:108010007FF474AEC1F31302002A00F0F480029BD7
:1080200008936DE601230793049B5B4403F1010968
:10803000B9F1010FCC460B93B8BF4FF0010C0021F2
:10804000BCF1170FE1637FF7BCAC012004225200A2
:1080500002F114036345014600F10100F7D9E16321
:10806000AFE401230793BBF1000F52DDCDF82CB034
:10807000D946DC46E3E700230793D5E700230793BF
:10808000F1E7DDF82C900497B9F1000F7FF4A1AD72
:1080900051464B4605222046F9F7D0FC0146824660
:1080A0002846F9F779FF00287FF793AD049B03F189
:1080B000010B009B3122984603F8012B0093514697
:1080C0002046F9F7B1FC0BF10103DDF800900493B1
:1080D000CDF80080002E7FF48FAE91E6A3EB0A0A64
:1080E000C5E5314652462046F9F77EFE2A4601464E
:1080F00006462046F9F7CAFD294605462046F9F707
:1081000093FCEAE50220B0EE485B81E4C0F13C005C
:108110008EE64FF0010BD9464FE403D1019BDB07FC
:108120003FF54CAED9461BF8013D302BFAD057E64F
:10813000049B009A013304933123137050E6BAF183
:10814000000F00F0238102F23342069B099313448F
:10815000DDF820A00693904492E507EE900AB1EE78
:108160000C5BB8EEE77BA6EE075B15EE902A51ECB0
:10817000150BA2F1507141EC150BB1EE047B36EEFC
:10818000477BB4EEC57BF1EE10FA00F33781B1EE18
:10819000455BB4EEC57BF1EE10FA7FF5FBAC4FF01A
:1081A000000A564615E500F0F580049B51495A42F5
:1081B00002F00F0001EBC00191ED006B121128EEEF
:1081C000066B00F04281B0EE467B4B490026022050
:1081D000D30705D591ED005B0130012627EE057B25
:1081E000521001F10801F3D1002E06FE076B1EE4C8
:1081F000029B002B7FF437AEDDE90201C1F31302CD
:10820000002A40F037813D4A0A40002A00F0FA80F7
:10821000069B01330693012308F1010808936FE5DB
:108220002946089A2046F9F7DFFD05465AE5002A57
:1082300012DD2946012220460193F9F735FE514609
:108240000546F9F7A9FE0028019B40F3E180392B90
:1082500000F0CA800BF13103B94609F8013B049BD9
:108260000133374604934646BAE538EE088BB4EE40
:10827000C68BF1EE10FA0ADCB4EE468BF1EE10FA82
:108280007FF4DCAC17EE103AD8077FF5D7AC009A34
:1082900054E471682046F9F7A1FB0746002800F076
:1082A000DE80336902339A0006F10C010C30F4F7DA
:1082B0005DF9394601222046F9F7F6FD8046FEE5D4
:1082C000069BA3EB09030993DAE4392B00F08C80B9
:1082D000B9460133C1E7049A013237460492464653
:1082E0005FE529462046F9F77FFD0546FAE400BF21
:1082F000780A0020A8020020800200200000F07F01
:108300005E4BFDEEC65B03EBC20C1CED023BB8EE10
:10831000E57B36EE477B41EC160B15EE901A23EE0B
:10832000063B00983031012A00F8011B00F08380E1
:10833000B2EE044B009B991827EE047BFDEEC76B51
:1083400016EE903A303300F8013B8142B8EEE65B1E
:1083500037EE457BF0D1B6EE006B33EE065BB4EE44
:10836000C75BF1EE10FA3FF5E3AB36EE436BB4EECC
:10837000C76BF1EE10FA7FF70DAC8946013919F899
:10838000013C302BF9D0731C049339E50C9AC2F1EF
:108390003602DAE60220B0EE486BFFF748BBB9F1CF
:1083A000000F3FF4DAAE0B9A002A7FF7F3ABB2EE80
:1083B000044B26EE046B013007EE900A049BB8EEE6
:1083C000E75BB1EE0C7BA6EE057B17EE90CA51EC95
:1083D000170B5E1EACF15071FFF747BB049B0133D6
:1083E00004933123FFF7B1BB049BBB4601330493D5
:1083F000392337460BF8013B4646E1E44FF0000ACB
:10840000564653E608927BE4731C04938946F7E4CE
:108410007FF422AFDA077FF51FAF18E7392BE3D0DF
:10842000B9F1000F3FF716AF16E7019B022B3FF79C
:1084300028AE0497BAE501468DE7019B022B3FF772
:1084400020AEDDF82C9004972BE50220FFF7EFBA61
:108450000B4B0C48002240F2AF11FFF7EDF8084B30
:1084600008483A4640F2EF21FFF7E6F8064B009342
:10847000FFF7D2B9029B0893F7E400BFA8020020DF
:10848000940700207C0A00206C0A002070B5054685
:1084900084B05BB11C4669B10E4B2846D3F8E0604E
:1084A0002346B047431C0FD004B070BD00F5827462
:1084B0000029F1D1074A2346D2F8E06028460A464F
:1084C00001A9B047431CEFD100228A2322602B6010
:1084D00004B070BDA84F002010B582B0049CCDE957
:1084E00000344FF0FF3300F0AFF902B010BD00BF11
:1084F0000EB410B583B005AB064C53F8042B0193B2
:1085000001462068FDF7CAFB03B0BDE8104003B088
:10851000704700BF305500202DE9F04F9368176871
:1085200083B09246002B70D081468A6808680C465A
:10853000083743E0A38913F4906F2ED0D4E90416D2
:10854000A0EB010806EB460606EBD67608F1010023
:1085500076102844B042324684BF064632465B0558
:1085600037D511464846F6F713F8019000283AD05F
:1085700042462169F3F7FAFFA289019B22F4906237
:1085800042F08002A281A6EB080203EB08006661BC
:10859000A260236120602E46A84642465946F7F75E
:1085A0001FFEDAF80830A2682068921B40445B1B6B
:1085B000A2602060CAF808303BB3083757E902B51B
:1085C000002DFAD0AA4216469046B3D92E46A846A8
:1085D000E3E74846F6F7B8FA03460028D3D1216905
:1085E0004846F8F7CFFCA3890C2243F04003C9F8B2
:1085F00000204FF0FF30A38100220023CAF808209A
:10860000CAF8043003B0BDE8F08F00200023CAF898
:10861000043003B0BDE8F08F2DE9F0418B890C46A2
:10862000990796B008D504F143030122C4E9043246
:10863000236016B0BDE8F081B4F90E10002906469B
:1086400025DB6A4600F054F800281FDB019D05F485
:108650007045A5F50055B5FA85F54FF480686D09AC
:108660004FF4006741463046F5F792FFE0B1B4F9A8
:108670000C30C4F8148043F0800320602061A38193
:1086800035BB3B43A38116B0BDE8F081A38913F04D
:10869000800519D04FF040080025414630462F464E
:1086A000F5F776FF0028E2D1B4F90C309A05C0D472
:1086B00023F0030304F1430243F002030121C4E960
:1086C0000421A3812260B4E74FF480682F46C9E7F4
:1086D000B4F90E10304600F021F810B9B4F90C309E
:1086E000CFE7A38923F0030343F001031BB2C8E7DC
:1086F00070B50C46084D03460026204611461C4620
:108700002E60F4F759FB431C00D070BD2B68002B82
:10871000FBD0236070BD00BF60C0002038B5074D9E
:108720000022044608462A60F4F74CFB431C00D0A4
:1087300038BD2B68002BFBD0236038BD60C0002003
:108740002DE9F04F8BB0DDE9158A149F0391814626
:1087500005921E46B8F1000F5CD0039B002B5ED043
:10876000059B1D68002F6AD0741E4EB3039B0493B3
:10877000043D002601950BE0039B2BBB019B1A686F
:10878000002A3AD0BC455CD2013C631C664617D037
:10879000D8F800300293019BDAF8E05053F8042F28
:1087A000019307A943464846D8F804B0A847421C9D
:1087B0003AD000EB060CBC45DED9029BC8E9003B71
:1087C00030460BB0BDE8F08F00280EDD049B019D04
:1087D00018445A1E07A900F1FF3E11F8013B02F8A8
:1087E000013F7245F9D101950490059B1A68043246
:1087F0001A60019B1A68002AC4D1039B0BB1059B28
:108800001A600CF1FF3600223046C8F800200BB089
:10881000BDE8F08F039B00F58678002BA0D1059B67
:108820004FF0FF371D689FE706468A210022304639
:10883000C9F80010C8F800200BB0BDE8F08F3E4624
:10884000BEE76646BCE700BF10B584B0054C06988D
:10885000009007980190044800680294FFF770FFA9
:1088600004B010BDA84F00203055002081F0004119
:1088700002E000BF83F0004330B54FEA41044FEA05
:10888000430594EA050F08BF90EA020F1FBF54EAA0
:10889000000C55EA020C7FEA645C7FEA655C00F03C
:1088A000E2804FEA5454D4EB5555B8BF6D420CDD0D
:1088B0002C4480EA020281EA030382EA000083EA90
:1088C000010180EA020281EA0303362D88BF30BD30
:1088D00011F0004F4FEA01314FF4801C4CEA113186
:1088E00002D0404261EB410113F0004F4FEA0333E5
:1088F0004CEA133302D0524263EB430394EA050F70
:1089000000F0A780A4F10104D5F1200E0DDB02FADE
:108910000EFC22FA05F2801841F1000103FA0EF272
:10892000801843FA05F359410EE0A5F120050EF138
:10893000200E012A03FA0EFC28BF4CF0020C43FA69
:1089400005F3C01851EBE37101F0004507D54FF076
:10895000000EDCF1000C7EEB00006EEB0101B1F5C6
:10896000801F1BD3B1F5001F0CD349085FEA30000C
:108970004FEA3C0C04F101044FEA445212F5800F17
:1089800080F09A80BCF1004F08BF5FEA500C50F1B4
:10899000000041EB045141EA050130BD5FEA4C0C97
:1089A000404141EB0101013C28BFB1F5801FE9D2F4
:1089B00091F0000F04BF01460020B1FA81F308BF17
:1089C0002033A3F10B03B3F120020CDA0C3208DDE3
:1089D00002F1140CC2F10C0201FA0CF021FA02F1BE
:1089E0000CE002F11402D8BFC2F1200C01FA02F12E
:1089F00020FA0CFCDCBF41EA0C019040E41AA2BF53
:108A000001EB0451294330BD6FEA04041F3C1CDA1A
:108A10000C340EDC04F11404C4F1200220FA04F03A
:108A200001FA02F340EA030021FA04F345EA0301E4
:108A300030BDC4F10C04C4F1200220FA02F001FAA6
:108A400004F340EA0300294630BD21FA04F0294628
:108A500030BD94F0000F83F4801306BF81F48011C1
:108A60000134013D4EE77FEA645C18BF7FEA655C34
:108A700029D094EA050F08BF90EA020F05D054EA06
:108A8000000C04BF1946104630BD91EA030F1EBF0B
:108A90000021002030BD5FEA545C05D1400049410F
:108AA00028BF41F0004130BD14F580043CBF01F502
:108AB000801130BD01F0004545F0FE4141F47001E8
:108AC0004FF0000030BD7FEA645C1ABF19461046C3
:108AD0007FEA655C1CBF0B46024650EA013406BFC4
:108AE00052EA033591EA030F41F4002130BD00BF83
:108AF00090F0000F04BF0021704730B54FF4806440
:108B000004F132044FF000054FF0000150E700BFC0
:108B100090F0000F04BF0021704730B54FF480641F
:108B200004F1320410F0004548BF40424FF000010C
:108B30003EE700BF42004FEAE2014FEA31014FEA4F
:108B400002701FBF12F07F4393F07F4F81F060519E
:108B5000704732F07F4208BF704793F07F4F04BFE9
:108B600041F40021704730B54FF4607401F00045C6
:108B700021F000411CE700BF50EA010208BF704726
:108B800030B54FF000050AE050EA010208BF704717
:108B900030B511F0004502D5404261EB41014FF480
:108BA000806404F132045FEA915C3FF4D8AE4FF088
:108BB00003025FEADC0C18BF03325FEADC0C18BF6B
:108BC000033202EBDC02C2F1200300FA03FC20FABC
:108BD00002F001FA03FE40EA0E0021FA02F1144409
:108BE000BDE600BF08B502460B4643EC172BB5EEB9
:108BF000C07BF1EE10FA03D4BDE8084000F00CB8D9
:108C0000B1EE477B51EC170B00F006F8404261EBE8
:108C1000410108BD000000009FED0B6B41EC170BFC
:108C20009FED0B5B27EE066BBCEEC66BB8EE464BBA
:108C3000A4EE457BFCEEC77B16EE101A17EE900AE9
:108C4000704700BFAFF30080000000000000F03D5F
:108C5000000000000000F0415FF800F065200260B5
:108C60005FF800F065D301605FF800F085C3016034
:108C70005FF800F00D21026000000000000000001D
:048C8000F8B500BF84
:088C8400A054FF7F0100000075
:108C8C0000000000000000000000000000000000D8
:108C9C0000000000000000000000000000000000C8
:108CAC0000000000000000000000000000000000B8
:108CBC0000000000000000000000000000000000A8
:108CCC000000000000000000000000000000000098
:108CDC000000000000000000000000000000000088
:108CEC000000000000000000000000000000000078
:108CFC000000000000000000000000000000000068
:108D0C000000000000000000000000000000000057
:108D1C000000000000000000000000000000000047
:108D2C000000000000000000000000000000000037
:108D3C000000000000000000000000000000000027
:108D4C000000000000000000000000000000000017
:108D5C000000000000000000000000000000000007
:108D6C0000000000000000000000000000000000F7
:108D7C0000000000000000000000000000000000E7
:108D8C0000000000000000000000000000000000D7
:108D9C0000000000000000000000000000000000C7
:108DAC0000000000000000000000000000000000B7
:108DBC0000000000000000000000000000000000A7
:108DCC000000000000000000000000000000000097
:108DDC000000000000000000000000000000000087
:108DEC000000000000000000000000000000000077
:108DFC000000000000000000000000000000000067
:108E0C000000000000000000000000000000000056
:108E1C000000000000000000000000000000000046
:108E2C000000000000000000000000000000000036
:108E3C000000000000000000000000000000000026
:108E4C000000000000000000000000000000000016
:108E5C000000000000000000000000000000000006
:108E6C0000000000000000000000000000000000F6
:108E7C0000000000000000000000000000000000E6
:108E8C0000000000000000000000000000000000D6
:108E9C0000000000000000000000000000000000C6
:108EAC0000000000000000000000000000000000B6
:108EBC0000000000000000000000000000000000A6
:108ECC000000000000000000000000000000000096
:108EDC000000000000000000000000000000000086
:108EEC000000000000000000000000000000000076
:108EFC000000000000000000000000000000000066
:108F0C000080E03779C34143176E05B5B5B8934679
:108F1C00F5F93FE9034F384D321D30F94877825A45
:108F2C003CBF737FDD4F1575000000000000F03F63
:108F3C000000000000002440000000000000594028
:108F4C000000000000408F40000000000088C3407B
:108F5C0000000000006AF8400000000080842E41F0
:108F6C0000000000D01263410000000084D797413C
:108F7C000000000065CDCD41000000205FA0024242
:108F8C00000000E876483742000000A2941A6D42B7
:108F9C00000040E59C30A2420000901EC4BCD642AA
:108FAC0000003426F56B0C430080E03779C3414355
:108FBC0000A0D8855734764300C84E676DC1AB43CB
:108FCC00003D9160E458E143408CB5781DAF1544E9
:108FDC0050EFE2D6E41A4B4492D54D06CFF08044C4
:108FEC00F64AE1C7022DB544B49DD9794378EA44D9
:108FFC00BC89D897B2D29C3C33A7A8D523F6493963
:10900C003DA7F444FD0FA5329D978CCF08BA5B2584
:10901C00436FAC64280668110000010100010101D6
:10902C000102010102020102030102030202040215
:10903C0002050202050302060302070302070403EA
:10904C0007040307050407050407060507060607BA
:10905C0006060707070707000000000000000000D5
:10906C0000000008000000000000000000000000EC
:10907C0001000400000102030405060708090A0B9D
:10908C000C0D0E0F000102030405060708090A0B5C
:10909C000C0D0E0FD01A0020481B00207C1B00204A
:1090AC00B01B0020E41B0020181C00202B810400A6
:1090BC00210000002B81040022000000AABBCC037D
:1090CC00020100FFFFFFFFFF1122330A0B0CCCDD66
:1090DC00DDDDDDDD00000000FFFFFFFFFFFFFFFF18
:1090EC00C90FDAA22168C234C4C6628B80DC1CD1E1
:1090FC0029024E088A67CC74020BBEA63B139B2236
:10910C00514A08798E3404DDEF9519B3CD3A431BDF
:10911C00302B0A6DF25F14374FE1356D6D51C2453E
:10912C00E485B576625E7EC6F44C42E9A637ED6BFB
:10913C000BFF5CB6F406B7EDEE386BFB5A899FA5B6
:10914C00AE9F24117C4B1FE649286651ECE45B3D35
:10915C00C2007CB8A163BF0598DA48361C55D39A77
:10916C0069163FA8FD24CF5F83655D23DCA3AD9614
:10917C001C62F356208552BB9ED529077096966DBE
:10918C00670C354E4ABC9804F1746C08CA18217CE3
:10919C0032905E462E36CE3BE39E772C180E86031D
:1091AC009B2783A2EC07A28FB5C55DF06F4C52C90B
:1091BC00DE2BCBF6955817183995497CEA956AE55C
:1091CC0015D2261898FA051015728E5A8AACAA6810
:1091DC00FFFFFFFFFFFFFFFF00000000001C131745
:1091EC00140000004C420020544200205C4200203D
:1091FC006442002000C40260D0C30260A0C30260BD
:10920C0070C3026040C3026010C302600602030414
:10921C00010506020206020602000000B0CA026046
:10922C0080CA026050CA026020CA026000020000BC
:10923C00000400000008000000100000253032641B
:10924C002E253037640000002447504747412C003E
:10925C0024474E4747412C002425732C25732C257D
:10926C00732C25732C25732C257300002C2573006F
:10927C002A253032580D0A004E4D454120474741B2
:10928C0020726F756E642D74726970206D69736DC8
:10929C0061746368000000006F7269673A20000017
:1092AC007265636F6E3A2000253033640000000055
:1092BC0053746174654572723A20000025D1000028
:1092CC0029D100002DD1000031D100000000000098
:1092DC00000000002524000089040000B11C0000DF
:1092EC000506000081140000090600000D060000B0
:1092FC000000000000000000654100006D3F000010
:10930C00A53E0000CD3E0000C53E0000893F000098
:10931C0001400000F13E000025400000D13E00005D
:10932C003D3F0000ED400000553F0000754000003F
:10933C00C13F0000A1410000A93E0000BD3E00005D
:10934C00613F0000C13E0000000000000000000072
:10935C00E548000095EB000091EB00008DEB000060
:10936C00ED480000F148000089EB000085EB00009F
:10937C0000000000000000005DCF0000F9D30000E9
:10938C00C9C9000021CB0000E9C900008DCA00004A
:10939C0011CA0000A5CB00003DCB0000C5C90000E0
:1093AC000000000000000000DDD00000113B0000B8
:1093BC00153B00004D3B0000493B0000193B0000F1
:1093CC0000000000253B0000293B0000313B000061
:1093DC00393B00002C2066756E6374696F6E3A2001
:1093EC0000000000617373657274696F6E20222532
:1093FC007322206661696C65643A2066696C65202D
:10940C00222573222C206C696E652025642573251A
:10941C00730A000042616C6C6F6320737563636543
:10942C0065646564000000002F646174612F6A65D7
:10943C006E6B696E732F776F726B73706163652FD0
:10944C00474E552D746F6F6C636861696E2F617236
:10945C006D2D31312F7372632F6E65776C69622DB0
:10946C0063796777696E2F6E65776C69622F6C69AB
:10947C0062632F7374646C69622F6764746F612DFF
:10948C006765746865782E630000000000000000BA
:10949C0000000000000000000000000000000000C0
:1094AC0000000000000000000000000000000000B0
:1094BC00000000000000000000000000101112135A
:1094CC00141516171819000000000000001A1B1CB8
:1094DC001D1E1F0000000000000000000000000026
:1094EC00000000000000000000000000001A1B1C1F
:1094FC001D1E1F0000000000000000000000000006
:10950C00000000000000000000000000000000004F
:10951C00000000000000000000000000000000003F
:10952C00000000000000000000000000000000002F
:10953C00000000000000000000000000000000001F
:10954C00000000000000000000000000000000000F
:10955C0000000000000000000000000000000000FF
:10956C0000000000000000000000000000000000EF
:10957C0000000000000000000000000000000000DF
:10958C000000000000000000000000002F64617467
:10959C00612F6A656E6B696E732F776F726B737068
:1095AC006163652F474E552D746F6F6C63686169ED
:1095BC006E2F61726D2D31312F7372632F6E657743
:1095CC006C69622D63796777696E2F6E65776C694C
:1095DC00622F6C6962632F7374646C69622F6D7097
:1095EC007265632E630000000020202020202020C4
:1095FC002020282828282820202020202020202037
:10960C002020202020202020208810101010101046
:10961C001010101010101010100404040404040492
:10962C00040404101010101010104141414141412C
:10963C00010101010101010101010101010101010E
:10964C00010101011010101010104242424242421E
:10965C0002020202020202020202020202020202DE
:10966C000202020210101010200000000000000086
:10967C0000000000000000000000000000000000DE
:10968C0000000000000000000000000000000000CE
:10969C0000000000000000000000000000000000BE
:1096AC0000000000000000000000000000000000AE
:1096BC00000000000000000000000000000000009E
:1096CC00000000000000000000000000000000008E
:1096DC00000000000000000000000000000000007E
:1096EC00000000000000000000000000496E6669E8
:1096FC006E697479000000004E614E002F64617435
:10970C00612F6A656E6B696E732F776F726B7370F6
:10971C006163652F474E552D746F6F6C636861697B
:10972C006E2F61726D2D31312F7372632F6E6577D1
:10973C006C69622D63796777696E2F6E65776C69DA
:10974C00622F6C6962632F7374646C69622F64742A
:10975C006F612E63000000006E660000696E697414
:10976C0079000000616E0000494E4600696E66008B
:10977C004E414E006E616E00303132333435363727
:10978C00383961626364656600000000286E756C90
:10979C006C290000300000002020202020202020F8
:1097AC0020202020202020202020202020202020AD
:1097BC00202020202020202020202020202020209D
:1097CC00202020202020202000000042C8801F40A4
:1097DC00B8821F400800000000000042C4801F40F7
:1097EC00B4821F400400000000C0004224801F40CF
:1097FC0014821F401000000000C0004228801F404F
:10980C0018821F402000000000C000422C801F4026
:10981C001C821F404000000000C0004234801F40EA
:10982C0024821F40000100000040004264811F4060
:10983C0054831F40000400000040004280811F4000
:10984C0070831F4000000200004000427C811F40DA
:10985C006C831F40000001000040004268811F40E3
:10986C0058831F4000080000004000423C811F400C
:10987C002C831F40010000000040004244811F4027
:10988C0034831F40040000000040004240811F4010
:10989C0030831F40020000000040004248811F40FE
:1098AC0038831F40080000000000004204811F4064
:1098BC00F4821F40000004000000004208811F4099
:1098CC00F8821F40000008000000004218811F4071
:1098DC0008831F40000080000000004214811F40DC
:1098EC0004831F40000040000000004200811F4024
:1098FC00F0821F400000020000000042FC801F406C
:10990C00EC821F40000001000000004224811F4037
:10991C0014831F40000000040000004228811F40F7
:10992C0018831F4000000008000000421C811F40EB
:10993C000C831F40000000010000004220811F40EA
:10994C0010831F400000000200000042EC801F400A
:10995C00DC821F400010000000000042F0801F401D
:10996C00E0821F40002000000000004234811F40B4
:10997C0024831F40000000400000004238811F403B
:10998C0028831F40000000800080004294801F400C
:10999C0084821F400000040000C0004290801F40E1
:1099AC0080821F400000008000800042A8801F4081
:1099BC0098821F400000800000800042A4801F405D
:1099CC0094821F4000004000004000426C811F4008
:1099DC005C831F400010000000C0004230801F401C
:1099EC0020821F408000000000400042B0811F40D8
:1099FC00A0831F400000002000400042AC811F40AB
:109A0C009C831F40000000100040004284811F40D6
:109A1C0074831F40000004000040004288811F40F6
:109A2C0078831F4000000800000000422C811F407A
:109A3C001C831F40000000100000004230811F40BA
:109A4C0020831F4000000020000000420C811F40BA
:109A5C00FC821F40000010000000004210811F40DB
:109A6C0000831F400000200000800042C8811F407E
:109A7C00B8831F400080000000800042C4811F405A
:109A8C00B4831F400040000000800042C0811F4092
:109A9C00B0831F400020000000800042BC811F40AA
:109AAC00AC831F400010000000800042D0811F409A
:109ABC00C0831F400000020000800042CC811F4088
:109ACC00BC831F400000010000C0004274801F4096
:109ADC0064821F400000000100C0004280801F40D3
:109AEC0070821F400000000800C0004284801F40AC
:109AFC0074821F400000001000C000426C801F40A8
:109B0C005C821F400000400000C000427C801F406F
:109B1C006C821F400000000400C0004278801F408F
:109B2C0068821F400000000200C0004288801F4075
:109B3C0078821F400000002063825363FFFFFFFF09
:109B4C00FFFF00000000000000000000010000000A
:109B5C0006000000DD4A0000B54A0000096700005D
:109B6C00D9660000D5660000F5480000454A0000A3
:109B7C005568000039490000D96700009D67000056
:109B8C00040F002081490000E5490000E455002045
:109B9C00485700206C57002024570020000000007C
:109BAC00C58B0000898D0000518D00000000000065
:109BBC00F18C0000098C0000D98B0000916D000025
:109BCC00D16D0000000000000100000079A300002E
:109BDC0011B2000045AE000049A3000019AD000011
:109BEC001DBB0000ADB10000B5A40000E5A2000053
:109BFC00D1A90000000000008DC400000DC70000BA
:109C0C00DDC60000000000007DC60000D9C40000C5
:109C1C00A9C40000916D0000D16D0000000000008F
:109C2C0035000000CEFBFFFFCB030000010000005D
:109C3C000000000034000000CEFBFFFFCB0300004F
:109C4C000100000000000000556E6B6E6F776E20F7
:109C5C0050474E3A203078001B05000017050000D5
:109C6C0005000000190000007D0000000101000447
:109C7C000100000401320101013202010110010155
:109C8C000111010101120102010302060103010687
:109C9C000112020202000001020200010201000195
:109CAC00021000010222000102230001000000004A
:109CBC000000000002210001022000010000000051
:109CCC00000000000130010101310101010200041A
:109CDC00010300040000000000000000012102014B
:109CEC000121010100000000000000000000000044
:109CFC000110020100000000000000000113010629
:109D0C00011302060000000000000000000000002B
:109D1C00000000000101020101010101010002012A
:109D2C000100010101020201010201010000000019
:109D3C0000000000000000000123020100000000F0
:109D4C00000000000120010154616E64656D205318
:109D5C0063726170657220436F6E74726F6C6C65A8
:109D6C00722077697468205544500000436865631D
:109D7C006B696E6720666F722045746865726E65DC
:109D8C00742E2E2E0000000045746865726E65748A
:109D9C00206861726477617265206E6F7420666FE3
:109DAC00756E6400436865636B696E6720666F72DD
:109DBC00206C696E6B2E2E2E0000000053746172A5
:109DCC0074696E67205544502E2E2E0045746865BC
:109DDC00726E6574206361626C65206973206E6FAE
:109DEC007420636F6E6E65637465642E00000000F2
:109DFC00526561647921000064656300656E6300DF
:109E0C0020204145532D4543422D253364202825E0
:109E1C0073293A2000000000736B69707065640050
:109E2C00706173736564000020204145532D4342DB
:109E3C00432D25336420282573293A200000000087
:109E4C0020204145532D4346423132382D25336471
:109E5C0020282573293A200020204145532D4354B6
:109E6C00522D31323820282573293A200000000069
:109E7C006661696C656400006BC1BEE22E409F9602
:109E8C00E93D7E117393172AAE2D8A571E03AC9CA5
:109E9C009EB76FAC45AF8E5130C81C46A35CE41125
:109EAC00E5FBC1191A0A52EFF69F2445DF4F9B17A9
:109EBC00AD2B417BE66C3710000000002020426186
:109ECC007365363420656E636F64696E67207465E4
:109EDC0073743A20000000007061737365640A00AB
:109EEC007061737365640A20204261736536342097
:109EFC006465636F64696E6720746573743A2000DF
:109F0C0030313233343536373839414243444546A3
:109F1C000000000045464530323143323634354678
:109F2C00443144433538364536393138344146347A
:109F3C004133314544354635334539334235463165
:109F4C00323346413431363830383637424131318C
:109F5C003031333139343446453739353245323581
:109F6C003137333337373830434230444238304559
:109F7C003631414145374338444443364335433603
:109F8C004141444542333445423338413246343002
:109F9C0044354536000000004232453745464433CF
:109FAC0037303735423946303346463938394337FE
:109FBC00433530353143323033344432413332332C
:109FCC003831303235313132374537424638363216
:109FDC0035413446343941354633453237463444BD
:109FEC004138424435394334374436444141424187
:109FFC0034433831323742443542354332353736C3
:10A00C003332323246454643434643333842383383
:10A01C0032333636433239450000000030303636A4
:10A02C004131393831383643313843313042324698
:10A03C00354544394235323237353241393833308F
:10A04C004236393931364535333543384630343775
:10A05C003531384138383941343341353934423669
:10A06C00424544323741313638443331443441353A
:10A07C003246383839323541413846350000000017
:10A08C003630324142374543413539374133443616
:10A09C0042353646463938323941354538423835FD
:10A0AC00394538353745413935413033353132450D
:10A0BC0032424145373339313638384432363441FF
:10A0CC0041353636334230333431444239434346DA
:10A0DC0044324334433546343231464543383134C7
:10A0EC0038303031423732453834384133384341D7
:10A0FC004531433635463738453536414244454679
:10A10C0045313244334330333942384130324436AE
:10A11C004245353933463042424244413536463168
:10A12C004543463637373135324546383034333788
:10A13C003043314133303543414633423542463169
:10A14C003330383739423536433631444535383477
:10A15C0041304635334132343437413531450000D6
:10A16C0020204D5049207465737420233120286DB4
:10A17C00756C5F6D7069293A2000000020204D50ED
:10A18C0049207465737420233220286469765F6DCE
:10A19C007069293A2000000020204D504920746538
:10A1AC0073742023342028696E765F6D6F64293AAE
:10A1BC00200000006661696C656420617420256470
:10A1CC000A000000556E65787065637465642065DF
:10A1DC0072726F722C2072657475726E20636F646C
:10A1EC0065203D20253038580A00000020204D50B5
:10A1FC00492074657374202335202873696D706C45
:10A20C006520676364293A20000000003030334138
:10A21C003041414544443745373834464330374460
:10A22C003846394543364533424644354333444238
:10A23C0041373634353633363341313038363936AA
:10A24C003232454143324444383445434335423835
:10A25C004137344441433444303945303342354539
:10A26C00304245373739463244463631000000001B
:10A27C003336453133394145413535323135363058
:10A28C00394432383136393938454430323042422B
:10A29C004244393643333738393046363531373125
:10A2AC0044393438453942433743424141344439C7
:10A2BC003332354432344436413343313237313022
:10A2CC004631304130394641303841423837000050
:10A2DC00323536353637333336303539453532430A
:10A2EC0041453232393235343734373035463339EB
:10A2FC004139340020204D5049207465737420235B
:10A30C003320286578705F6D6F64293A2000000057
:10A31C0036363133463236313632323233444634C5
:10A32C003838453943443438434331333243374169
:10A33C003041433933433730314230303142303998
:10A34C00324534453542394637334243443237423D
:10A35C003945453530443036353743373746333752
:10A36C0034453930334344464134433634320000AB
:10A37C00202043414D454C4C49412D4543422D2510
:10A38C00336420282573293A200000002020434103
:10A39C004D454C4C49412D4342432D2533642028D7
:10A3AC002573293A20000000202043414D454C4C98
:10A3BC0049412D4354522D31323820282573293AE6
:10A3CC0020000000202043434D3A207365747570C3
:10A3DC00206661696C656400202043434D2D414526
:10A3EC0053202325753A20004445532D45444533CD
:10A3FC002D434243000000004445532D4544453352
:10A40C002D454342000000004445532D4544452D45
:10A41C00434243004445532D4544452D454342009A
:10A42C004445532D4543420043414D454C4C494115
:10A43C002D3235362D43434D0000000043414D4530
:10A44C004C4C49412D3139322D43434D0000000015
:10A45C0043414D454C4C49412D3132382D43434DF0
:10A46C000000000043414D454C4C49412D323536DE
:10A47C002D47434D0000000043414D454C4C494194
:10A48C002D3139322D47434D0000000043414D45DD
:10A49C004C4C49412D3132382D47434D00000000C2
:10A4AC0043414D454C4C49412D3235362D43545288
:10A4BC000000000043414D454C4C49412D3139328F
:10A4CC002D4354520000000043414D454C4C494132
:10A4DC002D3132382D4354520000000043414D457C
:10A4EC004C4C49412D3235362D43464231323800E1
:10A4FC0043414D454C4C49412D3139322D43464257
:10A50C003132380043414D454C4C49412D313238A4
:10A51C002D4346423132380043414D454C4C494164
:10A52C002D3235362D4342430000000043414D454A
:10A53C004C4C49412D3139322D434243000000002F
:10A54C0043414D454C4C49412D3132382D4342430A
:10A55C000000000043414D454C4C49412D323536ED
:10A56C002D4543420000000043414D454C4C4941B0
:10A57C002D3139322D4543420000000043414D45F9
:10A58C004C4C49412D3132382D45434200000000DE
:10A59C004145532D3235362D43434D004145532D06
:10A5AC003139322D43434D004145532D3132382D35
:10A5BC0043434D004145532D3235362D47434D0015
:10A5CC004145532D3139322D47434D004145532DD3
:10A5DC003132382D47434D004145532D3235362D00
:10A5EC00435452004145532D3139322D43545200BE
:10A5FC004145532D3132382D435452004145532D92
:10A60C003235362D43464231323800004145532D08
:10A61C003139322D43464231323800004145532DF9
:10A62C003132382D43464231323800004145532DEA
:10A63C003235362D434243004145532D3139322DAD
:10A64C00434243004145532D3132382D43424300A0
:10A65C004145532D3235362D454342004145532D4E
:10A66C003139322D454342004145532D3132382D7D
:10A67C0045434200202044455325632D4543422D3C
:10A68C0025336420282573293A20000020204445D6
:10A69C005325632D4342432D2533642028257329EC
:10A6AC003A2000004E6F7720697320740000000080
:10A6BC001234567890ABCDEF000000002D2D2D2DCF
:10A6CC002D454E4420444820504152414D4554455F
:10A6DC0052532D2D2D2D2D002D2D2D2D2D42454739
:10A6EC00494E20444820504152414D455445525307
:10A6FC002D2D2D2D2D000000202044484D20706163
:10A70C0072616D65746572206C6F61643A20000033
:10A71C007365637033383472310000002020454378
:10A72C005020746573742023312028636F6E73740A
:10A73C00616E74206F705F636F756E742C20626134
:10A74C00736520706F696E742047293A20000000F1
:10A75C0030303030303030303030303030303030ED
:10A76C0030303030303030303030303030303030DD
:10A77C0030303030303030303030303030303031CC
:10A78C00000000006661696C656420282575290A43
:10A79C000000000020204543502074657374202372
:10A7AC00322028636F6E7374616E74206F705F63F8
:10A7BC006F756E742C206F7468657220706F696E83
:10A7CC0074293A2000000000464646464646464656
:10A7DC00464646464646464646464646464646460D
:10A7EC0039394445463833363134364243394231AF
:10A7FC0042344432323833300000000035454136A3
:10A80C00463338394133384238424338314537368C
:10A81C0037373533423135414135353639453137A6
:10A82C003832453330414245374432350000000060
:10A83C003430303030303030303030303030303008
:10A84C0030303030303030303030303030303030FC
:10A85C0030303030303030303030303030303030EC
:10A86C0000000000374646464646464646464646A3
:10A87C00464646464646464646464646464646466C
:10A88C00464646464646464646464646464646465C
:10A89C0046464646000000003535353535353535EC
:10A8AC00353535353535353535353535353535354C
:10A8BC00353535353535353535353535353535353C
:10A8CC003535353535353535000000007365637029
:10A8DC003235367231000000736563703232347277
:10A8EC003100000073656370313932723100000041
:10A8FC0020204145532D47434D2D253364202325DE
:10A90C006420282573293A200000000020204145AE
:10A91C00532D47434D2D253364202325642073701C
:10A92C006C697420282573293A2000002020484D9A
:10A93C0041435F4452424720285052203D205472DC
:10A94C00756529203A2000002020484D41435F4482
:10A95C0052424720285052203D2046616C73652995
:10A96C00203A20004D44350020204D44352074659C
:10A97C007374202325643A200000000025642E25E2
:10A98C00640000002E256400551D130055040300BF
:10A99C002A864886F70D0101010000002A8648CE60
:10A9AC003D030101000000002A864886F70D0101D5
:10A9BC00040000002A864886F70D020500000000FE
:10A9CC002A864886F70D0207000000002B060105B9
:10A9DC0005070301000000002B0E03020700000016
:10A9EC002A864886F70D010C01030000706265573A
:10A9FC00697468534841416E64332D4B65795472C8
:10AA0C0069706C654445532D4342430050424520C8
:10AA1C0077697468205348413120616E6420332D6E
:10AA2C004B65792033444553000000002A86488644
:10AA3C00F70D010C010400007062655769746853CE
:10AA4C004841416E64322D4B6579547269706C6566
:10AA5C004445532D43424300504245207769746866
:10AA6C00205348413120616E6420322D4B65792092
:10AA7C003344455300000000686D61635348413115
:10AA8C0000000000484D41432D5348412D3100003A
:10AA9C002A864886F70D020800000000686D616385
:10AAAC005348413232340000484D41432D53484104
:10AABC002D323234000000002A864886F70D020938
:10AACC0000000000686D6163534841323536000068
:10AADC00484D41432D5348412D323536000000007E
:10AAEC002A864886F70D020A00000000686D616333
:10AAFC005348413338340000484D41432D534841AD
:10AB0C002D333834000000002A864886F70D020BDE
:10AB1C0000000000686D616353484135313200001C
:10AB2C00484D41432D5348412D3531320000000032
:10AB3C0069642D6D643500002B0E03021A000000B1
:10AB4C0069642D73686131005348412D3100000058
:10AB5C0060864801650304020400000069642D73DB
:10AB6C0068613232340000005348412D32323400D7
:10AB7C0060864801650304020100000069642D73BE
:10AB8C0068613235360000005348412D32353600AD
:10AB9C0060864801650304020200000069642D739D
:10ABAC0068613338340000005348412D3338340089
:10ABBC0060864801650304020300000069642D737C
:10ABCC0068613531320000005348412D3531320077
:10ABDC0064657343424300002A864886F70D0307D9
:10ABEC00000000006465732D656465332D6362633A
:10ABFC00000000002A8648CE3D030107000000003B
:10AC0C00727361456E6372797074696F6E000000C7
:10AC1C00525341002A8648CE3D02010069642D65DD
:10AC2C00635075626C69634B6579000047656E65AE
:10AC3C00726963204543206B657900002B81040108
:10AC4C000C00000069642D65634448004543206B8B
:10AC5C00657920666F722045434448006D64355712
:10AC6C00697468525341456E6372797074696F6E82
:10AC7C00000000005253412077697468204D443520
:10AC8C00000000002A864886F70D0101050000002F
:10AC9C007368612D3157697468525341456E637204
:10ACAC00797074696F6E0000525341207769746833
:10ACBC0020534841310000002A864886F70D0101D7
:10ACCC000E00000073686132323457697468525355
:10ACDC0041456E6372797074696F6E0052534120F6
:10ACEC0077697468205348412D32323400000000DB
:10ACFC002A864886F70D01010B000000736861324B
:10AD0C00353657697468525341456E637279707465
:10AD1C00696F6E0052534120776974682053484123
:10AD2C002D323536000000002A864886F70D0101C9
:10AD3C000C000000736861333834576974685253DF
:10AD4C0041456E6372797074696F6E005253412085
:10AD5C0077697468205348412D3338340000000063
:10AD6C002A864886F70D01010D00000073686135D5
:10AD7C00313257697468525341456E6372797074FD
:10AD8C00696F6E00525341207769746820534841B3
:10AD9C002D353132000000002B0E03021D00000087
:10ADAC002A8648CE3D04010065636473612D776982
:10ADBC0074682D5348413100454344534120776911
:10ADCC0074682053484131002A8648CE3D04030163
:10ADDC000000000065636473612D776974682D53FE
:10ADEC0048413232340000004543445341207769D6
:10ADFC007468205348413232340000002A8648CE11
:10AE0C003D0403020000000065636473612D7769E3
:10AE1C0074682D5348413235360000004543445385
:10AE2C004120776974682053484132353600000060
:10AE3C002A8648CE3D04030300000000656364735A
:10AE4C00612D776974682D53484133383400000004
:10AE5C004543445341207769746820534841333843
:10AE6C00340000002A8648CE3D0403040000000094
:10AE7C0065636473612D776974682D53484135316E
:10AE8C0032000000454344534120776974682053D5
:10AE9C0048413531320000002A864886F70D010101
:10AEAC000A0000005253415353412D50535300009C
:10AEBC0069642D6B702D736572766572417574685B
:10AECC0000000000544C5320576562205365727685
:10AEDC0065722041757468656E7469636174696F1D
:10AEEC006E0000002B0601050507030200000000A0
:10AEFC0069642D6B702D636C69656E744175746833
:10AF0C0000000000544C532057656220436C696567
:10AF1C006E742041757468656E7469636174696FD1
:10AF2C006E0000002B06010505070303000000005E
:10AF3C0069642D6B702D636F64655369676E696E00
:10AF4C0067000000436F6465205369676E696E6724
:10AF5C00000000002B06010505070304000000009B
:10AF6C0069642D6B702D656D61696C50726F7465C1
:10AF7C006374696F6E000000452D6D61696C205023
:10AF8C00726F74656374696F6E0000002B060105A7
:10AF9C00050703080000000069642D6B702D7469AF
:10AFAC006D655374616D70696E67000054696D65F1
:10AFBC00205374616D70696E670000002B060105EB
:10AFCC00050703090000000069642D6B702D4F43C9
:10AFDC0053505369676E696E670000004F435350BE
:10AFEC00205369676E696E670000000069642D6309
:10AFFC00652D6261736963436F6E73747261696E00
:10B00C0074730000426173696320436F6E737472D2
:10B01C0061696E7473000000551D0F0069642D6327
:10B02C00652D6B6579557361676500004B657920FB
:10B03C005573616765000000551D250069642D631B
:10B04C00652D6578744B65795573616765000000F3
:10B05C00457874656E646564204B65792055736121
:10B06C0067650000551D110069642D63652D7375AE
:10B07C00626A656374416C744E616D65000000001A
:10B08C005375626A65637420416C74204E616D6502
:10B09C00000000006086480186F8420101000000B3
:10B0AC0069642D6E657473636170652D636572746C
:10B0BC0074797065000000004E657473636170658F
:10B0CC002043657274696669636174652054797094
:10B0DC006500000069642D61742D636F6D6D6F6E7A
:10B0EC004E616D6500000000436F6D6D6F6E204EFC
:10B0FC00616D6500434E00005504060069642D61C6
:10B10C00742D636F756E7472794E616D65000000FD
:10B11C00436F756E7472790043000000550407008C
:10B12C0069642D61742D6C6F63616C6974790000B6
:10B13C004C6F63616C697479000000004C00000076
:10B14C005504080069642D61742D73746174650075
:10B15C0053746174650000005354000055040A00D8
:10B16C0069642D61742D6F7267616E697A6174699F
:10B17C006F6E4E616D6500004F7267616E697A612A
:10B18C0074696F6E000000004F00000055040B0046
:10B19C0069642D61742D6F7267616E697A6174696F
:10B1AC006F6E616C556E69744E616D6500000000C8
:10B1BC004F726720556E6974000000004F550000F7
:10B1CC002A864886F70D010901000000656D61694A
:10B1DC006C4164647265737300000000452D6D61F1
:10B1EC00696C20616464726573730000550405001A
:10B1FC0069642D61742D73657269616C4E756D6235
:10B20C006572000053657269616C206E756D6265C4
:10B21C007200000073657269616C4E756D626572C7
:10B22C00000000005504100069642D61742D706FCE
:10B23C007374616C4164647265737300506F7374E2
:10B24C00616C20616464726573730000706F737459
:10B25C00616C4164647265737300000055041100E5
:10B26C0069642D61742D706F7374616C436F6465C8
:10B27C0000000000506F7374616C20636F64650094
:10B28C00706F7374616C436F646500005504040047
:10B29C0069642D61742D7375724E616D65000000CB
:10B2AC005375726E616D6500534E000055042A0093
:10B2BC0069642D61742D676976656E4E616D6500EC
:10B2CC00476976656E206E616D650000474E000023
:10B2DC0055042B0069642D61742D696E6974696164
:10B2EC006C730000496E697469616C730000000036
:10B2FC00696E697469616C730000000055042C0060
:10B30C0069642D61742D67656E65726174696F6E09
:10B31C005175616C696669657200000047656E6500
:10B32C00726174696F6E207175616C6966696572A2
:10B33C000000000067656E65726174696F6E51750F
:10B34C00616C69666965720055040C0069642D6155
:10B35C00742D7469746C65005469746C650000001C
:10B36C007469746C6500000055042E0069642D61CD
:10B37C00742D646E5175616C6966696572000000AC
:10B38C0044697374696E67756973686564204E618E
:10B39C006D65207175616C696669657200000000ED
:10B3AC00646E5175616C6966696572005504410083
:10B3BC0069642D61742D70736575646F6E796D00A1
:10B3CC0050736575646F6E796D00000070736575F0
:10B3DC00646F6E796D0000000992268993F22C64DB
:10B3EC000119000069642D646F6D61696E436F6DA6
:10B3FC00706F6E656E740000446F6D61696E2063D2
:10B40C006F6D706F6E656E74000000004443000039
:10B41C0055042D0069642D61742D756E6971756507
:10B42C004964656E7469666965720000556E697170
:10B43C007565204964656E74696669657200000003
:10B44C00756E697175654964656E74696669657256
:10B45C000000000050726F632D547970653A2034EF
:10B46C002C454E43525950544544000044454B2DF5
:10B47C00496E666F3A204445532D454445332D4360
:10B48C0042432C0044454B2D496E666F3A2044458F
:10B49C00532D4342432C000044454B2D496E666F9F
:10B4AC003A204145532D3132382D4342432C000074
:10B4BC0044454B2D496E666F3A204145532D313929
:10B4CC00322D4342432C000044454B2D496E666F90
:10B4DC003A204145532D3235362D4342432C000042
:10B4EC0044454B2D496E666F3A204145532D000063
:10B4FC00696E76616C696420504B00007273612E2A
:10B50C004E0000007273612E4500000065636B6590
:10B51C00792E51005253412D616C740045434453B4
:10B52C004100000045435F444800000045430000D3
:10B53C002A864886F70D01050C0000002020504299
:10B54C004B44463220285348413129202325643A64
:10B55C00200000002A8648CE3D0101002A8648863C
:10B56C00F70D010C010100002A864886F70D010534
:10B57C000D0000002D2D2D2D2D454E4420525341F4
:10B58C002050524956415445204B45592D2D2D2DB7
:10B59C002D0000002D2D2D2D2D424547494E2052BA
:10B5AC0053412050524956415445204B45592D2D5D
:10B5BC002D2D2D002D2D2D2D2D454E442045432078
:10B5CC0050524956415445204B45592D2D2D2D2D6A
:10B5DC00000000002D2D2D2D2D424547494E2045B4
:10B5EC00432050524956415445204B45592D2D2D41
:10B5FC002D2D00002D2D2D2D2D454E442050524922
:10B60C0056415445204B45592D2D2D2D2D00000014
:10B61C002D2D2D2D2D424547494E20505249564136
:10B62C005445204B45592D2D2D2D2D002D2D2D2DD7
:10B63C002D454E4420454E435259505445442050BC
:10B64C00524956415445204B45592D2D2D2D2D0039
:10B65C002D2D2D2D2D424547494E20454E435259F7
:10B66C00505445442050524956415445204B45595D
:10B67C002D2D2D2D2D0000002D2D2D2D2D454E4425
:10B68C0020525341205055424C4943204B45592D93
:10B69C002D2D2D2D000000002D2D2D2D2D4245473B
:10B6AC00494E20525341205055424C4943204B4562
:10B6BC00592D2D2D2D2D00002D2D2D2D2D454E448C
:10B6CC00205055424C4943204B45592D2D2D2D2DA5
:10B6DC00000000002D2D2D2D2D424547494E2050A8
:10B6EC0055424C4943204B45592D2D2D2D2D0000F5
:10B6FC0039323932373538343533303633443830E3
:10B70C00334444363033443545373737443738388B
:10B71C003845443144354246333537383631393083
:10B72C004641324632334542433038343841454144
:10B73C004444413932434136433344383042333246
:10B74C004334443130394245304633364436414532
:10B75C00373133304239434544374143444635341D
:10B76C0043464337353535414331344545424142F3
:10B77C00393341383938313346424633433446380D
:10B78C00303636443244383030463743333841381B
:10B79C00314145333139343239313734303346461F
:10B7AC003439343642304138334433443345303500
:10B7BC0045453537433646354635363036464235BF
:10B7CC0044344243364344333445453038303141B8
:10B7DC0035453934424237374230373530373233DA
:10B7EC00334130424337424143384639304637398A
:10B7FC000000000043333644304542374643443260
:10B80C003835323233434642354141424135424468
:10B81C00413344383243303143414431394541346A
:10B82C003834413837454134333737363337453779
:10B83C00353530304643423230303543354337446A
:10B84C004436454334414330323343444132383536
:10B85C00443739364333443945373545314546430A
:10B86C003432343838424234463144313341433334
:10B87C00304135370000000043303030444635311C
:10B88C0041374337374145384437433733373043F3
:10B89C0031464635354236394532313143324239FB
:10B8AC0045354442314544304246363144304439C2
:10B8BC00383939363230463439313045343136380E
:10B8CC0033383745334333304141314530304333DE
:10B8DC0033394137393530383834353244443936D8
:10B8EC004139413545413544394443413638444169
:10B8FC003633363033324146000000003234424693
:10B90C0036313835343638373836464444333033AC
:10B91C003038334432354536344546433636434168
:10B92C003437324243343444323533313032463892
:10B93C00423441394433424641373530393133385A
:10B94C003643303037373933374645333346413356
:10B95C003235324432383835353833374145314257
:10B96C00343834413841394134354637454538430C
:10B97C0030433633344639394538434444463739F5
:10B98C0043354345303745453732433746313233FB
:10B99C003134323139383136343233344341424226
:10B9AC0037323443463738423831373342394638E8
:10B9BC0038304643383633323234303741463146EC
:10B9CC00454446444445324245423637344341317E
:10B9DC0035463345383141313532314530373135E3
:10B9EC0031334131453835423544464130333146A7
:10B9FC003231454341453931413334440000000074
:10BA0C0031303030310000002020525341206B6522
:10BA1C00792076616C69646174696F6E3A200000FC
:10BA2C002020504B4353233120646174612073698F
:10BA3C00676E20203A2000007061737365640A20E1
:10BA4C0020504B43532331207369672E2076657247
:10BA5C006966793A200000007061737365640A208E
:10BA6C0020504B43532331206465637279707469A1
:10BA7C006F6E203A200000007061737365640A20B9
:10BA8C0020504B4353233120656E63727970746977
:10BA9C006F6E203A20000000020305070B0D1113F6
:10BAAC00171D1F25292B2F353B3D4347494F535914
:10BABC006165676B6D717F83898B95979DA3A7AD2E
:10BACC00B3B5BFC1C5C7D3DFE3E5E9EFF1FB0000B8
:10BADC0020205348412D3120746573742023256434
:10BAEC003A20000042756666657220616C6C6F636B
:10BAFC006174696F6E206661696C6564000000009A
:10BB0C0020205348412D256420746573742023250F
:10BB1C00643A2000544C532D45434448452D45432D
:10BB2C004453412D574954482D4145532D313238FA
:10BB3C002D4342432D53484100000000756E6B6E3F
:10BB4C006F776E00544C532D45434448452D454367
:10BB5C004453412D574954482D4145532D323536C8
:10BB6C002D4342432D53484100000000544C532DAB
:10BB7C0045434448452D45434453412D574954486A
:10BB8C002D4145532D3132382D4342432D534841DD
:10BB9C0032353600544C532D45434448452D4543CE
:10BBAC004453412D574954482D4145532D3132387A
:10BBBC002D47434D2D53484132353600544C532DAF
:10BBCC0045434448452D45434453412D574954481A
:10BBDC002D4145532D3235362D4342432D5348418B
:10BBEC0033383400544C532D45434448452D45437C
:10BBFC004453412D574954482D4145532D32353628
:10BC0C002D47434D2D53484133383400544C532D5C
:10BC1C0045434448452D45434453412D57495448C9
:10BC2C002D4145532D3235362D43434D0000000038
:10BC3C00544C532D45434448452D45434453412DC5
:10BC4C00574954482D4145532D3235362D43434DDC
:10BC5C002D380000544C532D45434448452D454345
:10BC6C004453412D574954482D4145532D313238B9
:10BC7C002D43434D00000000544C532D4543444884
:10BC8C00452D45434453412D574954482D41455367
:10BC9C002D3132382D43434D2D380000544C532D4B
:10BCAC0045434448452D45434453412D5749544839
:10BCBC002D43414D454C4C49412D3132382D434299
:10BCCC00432D53484132353600000000544C532D5F
:10BCDC0045434448452D45434453412D5749544809
:10BCEC002D43414D454C4C49412D3235362D434267
:10BCFC00432D53484133383400000000544C532D2D
:10BD0C0045434448452D45434453412D57495448D8
:10BD1C002D43414D454C4C49412D3132382D474333
:10BD2C004D2D53484132353600000000544C532DF4
:10BD3C0045434448452D45434453412D57495448A8
:10BD4C002D43414D454C4C49412D3235362D474301
:10BD5C004D2D53484133383400000000544C532DC2
:10BD6C0045434448452D45434453412D5749544878
:10BD7C002D334445532D4544452D4342432D5348C3
:10BD8C0041000000544C532D45434448452D52531B
:10BD9C00412D574954482D4145532D3132382D43AF
:10BDAC0042432D5348410000544C532D45434448C5
:10BDBC00452D5253412D574954482D4145532D3251
:10BDCC0035362D4342432D5348410000544C532DDE
:10BDDC0045434448452D5253412D574954482D4114
:10BDEC0045532D3132382D4342432D534841323582
:10BDFC0036000000544C532D45434448452D5253B6
:10BE0C00412D574954482D4145532D3132382D473A
:10BE1C00434D2D534841323536000000544C532DC0
:10BE2C0045434448452D5253412D574954482D41C3
:10BE3C0045532D3235362D4342432D53484133382B
:10BE4C0034000000544C532D45434448452D525367
:10BE5C00412D574954482D4145532D3235362D47E8
:10BE6C00434D2D534841333834000000544C532D6E
:10BE7C0045434448452D5253412D574954482D4371
:10BE8C00414D454C4C49412D3132382D4342432DC7
:10BE9C005348413235360000544C532D45434448E9
:10BEAC00452D5253412D574954482D43414D454C36
:10BEBC004C49412D3235362D4342432D53484133A5
:10BECC0038340000544C532D45434448452D5253AF
:10BEDC00412D574954482D43414D454C4C49412D1A
:10BEEC003132382D47434D2D534841323536000001
:10BEFC00544C532D45434448452D5253412D5749DD
:10BF0C0054482D43414D454C4C49412D3235362D2D
:10BF1C0047434D2D5348413338340000544C532D76
:10BF2C0045434448452D5253412D574954482D33D0
:10BF3C004445532D4544452D4342432D5348410020
:10BF4C00544C532D4448452D5253412D5749544878
:10BF5C002D4145532D3235362D47434D2D534841F8
:10BF6C0033383400544C532D4448452D5253412DF5
:10BF7C00574954482D4145532D3132382D47434DA7
:10BF8C002D53484132353600544C532D4448452DE1
:10BF9C005253412D574954482D4145532D31323878
:10BFAC002D4342432D53484132353600544C532DCA
:10BFBC004448452D5253412D574954482D41455322
:10BFCC002D3235362D4342432D5348413235360000
:10BFDC00544C532D4448452D5253412D57495448E8
:10BFEC002D4145532D3132382D4342432D53484179
:10BFFC0000000000544C532D4448452D5253412D04
:10C00C00574954482D4145532D3235362D43424323
:10C01C002D53484100000000544C532D4448452DED
:10C02C005253412D574954482D4145532D323536E5
:10C03C002D43434D00000000544C532D4448452DD6
:10C04C005253412D574954482D4145532D323536C5
:10C05C002D43434D2D380000544C532D4448452D51
:10C06C005253412D574954482D4145532D313238A7
:10C07C002D43434D00000000544C532D4448452D96
:10C08C005253412D574954482D4145532D31323887
:10C09C002D43434D2D380000544C532D4448452D11
:10C0AC005253412D574954482D43414D454C4C4911
:10C0BC00412D3132382D4342432D534841323536D0
:10C0CC0000000000544C532D4448452D5253412D33
:10C0DC00574954482D43414D454C4C49412D32351F
:10C0EC00362D4342432D5348413235360000000073
:10C0FC00544C532D4448452D5253412D57495448C7
:10C10C002D43414D454C4C49412D3132382D434244
:10C11C00432D534841000000544C532D4448452DA9
:10C12C005253412D574954482D43414D454C4C4990
:10C13C00412D3235362D4342432D534841000000EA
:10C14C00544C532D4448452D5253412D5749544876
:10C15C002D43414D454C4C49412D3132382D4743EF
:10C16C004D2D53484132353600000000544C532DB0
:10C17C004448452D5253412D574954482D43414D68
:10C18C00454C4C49412D3235362D47434D2D5348A6
:10C19C004133383400000000544C532D4448452D95
:10C1AC005253412D574954482D334445532D454442
:10C1BC00452D4342432D534841000000544C532D10
:10C1CC005253412D574954482D4145532D32353644
:10C1DC002D47434D2D53484133383400544C532D87
:10C1EC005253412D574954482D4145532D31323826
:10C1FC002D47434D2D53484132353600544C532D69
:10C20C005253412D574954482D4145532D31323805
:10C21C002D4342432D53484132353600544C532D57
:10C22C005253412D574954482D4145532D323536E3
:10C23C002D4342432D53484132353600544C532D37
:10C24C005253412D574954482D4145532D313238C5
:10C25C002D4342432D53484100000000544C532DB4
:10C26C005253412D574954482D4145532D323536A3
:10C27C002D4342432D53484100000000544C532D94
:10C28C005253412D574954482D4145532D32353683
:10C29C002D43434D00000000544C532D5253412D5F
:10C2AC00574954482D4145532D3235362D43434D76
:10C2BC002D380000544C532D5253412D574954489E
:10C2CC002D4145532D3132382D43434D0000000094
:10C2DC00544C532D5253412D574954482D414553DD
:10C2EC002D3132382D43434D2D380000544C532DF5
:10C2FC005253412D574954482D43414D454C4C49BF
:10C30C00412D3132382D4342432D5348413235367D
:10C31C0000000000544C532D5253412D57495448A2
:10C32C002D43414D454C4C49412D3235362D434220
:10C33C00432D53484132353600000000544C532DE8
:10C34C005253412D574954482D43414D454C4C496E
:10C35C00412D3132382D4342432D534841000000CA
:10C36C00544C532D5253412D574954482D43414D54
:10C37C00454C4C49412D3235362D4342432D5348C3
:10C38C0041000000544C532D5253412D57495448F1
:10C39C002D43414D454C4C49412D3132382D4743AD
:10C3AC004D2D53484132353600000000544C532D6E
:10C3BC005253412D574954482D43414D454C4C49FE
:10C3CC00412D3235362D47434D2D534841333834AA
:10C3DC0000000000544C532D5253412D57495448E2
:10C3EC002D334445532D4544452D4342432D53484D
:10C3FC0041000000544C532D454344482D525341A9
:10C40C002D574954482D4145532D3132382D434237
:10C41C00432D534841000000544C532D4543444890
:10C42C002D5253412D574954482D4145532D3235EA
:10C43C00362D4342432D534841000000544C532D9C
:10C44C00454344482D5253412D574954482D41459D
:10C45C00532D3132382D4342432D5348413235361A
:10C46C0000000000544C532D454344482D52534179
:10C47C002D574954482D4145532D3132382D4743C2
:10C48C004D2D53484132353600000000544C532D8D
:10C49C00454344482D5253412D574954482D41454D
:10C4AC00532D3235362D4342432D534841333834C6
:10C4BC0000000000544C532D454344482D52534129
:10C4CC002D574954482D4145532D3235362D474370
:10C4DC004D2D53484133383400000000544C532D3B
:10C4EC00454344482D5253412D574954482D4341FF
:10C4FC004D454C4C49412D3132382D4342432D533F
:10C50C004841323536000000544C532D45434448C5
:10C51C002D5253412D574954482D43414D454C4CB8
:10C52C0049412D3235362D4342432D534841333842
:10C53C0034000000544C532D454344482D52534174
:10C54C002D574954482D43414D454C4C49412D31B3
:10C55C0032382D47434D2D534841323536000000BB
:10C56C00544C532D454344482D5253412D57495457
:10C57C00482D43414D454C4C49412D3235362D47C4
:10C58C00434D2D534841333834000000544C532D47
:10C59C00454344482D5253412D574954482D33445B
:10C5AC0045532D4544452D4342432D5348410000EE
:10C5BC00544C532D454344482D45434453412D572A
:10C5CC004954482D4145532D3132382D4342432D8A
:10C5DC0053484100544C532D454344482D45434446
:10C5EC0053412D574954482D4145532D3235362D45
:10C5FC004342432D53484100544C532D454344482A
:10C60C002D45434453412D574954482D4145532DF5
:10C61C003132382D4342432D5348413235360000D8
:10C62C00544C532D454344482D45434453412D57B9
:10C63C004954482D4145532D3132382D47434D2D0A
:10C64C005348413235360000544C532D4543444831
:10C65C002D45434453412D574954482D4145532DA5
:10C66C003235362D4342432D534841333834000084
:10C67C00544C532D454344482D45434453412D5769
:10C68C004954482D4145532D3235362D47434D2DB8
:10C69C005348413338340000544C532D45434448DF
:10C6AC002D45434453412D574954482D43414D4545
:10C6BC004C4C49412D3132382D4342432D53484186
:10C6CC0032353600544C532D454344482D45434494
:10C6DC0053412D574954482D43414D454C4C4941EC
:10C6EC002D3235362D4342432D53484133383400D7
:10C6FC00544C532D454344482D45434453412D57E9
:10C70C004954482D43414D454C4C49412D3132380B
:10C71C002D47434D2D53484132353600544C532D43
:10C72C00454344482D45434453412D574954482DC6
:10C73C0043414D454C4C49412D3235362D47434DE7
:10C74C002D53484133383400544C532D4543444801
:10C75C002D45434453412D574954482D334445539B
:10C76C002D4544452D4342432D53484100000000C4
:10C77C00544C532D50534B2D574954482D41455330
:10C78C002D3132382D47434D2D534841323536002B
:10C79C00544C532D50534B2D574954482D41455310
:10C7AC002D3235362D47434D2D5348413338340007
:10C7BC00544C532D50534B2D574954482D414553F0
:10C7CC002D3132382D4342432D53484132353600FA
:10C7DC00544C532D50534B2D574954482D414553D0
:10C7EC002D3235362D4342432D53484133383400D6
:10C7FC00544C532D50534B2D574954482D414553B0
:10C80C002D3132382D4342432D5348410000000056
:10C81C00544C532D50534B2D574954482D4145538F
:10C82C002D3235362D4342432D5348410000000034
:10C83C00544C532D50534B2D574954482D4145536F
:10C84C002D3235362D43434D00000000544C532DF2
:10C85C0050534B2D574954482D4145532D323536A5
:10C86C002D43434D2D380000544C532D50534B2D1C
:10C87C00574954482D4145532D3132382D43434DA2
:10C88C0000000000544C532D50534B2D5749544825
:10C89C002D4145532D3132382D43434D2D38000059
:10C8AC00544C532D50534B2D574954482D43414D07
:10C8BC00454C4C49412D3132382D4342432D534880
:10C8CC004132353600000000544C532D50534B2D43
:10C8DC00574954482D43414D454C4C49412D323517
:10C8EC00362D4342432D5348413338340000000069
:10C8FC00544C532D50534B2D574954482D43414DB7
:10C90C00454C4C49412D3132382D47434D2D534820
:10C91C004132353600000000544C532D50534B2DF2
:10C92C00574954482D43414D454C4C49412D3235C6
:10C93C00362D47434D2D5348413338340000000009
:10C94C00544C532D50534B2D574954482D3344457B
:10C95C00532D4544452D4342432D5348410000007F
:10C96C00544C532D4448452D50534B2D5749544846
:10C97C002D4145532D3132382D47434D2D534841D0
:10C98C0032353600544C532D4448452D50534B2DC5
:10C99C00574954482D4145532D3235362D47434D7B
:10C9AC002D53484133383400544C532D4448452DB5
:10C9BC0050534B2D574954482D4145532D31323846
:10C9CC002D4342432D53484132353600544C532DA0
:10C9DC004448452D50534B2D574954482D414553F0
:10C9EC002D3235362D4342432D53484133383400D4
:10C9FC00544C532D4448452D50534B2D57495448B6
:10CA0C002D4145532D3132382D4342432D5348414E
:10CA1C0000000000544C532D4448452D50534B2DD1
:10CA2C00574954482D4145532D3235362D434243F9
:10CA3C002D53484100000000544C532D4448452DC3
:10CA4C0050534B2D574954482D4145532D323536B3
:10CA5C002D43434D00000000544C532D4448452DAC
:10CA6C0050534B2D574954482D4145532D32353693
:10CA7C002D43434D2D380000544C532D4448452D27
:10CA8C0050534B2D574954482D4145532D31323875
:10CA9C002D43434D00000000544C532D4448452D6C
:10CAAC0050534B2D574954482D4145532D31323855
:10CABC002D43434D2D380000544C532D4448452DE7
:10CACC0050534B2D574954482D43414D454C4C49DF
:10CADC00412D3132382D4342432D534841323536A6
:10CAEC0000000000544C532D4448452D50534B2D01
:10CAFC00574954482D43414D454C4C49412D3235F5
:10CB0C00362D4342432D5348413338340000000046
:10CB1C00544C532D4448452D50534B2D5749544894
:10CB2C002D43414D454C4C49412D3132382D474315
:10CB3C004D2D53484132353600000000544C532DD6
:10CB4C004448452D50534B2D574954482D43414D86
:10CB5C00454C4C49412D3235362D47434D2D5348CC
:10CB6C004133383400000000544C532D4448452DBB
:10CB7C0050534B2D574954482D334445532D454460
:10CB8C00452D4342432D534841000000544C532D36
:10CB9C0045434448452D50534B2D574954482D413E
:10CBAC0045532D3132382D4342432D5348413235B4
:10CBBC0036000000544C532D45434448452D5053EA
:10CBCC004B2D574954482D4145532D3235362D4365
:10CBDC0042432D534841333834000000544C532DFC
:10CBEC0045434448452D50534B2D574954482D41EE
:10CBFC0045532D3132382D4342432D5348410000CB
:10CC0C00544C532D45434448452D50534B2D5749B7
:10CC1C0054482D4145532D3235362D4342432D5327
:10CC2C0048410000544C532D45434448452D505326
:10CC3C004B2D574954482D43414D454C4C49412DA2
:10CC4C003132382D4342432D5348413235360000A2
:10CC5C00544C532D45434448452D50534B2D574967
:10CC6C0054482D43414D454C4C49412D3235362DC0
:10CC7C004342432D5348413338340000544C532D18
:10CC8C0045434448452D50534B2D574954482D335B
:10CC9C004445532D4544452D4342432D53484100B3
:10CCAC00544C532D5253412D50534B2D57495448EE
:10CCBC002D4145532D3132382D47434D2D5348418D
:10CCCC0032353600544C532D5253412D50534B2D6D
:10CCDC00574954482D4145532D3235362D47434D38
:10CCEC002D53484133383400544C532D5253412D5D
:10CCFC0050534B2D574954482D4145532D31323803
:10CD0C002D4342432D53484132353600544C532D5C
:10CD1C005253412D50534B2D574954482D41455397
:10CD2C002D3235362D4342432D5348413338340090
:10CD3C00544C532D5253412D50534B2D574954485D
:10CD4C002D4145532D3132382D4342432D5348410B
:10CD5C0000000000544C532D5253412D50534B2D79
:10CD6C00574954482D4145532D3235362D434243B6
:10CD7C002D53484100000000544C532D5253412D6B
:10CD8C0050534B2D574954482D43414D454C4C491C
:10CD9C00412D3132382D4342432D534841323536E3
:10CDAC0000000000544C532D5253412D50534B2D29
:10CDBC00574954482D43414D454C4C49412D323532
:10CDCC00362D4342432D5348413338340000000084
:10CDDC00544C532D5253412D50534B2D57495448BD
:10CDEC002D43414D454C4C49412D3132382D474353
:10CDFC004D2D53484132353600000000544C532D14
:10CE0C005253412D50534B2D574954482D43414DAE
:10CE1C00454C4C49412D3235362D47434D2D534809
:10CE2C004133383400000000544C532D5253412DE3
:10CE3C0050534B2D574954482D334445532D45449D
:10CE4C00452D4342432D534841000000636C6965F6
:10CE5C006E742066696E69736865640073657276BA
:10CE6C0065722066696E69736865640044544C533E
:10CE7C0076312E300000000044544C5376312E3263
:10CE8C0000000000756E6B6E6F776E202844544C5A
:10CE9C0053290000657874656E646564206D617358
:10CEAC007465722073656372657400006D617374D0
:10CEBC006572207365637265740000006B65792080
:10CECC00657870616E73696F6E00000053534C7619
:10CEDC00332E3000544C5376312E3000544C537654
:10CEEC00312E3100544C5376312E3200202B200041
:10CEFC002C20000025733D003F3F3D003A00000010
:10CF0C0025303258257300002E2E2E2E00000000E6
:10CF1C002020582E35303920636572746966696338
:10CF2C00617465206C6F61643A20000070617373EA
:10CF3C0065640A2020582E353039207369676E617C
:10CF4C0074757265207665726966793A2000000006
:10CF5C002A864886F70D0101080000003F3F3F007C
:10CF6C00202825732C204D4746312D25732C20303D
:10CF7C0078253032582900002573206B6579207391
:10CF8C00697A6500747275650000000066616C73E7
:10CF9C00650000000A4365727469666963617465B3
:10CFAC0020697320756E696E697469616C6973654B
:10CFBC0064210A002573636572742E207665727382
:10CFCC00696F6E20202020203A2025640A00000082
:10CFDC00257373657269616C206E756D6265722064
:10CFEC00202020203A2000000A2573697373756590
:10CFFC0072206E616D65202020202020203A2000B8
:10D00C000A25737375626A656374206E616D6520A1
:10D01C0020202020203A20000A257369737375653F
:10D02C006420206F6E20202020202020203A2025F4
:10D03C003034642D253032642D2530326420253077
:10D04C0032643A253032643A2530326400000000F4
:10D05C000A257365787069726573206F6E202020C5
:10D06C0020202020203A20253034642D25303264B5
:10D07C002D2530326420253032643A253032643A22
:10D08C0025303264000000000A25737369676E65F1
:10D09C0064207573696E672020202020203A2000C0
:10D0AC000A2573252D3138733A2025642062697462
:10D0BC00730000000A2573626173696320636F6EED
:10D0CC0073747261696E7473203A2043413D257309
:10D0DC00000000002C206D61785F706174686C65D5
:10D0EC006E3D2564000000000A25737375626A6545
:10D0FC00637420616C74206E616D6520203A200091
:10D10C000A2573636572742E207479706520202053
:10D11C0020202020203A2000257353534C20436CB0
:10D12C0069656E7400000000257353534C205365E1
:10D13C0072766572000000002573456D61696C00A4
:10D14C0025734F626A656374205369676E696E67F5
:10D15C0000000000257352657365727665640000EB
:10D16C00257353534C204341000000002573456D3B
:10D17C0061696C204341000025734F626A656374DA
:10D18C00205369676E696E67204341000A25736BF3
:10D19C006579207573616765202020202020202070
:10D1AC00203A200025734469676974616C205369C7
:10D1BC00676E61747572650025734E6F6E205265D3
:10D1CC00707564696174696F6E00000025734B653E
:10D1DC007920456E6369706865726D656E740000C8
:10D1EC0025734461746120456E6369706865726D66
:10D1FC00656E740025734B65792041677265656DAA
:10D20C00656E740025734B657920436572742053E9
:10D21C0069676E00257343524C205369676E00009A
:10D22C002573456E636970686572204F6E6C79006A
:10D23C0025734465636970686572204F6E6C790064
:10D24C000A2573657874206B657920757361676541
:10D25C0020202020203A2000257325730000000098
:10D26C0054686520636572746966696361746520CE
:10D27C0076616C6964697479206861732065787073
:10D28C006972656400000000257325730A000000B4
:10D29C002573556E6B6E6F776E20726561736F6E52
:10D2AC002028746869732073686F756C64206E6FC6
:10D2BC00742068617070656E290A00002D2D2D2D6B
:10D2CC002D424547494E2043455254494649434116
:10D2DC0054452D2D2D2D2D002D2D2D2D2D454E4410
:10D2EC002043455254494649434154452D2D2D2D3B
:10D2FC002D0000005468652063657274696669636B
:10D30C0061746520686173206265656E2072657654
:10D31C006F6B656420286973206F6E206120435207
:10D32C004C290000546865206365727469666963F2
:10D33C0061746520436F6D6D6F6E204E616D65205D
:10D34C0028434E2920646F6573206E6F74206D61C5
:10D35C0074636820776974682074686520657870D8
:10D36C00656374656420434E0000000054686520BA
:10D37C006365727469666963617465206973206E94
:10D38C006F7420636F72726563746C792073696754
:10D39C006E6564206279207468652074727573748C
:10D3AC0065642043410000005468652043524C20C2
:10D3BC006973206E6F7420636F72726563746C791D
:10D3CC00207369676E6564206279207468652074C7
:10D3DC0072757374656420434100000054686520C5
:10D3EC0043524C2069732065787069726564000043
:10D3FC004365727469666963617465207761732033
:10D40C006D697373696E67004365727469666963ED
:10D41C0061746520766572696669636174696F6EA3
:10D42C002077617320736B69707065640000000075
:10D43C004F7468657220726561736F6E202863612A
:10D44C006E20626520757365642062792076657242
:10D45C006966792063616C6C6261636B2900000002
:10D46C0054686520636572746966696361746520CC
:10D47C0076616C6964697479207374617274732059
:10D48C00696E20746865206675747572650000009D
:10D49C005468652043524C2069732066726F6D206E
:10D4AC0074686520667574757265000055736167E4
:10D4BC006520646F6573206E6F74206D6174636892
:10D4CC0020746865206B6579557361676520657894
:10D4DC0074656E73696F6E00557361676520646F58
:10D4EC006573206E6F74206D617463682074686559
:10D4FC0020657874656E6465644B657955736167F6
:10D50C006520657874656E73696F6E00557361671D
:10D51C006520646F6573206E6F74206D6174636831
:10D52C0020746865206E734365727454797065203D
:10D53C00657874656E73696F6E00000054686520C1
:10D54C0063657274696669636174652069732073BD
:10D55C0069676E6564207769746820616E20756EEA
:10D56C0061636365707461626C6520686173682EB9
:10D57C000000000054686520636572746966696315
:10D58C00617465206973207369676E6564207769BF
:10D59C00746820616E20756E61636365707461627E
:10D5AC006C6520504B20616C6720286567205253B6
:10D5BC0041207673204543445341292E000000003E
:10D5CC00546865206365727469666963617465206B
:10D5DC006973207369676E6564207769746820616C
:10D5EC006E20756E61636365707461626C65206B2F
:10D5FC0065792028656720626164206375727665A1
:10D60C002C2052534120746F6F2073686F727429F1
:10D61C002E0000005468652043524C20697320731F
:10D62C0069676E6564207769746820616E20756E19
:10D63C0061636365707461626C6520686173682EE8
:10D64C00000000005468652043524C20697320731D
:10D65C0069676E6564207769746820616E20756EE9
:10D66C0061636365707461626C6520504B20616C02
:10D67C006720286567205253412076732045434428
:10D68C005341292E000000005468652043524C2061
:10D69C006973207369676E656420776974682061AB
:10D6AC006E20756E61636365707461626C65206B6E
:10D6BC0065792028656720626164206375727665E0
:10D6CC002C2052534120746F6F2073686F72742931
:10D6DC002E0000004C435F434F4C4C41544500001E
:10D6EC004C435F4354595045000000004C435F4D80
:10D6FC004F4E4554415259004C435F4E554D455287
:10D70C00494300004C435F54494D45004C435F4D29
:10D71C004553534147455300000100003455002048
:10D72C001200000000060000F4EB02600A0000008A
:10D73C000002000090EB0260620000000007000095
:10D74C002CEB026062000000EE030000C4570020C6
:10D75C0012000000000004EE9C570020280000007E
:10D76C000003000028EB0260000000000103090424
:10D77C0010EB02600000000002030904F8EA0260EA
:10D78C0000000000030309041058002000000000F2
:10D79C0000000000000000000000000030303030BD
:10D7AC00303030303030303030303030303030306D
:10D7BC00303030303030303030303030303030305D
:10D7CC00303030303030303030303030000000000D
:10D7DC000000000084BC0020ECBC002054BD0020E4
:10D7EC00000000000000000000000000000000002D
:10D7FC00000000000000000000000000000000001D
:10D80C00000000000000000000000000000000000C
:10D81C0000000000000000000000000000000000FC
:10D82C0000000000000000000000000000000000EC
:10D83C0000000000000000000000000000000000DC
:10D84C0000000000000000000000000000000000CC
:10D85C0000000000000000000000000000000000BC
:10D86C0000000000000000000100000000000000AB
:10D87C000E33CDAB34126DE6ECDE05000B00000070
:10D88C00000000000000000000000000000000008C
:10D89C00000000000000000000000000000000007C
:10D8AC00000000000000000000000000000000006C
:10D8BC00000000000000000000000000000000005C
:10D8CC00000000000000000000000000000000004C
:10D8DC00000000000000000000000000000000003C
:10D8EC00000000000000000000000000000000002C
:10D8FC000029DE07007B9A17D006002000000000EC
:10D90C00E803000000000000F80600200000000002
:10D91C00E80300000000000000001A40304F002017
:10D92C00000000000888002008870020000000008C
:10D93C00000000002800000040000000280000004B
:10D94C00400000000000000000000000000000008B
:10D95C0000000000000000000000000000000000BB
:10D96C000000000000000000F8060020000000008D
:10D97C00E80300000000000000401840104E00209A
:10D98C0000000000308800204887002000000000C4
:10D99C0000000000280000004000000028000000EB
:10D9AC00400000000000000000000000000000002B
:10D9BC00000000000000000000000000000000005B
:10D9CC000000000000000000F8060020000000002D
:10D9DC00E80300000000000000C01940D04E0020F9
:10D9EC0000000000588800208887002000000000FC
:10D9FC00000000002800000040000000280000008B
:10DA0C0040000000000000000000000000000000CA
:10DA1C0000000000000000000000000000000000FA
:10DA2C000000000000000000F806002000000000CC
:10DA3C00E80300000000000000401940704E002078
:10DA4C000000000080880020C88700200000000033
:10DA5C00000000002800000040000000280000002A
:10DA6C00400000000000000000000000000000006A
:10DA7C00000000000000000000000000000000009A
:10DA8C000000000000000000DEADBEEFFEED000067
:10DA9C0005140000B9D00000000000007CC00F404D
:10DAAC00000000031900000002000000000000004C
:10DABC0000000000FF000000FF000000000000005C
:10DACC000000000018000000020000000000000030
:10DADC0000000000FF000000FF000000000000003C
:10DAEC0000000000FF004000260018007700000036
:10DAFC0007180000D1D000000000000074C00F40D7
:10DB0C000C000000220000000100000048851F40AE
:10DB1C0001000000300000000200000048851F409A
:10DB2C000000000023000000010000004C851F4095
:10DB3C0001000000FF000000FF00000000000000DA
:10DB4C000000000032024000260018007B0000009C
:10DB5C00061A0000C5D00000000000007CC00F4079
:10DB6C000000000C1C0000000200000058851F4043
:10DB7C0001000000FF000000FF000000000000009A
:10DB8C00000000001D000000020000005C851F402A
:10DB9C0001000000FF000000FF000000000000007A
:10DBAC0000000000FF004000260018007D0000006F
:10DBBC00041B0000ADD000000000000080C00F402E
:10DBCC0000C00000150000000200000060851F402E
:10DBDC00010000002E0000000200000060851F40C4
:10DBEC0000000000140000000200000064851F40CB
:10DBFC00010000002F0000000200000064851F409F
:10DC0C00000000002B024000260018007E000000DF
:10DC1C000000000080000000FFFFFFFF44BC00205C
:10DC2C00A030202000000000430000000000000095
:10DC3C0000000000000000000000000000000000D8
:10DC4C000000000000000000430000000000000085
:10DC5C0000000000000000000000000000000000B8
:10DC6C000000000000000000430000000000000065
:10DC7C000000000000000000000000000000000098
:10DC8C000000000000000000430000000000000045
:10DC9C000000000000000000000000000000000078
:10DCAC000000000000000000430000000000000025
:10DCBC000000000000000000000000000000000058
:10DCCC000000000000000000430000000000000005
:10DCDC000000000000000000000000000000000038
:10DCEC0000000000000000004300000000000000E5
:10DCFC000000000000000000000000000000000018
:10DD0C00000000000000000051380100B12D01009E
:10DD1C000000000068090020504A0020241D00204B
:10DD2C00241D0020241D0020241D0020241D002063
:10DD3C00241D0020241D0020241D0020241D002053
:10DD4C00FFFFFFFFFFFFFFFFFFFFFFFFFFFF0000D5
:10DD5C00010041534349490000000000000000004D
:10DD6C0000000000000000000000000000000000A7
:10DD7C00000041534349490000000000000000002E
:10DD8C000000000000000000000000000000000087
:10DD9C0000000000000000000000000014510020F2
:10DDAC00145100201C5100201C5100202451002033
:10DDBC00245100202C5100202C51002034510020E3
:10DDCC00345100203C5100203C5100204451002093
:10DDDC00445100204C5100204C5100205451002043
:10DDEC00545100205C5100205C51002064510020F3
:10DDFC00645100206C5100206C51002074510020A3
:10DE0C00745100207C5100207C5100208451002052
:10DE1C00845100208C5100208C5100209451002002
:10DE2C00945100209C5100209C510020A4510020B2
:10DE3C00A4510020AC510020AC510020B451002062
:10DE4C00B4510020BC510020BC510020C451002012
:10DE5C00C4510020CC510020CC510020D4510020C2
:10DE6C00D4510020DC510020DC510020E451002072
:10DE7C00E4510020EC510020EC510020F451002022
:10DE8C00F4510020FC510020FC51002004520020D1
:10DE9C00045200200C5200200C520020145200207E
:10DEAC00145200201C5200201C520020245200202E
:10DEBC00245200202C5200202C52002034520020DE
:10DECC00345200203C5200203C520020445200208E
:10DEDC00445200204C5200204C520020545200203E
:10DEEC00545200205C5200205C52002064520020EE
:10DEFC00645200206C5200206C520020745200209E
:10DF0C00745200207C5200207C520020845200204D
:10DF1C00845200208C5200208C52002094520020FD
:10DF2C00945200209C5200209C520020A4520020AD
:10DF3C00A4520020AC520020AC520020B45200205D
:10DF4C00B4520020BC520020BC520020C45200200D
:10DF5C00C4520020CC520020CC520020D4520020BD
:10DF6C00D4520020DC520020DC520020E45200206D
:10DF7C00E4520020EC520020EC520020F45200201D
:10DF8C00F4520020FC520020FC52002004530020CC
:10DF9C00045300200C5300200C5300201453002079
:10DFAC00145300201C5300201C5300202453002029
:10DFBC00245300202C5300202C53002034530020D9
:10DFCC00345300203C5300203C5300204453002089
:10DFDC00445300204C5300204C5300205453002039
:10DFEC00545300205C5300205C53002064530020E9
:10DFFC00645300206C5300206C5300207453002099
:10E00C00745300207C5300207C5300208453002048
:10E01C00845300208C5300208C53002094530020F8
:10E02C00945300209C5300209C530020A4530020A8
:10E03C00A4530020AC530020AC530020B453002058
:10E04C00B4530020BC530020BC530020C453002008
:10E05C00C4530020CC530020CC530020D4530020B8
:10E06C00D4530020DC530020DC530020E453002068
:10E07C00E4530020EC530020EC530020F453002018
:10E08C00F4530020FC530020FC53002004540020C7
:10E09C00045400200C5400200C5400201454002074
:10E0AC00145400201C5400201C5400202454002024
:10E0BC00245400202C5400202C54002034540020D4
:10E0CC00345400203C5400203C5400204454002084
:10E0DC00445400204C5400204C5400205454002034
:10E0EC00545400205C5400205C54002064540020E4
:10E0FC00645400206C5400206C5400207454002094
:10E10C00745400207C5400207C5400208454002043
:10E11C00845400208C5400208C54002094540020F3
:10E12C00945400209C5400209C540020A4540020A3
:10E13C00A4540020AC540020AC540020B454002053
:10E14C00B4540020BC540020BC540020C454002003
:10E15C00C4540020CC540020CC540020D4540020B3
:10E16C00D4540020DC540020DC540020E454002063
:10E17C00E4540020EC540020EC540020F454002013
:10E18C00F4540020FC540020FC54002004550020C2
:10E19C00045500200C5500200C550020FFFFFFFFFC
:10E1AC0000000200000000000300000084BC0020FE
:10E1BC00504B002012010002EF020140C0168304F4
:10E1CC008002010203010000657468300000000049
:10E1DC00DC05000008560020CC0E002000000000DA
:10E1EC000000000000000000000000000000000023
:10E1FC000000000000000000000000000000000013
:10E20C000000000000000000000000000000000002
:10E21C0000000000000000000000000000000000F2
:10E22C0000000000010306333A3B0000010400002B
:10E23C0000802D4000802D40820000000000000076
:10E24C0000000000000000000000000000000000C2
:10E25C0000000000000000000000000000000000B2
:10E26C00C05E002000000000010000000100000062
:10E27C0000000000000000007D6A000000000000AB
:10E28C000000000000000000B0550020000000005D
:10E29C0000000000494D0000354E0000C54E000046
:10E2AC00F5460000F14600000000000000000000F0
:10E2BC000000000000000000000000000000000052
:10E2CC000000000000000000000000000000000042
:10E2DC000000000000000000000000000000000032
:10E2EC000000000000000000000000000000000022
:10E2FC000000000000000000000000000000000012
:10E30C000000000000000000000000000000000001
:10E31C0000000000000000000000000000000000F1
:10E32C0000000000000000000000000000000000E1
:10E33C0000000000000000000000000000000000D1
:10E34C0000000000000000000000000000000000C1
:10E35C0000000000000000000000000000000000B1
:10E36C0000000000000000000000000000000000A1
:10E37C000000000000000000000000000000000091
:10E38C000000000000000000000000000000000081
:10E39C000000000000000000000000000000000071
:10E3AC00000000000000000001000300000000005D
:10E3BC0000000000AD8D0000C98D000000000000C1
:10E3CC00000000001C0F00200000000001000100F4
:10E3DC000600000055A8000035AA000049BC00004A
:10E3EC00EDAA000085AA0000480F002000000000E4
:10E3FC0001000200110000000000000031C7000005
:10E40C004DC7000035C9000000000000740F00204B
:10E41C00D08B0260086A0260D91601002800000047
:10E42C000001040001000000000000000201574937
:10E43C004E55534200000000000000000000000098
:10E44C000000000012034D00530046005400310040
:10E45C0030003000F800000001000000080000004F
:10E46C00070000000600000005000000040000008A
:10E47C00000000002BC000002CC0000000000000B9
:10E48C00030400000600000007000000000000006C
:10E49C000C03000000000000000000000000000061
:10E4AC0000000000000000C0010800000000000097
:10E4BC000000000000000000000000000000000050
:10E4CC000000000000000000000000000000000040
:10E4DC000000000000000000000000000000000030
:10E4EC000000000000000000000000000000000020
:10E4FC000000000000000000000000000000000010
:10E50C0000000000000000000000000000000000FF
:10E51C0000000000000000000000000000000000EF
:10E52C0000000000000000000000000000000000DF
:10E53C0000000000000000000000000000000000CF
:10E54C0000000000000000000000000000000000BF
:10E55C0000000000000000000000000000000000AF
:10E56C00000000000000000000000000000000009F
:10E57C00000000000000000000000000000000008F
:10E58C00000000000000000000000000000000007F
:10E59C00000000000000000000000000000000006F
:10E5AC00000000000000000000000000000000005F
:10E5BC00000000000000000000000000000000004F
:10E5CC00000000000000000000000000000000003F
:10E5DC00000000000000000000000000000000002F
:10E5EC00000000000000000000000000000000001F
:10E5FC00000000000000000000000000000000000F
:10E60C0000000000000000000000000000000000FE
:10E61C0000000000000000000000000000000000EE
:10E62C0000000000000000000000000000000000DE
:10E63C0000000000000000000000000000000000CE
:10E64C0000000000000000000000000000000000BE
:10E65C0000000000000000000000000000000000AE
:10E66C00000000000000000000000000000000009E
:10E67C00000000000000000000000000000000008E
:10E68C00000000000000000000000000000000007E
:10E69C00000000000000000000000000000000006E
:10E6AC00000000000000000000000000000000005E
:10E6BC00000000000000000000000000000000004E
:10E6CC00000000000000000000000000000000003E
:10E6DC00000000000000000000000000000000002E
:10E6EC00000000000000000000000000000000001E
:10E6FC00000000000000000000000000000000000E
:10E70C0000000000000000000000000000000000FD
:10E71C0000000000000000000000000000000000ED
:10E72C0000000000000000000000000000000000DD
:10E73C0000000000000000000000000000000000CD
:10E74C0000000000000000000000000000000000BD
:10E75C0000000000000000000000000000000000AD
:10E76C00000000000000000000000000000000009D
:10E77C00000000000000000000000000000000008D
:10E78C00000000000000000000000000000000007D
:10E79C00000000000000000000000000000000006D
:10E7AC00000000000000000000000000000000005D
:10E7BC00000000000000000000000000000000004D
:10E7CC00000000000000000000000000000000003D
:10E7DC00000000000000000000000000000000002D
:10E7EC00000000000000000000000000000000001D
:10E7FC00000000000000000000000000000000000D
:10E80C0000000000000000000000000000000000FC
:10E81C0000000000000000000000000000000000EC
:10E82C0000000000000000000000000000000000DC
:10E83C0000000000000000000000000000000000CC
:10E84C0000000000000000000000000000000000BC
:10E85C0000000000000000000000000000000000AC
:10E86C00000000000000000000000000000000009C
:10E87C00000000000000000000000000000000008C
:10E88C00000000000000000000000000000000007C
:10E89C00000000000000000000000000000000006C
:10E8AC00000000000000000000000000000000005C
:10E8BC00000000000000000000000000000000004C
:10E8CC00000000000000000000000000000000003C
:10E8DC00000000000000000000000000000000002C
:10E8EC00000000000000000000000000000000001C
:10E8FC00000000000000000000000000000000000C
:10E90C0000000000000000000000000000000000FB
:10E91C0000000000000000000000000000000000EB
:10E92C0000000000000000000000000000000000DB
:10E93C0000000000000000000000000000000000CB
:10E94C0000000000000000000000000000000000BB
:10E95C0000000000000000000000000000000000AB
:10E96C00000000000000000000000000000000009B
:10E97C00000000000000000000000000000000008B
:10E98C00000000000000000000000000000000007B
:10E99C00000000000000000000000000000000006B
:10E9AC00000000000000000000000000000000005B
:10E9BC00000000000000000000000000000000004B
:10E9CC00000000000000000000000000000000003B
:10E9DC00000000000000000000000000000000002B
:10E9EC00000000000000000000000000000000001B
:10E9FC00000000000000000000000000000000000B
:10EA0C0000000000000000000000000000000000FA
:10EA1C0000000000000000000000000000000000EA
:10EA2C0000000000000000000000000000000000DA
:10EA3C0000000000000000000000000000000000CA
:10EA4C0000000000000000000000000000000000BA
:10EA5C0000000000000000000000000000000000AA
:10EA6C00000000000000000000000000000000009A
:10EA7C00000000000000000000000000000000008A
:10EA8C00000000000000000000000000000000007A
:10EA9C00000000000000000000000000000000006A
:10EAAC00000000000000000000000000000000005A
:10EABC00000000000000000000000000000000004A
:10EACC00000000000000000000000000000000003A
:10EADC00000000000000000000000000000000002A
:10EAEC00000000000000000000000000000000001A
:10EAFC00000000000000000000000000000000000A
:10EB0C0000000000000000000000000000000000F9
:10EB1C0000000000000000000000000000000000E9
:10EB2C0000000000000000000000000000000000D9
:10EB3C0000000000000000000000000000000000C9
:10EB4C0000000000000000000000000000000000B9
:10EB5C0000000000000000000000000000000000A9
:10EB6C000000000000000000000000000000000099
:10EB7C000000000000000000000000000000000089
:10EB8C000000000000000000000000000000000079
:10EB9C000000000000000000000000000000000069
:10EBAC000000000000000000000000000000000059
:10EBBC000000000000000000000000000000000049
:10EBCC000000000000000000000000000000000039
:10EBDC000000000000000000000000000000000029
:10EBEC000000000000000000000000000000000019
:10EBFC000000000000000000000000000000000009
:10EC0C0000000000000000000000000000000000F8
:10EC1C0000000000000000000000000000000000E8
:10EC2C0000000000000000000000000000000000D8
:10EC3C0000000000000000000000000000000000C8
:10EC4C0000000000000000000000000000000000B8
:10EC5C0000000000000000000000000000000000A8
:10EC6C000000000000000000000000000000000098
:10EC7C000000000000000000000000000000000088
:10EC8C000000000000000000000000000000000078
:10EC9C000000000000000000000000000000000068
:10ECAC000000000000000000000000000000000058
:10ECBC000000000000000000000000000000000048
:10ECCC000000000000000000000000000000000038
:10ECDC000000000000000000000000000000000028
:10ECEC000000000000000000000000000000000018
:10ECFC000000000000000000000000000000000008
:10ED0C0000000000000000000000000000000000F7
:10ED1C0000000000000000000000000000000000E7
:10ED2C0000000000000000000000000000000000D7
:10ED3C0000000000000000000000000000000000C7
:10ED4C0000000000000000000000000000000000B7
:10ED5C0000000000000000000000000000000000A7
:10ED6C000000000000000000000000000000000097
:10ED7C000000000000000000000000000000000087
:10ED8C000000000000000000000000000000000077
:10ED9C000000000000000000000000000000000067
:10EDAC000000000000000000000000000000000057
:10EDBC000000000000000000000000000000000047
:10EDCC000000000000000000000000000000000037
:10EDDC000000000000000000000000000000000027
:10EDEC000000000000000000000000000000000017
:10EDFC000000000000000000000000000000000007
:10EE0C0000000000000000000000000000000000F6
:10EE1C0000000000000000000000000000000000E6
:10EE2C0000000000000000000000000000000000D6
:10EE3C0000000000000000000000000000000000C6
:10EE4C0000000000000000000000000000000000B6
:10EE5C0000000000000000000000000000000000A6
:10EE6C000000000000000000000000000000000096
:10EE7C000000000000000000000000000000000086
:10EE8C000000000000000000000000000000000076
:10EE9C000000000000000000000000000000000066
:10EEAC000000000000000000000000000000000056
:10EEBC000000000000000000000000000000000046
:10EECC000000000000000000000000000000000036
:10EEDC000000000000000000000000000000000026
:10EEEC000000000000000000000000000000000016
:10EEFC000000000000000000000000000000000006
:10EF0C0000000000000000000000000000000000F5
:10EF1C0000000000000000000000000000000000E5
:10EF2C0000000000000000000000000000000000D5
:10EF3C0000000000000000000000000000000000C5
:10EF4C0000000000000000000000000000000000B5
:10EF5C0000000000000000000000000000000000A5
:10EF6C000000000000000000000000000000000095
:10EF7C000000000000000000000000000000000085
:10EF8C000000000000000000000000000000000075
:10EF9C000000000000000000000000000000000065
:10EFAC000000000000000000000000000000000055
:10EFBC000000000000000000000000000000000045
:10EFCC000000000000000000000000000000000035
:10EFDC000000000000000000000000000000000025
:10EFEC000000000000000000000000000000000015
:10EFFC000000000000000000000000000000000005
:10F00C0000000000000000000000000000000000F4
:10F01C0000000000000000000000000000000000E4
:10F02C0000000000000000000000000000000000D4
:10F03C0000000000000000000000000000000000C4
:10F04C0000000000000000000000000000000000B4
:10F05C0000000000000000000000000000000000A4
:10F06C000000000000000000000000000000000094
:10F07C000000000000000000000000000000000084
:10F08C000000000000000000000000000000000074
:10F09C000000000000000000000000000000000064
:10F0AC000000000000000000000000000000000054
:10F0BC000000000000000000000000000000000044
:10F0CC000000000000000000000000000000000034
:10F0DC000000000000000000000000000000000024
:10F0EC000000000000000000000000000000000014
:10F0FC000000000000000000000000000000000004
:10F10C0000000000000000000000000000000000F3
:10F11C0000000000000000000000000000000000E3
:10F12C0000000000000000000000000000000000D3
:10F13C0000000000000000000000000000000000C3
:10F14C0000000000000000000000000000000000B3
:10F15C0000000000000000000000000000000000A3
:10F16C000000000000000000000000000000000093
:10F17C000000000000000000000000000000000083
:10F18C000000000000000000000000000000000073
:10F19C000000000000000000000000000000000063
:10F1AC000000000000000000000000000000000053
:10F1BC000000000000000000000000000000000043
:10F1CC000000000000000000000000000000000033
:10F1DC000000000000000000000000000000000023
:10F1EC000000000000000000000000000000000013
:10F1FC000000000000000000000000000000000003
:10F20C0000000000000000000000000000000000F2
:10F21C0000000000000000000000000000000000E2
:10F22C0000000000000000000000000000000000D2
:10F23C0000000000000000000000000000000000C2
:10F24C0000000000000000000000000000000000B2
:10F25C0000000000000000000000000000000000A2
:10F26C000000000000000000000000000000000092
:10F27C000000000000000000000000000000000082
:10F28C000000000000000000000000000000000072
:10F29C000000000000000000000000000000000062
:10F2AC000000000000000000000000000000000052
:10F2BC000000000000000000000000000000000042
:10F2CC000000000000000000000000000000000032
:10F2DC000000000000000000000000000000000022
:10F2EC000000000000000000000000000000000012
:10F2FC000000000000000000000000000000000002
:10F30C0000000000000000000000000000000000F1
:10F31C0000000000000000000000000000000000E1
:10F32C0000000000000000000000000000000000D1
:10F33C0000000000000000000000000000000000C1
:10F34C0000000000000000000000000000000000B1
:10F35C0000000000000000000000000000000000A1
:10F36C000000000000000000000000000000000091
:10F37C000000000000000000000000000000000081
:10F38C000000000000000000000000000000000071
:10F39C000000000000000000000000000000000061
:10F3AC000000000000000000000000000000000051
:10F3BC000000000000000000000000000000000041
:10F3CC000000000000000000000000000000000031
:10F3DC000000000000000000000000000000000021
:10F3EC000000000000000000000000000000000011
:10F3FC000000000000000000000000000000000001
:10F40C0000000000000000000000000000000000F0
:10F41C0000000000000000000000000000000000E0
:10F42C0000000000000000000000000000000000D0
:10F43C0000000000000000000000000000000000C0
:10F44C0000000000000000000000000000000000B0
:10F45C0000000000000000000000000000000000A0
:10F46C000000000000000000000000000000000090
:10F47C000000000000000000000000000000000080
:10F48C000000000000000000000000000000000070
:10F49C000000000000000000000000000000000060
:10F4AC000000000000000000000000000000000050
:10F4BC000000000000000000000000000000000040
:10F4CC000000000000000000000000000000000030
:10F4DC000000000000000000000000000000000020
:10F4EC000000000000000000000000000000000010
:10F4FC000000000000000000000000000000000000
:10F50C0000000000000000000000000000000000EF
:10F51C0000000000000000000000000000000000DF
:10F52C0000000000000000000000000000000000CF
:10F53C0000000000000000000000000000000000BF
:10F54C0000000000000000000000000000000000AF
:10F55C00000000000000000000000000000000009F
:10F56C00000000000000000000000000000000008F
:10F57C00000000000000000000000000000000007F
:10F58C00000000000000000000000000000000006F
:10F59C00000000000000000000000000000000005F
:10F5AC00000000000000000000000000000000004F
:10F5BC00000000000000000000000000000000003F
:10F5CC00000000000000000000000000000000002F
:10F5DC00000000000000000000000000000000001F
:10F5EC00000000000000000000000000000000000F
:10F5FC0000000000000000000000000000000000FF
:10F60C0000000000000000000000000000000000EE
:10F61C0000000000000000000000000000000000DE
:10F62C0000000000000000000000000000000000CE
:10F63C0000000000000000000000000000000000BE
:10F64C0000000000000000000000000000000000AE
:10F65C00000000000000000000000000000000009E
:10F66C00000000000000000000000000000000008E
:10F67C00000000000000000000000000000000007E
:10F68C00000000000000000000000000000000006E
:10F69C00000000000000000000000000000000005E
:10F6AC00000000000000000000000000000000004E
:10F6BC00000000000000000000000000000000003E
:10F6CC00000000000000000000000000000000002E
:10F6DC00000000000000000000000000000000001E
:10F6EC00000000000000000000000000000000000E
:10F6FC0000000000000000000000000000000000FE
:10F70C0000000000000000000000000000000000ED
:10F71C0000000000000000000000000000000000DD
:10F72C0000000000000000000000000000000000CD
:10F73C0000000000000000000000000000000000BD
:10F74C0000000000000000000000000000000000AD
:10F75C00000000000000000000000000000000009D
:10F76C00000000000000000000000000000000008D
:10F77C00000000000000000000000000000000007D
:10F78C00000000000000000000000000000000006D
:10F79C00000000000000000000000000000000005D
:10F7AC00000000000000000000000000000000004D
:10F7BC00000000000000000000000000000000003D
:10F7CC00000000000000000000000000000000002D
:10F7DC00000000000000000000000000000000001D
:10F7EC00000000000000000000000000000000000D
:10F7FC0000000000000000000000000000000000FD
:10F80C0000000000000000000000000000000000EC
:10F81C0000000000000000000000000000000000DC
:10F82C0000000000000000000000000000000000CC
:10F83C0000000000000000000000000000000000BC
:10F84C0000000000000000000000000000000000AC
:10F85C00000000000000000000000000000000009C
:10F86C00000000000000000000000000000000008C
:10F87C00000000000000000000000000000000007C
:10F88C00000000000000000000000000000000006C
:10F89C00000000000000000000000000000000005C
:10F8AC00000000000000000000000000000000004C
:10F8BC00000000000000000000000000000000003C
:10F8CC00000000000000000000000000000000002C
:10F8DC00000000000000000000000000000000001C
:10F8EC00000000000000000000000000000000000C
:10F8FC0000000000000000000000000000000000FC
:10F90C0000000000000000000000000000000000EB
:10F91C0000000000000000000000000000000000DB
:10F92C0000000000000000000000000000000000CB
:10F93C0000000000000000000000000000000000BB
:10F94C0000000000000000000000000000000000AB
:10F95C00000000000000000000000000000000009B
:10F96C00000000000000000000000000000000008B
:10F97C00000000000000000000000000000000007B
:10F98C00000000000000000000000000000000006B
:10F99C00000000000000000000000000000000005B
:10F9AC00000000000000000000000000000000004B
:10F9BC00000000000000000000000000000000003B
:10F9CC00000000000000000000000000000000002B
:10F9DC00000000000000000000000000000000001B
:10F9EC00000000000000000000000000000000000B
:10F9FC0000000000000000000000000000000000FB
:10FA0C0000000000000000000000000000000000EA
:10FA1C0000000000000000000000000000000000DA
:10FA2C0000000000000000000000000000000000CA
:10FA3C0000000000000000000000000000000000BA
:10FA4C0000000000000000000000000000000000AA
:10FA5C00000000000000000000000000000000009A
:10FA6C00000000000000000000000000000000008A
:10FA7C00000000000000000000000000000000007A
:10FA8C00000000000000000000000000000000006A
:10FA9C00000000000000000000000000000000005A
:10FAAC00000000000000000000000000000000004A
:10FABC00000000000000000000000000000000003A
:10FACC00000000000000000000000000000000002A
:10FADC00000000000000000000000000000000001A
:10FAEC00000000000000000000000000000000000A
:10FAFC0000000000000000000000000000000000FA
:10FB0C0000000000000000000000000000000000E9
:10FB1C0000000000000000000000000000000000D9
:10FB2C0000000000000000000000000000000000C9
:10FB3C0000000000000000000000000000000000B9
:10FB4C0000000000000000000000000000000000A9
:10FB5C000000000000000000000000000000000099
:10FB6C000000000000000000000000000000000089
:10FB7C000000000000000000000000000000000079
:10FB8C000000000000000000000000000000000069
:10FB9C000000000000000000000000000000000059
:10FBAC000000000000000000000000000000000049
:10FBBC000000000000000000000000000000000039
:10FBCC000000000000000000000000000000000029
:10FBDC000000000000000000000000000000000019
:10FBEC000000000000000000000000000000000009
:10FBFC0000000000000000000000000000000000F9
:10FC0C0000000000000000000000000000000000E8
:10FC1C0000000000000000000000000000000000D8
:10FC2C0000000000000000000000000000000000C8
:10FC3C0000000000000000000000000000000000B8
:10FC4C0000000000000000000000000000000000A8
:10FC5C000000000000000000000000000000000098
:10FC6C000000000000000000000000000000000088
:10FC7C000000000000000000000000000000000078
:10FC8C000000000000000000000000000000000068
:10FC9C000000000000000000000000000000000058
:10FCAC000000000000000000000000000000000048
:10FCBC000000000000000000000000000000000038
:10FCCC000000000000000000000000000000000028
:10FCDC000000000000000000000000000000000018
:10FCEC000000000000000000000000000000000008
:10FCFC0000000000000000000000000000000000F8
:10FD0C0000000000000000000000000000000000E7
:10FD1C0000000000000000000000000000000000D7
:10FD2C0000000000000000000000000000000000C7
:10FD3C0000000000000000000000000000000000B7
:10FD4C0000000000000000000000000000000000A7
:10FD5C000000000000000000000000000000000097
:10FD6C000000000000000000000000000000000087
:10FD7C000000000000000000000000000000000077
:10FD8C000000000000000000000000000000000067
:10FD9C000000000000000000000000000000000057
:10FDAC000000000000000000000000000000000047
:10FDBC000000000000000000000000000000000037
:10FDCC000000000000000000000000000000000027
:10FDDC000000000000000000000000000000000017
:10FDEC000000000000000000000000000000000007
:10FDFC0000000000000000000000000000000000F7
:10FE0C0000000000000000000000000000000000E6
:10FE1C0000000000000000000000000000000000D6
:10FE2C0000000000000000000000000000000000C6
:10FE3C0000000000000000000000000000000000B6
:10FE4C0000000000000000000000000000000000A6
:10FE5C000000000000000000000000000000000096
:10FE6C000000000000000000000000000000000086
:10FE7C000000000000000000000000000000000076
:10FE8C000000000000000000000000000000000066
:10FE9C000000000000000000000000000000000056
:10FEAC000000000000000000000000000000000046
:10FEBC000000000000000000000000000000000036
:10FECC000000000000000000000000000000000026
:10FEDC000000000000000000000000000000000016
:10FEEC000000000000000000000000000000000006
:10FEFC0000000000000000000000000000000000F6
:10FF0C0000000000000000000000000000000000E5
:10FF1C0000000000000000000000000000000000D5
:10FF2C0000000000000000000000000000000000C5
:10FF3C0000000000000000000000000000000000B5
:10FF4C0000000000000000000000000000000000A5
:10FF5C000000000000000000000000000000000095
:10FF6C000000000000000000000000000000000085
:10FF7C000000000000000000000000000000000075
:10FF8C000000000000000000000000000000000065
:10FF9C000000000000000000000000000000000055
:10FFAC000000000000000000000000000000000045
:10FFBC000000000000000000000000000000000035
:10FFCC000000000000000000000000000000000025
:10FFDC000000000000000000000000000000000015
:10FFEC000000000000000000000000000000000005
:04FFFC000000000001
:02000004600595
:1000000000000000000000000000000000000000F0
:1000100000000000000000000000000000000000E0
:1000200000000000000000000000000000000000D0
:1000300000000000000000000000000000000000C0
:1000400000000000000000000000000000000000B0
:1000500000000000000000000000000000000000A0
:100060000000000000000000000000000000000090
:100070000000000000000000000000000000000080
:100080000000000000000000000000000000000070
:100090000000000000000000000000000000000060
:1000A0000000000000000000000000000000000050
:1000B0000000000000000000000000000000000040
:1000C0000000000000000000000000000000000030
:1000D0000000000000000000000000000000000020
:1000E0000000000000000000000000000000000010
:1000F0000000000000000000000000000000000000
:1001000000000000000000000000000000000000EF
:1001100000000000000000000000000000000000DF
:1001200000000000000000000000000000000000CF
:1001300000000000000000000000000000000000BF
:1001400000000000000000000000000000000000AF
:10015000000000000000000000000000000000009F
:10016000000000000000000000000000000000008F
:10017000000000000000000000000000000000007F
:10018000000000000000000000000000000000006F
:10019000000000000000000000000000000000005F
:1001A000000000000000000000000000000000004F
:1001B000000000000000000000000000000000003F
:1001C000000000000000000000000000000000002F
:1001D000000000000000000000000000000000001F
:1001E000000000000000000000000000000000000F
:1001F00000000000000000000000000000000000FF
:1002000000000000000000000000000000000000EE
:1002100000000000000000000000000000000000DE
:1002200000000000000000000000000000000000CE
:1002300000000000000000000000000000000000BE
:1002400000000000000000000000000000000000AE
:10025000000000000000000000000000000000009E
:10026000000000000000000000000000000000008E
:10027000000000000000000000000000000000007E
:10028000000000000000000000000000000000006E
:10029000000000000000000000000000000000005E
:1002A000000000000000000000000000000000004E
:1002B000000000000000000000000000000000003E
:1002C000000000000000000000000000000000002E
:1002D000000000000000000000000000000000001E
:1002E000000000000000000000000000000000000E
:1002F00000000000000000000000000000000000FE
:1003000000000000000000000000000000000000ED
:1003100000000000000000000000000000000000DD
:1003200000000000000000000000000000000000CD
:1003300000000000000000000000000000000000BD
:1003400000000000000000000000000000000000AD
:10035000000000000000000000000000000000009D
:10036000000000000000000000000000000000008D
:10037000000000000000000000000000000000007D
:10038000000000000000000000000000000000006D
:10039000000000000000000000000000000000005D
:1003A000000000000000000000000000000000004D
:1003B000000000000000000000000000000000003D
:1003C000000000000000000000000000000000002D
:1003D000000000000000000000000000000000001D
:1003E000000000000000000000000000000000000D
:1003F00000000000000000000000000000000000FD
:1004000000000000000000000000000000000000EC
:1004100000000000000000000000000000000000DC
:1004200000000000000000000000000000000000CC
:1004300000000000000000000000000000000000BC
:1004400000000000000000000000000000000000AC
:10045000000000000000000000000000000000009C
:10046000000000000000000000000000000000008C
:10047000000000000000000000000000000000007C
:10048000000000000000000000000000000000006C
:10049000000000000000000000000000000000005C
:1004A000000000000000000000000000000000004C
:1004B000000000000000000000000000000000003C
:1004C000000000000000000000000000000000002C
:1004D000000000000000000000000000000000001C
:1004E000000000000000000000000000000000000C
:1004F00000000000000000000000000000000000FC
:1005000000000000000000000000000000000000EB
:1005100000000000000000000000000000000000DB
:1005200000000000000000000000000000000000CB
:1005300000000000000000000000000000000000BB
:1005400000000000000000000000000000000000AB
:10055000000000000000000000000000000000009B
:10056000000000000000000000000000000000008B
:10057000000000000000000000000000000000007B
:10058000000000000000000000000000000000006B
:10059000000000000000000000000000000000005B
:1005A000000000000000000000000000000000004B
:1005B000000000000000000000000000000000003B
:1005C000000000000000000000000000000000002B
:1005D000000000000000000000000000000000001B
:1005E000000000000000000000000000000000000B
:1005F00000000000000000000000000000000000FB
:1006000000000000000000000000000000000000EA
:1006100000000000000000000000000000000000DA
:1006200000000000000000000000000000000000CA
:1006300000000000000000000000000000000000BA
:1006400000000000000000000000000000000000AA
:10065000000000000000000000000000000000009A
:10066000000000000000000000000000000000008A
:10067000000000000000000000000000000000007A
:10068000000000000000000000000000000000006A
:10069000000000000000000000000000000000005A
:1006A000000000000000000000000000000000004A
:1006B000000000000000000000000000000000003A
:1006C000000000000000000000000000000000002A
:1006D000000000000000000000000000000000001A
:1006E000000000000000000000000000000000000A
:1006F00000000000000000000000000000000000FA
:1007000000000000000000000000000000000000E9
:1007100000000000000000000000000000000000D9
:1007200000000000000000000000000000000000C9
:1007300000000000000000000000000000000000B9
:1007400000000000000000000000000000000000A9
:100750000000000000000000000000000000000099
:100760000000000000000000000000000000000089
:100770000000000000000000000000000000000079
:100780000000000000000000000000000000000069
:100790000000000000000000000000000000000059
:1007A0000000000000000000000000000000000049
:1007B0000000000000000000000000000000000039
:1007C0000000000000000000000000000000000029
:1007D0000000000000000000000000000000000019
:1007E0000000000000000000000000000000000009
:1007F00000000000000000000000000000000000F9
:1008000000000000000000000000000000000000E8
:1008100000000000000000000000000000000000D8
:1008200000000000000000000000000000000000C8
:1008300000000000000000000000000000000000B8
:1008400000000000000000000000000000000000A8
:100850000000000000000000000000000000000098
:100860000000000000000000000000000000000088
:100870000000000000000000000000000000000078
:100880000000000000000000000000000000000068
:100890000000000000000000000000000000000058
:1008A0000000000000000000000000000000000048
:1008B0000000000000000000000000000000000038
:1008C0000000000000000000000000000000000028
:1008D0000000000000000000000000000000000018
:1008E0000000000000000000000000000000000008
:1008F00000000000000000000000000000000000F8
:1009000000000000000000000000000000000000E7
:1009100000000000000000000000000000000000D7
:1009200000000000000000000000000000000000C7
:1009300000000000000000000000000000000000B7
:1009400000000000000000000000000000000000A7
:100950000000000000000000000000000000000097
:100960000000000000000000000000000000000087
:100970000000000000000000000000000000000077
:100980000000000000000000000000000000000067
:100990000000000000000000000000000000000057
:1009A0000000000000000000000000000000000047
:1009B0000000000000000000000000000000000037
:1009C0000000000000000000000000000000000027
:1009D0000000000000000000000000000000000017
:1009E0000000000000000000000000000000000007
:1009F00000000000000000000000000000000000F7
:100A000000000000000000000000000000000000E6
:100A100000000000000000000000000000000000D6
:100A200000000000000000000000000000000000C6
:100A300000000000000000000000000000000000B6
:100A400000000000000000000000000000000000A6
:100A50000000000000000000000000000000000096
:100A60000000000000000000000000000000000086
:100A70000000000000000000000000000000000076
:100A80000000000000000000000000000000000066
:100A90000000000000000000000000000000000056
:100AA0000000000000000000000000000000000046
:100AB0000000000000000000000000000000000036
:100AC0000000000000000000000000000000000026
:100AD0000000000000000000000000000000000016
:100AE0000000000000000000000000000000000006
:100AF00000000000000000000000000000000000F6
:100B000000000000000000000000000000000000E5
:100B100000000000000000000000000000000000D5
:100B200000000000000000000000000000000000C5
:100B300000000000000000000000000000000000B5
:100B400000000000000000000000000000000000A5
:100B50000000000000000000000000000000000095
:100B60000000000000000000000000000000000085
:100B70000000000000000000000000000000000075
:100B80000000000000000000000000000000000065
:100B90000000000000000000000000000000000055
:100BA0000000000000000000000000000000000045
:100BB0000000000000000000000000000000000035
:100BC0000000000000000000000000000000000025
:100BD0000000000000000000000000000000000015
:100BE0000000000000000000000000000000000005
:100BF00000000000000000000000000000000000F5
:100C000000000000000000000000000000000000E4
:100C100000000000000000000000000000000000D4
:100C200000000000000000000000000000000000C4
:100C300000000000000000000000000000000000B4
:100C400000000000000000000000000000000000A4
:100C50000000000000000000000000000000000094
:100C60000000000000000000000000000000000084
:100C70000000000000000000000000000000000074
:100C80000000000000000000000000000000000064
:100C90000000000000000000000000000000000054
:100CA0000000000000000000000000000000000044
:100CB0000000000000000000000000000000000034
:100CC0000000000000000000000000000000000024
:100CD0000000000000000000000000000000000014
:100CE0000000000000000000000000000000000004
:100CF00000000000000000000000000000000000F4
:100D000000000000000000000000000000000000E3
:100D100000000000000000000000000000000000D3
:100D200000000000000000000000000000000000C3
:100D300000000000000000000000000000000000B3
:100D400000000000000000000000000000000000A3
:100D50000000000000000000000000000000000093
:100D60000000000000000000000000000000000083
:100D70000000000000000000000000000000000073
:100D80000000000000000000000000000000000063
:100D90000000000000000000000000000000000053
:100DA0000000000000000000000000000000000043
:100DB0000000000000000000000000000000000033
:100DC0000000000000000000000000000000000023
:100DD0000000000000000000000000000000000013
:100DE0000000000000000000000000000000000003
:100DF00000000000000000000000000000000000F3
:100E000000000000000000000000000000000000E2
:100E100000000000000000000000000000000000D2
:100E200000000000000000000000000000000000C2
:100E300000000000000000000000000000000000B2
:100E400000000000000000000000000000000000A2
:100E50000000000000000000000000000000000092
:100E60000000000000000000000000000000000082
:100E70000000000000000000000000000000000072
:100E80000000000000000000000000000000000062
:100E90000000000000000000000000000000000052
:100EA0000000000000000000000000000000000042
:100EB0000000000000000000000000000000000032
:100EC0000000000000000000000000000000000022
:100ED0000000000000000000000000000000000012
:100EE0000000000000000000000000000000000002
:100EF00000000000000000000000000000000000F2
:100F000000000000000000000000000000000000E1
:100F100000000000000000000000000000000000D1
:100F200000000000000000000000000000000000C1
:100F300000000000000000000000000000000000B1
:100F400000000000000000000000000000000000A1
:100F50000000000000000000000000000000000091
:100F60000000000000000000000000000000000081
:100F70000000000000000000000000000000000071
:100F80000000000000000000000000000000000061
:100F90000000000000000000000000000000000051
:100FA0000000000000000000000000000000000041
:100FB0000000000000000000000000000000000031
:100FC0000000000000000000000000000000000021
:100FD0000000000000000000000000000000000011
:100FE0000000000000000000000000000000000001
:100FF00000000000000000000000000000000000F1
:1010000000000000000000000000000000000000E0
:1010100000000000000000000000000000000000D0
:1010200000000000000000000000000000000000C0
:1010300000000000000000000000000000000000B0
:1010400000000000000000000000000000000000A0
:101050000000000000000000000000000000000090
:101060000000000000000000000000000000000080
:101070000000000000000000000000000000000070
:101080000000000000000000000000000000000060
:101090000000000000000000000000000000000050
:1010A0000000000000000000000000000000000040
:1010B0000000000000000000000000000000000030
:1010C0000000000000000000000000000000000020
:1010D0000000000000000000000000000000000010
:1010E0000000000000000000000000000000000000
:1010F00000000000000000000000000000000000F0
:1011000000000000000000000000000000000000DF
:1011100000000000000000000000000000000000CF
:1011200000000000000000000000000000000000BF
:1011300000000000000000000000000000000000AF
:10114000000000000000000000000000000000009F
:10115000000000000000000000000000000000008F
:08116000000000000000000087
:10116800FFFFFFFFFFFFFFFFFFFFFFFFFFFFFFFF87
:10117800FFFFFFFFFFFFFFFFFFFFFFFFFFFFFFFF77
:10118800FFFFFFFFFFFFFFFFFFFFFFFFFFFFFFFF67
:10119800FFFFFFFFFFFFFFFFFFFFFFFFFFFFFFFF57
:1011A800FFFFFFFFFFFFFFFFFFFFFFFFFFFFFFFF47
:1011B800FFFFFFFFFFFFFFFFFFFFFFFFFFFFFFFF37
:1011C800FFFFFFFFFFFFFFFFFFFFFFFFFFFFFFFF27
:1011D800FFFFFFFFFFFFFFFFFFFFFFFFFFFFFFFF17
:1011E800FFFFFFFFFFFFFFFFFFFFFFFFFFFFFFFF07
:1011F800FFFFFFFFFFFFFFFFFFFFFFFFFFFFFFFFF7
:10120800FFFFFFFFFFFFFFFFFFFFFFFFFFFFFFFFE6
:10121800FFFFFFFFFFFFFFFFFFFFFFFFFFFFFFFFD6
:10122800FFFFFFFFFFFFFFFFFFFFFFFFFFFFFFFFC6
:10123800FFFFFFFFFFFFFFFFFFFFFFFFFFFFFFFFB6
:10124800FFFFFFFFFFFFFFFFFFFFFFFFFFFFFFFFA6
:10125800FFFFFFFFFFFFFFFFFFFFFFFFFFFFFFFF96
:10126800FFFFFFFFFFFFFFFFFFFFFFFFFFFFFFFF86
:10127800FFFFFFFFFFFFFFFFFFFFFFFFFFFFFFFF76
:10128800FFFFFFFFFFFFFFFFFFFFFFFFFFFFFFFF66
:10129800FFFFFFFFFFFFFFFFFFFFFFFFFFFFFFFF56
:1012A800FFFFFFFFFFFFFFFFFFFFFFFFFFFFFFFF46
:1012B800FFFFFFFFFFFFFFFFFFFFFFFFFFFFFFFF36
:1012C800FFFFFFFFFFFFFFFFFFFFFFFFFFFFFFFF26
:1012D800FFFFFFFFFFFFFFFFFFFFFFFFFFFFFFFF16
:1012E800FFFFFFFFFFFFFFFFFFFFFFFFFFFFFFFF06
:1012F800FFFFFFFFFFFFFFFFFFFFFFFFFFFFFFFFF6
:10130800FFFFFFFFFFFFFFFFFFFFFFFFFFFFFFFFE5
:10131800FFFFFFFFFFFFFFFFFFFFFFFFFFFFFFFFD5
:10132800FFFFFFFFFFFFFFFFFFFFFFFFFFFFFFFFC5
:10133800FFFFFFFFFFFFFFFFFFFFFFFFFFFFFFFFB5
:10134800FFFFFFFFFFFFFFFFFFFFFFFFFFFFFFFFA5
:10135800FFFFFFFFFFFFFFFFFFFFFFFFFFFFFFFF95
:10136800FFFFFFFFFFFFFFFFFFFFFFFFFFFFFFFF85
:10137800FFFFFFFFFFFFFFFFFFFFFFFFFFFFFFFF75
:10138800FFFFFFFFFFFFFFFFFFFFFFFFFFFFFFFF65
:10139800FFFFFFFFFFFFFFFFFFFFFFFFFFFFFFFF55
:1013A800FFFFFFFFFFFFFFFFFFFFFFFFFFFFFFFF45
:1013B800FFFFFFFFFFFFFFFFFFFFFFFFFFFFFFFF35
:1013C800FFFFFFFFFFFFFFFFFFFFFFFFFFFFFFFF25
:1013D800FFFFFFFFFFFFFFFFFFFFFFFFFFFFFFFF15
:1013E800FFFFFFFFFFFFFFFFFFFFFFFFFFFFFFFF05
:1013F800FFFFFFFFFFFFFFFF0000000000000000ED
:1014080000000000000000000000000000000000D4
:1014180000000000000000000000000000000000C4
:1014280000000000000000000000000000000000B4
:1014380000000000000000000000000000000000A4
:101448000000000000000000000000000000000094
:101458000000000000000000000000000000000084
:101468000000000000000000000000000000000074
:101478000000000000000000000000000000000064
:101488000000000000000000000000000000000054
:101498000000000000000000000000000000000044
:1014A8000000000000000000000000000000000034
:1014B8000000000000000000000000000000000024
:1014C8000000000000000000000000000000000014
:1014D8000000000000000000000000000000000004
:1014E80000000000000000000000000000000000F4
:1014F80000000000000000000000000000000000E4
:1015080000000000000000000000000000000000D3
:1015180000000000000000000000000000000000C3
:1015280000000000000000000000000000000000B3
:1015380000000000000000000000000000000000A3
:101548000000000000000000000000000000000093
:101558000000000000000000000000000000000083
:101568000000000000000000000000000000000073
:101578000000000000000000000000000000000063
:101588000000000000000000000000000000000053
:101598000000000000000000000000000000000043
:1015A8000000000000000000000000000000000033
:1015B8000000000000000000000000000000000023
:1015C8000000000000000000000000000000000013
:1015D8000000000000000000000000000000000003
:1015E80000000000000000000000000000000000F3
:1015F80000000000000000000000000000000000E3
:1016080000000000000000000000000000000000D2
:1016180000000000000000000000000000000000C2
:1016280000000000000000000000000000000000B2
:1016380000000000000000000000000000000000A2
:101648000000000000000000000000000000000092
:101658000000000000000000000000000000000082
:101668000000000000000000000000000000000072
:101678000000000000000000000000000000000062
:101688000000000000000000000000000000000052
:101698000000000000000000000000000000000042
:1016A8000000000000000000000000000000000032
:1016B8000000000000000000000000000000000022
:1016C8000000000000000000000000000000000012
:1016D8000000000000000000000000000000000002
:1016E80000000000000000000000000000000000F2
:1016F80000000000000000000000000000000000E2
:1017080000000000000000000000000000000000D1
:1017180000000000000000000000000000000000C1
:1017280000000000000000000000000000000000B1
:1017380000000000000000000000000000000000A1
:101748000000000000000000000000000000000091
:101758000000000000000000000000000000000081
:101768000000000000000000000000000000000071
:101778000000000000000000000000000000000061
:101788000000000000000000000000000000000051
:101798000000000000000000000000000000000041
:1017A8000000000000000000000000000000000031
:1017B8000000000000000000000000000000000021
:1017C8000000000000000000000000000000000011
:1017D8000000000000000000000000000000000001
:1017E80000000000000000000000000000000000F1
:1017F80000000000000000000000000000000000E1
:1018080000000000000000000000000000000000D0
:1018180000000000000000000000000000000000C0
:1018280000000000000000000000000000000000B0
:1018380000000000000000000000000000000000A0
:101848000000000000000000000000000000000090
:101858000000000000000000000000000000000080
:101868000000000000000000000000000000000070
:101878000000000000000000000000000000000060
:101888000000000000000000000000000000000050
:101898000000000000000000000000000000000040
:1018A8000000000000000000000000000000000030
:1018B8000000000000000000000000000000000020
:1018C8000000000000000000000000000000000010
:1018D8000000000000000000000000000000000000
:1018E80000000000000000000000000000000000F0
:1018F80000000000000000000000000000000000E0
:1019080000000000000000000000000000000000CF
:1019180000000000000000000000000000000000BF
:1019280000000000000000000000000000000000AF
:10193800000000000000000000000000000000009F
:10194800000000000000000000000000000000008F
:10195800000000000000000000000000000000007F
:10196800000000000000000000000000000000006F
:10197800000000000000000000000000000000005F
:10198800000000000000000000000000000000004F
:10199800000000000000000000000000000000003F
:1019A800000000000000000000000000000000002F
:1019B800000000000000000000000000000000001F
:1019C800000000000000000000000000000000000F
:1019D80000000000000000000000000000000000FF
:1019E80000000000000000000000000000000000EF
:1019F80000000000000000000000000000000000DF
:101A080000000000000000000000000000000000CE
:101A180000000000000000000000000000000000BE
:101A280000000000000000000000000000000000AE
:101A3800000000000000000000000000000000009E
:101A4800000000000000000000000000000000008E
:101A5800000000000000000000000000000000007E
:101A6800000000000000000000000000000000006E
:101A7800000000000000000000000000000000005E
:101A8800000000000000000000000000000000004E
:101A9800000000000000000000000000000000003E
:101AA800000000000000000000000000000000002E
:101AB800000000000000000000000000000000001E
:101AC800000000000000000000000000000000000E
:101AD80000000000000000000000000000000000FE
:101AE80000000000000000000000000000000000EE
:101AF80000000000000000000000000000000000DE
:101B080000000000000000000000000000000000CD
:101B180000000000000000000000000000000000BD
:101B280000000000000000000000000000000000AD
:101B3800000000000000000000000000000000009D
:101B4800000000000000000000000000000000008D
:101B5800000000000000000000000000000000007D
:101B6800000000000000000000000000000000006D
:101B7800000000000000000000000000000000005D
:101B8800000000000000000000000000000000004D
:101B9800000000000000000000000000000000003D
:101BA800000000000000000000000000000000002D
:101BB800000000000000000000000000000000001D
:101BC800000000000000000000000000000000000D
:101BD80000000000000000000000000000000000FD
:101BE80000000000000000000000000000000000ED
:101BF80000000000000000000000000000000000DD
:101C080000000000000000000000000000000000CC
:101C180000000000000000000000000000000000BC
:101C280000000000000000000000000000000000AC
:101C3800000000000000000000000000000000009C
:101C4800000000000000000000000000000000008C
:101C5800000000000000000000000000000000007C
:101C6800000000000000000000000000000000006C
:101C7800000000000000000000000000000000005C
:101C8800000000000000000000000000000000004C
:101C9800000000000000000000000000000000003C
:101CA800000000000000000000000000000000002C
:101CB800000000000000000000000000000000001C
:101CC800000000000000000000000000000000000C
:101CD80000000000000000000000000000000000FC
:101CE80000000000000000000000000000000000EC
:101CF80000000000000000000000000000000000DC
:101D080000000000000000000000000000000000CB
:101D180000000000000000000000000000000000BB
:101D280000000000000000000000000000000000AB
:101D3800000000000000000000000000000000009B
:101D4800000000000000000000000000000000008B
:101D5800000000000000000000000000000000007B
:101D6800000000000000000000000000000000006B
:101D7800000000000000000000000000000000005B
:101D8800000000000000000000000000000000004B
:101D9800000000000000000000000000000000003B
:101DA800000000000000000000000000000000002B
:101DB800000000000000000000000000000000001B
:101DC800000000000000000000000000000000000B
:101DD80000000000000000000000000000000000FB
:101DE80000000000000000000000000000000000EB
:101DF80000000000000000000000000000000000DB
:101E080000000000000000000000000000000000CA
:101E180000000000000000000000000000000000BA
:101E280000000000000000000000000000000000AA
:101E3800000000000000000000000000000000009A
:101E4800000000000000000000000000000000008A
:101E5800000000000000000000000000000000007A
:101E6800000000000000000000000000000000006A
:101E7800000000000000000000000000000000005A
:101E8800000000000000000000000000000000004A
:101E9800000000000000000000000000000000003A
:101EA800000000000000000000000000000000002A
:101EB800000000000000000000000000000000001A
:101EC800000000000000000000000000000000000A
:101ED80000000000000000000000000000000000FA
:101EE80000000000000000000000000000000000EA
:101EF80000000000000000000000000000000000DA
:101F080000000000000000000000000000000000C9
:101F180000000000000000000000000000000000B9
:101F280000000000000000000000000000000000A9
:101F38000000000000000000000000000000000099
:101F48000000000000000000000000000000000089
:101F58000000000000000000000000000000000079
:101F68000000000000000000000000000000000069
:101F78000000000000000000000000000000000059
:101F88000000000000000000000000000000000049
:101F98000000000000000000000000000000000039
:101FA8000000000000000000000000000000000029
:101FB8000000000000000000000000000000000019
:101FC8000000000000000000000000000000000009
:101FD80000000000000000000000000000000000F9
:101FE80000000000000000000000000000000000E9
:081FF8000000000000000000E1
:040000056000100087
:00000001FF
