:0200000460009A
:100000004643464200000156000000000103030081
:1000100000000000000000000000000000000000E0
:1000200000000000000000000000000000000000D0
:1000300000000000000000000000000000000000C0
:1000400000000000010408000000000000000000A3
:100050000000200000000000000000000000000080
:100060000000000000000000000000000000000090
:100070000000000000000000000000000000000080
:10008000EB04180A063204260000000000000000FD
:10009000050404240000000000000000000000002F
:1000A0000000000000000000000000000000000050
:1000B0000604000000000000000000000000000036
:1000C0000000000000000000000000000000000030
:1000D00020041808000000000000000000000000DC
:1000E0000000000000000000000000000000000010
:1000F0000000000000000000000000000000000000
:10010000D8041808000000000000000000000000F3
:100110000204180804200000000000000000000095
:1001200000000000000000000000000000000000CF
:10013000600400000000000000000000000000005B
:1001400000000000000000000000000000000000AF
:10015000000000000000000000000000000000009F
:10016000000000000000000000000000000000008F
:10017000000000000000000000000000000000007F
:10018000000000000000000000000000000000006F
:10019000000000000000000000000000000000005F
:1001A000000000000000000000000000000000004F
:1001B000000000000000000000000000000000003F
:1001C000000100000010000001000000000000001D
:1001D000000001000000000000000000000000001E
:1001E000000000000000000000000000000000000F
:1001F00000000000000000000000000000000000FF
:10020000FFFFFFFFFFFFFFFFFFFFFFFFFFFFFFFFFE
:10021000FFFFFFFFFFFFFFFFFFFFFFFFFFFFFFFFEE
:10022000FFFFFFFFFFFFFFFFFFFFFFFFFFFFFFFFDE
:10023000FFFFFFFFFFFFFFFFFFFFFFFFFFFFFFFFCE
:10024000FFFFFFFFFFFFFFFFFFFFFFFFFFFFFFFFBE
:10025000FFFFFFFFFFFFFFFFFFFFFFFFFFFFFFFFAE
:10026000FFFFFFFFFFFFFFFFFFFFFFFFFFFFFFFF9E
:10027000FFFFFFFFFFFFFFFFFFFFFFFFFFFFFFFF8E
:10028000FFFFFFFFFFFFFFFFFFFFFFFFFFFFFFFF7E
:10029000FFFFFFFFFFFFFFFFFFFFFFFFFFFFFFFF6E
:1002A000FFFFFFFFFFFFFFFFFFFFFFFFFFFFFFFF5E
:1002B000FFFFFFFFFFFFFFFFFFFFFFFFFFFFFFFF4E
:1002C000FFFFFFFFFFFFFFFFFFFFFFFFFFFFFFFF3E
:1002D000FFFFFFFFFFFFFFFFFFFFFFFFFFFFFFFF2E
:1002E000FFFFFFFFFFFFFFFFFFFFFFFFFFFFFFFF1E
:1002F000FFFFFFFFFFFFFFFFFFFFFFFFFFFFFFFF0E
:10030000FFFFFFFFFFFFFFFFFFFFFFFFFFFFFFFFFD
:10031000FFFFFFFFFFFFFFFFFFFFFFFFFFFFFFFFED
:10032000FFFFFFFFFFFFFFFFFFFFFFFFFFFFFFFFDD
:10033000FFFFFFFFFFFFFFFFFFFFFFFFFFFFFFFFCD
:10034000FFFFFFFFFFFFFFFFFFFFFFFFFFFFFFFFBD
:10035000FFFFFFFFFFFFFFFFFFFFFFFFFFFFFFFFAD
:10036000FFFFFFFFFFFFFFFFFFFFFFFFFFFFFFFF9D
:10037000FFFFFFFFFFFFFFFFFFFFFFFFFFFFFFFF8D
:10038000FFFFFFFFFFFFFFFFFFFFFFFFFFFFFFFF7D
:10039000FFFFFFFFFFFFFFFFFFFFFFFFFFFFFFFF6D
:1003A000FFFFFFFFFFFFFFFFFFFFFFFFFFFFFFFF5D
:1003B000FFFFFFFFFFFFFFFFFFFFFFFFFFFFFFFF4D
:1003C000FFFFFFFFFFFFFFFFFFFFFFFFFFFFFFFF3D
:1003D000FFFFFFFFFFFFFFFFFFFFFFFFFFFFFFFF2D
:1003E000FFFFFFFFFFFFFFFFFFFFFFFFFFFFFFFF1D
:1003F000FFFFFFFFFFFFFFFFFFFFFFFFFFFFFFFF0D
:10040000FFFFFFFFFFFFFFFFFFFFFFFFFFFFFFFFFC
:10041000FFFFFFFFFFFFFFFFFFFFFFFFFFFFFFFFEC
:10042000FFFFFFFFFFFFFFFFFFFFFFFFFFFFFFFFDC
:10043000FFFFFFFFFFFFFFFFFFFFFFFFFFFFFFFFCC
:10044000FFFFFFFFFFFFFFFFFFFFFFFFFFFFFFFFBC
:10045000FFFFFFFFFFFFFFFFFFFFFFFFFFFFFFFFAC
:10046000FFFFFFFFFFFFFFFFFFFFFFFFFFFFFFFF9C
:10047000FFFFFFFFFFFFFFFFFFFFFFFFFFFFFFFF8C
:10048000FFFFFFFFFFFFFFFFFFFFFFFFFFFFFFFF7C
:10049000FFFFFFFFFFFFFFFFFFFFFFFFFFFFFFFF6C
:1004A000FFFFFFFFFFFFFFFFFFFFFFFFFFFFFFFF5C
:1004B000FFFFFFFFFFFFFFFFFFFFFFFFFFFFFFFF4C
:1004C000FFFFFFFFFFFFFFFFFFFFFFFFFFFFFFFF3C
:1004D000FFFFFFFFFFFFFFFFFFFFFFFFFFFFFFFF2C
:1004E000FFFFFFFFFFFFFFFFFFFFFFFFFFFFFFFF1C
:1004F000FFFFFFFFFFFFFFFFFFFFFFFFFFFFFFFF0C
:10050000FFFFFFFFFFFFFFFFFFFFFFFFFFFFFFFFFB
:10051000FFFFFFFFFFFFFFFFFFFFFFFFFFFFFFFFEB
:10052000FFFFFFFFFFFFFFFFFFFFFFFFFFFFFFFFDB
:10053000FFFFFFFFFFFFFFFFFFFFFFFFFFFFFFFFCB
:10054000FFFFFFFFFFFFFFFFFFFFFFFFFFFFFFFFBB
:10055000FFFFFFFFFFFFFFFFFFFFFFFFFFFFFFFFAB
:10056000FFFFFFFFFFFFFFFFFFFFFFFFFFFFFFFF9B
:10057000FFFFFFFFFFFFFFFFFFFFFFFFFFFFFFFF8B
:10058000FFFFFFFFFFFFFFFFFFFFFFFFFFFFFFFF7B
:10059000FFFFFFFFFFFFFFFFFFFFFFFFFFFFFFFF6B
:1005A000FFFFFFFFFFFFFFFFFFFFFFFFFFFFFFFF5B
:1005B000FFFFFFFFFFFFFFFFFFFFFFFFFFFFFFFF4B
:1005C000FFFFFFFFFFFFFFFFFFFFFFFFFFFFFFFF3B
:1005D000FFFFFFFFFFFFFFFFFFFFFFFFFFFFFFFF2B
:1005E000FFFFFFFFFFFFFFFFFFFFFFFFFFFFFFFF1B
:1005F000FFFFFFFFFFFFFFFFFFFFFFFFFFFFFFFF0B
:10060000FFFFFFFFFFFFFFFFFFFFFFFFFFFFFFFFFA
:10061000FFFFFFFFFFFFFFFFFFFFFFFFFFFFFFFFEA
:10062000FFFFFFFFFFFFFFFFFFFFFFFFFFFFFFFFDA
:10063000FFFFFFFFFFFFFFFFFFFFFFFFFFFFFFFFCA
:10064000FFFFFFFFFFFFFFFFFFFFFFFFFFFFFFFFBA
:10065000FFFFFFFFFFFFFFFFFFFFFFFFFFFFFFFFAA
:10066000FFFFFFFFFFFFFFFFFFFFFFFFFFFFFFFF9A
:10067000FFFFFFFFFFFFFFFFFFFFFFFFFFFFFFFF8A
:10068000FFFFFFFFFFFFFFFFFFFFFFFFFFFFFFFF7A
:10069000FFFFFFFFFFFFFFFFFFFFFFFFFFFFFFFF6A
:1006A000FFFFFFFFFFFFFFFFFFFFFFFFFFFFFFFF5A
:1006B000FFFFFFFFFFFFFFFFFFFFFFFFFFFFFFFF4A
:1006C000FFFFFFFFFFFFFFFFFFFFFFFFFFFFFFFF3A
:1006D000FFFFFFFFFFFFFFFFFFFFFFFFFFFFFFFF2A
:1006E000FFFFFFFFFFFFFFFFFFFFFFFFFFFFFFFF1A
:1006F000FFFFFFFFFFFFFFFFFFFFFFFFFFFFFFFF0A
:10070000FFFFFFFFFFFFFFFFFFFFFFFFFFFFFFFFF9
:10071000FFFFFFFFFFFFFFFFFFFFFFFFFFFFFFFFE9
:10072000FFFFFFFFFFFFFFFFFFFFFFFFFFFFFFFFD9
:10073000FFFFFFFFFFFFFFFFFFFFFFFFFFFFFFFFC9
:10074000FFFFFFFFFFFFFFFFFFFFFFFFFFFFFFFFB9
:10075000FFFFFFFFFFFFFFFFFFFFFFFFFFFFFFFFA9
:10076000FFFFFFFFFFFFFFFFFFFFFFFFFFFFFFFF99
:10077000FFFFFFFFFFFFFFFFFFFFFFFFFFFFFFFF89
:10078000FFFFFFFFFFFFFFFFFFFFFFFFFFFFFFFF79
:10079000FFFFFFFFFFFFFFFFFFFFFFFFFFFFFFFF69
:1007A000FFFFFFFFFFFFFFFFFFFFFFFFFFFFFFFF59
:1007B000FFFFFFFFFFFFFFFFFFFFFFFFFFFFFFFF49
:1007C000FFFFFFFFFFFFFFFFFFFFFFFFFFFFFFFF39
:1007D000FFFFFFFFFFFFFFFFFFFFFFFFFFFFFFFF29
:1007E000FFFFFFFFFFFFFFFFFFFFFFFFFFFFFFFF19
:1007F000FFFFFFFFFFFFFFFFFFFFFFFFFFFFFFFF09
:10080000FFFFFFFFFFFFFFFFFFFFFFFFFFFFFFFFF8
:10081000FFFFFFFFFFFFFFFFFFFFFFFFFFFFFFFFE8
:10082000FFFFFFFFFFFFFFFFFFFFFFFFFFFFFFFFD8
:10083000FFFFFFFFFFFFFFFFFFFFFFFFFFFFFFFFC8
:10084000FFFFFFFFFFFFFFFFFFFFFFFFFFFFFFFFB8
:10085000FFFFFFFFFFFFFFFFFFFFFFFFFFFFFFFFA8
:10086000FFFFFFFFFFFFFFFFFFFFFFFFFFFFFFFF98
:10087000FFFFFFFFFFFFFFFFFFFFFFFFFFFFFFFF88
:10088000FFFFFFFFFFFFFFFFFFFFFFFFFFFFFFFF78
:10089000FFFFFFFFFFFFFFFFFFFFFFFFFFFFFFFF68
:1008A000FFFFFFFFFFFFFFFFFFFFFFFFFFFFFFFF58
:1008B000FFFFFFFFFFFFFFFFFFFFFFFFFFFFFFFF48
:1008C000FFFFFFFFFFFFFFFFFFFFFFFFFFFFFFFF38
:1008D000FFFFFFFFFFFFFFFFFFFFFFFFFFFFFFFF28
:1008E000FFFFFFFFFFFFFFFFFFFFFFFFFFFFFFFF18
:1008F000FFFFFFFFFFFFFFFFFFFFFFFFFFFFFFFF08
:10090000FFFFFFFFFFFFFFFFFFFFFFFFFFFFFFFFF7
:10091000FFFFFFFFFFFFFFFFFFFFFFFFFFFFFFFFE7
:10092000FFFFFFFFFFFFFFFFFFFFFFFFFFFFFFFFD7
:10093000FFFFFFFFFFFFFFFFFFFFFFFFFFFFFFFFC7
:10094000FFFFFFFFFFFFFFFFFFFFFFFFFFFFFFFFB7
:10095000FFFFFFFFFFFFFFFFFFFFFFFFFFFFFFFFA7
:10096000FFFFFFFFFFFFFFFFFFFFFFFFFFFFFFFF97
:10097000FFFFFFFFFFFFFFFFFFFFFFFFFFFFFFFF87
:10098000FFFFFFFFFFFFFFFFFFFFFFFFFFFFFFFF77
:10099000FFFFFFFFFFFFFFFFFFFFFFFFFFFFFFFF67
:1009A000FFFFFFFFFFFFFFFFFFFFFFFFFFFFFFFF57
:1009B000FFFFFFFFFFFFFFFFFFFFFFFFFFFFFFFF47
:1009C000FFFFFFFFFFFFFFFFFFFFFFFFFFFFFFFF37
:1009D000FFFFFFFFFFFFFFFFFFFFFFFFFFFFFFFF27
:1009E000FFFFFFFFFFFFFFFFFFFFFFFFFFFFFFFF17
:1009F000FFFFFFFFFFFFFFFFFFFFFFFFFFFFFFFF07
:100A0000FFFFFFFFFFFFFFFFFFFFFFFFFFFFFFFFF6
:100A1000FFFFFFFFFFFFFFFFFFFFFFFFFFFFFFFFE6
:100A2000FFFFFFFFFFFFFFFFFFFFFFFFFFFFFFFFD6
:100A3000FFFFFFFFFFFFFFFFFFFFFFFFFFFFFFFFC6
:100A4000FFFFFFFFFFFFFFFFFFFFFFFFFFFFFFFFB6
:100A5000FFFFFFFFFFFFFFFFFFFFFFFFFFFFFFFFA6
:100A6000FFFFFFFFFFFFFFFFFFFFFFFFFFFFFFFF96
:100A7000FFFFFFFFFFFFFFFFFFFFFFFFFFFFFFFF86
:100A8000FFFFFFFFFFFFFFFFFFFFFFFFFFFFFFFF76
:100A9000FFFFFFFFFFFFFFFFFFFFFFFFFFFFFFFF66
:100AA000FFFFFFFFFFFFFFFFFFFFFFFFFFFFFFFF56
:100AB000FFFFFFFFFFFFFFFFFFFFFFFFFFFFFFFF46
:100AC000FFFFFFFFFFFFFFFFFFFFFFFFFFFFFFFF36
:100AD000FFFFFFFFFFFFFFFFFFFFFFFFFFFFFFFF26
:100AE000FFFFFFFFFFFFFFFFFFFFFFFFFFFFFFFF16
:100AF000FFFFFFFFFFFFFFFFFFFFFFFFFFFFFFFF06
:100B0000FFFFFFFFFFFFFFFFFFFFFFFFFFFFFFFFF5
:100B1000FFFFFFFFFFFFFFFFFFFFFFFFFFFFFFFFE5
:100B2000FFFFFFFFFFFFFFFFFFFFFFFFFFFFFFFFD5
:100B3000FFFFFFFFFFFFFFFFFFFFFFFFFFFFFFFFC5
:100B4000FFFFFFFFFFFFFFFFFFFFFFFFFFFFFFFFB5
:100B5000FFFFFFFFFFFFFFFFFFFFFFFFFFFFFFFFA5
:100B6000FFFFFFFFFFFFFFFFFFFFFFFFFFFFFFFF95
:100B7000FFFFFFFFFFFFFFFFFFFFFFFFFFFFFFFF85
:100B8000FFFFFFFFFFFFFFFFFFFFFFFFFFFFFFFF75
:100B9000FFFFFFFFFFFFFFFFFFFFFFFFFFFFFFFF65
:100BA000FFFFFFFFFFFFFFFFFFFFFFFFFFFFFFFF55
:100BB000FFFFFFFFFFFFFFFFFFFFFFFFFFFFFFFF45
:100BC000FFFFFFFFFFFFFFFFFFFFFFFFFFFFFFFF35
:100BD000FFFFFFFFFFFFFFFFFFFFFFFFFFFFFFFF25
:100BE000FFFFFFFFFFFFFFFFFFFFFFFFFFFFFFFF15
:100BF000FFFFFFFFFFFFFFFFFFFFFFFFFFFFFFFF05
:100C0000FFFFFFFFFFFFFFFFFFFFFFFFFFFFFFFFF4
:100C1000FFFFFFFFFFFFFFFFFFFFFFFFFFFFFFFFE4
:100C2000FFFFFFFFFFFFFFFFFFFFFFFFFFFFFFFFD4
:100C3000FFFFFFFFFFFFFFFFFFFFFFFFFFFFFFFFC4
:100C4000FFFFFFFFFFFFFFFFFFFFFFFFFFFFFFFFB4
:100C5000FFFFFFFFFFFFFFFFFFFFFFFFFFFFFFFFA4
:100C6000FFFFFFFFFFFFFFFFFFFFFFFFFFFFFFFF94
:100C7000FFFFFFFFFFFFFFFFFFFFFFFFFFFFFFFF84
:100C8000FFFFFFFFFFFFFFFFFFFFFFFFFFFFFFFF74
:100C9000FFFFFFFFFFFFFFFFFFFFFFFFFFFFFFFF64
:100CA000FFFFFFFFFFFFFFFFFFFFFFFFFFFFFFFF54
:100CB000FFFFFFFFFFFFFFFFFFFFFFFFFFFFFFFF44
:100CC000FFFFFFFFFFFFFFFFFFFFFFFFFFFFFFFF34
:100CD000FFFFFFFFFFFFFFFFFFFFFFFFFFFFFFFF24
:100CE000FFFFFFFFFFFFFFFFFFFFFFFFFFFFFFFF14
:100CF000FFFFFFFFFFFFFFFFFFFFFFFFFFFFFFFF04
:100D0000FFFFFFFFFFFFFFFFFFFFFFFFFFFFFFFFF3
:100D1000FFFFFFFFFFFFFFFFFFFFFFFFFFFFFFFFE3
:100D2000FFFFFFFFFFFFFFFFFFFFFFFFFFFFFFFFD3
:100D3000FFFFFFFFFFFFFFFFFFFFFFFFFFFFFFFFC3
:100D4000FFFFFFFFFFFFFFFFFFFFFFFFFFFFFFFFB3
:100D5000FFFFFFFFFFFFFFFFFFFFFFFFFFFFFFFFA3
:100D6000FFFFFFFFFFFFFFFFFFFFFFFFFFFFFFFF93
:100D7000FFFFFFFFFFFFFFFFFFFFFFFFFFFFFFFF83
:100D8000FFFFFFFFFFFFFFFFFFFFFFFFFFFFFFFF73
:100D9000FFFFFFFFFFFFFFFFFFFFFFFFFFFFFFFF63
:100DA000FFFFFFFFFFFFFFFFFFFFFFFFFFFFFFFF53
:100DB000FFFFFFFFFFFFFFFFFFFFFFFFFFFFFFFF43
:100DC000FFFFFFFFFFFFFFFFFFFFFFFFFFFFFFFF33
:100DD000FFFFFFFFFFFFFFFFFFFFFFFFFFFFFFFF23
:100DE000FFFFFFFFFFFFFFFFFFFFFFFFFFFFFFFF13
:100DF000FFFFFFFFFFFFFFFFFFFFFFFFFFFFFFFF03
:100E0000FFFFFFFFFFFFFFFFFFFFFFFFFFFFFFFFF2
:100E1000FFFFFFFFFFFFFFFFFFFFFFFFFFFFFFFFE2
:100E2000FFFFFFFFFFFFFFFFFFFFFFFFFFFFFFFFD2
:100E3000FFFFFFFFFFFFFFFFFFFFFFFFFFFFFFFFC2
:100E4000FFFFFFFFFFFFFFFFFFFFFFFFFFFFFFFFB2
:100E5000FFFFFFFFFFFFFFFFFFFFFFFFFFFFFFFFA2
:100E6000FFFFFFFFFFFFFFFFFFFFFFFFFFFFFFFF92
:100E7000FFFFFFFFFFFFFFFFFFFFFFFFFFFFFFFF82
:100E8000FFFFFFFFFFFFFFFFFFFFFFFFFFFFFFFF72
:100E9000FFFFFFFFFFFFFFFFFFFFFFFFFFFFFFFF62
:100EA000FFFFFFFFFFFFFFFFFFFFFFFFFFFFFFFF52
:100EB000FFFFFFFFFFFFFFFFFFFFFFFFFFFFFFFF42
:100EC000FFFFFFFFFFFFFFFFFFFFFFFFFFFFFFFF32
:100ED000FFFFFFFFFFFFFFFFFFFFFFFFFFFFFFFF22
:100EE000FFFFFFFFFFFFFFFFFFFFFFFFFFFFFFFF12
:100EF000FFFFFFFFFFFFFFFFFFFFFFFFFFFFFFFF02
:100F0000FFFFFFFFFFFFFFFFFFFFFFFFFFFFFFFFF1
:100F1000FFFFFFFFFFFFFFFFFFFFFFFFFFFFFFFFE1
:100F2000FFFFFFFFFFFFFFFFFFFFFFFFFFFFFFFFD1
:100F3000FFFFFFFFFFFFFFFFFFFFFFFFFFFFFFFFC1
:100F4000FFFFFFFFFFFFFFFFFFFFFFFFFFFFFFFFB1
:100F5000FFFFFFFFFFFFFFFFFFFFFFFFFFFFFFFFA1
:100F6000FFFFFFFFFFFFFFFFFFFFFFFFFFFFFFFF91
:100F7000FFFFFFFFFFFFFFFFFFFFFFFFFFFFFFFF81
:100F8000FFFFFFFFFFFFFFFFFFFFFFFFFFFFFFFF71
:100F9000FFFFFFFFFFFFFFFFFFFFFFFFFFFFFFFF61
:100FA000FFFFFFFFFFFFFFFFFFFFFFFFFFFFFFFF51
:100FB000FFFFFFFFFFFFFFFFFFFFFFFFFFFFFFFF41
:100FC000FFFFFFFFFFFFFFFFFFFFFFFFFFFFFFFF31
:100FD000FFFFFFFFFFFFFFFFFFFFFFFFFFFFFFFF21
:100FE000FFFFFFFFFFFFFFFFFFFFFFFFFFFFFFFF11
:100FF000FFFFFFFFFFFFFFFFFFFFFFFFFFFFFFFF01
:10100000D1002043491600600000000000000000ED
:10101000201000600010006000040160000000006B
:10102000000000600010010000000000FFFFFFFF53
:10103000FFFFFFFFFFFFFFFFFFFFFFFFFFFFFFFFC0
:10104000FFFFFFFFFFFFFFFFFFFFFFFFFFFFFFFFB0
:10105000FFFFFFFFFFFFFFFFFFFFFFFFFFFFFFFFA0
:10106000FFFFFFFFFFFFFFFFFFFFFFFFFFFFFFFF90
:10107000FFFFFFFFFFFFFFFFFFFFFFFFFFFFFFFF80
:10108000FFFFFFFFFFFFFFFFFFFFFFFFFFFFFFFF70
:10109000FFFFFFFFFFFFFFFFFFFFFFFFFFFFFFFF60
:1010A000FFFFFFFFFFFFFFFFFFFFFFFFFFFFFFFF50
:1010B000FFFFFFFFFFFFFFFFFFFFFFFFFFFFFFFF40
:1010C000FFFFFFFFFFFFFFFFFFFFFFFFFFFFFFFF30
:1010D000FFFFFFFFFFFFFFFFFFFFFFFFFFFFFFFF20
:1010E000FFFFFFFFFFFFFFFFFFFFFFFFFFFFFFFF10
:1010F000FFFFFFFFFFFFFFFFFFFFFFFFFFFFFFFF00
:10110000FFFFFFFFFFFFFFFFFFFFFFFFFFFFFFFFEF
:10111000FFFFFFFFFFFFFFFFFFFFFFFFFFFFFFFFDF
:10112000FFFFFFFFFFFFFFFFFFFFFFFFFFFFFFFFCF
:10113000FFFFFFFFFFFFFFFFFFFFFFFFFFFFFFFFBF
:10114000FFFFFFFFFFFFFFFFFFFFFFFFFFFFFFFFAF
:10115000FFFFFFFFFFFFFFFFFFFFFFFFFFFFFFFF9F
:10116000FFFFFFFFFFFFFFFFFFFFFFFFFFFFFFFF8F
:10117000FFFFFFFFFFFFFFFFFFFFFFFFFFFFFFFF7F
:10118000FFFFFFFFFFFFFFFFFFFFFFFFFFFFFFFF6F
:10119000FFFFFFFFFFFFFFFFFFFFFFFFFFFFFFFF5F
:1011A000FFFFFFFFFFFFFFFFFFFFFFFFFFFFFFFF4F
:1011B000FFFFFFFFFFFFFFFFFFFFFFFFFFFFFFFF3F
:1011C000FFFFFFFFFFFFFFFFFFFFFFFFFFFFFFFF2F
:1011D000FFFFFFFFFFFFFFFFFFFFFFFFFFFFFFFF1F
:1011E000FFFFFFFFFFFFFFFFFFFFFFFFFFFFFFFF0F
:1011F000FFFFFFFFFFFFFFFFFFFFFFFFFFFFFFFFFF
:10120000FFFFFFFFFFFFFFFFFFFFFFFFFFFFFFFFEE
:10121000FFFFFFFFFFFFFFFFFFFFFFFFFFFFFFFFDE
:10122000FFFFFFFFFFFFFFFFFFFFFFFFFFFFFFFFCE
:10123000FFFFFFFFFFFFFFFFFFFFFFFFFFFFFFFFBE
:10124000FFFFFFFFFFFFFFFFFFFFFFFFFFFFFFFFAE
:10125000FFFFFFFFFFFFFFFFFFFFFFFFFFFFFFFF9E
:10126000FFFFFFFFFFFFFFFFFFFFFFFFFFFFFFFF8E
:10127000FFFFFFFFFFFFFFFFFFFFFFFFFFFFFFFF7E
:10128000FFFFFFFFFFFFFFFFFFFFFFFFFFFFFFFF6E
:10129000FFFFFFFFFFFFFFFFFFFFFFFFFFFFFFFF5E
:1012A000FFFFFFFFFFFFFFFFFFFFFFFFFFFFFFFF4E
:1012B000FFFFFFFFFFFFFFFFFFFFFFFFFFFFFFFF3E
:1012C000FFFFFFFFFFFFFFFFFFFFFFFFFFFFFFFF2E
:1012D000FFFFFFFFFFFFFFFFFFFFFFFFFFFFFFFF1E
:1012E000FFFFFFFFFFFFFFFFFFFFFFFFFFFFFFFF0E
:1012F000FFFFFFFFFFFFFFFFFFFFFFFFFFFFFFFFFE
:10130000FFFFFFFFFFFFFFFFFFFFFFFFFFFFFFFFED
:10131000FFFFFFFFFFFFFFFFFFFFFFFFFFFFFFFFDD
:10132000FFFFFFFFFFFFFFFFFFFFFFFFFFFFFFFFCD
:10133000FFFFFFFFFFFFFFFFFFFFFFFFFFFFFFFFBD
:10134000FFFFFFFFFFFFFFFFFFFFFFFFFFFFFFFFAD
:10135000FFFFFFFFFFFFFFFFFFFFFFFFFFFFFFFF9D
:10136000FFFFFFFFFFFFFFFFFFFFFFFFFFFFFFFF8D
:10137000FFFFFFFFFFFFFFFFFFFFFFFFFFFFFFFF7D
:10138000FFFFFFFFFFFFFFFFFFFFFFFFFFFFFFFF6D
:10139000FFFFFFFFFFFFFFFFFFFFFFFFFFFFFFFF5D
:1013A000FFFFFFFFFFFFFFFFFFFFFFFFFFFFFFFF4D
:1013B000FFFFFFFFFFFFFFFFFFFFFFFFFFFFFFFF3D
:1013C000FFFFFFFFFFFFFFFFFFFFFFFFFFFFFFFF2D
:1013D000FFFFFFFFFFFFFFFFFFFFFFFFFFFFFFFF1D
:1013E000FFFFFFFFFFFFFFFFFFFFFFFFFFFFFFFF0D
:1013F000FFFFFFFFFFFFFFFFFFFFFFFFFFFFFFFFFD
:10140000814205D051F8043B40F8043B8242F9D8B0
:10141000704700BF044A05494FF0000342F8043BFF
:101420009142FBD8704700BFC016002040510020F9
:101430002DE98848BFF34F8F00BF00BF00BF00BF3A
:1014400000F016F9674B0822C3F8542100BF00BF13
:1014500000BF00BF00BF00BF00BF00BF00BF00BF94
:1014600000BF00BF00BF00BF00BF00BF5E4A5F49B2
:101470005F48FFF7C5FF5F4A5F496048FFF7C0FF5D
:101480005F4CFFF7C7FF4FF470004FF0E0210023DF
:101490005C4AC1F8880D44F823200133B02BFAD1FF
:1014A000594B8021594A03F8011B9342FBD14FF05D
:1014B000E0254C4E4FF08039DFF880B1DFF880A195
:1014C0004FF0FF31C5F8084D0027C6F80491C6F863
:1014D00000B1C6F8F490C6F8F0A0D5F8243DDFF8C6
:1014E000648143F4E0234A4AC5F8243DD8F81C300F
:1014F00023F07F0343F04003C8F81C30D8F82430B1
:1015000023F07F0343F04003C8F824309166D1668E
:101510001167516700F0B4F83E4B3F49A3633F4B5E
:10152000E36363236B610323AF612B613C4BC5F81D
:10153000203DD5F8FC3D43F08073C5F8FC3D394BA8
:101540001A6842F001021A605B680B6000F020F933
:10155000C6F804913448C6F800B1C6F8F490C6F84D
:10156000F0A000F0C1FAD8F86C10304B304A41F4CA
:101570004051C8F86C101F60C3F80871C3F81871A7
:10158000C3F82871C3F83871936BDB0708D442F6AF
:101590001563284951651365936B43F00103936309
:1015A000234A254C936843F00113936000F054FAEA
:1015B00000F08EFA00F01AF900F05CF82368132BA3
:1015C000FCD900F0ABF92368B3F5967FFBD300F0AC
:1015D00055F800F051F800F077FA00F06DFA30BFDE
:1015E000FDE700BF00800D4058D00000001C0060E7
:1015F00000000000C01600205CEC0060000000202D
:1016000000140020B543000000E400E0A0E400E086
:1016100000C00A40693F0000C45000206D3F000038
:1016200000002020001000E00046C32300400840D6
:1016300000400D400000C056C85000201B1018206C
:101640000C0D111300C00F40054B4FF42A01054A41
:1016500005485A641864054A99639546FFF7E8FE01
:1016600000C00A40AFAAAAAA070020000000072075
:10167000704700BF704700BF704700BF00BF704792
:1016800010B44FF0E023002110243148C3F8941D1A
:10169000C3F89C4D1124C3F8A00D2E48C3F89C4DEF
:1016A0001224C3F8A00D2C48C3F89C4D2B4AC3F854
:1016B000A00D2B4C42F015022A48C3F89C4DC3F8EC
:1016C000A00D294C2948C3F89C4DC3F8A00D284C07
:1016D000C3F89C2D2748284AC3F8A04DC3F89C0D99
:1016E000C3F8A02D02F5A022244C0C322448C3F8E4
:1016F0009C4DC3F8A02D234AC3F89C0D224CC3F87F
:10170000A02D02F14062C3F89C4D2048C3F8A02DE3
:101710000C32C3F89C0DC3F8A02D00BF00BF00BF62
:1017200000BF00BF0122C3F8942DBFF34F8FBFF35A
:101730006F8FC3F8501FBFF34F8FBFF36F8FD3F876
:10174000142D5DF8044B42F44032C3F8142D704759
:101750003F0000102500080709001000405100203C
:1017600013002000210002071400002025000813A8
:10177000090000101600202027000B13170000405E
:10178000180000602F000B07190000701A0000807D
:10179000F0B4154A40274FF480314FF480564FF48F
:1017A00000554FF4404443F24200136913F0020F16
:1017B0000ED113F4005F0FD013F4805F0ED0002B16
:1017C000F3DA13F4803F0BD15B060BD5F0BC704706
:1017D000946151619061E8E75561E6E75661E4E79D
:1017E0009161E2E75761E0E700800D403F4A032046
:1017F0003F49F3EE095AD2F880304FF0000C9FEDCC
:101800003D6A23F001039FED3C5A30B4C2F88030AA
:10181000C2F89000D1F8E010384DCBB2384C3948BE
:101820002B6007EE903A0B0DC1F30B21F8EEE77A2F
:1018300006EE903A07EE101A334BB8EEC77A2160E5
:10184000F8EEE66A314937EEC66A37EEC55A76EEEB
:10185000C76A77EEE57A26EE266AC3ED006A25EEC2
:10186000265AD2F8803067EEA64AC0ED007AC6EE5E
:10187000275A274885EE276AC4EEA76A75EE875A6D
:10188000FCEEE55A36EE076A15EE904ABCEEC66AE3
:1018900043EA045376EE877AC2F8803016EE103AA7
:1018A000D2F89041FCEEE77A01EA0341214317EEBA
:1018B000903AC2F89011C3F30B03D2F890110B4386
:1018C0001449C2F89031D2F8803043F00203C2F8D4
:1018D0008030114B80F840C0C1F840314FF0E02318
:1018E000012230BCC3F80821704700BF00810D40C1
:1018F00000441F400000AA420000B442985000205B
:10190000945000209C500020A05000200000FF0FA9
:1019100000E400E0001400209D450000314B40F63B
:10192000617210B5C3F8202140F2044400F0D4F8ED
:101930002D4A2E49D2F880302D4843F00303C2F8D7
:1019400080302C4BC1F8604102681A4203D1D1F8B3
:10195000A8319A071BD0254A4FF00041244B596308
:10196000D2F8403143F00203C2F84031D2F840319E
:101970009B07FBD44FF400304FF0E0211C4B4FF09D
:101980000042C1F88C0219209A6300F0A9F8184AA5
:101990004FF08040154C002190630A20164B1160D7
:1019A0004FF42072C4F8A801184600F089F84FF4EB
:1019B000800203464FF4810040F243111860C4F8DE
:1019C00058311A640D4B0E4AC4F84811C3F804226A
:1019D0004FF0E0224FF400310123C2F80C11C4F89B
:1019E000403110BD00800D4000C00F4000002E406F
:1019F00000900D40001C1E0000000020001400207C
:101A00008547000008B50E4B1B6E9B0700D4FBBE3C
:101A100072B60C4B00200C4AC3F8400103F160433E
:101A20000A49A3F55F2311649D46BFF34F8F4FF41E
:101A300000130748074ADB6902609B68984700BFAC
:101A400000441F4000002E4000C00A400300200058
:101A500000802020000012EB104BA020104AD96E0D
:101A600041F4403110B4D96640F23764D96E41F484
:101A70004071D96654649064936C1B06FCD4094A87
:101A800040F23761A02351649364936C13F0800398
:101A9000FBD1054A13705DF8044B704700C00F403E
:101AA00000400C4000800C4005510020F8B500BFFC
:101AB000F8BC08BC9E4670475FF800F00542000085
:101AC0005FF800F0AD7600005FF800F0E17800000C
:101AD0005FF800F0055B00005FF800F0F54E0000D5
:101AE0005FF800F0754000005FF800F099570000C3
:081AF00045000000F522000092
:101AF8001603550053004200200053006500720091
:101B0800690061006C00000018035400650065005E
:101B18006E00730079006400750069006E006F0044
:101B28000403090409026200030100C032080B0023
:101B3800020202010009040000010202010005245A
:101B480000100105240101010424020605240600F1
:101B5800010705820310001009040100020A0000B1
:101B68000007050302400000070584024000000941
:101B780004020002FF6AFF00070581024000010716
:101B8800050102400001000009026200030100C0D3
:101B980032080B00020202010009040000010202DF
:101BA8000100052400100105240101010424020696
:101BB8000524060001070582031000050904010039
:101BC800020A00000007050302000200070584025C
:101BD8000002000904020002FF6AC700070581022B
:101BE8000002010705010200020100000A060002C6
:081BF800EF02014001000000B2
:101C000000000000000000000000000000000000D4
:101C100000000000000000000000000000000000C4
:101C20000548064B1B1AD90F01EBA301491002D03E
:101C3000034B03B118477047C0160020C0160020A0
:101C40000000000008B5054B1BB105490548AFF37E
:101C50000080BDE80840FFF7E3BF00BF00000000C0
:101C6000405000200010016000207047034B1868AE
:101C700010B103681B681847704700BFEC180020BC
:101C80002DE9F04100F5005090B0574C9646574B67
:101C90000094C0F810191B6A5548C3F30123046867
:101CA000403304F080746B4413F8406C514B03FBD9
:101CB00006F60368B6FBF1F2B6FBF2F543F0A0437B
:101CC0004D1B03600368DF01FCD5052A4FF0000CB3
:101CD0002AD96046831C0130B2FBF3F7192F07FBAA
:101CE00003F3F7D84FF00108B6FBF3F3CB1A002B40
:101CF000B8BF5B42AB420BDBA7F10C0318BF4FF040
:101D00000008062B0AD8B8F1000F07D08446E1E797
:101D10001D46A7F10C038446062BF4D9052FD9D80C
:101D20000CF10103B2FBF3F2B5F5967FA2F10502C7
:101D30004CDC142A4AD802EB42022F4F6E46DFF8E1
:101D4000B08002F14003BEF1020F0DEB03050FCF8F
:101D50000FC60FCF0FC60FCF0FC697E80F0007C6ED
:101D600026F8023B4FEA1343337015F83F3C15F851
:101D70003E2C4FEAC34315F8401C4FEA024203F4DD
:101D8000601301F0070102F4E02243EA020343EA90
:101D9000010343F4800343EA0C6343F48043C8F82F
:101DA0000430D8F8043014BF23F0080343F00803CC
:101DB000C8F804303CB90E4A136823F0805313600E
:101DC0001368DB01FCD410B0BDE8F081002CFAD11F
:101DD000074A136823F0805313601368D901FCD4B9
:101DE00010B0BDE8F08100BF3C18500000C00F40AB
:101DF00000001D4040420F00E003002008B583684A
:101E000003B19847044AD3889BB243F48043D380FC
:101E1000BFF34F8F08BD00BF00800B4008B583683B
:101E200003B19847034A137803F0F7031370BFF325
:101E30004F8F08BD00400B400020704700207047C6
:101E40000820704710490B68486B0A68496B02F01C
:101E50007F02C1F3036101320431B2EB410F10D3B1
:101E600003F07F03C0F30360053B0130A3EB4003A5
:101E7000DBB2054A106800F07F000130C01AC0B222
:101E800070470023F5E700BF00001D402DE9F84F23
:101E9000704C0E4621688D007CD5656BC5F30365DB
:101EA000ED000835B54275D9984623680746934634
:101EB00003F08079236843F0A04323602568E8019C
:101EC000FCD5236813F4407F53D198F80040012CCF
:101ED00000F08B800A9B604D1978604BA1F10201E4
:101EE00003EACB43B1FA81F14909C9070B435C49C5
:101EF00031444FEA810ACAF80030564B1B689900FA
:101F000008D5FFF79FFF2028A8BF2020864201DACE
:101F1000CAF8A057A4F1010406EB46034D496FF03F
:101F20004040B4FA84F407EBC3038864640903F502
:101F3000F05124040C60086800F4702030430860FD
:101F4000086840F080000860086840F000500860B1
:101F500041F60460002143F800B041F608601950D2
:101F600041F60C60195041F61060195041F61460AA
:101F70001950384B1B68C3F30123012B0CD0B9F166
:101F8000000F07D1334A136823F08053136013689E
:101F9000DB01FCD4BDE8F88F98F80030012B33D07A
:101FA0000A9B1B78022B44D043F6F8712B4A2C4B2A
:101FB00001EACB012B4C02EACB4233440A439B009B
:101FC0001A60244B1B689A000AD5FFF73BFF2028B4
:101FD000A8BF2020B04203DD234B33449B001C608C
:101FE0001C4B6FF080229A64C9E70A9B4FF0FF35C3
:101FF0001B78022B1D4B08BF4FF0404103EA4B03F7
:1020000018BF4FF0804171E70A9B4FEADB32144959
:102010004FF0FF341B7842EA02423144022B4FEA70
:1020200081010CBF4FF0C0234FF0402313430B60DE
:10203000C7E743F6F873094809496FF0071403EA44
:10204000CB0300EACB4231441343890043F08023A1
:102050000B60B6E700001D400100F8FF0000F83FEC
:1020600038400710F87FF87F20420710FEFFFF3F3F
:102070000346254AB7EE007ADFED247AB7EE005B1F
:10208000012800B59FED1E6B89B01370204B214ACB
:10209000684683ED007AC3ED017AC3ED027AC3EDA1
:1020A000037A83ED047AC3ED057AC3ED067AC3EDB6
:1020B000077A83ED087AC2ED007A8DED065B07FEA4
:1020C000275A47FE875A82ED015AC2ED025A8DED1A
:1020D000006B8DED026B8DED046B02F025FE10B9E7
:1020E00009B05DF804FB25210B4805F06BF80B489F
:1020F00003F090FD09B05DF804FB00BFAFF3008072
:102100000000000000000000FF5000200000000060
:102110000C420020D018002068040020B80D0020D8
:10212000F8B503682BB9C37913B9C37A022B33D03E
:10213000F8BD40F2032293420DD1C379002BF7D1B1
:10214000C37A032BF4D91B4BC2689A42F0D11A4BC5
:1021500001221A70F8BD40F203329342E8D1C379EC
:10216000002BE5D1C37A042BE2D9144BC2689A4202
:10217000DED1007C00240025114F0228114E28BF1B
:102180000020C7E90045C6E90045FFF771FFC7E930
:102190000045C6E90045F8BD037B812BC8D1437BD0
:1021A0000BB1032BC4D14FF0E023074AC3F80C2D29
:1021B000F8BD00BF20EED4230051002022AC9E7356
:1021C000B8180020B01800200400FA050B4B18685E
:1021D00088B103680A4A1B6893420DD1836810B521
:1021E00003B19847074AD3889BB243F48043D38016
:1021F000BFF34F8F10BD7047184700BFF018002085
:10220000FD01000000800B40634A2DE9F041146895
:10221000136804F0807443F0A04313601368DD0179
:10222000FCD511680023DFF878C121F000515B4F25
:10223000594E1160194653629362126803EB0C0207
:10224000DD1901331201AD00D160DBB29160516044
:1022500011602960326802F07F0201329342EDD3AF
:10226000B1643161F26A336BF26233633368002820
:1022700049D1DFF82C810546474E484F19E03368B5
:1022800003F07F030133B0EB930F34BF4FF0806353
:102290004FF08C631360736BC3F300439B070B60B9
:1022A0003368013503F07F03EDB2013328469D42C8
:1022B0001ED2336805EB0802E91903F07F0312010F
:1022C00089000133B0EB530FD9D34FF00063136093
:1022D00033689A0003D5FFF7B5FDA842E0D8012383
:1022E0001F2D03FA05F34CD8B26A1343B362D7E744
:1022F0003CB9294A136823F0805313601368DB014B
:10230000FCD4BDE8F08143F000533360356815F02C
:1023100000553ED0FFF796FD3368054603F07F0376
:1023200001338342E4D91E4F4FF00066DFF8688026
:102330000DE0D8F828201343C8F82830D8F800302A
:10234000013503F07F03EDB201339D42D0D2EB198A
:102350001B011E60D8F80030990003D5FFF772FD0D
:102360008542EBD301231F2D03FA05F3E1D9A5F133
:1023700020010123D8F824208B401343C8F82430CF
:10238000DCE7A5F120010123726A8B4013437362DD
:1023900086E73368C7E700BF00001D4020420710F2
:1023A00008D0010470B5584B82B0584900220193FF
:1023B0000B6AC3F3012308336B4413F8043CC0E9F0
:1023C0000122C0E90322002B00F0858000F50055B2
:1023D0004E4924204E4B01244E4A0226C5F80C09D2
:1023E0001220C3F8D0208A6E4B4B42F470328A66BA
:1023F00041F2B00185F81549484A494CC3F81C011F
:10240000C3F80C13E664C3F82001C3F81013136873
:1024100023F000431360136843F0A0431360136874
:10242000DC01FCD553683D4943F008035360136851
:1024300043F0804313600B68D802FCD40B68374A22
:1024400043F000730B6013689901FCD4334C23688C
:10245000DA01FCD52368002043F4003323602368AD
:1024600043F480332360236843F48053236023685C
:1024700043F400532360236843F4800323602368FC
:1024800043F400232360236823F408432360636B31
:1024900043F4E0236363236843F400132360236859
:1024A00043F080632360FFF7AFFE23681B4A23F0ED
:1024B000805323601368DB01FCD4D5F80C2901217B
:1024C000184B03EB521302F01F029B0001FA02F2B9
:1024D0001A6002B070BD0B6A134A23F47F7343F491
:1024E00080730B621368002B3FF470AF0B4A00F54A
:1024F00000551C6818465268D5F81019C2F3C0027E
:1025000063685200984763E73C18500000C00F40D2
:10251000001400206D00000000801F4000001D40DE
:1025200000841F4040380038EC1800201F2910B4E8
:1025300022D8012318488B400363184B4FF00064E6
:10254000D0790B441B011C60E8B1117A10680905B1
:1025500020F0604041F4C0015860D0685DF8044B41
:1025600000BA9860106900BAD860D27A41EA024293
:1025700042F040621A607047A1F12004012306482E
:10258000A340C362D9E714680548117A00EA844081
:1025900009055860E1E700BF00001D4008D00104B4
:1025A0000000FC1F3B4B1B6A2DE9F04113F0200E8D
:1025B00086B066D100F580540646B4F81E3B9BB247
:1025C000102B62D0B4F81C8B0D461A27086808F04F
:1025D0000F084968AA68EC46EB6807FB0848ACE8B6
:1025E0000F0028691822696988F830EB41F6303EFF
:1025F000B4F81C3B03F00F0307FB034383F8312BB4
:10260000B4F81C3B03F00F03ACE8030007FB0366C0
:10261000EC46B644BCE80F00CEF80200CEF8061037
:10262000CEF80A20CEF80E30BCE80300CEF8120037
:10263000CEF81610B4F81C2BB4F81A3B92B29BB229
:1026400083F010039A4206D1B4F81A3B013303F029
:102650001F03A4F81A3BB4F81C3B013303F01F031B
:10266000A4F81C3BB4F81E3B9BB20F2B09D8B4F85E
:102670001E3B012003449BB2A4F81E3B06B0BDE8FC
:10268000F081012006B0BDE8F081704606B0BDE8DB
:10269000F08100BF00001D408B7D70B50D4686B0F7
:1026A00004463F4E002B3CD1336813F0005C25D02C
:1026B000FFF7C8FB3368844603F07F030133984279
:1026C0001ED23849364807E003685FFA82FC03F0FF
:1026D0007F0301339C4513D20CEB01030CF1010283
:1026E0001B011B68C3F30363082BEDD120462A4668
:1026F0006146FFF71BFF012006B070BD3368E0E7BD
:102700000FCDEC46FF26ACE80F0095E803008CE8FF
:102710000300694620468DF81460FFF743FF06B0BA
:1027200070BD306810F0005030D0FFF78BFB33687D
:1027300003F07F030133834224D91A49184E05E080
:10274000336803F07F03013398421BD24318421CC5
:1027500084461B01D0B21A681201F1D51B68C3F37D
:102760000363082B14D06E460FCD0FC695E8030007
:1027700086E80300694620468DF814C0FFF712FF73
:1027800006B070BD084B4FF0FF3CE7E73368D4E775
:1027900020462A465FFA8CF1FFF7C8FE0120ABE71E
:1027A00000001D4008D0010470001D400B78632B11
:1027B00010B5044682B0104613D003F51C6304EB39
:1027C00083035B6813B101929847019804F50054A4
:1027D000D4F804381BB102B0BDE81040184702B06D
:1027E00010BD04F50054D4F80437002BF0D001924A
:1027F00098470198ECE700BF2DE9F04300F500573A
:102800008FB0044697F8003713B9012387F80037D3
:10281000238B9BB2002B57D1D7F80C2904F5805697
:10282000724B02F01F0103EB521301229B008A40FE
:102830001A60B6F81E3B9BB283B3B6F81A3B1A2255
:1028400008AD0DF1080C03F00F03AE4602FB034385
:1028500041F6323203EB02089858D8F80410D8F841
:102860000820D8F80C300FC5D8F81000D8F814108C
:1028700003C5BEE80F00ACE80F009EE803008CE83B
:1028800003009DF91C104B1C54D0594B0B441B01E9
:102890001B68C3F30363082B00F08B80D7F80C2967
:1028A000544B02F01F0103EB521301229B008A409C
:1028B00000211A60238BB6F81E0B9BB280B240EA4F
:1028C00003300FB0BDE8F083A68A1A23B4F814C011
:1028D00008ADF6B20CF1010C03FB0646CCF3080C74
:1028E000D6F81C01D6F82011D6F82831D6F82421C4
:1028F0000FC5D6F82C01D6F83011A4F814C0238BDC
:102900009BB203C51BB1238B013B9BB2238308AD54
:1029100002AE0FCD0FC695E8030002AA86E80300B9
:102920009DF81C300DF1070120468DF80730FFF7A8
:102930003DFF71E7DFF8C080D8F8005015F0005572
:1029400050D0FFF77FFAD8F80030054603F07F0338
:1029500001338342A2D9DFF89890DFF89C8008E029
:10296000D8F80030013503F07F03EDB201339D420A
:1029700094D205EB09031B011B68C3F30363082B07
:10298000EED102AA29462046FFF7D0FDB6F81A3B41
:10299000013303F01F03A6F81A3BB6F81E3B9BB2A7
:1029A000002BDDD0B6F81E3B013B9BB2A6F81E3BC8
:1029B000D6E702AAC9B22046FFF7B8FDB6F81A3B1F
:1029C000013303F01F03A6F81A3BB6F81E3B9BB277
:1029D000002B3FF463AFB6F81E3B013B9BB2A6F859
:1029E0001E3B5BE7D8F80030B5E700BF6038003821
:1029F00008D001044038003800001D402DE9F043A4
:102A0000B14D8BB0B14C40F2EE28B14FDFF82493BA
:102A10002E6804F055FC2378002B00F0F4803B78FE
:102A2000DB0740F1F0802B68D9F800209B1A0E2BB1
:102A300040F2E9801321A74804F0C4FBA64803F044
:102A4000E9F80E21A548002604F0BCFB0023102263
:102A50000321A14803F0FAF81D21A14804F0B2FBBC
:102A6000002340F2033110229B4803F0EFF89A480C
:102A700003F0D0F89B489C49036C9C4A43F4001334
:102A80009B4C03644B6F9B4843F440334B6702609D
:102A9000994B966046F2A01298499948C1F8B00146
:102AA0004FF4A2611A8044F204021980DA804FF0D8
:102AB000E0221988934889B241F06C0119801E8187
:102AC0004FF08053C2F80831FFF76CFC32468E4954
:102AD0008C48FFF7D5F8236843F0A04323602368B0
:102AE000DE01FCD500202668FFF78EFBE26A236B2F
:102AF000E2622363236823F07F032360236843F0AB
:102B00003F032360B40000F1B180794C236823F0C7
:102B1000805323602368D801FCD40120DFF8188299
:102B2000FFF772FB2368794A9900C8F804270AD591
:102B3000A36A9A0607D4A36A23F0FF03A362A36AD9
:102B400043F02003A362002404AF03260DF10F031A
:102B5000224621466B4800978DF810408DF80F6093
:102B6000FFF794F90DF10F0340F2032201216548AC
:102B700000978DF80F608DF81040FFF787F90DF181
:102B80000F0340F2033202215E4800978DF80F6078
:102B90008DF81040FFF77AF9554B1B689B0040D524
:102BA000FFF750F93F283CD9594E3C4655484FF065
:102BB0000109FFF721FE40F2037C4FF000080FCE21
:102BC0000FC496E8030084E8030039464D48CDF869
:102BD00010C08DF81B90FFF75FFD29684D4BCDF8B5
:102BE00000802A6819604C4B4C491A60102281F809
:102BF00000800A214A4B4B4801F09EFC002839D145
:102C00000BB0BDE8F0832B6822789B1B32B1B3F583
:102C1000FA6F3FF60FAF04F053FBFAE64345FAD9DB
:102C200008E7334B5A6A22F000425A620022D3F876
:102C30007014C3F87424C3F87824C3F87C244FF0CC
:102C40000062C3F870245A6A42F000425A624FF0A0
:102C500000429968DA62D3F8703413F4C00F14BFDD
:102C600001230023DB06C8F8E8369DE70120FFF7C3
:102C7000CBFA4AE72C4B40462C4A2D4C83F8008077
:102C800082F80090FFF7F4F94CF250320521254804
:102C900084F8008001F0CEFC4CF250320221214831
:102CA00084F8008001F0C6FC4CF2503209211D4826
:102CB00084F8008001F0BEFC0028A1D084F80090C8
:102CC0000BB0BDE8F08300BFC85000200E510020BB
:102CD0000D510020E40A0020B80D0020F80A002061
:102CE000080B002000C00A4000C00F40E018002080
:102CF00000001D40F018002000800B400014002050
:102D0000CD050000F418002048E80100210500006E
:102D100020040020C8180020CC180020FE500020FD
:102D2000680D002030420020FF500020FB500020A2
:102D3000FC500020D8500020F43800200000000093
:102D40002DE9F047CC4C238B9BB22DED088B9EB028
:102D500033B12046FFF750FD238B9BB2002BF8D1F7
:102D6000C64B1B789BB9C64EC64A336811685B1ABE
:102D7000092B00F21681C44A336811685B1A632B71
:102D800000F2EB801EB0BDEC088BBDE8F087BF48B9
:102D900001F028FC002840F0BD81BD4C2378002BB9
:102DA000E1D0BC4CB948214601F026FC0028DAD01D
:102DB0002378022B00F0D681052BD4D1D4ED06BAAE
:102DC00094ED059A6BEEAB8A94ED07BAD4ED089AB0
:102DD000B0EE681A2BEE290AF1EE68AA99EE091AEC
:102DE000A9EE2B0AABEE4B1AB7EEC00A30EE000B81
:102DF000A9EEA91AB7EEC11A05F002F8F0EE687A4A
:102E000029EEEB7AB0EE408BE9EE097AA9EE0B7A67
:102E1000B8EE006BEBEE0B7AB0EE470AB7EEC00AE5
:102E2000B0EE677A20EE060BA9EEA97AB7EEC77A64
:102E300080EE070B04F0B8FFB0EE6A1AB0EE40ABBC
:102E4000A9EE491A29EE299AABEE8B9AABEE0B1A32
:102E5000B7EEC90AA9EEA91A30EE000BB7EEC11AF7
:102E600004F0CEFFB7EEC87BB7EECA5B8A4BB7EE75
:102E7000C06BDFED8A3AB7EEC77A1B78B7EEC55A5A
:102E8000B7EEC66A012B9FED7A4B27EE047B25EE49
:102E9000045B26EE046BF7EEC77BB7EEC55BB7EEBF
:102EA000C68B77EEE37A00F0A5819FED7D7A38EE50
:102EB000078AF5EEC07AA3787A4A03F00303F1EEAD
:102EC00010FA137003D59FED787A77EE877ADFEDED
:102ED000768A9FED730A78EEE77A744CF0EE680A12
:102EE00030EE450AC4ED007A04F096FFB5EEC00A54
:102EF0009FED6B7AF0EE407AF1EE10FA48BF70EE7B
:102F0000287ADFED698A38EE070AF0EE680A37EEB4
:102F1000C78A04F081FFB5EEC00ADFED616A644B39
:102F2000F1EE10FA1A7848BF30EE280A30EE667AD1
:102F300084ED027A002A00F060810020B7EEC88A92
:102F4000B7EEC77A002218705A495B4B6260A260E4
:102F500081ED008B83ED007B05E7336811AC574DA5
:102F600040F2037C1360012705260FCD0FC495E8BE
:102F7000030084E8030011A93F48CDF844C08DF850
:102F80004F708DF85060FFF787FB4D4B45F2555160
:102F90004AF6AA2259805A801EB0BDEC088BBDE8C3
:102FA000F087424B11A8DFED477A0DF12C0893ED25
:102FB000005A40F2831AD3ED012A0DF1370425EEB1
:102FC000277A93ED026A93ED034A62EEA73A26EE62
:102FD000273A3168BDEEC77A324F64EE277A116026
:102FE000FDEEE33A384917EE103AB7EEC44AFDEE6B
:102FF000E77ADFF8C890ADF82430DDB213EE903AEE
:10300000B7EEC55AB7EEC66ABDEEC33AADF8263084
:1030100017EE903AB7EEE27A13EE102AADF82A30A6
:103020008DED044B8DED025B8DED006B3B78ADF8C3
:103030002820069353EC172B06F056F811A806F03B
:103040005FFC014611A804F0BDF8204802F0E2FD43
:103050000DF1240C0DF13F0EB9E80F00A8E80F00A8
:1030600099E8030088E80300CDF82CA032E000BF07
:10307000F8C1631ADCA54C40F4180020FB50002076
:10308000C8500020CC180020C81800203042002072
:10309000FC50002080180020FF5000200000B442A7
:1030A00000003443FE5000200000B443E4500020F0
:1030B00000510020B8180020B01800202004002083
:1030C00000800B400000C842800A0020B80D00209C
:1030D0001CF8015F04F8015F7445F9D1664D0BA936
:1030E00066480BACFFF7D8FA3F7840F2832E4FF0DA
:1030F000010C0FCD0FC495E8030084E803000BA971
:103100005E48CDF82CE08DF837C08DF83870FFF7A9
:10311000C3FA30E610215A4804F054F8594802F036
:1031200079FD594B594C00251878FEF7A1FF4CF258
:10313000503205215648257001F07CFA4CF250328D
:1031400002215348257001F075FA4CF250320921E2
:103150004F48257001F06EFA00283FF41FAE01239E
:1031600023701EE64B4BD4ED067A93ED047AD4ED32
:10317000055A27EE877AD3ED033AD3ED016A93ED32
:10318000004AA3EEA57A94ED076A67EEA66AD3ED2E
:10319000074AD3ED051A67EEA47A93ED065AE4EEDA
:1031A000256A93ED022A3C4AA1EE867AD3ED082ADD
:1031B000E5EE257A92ED013AD2ED003A92ED024A1F
:1031C000E2EE066ADFED354A354B27EE037AE2EE92
:1031D000867A9FED275BA3EEA67AA4EE277A27EEE8
:1031E000247AB7EEC77A87EE056BB7EEC66B83ED30
:1031F000036AB8E538EE638A5BE62A4A2A4BDFEDBC
:103200002B8A92ED004B93ED005BF0EE680AB7EE6F
:10321000C44BB7EEC55B38EE444A37EE458A34EE10
:10322000260A04F0F9FDB5EEC00A9FED1C7AF1EE16
:1032300010FA48BF30EE280ADFED1C8AF0EE680A6B
:1032400070EE477A38EE070AC4ED017A04F0E4FD27
:10325000B5EEC00ADFED117AF1EE10FA48BF30EE9C
:10326000280A30EE670A84ED020A7CE5AFF300809D
:10327000182D4454FB21094020040020F41800209C
:103280006C0A0020B80D0020FF500020FC500020E8
:10329000304200200C420020D018002000003443AF
:1032A000E4500020B8180020B01800200000B443FB
:1032B00000F58053D3F8003EDB0069D5374B2DE98C
:1032C000F04F5E6B4FF0000E41F6146941F6046753
:1032D000C6F3036641F60868F600083609E013688D
:1032E0005B0F052B34D00EF1010E5FFA8EF39E4278
:1032F00050D90EEB4E0500EBC50C0CF5F0521368DF
:103300005B0F012B13680DD05B0F022BE7D15CF82C
:1033100007308B42E7D85CF808308B42E3D30120BA
:10332000BDE8F08F13F4607FDDD06D00002304E072
:103330001468C4F3C21C6345D5D2013305EB030CFA
:10334000DBB20CF5F06C50F82C408C42F0D1E6E783
:10335000136813F4607FC6D0CC446D00012405E0EF
:103360001368C3F3C21301339C42BCD22B19DCF89F
:1033700000A0013403F5F0630AEA010AE4B250F850
:103380002330DCF800B003EA0B039A45E8D1C6E726
:10339000012070470020BDE8F08F00BF00001D40F5
:1033A0002DE9F04F8C468DB00F4605466C4606461B
:1033B00000F110084FF00109DFF814A1BCE80F007C
:1033C0000FC49CE8030084E8030056F8044F5CB186
:1033D0009DF91420A36809FA02F1194256D0236816
:1033E000D3F800B0D3454CD14645EED105F5005396
:1033F00093F80037002B5FD0EE8A4FF01A0C386834
:1034000006AC7968F6B2BA68FB680CFB06560FC4C6
:10341000002338697969182286F81A31EB8A0DEB96
:103420000206DBB20CFB035303C483F81B21EC8AB6
:10343000E4B20FCE0CFB0454C4F81C01C4F82011F4
:10344000C4F82421C4F8283103CEC4F82C01C4F8F0
:103450003011EA8AAB8A92B29BB283F480739A42AB
:1034600024D0EB8A0133C3F30803EB822B8B9BB28E
:10347000FF2B03D82B8B01339BB22B830DB0BDE800
:10348000F08F9DF8153069462046D847237C002BE5
:10349000AAD02368D3F800B09DF81530D345A3D047
:1034A00020464FF0FF326946D8479DE7AB8A01338B
:1034B000C3F30803AB82D4E73B7D3A4606A928460E
:1034C0008DF81830FFF772F90DB0BDE8F08F00BF2E
:1034D0006900000001EB410170B500EBC10404F587
:1034E000045EDEF80030DB0028D5DEF800305B0F2C
:1034F000012B0BD0DEF800305B0F022B42D0DEF840
:1035000000305B0F052B1BD0002070BDDEF80040A3
:1035100014F4607FF8D000234D0005E0DEF80010C1
:10352000C1F3C21C6345EFD2013305EB030CDBB2E0
:103530000CF5046C50F82C409442EFD1012070BD82
:10354000DEF8005015F4607FDED042F21415490019
:103550000123254407E0DEF80040C4F3C21C0CF14F
:10356000010C6345D0D22C6804EA020CCC1801335C
:1035700004F50464DBB250F824402E683440A445BE
:10358000E9D1DBE742F20413E3589342BCD842F29C
:103590000813E058904234BF0020012070BD00BFE6
:1035A00000F5005393F80137002B00F0DB80DFF8C3
:1035B0006CC22DE9F04F0F4689B005460E4602ACAD
:1035C0000FCF0FC497E8030084E80300DCF8003055
:1035D0009B0052D5DCF8343000244FF06309C3F36C
:1035E000036A22464FEACA0A0AF1080A0CE05B0F96
:1035F000022B3B6800F09A805B0F052B00F0DD800A
:103600000134E2B2924538D996F91430632B34D0A4
:1036100004EB440805EBC80B0BF5F0573B6813F0BF
:10362000604FEDD03B685B0F012B3B68DFD1C3F3EC
:103630000043F2799A42E3D13B6813F4607FDFD014
:103640004FEA480B002306E03A685FFA88F3C2F3BA
:10365000C2129342D4D203F10108029A0BEB080381
:1036600003F5F06355F823309A42EDD102A92846BC
:103670008DF81C90FFF794FEE6E70023674F8DF866
:103680000E303C6814F000543FD0FEF7DBFB3B6883
:10369000044603F07F030133834233D942F2041717
:1036A00042F20818DFF8749196F91430A34220D042
:1036B00004EB440105EBC10202F5045ADAF80030CC
:1036C00013F0604F15D0DAF80030F079C3F3C0631F
:1036D00098420ED1DAF800305B0F012BDAF8003097
:1036E00041D05B0F022B12D0DAF800305B0F052BB4
:1036F0005BD0D9F80030013403F07F03E4B201332A
:103700009C42D1D309B0BDE8F08F3B68C6E7D159E0
:10371000029B8B42EDD352F808209342E9D802A9CC
:1037200028468DF81C40FFF73BFEE2E7C3F3004359
:10373000F2799A427FF464AF41F604635BF80320A8
:10374000029B9342FFF45CAF41F608625BF80220F3
:1037500093423FF655AF02A928468DF81C90FFF71B
:103760001FFE4DE7704713F4607FC2D04A0000236C
:1037700007E0DAF800105FFA8BF3C1F3C2118B4255
:10378000B7D203F1010B029902EB0B0303F50463BB
:1037900055F823309942ECD102A9284600928DF8C1
:1037A0001C40FFF7FDFD009AE3E7029A21462846F8
:1037B000FFF790FE00289CD0B1E73B6813F4607FD0
:1037C0003FF41EAF41F6146301275B440AE00BF59A
:1037D000F05101370968FFB2C1F3C21101318F42C4
:1037E000BFF40EAF07EB4801186801F5F06155F81A
:1037F00021E00299D3F800C008400EEA0C0188428B
:10380000E5D102A9284601938DF80E2000928DF88B
:103810001C90FFF7C5FDDDE90023D8E700001D403F
:103820002DE9F04F934D9BB0934F08AC05900FCD11
:103830000FC495E8030084E803007E6AB96AD7F8EC
:103840002C90386B3B68039113F40043049003D130
:103850003A68950000F11881049B43F00103B9F127
:10386000000F00F00281B9FA89F3834DC3F14003E0
:103870002C68DFB214F00054029700F09F82FEF72C
:10388000E1FA2B68044603F07F030133984280F08D
:10389000C280874240F2BF80059B671CDFF8D8B129
:1038A00003F50053FDB2019706931AE0042A00F0D5
:1038B0005881082A00F0E281DBF800309DF80440CE
:1038C00003F07F03029A0133A24288BFAB4205F1A5
:1038D000010594BF01230023002B40F09C80631C52
:1038E0000193C4F12002039BA4F1200A06FA02F11D
:1038F000E3400B4326FA0AF10B43DF07DCD5049BB8
:1039000009FA02F2E340134329FA0AF21343D807F3
:10391000D2D5DFF87081A0444FEA0818D8F80030FB
:10392000190EC3F3036201F00B010229BED1D8F8CE
:10393000041003F4001021F06041002812BF4FF082
:10394000010C4FF0000C890C062A8DF827C0089155
:1039500002D101228DF82920ADF82430C3F30343AE
:103960008DF8344000288DF82B30069B93F81539DC
:103970008DF83530D8F808308DF82F30D8F8083069
:103980004FEA13238DF82E30D8F808304FEA13434E
:103990008DF82D30D8F808304FEA13638DF82C30AD
:1039A000D8F80C308DF83330D8F80C304FEA1323A8
:1039B0008DF83230D8F80C304FEA13438DF831309F
:1039C000D8F80C304FEA13638DF8303014BF4FF045
:1039D0008C634FF080631F2CC8F80030DBF8083090
:1039E0004FF0010331D8A34021460598CBF8303081
:1039F000089AFFF76FFD002832D108A90598FFF754
:103A0000CFFD08A8AFF3008008A8AFF3008008A896
:103A1000AFF3008050E7184A1848116A0268184B43
:103A20004A40134043B1059B03F58053B3F8D42CAF
:103A300092B20F2A40F2DB810F4A136A0B431362E2
:103A4000BFF34F8F1BB0BDE8F08F03FA0AF3214696
:103A50000598CBF82C30089AFFF73CFD0028CCD015
:103A600008A90598FFF79CFCC7E7B3FA83F3203356
:103A7000FBE600BF2004002000001D40D0420020D3
:103A8000BFFF070008D001048C067FF5E5AE810674
:103A90007FF5E2AED7F88020C94C02F40011C2F3E2
:103AA0000050ADF824200029C2F303414FEAD2525E
:103AB0008DF82B10D7F884108DF8280018BF01203E
:103AC00021F0604108BF00208DF826204FF0000251
:103AD00008BF890C8DF827000CA80891D4F888102D
:103AE000D1400832202A00F8011DF7D10DA9B448B1
:103AF000D0F88C20DA400833202B01F8012DF7D1C3
:103B0000059A02F5005292F815298DF835206322A6
:103B10008DF8342082680363049B5A0601D5402344
:103B20000363049B1B0602D5A54B80221A63059CE8
:103B300008A92046FFF734FD08A8AFF3008008A8C5
:103B4000AFF3008008A8AFF3008008992046FFF784
:103B5000AFFB00283FF480AE08A90598FFF720FCD2
:103B60007AE603F40012002AD8F80420ADF82430D5
:103B7000C3F303438DF8344022F060428DF82B30BC
:103B800018BF0121069B04BF920C002193F8153940
:103B900008928DF83530D8F80830059A8DF82F3016
:103BA000D8F808308DF827101B0A8DF82E30D8F879
:103BB00008301B0C8DF82D30D8F808301B0E8DF80E
:103BC0002C30D8F80C308DF83330D8F80C301B0A74
:103BD0008DF83230D8F80C301B0C8DF8313004F6EB
:103BE000022352F82330D8F80C20120E8DF8302022
:103BF0000BB108A89847069BD3F808390BB108A861
:103C00009847059901F58052B2F81E3B17469BB2C2
:103C1000002B00F0D780B2F81A3B1A220DF1500C9D
:103C200003F00F03E04602FB031341F632320EA904
:103C300003EB020A98588E460791DAF80820DAF862
:103C40000410DAF80C30ACE80F00DAF81000DAF8FB
:103C50001410ACE80300B8E80F00AEE80F0098E8D5
:103C600003008EE803009DF94C30591C00F02381BD
:103C70009C427FF421AE079AE1B21EE103F40012E8
:103C8000002AD8F80420ADF82430C3F303438DF89C
:103C9000344022F060428DF82B3018BF0121069B82
:103CA00004BF920C002193F8153908928DF8353035
:103CB000D8F80830059A8DF82F30D8F808308DF8EC
:103CC00027101B0A8DF82E30D8F808301B0C8DF801
:103CD0002D30D8F808301B0E8DF82C30D8F80C3069
:103CE0008DF83330D8F80C301B0A8DF83230D8F804
:103CF0000C301B0C8DF83130D8F80C301B0E8DF8C1
:103D0000303004F6022352F823300BB108A898474C
:103D1000069BD3F808390BB108A89847059901F517
:103D20008058B8F81E3B9BB2002B58D0B8F81A3B0D
:103D30001A220DF1500C03F00F03674602FB031328
:103D400041F632320EA903EB020A98588E460791CB
:103D5000DAF80820DAF80410DAF80C30ACE80F00D2
:103D6000DAF81000DAF81410ACE803000FCFAEE870
:103D70000F0097E803008EE803009DF94C305A1CB1
:103D800000F0B2809C427FF497AD079AE1B20598AB
:103D9000FEF7CCFBB8F81A3B013303F01F03A8F879
:103DA0001A3BB8F81E3B9BB2002B3FF485ADB8F828
:103DB0001E3B013B9BB2A8F81E3B7DE52B686BE5E3
:103DC00000001D401F2C4FF001036BD903FA0AF3CA
:103DD000CBF82C304FF00063C8F800306CE51F2C96
:103DE0004FF0010362D8A340CBF8303064E5B3F85C
:103DF000D42C92B20F2A05D8B3F8D42C013292B247
:103E0000A3F8D42CB3F8D22CB3F8D24C02F00F02A2
:103E1000A4B203EB8202C2F8D81CB3F8D02C92B241
:103E200082F01002944206D1B3F8D02C013202F095
:103E30001F02A3F8D02CB3F8D22C2D4C013202F083
:103E40001F02A3F8D22CE469B3F89C2DA4B292B25D
:103E50000F2A05D8B3F89C2D013292B2A3F89C2DFD
:103E6000B3F89A2D02F00F0203EB4202A2F89E4D26
:103E7000B3F89A4DB3F8982DA4B292B282F0100222
:103E8000944206D1B3F8982D013202F01F02A3F834
:103E9000982DB3F89A2D0160013202F01F02A3F8A9
:103EA0009A2DC9E5A340CBF8303093E703FA0AF323
:103EB000CBF82C3000E5079A21460598FEF736FB33
:103EC000B7F81A3B013303F01F03A7F81A3BB7F802
:103ED0001E3B9BB2002B3FF4EFACB7F81E3B013BFF
:103EE0009BB2A7F81E3BE7E4079A21464FE700BFC5
:103EF00000001D4038B51F4C0F211F4D204600F01B
:103F00000FFB1E4A1E49204603F088FC1D49002372
:103F10001D4C01F5805201F500508B820C60CB8264
:103F20001A4C0B83C0F80C39A2F81A3BC0F81039B0
:103F3000A2F81C3B80F81439A2F81E3BA2F8D03C32
:103F4000A2F8D23CA2F8D43CA2F8983DA2F89A3D3F
:103F5000A2F89C3D80F800370D4A80F801370D48E3
:103F60002160536004680C4B01681C600B4B1560AA
:103F7000196038BD3042002040050020D00D0020DF
:103F800035290000F4180020E8040020EC18002077
:103F9000E0180020C8500020C8180020CC180020CD
:103FA00090F81CC04160BCF1020FC26001D183686F
:103FB000184701F075BD00BFF0B4046840F2012558
:103FC0001E462561A3B121B311F8015B013B656673
:103FD000256FAF0707D41546013E676F1AB105F884
:103FE000017B2A4604686569ED07F1D5002BEAD10B
:103FF0006EB10368196F8907FAD41146013E5B6FF1
:10400000002AF5D001F8013B0A46002EF1D1F0BCA0
:10401000704790F83C50D9E7324B334930B5D3E97B
:1040200011542079C8771A6C95F804C081F81CC027
:10403000087752B1B2F5004F23D32C4911442A4AD4
:104040001964D07682F81BC030BD19680F24D86C73
:104050008C6540F20134CA610C614FF47C544C61B0
:1040600003210468246883F83D10214B9C4226D12B
:10407000037F4260022BC26026D18368BDE83040D6
:1040800018472D68E98B090422D492B2EA8321688B
:10409000EC8BA4B2EC82CC8B240405D5CC8BC2F380
:1040A000080204F47E442243CA83CA8B92B2CA82B5
:1040B00000210D4A1964D07682F81BC030BD23461A
:1040C0001146BDE830401847BDE8304001F0E8BC7B
:1040D000E98BC2F3080E92B201F47E4141EA0E016F
:1040E000E983D4E7680D002000800E400180FFFFC7
:1040F000A123000043682DE9F04FD3E90041814D31
:104100004FF0B80A22684FF0020822EA01027E4905
:104110002260AA6911407D4A0A43AA6190F810E022
:104120007B4A03EB0E0603EB8E0E317C02EB011192
:104130008968C1F800A090F811C003EB0C0503EBEF
:104140008C0C95F8201002EB01118968C1F800A0D1
:10415000817C03EB010903EB810199F830B002EB9C
:104160000B1BDBF808B0CBF800A0D4F800A05F6808
:104170004AEA070AC4F800A0347CDEF814E002EB37
:1041800004146468C4F800E095F82040DCF824C00A
:1041900002EB04146468C4F800C0496B99F830401D
:1041A00002EB041252681160DA6B99F83810116052
:1041B000DA69317EDB6A116095F828201A600F22D7
:1041C0000368C3F810809A65C27C002A31D072B6A9
:1041D000C37CDC0708D54FF0E0214469D1F8802189
:1041E00022408262C1F88021990708D54FF0E02172
:1041F0008469D1F884212240C262C1F884215A071F
:1042000008D54FF0E021C469D1F88821224002632B
:10421000C1F888211F0708D54FF0E021046AD1F8C2
:104220008C2122404263C1F88C21DE0655D462B64F
:104230000368384C8268A24259D0324A846092693D
:104240003549C2F30116C2F38262344D51F826108B
:104250000132B1FBF2F2AA4231D80022C26000243E
:1042600003211C610724596201211A641C6619612B
:10427000C37C13B3DD0704D5816A4FF0E022C2F896
:1042800000119C0704D5C16A4FF0E022C2F8041166
:10429000590704D5016B4FF0E022C2F808111A0744
:1042A00004D5416B4FF0E022C2F80C11DB0604D5B7
:1042B000826B4FF0E023C3F81021BDE8F08F18495E
:1042C000A1FB0251090DB2FBF1F2A24288BF0131FC
:1042D000B1F5817F0DD3134AC0E74FF0E022416A68
:1042E000D2F890310B408363C2F890319FE7C268E7
:1042F000B5E70229B1D902394C08220242EA044248
:104300000A43ABE700C00F40CFFFFFE310000008F7
:10431000E007002000093D0048050020FF083D009F
:1043200083DE1B43FF7F7F000BB1FFF745BE704765
:10433000034B4FF47A701B6803FB00F0704700BF1B
:10434000C85000200B6813B9014B01221A70704746
:10435000FD50002010B5104C94F90000431C00D112
:1043600010BD0121C0B201F015FD0121207801F03E
:10437000D5FC0A2001F07EFC0021207801F0CEFC63
:104380000A2001F077FC2078012101F0C7FC0A2007
:10439000BDE8104001F06EBCFA50002010B5044694
:1043A000FFF7D8FF00220C4904F1580000F002FC8E
:1043B00008B1002010BD043401465422204604F008
:1043C00075FF204600F08AFC0028F2D10146034820
:1043D00000F07CFC012010BD45270000E52700000F
:1043E000704700BF10B5094C206800F077FD00B998
:1043F00010BD2421064802F0E5FE064801F00AFC43
:10440000236800200021C3E9020110BDDC18002050
:1044100040040020B80D002038B54FF4FA74094D5F
:1044200003E001F027FC013C08D0287801F0A0FC53
:1044300003460120002BF4D1002038BDFFF78AFF8E
:10444000002038BD01510020F0B54FF4FA7483B05C
:104450000E4D0F46164603E001F00CFC013C10D057
:10446000287801F085FC03460120002BF4D1084A8E
:10447000394600931068324603F004FC304603B01E
:10448000F0BDFFF767FF204603B0F0BD01510020EB
:10449000A04200202DE9F8434FF4FA741E4D0E4659
:1044A000914603E001F0E6FB013C2FD0287801F0B3
:1044B0005FFC03460120002BF4D1DFF8608004226A
:1044C0003146D8F8000003F039FC20B13088C0F341
:1044D0000E07B94502D20020BDE8F8834FF4FA7404
:1044E00003E001F0C7FB013C10D0287801F040FC4C
:1044F00003460120002BF4D13A463146D8F800009B
:1045000003F01CFC0028E6D03846E5E7FFF722FF61
:104510000020BDE8F88300BF01510020A042002028
:10452000024A034B02601970704700BF0C0500205F
:10453000FA500020704700BF2DE9F0430D461E469B
:1045400000211F4B83B0DFF89890196004461D4B83
:1045500010460221DDF828801A7001F01BFCD9F802
:10456000007037B1384603F013FB3846142101F0D0
:10457000EDFC142001F0E8FC0C2369B20546009321
:104580000123114A019603F0D7FA2846C9F80050D2
:1045900003F008FB88B10D4A41460D4B0D48C4E9B4
:1045A00016230D4B0D4AC4E9180323682046A26662
:1045B0001B6803B0BDE8F043184703B0BDE8F083C3
:1045C0009C4200200151002040420F0019280000A9
:1045D000E12700009528000049280000312700004D
:1045E000A0420020024B002218781A70704700BFCA
:1045F000FD500020000000009FED0B7B0C4B10B520
:104600000C46196081ED027B00F05AFBD4E90232BE
:10461000134306D12078A0F12A00B0FA80F04009B7
:1046200010BD012010BD00BF000000000000000010
:10463000DC180020074B084610B5002419469A6084
:104640001C609C80C3E9034400F05AFBB0FA80F080
:10465000400910BDD4420020704700BF0848094BF4
:10466000D0F8BC2010B4012419711C602AB119467D
:10467000D0F8C0005DF8044B10475DF8044B70475C
:10468000F8450020A850002000B54FF4806183B0A9
:104690004FF0F90C0223A0F8AC1001AAC17A4068CF
:1046A000ADF804C001F092F903B05DF804FB00BF5F
:1046B000D0F8A8301A785978520030B5D2B287B005
:1046C000044609B142F00102997809B142F00402AE
:1046D000D97809B142F008020025019504958DF8BA
:1046E00014508DF8062001AACDE902559988ADF83D
:1046F00007109968CDF80910D3E903011123CDF80B
:10470000111094F8AC10CDF80D008DF80510FD21B6
:1047100060688DF80410E17A01F058F9C4E9285076
:1047200007B030BD00B585B090F8BA3080F8B81049
:104730004FF0F20E8DF80610591C80F8B93080F851
:10474000BA108DF80530117A1368D2F804C001AAA6
:10475000CDF807300C238DF80F10C17A40688DF822
:1047600004E0CDF80BC001F031F905B05DF804FBB1
:1047700010B500F1AB0290F8AA100446FFF7D2FF83
:104780000023C4E9283010BD2DE9F04F8BB0164648
:1047900004460F464FF0000C00F11D02019304E0A7
:1047A0000CF1010CBCF1400F2DD012F81C302A2B5B
:1047B000F6D104EB4C0C9CF81E500EB34FF00009E0
:1047C0001FFA85FB4FF02A0AC846019B07EB080138
:1047D0002A460DF112008DF811A0CDE9023901F041
:1047E00019FBD4F8C42002A98DF8105012B1D4F8E6
:1047F000C80090470BEB08031FFA83F84645E4D83E
:104800000BB0BDE8F08F0025D7E700BF002A7ED0AF
:104810002DE9F04F4FF000088BB000F11D04074662
:104820000E469A469146DFF8ECB045460094711961
:10483000705D0023009C02E00133402B5FD014F830
:1048400013208242F8D107EB430300949A7F002A99
:1048500055D0FB2836D0FA283AD0EF283DD091F831
:1048600002E0CB784FEA8E1E0EF47C5E03EB0E0C5A
:10487000DBF800309A45264B3CD31B6803930CEBC6
:1048800008038DF811006420CBF800A000FB03A3FF
:104890000DF11200CDE9012301F0BCFA019AD7F81D
:1048A000C4308DF8102092B22BB102A9D7F8C800FD
:1048B00001929847019A2A4495B2A945B7D80BB0FE
:1048C000BDE8F08FD1F8018092B2C8F10008F2E79C
:1048D000D1F8013092B29844EDE7D7F8A03092B207
:1048E000002BE8D09B68002BE5D038460192984712
:1048F000019AE0E71C461B6801332360BEE7D7F846
:10490000F8310133C7F8F8310BB0BDE8F08F7047CC
:10491000605000203C500020FFF778BF802938B558
:10492000044628D0812911D001B138BD164A174953
:10493000406800F05BFF0346154AA37215496068A2
:1049400000F054FF0123E072637238BD812A18D849
:104950005008EAD004F11D0C00221E345D1C13F82F
:1049600012100CF8121015F8121004F8121001327F
:104970008242F4DB38BD19460C30BDE8384004F003
:104980004DBF4020E6E700BFB00A0020B80A002073
:10499000C40A0020CC0A0020012A02D10B78012B86
:1049A00005D0D0F8F0310133C0F8F031704710B4C1
:1049B00007490024D0F8BC2003720C6022B1D0F863
:1049C000C0005DF8044B10475DF8044B704700BF12
:1049D000A85000200B78F82B31D190F8AC3070B58E
:1049E000D0F8A85065B390F8ADE0734528D24C7864
:1049F0001A01AC5405EB03128C785470CC78947087
:104A00004C6854608E68966091F80CC04E7B4CEAFE
:104A1000062CA2F80CC091F80EC082F80EC0C97B1B
:104A2000D1730A4A944203D10522964680F8AD20FC
:104A30000133DBB2734580F8AC3001D270BD7047F2
:104A4000002285F85030C0E9282270BD7FA698006A
:104A5000F8B5194C054623681A6918469047D4F8EA
:104A6000A07037BB06466B682046C4E928579847B4
:104A7000A8B9D4F8A0307BB130462A68831B0AB1AC
:104A80009A420FD9606800F0E1FE206803699847F8
:104A9000D4F8A030002BF0D1D4F8A400F8BDC4E9BC
:104AA0002870F8BD6FF0050300221846C4E92823DA
:104AB000F8BD6FF00200F8BDF8450020FFF7A6BE74
:104AC0002DE9F84F0646002A63D00F46914600258F
:104AD00000F11D04DFF8D8B007EB0508795D00236D
:104AE00002E00133402B5BD014F813208A42F8D146
:104AF00006EB430393F81EA0BAF1000F50D0FC2937
:104B000011D0D6F8A0101FFA8AFA29B18B681BB110
:104B100052464146304698470AEB05039DB2A945E7
:104B2000DAD8BDE8F88FD6F8BC20002AE9D00223F5
:104B3000D6F8C000CBF8003098F801108BF80410BC
:104B400098F802C01A49CCF3400E8BF808E00CF03C
:104B5000010E8BF809E0CCF3800ECCF3C00C8BF87F
:104B60000AE08BF80BC098F803C098F804E04CEA10
:104B70000E2CABF80CC0D8F80530CBF81030D8F8B4
:104B80000930CBF81430D8F80D30CBF818309047F6
:104B9000B7E7D0F8F4310133C0F8F431BDE8F88F4D
:104BA000D6F8F8310133C6F8F831BDE8F88F00BF08
:104BB000A850002000285ED0F0B5324C054683B0E6
:104BC0000F46164600214FF4FE72204604F06EFB9D
:104BD000FF2328462560E372C4E92F7600F028FD04
:104BE000606000284AD02246274900F0A5FD2346F0
:104BF000264A0221606800F0CFFD254B254A02219C
:104C00006068009400F09CFD234B244A02216068F8
:104C1000009400F095FD224B224A02216068009426
:104C200000F08EFD204A0221204B6068009400F0C5
:104C300087FD23461E4A0121606800F0ADFD1D4B33
:104C40001D4A01216068009400F07AFD20681B4E27
:104C500003699847054608E0606800F0F7FD2068A2
:104C600003699847401BB04202D8237A002BF3D047
:104C7000002003B0F0BD6FF0010070474FF0FF302F
:104C8000F7E700BFF84500205D2A00001D2D000059
:104C9000C12E0000C40A0020192D0000280B00209E
:104CA000BD2E0000340B0020400B0020892B00009B
:104CB000592A0000992D0000B00A00203F0D030082
:104CC000014B586800F0C2BDF84500200246024B77
:104CD0000020C3E931217047F845002010B4064A8E
:104CE000044600230548C2E92A43C2E92C335DF893
:104CF000044BFFF7ADBE00BFF8450020600A00205E
:104D000000B5074B864600220648C3E92A12C3E9CC
:104D10002C2283F8ACE05DF804EBFFF799BE00BFEE
:104D2000F8450020D80A002038B5274C0023054656
:104D300040F203222DED028BC4E92A339FED208B34
:104D4000C4E92C3390ED007B04F1AC00A4F8AA2058
:104D500027EE087BBDEEC77B17EE103A99B200F044
:104D6000C5FA04F1AE0095ED027B27EE087BBDEE9F
:104D7000C77B17EE103A99B200F0B8FA04F1B00010
:104D800095ED047B27EE087BBDEEC77B17EE103A4E
:104D900099B200F0ABFA04F1B20095ED067B27EE74
:104DA000087BBDEEC77B17EE103A99B200F09EFA71
:104DB0000648BDEC028BBDE83840FFF749BE00BF96
:104DC000000000000000D040F8450020A40A0020A8
:104DD00038B5044601F10E000D462DED028B00F0B2
:104DE0008BFA07EE900A9FED1D8A05F11000F8EE90
:104DF000E77A67EE887AC4ED057A00F07DFA07EE6F
:104E0000900A05F11200F8EEE77A67EE887AC4EDB1
:104E1000067A00F071FA07EE900A05F11400F8EE38
:104E2000E77A67EE887AC4ED077A00F065FA07EE54
:104E3000900A05F11600F8EEE77A67EE887AC4ED7D
:104E4000087A00F059FA07EE900A0020FAEECA7AC2
:104E5000BDEC028BC4ED097A38BD00BF000080387C
:104E600038B5044601F10E000D462DED028B00F021
:104E700043FA07EE900A9FED188A05F11000F8EE4C
:104E8000E77A67EE887AC4ED057A00F035FA07EE26
:104E9000900A05F11200F8EEE77A67EE887AC4ED21
:104EA000067A00F029FA07EE900A05F11400F8EEF0
:104EB000E77A67EE887AC4ED077A00F01DFA07EE0C
:104EC000900A0020F8EEE77A67EE887ABDEC028B54
:104ED000C4ED087A38BD00BF0000803870B52DEDF4
:104EE000028B4B7A0D46044603702A2B91ED007B12
:104EF00080ED027B40D0CA7A013B42700A7B02F00F
:104F0000030282702A2B00F2C580DFE813F09400C0
:104F1000F600F10094009F0194001501EB00DB0105
:104F2000CF01C301B701AB01C6006E01BF00610133
:104F30002B00BF00D2007901D200C60098012B00DF
:104F40002B002B002B00C3000101BF002B002B0006
:104F50002B002B00C300C300C300C3007301A501D5
:104F6000C300FB00002601F10E0000F0BDF9A08295
:104F70003046BDEC028B70BD002601F10A00DFED6A
:104F8000D48A6670A67000F0B7F907EE900A05F1B2
:104F90000C009FEDD08AF8EEE77A67EEA87AC4EDB0
:104FA000057A00F0A9F907EE900A05F10E00F8EE77
:104FB000E77A67EEA87AC4ED067A00F09DF907EE6D
:104FC000900A05F11000F8EEE77A67EEA87AC4EDD2
:104FD000077A00F091F907EE900A05F11200F8EE59
:104FE000E77A67EEA87AC4ED087A00F085F907EE53
:104FF000900A05F11400F8EEE77A67EE887AC4EDBE
:10500000097A00F079F907EE900A05F11600F8EE3A
:10501000E77A67EE887AC4ED0A7A00F06DF907EE58
:10502000900A3046F8EEE77A67EE887ABDEC028B9C
:10503000C4ED0B7A70BD01F10E009FEDA78A00F060
:105040005BF907EE900A05F110000026F8EEE77A0A
:1050500067EE887AC4ED057A00F04EF907EE900A03
:1050600005F11200F8EEE77A67EE887AC4ED067A69
:1050700000F042F907EE900A3046F8EEE77A67EE64
:10508000887ABDEC028BC4ED077A70BD8A7B00265E
:1050900002756DE74FF0FF366AE701F10E0000265A
:1050A00000F02AF907EE900AFAEEEC7AC4ED057AE0
:1050B0005EE701F10E00002600F01EF9034605F13F
:1050C0001000A38200F018F9034605F11200E382F4
:1050D00000F012F9034605F11600238300F010F9E1
:1050E000E06145E7BDEC028BBDE87040FFF7B8BE5C
:1050F00001F10E009FED798AA1E701F10E009FED0D
:10510000788A9CE78A7B00260275CA7B42752FE766
:105110008B7B01F1190203F07F01DB0901754375F7
:1051200015F80F3F04F8163F15F8013FAA4204F89E
:10513000013FF9D100261BE701F10E009FED688ABF
:1051400000F0DAF807EE900A05F110000026F8EEFC
:10515000E77A67EE887AC4ED057A00F0CDF807EEBD
:10516000900A05F11200F8EEE77A67EE887AC4ED4E
:10517000067A00F0C1F807EE900A05F11400F8EE87
:10518000E77A67EE887AC4ED077A00F0B5F807EEA3
:10519000900A05F11600F8EEE77A67EE887AC4ED1A
:1051A000087A00F0A9F807EE900A05F11800F8EE69
:1051B000E77A67EE887AC4ED097A00F09DF807EE89
:1051C000900AF8EEE77A67EE887AC4ED0A7ACFE6BD
:1051D00001F10E00002600F08DF8034605F11200E3
:1051E000636100F087F82083C2E601F10E009FEDB5
:1051F0003B8AA5E7BDEC028BBDE87040FFF7E8BD38
:1052000001F10E00002600F077F8034605F11000CA
:10521000A38200F071F8034605F11200E38200F06A
:105220006BF8034605F11400238300F065F803468C
:1052300005F11600638300F063F8E06198E601F180
:105240000E00002600F056F8606191E6BDEC028B7E
:10525000BDE87040FFF7BCBDBDEC028BBDE87040FF
:10526000FFF7FEBD01F10E00002600F045F807EE45
:10527000900AFAEECE7AC4ED057A79E601F10E00D5
:10528000002600F039F807EE900AFAEECC7AC4ED69
:10529000057A6DE601F10E00002600F031F807EE08
:1052A000900AFAEECC7AC4ED057A61E601F10E00BF
:1052B000002600F025F807EE900AFAEEC67AC4ED53
:1052C000057A55E6BDEC028BBDE87040FFF780BD66
:1052D000000080380000803A0000803B0000803DE4
:1052E0000000003B00787047008870470B0A01708F
:1052F0004370704700687047B0F90000704700BF06
:10530000006870472DE9F84F4FF00009074600F29A
:10531000245B00F2C4685BF804ACCBF82490BAF1CB
:10532000FF3F1ED007F2BE64002503E001352C3498
:10533000082D16D0D4F82260002EF7D034F8023CA5
:105340009A45F3D12146584604F0FEF80028EDD1E5
:105350002C23CBF8246003FB0575D5F8E436CBF895
:1053600028300BF1340BC345D5D1BDE8F88F00BF11
:1053700010B590F8DC447CB104EBC40E002300F5BA
:10538000856C01E0734505D05CF8232009338A421F
:10539000F8D110BD052CFCD004EBC40204F1010CC3
:1053A000242300EB820280F8DCC4C2F8281440F207
:1053B0002C41002213FB0413BDE81040C254FFF738
:1053C000A1BF00BF802900D0704738B505461846F8
:1053D0001C4604F095FA072800D938BD421C214626
:1053E00005F10C00BDE8384000F014BD002A18BFDC
:1053F00000292FD02DE9F04F97B00B78029313B10D
:1054000017B0BDE8F08F029D0223012A80468DF877
:1054100018508DF8385080F8243400F006810124AB
:10542000894603950192631CA61C19F804A09BB23F
:10543000B6B219F803B00AF1FF3306EB0B044E4481
:10544000A4B2082B38D8DFE803F0B9AFAB9F948D36
:1054500086650600704731460EA803F0ABFF029A3E
:105460000490072A28D8342140F2245011FB02036B
:1054700001FB028731464344C7F82055184605937F
:1054800004F0CCF90021039B4046A7F81C1587F8CF
:105490004435C7F84815C7F84C15FFF733FF0EA978
:1054A000049A059B521AC7F820551846013200F09D
:1054B000B1FC039B87F8443543460022B3F8E0145F
:1054C0008D4200F0938001320C33052AF6D1019B06
:1054D000A342A8D843460022B3F8E014A94207D05B
:1054E00001320C33052A8BD0B3F8E014A942F7D16E
:1054F000D3F8E444002CF3D002EB42020023A4468C
:1055000008EB820819461A46D8F8E80417B0BDE837
:10551000F04F604706AF3146384603F04BFF98F82E
:10552000DCC4BCF1000FC7D04246002302E00133C7
:105530006345C1D0D2F828142432A942F7D103EB35
:10554000C303C21B394608EB8303013203F22C402C
:1055500000F060FCB0E73046FFF7C4FE0123029084
:105560000393A9E73046FFF7BDFE002302900393A3
:10557000A2E73046FFF7B8FE043883B2B3F5C07F28
:105580009AD2A8F8183197E73046FFF7ADFE0438F5
:1055900083B2FF2B88BF4FF48073A8F816308BE7D7
:1055A0003046FFF7A1FE87E73046FFF79DFE04383F
:1055B00083B2FF2B80D8A8F814307DE74346002241
:1055C000B3F8E014A94221D001320C33052AF7D1F7
:1055D0003046FFF78FFE054640462946FFF7C8FED6
:1055E00000238DF818308DF8383065E7D3F8E4746F
:1055F000002F3FF468AF02EB420033465A46514653
:1056000008EB8000D0F8E804B84760E7D3F8E4740A
:10561000002FD9D002EB420208EB8203D3F8E80452
:1056200000231A461946B847D2E7029D52E700BF49
:1056300070B53C4C05462178002968D0002D6ED00D
:10564000394C2668002E6AD140F634023146204695
:1056500003F02CFE4FF001233146204663612560A4
:10566000FFF786FE314A04F22453C4F8206584F81B
:105670004465A4F81C65C4F84865C4F84C6592E814
:10568000030083E803002046FFF73CFE94F8DD3476
:10569000042B0DD85A1C03EB430384F8DD2404EBE0
:1056A0008303234AA3F8E064C3F8E844C3F8E4247E
:1056B00094F82434022B02D1002384F8243494F883
:1056C0001C28072A1BD8511C2C2384F81C1840F2D4
:1056D000BE6103FB024613FB02130021134AA6F826
:1056E000BC1604EB030C03CAE050124BCCF80410B8
:1056F0000D48C6F8E446C6F8E036FFF703FE01237E
:10570000284684F824342B689847074870BD40F633
:105710003402054803F0CAFD012323708EE7002000
:1057200070BD00BF08510020084800204C0B00202D
:10573000C5370000ED370000C0E90112704700BF17
:1057400032B38C46114670B51E461378D3B1044669
:1057500090F81C08072818D82C22431C02FB00458F
:1057600084F81C3805F2BE60A5F8BCC604F056F8F3
:10577000049B2046C5F8E066C5F8E436FFF7C2FD95
:10578000002070BD6FF0010070BD4FF0FF3070BDA4
:105790006FF00100704700BF90F8DDC4BCF1040F4A
:1057A0001BD800B50CEB4C0E0CF1010C80F8DDC4DD
:1057B00000EB8E0CACF8E014CCF8E424CCF8E83420
:1057C00090F82434022B02D000205DF804FB002363
:1057D00080F8243400205DF804FB90F82434022B78
:1057E00002D1002380F82434002070472DE9F843CB
:1057F000002605468946904600F22C473846494621
:1058000003F0A2FE2437044628B10136052EF5D157
:10581000FF20BDE8F88306EBC60605EB8606D6F842
:105820002864731CF4D005F224552846414603F041
:105830008BFE18B955F8043CB34204D0013434351A
:10584000082CF2D1E4E7E0B2BDE8F8832DE9F0439B
:10585000002383B090F82454044601935DB120687E
:1058600001AB4FF4C07204F529718568A84778B977
:1058700003B0BDE8F08301220223294680F82424E6
:10588000514A00F0A3F80028E9D084F82454E6E750
:1058900080B2DDF804C003285FD994F8A51247F65A
:1058A000FC7594F8A43294F8A62203EB012394F833
:1058B000A7622B429FB244D0072A56D894F81C38CE
:1058C000934252D9B4F81A31C7F30E08002B59D1BC
:1058D000B8F5C07F5CD800231746C4F8A0C284F88E
:1058E0001C21A4F89E32404504F21D1904F52A71CA
:1058F00028BF4046054609EB03002A1FA8EB050810
:1059000000F088FAB4F89E221FFA88F3043AA4F84B
:105910001A31A81882B2A4F89E225BB9342303FB83
:105920000743D3F848552DB1D3F84C054946D4F870
:10593000A032A8473423013603FB074787F81D65CB
:1059400096E7D4F8243862680133C4F82438002A72
:105950008ED00121A06890478AE7D4F8243801331B
:10596000C4F8243803B0BDE8F083D4F82C3862685A
:105970000133C4F82C38002A3FF47AAF0321A06821
:10598000904775E70B0610D40023A4F81A319FE75F
:10599000D4F8283862680133C4F82838002A3FF464
:1059A00067AF0221A068904762E794F81C719742A4
:1059B000EAD1342303FB074393F81D35B342E3D107
:1059C000B4F89E328FE700BFBC0700202DE9F04FEE
:1059D0001E46838A83B0B34201925DD30729834672
:1059E000894651D800274FF0340808FB0108394692
:1059F000002E45D0BBF81620043A92B2B24228BF1E
:105A00003246141D9246A4B2230A8BF8184009B1FD
:105A100063F07F038BF819305D468BF81A90A6EB84
:105A20000A0698F81C35019AB6B2581CD11952468C
:105A300088F81C050BF11C008BF81B30574400F054
:105A4000E9F955F8180B2246BFB2C36829469847B2
:105A500050B95846FFF7FAFEDBF800002246294607
:105A6000C36898470028F4D000284FF00101BFDA3E
:105A7000DBF820380B44CBF8203803B0BDE8F08FBA
:105A8000304603B0BDE8F08FD0F830386FF0010039
:105A90000133CBF83038F0E76FF00100EDE700BFDD
:105AA000EFF3108272B6437F5BB9017F012930B4F6
:105AB0000BD0032913D00123437702B962B630BC5F
:105AC00070470AB962B670477047124C2168B1B18D
:105AD000114943610B68086083615861EBE70F4D22
:105AE0000F492C688CB143610B68836158614FF09A
:105AF000E0234FF080540860C3F8044DDBE7064B09
:105B000020601860C0E90511D5E7C0E905442860A8
:105B1000EDE700BFA4420020B0420020AC420020CC
:105B2000A842002070B5EFF3108272B60C4C2068CA
:105B300080B10C4E00254369236073B19D6102B9A9
:105B400062B6836845779847EFF3108272B6206893
:105B50000028F0D102B962B670BD3360EFE700BF34
:105B6000AC420020A8420020FFF7DCBF0449054AF0
:105B70004968054B1960136801331360704700BF13
:105B8000001000E0C8500020C4500020084601F07A
:105B900003BB00BF012A70B508BF0A228AB091B3C7
:105BA0004FF0210E01E05FFA86FE0EF1FF36B1FBE9
:105BB000F2F502FB15145FFA84FC092C0CF1370492
:105BC0000CF1300C98BF5FFA8CF40EF1280C88BFF2
:105BD000E4B29142EC4429460CF8244CE3D24BB198
:105BE0000EF1FF3E2D225FFA8EFE0EF128036B446C
:105BF00003F8242C036801A9CEF122025B687144EA
:105C000098470AB070BD30224FF0210E8DF8252044
:105C1000E5E700BF00B5036883B040F60D2C022213
:105C200001A95B68ADF804C0984703B05DF804FBB8
:105C3000054B022888BF034610B41C6818466368E9
:105C40005DF8044B184700BFB80D00205AB903682F
:105C5000C9B2074A1B68934200B506D108465DF8F1
:105C600004EB01F099BAFFF795BF5DF804EB184714
:105C70008D3F000000B970472DE9F84F01218146A2
:105C8000214C224D224E54E8003F2A68306844E8F7
:105C90000013002BF7D11F494B684FF47A7BDFF8D4
:105CA00078A01B1A01270BFB02F8DAF80020A3FBEF
:105CB00002325A4594BF9044D84454E8003F2A68C1
:105CC000306844E80073002BF7D14B68DAF800C065
:105CD0001B1A0BFB02F2A3FB0C3CBCF57A7F94BFB2
:105CE000624402F57A72A2EB0802B2F57A7F06D31B
:105CF000B9F1010908F57A78DFD1BDE8F88F01F034
:105D0000DFFA0449D9E700BFCC500020C85000207A
:105D1000C4500020001000E0A4500020272816D80E
:105D20000201104B03EB00109B5810B4C2685C6872
:105D3000144205D061B95DF8044BC3F88820704760
:105D4000836851B1084A5DF8044B1A607047704788
:105D50005DF8044BC3F884207047044A5DF8044B97
:105D60001A607047E007002038F001003830010069
:105D700027280BD8064B020103EB00109A58C36882
:105D800092681A4214BF012000207047002070471B
:105D9000E0070020272829D8164B0201012903EB30
:105DA00000109A5810B45368C4680ED004290CD05F
:105DB00023EA040353608368A9B1022917D0032999
:105DC0000CBF0D4A0D4A1A6007E0234301295360B6
:105DD000836808D040F638021A60436815225DF8DF
:105DE000044B1A60704738221A60F6E77047044A7D
:105DF0001A60F2E7E00700203830010038000100A7
:105E000038F0010008B5FCF7F9FDFCF799FF01F047
:105E100057FAFAE7844641EA000313F003036DD111
:105E2000403A41D351F8043B40F8043B51F8043B5D
:105E300040F8043B51F8043B40F8043B51F8043B64
:105E400040F8043B51F8043B40F8043B51F8043B54
:105E500040F8043B51F8043B40F8043B51F8043B44
:105E600040F8043B51F8043B40F8043B51F8043B34
:105E700040F8043B51F8043B40F8043B51F8043B24
:105E800040F8043B51F8043B40F8043B51F8043B14
:105E900040F8043B51F8043B40F8043B51F8043B04
:105EA00040F8043B403ABDD2303211D351F8043BA4
:105EB00040F8043B51F8043B40F8043B51F8043BE4
:105EC00040F8043B51F8043B40F8043B103AEDD253
:105ED0000C3205D351F8043B40F8043B043AF9D2A4
:105EE000043208D0D2071CBF11F8013B00F8013B77
:105EF00001D30B8803806046704700BF082A13D384
:105F00008B078DD010F003038AD0C3F10403D21A9B
:105F1000DB071CBF11F8013B00F8013B80D331F8CF
:105F2000023B20F8023B7BE7043AD9D3013A11F84F
:105F3000013B00F8013BF9D20B7803704B784370BA
:105F40008B7883706046704702F02CBB02F032BB46
:105F500001F1FF3C70B56646002400E00134B0FB5F
:105F6000F2F502FB1503092B03F1370E03F13003A1
:105F70005FFA8EFE98BF5FFA83FE9042284606F8CD
:105F800001EFEBD2631C0022C818CA547CB16246F0
:105F90001CF8015F10F8016DA1EB0C0302328CF8C4
:105FA0000060013B521A057023449A42EFDB084619
:105FB00070BD00BF72B6EFF30583524CC4F8843055
:105FC0001EF0040F0CBFEFF30882EFF309824FF0CD
:105FD000E0234D4E4D4DD3F8280DD3F82C1DC4E9C8
:105FE0002201D3F8341DD3F8383DC4E92413936952
:105FF000C4F89830D369C4F89C3000F0D1F884ED2F
:10600000280A01F0F9FB0B214FF0FF32C4F8A4007D
:106010000B46C4F880103E49301D5A40202402F03F
:106020000103013C01FB03F383EA5202F7D1A842CA
:1060300002D073680646EFE7324BC3F8A820BFF3DF
:106040004F8F4FF0E0233049324AC3F8701FC3F836
:10605000702FBFF34F8FBFF36F8F2F4A02252F484A
:10606000D36E2F4943F44053D3660560D3692D485E
:1060700023F07F0343F04003D3610B6883423DD894
:10608000264D00214FF0E0234FF0FF32296001261A
:10609000C5F808112449C5F80011C5F80861C3F80E
:1060A0008021C3F88421C3F88821C3F88C21C3F868
:1060B000902101E000F066F9D5F80C31002BF9D001
:1060C0000134C5F80C614F2CF4D9184B0220184943
:1060D0004FF00042C1F840015A63D5F80C313BB98A
:1060E000144815490D4A0163D2F80C31002BFAD03F
:1060F0004FF0E023114AC3F80C2DFEE701F04CF9F4
:10610000BEE700BF00FF272080FF2720A8FF272031
:106110002083B8EDA0FF272000C00F4000400840BA
:10612000640D0020803DCD0B009F240000900D40A9
:1061300000002E4000800F40F100AD0B0400FA0576
:106140000A490A6838B108B513180948834204D8C7
:1061500010460B6008BD1046704703F0BBF90C23D6
:106160004FF0FF320360104608BD00BFCC0D002089
:1061700000002820002070474FF0FF30704700BF1C
:106180004FF4005300204B60704700BF0120704760
:106190004FF0FF30704700BF30BFFDE7FFF70ABF89
:1061A000124AD2F880305B07FBD5D2F88030104815
:1061B000C3F30B230F4990ED007A07EE903A91ED6F
:1061C000006AB8EE477A0C4AF8EEE77A0B4BD2ED4C
:1061D000006A77EEC77A93ED007AB8EE477A67EEF9
:1061E000867A87EEA60A37EE400A704700810D4096
:1061F000945000209C500020A05000209850002077
:10620000836BF0B41BB1536843F40043536072B620
:10621000446B3CB31A4B2260D3F8B0410C421DD101
:10622000184E776804E07468E41BB4F5166F0BD25F
:10623000D3F8404144F48044C3F84041D3F8B85106
:10624000D3F840416404EED50D4007D10C4CC0E9B1
:106250000225D4F8B0310B43C4F8B031426362B6C2
:10626000F0BC7047064DC0E90224D5F8B0310B43AD
:10627000C5F8B0310263426362B6F0BC704700BF3C
:1062800000002E40001000E070B5056B9DB1064681
:106290002A46002403E012680134012A0CD0536816
:1062A00013F08003F7D032632CB12846B36B2D680E
:1062B0009847013CF9D170BDC6E90C33F4E700BF43
:1062C00030B4D9B91F4C204B0021204A01254FF092
:1062D000011099601D60C4E9023180245C60C2F83D
:1062E000BC01D2F8B0311A482B43C2F8B03101607A
:1062F000D2F8B031002BFBD130BC70470904154BEC
:10630000104C012541F080019860104A596000F559
:1063100080511D60D96000F50051A364196100F53A
:10632000405100F58040596100219861E164D2F844
:10633000B03143F48033C2F8B031D2F8B031002B21
:10634000FBD1C0E700000020C016002000002E4056
:10635000FC470020E0160020084901220B7802FAD1
:1063600000F023EA0000087030B9054AD2F848313D
:1063700023F08003C2F84831704700BF0951002064
:1063800000002E402DE9F04F974C83B0D4F84471B3
:10639000FB07C4F8447153D5D4F8AC21002A4AD085
:1063A000924EDFF860A2DFF87492DFF874B2DFF883
:1063B0007482C4F8AC21D6E90A20D4F8403143F401
:1063C0000053C4F84031D4F840319D04F5D5D4F8D9
:1063D000403123F40053C4F840314FF00113C4F8A6
:1063E000B431D4F8B45115F00115FAD193B2844602
:1063F000CAF80050B3F5086F00F0CF8100F2DB80DF
:1064000040F202318B4200F0E78100F29A80822B49
:1064100000F0CB81B3F5817F40F08A8010F0780FD7
:1064200083B200F003824FF00113C4F8C031D4F8F6
:10643000AC21002ABDD16C4AD2F8BC31002B42D12C
:106440007E0616D5684BD3F8AC21C3F8AC21D3F83F
:10645000BC21C3F8BC21D3F8B041002CFBD14FF0D4
:10646000FF32C3F8B421D3F8843100F02DFD604B26
:106470001C60FC0103D55F4B1B6803B19847B80152
:1064800003D55D4B1B6803B19847790708D5564B78
:10649000D3F8843113F4007347D0584B01221A709B
:1064A000514BD3F848311A060AD53B0608D5544A51
:1064B00013782BB1013BDBB21370002B00F072821A
:1064C00003B0BDE8F08F4F49C2F8BC310868034201
:1064D00040F0D181464A14681C40B1D05FEA1448AC
:1064E00010D0424E4FF0010998FAA8F5B5FA85F59B
:1064F00006EBC51009FA05F54030FFF7C5FE38EA8E
:106500000508F1D1A4B2002C9AD0384E4FF0010802
:1065100094FAA4F5B5FA85F506EBC51008FA05F569
:10652000FFF7B2FEAC43F3D18AE7344A1370B7E702
:10653000802B7FF478AF344802210580FFF7C0FE3E
:1065400075E7B3F5A06F00F00B81A3F5D063012BC5
:106550003FF669AF2D4B5D68002D3FF464AF1FFA25
:106560008CFC4FEA124E04E01D690C33002D3FF401
:106570005AAF1A887245F7D15A886245F4D14FEA6A
:106580001E22032A00F0A5811A89000C824228BF2E
:106590000246BEF5007F40F0A181184B1C491878D7
:1065A0001C4B0192002818BF19461B48FFF732FC0C
:1065B000194D019AE1E142F221218B427CD033D97D
:1065C00042F221318B4200F081804FF6C0018B42B4
:1065D0007FF429AF10F47F4F83B27FF424AF43F4EC
:1065E0006E4363F30F0CB5E700002E40000000205F
:1065F00000480020DC500020E05000200F51002017
:1066000010510020FC470020585000209C0B002017
:106610002C1B0060901B006000002020F44700202D
:106620005DCFC6B8C0012E40B3F5106F66D042F200
:1066300021018B427FF4F7AE030C072B7FF4F3AEFE
:10664000B24BB349F560D960B249B360C3F8089062
:10665000C1E9002001221A60AF4A5A60AF4A1A61AC
:10666000D4F8B01141F00101C4F8B01102F5805125
:1066700002F5005259619A61D4F8B031002BFBD178
:10668000A74AF36493600123B264136048F2800365
:1066900053604FF00113C4F8BC31D4F8B03143F467
:1066A0008033C4F8B0314FF48033CAF80030D4F8E6
:1066B000B031002BFBD1BAE680B238B9994BC2F3A6
:1066C00007421968984B1960984B1A70944B002236
:1066D0009A60F2640122B3641A6080225A604FF01B
:1066E0000113C4F8BC31D4F8B03143F48033C4F89A
:1066F000B031D4F8B031002BFBD198E6C2F3074299
:106700008B4B1A708B4BC4F8C8318B4BC4F8CC310F
:106710008A4BC4F8D03100F0D9FB80222946884842
:1067200002F0C4FD874B8022C6F8A0B0C6F8E03066
:106730007B4BF5645A600122B3649D601A604FF090
:106740000113C4F8BC31D4F8B03143F48033C4F839
:10675000B031CAF80050D4F8B031002BFBD166E656
:106760006F4B0121F564196080219D60B36459600D
:106770004FF00113C4F8BC31D4F8B03143F4803386
:10678000C4F8B031D4F8B031002BFBD1130C5B0648
:1067900043F08073C4F8543149E6654B01216A48DF
:1067A0001B780370FFF78CFD41E683B210F0780090
:1067B0007FF439AE03F07F0258F82210624A10804D
:1067C000180600F19E80CB0701D50123137002212A
:1067D0005D48FFF775FD2AE610F0780F83B27FF46D
:1067E00022AE03F07F0213F0800F58F8223014BF5E
:1067F00043F4803343F0010348F822300022484B31
:10680000F2649A600122B3641A6080225A604FF0E9
:106810000113C4F8BC31D4F8B03143F48033C4F868
:10682000B031D4F8B031002BFBD100E603F07F0289
:1068300013F0800F58F8223014BF23F4803323F074
:10684000010348F822300022354BF2649A6001229D
:10685000B3641A6080225A604FF00113C4F8BC314F
:10686000D4F8B03143F48033C4F8B031D4F8B03147
:10687000002BFBD1DBE50020086026490C88486826
:1068800042F221018C427FF425AE80B200287FF4D1
:1068900021AE2E492E4C03C9A18086284FEA114112
:1068A0002060A1717FF416AE72B62A48017841F0DB
:1068B00008010170D2F848110D0605D4802001436B
:1068C000C2F84401C2F8481162B6234A502111703F
:1068D00000E6000C2A78824228BF0246BEF5E06F2F
:1068E00044D11E4B1E4D18781E491F4B01920028A3
:1068F00018BF19462846FFF78DFA07236B70019AD7
:106900003BE0C9033FF561AF61E700BFE01600203F
:10691000F4570020C018002080000700F467002012
:10692000C0160020C8500020D85000200D51002073
:106930000E5100200200CC00C80002000200C80076
:10694000800000201993D57458500020F44700208F
:10695000D050002009510020105100200F5100207C
:1069600000002020901B00602C1B00602946104D69
:1069700001922846FFF74EFA019A25F01F031544AD
:10698000BFF34F8F4FF0E021C1F8703F20339D429D
:10699000FAD8BFF34F8FBFF36F8F05481146FFF74B
:1069A0008FFC44E50320FFF7D7FC08F04DF900BF4A
:1069B000000020202DE9F0471F46831E022B01D93D
:1069C000BDE8F087DFF84C9015460C463C2209EBF9
:1069D000C01806464FEAC01A002108F1040024043A
:1069E00002F064FCB5FA85F20123520944EA4274CC
:1069F00049F80A40C8F83870C8F80830002FDFD0CE
:106A0000034AB34011680B431360BDE8F08700BF31
:106A100000480020000000202DE9F0470D46811EAF
:106A2000022901D9BDE8F087C701DFF84C909246F2
:106A3000044640373C2200211E4609EB07082D047E
:106A400008F1040002F032FCBAFA8AF2520945EA6F
:106A5000427249F807200122C8F83860C8F80820B7
:106A6000002EDFD0034B10341968A2400A431A608D
:106A7000BDE8F0870048002000000020120481607B
:106A8000C36101F5405342F0800210B4012442601A
:106A900001F50052046001F5805401F58041C460A5
:106AA00081615DF8044BC0E904237047831E0A46E8
:106AB000022B00D97047064B00F110014FF0010C7A
:106AC00003EBC0100CFA01F14030FFF799BB00BF97
:106AD00000000020831E0A46022B00D970470121C6
:106AE000024B814003EBC010FFF78ABB000000207F
:106AF00040687047124A134BD2F8200220F07F40C2
:106B0000984210B584B002D200EB800040000E4CD9
:106B100001A90A22FFF71CFA01A90023204611F857
:106B2000012B01333AB10A2B20F8022FF7D116239B
:106B3000237004B010BD5B00DBB2237004B010BD45
:106B400000441F4080969800B013002000F0DCBA8B
:106B500000F0ACBA00F010BB00F0CABA00F066BB9F
:106B600000F03CBB0846114600F02CBBF8B5144CB5
:106B70004FF0E025134E4FF4003204EB4024124F47
:106B800006EB40160346C5F88C2121463A8830466C
:106B9000FFF774FF3B882344BFF34F8FC5F85C4F6A
:106BA0002034A342FAD8BFF34F8FBFF36F8F032077
:106BB0003146FFF78FFF4FF40033C5F80C31F8BDB5
:106BC0008000202000170020F4500020244B2DE9E5
:106BD000F0411C884368C569C3F30E43E41A002CD6
:106BE00024DD204920480A780078D3B21F4E824223
:106BF0001F4807D010F8038036F81870C7F50072E8
:106C0000944218D90133002226F81540082B194E5A
:106C100088BF134626F8152098BFDAB2C554164B24
:106C20000A701A6814441C60BDE8F0812846BDE86B
:106C3000F041FFF79BBF07EB48201049224627444D
:106C4000084401EB4521FFF7E5F80B4A284626F8F2
:106C5000187013682344BDE8F0411360FFF786BF46
:106C6000F4500020065100200751002068500020F9
:106C700088500020785000206450002080002020A0
:106C80001D4B1A78002A36D102F0FF031B4A1278F6
:106C90008AB32DE9F0411A4D2A8852B3194EC2F534
:106CA0000068194F3278194C07EB421704EBC224E5
:106CB000424638462146FFF7E1FE04EB0802BFF3E7
:106CC0004F8F4FF0E023C3F8704F2034A242FAD820
:106CD000BFF34F8FBFF36F8F04203946FFF7E6FEF7
:106CE00033780133DBB2032B88BF002333700023DA
:106CF0002B80BDE8F08170470C5100200E51002020
:106D0000F65000200B510020001800208010202099
:106D10002DE9F04F85B0CDE90110002900F0BF80CA
:106D20000023604CDFF89881DFF898A15E4F009354
:106D300001235E4A23705E4B1978B8F8003002EBED
:106D40004119002B40F0A7801E461D469B46484631
:106D5000FFF7CEFE10F0800000F08C80BFF34F8F65
:106D60009AF8003084F800B005B93E68002B7DD158
:106D70003B689B1B782B00F287804E4B1B78002BC7
:106D800074D000F09DFA0122B8F800301546227048
:106D9000002BDCD0464AC3F5006011781A4600EBA0
:106DA000C120454DC9022844019D954217D2039345
:106DB000DDE901512A46FFF72DF8039B4FF04042D1
:106DC0005B1BA8F800303D4BC3F88420BFF34F8F06
:106DD000009800232844237005B0BDE8F08F364B9F
:106DE000CD180299FFF716F800234FF400622946E8
:106DF0004846FFF743FEBFF34F8F05F1200205F52C
:106E00000063934234BF012340234FF0E02205EB9F
:106E10004313C2F8705F2035AB42FAD1BFF34F8FF6
:106E2000BFF36F8F04204946FFF740FE204A1378D6
:106E30000133DBB2032B84BF00231D4A1370B8F863
:106E40000030019AD11A009A1A4401910092029AD4
:106E50001A4400230292194AA8F80030C2F884307C
:106E6000BFF34F8F237000297FF462AF009805B005
:106E7000BDE8F08F4FF400620D4B8AF800001978DE
:106E80001346A8F800208AE7012300988AF800300A
:106E900005B0BDE8F08F1A46C3F500607FE70198A2
:106EA000E5E700BF0C510020C8500020001800206A
:106EB0000B5100200E5100208010202000002E4099
:106EC000F65000200A510020704700BF2D4B0021D2
:106ED00080222D4870B51B7800242C4D8B422C4EFF
:106EE0000CBF40234FF400732B80338002F0DEF997
:106EF000284A2146284B14704FF4807227481C8082
:106F000002F0D4F9264A1021264B0220C2E900449F
:106F1000C2E90244244AC3E900441470234AC3E985
:106F20000244234B1C70234614602246FFF774FD75
:106F30002246318803201F4BFFF73CFD23460122E8
:106F400029880420FFF768FD20460134FFF70EFE74
:106F5000082CF9D1184B00214A221848184C04601B
:106F6000C3F88410C3F88020D3F84821154942F0B3
:106F70008072C3F8482121B1134A137843F001030A
:106F8000137070BD0F51002000180020F850002031
:106F9000F45000200B510020F65000200017002074
:106FA00068500020785000200651002064500020D6
:106FB00007510020CD4F000000002E40DC50002083
:106FC0008150000000000000115100202DE9F04F19
:106FD0004FF0E0234FF40032DFF8C8A083B0C3F8CD
:106FE0008C218B469AF8004000294FD08046E4B2AD
:106FF0000027DFF8B490264BABEB070225491B783E
:10700000A34204F101043FD0092C234B404628BF82
:1070100000241E5D39F816C00CEB462319441F4BA3
:1070200033F81650A5EB0C05AA421CD20CEB462CEB
:1070300018491B4C61440192FEF7ECFE216839F8B7
:1070400016505846019AA1EB0B012A44394429F8FD
:10705000162021604FF0E0234FF40032C3F80C21DA
:1070600003B0BDE8F08F2A462F44FEF7D3FE0C494B
:10707000E3B230460A68A844521B0A608AF800301E
:10708000FFF774FDBB45B6D83846E3E70846E1E7AD
:1070900006510020800020208850002068500020E9
:1070A0006450002007510020785000200B4B0C4A00
:1070B00012781978D3B28A420DD0013309480A4AAE
:1070C000092B0A4928BF0023C35C31F8131002EBD7
:1070D0004323585C70474FF0FF3070470651002043
:1070E0000751002088500020800020207850002088
:1070F000044B10B51C680CB1204610BD00F0E0F840
:10710000204610BD645000202DE9F84F144E154D57
:1071100033782A78934221D0DCB2DFF85090DFF840
:1071200050B0DFF85080104F0134082C5FFA84FA19
:1071300001D90024A24619F80400DBF8003038F821
:10714000102037F81010521A9B1ACBF80030FFF7B6
:107150000DFD86F800A02B78A342E5D1BDE8F88F9D
:107160000751002006510020785000208850002050
:10717000645000206850002000B583B001210DF15B
:107180000700FFF723FF20B19DF8070003B05DF86B
:1071900004FB4FF0FF30F9E7094B00B583B01B78D3
:1071A0008DF807003BB101210DF10700FFF7B0FD9D
:1071B00003B05DF804FB03F0FF0003B05DF804FBCF
:1071C0000E510020044B1B7803F0FF020BB1FFF7B8
:1071D0009FBD1046704700BF0E5100202DE9F041C1
:1071E0000024DFF8448001230D4D27460D4E88F81A
:1071F0000030337828462035A34204F1010405D03D
:10720000FFF776FC030658BF07F50067042CF0D1A2
:10721000BFF34F8F0023384688F80030BDE8F08177
:10722000001800200B5100200C5100202DE9F843DC
:107230001D4B1B7813B11D4D2A880AB9BDE8F88390
:107240001B4EC2F500691B4933784A461A4C01EBC4
:1072500043181A4F04EBC324012340463B702146D8
:107260000023FFF70BFC04EB0902BFF34F8F4FF035
:10727000E023C3F8704F2034A242FAD8BFF34F8FF7
:10728000BFF36F8F04204146FFF710FC33780133C2
:10729000DBB2032B88BF0023337000232B80BFF3A6
:1072A0004F8F3B70BDE8F8830E510020F650002050
:1072B0000B51002000180020801020200C510020CD
:1072C0002DE9F8432D4B1E7866B12D4F3B784BB915
:1072D0000123F1073B7043D4B20726D400233B704F
:1072E000730701D4BDE8F883264B1A68002AF9D049
:1072F000EFF30582002AF5D1EFF3108572B6186816
:10730000002834D0204C2178002930D1012222706D
:1073100042691A60002A2ED0916105B962B6002533
:107320008368457798472570DCE7DFF8648098F834
:107330000030002BD2D00025DFF858902B4659F8AA
:1073400023400135236820461B69984710B16369C3
:107350009B68984798F80020EBB29A42EFD8BDE7B7
:10736000FFF7C6FE0028B7D0AFF30080B4E7002DCA
:10737000B8D162B6B6E7054B1A60CEE711510020CE
:1073800004510020A442002002510020B0420020FD
:1073900003510020B4420020A249A34B88422DE9AA
:1073A000F047A24C5E699A69D4F80C801BD9A04BB7
:1073B000984240F20281C31A9E491B0AA1FB0313A3
:1073C00040F22761DB0903EB830303EB830303F242
:1073D000E2438B4228BF0B46A3F54877964BA3FBAD
:1073E0000737FF0804E0954FB8428CBF0E270627E9
:1073F0008D4908F01F09D1F88030B94543F0C0032A
:10740000C1F880300CD228F01F08A1F5F82148EA15
:107410000708C1F80C800B68002BFCDA08F01F0984
:1074200016F0007324D186490C698649A14300F007
:10743000EA8082F4805134464FF4805514F0605F46
:1074400004D026F060561E43774B5E6111F4405F16
:1074500007D022F4405274492A438A618B6C1A0780
:10746000FCD446F00076704A5661936C9B06FCD4BF
:10747000754CA04200F2CE804FF0010C01466346ED
:1074800003FB011203F1010E0CF10105A24218D811
:10749000BEF1080F4FF0010340F08D80BCF1040FE6
:1074A00000F291800A18A24200F2A48005FB00F1CC
:1074B000AC4603F1010E03FB01120CF10105A242DF
:1074C000E6D90CF1FF318C0286EA81215F48104435
:1074D0005F4A90427FD9DFF8A4A16C225D48584DE5
:1074E000B0FBFEF0D5F800E0B0FBFCF0DFF890C197
:1074F0000EEA0C0CD44509D042F400524FF4805CE3
:10750000C5F800C02A602A68002AFCDA464A1569D4
:1075100005F007059D4203D01361936CDD03FCD495
:1075200011F4E05F09D026F4E05604F4E0543E4A3A
:1075300026435661936C9907FCD44749474A014456
:1075400091423CD8464BC909A3FB0131090B4B1EA4
:107550001B0286EA030212F4407F06D026F440762E
:1075600003F44073304A334353612F4A536923F085
:1075700000735361936C9B06FCD43A4B4F45A3FBBD
:1075800000234FF0FF324FEA9343B0FBF1F1B2FB1F
:10759000F3F3354A1060354A1160354A136008D25A
:1075A00028F01F08214A48EA0707D7601368002B14
:1075B000FCDABDE8F087734662E7122718E74FF45C
:1075C00040730421C5E70CF1FF31204807238C02EA
:1075D000104486EA8121274ADFF8A8A0A2FB0020F8
:1075E000020D2548362A38BF362202FB00F042EA57
:1075F0000A0A74E74FEA8C24002386EA8C214FF0B4
:10760000010EAC4662E71D4686F0C05411464FF0AD
:10761000C05313E700244FF0010C024631462346C5
:10762000E64653E700A4781F00C00F400000084062
:107630000046C32323B24C001F85EB5100366E0178
:1076400000800D4040300080FFB19F26808D5B00A0
:10765000FF7EF64D00643F4D7FD1F0087F17B42CBC
:107660009F10E50083DE1B43640D0020600D0020A9
:10767000A4500020819F5E16001BB7006C20008084
:107680007F3001800020008000230F2248F2B82CB8
:10769000194610B54FF470444FF4806EA0F88C4139
:1076A0004FF46044A0F88E210A46A0F89031B0F85B
:1076B00088319BB243F0F003A0F8883101EB41031D
:1076C000013100EB431304299C80A3F806E05A849F
:1076D0001A865A805A81A3F80EC05A82DA825A83D7
:1076E000DA83EBD1B0F888319BB243F00F03A0F8F6
:1076F0008831B0F888319BB243F47063A0F88831C8
:1077000010BD00BF374B384A996F384841F47F01AC
:1077100070B5996741F20106D3F8801045F6C0555F
:1077200043F226040A43C3F88020FFF7ADFF00F5BB
:107730008040FFF7A9FF00F58040FFF7A5FF00F5A7
:107740008040FFF7A1FF0022A0F503104FF00F0EBD
:10775000114600EB42134FEA421C01329981042A80
:107760005981A3F80EE09E82DD8020F80C1019826A
:107770009C81EED100221E484FF00F0E41F201060F
:10778000114645F6C05543F2260400EB42134FEA7A
:10779000421C01329981042A5981A3F80EE09E828D
:1077A000DD8020F80C1019829C81EED10022114856
:1077B0000F2641F20105114645F6C05443F2260E4C
:1077C00000EB42134FEA421C01329981042A59818D
:1077D000DE819D82DC8020F80C101982A3F80CE079
:1077E000EED170BD00C00F40000003FC00C03D4062
:1077F00000001E4000401E40074A506A936A194626
:107800008446506A936A9942F9D18445F7D1DB0BDB
:1078100043EA4040704700BF00400D400346084621
:10782000194601F077BB00BF2DE9F04F8146007B80
:107830000E7885B00028784DD9F808000CBF0123D8
:1078400080231E420293B5FBF0F50CBF4FF00108F8
:107850004FF00008002A00F0DC800B46013AEDB240
:10786000DFF8BCB11344DFF8BCA101910393029C83
:107870000027002D63D199F80D3013F0F70F3CD19C
:10788000264299F9100014BF01210021414505D07D
:10789000421C03D0C0B28846FEF740FA012199F895
:1078A0000F00FEF73BFA002D6FD199F91100431C30
:1078B00004D0C0B2FEF75CFA00B12743002199F86A
:1078C0000F00FEF72BFA99F80C3093B96400E4B27C
:1078D000002CCED199F91130013301D0019B1F70DA
:1078E000039A019B9A4200F0948013F8016F019370
:1078F000BDE76408002CBCD1ECE70C2B2FD199F923
:107900001000411C04D0C0B206EA0401FEF706FADA
:10791000002199F80F00FEF701FA002D45D1012151
:1079200099F80F00FEF7FAF999F91100431CCAD033
:10793000C0B2FEF71DFA0028C5D02743C3E7DBF825
:107940000410364BDAF80020A3FB0232920C05FB40
:1079500002F2DBF804305B1A9A42FAD88BE7012175
:1079600099F80F00FEF7DAF9002D42D199F91000CD
:10797000421C04D0C0B206EA0401FEF7CFF9002190
:1079800099F80F00FEF7CAF9CEE7DBF80410234B95
:10799000DAF80020A3FB0232920C05FB02F2DBF8BE
:1079A00004305B1A9A42FAD87FE7DBF804101B4BCD
:1079B000DAF80020A3FB0232920C05FB02F2DBF89E
:1079C00004305B1A9A42FAD8012199F80F00FEF7A9
:1079D000A5F9DBF80410114BDAF80020A3FB023202
:1079E000920C05FB02F2DBF804305B1A9A42FAD8DB
:1079F0009AE7DBF80410094BDAF80020A3FB023207
:107A0000920C05FB02F2DBF804305B1A9A42FAD8BA
:107A1000ACE705B0BDE8F08F20A1070083DE1B4373
:107A2000001000E0640D002030B482B00C4602ABC0
:107A300003E90600C37C002B30D072B6C37CDA07A2
:107A400008D54FF0E0214569D1F880212A408262B3
:107A5000C1F880219D0708D54FF0E0218569D1F854
:107A600084212A40C262C1F88421590708D54FF009
:107A7000E021C569D1F888212A400263C1F8882134
:107A80001A0708D54FF0E021056AD1F88C212A4069
:107A90004263C1F88C21DB062FD462B683689C4216
:107AA00035D0224B84609B69214AC3F30111C3F393
:107AB000826352F821100133B1FBF3F2CCB194424E
:107AC00027D8B2FBF4F3B2FBF3F294422CD3B3F514
:107AD000817F20D3174CC4600368032200200199E2
:107AE00018615A6201221C6419661A6102B030BC26
:107AF00070479942EFD3531CE9E74FF0E022416A07
:107B0000D2F890310B408363C2F89031C5E7C46866
:107B1000E2E70024DFE7022BFBD9023B5A081402FC
:107B200044EA02441C43D6E71A46E4E700C00F408B
:107B300048050020FF7F7F00F8B504461D46079BDF
:107B400016468173FF204FF6FF7123600023E07318
:107B5000218208206360A3749DF81870FEF7F4F981
:107B6000002D0A4B066018BF07233A0748BF43F0B1
:107B7000004343607B0703D5436843F08043436081
:107B800025736773C4E901062046F8BD070080002D
:107B900010B50446406810B10821FEF7D7F9204619
:107BA00010BD00BF10B5044690F90E00411C07D06F
:107BB0000121C0B2FEF7EEF80121A07BFEF7AEF87E
:107BC000206820B1FCF796FA0120A07410BD0121B5
:107BD000E07BFEF7DFF8617BE07B11F0FB0118BF73
:107BE0000121FEF79BF894F91000421C0AD194F988
:107BF0001100431CE8D00021C0B2FEF7CBF80120F1
:107C0000A07410BD0121C0B2FEF7C4F8207C012190
:107C1000FEF784F894F91100431CD5D0EBE700BFC0
:107C200010B5044690F90E00431C03D00121C0B2E8
:107C3000FEF774F8236823B3DA7C12B3D10704D5B6
:107C4000986A4FF0E021C1F80001940704D5D86A82
:107C50004FF0E021C1F80401500704D5186B4FF034
:107C6000E021C1F80801110704D5586B4FF0E0215D
:107C7000C1F80C01D20604D59A6B4FF0E023C3F88B
:107C8000102110BD2DE9F047044682B000688A46F5
:107C900090461E460A9D20B1636893E80600FFF7F0
:107CA000C3FE94F90E00431C42D1D5B1013E06EB50
:107CB00005090DF1070503E0FFF7B6FD4E4510D0AD
:107CC00016F8013F01222768294620468DF8073023
:107CD000002FF1D0134638462A46FCF725FB4E45C7
:107CE000EED1B8F1000F1CD0D0440AF1FF360DF1EF
:107CF000070508F1FF3803E0FFF796FDB04510D007
:107D000016F8013F01222768294620468DF80730E2
:107D1000002FF1D0134638462A46FCF705FBB04544
:107D2000EED12046FFF77CFF012002B0BDE8F087CE
:107D3000C0B20021FDF7F2FFB7E700BF70B50E46F5
:107D4000044619461546304601F0B0FA2068F0B1F5
:107D5000636893E80600FFF767FE94F90E00421C83
:107D600019D1206848B92A4631462046FFF75CFD04
:107D70002046FFF755FF012070BD2B4632463146A5
:107D8000FCF7D2FA2046FFF74BFF012070BD94F9B3
:107D90000E00431CE7D0C0B20021FDF7BFFF2068F2
:107DA0000028E0D0E9E700BF08B52DED048BB0EE68
:107DB000408B00F05DF8B4EE488BF1EE10FAB0EEB7
:107DC000409B0AD6B0EE480B00F01CF8B7EE007BE3
:107DD000B4EEC70BF1EE10FA04DCB0EE490BBDECCB
:107DE000048B08BD01F076FBBDEC048B0346212219
:107DF0001A600248BDE8084000F032B8640500206F
:107E000000F066B951EC100B10EE102A21F000437F
:107E100043EC102B704700BF08B52DED028BF0EE40
:107E2000408AB0EE608A00F029FBF4EE488AF1EE59
:107E300010FA06D6DFED098AB4EE688AF1EE10FA80
:107E400002D0BDEC028B08BD01F044FB88EEA80A0D
:107E5000BDEC028B2123036008BD00BF00000000C1
:107E60009FED010B704700BF000000000000F87F8D
:107E700038B510EE905A924B25F000449C422DEDFF
:107E80000A8B1DDD10EE103A04F1404404F5801415
:107E90001C4308D030EE400B80EE007BBDEC0A8B1B
:107EA000B0EE470B38BDBDEC0A8B9FED677B9FEDB5
:107EB000686B20EE077BA0EE067BB0EE470B38BD6B
:107EC000804B9C420EDCB4F1795F80F28380B7EE88
:107ED000006B9FED617B30EE077BB4EEC67BF1EE6D
:107EE00010FA74DCB6EE008BFFF78CFFB7EE007B68
:107EF0009FED5B9B37EE400B20EE088B9FED5AAB5E
:107F0000B0EE480B9FED5A1B9FED5B3BA8EE0A1BA2
:107F10009FED5B4BA1EE083B9FED5B6BA3EE084B27
:107F20009FED5BCBA4EE086B9FED5B2BA6EE08CB21
:107F30002CEE08CB9FED5A5BA8EE092B9FED5ABBA8
:107F4000A2EE085BA5EE08BBABEE087BB0EE479B4C
:107F500000F024FB5C4B9C422ADCB0EE004B8CEE24
:107F6000093B53EC102B9FED526B9FED377B0022AA
:107F700043EC122B30EE025BA2EE428B30EE000B94
:107F800088EE051BB0EE465BA1EE447BA2EE445B9F
:107F900090EE037B37EE457B36EE477B002D3FF7B7
:107FA0007DAFB1EE477BB0EE470BBDEC0A8B38BD21
:107FB0009FED417B8CEE094BB0EE005B9FED246B97
:107FC000A0EE040BA0EE057B36EE477BE6E7B0EEB5
:107FD000407B63E79FED248B20EE006B9FED245BDD
:107FE0009FED253BA6EE085B9FED254BA5EE063BDE
:107FF0009FED252BA3EE064BBDEC0A8BA4EE062BC2
:108000009FED237B9FED161BA2EE067B27EE067BE2
:108010009FED215B9FED223BA6EE015B9FED224B86
:10802000A5EE063BB7EE005BA3EE064BA4EE065BA7
:1080300087EE056BB0EE407BA0EE067BB0EE470B03
:1080400038BD00BFAFF30080075C143326A6913C17
:10805000182D4454FB21F93F9C7500883CE4377E81
:1080600082922EB1C5B8B33F09F7FD0DE13D023F45
:1080700088B20175E0EF493F3B8F68B52882A4BF05
:108080005544880E55C1C93F7D6FEB0312D6D4BF4E
:10809000555555555555C53F59018D1B6C06E6BFC5
:1080A000C88A599CE52A00404B2D8A1C273A03C0F8
:1080B000182D4454FB21E93F075C143326A691BCDC
:1080C000FFFFEF3FFFFFDF3F3233EF3F00000000D5
:1080D0002DE9F04151EC110B4342614C21F0004677
:1080E000034346EAD37382B0A3428DED000B3CD824
:1080F000DDE900E7CEF1000343EA0E0327F0004874
:1081000048EAD373A34230D801F1404303F580130A
:10811000034311EE102A3DD08D1705F0020558EAF1
:108120000E0E45EAD77529D0324338D0A64244D046
:10813000A04534D0A8EB0608B8F1747F4FEA285365
:1081400038DA002945DA3C3343DA9FED370B012D4D
:1081500053D0022D48D075B19FED356B9FED367B26
:1081600030EE460B30EE470B05E09DED006B41EC29
:10817000170B37EE060B02B0BDE8F081022D16D0CA
:108180009DED007B9FED2E0B032D00FE070B02B033
:10819000BDE8F08102B0BDE8F04100F069B89FEDA4
:1081A0002A0B9FED2B7B002F20FE070BE3E79FEDB3
:1081B000220BE0E79FED240BC9E7B04505F1FF3541
:1081C00024D0022D2AD8274B03EBC50393ED000BD7
:1081D000D1E79DED007B41EC160B87EE060BFFF718
:1081E00011FE00F045F8B2E79FED116B9FED127B99
:1081F00030EE460B37EE400BBDE710EE901A53EC15
:10820000102B01F1004343EC102BB4E7022D08D8EA
:10821000154B03EBC50393ED000BACE79FED020B91
:10822000A9E79FED0D0BA6E700000000000000008D
:10823000075C143326A6A13C182D4454FB210940A9
:10824000182D4454FB2109C0182D4454FB21F93F3B
:10825000182D4454FB21F9BF182D4454FB21E93F4C
:108260000000F07F98020020800200200000000043
:1082700038B5B0EE407B17EE905A794B25F00044AC
:108280009C422DED0C8B16DD764B9C420EDC09D00A
:108290009FED577B9FED580B002D37FE000BBDEC7B
:1082A0000C8B38BD10EE103A002BF1D037EE070BD7
:1082B000BDEC0C8B38BD6C4B9C425CDCA3F1DE73D7
:1082C0009C424CDD4FF0FF339FED4DAB27EE075B3B
:1082D00025EE056B9FED4C8B9FED4D1BA6EE0A8B9B
:1082E0009FED4D3BA8EE061B9FED4DBBA1EE063B5F
:1082F0009FED4DDBA3EE06BB9FED4D9BABEE06DB8A
:108300002DEE05DB9FED4C0B9FED4D2BA6EE090BE3
:108310009FED4D4BA0EE062B9FED4DCBA2EE064BF5
:108320005A1CA4EE06CB2CEE06CB39D03DEE0CDB6E
:108330004E494F4A01EBC30102EBC30391ED006BC1
:1083400093ED000B9DEE076B36EE477B002D30EE74
:10835000470BA4DAB1EE400BBDEC0C8B38BD9FEDA2
:108360003E6BB7EE005B30EE066BB4EEC56BF1EE24
:1083700010FAA7DD93E7FFF745FD3E4B9C4218DC62
:10838000A3F550239C4229DCB0EE007BBFEE006BCE
:1083900030EE075BA0EE076B002386EE057B93E7CC
:1083A0003DEE0CDBADEE477BBDEC0C8BB0EE470B2E
:1083B00038BD314B9C420BDAB7EE087BB7EE006B51
:1083C00030EE475BA0EE076B022385EE067B7BE772
:1083D000BFEE006B032386EE007B75E7B7EE007BF4
:1083E000012330EE475B30EE070B85EE007B6BE739
:1083F000182D4454FB21F93F182D4454FB21F9BF9B
:1084000011DA22E33AAD903FEB0D76244B7BA93F86
:10841000513DD0A0660DB13F6E204CC5CD45B73F54
:10842000FF8300922449C23F0D5555555555D53F00
:108430002F6C6A2C44B4A2BF9AFDDE522DDEADBF74
:108440006D9A74AFF2B0B3BF711623FEC671BCBF94
:10845000C4EB98999999C9BF9C7500883CE4377E14
:10846000FFFF0F440000F07FFFFFDB3FC003002051
:10847000A0030020FFFFF23F0080034030B583B02F
:10848000CDED010A019D35F0004041D010EE10EA1B
:108490002EF00041B1F1FF4F3ADAB0F1FF4F37DC77
:1084A00081423BDB0EF000443AD01EF0FF4F56D124
:1084B0000B02002B6FF07D0204DD5B00002B02F14C
:1084C000FF32FADC15F0FF4F58D103026FF07D0C3C
:1084D00003D45B000CF1FF3CFBD512F17E0F47DBB0
:1084E000CEF3160E4EF400031CF17E0F3ADBC5F3FB
:1084F000160141F40000B2EB0C0204D117E00FD0DA
:108500004B00013A13D0191A0029F8DA5B00F8E79A
:10851000DDED017A60EE277A87EEA70A03B030BD61
:108520001D4B03EB547393ED000A03B030BD181AD2
:1085300058BF03461BB9F3E75B000CF1FF3CB3F5F2
:10854000000FF9DB1CF17E0F1DDBA3F500030CF11E
:108550007F0C234343EACC5300EE103ADEE7CA1502
:108560007F3AAFE76FF07D01A1EB0C018840C2E7D5
:108570006FF07D039B1A01FA03F3B5E74FEAE05C65
:10858000ACF17F0CA9E76FF07D02A2EB0C02134166
:10859000234300EE103AC1E738040020B1EEC00BCF
:1085A000704700BF024B0146186800F00BB800BFCF
:1085B0005C130020024B0146186801F0A3BA00BF0B
:1085C0005C1300202DE9F04F01F10B06162E83B04D
:1085D000044624D8102900F2BA8000F0A3FA10262D
:1085E00018220220B54F3A44A2F1080153688B4289
:1085F00000F0BA805A68D96822F003021A449D68D4
:10860000E9608D60516841F001012046516003F13D
:10861000080500F08DFA284603B0BDE8F08F36F06B
:10862000070600F19480B14200F2918000F07AFADE
:10863000B6F5FC7FC0F09A81730A00F08F80042B9E
:1086400000F26F81B30903F1390003F1380CC30064
:108650009A4F3B44A3F108055B689D4206D10CE0AC
:10866000002980F22781DB689D4206D05A6822F0FB
:108670000302911B0F29F3DD60463D69DFF850C20C
:1086800065457CD06A6822F00302931B0F2B00F330
:108690007B81002BC7E904CC80F26C81B2F5007FAE
:1086A00080F01A81D308796801334FEA521E012203
:1086B00002FA0EF20A4357F833E0C5F808E007EB78
:1086C000C3010839E9607A6047F83350CEF80C509E
:1086D000831001219940914257D8114206D120F0D0
:1086E00003004900114200F10400FAD007EBC00971
:1086F0004D468646D5F80C80454508D11DE1002B36
:1087000080F22481D8F80C80454500F01681D8F815
:10871000042022F00302931B0F2BF0DD2046D8E942
:10872000025408EB060146F00106C8F80460EC604C
:10873000A56043F00104C7E90411C1E902CC4C6013
:1087400048F8023000F0F4F908F1080502E00C23C3
:1087500023600025284603B0BDE8F08F4FF4007376
:1087600040204FF03F0C73E7D3689A4208BF0230B5
:108770007FF440AF3D69DFF858C1654582D17A6822
:108780008310012199409142A7D9BD686B6823F0FD
:1087900003094E4503D8A9EB06030F2B7ADCDFF85B
:1087A00034B1474BDBF800201B680132334405EB42
:1087B000090A00F0338103F580530F3323F47F68F7
:1087C00028F00F084146204600F05CFE411C02469E
:1087D00000F0F380824500F2EE803A4B1968414484
:1087E0001960084600F04E81DBF80010019301315A
:1087F0001BBFA2EB0A010918CBF80020196012F088
:10880000070B00F01781CBF108010A44CBF580512A
:1088100090440831A1EB0801C1F30B0A51462046F0
:10882000009200F02FFE421CDDE9002300F04F8192
:10883000801A00EB0A081968BA6048F00100514438
:10884000BD425060196000F02981B9F10F0F40F26C
:1088500027816868A9F10C0C2CF0070C00F00100CE
:1088600040EA0C0068604FF0050E05EB0C00BCF10F
:108870000F0FC0E901EE00F2328150681546124B2D
:108880001A688A4238BF1960104B1A688A4238BF8A
:10889000196094E0AA1943F0010346F001066E60E6
:1088A0002046BA60536000F043F90835284603B00B
:1088B000BDE8F08FD9681A44A1E600BF400F002040
:1088C000B844002088440020B0440020B444002074
:1088D000480F002048130020B2F5206F4FEA5223C2
:1088E00063D3142B00F2B78003F15C01C9005B3342
:1088F00007EB010E7958AEF1080E8E4500F091801D
:108900004B6823F00303934202D989688E45F7D15F
:10891000D1F80CE07A68C5E9021ECEF80850CD60A7
:10892000D6E6142B59D9542B00F29D80330B03F15A
:108930006F0003F16E0CC3008AE60EF1010E1EF00B
:10894000030F05F108057FF4D5AE51E042444546DA
:108950005368D8F80C1043F00103536055F8083FF2
:108960002046D9608B6000F0E3F8F3E6F00806F1EA
:10897000080237E62A442046536843F00103536057
:10898000083500F0D5F8E5E6A919204646F00106BD
:1089900043F001046E60C7E90411C1E902CC4C60E8
:1089A000AB5000F0C5F80835D4E6930903F139015E
:1089B000C90038339CE7BD425FD0BD68686820F0CD
:1089C00003084645A8EB060302D80F2B3FF762AF1A
:1089D000204600F0ADF80025BCE603F15C0003F191
:1089E0005B0CC30034E659F808394B4540F09680DB
:1089F00010F0030F00F1FF30F5D17B6823EA01038B
:108A00007B60490099423FF6C0AE19B9BDE6490006
:108A10000EF1040E1942FAD0704667E603F1100811
:108A2000D0E69A104FF001087B6808FA02F21A4368
:108A30007A6070E702EB08014942C1F30B0A514624
:108A40002046009200F01EFD431CDDE900237FF468
:108A5000EFAEDA46EFE6542B25D8130B03F16F0186
:108A6000C9006E3344E7B3F5AA7F25D8F30B03F1B1
:108A7000780003F1770CC300EAE5294B18684044FD
:108A80001860B1E6CAF30B0CBCF1000F7FF4ACAE7A
:108A9000BD68C84448F001006860F0E61546EEE69F
:108AA0000123536094E7B3F5AA7F23D8D30B03F1D6
:108AB0007801C90077331BE740F25452934223D820
:108AC000B30C03F17D0003F17C0CC300C0E5ABF1F6
:108AD000080BD844A8EB02084FF0000AABE605F1FA
:108AE00008012046009301F00DF8BD68009B6868FE
:108AF0001968C4E640F254518B420BD8930C03F131
:108B00007D01C9007C33F3E64FF47E737F204FF084
:108B10007E0C9DE54FF47E717E23E9E67B6870E76D
:108B200088440020014800F003BD00BF80440020BD
:108B3000014800F0FFBC00BF804400202DE9F84F41
:108B40001746002900F098800C4607F10B05804677
:108B5000FFF7E8FF162D54F8041C5BD810252A46B1
:108B6000AF425CD821F003069642A4F1080962DA0C
:108B7000BC4BD3F808C009EB0600844500F0978091
:108B8000D0F804C02CF0010303445B68DB0768D411
:108B90002CF0030C06EB0C03934247DACB0710D4FE
:108BA00054F8083CA9EB030ADAF8043023F0030177
:108BB0008C44B444944580F211817318934280F23E
:108BC000E88039464046FFF7FDFC0746E0B154F81F
:108BD000043C23F001034B44A0F10802934200F04F
:108BE000D280321F242A00F2F580132A00F2AC80D2
:108BF00003462246116819605168596092689A606C
:108C00002146404600F07EFF4046FFF791FF384680
:108C1000BDE8F88F25F00705002D2A46A0DA0C23C1
:108C2000C8F8003000273846BDE8F88F1E46D0E966
:108C30000223D3609A60731B0F2B22D8D9F804301B
:108C400003F0010333434E44C9F80430736843F022
:108C50000103736040462746FFF76AFF3846BDE8C8
:108C6000F88FC907ADD454F8083CA9EB030ADAF829
:108C7000041021F00301A0E7BDE8F84F1146FFF70B
:108C8000A1BCD9F8042009EB050102F001024E4411
:108C900043F001032A43C9F804204B60736843F092
:108CA000010308317360404600F02CFFD2E7DCF886
:108CB000040020F0030B06EB0B0C05F110008445BB
:108CC0004DDAC9073FF57DAF54F8081CA9EB010A3E
:108CD000DAF8041021F003018B44B34458453FF700
:108CE0006CAF5746DAF80C1057F8080F321F242AD9
:108CF000C160886000F2DB80132A40F2D6802168D0
:108D0000CAF808106168CAF80C101B2A00F2DF804C
:108D100008340AF110022168116061685160A1688D
:108D200091600AEB0501ABEB050242F0010299608C
:108D30004A60DAF8043003F001032B434046CAF8D6
:108D40000430FFF7F5FE6EE7236803606368436055
:108D50001B2A68D804F1080200F108034AE709EB6E
:108D600005029A60ACEB050343F00103536054F82D
:108D7000043C03F001032B43404644F8043CFFF756
:108D8000D7FE27464FE750F8043C23F003031E4468
:108D900051E75746DAF80C1057F8080F321F242A0B
:108DA000C16088604CD8132A48D92168CAF80810D5
:108DB0006168CAF80C101B2A56D808340AF1100250
:108DC0001E462368136063685360A3689360D146AE
:108DD0003C4630E7214600F0EDF911E7D0E90213F7
:108DE0005746CB60996057F8081FDAF80C30CB6013
:108DF000321F242A99602DD8132A29D92368CAF84A
:108E000008306368CAF80C301B2A42D808340AF1CB
:108E1000100322681A6062685A60A2689A60664607
:108E2000D1463C4607E7A3688360E368C360242A11
:108E300026D004F1100200F11003DBE63A46BFE74A
:108E4000214638461E46D14600F0B4F93C46F2E6CB
:108E50003B46DEE7214638466646D14600F0AAF991
:108E60003C46E8E6400F0020A168CAF81010E1680F
:108E7000CAF81410242A20D010340AF118029FE7EF
:108E8000236903616169416104F1180200F118036B
:108E9000B0E6A368CAF81030E368CAF81430242A90
:108EA00021D010340AF11803B3E73A4633E72146DC
:108EB000384600F07FF9164B33E72269CAF81820CC
:108EC0006269CAF81C2018340AF1200278E7A16808
:108ED000CAF81010E168CAF81410242A0DD0103412
:108EE0000AF1180217E72369CAF818306369CAF84B
:108EF0001C3018340AF120038BE72269CAF81820C5
:108F00006269CAF81C2018340AF1200203E700BF86
:108F1000400F002013460A460146022000F05EBDC5
:108F2000024A0349034800F0BBB800BF50130020B9
:108F300015A40000400C00200C4B4168994210B56C
:108F4000044601D003F066F8A168094B994202D0AB
:108F5000204603F05FF8E168064B994204D02046B2
:108F6000BDE8104003F056B810BD00BFBC4400205F
:108F7000244500208C4500202DE9F8432A4C2B4B3A
:108F80002B48DFF8C090DFF8C0802A4F186000251A
:108F900004230822294604F15C00274E6566C4E9D3
:108FA0000253C4E90055C4E90455A56100F07EF9F7
:108FB000224B63670822294604F1C400C4E907492B
:108FC000C4E90987C4E91A55C4E91E55C4F8CC5050
:108FD0002567C4F88050E66200F068F9184BC4F8C1
:108FE000DC30294604F16803082204F59670C4F8C1
:108FF0008430C4E92298C4E92476C4E93455C4E92C
:109000003855C4F83451C4F8D850C4F8E85000F0CA
:109010004DF904F1D003C4E93C98C4E93E76C4F8A4
:10902000EC30BDE8F88300BFBC440020F4450020CC
:10903000217300008D750000AD750000090001006E
:1090400012000200297500004D75000010B504469D
:109050000A4800F06DFA636B23B9094B094A1B6893
:10906000626323B1BDE81040044800F063BAFFF723
:1090700083FFBDE81040014800F05CBA8444002042
:10908000F445002039730000014800F051BA00BFD8
:1090900084440020014800F04DBA00BF8444002001
:1090A0002DE9F84380460F4616464FF00009D6E9F1
:1090B0000154013D11D4A389012B05F1FF3508D9D5
:1090C000B4F90E300133214603D04046B84749EA8F
:1090D00000096B1C04F16804EDD13668002EE6D15E
:1090E0004846BDE8F88300BF0EB410B59DB06FF0E0
:1090F00000411FABCDE906010491094953F8042B47
:109100000290084C0868019302A9059401F0E0F967
:10911000029B00221A701DB0BDE8104003B07047DA
:109120005C1300200802FFFF10B50C46B1F90E10C9
:1091300000F092F9002803DB236D0344236510BD82
:10914000A38923F48053A38110BD00BF2DE9F04112
:109150000C46B1F90C101F46CB05054616460BD43C
:1091600021F48051A1813B46B4F90E1032462846C5
:10917000BDE8F04100F098B9B4F90E1002230022C6
:1091800000F054F9B4F90C10EAE700BF10B50C4632
:10919000B1F90E1000F04AF9A389421C0EBF23F466
:1091A000805343F480532065A38110BDB1F90E10A4
:1091B00000F02AB988420DD98B1883420AD900EBF6
:1091C000020CBAB1624613F801CD02F801CD994202
:1091D000F9D170470F2A0ED8034602F1FF3C4AB17D
:1091E0000CF1010C013B8C4411F8012B03F8012F09
:1091F0006145F9D1704740EA01039B0750D1A2F1C4
:10920000100370B501F1200C23F00F0501F1100ED1
:1092100000F11004AC441B095EF8105C44F8105CCB
:109220005EF80C5C44F80C5C5EF8085C44F8085C82
:109230005EF8045C44F8045C0EF1100EE64504F19F
:109240001004E9D1013312F00C0F01EB031102F00D
:109250000F0400EB031327D0043C24F003064FEA6D
:10926000940C1E441C1F8E465EF8045B44F8045F99
:10927000B442F9D10CF1010402F0030203EB8403C0
:1092800001EB840102F1FF3C4AB10CF1010C013BFE
:109290008C4411F8012B03F8012F6145F9D170BD01
:1092A00002F1FF3C03469BE72246EBE7830730B51C
:1092B00048D0541E002A3FD0CAB2034601E0013C08
:1092C0003AD303F8012B9D07F9D1032C2DD9CDB248
:1092D00045EA05250F2C45EA054536D9A4F11002CB
:1092E00022F00F0C03F1200EE6444FEA121C03F1AA
:1092F000100242E9045542E9025510327245F8D194
:109300000CF1010214F00C0F03EB021204F00F0C2D
:1093100013D0ACF1040323F003030433134442F8E5
:10932000045B9342FBD10CF003042CB1C9B21C4482
:1093300003F8011B9C42FBD130BD64461346002C50
:10934000F4D1F9E703461446BFE71A46A446E0E71E
:1093500040EA01039B0730B501D1032A0FD88446A8
:1093600001F1FF3E07E01EF8011F03F8011B541E28
:10937000C1B19C4622466346002AF4D130BD0B465B
:109380008446194653F8045BA5F1013424EA050428
:1093900014F0803FE4D1043A032A4CF8045B1946E8
:1093A000EFD8DDE79444002CE8D003F8011B6345B7
:1093B000FBD130BD41EA00039B0715D10B68A3F137
:1093C000013222EA030212F0803F0DD101F1040CB8
:1093D00040F8043B61465CF8043BA3F1013222EA09
:1093E000030212F0803FF3D0034611F8012B184618
:1093F00003F8012B002AF8D1704700BF014B93F806
:1094000028017047D40D002038B5074D00220446CE
:1094100008462A60FCF7B0FE431C00D038BD2B681C
:10942000002BFBD0236038BD0448002038B50C4623
:10943000084D8446114620461A4600232B60644698
:10944000FCF7A6FE431C00D038BD2B68002BFBD0D8
:10945000236038BD0448002038B50C46084D8446CA
:10946000114620461A4600232B606446FCF782FE14
:10947000431C00D038BD2B68002BFBD0236038BDC7
:109480000448002038B5074D0022044608462A60EB
:10949000FCF756FE431C00D038BD2B68002BFBD0D8
:1094A000236038BD0448002038B50C46084D84467A
:1094B000114620461A4600232B606446FCF7B8FB91
:1094C000431C00D038BD2B68002BFBD0236038BD77
:1094D00004480020014B1868704700BF5C1300204F
:1094E00070B50D4E0D4D761BB61006D0002455F804
:1094F000043B01349847A642F9D1094E094D761B29
:1095000005F09EFBB61006D0002455F8043B01344C
:109510009847A642F9D170BDF01A0060F01A0060B9
:10952000F81A0060F01A0060704700BF704700BF73
:10953000704700BF704700BF00000000000000003F
:10954000A2EB0300704700BF02780B78012A28BF06
:109550009A42F5D16DE9044540EA0104CDE902677C
:109560006FF0000C4FEA447212B380EA010414F069
:10957000070F6AD100F0070420F0070004F003058C
:1095800021F007014FEAC505F0E8042314F0040FA9
:10959000F1E804670CFA05F462EA040266EA0406DC
:1095A0000AD063EA0403624667EA0407664603E0FA
:1095B000F0E80423F1E8046782FA4CF582EA060435
:1095C000A4FA8CF46CBB83FA4CF583EA0705A5FA80
:1095D0008CF595B950E9022351E9026782FA4CF5FE
:1095E00082EA0604A4FA8CF483FA4CF583EA0705B0
:1095F000A5FA8CF52543DBD09CB92DBAB5FA85F4D4
:1096000024F0070427FA04F1DDE9026723FA04F3E2
:1096100003F0FF0001F0FF01FDE80445A0EB0100AD
:10962000704724BAB4FA84F424F0070426FA04F14B
:10963000DDE9026722FA04F202F0FF0001F0FF0107
:10964000FDE80445A0EB0100704714F0030F3CD186
:1096500010F0030428D150F8082B51F8083B82FA87
:109660004CF582EA0305A5FA8CF55DB950F8042C97
:1096700051F8043C82FA4CF582EA0305A5FA8CF510
:10968000002DE8D02DBAB5FA85F424F0070423FAAA
:1096900004F122FA04F202F0FF0001F0FF01FDE8FC
:1096A0000445A0EB010070474FEAC40420F003001A
:1096B00050F8082B21F0030151F8083B0CFA04F490
:1096C00062EA040263EA0403C9E710F003041AD053
:1096D000A1EB040120F00300E40750F8042B06D0AE
:1096E0000FD28B785FFAA2F4E41A06D12BB1CB78B3
:1096F0005FFAB2F4E41A00D11BB920465DF8104BB2
:10970000704701F1040150F8042BCC0721F003014C
:1097100051F8043B48D824D222F07F4482FA4CF519
:1097200094EA1325A5FA8CF50AD165B951F8043BE2
:1097300084EA0204B4EB036F0ED150F8042BEBE77C
:109740004FEA132355E035F07F454DD10878FDE809
:109750000445C0F1000070474FEA126203F0FF03B6
:1097600047E002EA1C4482FA4CF594EA1345A5FA54
:109770008CF50AD165B951F8043B84EA0204B4EBD4
:10978000034F0CD150F8042BEBE74FEA134330E0C2
:1097900015EA1C4528D10B884FEA124229E04FEA0E
:1097A000124203EA1C4324E002F0FF0482FA4CF563
:1097B00094EA1365A5FA8CF50AD165B951F8043B12
:1097C00084EA0204B4EB032F09D150F8042BEBE731
:1097D0004FEA13630DE015F0FF0F05D10B684FEA58
:1097E000122223F07F4304E04FF00000FDE804451F
:1097F000704712BA1BBA82FA4CF482EA0304A4FA44
:109800008CF5B5FA85F402FA04F203FA04F34FEA90
:109810001260FDE80445A0EB1360704780EA010286
:10982000844612F0030F4FD111F0030F32D14DF8DF
:10983000044D11F0040F51F8043B0BD0A3F1013299
:109840009A4312F0803F04BF4CF8043B51F8043BAC
:1098500016D100BF51F8044BA3F101329A4312F024
:10986000803FA4F101320BD14CF8043BA24312F02B
:10987000803F04BF51F8043B4CF8044BEAD0234628
:109880000CF8013B13F0FF0F4FEA3323F8D15DF8DA
:10989000044B704711F0010F06D011F8012B0CF8A2
:1098A000012B002A08BF704711F0020FBFD031F81A
:1098B000022B12F0FF0F16BF2CF8022B8CF80020A1
:1098C00012F47F4FB3D1704711F8012B0CF8012B24
:1098D000002AF9D1704700BF00000000000000001E
:1098E0000000000000000000000000000000000078
:1098F0000000000000000000000000000000000068
:1099000090F800F06DE9024520F007016FF0000CBF
:1099100010F0070491F820F040F049804FF0000467
:109920006FF00700D1E9002391F840F000F1080042
:1099300082FA4CF2A4FA8CF283FA4CF3A2FA8CF37A
:109940004BBBD1E9022382FA4CF200F10800A4FAE1
:109950008CF283FA4CF3A2FA8CF3E3B9D1E9042335
:1099600082FA4CF200F10800A4FA8CF283FA4CF36C
:10997000A2FA8CF37BB9D1E9062301F1200182FA26
:109980004CF200F10800A4FA8CF283FA4CF3A2FA2C
:109990008CF3002BC6D0002A04BF04301A4612BA3A
:1099A000B2FA82F2FDE8024500EBD2007047D1E93D
:1099B000002304F00305C4F100004FEAC50514F0CC
:1099C000040F91F840F00CFA05F562EA05021CBF9D
:1099D00063EA050362464FF00004A9E72DE9F0476A
:1099E000DFF87CA00646DAF8000098460F4691465C
:1099F000FFF79EFD184B1C6824B365681F2D24DCFF
:109A00005EB96B1C0235DAF80000636044F825701B
:109A1000FFF790FD0020BDE8F08704EB85010123EE
:109A2000C1F88890D4F88821AB401A43022EC4F8BC
:109A30008821C1F80881E4D1D4F88C211A43C4F8F4
:109A40008C21DEE7054C1C60D7E7DAF80000FFF751
:109A500071FD4FF0FF30DEE7E8420020EC420020CD
:109A6000C80D0020F8B5244F0C460646FFF75AF8FB
:109A7000BB685D68C4F57E610F3125F003054B19A5
:109A800023F47F6323F00F03A3F58054B4F5805FC4
:109A900007DB00213046FFF7F5FCBB682B449842FA
:109AA00004D03046FFF744F80020F8BD614230464C
:109AB000FFF7E8FC01300DD0104ABB682D1B45F0C4
:109AC00001055D60136830461B1B1360FFF730F81B
:109AD0000120F8BD00213046FFF7D4FCBA68831A94
:109AE0000F2BDEDD43F001035360054B03491B6878
:109AF000C01A0860D5E700BF400F0020884400204E
:109B000048130020002961D0F8B50C460646FFF73F
:109B100009F854F8042C7B4FA4F1080522F0010148
:109B200005EB010CB868DCF80430604523F0030352
:109B300000F08B80D207CCF8043032D454F8082CD3
:109B4000AD1A1144AA6807F1080082426AD00CEBF2
:109B50000304D4F804E0EC68D4601EF0010FA260A6
:109B600000F0978041F001036B60CCF80010B1F574
:109B7000007F35D27868CB080122490901338A4039
:109B8000024357F833107A6007EBC302083AC5E97D
:109B9000021247F83350CD603046BDE8F840FEF77A
:109BA000C7BF0CEB03025268D00710D4194407F169
:109BB0000800DCF80830834273D0DCF80C20DA604F
:109BC000936041F001036B606950D0E7704741F04A
:109BD0000103B1F5007F44F8043CCCF80010C9D370
:109BE000B1F5206F4FEA512348D28B0903F13900B8
:109BF00003F13802C300F818FB580838984259D0CE
:109C00005A6822F003028A4202D99B689842F7D12F
:109C1000D868C5E902308560DD603046BDE8F840AF
:109C2000FEF786BF0CEB03025268D20763D40B44E5
:109C3000DCE90212CA60916043F001026A603046BA
:109C4000EB50BDE8F840FEF773BF0B44D10707D4D3
:109C500054F8082CAD1A1344D5E90212CA60916079
:109C600043F001026A60284ABD6012689A4293D8A4
:109C7000264B30461968FFF7F5FE8DE7142B0AD9FD
:109C8000542B1FD80B0B03F16F0003F16E02C300BE
:109C9000B1E719448DE703F15C0003F15B02C300F7
:109CA000A9E741F00103C7E90455C5E902006B606B
:109CB000695071E779689210012404FA02F20A43AC
:109CC0007A60A6E7B3F5AA7F06D8CB0B03F178003C
:109CD00003F17702C3008EE740F25452934206D854
:109CE0008B0C03F17D0003F17C02C30083E74FF48A
:109CF0007E737E227FE741F001036B60CCF8001099
:109D00004AE700BF400F00204C130020B844002059
:109D100082B049B15AB16BB113780B601278101E42
:109D200018BF012002B0704701A9002AF3D11046E4
:109D300002B070476FF00100F4E700BF436C70B5EC
:109D400005460C464BB153F8240080B1026843F835
:109D500024200023C0E9033370BD2122042102F036
:109D600033FB034668640028EDD1002070BD01215B
:109D700001FA04F6721D9200284602F025FB002825
:109D8000F3D0C0E90146E4E731B1436C4A6853F8C7
:109D90002200086043F82210704700BF2DE9F0410F
:109DA0000E6980460F461D4601F1140E0020DEF8B4
:109DB00000108CB202FB0453090C4FEA134C02FB57
:109DC00001CC01309CB204EB0C4486424EF8044BAB
:109DD0004FEA1C45EBDC3DB1BB68B34207DD07EB46
:109DE000860301365D613E613846BDE8F0817968E1
:109DF00040460131FFF7A2FF0446B0B13A69023292
:109E000007F10C0192000C30FCF704F8D8F844304C
:109E10007A6853F82210396043F82270274607EB1E
:109E2000860301365D613E61DEE7034B034822464F
:109E3000BA2102F0A9FA00BF98050020AC05002065
:109E4000030C1B04D3B90004102310F07F4F04BF90
:109E50000002083310F0704F04BF0001043310F00B
:109E6000404F04BF80000233002805DB10F0804F14
:109E700003F1010308BF2023184670470023E4E7DD
:109E8000036813F0070208D0D9071FD49A0722D518
:109E90005B08036001221046704799B209B91B0C98
:109EA0001022D9B209B908321B0A190704BF1B09CD
:109EB0000432990704BF9B080232D90703D45B0818
:109EC00002F1010205D003601046704700221046DF
:109ED00070472022DFE79B0802220360104670478C
:109EE00038B5436C04460D464BB15868B0B10268B2
:109EF0005A6000220123C0E90435C26038BD212226
:109F0000042102F061FA034660640028EDD1094B98
:109F10000948002240F2451102F036FA1C220121C4
:109F2000204602F051FA0028F1D001220223C0E9B4
:109F30000123DEE798050020AC0500202DE9F04F55
:109F40000E691569AE4285B08846144605DB2A467F
:109F5000234635460C4616469846A3686168AF19F5
:109F6000BB42B8BF0131FFF7E9FE0190002800F0C5
:109F70008780019B03F1140909EB870AD14505D2BB
:109F80004B46002243F8042B9A45FBD808F11408ED
:109F900008EB860B04F11403D8451A4603EB85053C
:109FA0005FD22B1B153B23F0030304331534A5426A
:109FB00038BF0423CDE902A7AC461F46924605E010
:109FC000090C29D1C34509F1040948D958F8041BE3
:109FD0008DB2002DF4D056464C46002356F8041B93
:109FE00022681FFA81FE90B2090C05FB0E00120CCC
:109FF000034405FB012202EB13429BB243EA0243F6
:10A00000B44544F8043B4FEA1243E7D849F8073017
:10A0100058F8041C090CD5D0D9F8003050461A461F
:10A020004C4600260588120C01FB052216449BB203
:10A0300043EA064344F8043B50F8045B22682D0CC5
:10A0400093B201FB053303EB164384454FEA1346F5
:10A05000E8D8C34549F8073009F10409B6D8DDE965
:10A0600002A7002F02DC05E0013F03D05AF8043DAF
:10A07000002BF9D0019B18461F6105B0BDE8F08F99
:10A08000034B0448019A4FF4B17102F07DF900BF0F
:10A0900098050020AC05002012F003032DE9F041E3
:10A0A0001446064632D10D46A41020D0D6F8408082
:10A0B000B8F1000F33D0E3074FF0000707D4641066
:10A0C00015D0D8F80000A8B18046E307F7D542467E
:10A0D00029463046FFF732FFB5B16968736C6410EA
:10A0E00053F821202A6043F821500546E9D128463B
:10A0F000BDE8F081424641463046FFF71FFFC8F8F1
:10A10000000007608046E0E70546D8E7013B0F4ABC
:10A1100052F823200023FFF741FE0546C4E7012142
:10A120003046FFF70BFE804640B1012340F271221A
:10A13000C0E90432002330640360BCE7044B0548E7
:10A14000424640F2451102F01FF900BF980A002074
:10A1500098050020AC0500202DE9F0470D46144677
:10A160002F69AB68496807EB62177E1C9E428046E8
:10A170004FEA621904DD5B009E4201F10101FADC45
:10A180004046FFF7DBFD8446002852D0B9F1000FAE
:10A1900000F114020EDD09F105014FEA810E1346AC
:10A1A00000EB8101002043F8040B8B42FBD1AEF1A0
:10A1B00014031A44296905F1140314F01F0E03EB6C
:10A1C00081012ED0CEF1200910464FF0000A1C6804
:10A1D00004FA0EF444EA0A0440F8044B53F8044B22
:10A1E000994224FA09FAF2D84B1B153B23F00303DA
:10A1F000043305F11500814238BF0423BAF1000F82
:10A2000018BF374642F803A0D8F844306A68CCF843
:10A21000107053F822102960604643F82250BDE8C0
:10A22000F087043A53F8040B42F8040F9942F9D826
:10A23000EAE7034B034862464FF4EF7102F0A4F8DB
:10A2400098050020AC0500200B6984460069C01AFF
:10A2500016D10CF1140C14310CEB830210B401EB89
:10A26000830301E0944508D252F8044D53F8041DCD
:10A270008C42F7D005D24FF0FF305DF8044B7047A9
:10A28000704701205DF8044B704700BF2DE9F84F7F
:10A290000F691369FF1A002F0E4690467FD101F116
:10A2A0001405143202EB830205EB830301E09D42A7
:10A2B00078D253F8041D52F8044DA142F7D069D367
:10A2C0007168FFF73BFD8146002877D03569D8F8E3
:10A2D0001020C76008F1140E06F1140009F1140AE9
:10A2E00006F110010EEB820200EB850756464FF097
:10A2F000000C5EF8044B51F804BFA3B21CFA8BFCAF
:10A30000ACEB03034FEA144CCCEB1B4C0CEB234C93
:10A310009BB243EA0C43724546F8043B4FEA2C4C8F
:10A32000E7D8A2EB0801153908F11508424521F0DC
:10A33000030404F1040438BF0424204421F0030280
:10A3400038BF002287425244544418D92646014659
:10A3500051F8043B1CFA83FC4FEA2C4202EB1342F7
:10A360001FFA8CFC4CEA02438F4246F8043B4FEA4A
:10A37000224CEDD8013F3F1A27F00307E21923B919
:10A3800052F8043D013D002BFAD0C9F81050484660
:10A39000BDE8F88F334601274646984690E7F9DB3B
:10A3A00000278DE70021FFF7C9FC814668B1012233
:10A3B0000023C9E904234846BDE8F88F064B074847
:10A3C0004A4640F2452101F0DFFF034B03484A466D
:10A3D00040F2372101F0D8FF98050020AC0500209D
:10A3E0002DE9F043884683B0012157EC106B1546E8
:10A3F000FFF7A4FC0446002851D0C7F30A59C7F35D
:10A400001303B9F1000F01D043F48013002E019320
:10A4100018D101A8FFF734FD019A6261012200F111
:10A4200020032261B9F1000F25D0A9F2334909EBCD
:10A4300003022046C3F13503C8F800202B6003B0A7
:10A44000BDE8F08368460096FFF71AFD034610B397
:10A45000DDE90002C3F1200102FA01F10143DA4013
:10A4600061610192002AA26114BF022201222261CD
:10A47000B9F1000FD9D1A3F23243C8F8003004EB90
:10A4800082031869FFF7DCFCC0EB421320462B6007
:10A4900003B0BDE8F083009A6261019AE2E7034BE2
:10A4A0000348224640F20F3101F06EFF980500206C
:10A4B000AC05002049B1FF2A02D80A70012070477C
:10A4C0008A2303604FF0FF3070470846704700BF93
:10A4D0002DE9F04F2DED088BD1B00C460BEE101A84
:10A4E00090460893834601F0BBFE0368129318461A
:10A4F000FFF706FA20AF1090082200213846FEF739
:10A50000D5FEA3891B0603D52369002B00F05587D0
:10A5100000239FED838B9FED849BCDE92533CDE90F
:10A520001333CDE9153327AA0E9324929246119343
:10A5300004934446A1467E4BD3F8E450FEF75EFFF9
:10A540004A4603461CA900975846A847002800F031
:10A55000B080C0F2A6801C9A252A034601D09944F7
:10A56000E9E7B9EB0405064640F0A78000234FF069
:10A57000FF328DF867309846069309F1010999F882
:10A58000003003922B25202609F10109A3F12002B6
:10A590005A2A00F2CF80DFE812F0E802CD00CD00A9
:10A5A000E302CD00CD00CD006A00CD00CD00050254
:10A5B0008402CD001002C902CD00BD025B005B0029
:10A5C0005B005B005B005B005B005B005B00CD0041
:10A5D000CD00CD00CD00CD00CD00CD005301CD008C
:10A5E00083011A02530153015301CD00CD00CD0068
:10A5F000CD001502CD00CD009602CD00CD00CD00DE
:10A60000AB01CD00AA02CD00CD00E306CD00CD0008
:10A61000CD00CD00CD00CD00CD00CD005301CD004B
:10A620008301DE015301530153017702DE017F00F4
:10A63000CD008902CD005F02E0062F027F00CD0031
:10A64000AB017C00B806CD00CD00BD06CD007C007E
:10A65000A3F13002002119F8013B01EB810102EB6B
:10A660004101A3F13002092AF5D906918EE7584637
:10A6700001F0F6FD436815931846FFF741F916906F
:10A68000584601F0EDFD83681393169B002B40F0B4
:10A690002D8699F8003077E799F8003048F02008C7
:10A6A00072E7082200213846FEF700FE0123994494
:10A6B00041E7B9EB0405064611D0269B2B442693AF
:10A6C000259B0133072BCAE9004525931CDC0AF1C1
:10A6D000080A049B2B440493002E7FF447AF269B6B
:10A6E000002B41F00B821BEE103AB3F90C3013F043
:10A6F000400F049B18BF4FF0FF330493049851B0F0
:10A70000BDEC088BBDE8F08F1BEE101A24AA58464A
:10A7100002F0E6FD0028E6D10DF19C0AD9E700BF62
:10A720000000000000000000FFFFFFFFFFFFEF7FC1
:10A73000D40D00200B93002BD1D00021CDE90C11BA
:10A740008DF8DC3001238DF8671002930791059393
:10A7500003910F9137AC18F00203099302D0029BCA
:10A760000233029318F084030A9305D1069B029AE0
:10A770009D1A002D00F36983269A89B125990DF160
:10A78000670001310132CAF8000007294FF00100CB
:10A7900026922591CAF8040000F3A2830AF1080A60
:10A7A000099B83B1259B1AA901330232CAF8001014
:10A7B000072B4FF0020126922593CAF8041000F3EC
:10A7C000A3830AF1080A0A9B802B00F06C82039B8A
:10A7D00005995D1A002D00F3A58218F4807F40F0E2
:10A7E0000D82059BCAF804301A44259BCAF8004024
:10A7F0000133072B2692259300F31B830AF1080AE5
:10A8000018F0040F05D0069B02995C1A002C00F387
:10A810008883049B069902988142ACBF5B181B1881
:10A820000493002A40F0B08200232593079B1BB1BC
:10A8300007995846FFF766F90DF19C0A4C4679E6F0
:10A840000B93089B073323F00703B3EC028BB0EEA6
:10A85000C87BB4EE497BF1EE10FA089340F3E9842B
:10A86000B5EEC08BF1EE10FA01F159809DF867103A
:10A87000AB4CAC4B28F080080B9A472AC8BF1C464B
:10A880000023CDE90C330322079302920592039330
:10A890000F9300293FF45FAF029B013302935AE705
:10A8A000432B0B9303D018F0100F00F05D85089D2B
:10A8B0000822002122A837ACFEF7F8FC22AB55F89D
:10A8C000042B2146584602F0C5FC0346013305908F
:10A8D00001F0EE82059B089523EAE37302930021C1
:10A8E000CDE90C118DF86710079103910F9132E7B4
:10A8F0000B93089B1A4600238DF86730134653F8D4
:10A90000044B0893002C00F048850B9B532B00F060
:10A91000EC8618F010030C9340F0E786039B5D1C57
:10A9200001F0E5800C991A46204601F0A1FC079041
:10A93000002801F02883079B1A1B05920C9B0393A8
:10A9400022EAE2720F930D93079373239DF8671029
:10A9500002920B939DE718F0200F0B93089B3DD0BC
:10A96000073323F007031A4611465B6851F8082B9A
:10A9700008911946002BC0F20C84039B013300F0B0
:10A980009E8228F0800052EA0103029040F09982F2
:10A99000039B002B40F09A8280460023039305938B
:10A9A00050AC06E1089B53F8042B0692002A80F273
:10A9B0001984069A08935242069299F8003048F09A
:10A9C0000408E1E599F8003048F00808DCE548F0B3
:10A9D000100818F0200F0B93089BC1D118F0100F2E
:10A9E00040F00B8418F0400F00F0038433F9042B7F
:10A9F0000893D1170B46BDE7089B48F0020202926C
:10AA000053F8042B089347F63003ADF868307820EC
:10AA1000454B1193002102230B900020039C8DF8DD
:10AA20006700601C00F0AD80029820F0800852EAB8
:10AA3000010040F0A480002C40F0AE86002BACD189
:10AA4000029B13F00103059300F0D18330238DF8AE
:10AA50003F310DF23F14ACE018F0200F40F0D483EA
:10AA600018F0100F40F09F8618F0400F40F09787C5
:10AA700018F4007F00F09786089B049953F8042B84
:10AA8000089311704C4655E599F80030682B03BFC8
:10AA900099F8013048F4007809F1010948F04008BC
:10AAA00072E599F800308DF867506DE599F800303F
:10AAB0006C2B03BF99F8013048F0200809F1010917
:10AAC00048F0100860E50B9348F0100818F02001DA
:10AAD00000F05183089B073323F00703596853F8AC
:10AAE000082B089328F480630293002395E70B93C7
:10AAF00048F010030293029B13F0200100F0298319
:10AB0000089B073323F00703596853F8082B089371
:10AB1000012382E799F8003048F0800834E500BF4F
:10AB2000780700207C07002088070020494611F89C
:10AB3000013B2A2B01F04982A3F13002092A894600
:10AB400098BF002101F2448119F8013B01EB81011A
:10AB500002EB4101A3F13002092AF5D9039115E571
:10AB600099F8003048F001080EE59DF86730002B99
:10AB70007FF48FAD99F800308DF8676004E5CDF86B
:10AB80000880012B00F09D81022B50AC20D1119840
:10AB900002F00F031209C35C04F8013D42EA01729E
:10ABA000090952EA0103F3D150AB1B1BDDF8088001
:10ABB0000593059A03989DF8671082424FF00003B1
:10ABC000B8BF0246CDE90C33079302920F9360E6BB
:10ABD00002F00703D20842EA4172C908303352EA50
:10ABE0000105204604F8013DF2D1029AD10700F197
:10ABF0004D8250AB1B1B90460593DAE70B9B652BF0
:10AC000040F3D480B5EE408BF1EE10FA40F0C181F4
:10AC1000259BBA49CAF80010013301320121072BE4
:10AC200026922593CAF8041000F351850AF1080A08
:10AC30001B9B0E998B4280F2D082109B12991A4472
:10AC4000CAE90013259B26920133072B259300F3B5
:10AC500097830AF1080A0E9B5C1E002C7FF7D0AD8B
:10AC6000102C259B40F36E851BEE106A102505E025
:10AC70000AF1080A103C102C40F364850133A04906
:10AC80001032072BCAE90015CDE92532F0DD24AAE0
:10AC90003146584602F024FB00287ED1DDE92532FA
:10ACA0000DF19C0AE6E7069B02995D1A002D7FF7DD
:10ACB0008EAD102D259B21DD099410261BEE104A28
:10ACC00004E0103D102D0AF1080A16DD01338C490D
:10ACD0001032072BCAE90016CDE92532F1DD24AA8E
:10ACE000214658460DF19C0A02F0FAFA002854D188
:10ACF000103D102DDDE92532E8DC099C8049CAF8B9
:10AD0000045001332A44072BCDE92532CAF800103C
:10AD100000F32685039B05995D1A002D0AF1080AA8
:10AD20007FF75BAD102D259B1FDD514610261BEED6
:10AD300010AA04E0103D102D01F1080114DD0133CB
:10AD40006F481032072BC1E90006CDE92532F1DD4D
:10AD500024AA5146584602F0C3FAF0B9103D102D0E
:10AD6000DDE9253227A9EADC8A4601336449CAF8BD
:10AD700004502A44072BCDE92532CAF8001000F30D
:10AD8000DA810AF1080A28E51BEE101A24AA5846AF
:10AD900002F0A6FA00283FF447AD079B002B3FF4D2
:10ADA000A2AC07995846FEF7ADFE9CE40E9B012B22
:10ADB00040F37A81259BCAF800400133013201211A
:10ADC000072B26922593CAF8041000F3F8810AF1A4
:10ADD000080A1099129801330A44072BCAE90001A6
:10ADE000CDE9253200F3DD810AF1080AB5EE408B8A
:10ADF000F1EE10FA00F077810E9901330139013438
:10AE00000A44072BCAF800402593CAF8041026927A
:10AE100000F35B810AF1080A1499CAF8041001339F
:10AE20000A44072B1EA9CDE92532CAF800107FF786
:10AE3000E5AC1BEE101A24AA584602F051FA00287D
:10AE4000ABD1269A0DF19C0ADAE4102DDDE925122A
:10AE50002C4E24DD179410231BEE104A084604E004
:10AE6000103D102D0AF1080A17DD013010320728B5
:10AE7000CAE90063CDE92502F2DD24AA214658463D
:10AE80000DF19C0A02F02CFA002886D1103D102DFD
:10AE9000DDE925024FF01003E7DC179C0146013184
:10AEA0002A440729CDE92512CAF80060CAF80450DF
:10AEB00000F3BD839DF867100AF1080A5DE4CDF840
:10AEC00008800A2A71F1000380F0458330320123A3
:10AED000DDF808808DF83F2105930DF23F1468E6F8
:10AEE0001BEE101A24AA584602F0FAF900287FF443
:10AEF00054AF269A0DF19C0A52E400BFB807002017
:10AF0000200C0020C00700201BEE101A24AA58466F
:10AF100002F0E6F900287FF440AF269A0DF19C0A72
:10AF200051E4102C259BBE4E1FDD1BEE108A102510
:10AF300004E0103C102C0AF1080A16DD013310322F
:10AF4000072BCAE90065CDE92532F2DD24AA414686
:10AF500058460DF19C0A02F0C3F900287FF41DAF9A
:10AF6000103C102CDDE92532E8DC01332244072BAC
:10AF7000CAE90064CDE925327FF74BAC1BEE101A0D
:10AF800024AA584602F0ACF900287FF406AF269AAE
:10AF90003FE41B99002940F35A830C9E0E9B9E426E
:10AFA000A8BF1E46002E0BDD259B01333244072B24
:10AFB000CAE900462692259300F389860AF1080A19
:10AFC0000C9D002EA8BFAD1B002D00F303820C9B2F
:10AFD00018F4806F2344059340F01F821B9B0E9949
:10AFE0008B4203DB18F0010F00F0CF841099129808
:10AFF0000A44CAE9000125992692013107292591C1
:10B0000000F3A5860AF1080A0E996518CC1A059B6B
:10B01000ED1AA542A8BF2546002D0DDDCAF8003067
:10B02000259BCAF8045001332A44072B2692259306
:10B0300000F3BB860AF1080A002DA8BF641B002C90
:10B040007FF7DEAB102C259B40F37C831BEE106A50
:10B05000102505E00AF1080A103C102C40F3728319
:10B06000013370491032072BCAE90015CDE92532AA
:10B07000F0DD24AA3146584602F032F900287FF468
:10B080008CAEDDE925320DF19C0AE5E7302B3FF46B
:10B090008BAD3023023804F8013C50AB1B1ADDF8AD
:10B0A00008800593044684E518F0010F7FF482AE12
:10B0B000259BCAF80040013301320121072B26925B
:10B0C0002593CAF804107FF7A5AE1BEE101A24AA28
:10B0D000584602F005F900287FF45FAEDDE925321D
:10B0E0000DF19C0A98E60E994C1E002C7FF794AE49
:10B0F000102C40F361831BEE106A102505E00AF165
:10B10000080A103C102C40F3578301334549103294
:10B11000072BCAE90015CDE92532F0DD24AA314616
:10B12000584602F0DDF800287FF437AEDDE925321D
:10B130000DF19C0AE5E71BEE101A24AA584602F00E
:10B14000CFF800287FF429AE269A0DF19C0AFFF76C
:10B1500044BB029B13F0100340F0C180029A12F02E
:10B16000400200F07A83089850F8042B08901946A2
:10B1700092B2012351E418F0100355D118F04002A7
:10B1800000F05D83089850F8042B0890194692B29D
:10B19000A8E4524261EB4101CDF808802D20012343
:10B1A0003CE41BEE101A24AA584602F099F8002835
:10B1B0007FF4F3ADDDE925320DF19C0A16E61BEEB6
:10B1C000101A24AA584602F08BF800287FF4E5AD47
:10B1D000DDE925320DF19C0AFBE518F0010F3FF483
:10B1E0000FAB2AE5089399F80030FFF7CDB950ACC2
:10B1F000DFE418F4007F40F0DB8353F8042B08935E
:10B20000D1170B46FFF7B6BB089B049853F8041BF5
:10B210000893C217C1E900024C46FFF78BB900BF83
:10B22000C0070020200C0020089B53F8042B089333
:10B2300058E4B4EE488BF1EE10FA80F194860B9B43
:10B24000612B00F05285412B00F0C085039B013338
:10B250000B9B23F0200500F08084472D04D1039B35
:10B26000002B08BF0123039318EE903A002B48F4FB
:10B2700080724646C0F21886B0EE48AB0023904676
:10B28000099307930B9B413B252B00F29883DFE842
:10B2900013F06F0496039603960368046C049603F8
:10B2A00096039603960396039603960396039603D6
:10B2B00096039603960396039603960396039603C6
:10B2C00096039603960396039603960396039603B6
:10B2D0009603960396039603960368046C04089BF2
:10B2E00053F8042B08930123FFF797BB139B002B04
:10B2F0003FF4CFA9139B1B78002B3FF4CAA999F800
:10B30000003048F48068FFF73FB90B93CDF8088010
:10B31000FFF7F1BB0B939A4B119318F0200100F04B
:10B320000581089B073323F00703596853F8082B5E
:10B33000089318F0010F0AD052EA010307D00B9BC3
:10B340008DF86930302348F002088DF8683028F411
:10B35000806302930223FFF760BB0B93FFF7B6BB3A
:10B360000B93884B1193D8E7089B012153F8042BCA
:10B3700002918DF8DC200893059137ACFFF7AFBA46
:10B380001BEE101A24AA584601F0AAFF00287FF4E9
:10B3900004AD269A0DF19C0A5DE4039B0794062BED
:10B3A000224628BF062303942146CDE90C22764C81
:10B3B000029305930F92FFF76CBA40215846FDF7B0
:10B3C00001F920602061002800F00F8640236361AE
:10B3D000FFF79EB8102D259B40F35D825146102645
:10B3E0001BEE10AA04E00831103D102D40F35282EC
:10B3F000013366481032072BC1E90006CDE925323A
:10B40000F1DD24AA5146584601F06AFF00287FF476
:10B41000C4ACDDE9253227A9E6E70E9BCDF82490E0
:10B42000E31803930D9BCDF82880139E059DDDF84E
:10B430005890DDF83C800B941BEE101A5046002B00
:10B4400034D0B8F1000F35D10D9B013B013E0D9377
:10B45000159BC0E90039259B01334A44072B2692EE
:10B4600025936CDC0830039B96F800C05B1B63459A
:10B47000A8BF6346002B9A460CDD259C01341A4474
:10B48000072CC0E900532692259400F3778196F8A3
:10B4900000C00830BAF1000FACBFACEB0A04644640
:10B4A000002C0ADC65440D9B002BCAD1B8F1000FBB
:10B4B00000F0AC8308F1FF38CAE7102CDDF894C027
:10B4C00024DD05954FF0100A63460D4604E0103C5C
:10B4D000102C00F1080016DD01332C491032072B27
:10B4E000C0E9001ACDE92532F1DD24AA29465846E3
:10B4F00001F0F6FE00287FF450AC103C102CDDE982
:10B50000253227A8E8DC2946059D9C460CF101035D
:10B5100022444460072B1D4C0460CDE9253200F322
:10B52000C68396F800C008306544BCE718F01003E5
:10B5300000F0C280089B53F8042B0893F9E624AA74
:10B540005846059101F0CCFE00287FF426AC269ADF
:10B55000059927A887E70298CDF81CA050AC00F405
:10B56000806000250AEE10BA094BDDF84CA0CDF83A
:10B570001490A3464FF00508AC46044610E000BF07
:10B58000880700209C070020B0070020200C002026
:10B59000CDCCCCCC0A2A71F1000136D34A463146D3
:10B5A000501840F10000A3FB005626F0030505EB00
:10B5B0009605401B151A4FF0CC3661F1000E06FBC4
:10B5C00005F6A5FB039503FB0E6609F0010E2E445C
:10B5D000AEFB085E2D184FEA590930350BF8015CB7
:10B5E00049EAC6790CF1010C0BF1FF3B7608002CFF
:10B5F000D0D09AF800008445CCD1BCF1FF0FC9D05F
:10B600000A2A71F1000180F08F815C4650AB1B1B50
:10B61000DDF81490CDF84CA01AEE10BADDF81CA09D
:10B62000DDF80880CDF838C00593FFF7C2BA1BEEED
:10B63000101A24AA584601F053FE00287FF4ADAB3F
:10B640009DF86710269A0DF19C0AFFF796B8259B86
:10B65000BE48CAF80000013301320120072B2692B0
:10B660002593CAF8040000F377810AF1080A00293B
:10B6700040F0AF800E9908F001030B433FF4C0A8DF
:10B68000109B12991A44CAE90013259B2692013394
:10B69000072B259300F352820AF1080A0E99CAF883
:10B6A000004001330A44072BCDE92532CAF80410C3
:10B6B0007FF7A4A8FFF7BDBB18F0400200F0DD80C3
:10B6C000089850F8042B0890194692B231E61BEE08
:10B6D000101A24AA584601F003FE00287FF45DAB3F
:10B6E000269A0DF19C0AFFF7A3BA22AE0822002188
:10B6F00030461D94FDF7DAFD039B5A1C00F0DB80F9
:10B700000025CDF80890CDF81C809946A8460CE09D
:10B7100037A9584601F09EFD431C404400F0C88301
:10B72000484508DC00F0188480461D9A525933467B
:10B730000435002AECD1CDF81480DDF80890DDF84E
:10B740001C80C5E001338249CAF804402244072B1B
:10B75000CAF80010CDE925327FF750A8FFF769BB82
:10B760001BEE101A24AA584601F0BAFD00287FF4F7
:10B7700014AB269A0DF19C0AFFF729B824AA584663
:10B78000059101F0ADFD00287FF407AB96F800C0ED
:10B79000269A059927A87DE6012BCDF808807FF42D
:10B7A000F3A9FFF793BB089B049953F8042B4C466D
:10B7B00011600893FEF7BEBE01336549CAF8044024
:10B7C0002244072BCDE92532CAF800107FF722ABBF
:10B7D0007BE4109B12981A44CAE90003259B269229
:10B7E0000133072B259300F3A9810AF1080A0029E8
:10B7F000BFF654AF4D42103180F20F831BEE101A8A
:10B80000102605E00AF1080A103D102D40F30583CB
:10B8100001334F481032072BCAE90006CDE9253223
:10B82000F0DD24AA5846039101F05AFD00287FF468
:10B83000B4AADDE9253203990DF19C0AE4E7089BDF
:10B8400018F400711ABF114653F8042B53F8042B57
:10B85000089318BFD2B2FFF745B9029B13F40071E9
:10B86000089B1ABF114653F8042B53F8042B089376
:10B8700018BFD2B20123FFF7D0B8089B18F40071AB
:10B880001ABF114653F8042B53F8042B089318BF22
:10B89000D2B24EE58A4601332D49CAF804502A44F3
:10B8A000072BCDE92532CAF8001000F339810AF1DF
:10B8B000080AFFF78CBB0023194600961DAA5846BC
:10B8C00001F0EEFC03460133059000F0F1821D9477
:10B8D000059B002B4ED0632B00F3188100230793A8
:10B8E00037AC082200213046FDF7E0FC059D0096AC
:10B8F0002B461DAA2146584601F0D2FC854240F055
:10B900007C83059A0023A35422EAE272CDE90C332A
:10B910009DF86710039302920F93FEF7BABF2D2193
:10B920008DF86710FEF7A4BF169B1599ABEB030BC0
:10B930001A465846FDF70CFD9AF80120054B0AB14E
:10B940000AF1010A4FF0000C28E600BFB8070020FA
:10B95000200C0020CDCCCCCC1BEE101A24AA5846CB
:10B9600001F0BEFC00287FF418AA1B99269A0DF15D
:10B970009C0A7CE6059B9DF867100F93CDE9023386
:10B98000CDE90C330793FEF784BF0E99059865182F
:10B990002D1ACC1AA542A8BF2546FFF74DBB089B20
:10B9A000049953F8042B089311804C46FEF7C2BD4E
:10B9B00013F9042B0893D1170B46FEF7DBBF039A4C
:10B9C000022122AB01931DAB009358461BABB0EE96
:10B9D0004A0B029200F0C8FD472D029A044600F07F
:10B9E0006181462D104405D12378302B00F06F8201
:10B9F0001B9A1044B5EE40ABF1EE10FA40F04681D0
:10BA000003461B1B0E93472D00F01081462D00F0BE
:10BA1000B5811B9B0C930C9B412D03F1FF331B93B2
:10BA200000F0E5819DF82C200021002BB8BF0C9B75
:10BA30008DF87820BABFC3F101032D222B22092BE8
:10BA40008DF8792040F3DA810DF18F05DFF81CC401
:10BA50002A4610468CFB0321DA17C2EBA10202EB47
:10BA60008201A3EB4101303100F8011C1946632922
:10BA7000134600F1FF32ECDC3033D9B2831E9D4215
:10BA800002F8011C40F28B8213460DF17A0201E0AC
:10BA900013F8011B02F8011B9D42F9D10DF191032E
:10BAA0000DF17A021B1A13441EAA9B1A14930E9BC3
:10BAB000149A012B1A44059240F30382059B109AB5
:10BAC0001344059326F48063059A43F48078002399
:10BAD000CDE90C3322EAE2720F930292099B002B0C
:10BAE00040F0B1809DF867100393FEF7D2BE204668
:10BAF000FDF706FF02460590FEF720BF1BEE101A69
:10BB000024AA584601F0ECFBFEF7EDBD591C58463F
:10BB1000FCF758FD0446002800F0CA810790E0E6D3
:10BB20001BEE101A24AA584601F0DAFB00287FF415
:10BB300034A9269A0DF19C0AFFF749BA1BEE101A98
:10BB400024AA584601F0CCFB00287FF426A9DDE9A1
:10BB500025321B990DF19C0A49E606230393FFF752
:10BB600083BB039B02215A1C2BE7039A032128E77E
:10BB70001BA8B0EE4A0B00F0CBFBB4EE007B20EE2E
:10BB8000070BB5EE400BF1EE10FA01D101231B9328
:10BB9000B348039BB3EE005B013B224604E0B5EEE5
:10BBA000400BF1EE10FA13D020EE050BFDEEC07B3A
:10BBB000B3F1FF3F17EE901A415CB8EEE76B944685
:10BBC00030EE460B02F8011B194603F1FF33E6D1B4
:10BBD000B6EE006BB4EEC60BF1EE10FA00F348813E
:10BBE000B4EE460BF1EE10FA04D117EE903ADB07F3
:10BBF00000F13E81002906DB4B1C1344302102F882
:10BC0000011B9342FBD1131B0E93FCE60B9C0E9B76
:10BC1000DDF82490DDF828801396E3189D4229462C
:10BC200028BF194682460591FFF7D8B91B9B0C9394
:10BC3000DA1C02DB039A93420CDD0B9B023B0B9355
:10BC400023F02005E7E62D2100238DF867100393EC
:10BC5000FEF722BE0C9B0E9A9342C0F2BD80F00705
:10BC60000C9B40F13281109A13440593710503D562
:10BC70000C9B002B00F33581059B23EAE3730293B1
:10BC800067230B9300230F930D9327E7229B834297
:10BC9000BFF4B7AE30215A1C22921970229B9842F1
:10BCA000F9D8AEE6F30700F1A780229BA9E624AA03
:10BCB0005846059101F014FB00287FF46EA896F811
:10BCC00000C0269A059927A86544FFF7ECBB1BEE38
:10BCD000101A24AA584601F003FB00287FF45DA83F
:10BCE000269A0DF19C0AFFF76BB978238DF869301D
:10BCF00030238DF86830039B632B48F0020600F375
:10BD0000A6800023079337AC18EE903A002B48F436
:10BD100081782BDBB0EE48AB0B9B23F02005002392
:10BD200009930B9B612B7FF4ADAAB0EE4A0B1BA8C5
:10BD300000F0EEFAB4EE007B20EE070BB5EE400B00
:10BD4000F1EE10FA01D101231B93464821E71BEEC7
:10BD5000101A24AA584601F0C3FA00287FF41DA83F
:10BD60001B9B269A0DF19C0AFFF74EB90B9B23F003
:10BD700020052D230993B1EE48ABD2E71B9A0C9214
:10BD8000002A06F0010340F30D8103990B4340F0B4
:10BD9000CF800C9B059366230B93720500F1A38063
:10BDA000059B23EAE37302936CE71BEE101A24AAA7
:10BDB000584601F095FA00287EF4EFAF1B9C0E9BCD
:10BDC000269A1C1B0DF19C0AFFF736B958238DE704
:10BDD00000220392FEF7DABB0E9B109A9A180C9B76
:10BDE0000592002B40F3AB8067230B93D5E70B9AAA
:10BDF0000F32D2B2012118E6A018FBE5002940F06D
:10BE0000A88030228DF87A200DF17B02303302F8C1
:10BE1000013B1EABD31A149349E601331249CAF809
:10BE200004502A44072BCDE92532CAF800107FF7C9
:10BE300033AC1BEE101A24AA584601F051FA002820
:10BE40007EF4ABAFDDE925320DF19C0A26E4591CE6
:10BE50005846FCF7B7FB044650B3079054E700BFC1
:10BE60009C07002088070020200C0020676666667B
:10BE7000CDF888C012F8011C90F80FC06145134638
:10BE80000AD14FF0300E03F801EC229B591E22918B
:10BE900013F8011C8C45F6D0392916BF0131817A7F
:10BEA000C9B203F8011CAEE600239046079360E791
:10BEB0001BEE102AB2F90C3043F040039381FEF7D9
:10BEC00016BCF5077FF5FEADF8E50593CEE6B5EEB9
:10BED00040ABF1EE10FA3FF48BADC2F101021B92C0
:10BEE00087E567230B9313990B78FF2B79D00025F7
:10BEF0000C9A284603E001300131FF2B08D0934211
:10BF000006DAD21A4B78002BF5D10B780135F4E71D
:10BF10000C9213910D900F950F9A0D9B1699134447
:10BF2000059A01FB0323059323EAE3730293D5E506
:10BF3000109BD3181944662305910B932DE7C3F189
:10BF400001031A4422EAE2730293672305920B93DA
:10BF500098E60DF17A0259E7039BDDF80890DDF8C9
:10BF60001C800593B4E418EE903A002BB4BF2D2149
:10BF70009DF86710254C264BB8BF8DF8671028F048
:10BF80008008FEF779BC039B0293059373239DF809
:10BF9000671003900F900D900B93FEF77ABC02236D
:10BFA000149384E5039A134305D101236622029377
:10BFB0000B92059366E6109B01331A4422EAE27362
:10BFC0000293662305920B935CE6089A99F8013078
:10BFD000894652F8041B089241EAE1710391FEF789
:10BFE000D3BA00230F930D9396E70C23CBF80030C0
:10BFF0004FF0FF330493FEF781BB1BEE102A9389A9
:10C0000043F040039381FEF7C8BE00BF80070020C5
:10C010008407002070B500294BD006460C4610B1AD
:10C02000436B002B48D0636ED80734D5B4F90C307D
:10C03000002B3ED02146304600F050F8E36A05461A
:10C0400033B1E169304698470028B8BF4FF0FF355B
:10C05000A3891A063CD4216B41B104F140039942F3
:10C0600002D03046FDF74EFD00232363616C21B101
:10C070003046FDF747FD00236364FDF705F8636E66
:10C080000022DB07A2811FD5A06DFDF74FFAFDF757
:10C0900001F8284670BDA3899905CBD4A06DFDF7A2
:10C0A00047FAB4F90C30002BC4D1656E15F00105C8
:10C0B00005D00025284670BDFCF7C8FFB3E7A06D8A
:10C0C000FDF738FA284670BDA06DFDF733FADBE7BF
:10C0D00021693046FDF716FDBDE700BFB1F90C2020
:10C0E0002DE9F0410C461107804647D4636842F4BD
:10C0F0000062002BA2815EDDA56A002D58D00023CE
:10C10000D8F80060C8F8003093B212F4805256D1CB
:10C110000123E1694046A847431C67D0A389A56A6B
:10C120005F0705D56368C01A236B0BB1E36BC01AB8
:10C13000E169024600234046A847411C41D1D8F896
:10C140000030002B3DD01D2B01D0162B56D1A389DA
:10C150002269226023F4006300216160A381216BC6
:10C16000C8F8006021B304F14003994202D0404670
:10C17000FDF7C8FC00202063BDE8F0812669BEB150
:10C1800093B2256826609A070CBF63690023AD1B34
:10C19000A3600BE02B463246E169676A4046B84728
:10C1A000B0F1000CA5EB0C05664417DD002DF1DCA9
:10C1B0000020BDE8F081E36B002B9DDCF8E7206DEB
:10C1C000AEE7B4F90C302269226023F40063A38146
:10C1D0000022DB046260C2D52065C0E7A38943F07A
:10C1E00040034FF0FF30A381BDE8F081D8F8003064
:10C1F000002B93D01D2B06D0162B04D0A38943F01F
:10C200004003A381D5E7C8F80060D1E738B50C46F4
:10C21000054608B1436B03B3B4F90C0088B1636EF3
:10C22000DB0701D481050FD528462146FFF756FFCD
:10C23000636EDA07054602D4A3899B0508D5284614
:10C2400038BD0546284638BDA06DFDF771F9EBE70E
:10C25000A06DFDF76FF9284638BDFCF7F7FEDBE768
:10C2600000487047C40E00200000000000000000DD
:10C2700001F0FF01102A2BDB10F0070F08D010F897
:10C28000013B013A8B422DD010F0070F42B3F6D19B
:10C29000F0B441EA012141EA014122F007047FF0B4
:10C2A00000070023F0E80256083C85EA010586EA0B
:10C2B000010685FA47F5A3FA87F586FA47F6A5FA47
:10C2C00087F68EB9EED1F0BC01F0FF0102F0070253
:10C2D00032B110F8013B013A83EA010313B1F8D1FE
:10C2E0000020704701387047002D06BF35460338DF
:10C2F000073815F0010F07D1013015F4807F02BF18
:10C30000013015F4C03F0130F0BC0138704700BF68
:10C3100030B482B08DED000B019A194C22F000432D
:10C320000021A342016021DC009C1C431ED0154C5F
:10C33000144054B99FED107B20EE077B8DED007B00
:10C34000019A6FF0350122F0004322F0FF42DDE94F
:10C35000004522F4E00242F07F551B1545F400151C
:10C36000A3F2FE33CDE900450B4403609DED000BC5
:10C3700002B030BC704700BF000000000000504316
:10C38000FFFFEF7F0000F07F00B50B4C25681446DF
:10C39000EE681A4685B003460D464CB10749009534
:10C3A000CDE901143046064900F086FFF9F7F4FEA6
:10C3B00004490C46F3E700BF5C1300205805002039
:10C3C000680500206405002038B5A1FB02148CBB71
:10C3D000FCF7F8F80546E0B150F8042C22F003020F
:10C3E000043A242A17D8132A1AD91B2AC0E9004470
:10C3F0001DD9242A14BF00F1100200F118024FF0D9
:10C400000003C0E9024404BF04614461C2E900338F
:10C410009360284638BD2146FCF748FF284638BDC2
:10C4200002460023C2E900339360284638BD00F17C
:10C430000802F6E7FDF74EF80C2300250360E8E755
:10C440002DE9F04F03690C69A34283B0C0F28780E5
:10C45000013C01F11405A30000F11408009355F804
:10C46000243058F82420013381469A4208EB840096
:10C4700005EB84070190B2FBF3F63BD34FF0000CC1
:10C48000AE464046E24663465EF804BB02681FFAC9
:10C490008BFC06FB0C334FEA134C4FEA1B4B06FB9D
:10C4A0000BCC9BB2AAEB03031FFA8CFA13FA82F3AC
:10C4B000CAEB124202EB23429BB243EA02437745A6
:10C4C00040F8043B4FEA224A4FEA1C43DCD2009B6F
:10C4D00058F8033073B9019B043B984504D307E037
:10C4E000984504F1FF3403D253F80429002AF7D009
:10C4F000C9F810404846FDF7A7FE00282BDB01369F
:10C500004146002355F8040BD1F800C082B29A1AB4
:10C51000030C12FA8CF2C3EB1C4303EB224392B2DE
:10C5200042EA0342AF4241F8042B4FEA2343E9D2E7
:10C5300058F8242008EB84036AB9043B984504D3D7
:10C5400007E0984504F1FF3403D253F80429002A88
:10C55000F7D0C9F81040304603B0BDE8F08F002096
:10C5600003B0BDE8F08F00BF2DE9F04F2DED028B39
:10C570008FB08DED020B0191816B1A9D059357ECE5
:10C58000106B0446934641B1C26B4A60012393404D
:10C590008B60FDF7F9FB0023A363B7F10008B4BF7C
:10C5A000012300232B60BE4BBCBF28F00048CDF810
:10C5B0000C8033EA080300F09F809DED028BB5EEFE
:10C5C000408BF1EE10FA11D1059A012313601B9BE9
:10C5D000002B00F03F82B34B1B9A1360013B00938A
:10C5E00000980FB0BDEC028BBDE8F08F0CAA0DA92E
:10C5F0002046B0EE480BFDF7F3FE5FEA1853054600
:10C6000040F09280DDE90C130B4403F23242202A01
:10C6100040F3FA82C2F1400208FA02F803F2124231
:10C62000D64048EA060207EE102AB8EE477B581EAD
:10C6300017EE906A53EC172B4FF0010AA6F1F8732E
:10C640009FED913B9FED927B9FED935B06EE900AF1
:10C6500043EC122BB8EEE64BB7EE086B32EE466BAE
:10C66000A6EE037BA4EE057BFDEEC76BB5EEC07BAB
:10C67000F1EE10FA16EE907A08D5B8EEE66BB4EE4D
:10C68000476BF1EE10FA18BF07F1FF37162F00F2D3
:10C690004581854B03EBC70393ED007BB4EEC78B5D
:10C6A000F1EE10FA57D5091A0023B1F1010807F18C
:10C6B000FF370A9300F1398100230693002F52DAE5
:10C6C000069B0497DB1B06937B420893019B092B77
:10C6D0004FF000074ED8052B40F39D82043B019399
:10C6E0000026019B9A1E032A00F22581DFE812F042
:10C6F000AA03A7039D037E03059AC8F3130842F219
:10C700000F7358EA060813601ED11B9B002B00F024
:10C710009185664B009308331B9A009813600FB005
:10C72000BDEC028BBDE8F08F18EE906AC6F31306DD
:10C73000A3F2FF3053EC182B46F07F530C994FF0C7
:10C74000000A43F440137BE71B9B002B40F03B8324
:10C75000574B009344E7091A0023B1F101080A93EB
:10C7600000F1E380069300230893019B0497092BB3
:10C77000B844B0D900230126019307964FF0FF3942
:10C780009B460021E163CDF82C902046FDF7D6FAB8
:10C790000090002800F04085009BA363B9F10E0FC4
:10C7A00000F2DC80002E00F0D980049B002B40F3C7
:10C7B000DE833D4A03F00F0102EBC10292ED007BE4
:10C7C0001A11DB0540F182833A4991ED086B02F0C2
:10C7D0000F02032088EE065B5AB13649D60704D50E
:10C7E00091ED006B013027EE067B521001F108013C
:10C7F000F4D185EE076B0A9B3BB1B7EE007BB4EE3C
:10C80000C76BF1EE10FA00F1AE8407EE900AB8EEB5
:10C81000E75BB1EE0C7BA5EE067B17EE902A51ECA0
:10C82000170BA2F15071B9F1000F00F08883049E3C
:10C830004A46079B002B00F04784B6EE003B1A4B9C
:10C84000FDEEC64B03EBC20CB8EEE47B36EE477B45
:10C850001CED026B83EE065B41EC160B14EE900AA6
:10C8600035EE465B0099B4EEC75B3030F1EE10FA5E
:10C8700001F8010B00F3AC84B7EE002BB2EE044BD1
:10C880004FF0000C31E000BF61436F63A787D23FD8
:10C89000B3C8608B288AC63FFB799F501344D33FAF
:10C8A0000000F07FB9070020D80200200C0700200C
:10C8B00018070020B00200200CF1010C94454DDA5D
:10C8C00027EE047B25EE045BFDEEC76B16EE903A77
:10C8D000B8EEE63B303337EE437BB4EEC57BF1EE8A
:10C8E00010FA01F8013B00F1738432EE476BB4EEAD
:10C8F000C56BF1EE10FADFD5009A049602E08A4289
:10C9000000F05084894611F8013D392BF7D00133EE
:10C91000DBB20B70049B0133049355E1091A012328
:10C92000B1F101080A937FF5C7AEC1F10103069387
:10C930004FF00008C2E60026E66331462046FDF7C8
:10C94000FDF90090002800F06784009BA3634FF07E
:10C95000FF330B9399460123B34607930D9A002AA0
:10C9600055DB04990E2952DCB74BBBF1000F03EBEA
:10C97000C10393ED006B15DAB9F1000F12DC40F042
:10C98000F282B1EE047B26EE077BB4EEC78BF1EEAC
:10C9900010FACA464E4600F26D82DDF800806FEA5A
:10C9A0000B0B70E288EE067BBDEEC77B009917EE9D
:10C9B000103AB9F1010F03F13003B8EEC75B01F88B
:10C9C000013BA5EE468B00F03483B2EE044B01230D
:10C9D00011E088EE067BBDEEC77B013317EE102A0F
:10C9E0004B4502F13002B8EEC75B01F8012BA5EE12
:10C9F000468B00F01E8328EE048BB5EE408BF1EEE3
:10CA000010FAE6D1049B013304938946DCE0079BCE
:10CA100043B3019B012B40F37682089B09F1FF3A57
:10CA2000534580F23F82089BCDF820A0AAEB030279
:10CA300017444FF0000AB9F1000FC0F22583069B9E
:10CA400009934B44C844069301212046FDF748FA58
:10CA500006460CE07D4B009300980FB0BDEC028BB6
:10CA6000BDE8F08F069BDDF820A0079E0993099B87
:10CA70006BB1B8F1000F0ADD434506991A46A8BF0D
:10CA80004246891A9B1A06910993A8EB0208089B53
:10CA900063B1079B002B00F0A782BAF1000F00F3EF
:10CAA0000482089BB3EB0A0240F0FF82012120467A
:10CAB000FDF716FA002F824600F3AF80019B012B91
:10CAC00040F38781002308930120002F40F0B180BC
:10CAD000404410F01F0000F07A81C0F12002042AC7
:10CAE00000F3888040F0F681069B002B05DD294687
:10CAF0001A462046FDF730FB0546B8F1000F05DD6C
:10CB0000514642462046FDF727FB82460A9B002BF2
:10CB100040F03F81B9F1000F40F32581079B002BC6
:10CB200040F0A380049B01330493DDF800800127CB
:10CB300007E0294600230A222046FDF72FF9013796
:10CB4000054651462846FFF77BFCB94500F1300009
:10CB500008F8010BEDDCB9F1000F009ACCBFCB4611
:10CB60004FF0010B0346934400272946012220463B
:10CB70000193FDF7F1FA51460546FDF765FB0028E4
:10CB800040F3AF811BF8013C009A0BF1FF3B04E03E
:10CB90005A4500F0B1811BF8013D392B0BF1010919
:10CBA000F6D001338BF8003051462046FDF7ECF803
:10CBB00056B12FB1B74203D039462046FDF7E4F80D
:10CBC00031462046FDF7E0F829462046FDF7DCF81F
:10CBD000002389F80030DDE904231A601B9B002B39
:10CBE0003FF4FEAC0098C3F800900FB0BDEC028B90
:10CBF000BDE8F08FC0F11C00069B03440693099B1F
:10CC00000344099380446FE7C2F1200206FA02F25E
:10CC100007EE102A09E5012663E501463A4620465B
:10CC2000FDF73AFA019B012B824640F3C5810023B0
:10CC30000893DAF810200AEB82021069FDF700F978
:10CC4000C0F1200044E700BFD8020020B807002050
:10CC5000314600230A222046FDF7A0F80B9B002B4B
:10CC6000064640F3CE8204979946099B002B05DDCA
:10CC700031461A462046FDF76FFA0646089B002B00
:10CC800040F0EB81B046029B009F03F001027B1E47
:10CC90004B440893019B0A9213430993514628463B
:10CCA000FFF7CEFB314683462846FDF7CDFA4246D4
:10CCB000514681462046FDF7E9FAC26801460BF16C
:10CCC0003003002A42D1CDE906032846FDF7BCFA1D
:10CCD000069902902046FDF757F8029A079B1AB969
:10CCE0000999002900F07E82B9F1000FC0F283811A
:10CCF000019949EA01090A9951EA090900F07B8181
:10CD0000002A00F3C681089A3B7007F10109974297
:10CD1000CB4600F0C481294600230A222046FDF7B5
:10CD20003DF84645054631464FF000034FF00A02F4
:10CD3000204612D0FDF732F84146064600230A226B
:10CD40002046FDF72BF84F468046A7E72046029382
:10CD5000FDF71AF8029B0122C6E7FDF71FF84F46C0
:10CD6000064680469AE7019B022B71DC079B002B4D
:10CD70007FF47BAF049B5146013328460493FFF7B1
:10CD80005FFBDDF800B000F130030BF8013B00273A
:10CD9000EBE651462846FDF757FA0028BFF6BAAE33
:10CDA000294600230A222046FCF7F8FF049B5F1E59
:10CDB000079B0546002B7FF44BAF0B9B002B40F3EA
:10CDC00018829946B1E6BC4B00930333A4E41C20BF
:10CDD00012E7DDE9020100287FF474AEC1F313020B
:10CDE000002A00F0F480029B08936DE6012307936C
:10CDF000049B5B4403F10109B9F1010FCC460B938D
:10CE0000B8BF4FF0010C0021BCF1170FE1637FF7B1
:10CE1000BCAC01200422520002F114036345014618
:10CE200000F10100F7D9E163AFE401230793BBF1FF
:10CE3000000F52DDCDF82CB0D946DC46E3E70023E5
:10CE40000793D5E700230793F1E7DDF82C900497CB
:10CE5000B9F1000F7FF4A1AD51464B4605222046A3
:10CE6000FCF79CFF014682462846FDF7EDF90028B5
:10CE70007FF793AD049B03F1010B009B3122984691
:10CE800003F8012B009351462046FCF77DFF0BF180
:10CE90000103DDF800900493CDF80080002E7FF4AC
:10CEA0008FAE91E6A3EB0A0AC5E53146524620460D
:10CEB000FDF7F2F82A46014606462046FDF73EF801
:10CEC000294605462046FCF75FFFEAE50220B0EE62
:10CED000485B81E4C0F13C008EE64FF0010BD9467F
:10CEE0004FE403D1019BDB073FF54CAED9461BF85D
:10CEF000013D302BFAD057E6049B009A013304938E
:10CF00003123137050E6BAF1000F00F0238102F2D2
:10CF10003342069B09931344DDF820A00693904406
:10CF200092E507EE900AB1EE0C5BB8EEE77BA6EE59
:10CF3000075B15EE902A51EC150BA2F1507141ECF4
:10CF4000150BB1EE047B36EE477BB4EEC57BF1EEFC
:10CF500010FA00F33781B1EE455BB4EEC57BF1EE1C
:10CF600010FA7FF5FBAC4FF0000A564615E500F0CD
:10CF7000F580049B51495A4202F00F0001EBC001B9
:10CF800091ED006B121128EE066B00F04281B0EEBD
:10CF9000467B4B4900260220D30705D591ED005B67
:10CFA0000130012627EE057B521001F10801F3D173
:10CFB000002E06FE076B1EE4029B002B7FF437AEAB
:10CFC000DDE90201C1F31302002A40F037813D4A36
:10CFD0000A40002A00F0FA80069B013306930123E1
:10CFE00008F1010808936FE52946089A2046FDF7E5
:10CFF00053F805465AE5002A12DD2946012220464B
:10D000000193FDF7A9F851460546FDF71DF90028E3
:10D01000019B40F3E180392B00F0CA800BF1310312
:10D02000B94609F8013B049B013337460493464651
:10D03000BAE538EE088BB4EEC68BF1EE10FA0ADCD6
:10D04000B4EE468BF1EE10FA7FF4DCAC17EE103A3A
:10D05000D8077FF5D7AC009A54E471682046FCF7F6
:10D060006DFE0746002800F0DE80336902339A0027
:10D0700006F10C010C30F8F7CDFE394601222046AE
:10D08000FDF76AF88046FEE5069BA3EB09030993CA
:10D09000DAE4392B00F08C80B9460133C1E7049AF9
:10D0A00001323746049246465FE529462046FCF7A2
:10D0B000F3FF0546FAE400BF18070020D80200205D
:10D0C000B00200200000F07F5E4BFDEEC65B03EB7C
:10D0D000C20C1CED023BB8EEE57B36EE477B41EC23
:10D0E000160B15EE901A23EE063B00983031012AFC
:10D0F00000F8011B00F08380B2EE044B009B9918EE
:10D1000027EE047BFDEEC76B16EE903A303300F845
:10D11000013B8142B8EEE65B37EE457BF0D1B6EEDF
:10D12000006B33EE065BB4EEC75BF1EE10FA3FF531
:10D13000E3AB36EE436BB4EEC76BF1EE10FA7FF75C
:10D140000DAC8946013919F8013C302BF9D0731C1C
:10D15000049339E50C9AC2F13602DAE60220B0EE09
:10D16000486BFFF748BBB9F1000F3FF4DAAE0B9AFA
:10D17000002A7FF7F3ABB2EE044B26EE046B0130CE
:10D1800007EE900A049BB8EEE75BB1EE0C7BA6EECF
:10D19000057B17EE90CA51EC170B5E1EACF1507177
:10D1A000FFF747BB049B013304933123FFF7B1BB67
:10D1B000049BBB4601330493392337460BF8013BEC
:10D1C0004646E1E44FF0000A564653E608927BE4F7
:10D1D000731C04938946F7E47FF422AFDA077FF5E6
:10D1E0001FAF18E7392BE3D0B9F1000F3FF716AFA7
:10D1F00016E7019B022B3FF728AE0497BAE50146DC
:10D200008DE7019B022B3FF720AEDDF82C900497B1
:10D210002BE50220FFF7EFBA0B4B0C48002240F23F
:10D22000AF11FFF7B1F8084B08483A4640F2EF213A
:10D23000FFF7AAF8064B0093FFF7D2B9029B0893B9
:10D24000F7E400BFD8020020980500201C0700204A
:10D250000C07002070B5054684B05BB11C4669B16F
:10D260000E4B2846D3F8E0602346B047431C0FD04E
:10D2700004B070BD00F582740029F1D1074A23463D
:10D28000D2F8E06028460A4601A9B047431CEFD116
:10D2900000228A2322602B6004B070BDD40D0020D0
:10D2A00010B582B0049CCDE900344FF0FF3301F09B
:10D2B000C7FB02B010BD00BF0EB410B583B005AB04
:10D2C000064C53F8042B01930146206800F0C4F883
:10D2D00003B0BDE8104003B0704700BF5C130020EE
:10D2E0002DE9F04F9368176883B09246002B70D0F9
:10D2F00081468A6808680C46083743E0A38913F41E
:10D30000906F2ED0D4E90416A0EB010806EB460678
:10D3100006EBD67608F1010076102844B04232467A
:10D3200084BF064632465B0537D511464846FBF7B3
:10D3300049F9019000283AD042462169F8F76AFD80
:10D34000A289019B22F4906242F08002A281A6EBA6
:10D35000080203EB08006661A260236120602E468C
:10D36000A84642465946FBF725FFDAF80830A2687E
:10D370002068921B40445B1BA2602060CAF8083002
:10D380003BB3083757E902B5002DFAD0AA4216463A
:10D390009046B3D92E46A846E3E74846FBF7CEFBB6
:10D3A00003460028D3D121694846FCF7ABFBA3898B
:10D3B0000C2243F04003C9F800204FF0FF30A38156
:10D3C00000220023CAF80820CAF8043003B0BDE8E0
:10D3D000F08F00200023CAF8043003B0BDE8F08FBE
:10D3E0002DE9F84F4B6E9C0490462DD5936812683A
:10D3F00043B38B46064602F1080959E9025A5FEA2F
:10D400009A0715D0043D002401E0A7420ED055F83C
:10D41000041F5A46304601F05BFA431C04F1010434
:10D42000F3D10023C8E90133BDE8F88FD8F80830FC
:10D430002AF0030AA3EB0A03C8F8083009F1080927
:10D44000002BDAD10020ECE701F00CF80023C8E94A
:10D450000133BDE8F88F00BF2DE9F04F2DED028BB1
:10D46000C5B00DF1500A834608EE101A1646002189
:10D47000082250461C460793FBF718FFBBF1000F2C
:10D4800004D0DBF83430002B00F0A08618EE102A10
:10D49000536EDB0740F11385B2F90C108AB2950484
:10D4A0000BD418EE103A41F4005199815B6E8AB2A8
:10D4B00018EE101A23F400534B66100740F1058153
:10D4C00018EE103A1B69002B00F0FF8002F01A03DF
:10D4D0000A2B00F00A810023CDE91933CDE90D3381
:10D4E0001BAA0C93189291460B930593B0464446A1
:10D4F000A84BD3F8E450FBF781FF2246034612A95C
:10D50000CDF800A05846A847002800F04581C0F299
:10D510003981129A252A034601D01C44E8E7B4EB6E
:10D520000806054640F03C81002361788DF84330C1
:10D5300004F1010806934FF0FF371E462B2408F133
:10D540000108A1F120035A2B00F27881DFE813F0E3
:10D55000B50276017601B0027601760176016A00A5
:10D56000760176017D028D027601880297027601AE
:10D5700092025B005B005B005B005B005B005B009A
:10D580005B005B007601760176017601760176011B
:10D590007601760176015C028400760176017601DF
:10D5A0007601760176017601760176017601E80052
:10D5B00076017601760133027601DA027601760190
:10D5C0008B0576017601760176017601760176018A
:10D5D0007601760176015C0286007601760176019D
:10D5E000CD0286007F007601C0027601FD02EA00CE
:10D5F000ED027F00760133027C0069057601760139
:10D600006B0576017C00A1F13003002218F8011BA4
:10D6100002EB820203EB4202A1F13003092BF5D9A0
:10D6200006928EE75846FEF71BFE43680D93184698
:10D63000FCF766F90E9005465846FEF711FE836822
:10D640000B93002D40F0D68498F8001077E798F8F7
:10D65000001046F0200672E746F01006B40640F1CE
:10D660008E81079B073323F007031A46596852F847
:10D67000083B07920A460029C0F27084791C00F02A
:10D68000A28526F08001039153EA020100F03F8455
:10D690000A2B72F1000180F0418530338DF80F3193
:10D6A000039E012304930DF20F14049BBB42B8BFE9
:10D6B0003B460393002308939DF84330002B00F072
:10D6C000CB80039B01330393C6E018EE101A584633
:10D6D00018EE105A01F040F8002840F05286AA894E
:10D6E00002F01A030A2B7FF4F6AE18EE101AB1F905
:10D6F0000E30002BFFF6EFAE4B6EDB0702D4970522
:10D7000040F1128618EE101A23463246584600F0B1
:10D7100069FE0590059845B0BDEC028BBDE8F08F21
:10D7200046F0100616F0200200F03681079B073302
:10D7300023F0070319465A6851F8083B079126F46D
:10D7400080610391002100208DF84300781C00F0D7
:10D750001082039820F0800653EA020040F008820D
:10D76000002F40F03885002940F0D583039B13F04B
:10D770000103049300F0118430238DF80F310DF272
:10D780000F1492E7082200215046FBF78FFD01237A
:10D790001C44ADE6D40D0020B4EB080605461BD0B2
:10D7A000199B1A9A01333244072BC9E900861A9251
:10D7B00019931CDD002A00F0A68318EE101A18AA8F
:10D7C0005846FFF70DFE20BB0DF16C09059B334455
:10D7D0000593002D7FF4A8AE1A9B002B40F0C18565
:10D7E00018EE103A0022B3F90C30199215E009F145
:10D7F0000809EBE718EE101A18AA5846FFF7F0FDD3
:10D80000002800F0A680089B1BB108995846FCF739
:10D8100079F918EE103AB3F90C3018EE102A526E5E
:10D8200012F0010F9AB200F0A080500600F1B2850C
:10D83000059845B0BDEC028BBDE8F08F0029CBD038
:10D8400000238DF843300123CDE903338DF8AC106C
:10D850002BAC002308931F4616F00203099302D055
:10D86000039B0233039316F084030A9305D1069BAE
:10D87000039A9D1A002D00F37B82DDE91903411CF8
:10D880009DF8432082B101220133C9F80420072901
:10D890000DF14302CDE91913C9F8002000F34A82C3
:10D8A000084609F108090131099AE2B111AA0233C7
:10D8B000C9F8002007294FF00202CDE91913C9F871
:10D8C000042040F35082002B00F0438318EE101A1E
:10D8D00018AA5846FFF784FD002894D1DDE9190302
:10D8E0000DF16C09411C0A9A802A00F08481049A87
:10D8F000BD1A002D00F3D781049AC9F800401344E3
:10D900000729CDE91913C9F8042040F36E81002BD3
:10D9100000F0758218EE101A18AA5846FFF760FD3D
:10D9200000287FF470AF1A9B0DF16C09750705D5BF
:10D93000069A0399541A002C00F36B82DDE9052145
:10D9400003988142ACBF521812180592002B7FF445
:10D9500051AF089900231993002900F049815846D6
:10D96000FCF7D0F80DF16C09C1E59C053FF55DAF02
:10D9700018EE104AA06DFBF7DDFDA28955E7F00611
:10D98000079A00F11F83710640F1198332F9043BB5
:10D990000792DA1711466EE616F01003079940F069
:10D9A000098316F0400000F001831A4651F8043B49
:10D9B00007919BB2C3E6079B1A4600238DF84330BC
:10D9C000134653F8044B0393002C00F012845329A0
:10D9D00000F0658316F0100540F061837B1C00F0B9
:10D9E000B3843A4629462046FEF742FC08900028B8
:10D9F00000F09F84031B039A049323EAE3732F46EA
:10DA000007920393089557E6432902D0F50640F1A3
:10DA10002D83079D0822002116A82BACFBF746FC9E
:10DA200016AB55F8042B21465846FFF713FC034666
:10DA30000133049000F0B384049B079523EAE37359
:10DA4000039300238DF8433003E7079B53F8042B1F
:10DA50000692002A80F29C82069A5242CDE9062361
:10DA600098F8001046F0040669E598F800108DF863
:10DA7000434064E598F8001046F080065FE54246B2
:10DA800012F8011B2A2900F09684A1F13003092B1A
:10DA900090464FF000073FF654AD18F8011B07EB16
:10DAA000870703EB4707A1F13003092BF5D948E5B8
:10DAB00098F8001046F0010641E59DF84330002B30
:10DAC0007FF4C2AD202398F800108DF8433036E57E
:10DAD00098F800106C2903BF98F8011046F0200652
:10DAE00008F1010846F0100629E598F800106829A9
:10DAF00003BF98F8011046F4007608F1010846F0DB
:10DB000040061CE546F010030393039B13F020022C
:10DB100000F00682079B073323F0070319465A6873
:10DB200051F8083B079101210DE6079A46F00203E0
:10DB3000039352F8043B079247F63002ADF84420B5
:10DB4000B84A0C9202210022FDE5B70600F1488296
:10DB5000F50600F14683740600F1D583B00540F167
:10DB60004083079B059953F8042B07931170BEE47B
:10DB7000039601293FF48CAD022944AC11D10C98D5
:10DB800003F00F011B09415C04F8011D43EA027315
:10DB9000120953EA0201F3D1039E44AB1B1B049309
:10DBA00083E503F00701DB0843EA4273D208303112
:10DBB00053EA0205204604F8011DF2D1039EF30743
:10DBC000EBD53029E8D03023023804F8013C44ABCF
:10DBD0001B1A039E0493044667E5049B1B940122D1
:10DBE0001C931A9319920DF16C0909F108099DE62D
:10DBF0000DF16C097BE4069A039D551B002D7FF700
:10DC000076AE102D40F3BB83099418EE104A07E05E
:10DC100000F1020C09F108091046103D102D1EDD1F
:10DC20008149C9F80010421C10331021072ACDE9A0
:10DC30001923C9F80410EBDD18AA002B74D0214673
:10DC400058460DF16C09FFF7CBFB00287FF4DBADE4
:10DC5000DDE91903103D102D00F1010CE0DC099CF9
:10DC6000714AC9F804502B44BCF1070FCDE919C320
:10DC7000C9F8002040F39481002B00F01F8318EEB8
:10DC8000101A18AA5846FFF7ABFB00287FF4BBAD6B
:10DC9000049ADDE91903BD1A002D00F101010DF10F
:10DCA0006C097FF729AE102D29DD0994102718EE95
:10DCB000104A07E000F1020C09F108091046103D76
:10DCC000102D1ADD421C58491033072AC9E90017E4
:10DCD000CDE91923EEDD18AA03B3214658460DF10C
:10DCE0006C09FFF77DFB00287FF48DADDDE919039A
:10DCF000103D102D00F1010CE4DC099C61464A4AFC
:10DD0000C9F804502B440729CDE91913C9F800209C
:10DD100000F3E78009F108090131EDE54FF0010C4E
:10DD200018460DF16C09CAE74FF0010C18460DF1C9
:10DD30006C0972E7002B00F0048118EE101A18AA83
:10DD40005846FFF74DFB00287FF45DADDDE9190370
:10DD50000DF16C09411CA7E5022311AA1C931B922B
:10DD600001210DF16C09084609F10809411CBAE5C9
:10DD7000102D40F3E582DDE919130F94084618EEE3
:10DD8000104A07E000F1020C09F108091046103DA5
:10DD9000102D1DDD2549C9F80010421C103310213B
:10DDA000072ACDE91923C9F80410EBDD18AA03B33B
:10DDB000214658460DF16C09FFF712FB00287FF44D
:10DDC00022ADDDE91903103D102D00F1010CE1DC5D
:10DDD0000F9C6046154AC9F804502B440728CDE92A
:10DDE0001903C9F8002000F3C18009F10809411C9A
:10DDF00046E518464FF0010C0DF16C09C7E77607B0
:10DE0000199353D5069A0399541A002C4EDD0DF13F
:10DE10006C09102C40F3B082199918EE106A102585
:10DE20000DE000BF88070020300C0020D007002044
:10DE3000881C09F108091146103C102C1ADD4A1CF7
:10DE4000B3481033072AC9E90005CDE91923EFDDEE
:10DE500018AA33B331465846FFF7C2FA00287FF4B8
:10DE6000D2ACDDE91913103C102C01F101000DF1C9
:10DE70006C09E4DCA64AC9F8044023440728CDE92C
:10DE80001903C9F800207FF759AD7BB118EE101ABD
:10DE900018AA5846FFF7A4FA00287FF4B4AC1A9BDE
:10DEA0004CE5012019460DF16C09C5E7DDE90532A5
:10DEB00003998A42ACBF9B185B18059349E5B2F9F8
:10DEC0000C108F0518EE103A8AB23FF5E8AA18EE4A
:10DED000105A986DFBF72CFBB5F90C108AB2FFF7BE
:10DEE000DEBA002B3FF479AE18EE101A18AA584685
:10DEF000FFF776FA00287FF486AC19991A9B013156
:10DF00000DF16C09F8E419920DF16C095EE4002F33
:10DF10007FF4C3AB039E0027049744ACFFF7C5BB57
:10DF2000039B13F0100354D1039A12F0400000F049
:10DF30006B8107991A4651F8043B07919BB2012166
:10DF400001E4099A002A64D1184601210DF16C09F7
:10DF5000C9E4012118460DF16C09C4E45B4262EB8F
:10DF6000420203962D200121FFF7EEBB002B00F0AB
:10DF7000888018EE101A18AA5846FFF731FA0028C0
:10DF80007FF441ACDDE919030DF16C09411C77E424
:10DF900098F800100793FFF7D2BA44ACFFF785BB9F
:10DFA00009F108090CF101016046A0E416F40072C1
:10DFB00040F0978151F8043B0791FFF7C0BBB305D0
:10DFC00000F1888152F8043B0792DA171146FFF7F7
:10DFD00052BB079951F8043B07910121FFF7B3BBEE
:10DFE000079B059853F8041B0793C217C1E9000269
:10DFF000FFF77DBA0B9B002B3FF426AB0B9B1B78E6
:10E00000002B3FF421AB98F8001046F48066FFF730
:10E0100096BA022311AA1C931B9201200DF16C09E0
:10E02000A2E6039671E53B4B0C9316F0200259D003
:10E03000079B073323F0070318465A6850F8083B3C
:10E040000790F40709D553EA020006D08DF8451071
:10E05000302146F002068DF8441026F480610391C9
:10E060000221FFF770BB2C4B0C93DEE7079B0121CD
:10E0700053F8042B03918DF8AC20079304912BAC3B
:10E08000DFE49DF84320002A40F03281099A002AFB
:10E090007FF462AE184601210DF16C0927E40021DE
:10E0A000082216A81394FBF701F9791C00F0BC8034
:10E0B000002507942C460CE02BA95846FFF7CAF818
:10E0C000421C204400F06B81B84208DC00F07081F3
:10E0D0000446139A525916AB0435002AECD1049425
:10E0E000079CAFE016F0100307980CD116F040041F
:10E0F00005D01A4650F8043B07909BB2A1E716F4EE
:10E10000007240F0E18050F8043B079099E700BFAF
:10E11000D0070020880700209C070020039904975F
:10E1200044AC9E4608EE90BA01F480664FF0000CB5
:10E13000234606E0BEF10A0F72F1000239D3A6466B
:10E140002A46A6491EEB020040F100000F46A1FB43
:10E15000001424F0030101EB9401401ABEEB00010E
:10E160004FF0CC3562F1000405FB01F507FB0455C7
:10E17000A1FB07410D44052704F00101A1FB071B8A
:10E1800009186408303103F8011C44EAC5740CF125
:10E19000010C013B6D08002ECCD00B99097861452C
:10E1A000C8D1BCF1FF0FC5D0BEF10A0F72F1000259
:10E1B0006CD21C4644AB1B1B049F039E049318EEB9
:10E1C00090BAFFF772BA0396FFF762BA5846FAF7A9
:10E1D0003DFFFFF75BB9012903967FF4CDACFFF754
:10E1E0005CBA079B059953F8042B11600793FFF75E
:10E1F0007EB9062F3B46039A794C079228BF062327
:10E2000004930393FFF725BB039B079913F4007254
:10E2100014BF51F8043B51F8043B07911CBF024660
:10E22000DBB20121FFF78FBA16AB0093002319462A
:10E2300013AA5846FFF734F803460133049000F060
:10E24000AE801394049B002B30D0632B63DC00233F
:10E2500008932BAC0822002116A8FBF727F8049D91
:10E2600016AB009313AA2B4621465846FFF718F821
:10E27000854240F0AB80039B049A07930023A3548C
:10E280001F4622EAE2730393FFF716BA0E9A0D991E
:10E290009B1A18460893FBF75BF80B99089B4A7882
:10E2A0000AB101310B914FF0000C48E7039B079333
:10E2B000049B03931F460893FFF7FEB901211846FC
:10E2C0000DF16C09FFF713BB50F8043B0790224691
:10E2D000DBB2B6E612F9043B0792DA171146FFF7F4
:10E2E000CAB951F8043B07910246DBB2FFF727BADF
:10E2F00001231C9301210DF143031B930DF16C09C4
:10E300000B46FFF7CDBA079B059953F8042B0793EB
:10E310001180FFF7ECB8591C5846FAF753F9044638
:10E3200000283CD0089095E7886DFBF703F9FFF7CC
:10E33000E9B9039B0793CDE90377089FFFF7BCB9C1
:10E3400019981A9B013045E5039B07932046FBF77C
:10E35000D7FA20EAE0732F46049003930895FFF75D
:10E36000ABB918EE101A18AA5846FFF739F800286A
:10E370003FF436AAFFF74DBA199801307AE58C467A
:10E380006EE46B6ED90705D4AB899A0502D4A86DEB
:10E39000FBF7D0F84FF0FF330593FFF749BA18EEBB
:10E3A000102AB2F90C3043F040039381FFF735BADD
:10E3B000079C049746E7079B98F8011053F8047BE5
:10E3C0000793904647EAE777FFF7B9B818EE102AA7
:10E3D000938943F040039381FFF715BACDCCCCCCA1
:10E3E000B007002070B50C468989ADF58E6D21F01F
:10E3F0000201ADF81410616E1B91E189ADF81610A1
:10E40000E1690991616A0B911CA9029106914FF48F
:10E41000806106460491079118A80021CDE90032D9
:10E420000891FBF781F8DDE9003202A93046FFF7D9
:10E4300013F8051E07DB02A93046FDF7E7FE0028AA
:10E4400018BF4FF0FF35BDF814305B0603D5A38924
:10E4500043F04003A3811898FBF768F828460DF5B0
:10E460008E6D70BD9368002B00F085802DE9F04F14
:10E47000B1F90C300C461907804683B0174698B2A4
:10E4800025D523691BB310F002033D682DD04FF052
:10E49000000ADFF8C0B25646B9465E4533465246DA
:10E4A00028BF5B464046002E52D0E169676AB847F4
:10E4B000002856DDD9F808301B1A8244361AC9F8EC
:10E4C0000830002BE9D1002003B0BDE8F08F2146D1
:10E4D000404600F041F9002840F03881B4F90C3092
:10E4E0003D6898B210F00203D1D110F0010944D177
:10E4F0004E46009746B38205D4F808B040F18580B7
:10E50000B3455A4600F2B48010F4906F40F0C180D9
:10E51000206801924946FAF74DFEA368019AA3EBE1
:10E520000B012368A1601344B24623600026009AC1
:10E530009368A3EB0A03D1449360002BC3D0B4F9D2
:10E540000C0080B2002ED6D1D5E900960835D1E76F
:10E55000D5E900A60835A0E721464046FDF756FE5E
:10E5600088B3B4F90C3043F040034FF0FF30A3817F
:10E5700003B0BDE8F08F002070471E46BA469946AA
:10E58000184600951F4666B3002832D04A46D4E9A3
:10E5900004132068A568B24228BF3246884204D9D5
:10E5A00005EB030B5A4500F3A780934264DCE16955
:10E5B000656A3A464046A847B0F1000BD1DDB9EB99
:10E5C0000B09C9D00120DAF80830A3EB0B035F4434
:10E5D000A6EB0B06CAF80830002B3FF474AF002EF0
:10E5E000D2D1009A5668134608320092002EF8D015
:10E5F0001F6832460A213846FDF73AFE002800F02F
:10E600009C800130A0EB0709C0E72068236998428D
:10E6100016D86269B24213D86FF00043B34228BFE4
:10E620003346E16993FBF2F3676A02FB03F340466A
:10E630004A46B847B0F1000A93DDA6EB0A0676E732
:10E64000B345DA4628BFB24652464946FAF7B2FD0C
:10E65000A3682268A3EB0A035244A3602260002B44
:10E66000EBD121464046FDF7D1FD0028E5D078E703
:10E670002068B34632464CE739460192FAF79AFDD4
:10E68000019AA3689B1AA3602368134423609346EE
:10E6900095E723682169A3EB010B636903EB430A48
:10E6A0000AEBDA7A0BF101034FEA6A0A3344534565
:10E6B000524684BF9A46524643052CD511464046E1
:10E6C000F9F780FF00283BD05A4621690190F7F7FF
:10E6D000A1FBA289019B22F4906242F08002A281F8
:10E6E00003EB0B002361AAEB0B03C4F814A0A36097
:10E6F0002060B34632460CE739465A46FAF75AFDCF
:10E7000023685B44236021464046FDF77FFD0028D7
:10E710003FF455AF25E74046FAF710FA03460028C4
:10E72000DED121694046FBF7EDF9B4F90C300C223B
:10E7300023F08003C8F8002015E7721C914626E7F5
:10E740000C22B4F90C30C8F800200CE74FF0FF3071
:10E75000BAE600BF00FCFF7F38B5314B1B680546A9
:10E760000C4613B15A6B002A4ED0B4F90C3018077E
:10E770009AB21CD5216929B312F0010007D00020FC
:10E78000A06060694042A06139B1002038BD9507A2
:10E7900058BF6069A0600029F7D1120658BF08462B
:10E7A000F4D543F04003A3814FF0FF3038BDD106CC
:10E7B0002ED5520714D4216943F00803A3819AB2DD
:10E7C0000029D9D102F42070B0F5007FD4D02146C1
:10E7D000284600F047F9B4F90C3021699AB2CBE72A
:10E7E000216B51B104F14002914204D02846FBF75D
:10E7F00089F9B4F90C300022226321690022C4E9AE
:10E80000001223F02403D7E71846FAF71FFCACE701
:10E81000092243F040032A604FF0FF30A38138BD46
:10E820005C1300202DE9F04782B0824688461446EA
:10E83000FAF7E4FD012803D108F1FF33FE2B36D9A6
:10E840000DF10409424604F15C0349465046FEF7C7
:10E8500001FD421C064632D020B39DF804C00025BD
:10E8600009E023685A1C226083F800C00135B542D4
:10E8700018D219F801CFA368013B002BA360F0DA8E
:10E88000A769BB4261462246504602DBBCF10A0F33
:10E89000E7D100F053F9431CE8D10646304602B0F8
:10E8A000BDE8F0874646304602B0BDE8F0875FFA23
:10E8B00088FC8DF804C006460DF10409CFE7A38952
:10E8C000304643F04003A38102B0BDE8F08700BFAB
:10E8D00030B5536E13F0010FB2F90C30144683B00B
:10E8E00005469AB201D198051CD5900406D4626EF3
:10E8F00043F4005342F40052A38162662246284644
:10E90000FFF790FF636EDA07054602D4A3899B05E3
:10E9100002D5284603B030BDA06DFAF70BFE28469D
:10E9200003B030BDA06D0191FAF702FEB4F90C30CE
:10E9300001999AB2D9E700BF2DE9F04F8BB0DDE91C
:10E94000158A149F0391814605921E46B8F1000F67
:10E950005CD0039B002B5ED0059B1D68002F6AD006
:10E96000741E4EB3039B0493043D002601950BE0F7
:10E97000039B2BBB019B1A68002A3AD0BC455CD292
:10E98000013C631C664617D0D8F800300293019B07
:10E99000DAF8E05053F8042F019307A9434648469C
:10E9A000D8F804B0A847421C3AD000EB060CBC458E
:10E9B000DED9029BC8E9003B30460BB0BDE8F08FC2
:10E9C00000280EDD049B019D18445A1E07A900F182
:10E9D000FF3E11F8013B02F8013F7245F9D1019564
:10E9E0000490059B1A6804321A60019B1A68002A79
:10E9F000C4D1039B0BB1059B1A600CF1FF360022BA
:10EA00003046C8F800200BB0BDE8F08F039B00F53E
:10EA10008678002BA0D1059B4FF0FF371D689FE73C
:10EA200006468A2100223046C9F80010C8F80020A6
:10EA30000BB0BDE8F08F3E46BEE76646BCE700BFC0
:10EA400010B584B0054C06980090079801900448D2
:10EA500000680294FFF770FF04B010BDD40D0020D1
:10EA60005C1300202DE9F0418B890C46990796B084
:10EA700008D504F143030122C4E90432236016B02F
:10EA8000BDE8F081B4F90E100029064625DB6A4680
:10EA900000F0ACF800281FDB019D05F47045A5F5DA
:10EAA0000055B5FA85F54FF480686D094FF400679D
:10EAB00041463046F9F786FDE0B1B4F90C30C4F8B0
:10EAC000148043F0800320602061A38135BB3B4369
:10EAD000A38116B0BDE8F081A38913F0800519D099
:10EAE0004FF040080025414630462F46F9F76AFDB1
:10EAF0000028E2D1B4F90C309A05C0D423F0030306
:10EB000004F1430243F002030121C4E90421A3817B
:10EB10002260B4E74FF480682F46C9E7B4F90E10BD
:10EB2000304600F079F810B9B4F90C30CFE7A3897A
:10EB300023F0030343F001031BB2C8E7F8B50D4609
:10EB40001446064610B1436B002B4CD0B4F90C2090
:10EB5000A369A360170790B21BD52369CBB1EDB2AF
:10EB600081042F4622D522686169D31A994229DD92
:10EB70000133A1680139A160511C216015706269DF
:10EB80009A4227D0A389DB0701D50A2D22D0384627
:10EB9000F8BD21463046FFF7DFFD08BBB4F90C2075
:10EBA000236990B2EDB281042F46DCD442F40052C6
:10EBB000A281626E616922F4005262662268D31AF1
:10EBC0009942D5DC21463046FDF720FB40B922684A
:10EBD0000123CEE721463046FDF718FB0028D6D0AA
:10EBE0004FF0FF37D3E7FAF731FAAFE770B50C46CD
:10EBF000084D03460026204611461C462E60F7F7B6
:10EC0000BFFA431C00D070BD2B68002BFBD02360E3
:10EC100070BD00BF0448002038B5074D00220446EF
:10EC200008462A60F7F7B2FA431C00D038BD2B68BB
:10EC3000002BFBD0236038BD0448002000000000FA
:10EC40005FF800F0AD1A00605FF800F0051A006090
:04EC5000F8B500BF54
:08EC5400C88BFF7F01000000E6
:10EC5C0000000000000000000000000000000000A8
:10EC6C000000000000000000000000000000000098
:10EC7C000000000000000000000000000000000088
:10EC8C000000000000000000000000000000000078
:10EC9C000000000000000000000000000000000068
:10ECAC000000000000000000000000000000000058
:10ECBC000000000000000000000000000000000048
:10ECCC000000000000000000000000000000000038
:10ECDC000000000000000000000000000000000028
:10ECEC000000000000000000000000000000000018
:10ECFC000000000000000000000000000000000008
:10ED0C0000000000000000000000000000000000F7
:10ED1C0000000000000000000000000000000000E7
:10ED2C0000000000000000000000000000000000D7
:10ED3C0000000000000000000000000000000000C7
:10ED4C0000000000000000000000000000000000B7
:10ED5C0000000000000000000000000000000000A7
:10ED6C000000000000000000000000000000000097
:10ED7C000000000000000000000000000000000087
:10ED8C000000000000000000000000000000000077
:10ED9C000000000000000000000000000000000067
:10EDAC000000000000000000000000000000000057
:10EDBC000000000000000000000000000000000047
:10EDCC000000000000000000000000000000000037
:10EDDC000000000000000000000000000000000027
:10EDEC000000000000000000000000000000000017
:10EDFC000000000000000000000000000000000007
:10EE0C0000000000000000000000000000000000F6
:10EE1C0000000000000000000000000000000000E6
:10EE2C0000000000000000000000000000000000D6
:10EE3C0000000000000000000000000000000000C6
:10EE4C0000000000000000000000000000000000B6
:10EE5C0000000000000000000000000000000000A6
:10EE6C000000000000000000000000000000000096
:10EE7C000000000000000000000000000000000086
:10EE8C000000000000000000000000000000000076
:10EE9C000000000000000000000000000000000066
:10EEAC000000000000000000000000000000000056
:10EEBC000000000000000000000000000000000046
:10EECC000000000000000000000000000000000036
:10EEDC00182D4454FB21E9BFD221337F7CD9024049
:10EEEC00D221337F7CD902C00000000000000080DA
:10EEFC00182D4454FB210940182D4454FB2109C002
:10EF0C000080E03779C34143176E05B5B5B8934619
:10EF1C00F5F93FE9034F384D321D30F94877825AE5
:10EF2C003CBF737FDD4F1575000000000000F03F03
:10EF3C0000000000000024400000000000005940C8
:10EF4C000000000000408F40000000000088C3401B
:10EF5C0000000000006AF8400000000080842E4190
:10EF6C0000000000D01263410000000084D79741DC
:10EF7C000000000065CDCD41000000205FA00242E2
:10EF8C00000000E876483742000000A2941A6D4257
:10EF9C00000040E59C30A2420000901EC4BCD6424A
:10EFAC0000003426F56B0C430080E03779C34143F5
:10EFBC0000A0D8855734764300C84E676DC1AB436B
:10EFCC00003D9160E458E143408CB5781DAF154489
:10EFDC0050EFE2D6E41A4B4492D54D06CFF0804464
:10EFEC00F64AE1C7022DB544B49DD9794378EA4479
:10EFFC004FBB610567ACDD3F182D4454FB21E93F45
:10F00C009BF681D20B73EF3F182D4454FB21F93F33
:10F01C00E2652F227F2B7A3C075C143326A6813CB9
:10F02C00BDCBF07A8807703C075C143326A6913C64
:10F03C0000000101000101010102010102020102B3
:10F04C000301020302020402020502020503020686
:10F05C00030207030207040307040307050407055B
:10F06C000407060507060607060607070707070035
:10F07C00000000000000000000000008000000007C
:10F08C0000000000000000000000000000000080F4
:10F09C00424E4F303878202D204572726F722064AA
:10F0AC0065636F64696E672073656E736F7220653C
:10F0BC0076656E74000000007368325F736574527D
:10F0CC00656F7269656E746174696F6E28696465C9
:10F0DC006E7469747929206661696C65640000003E
:10F0EC006CC00F40C0000000504F000019240000FD
:10F0FC000C000000130000000000000024851F40DD
:10F10C000B000000130000000000000028851F40C9
:10F11C000D000000130000000000000020851F40BF
:10F12C000A00000013000000010000001C851F40B5
:10F13C000000000000000000211C00008100000005
:10F14C00F90B000039020000990A00003D02000092
:10F15C004102000000000000000000009D2700009C
:10F16C0000000000000000008D3F0000654F000013
:10F17C00614F00005D4F0000594F0000554F0000DB
:10F18C00514F00004D4F0000000000000000000037
:10F19C00FD0100001D020000D8399D270054EA2A09
:10F1AC0000A4781F007B9A172C2066756E63746917
:10F1BC006F6E3A2000000000617373657274696FA2
:10F1CC006E2022257322206661696C65643A206684
:10F1DC00696C6520222573222C206C696E652025B4
:10F1EC0064257325730A000042616C6C6F63207395
:10F1FC007563636565646564000000002F64617469
:10F20C00612F6A656E6B696E732F776F726B73709B
:10F21C006163652F474E552D746F6F6C6368616920
:10F22C006E2F61726D2D31312F7372632F6E657776
:10F23C006C69622D63796777696E2F6E65776C697F
:10F24C00622F6C6962632F7374646C69622F6D70CA
:10F25C007265632E630000000020202020202020F7
:10F26C00202028282828282020202020202020206A
:10F27C00202020202020202020881010101010107A
:10F28C0010101010101010101004040404040404C6
:10F29C000404041010101010101041414141414160
:10F2AC000101010101010101010101010101010142
:10F2BC000101010110101010101042424242424252
:10F2CC000202020202020202020202020202020212
:10F2DC0002020202101010102000000000000000BA
:10F2EC000000000000000000000000000000000012
:10F2FC000000000000000000000000000000000002
:10F30C0000000000000000000000000000000000F1
:10F31C0000000000000000000000000000000000E1
:10F32C0000000000000000000000000000000000D1
:10F33C0000000000000000000000000000000000C1
:10F34C0000000000000000000000000000000000B1
:10F35C00000000000000000000000000496E66691B
:10F36C006E697479000000004E614E002F64617468
:10F37C00612F6A656E6B696E732F776F726B73702A
:10F38C006163652F474E552D746F6F6C63686169AF
:10F39C006E2F61726D2D31312F7372632F6E657705
:10F3AC006C69622D63796777696E2F6E65776C690E
:10F3BC00622F6C6962632F7374646C69622F64745E
:10F3CC006F612E6300000000494E4600696E6600B6
:10F3DC004E414E006E616E0030313233343536376B
:10F3EC003839616263646566000000003031323385
:10F3FC003435363738394142434445460000000025
:10F40C00286E756C6C2900003000000000010000B3
:10F41C0020202020202020202020202020202020E0
:10F42C0020202020202020202020202020202020D0
:10F43C0000000042C8801F40B8821F400800000036
:10F44C0000000042C4801F40B4821F400400000032
:10F45C0000C0004224801F4014821F401000000096
:10F46C0000C0004228801F4018821F40200000006E
:10F47C0000C000422C801F401C821F404000000036
:10F48C0000C0004234801F4024821F400001000055
:10F49C000040004264811F4054831F400004000060
:10F4AC000040004280811F4070831F40000002001A
:10F4BC00004000427C811F406C831F400000010013
:10F4CC000040004268811F4058831F400008000024
:10F4DC00004000423C811F402C831F400100000073
:10F4EC000040004244811F4034831F400400000050
:10F4FC000040004240811F4030831F40020000004A
:10F50C000040004248811F4038831F400800000023
:10F51C000000004204811F40F4821F4000000400E0
:10F52C000000004208811F40F8821F4000000800C4
:10F53C000000004218811F4008831F40000080001B
:10F54C000000004214811F4004831F400000400053
:10F55C000000004200811F40F0821F4000000200AA
:10F56C0000000042FC801F40EC821F4000000100A4
:10F57C000000004224811F4014831F40000000043F
:10F58C000000004228811F4018831F400000000823
:10F59C00000000421C811F400C831F400000000132
:10F5AC000000004220811F4010831F400000000219
:10F5BC0000000042EC801F40DC821F400010000065
:10F5CC0000000042F0801F40E0821F40002000003D
:10F5DC000000004234811F4024831F400000004083
:10F5EC000000004238811F4028831F40000000802B
:10F5FC000080004294801F4084821F400000040061
:10F60C0000C0004290801F4080821F40000000809C
:10F61C0000800042A8801F4098821F40000080009C
:10F62C0000800042A4801F4094821F4000004000D4
:10F63C00004000426C811F405C831F4000100000A2
:10F64C0000C0004230801F4020821F40800000001C
:10F65C0000800042C8811F40B8831F40008000001A
:10F66C0000800042C4811F40B4831F400040000052
:10F67C0000800042C0811F40B0831F40002000006A
:10F68C0000800042BC811F40AC831F400010000072
:10F69C0000800042D0811F40C0831F400000020048
:10F6AC0000800042CC811F40BC831F400000010041
:10F6BC0000000000892A0000D52D000053656E73F0
:10F6CC006F7220776173207265736574000000009F
:10F6DC00252E326620252E326620252E32662025D8
:10F6EC002E32662025640000050000001900000081
:10F6FC007D00000000000000712B000000000000E5
:10F70C00646576696365000065786563757461622C
:10F71C006C650000636F6E74726F6C0073656E7352
:10F72C006F7268756200000000000000B12A0000D2
:10F73C000000000054616E64656D204C6576656C4C
:10F74C006C657220494D550043414E204E4F444547
:10F75C005F49443D3078000020205250444F322005
:10F76C006F7269656E746174696F6E20434F422DC0
:10F77C0049443D3078000000696E7075744E6F72AC
:10F78C006D616C00696E70757457616B650000007B
:10F79C00696E7075744779726F527600636F6D6D18
:10F7AC00616E64002E0000004C435F434F4C4C4193
:10F7BC00544500004C435F43545950450000000031
:10F7CC004C435F4D4F4E4554415259004C435F4E94
:10F7DC00554D4552494300004C435F54494D45003B
:10F7EC004C435F4D455353414745530000010000C6
:10F7FC00601300201200000000060000F41B0060E3
:10F80C000A00000000020000901B00606200000073
:10F81C00000700002C1B006062000000EE030000DB
:10F82C009C13002012000000000004EE7413002052
:10F83C002800000000030000281B006000000000EE
:10F84C0001030904101B00600000000002030904FE
:10F85C00F81A00600000000003030904B013002034
:10F86C00000000000000000000000000000000008C
:10F87C00303030303030303030303030303030307C
:10F88C00303030303030303030303030303030306C
:10F89C0000000000BC440020244500208C450020C2
:10F8AC00000000000000000000000000000000004C
:10F8BC00000000000000000000000000000000003C
:10F8CC00000000000000000000000000000000002C
:10F8DC00000000000000000000000000000000001C
:10F8EC00000000000000000000000000000000000C
:10F8FC0000000000000000000000000000000000FC
:10F90C0000000000000000000000000000000000EB
:10F91C0000000000000000000000000000000000DB
:10F92C0000000000000000000100000000000000CA
:10F93C000E33CDAB34126DE6ECDE05000B0000008F
:10F94C0000000000000000000000000000000000AB
:10F95C00000000000000000000000000000000009B
:10F96C00000000000000000000000000000000008B
:10F97C00000000000000000000000000000000007B
:10F98C00000000000000000000000000000000006B
:10F99C00000000000000000000000000000000005B
:10F9AC00000000000000000000000000000000004B
:10F9BC000029DE07007B9A1700003A4090040020D3
:10F9CC00000000000000000000000000000000002B
:10F9DC00000000000000000000000000000000001B
:10F9EC00000000000000000000000000000000000B
:10F9FC0000000000000000000000000000000000FB
:10FA0C0000000000000000001805002000000000AD
:10FA1C00E8030000000000007C440020803020201F
:10FA2C000000000043000000000000000000000087
:10FA3C0000000000000000000000000000000000BA
:10FA4C000000000043000000000000000000000067
:10FA5C00000000000000000000000000000000009A
:10FA6C000000000043000000000000000000000047
:10FA7C00000000000000000000000000000000007A
:10FA8C000000000043000000000000000000000027
:10FA9C00000000000000000000000000000000005A
:10FAAC000000000043000000000000000000000007
:10FABC00000000000000000000000000000000003A
:10FACC0000000000430000000000000000000000E7
:10FADC00000000000000000000000000000000001A
:10FAEC0000000000430000000000000000000000C7
:10FAFC0000000000000000000000000000000000FA
:10FB0C0000000000B588000011810000000000001A
:10FB1C0008060020540B002064050020640500201A
:10FB2C0064050020640500206405002064050020A5
:10FB3C00640500206405002064050020FFFFFFFF22
:10FB4C00FFFFFFFFFFFFFFFFFFFF0000010041531E
:10FB5C0043494900000000000000000000000000C4
:10FB6C0000000000000000000000000000004153F5
:10FB7C0043494900000000000000000000000000A4
:10FB8C000000000000000000000000000000000069
:10FB9C000000000000000000400F0020400F00207B
:10FBAC00480F0020480F0020500F0020500F00205D
:10FBBC00580F0020580F0020600F0020600F00200D
:10FBCC00680F0020680F0020700F0020700F0020BD
:10FBDC00780F0020780F0020800F0020800F00206D
:10FBEC00880F0020880F0020900F0020900F00201D
:10FBFC00980F0020980F0020A00F0020A00F0020CD
:10FC0C00A80F0020A80F0020B00F0020B00F00207C
:10FC1C00B80F0020B80F0020C00F0020C00F00202C
:10FC2C00C80F0020C80F0020D00F0020D00F0020DC
:10FC3C00D80F0020D80F0020E00F0020E00F00208C
:10FC4C00E80F0020E80F0020F00F0020F00F00203C
:10FC5C00F80F0020F80F00200010002000100020EA
:10FC6C000810002008100020101000201010002098
:10FC7C001810002018100020201000202010002048
:10FC8C0028100020281000203010002030100020F8
:10FC9C0038100020381000204010002040100020A8
:10FCAC004810002048100020501000205010002058
:10FCBC005810002058100020601000206010002008
:10FCCC0068100020681000207010002070100020B8
:10FCDC007810002078100020801000208010002068
:10FCEC008810002088100020901000209010002018
:10FCFC009810002098100020A0100020A0100020C8
:10FD0C00A8100020A8100020B0100020B010002077
:10FD1C00B8100020B8100020C0100020C010002027
:10FD2C00C8100020C8100020D0100020D0100020D7
:10FD3C00D8100020D8100020E0100020E010002087
:10FD4C00E8100020E8100020F0100020F010002037
:10FD5C00F8100020F81000200011002000110020E5
:10FD6C000811002008110020101100201011002093
:10FD7C001811002018110020201100202011002043
:10FD8C0028110020281100203011002030110020F3
:10FD9C0038110020381100204011002040110020A3
:10FDAC004811002048110020501100205011002053
:10FDBC005811002058110020601100206011002003
:10FDCC0068110020681100207011002070110020B3
:10FDDC007811002078110020801100208011002063
:10FDEC008811002088110020901100209011002013
:10FDFC009811002098110020A0110020A0110020C3
:10FE0C00A8110020A8110020B0110020B011002072
:10FE1C00B8110020B8110020C0110020C011002022
:10FE2C00C8110020C8110020D0110020D0110020D2
:10FE3C00D8110020D8110020E0110020E011002082
:10FE4C00E8110020E8110020F0110020F011002032
:10FE5C00F8110020F81100200012002000120020E0
:10FE6C00081200200812002010120020101200208E
:10FE7C00181200201812002020120020201200203E
:10FE8C0028120020281200203012002030120020EE
:10FE9C00381200203812002040120020401200209E
:10FEAC00481200204812002050120020501200204E
:10FEBC0058120020581200206012002060120020FE
:10FECC0068120020681200207012002070120020AE
:10FEDC00781200207812002080120020801200205E
:10FEEC00881200208812002090120020901200200E
:10FEFC009812002098120020A0120020A0120020BE
:10FF0C00A8120020A8120020B0120020B01200206D
:10FF1C00B8120020B8120020C0120020C01200201D
:10FF2C00C8120020C8120020D0120020D0120020CD
:10FF3C00D8120020D8120020E0120020E01200207D
:10FF4C00E8120020E8120020F0120020F01200202D
:10FF5C00F8120020F81200200013002000130020DB
:10FF6C000813002008130020101300201013002089
:10FF7C001813002018130020201300202013002039
:10FF8C0028130020281300203013002030130020E9
:10FF9C003813002038130020FFFFFFFF0000020081
:10FFAC000000000003000000BC440020400C0020B6
:10FFBC0012010002EF020140C01683047902010213
:10FFCC0003010000280000000001040001000000F3
:10FFDC0000000000020157494E555342000000003A
:10FFEC0000000000000000000000000012034D00A3
:04FFFC005300460068
:02000004600199
:100000005400310030003000F80000000C03000004
:1000100000000000000000000000000000000000E0
:1000200000000000000000000000000000000000D0
:1000300000000000000000000000000000000000C0
:1000400000000000000000000000000000000000B0
:1000500000000000000000000000000000000000A0
:100060000000000000000000000000000000000090
:100070000000000000000000000000000000000080
:100080000000000000000000000000000000000070
:100090000000000000000000000000000000000060
:1000A0000000000000000000000000000000000050
:1000B0000000000000000000000000000000000040
:1000C0000000000000000000000000000000000030
:1000D0000000000000000000000000000000000020
:1000E0000000000000000000000000000000000010
:1000F0000000000000000000000000000000000000
:1001000000000000000000000000000000000000EF
:1001100000000000000000000000000000000000DF
:1001200000000000000000000000000000000000CF
:1001300000000000000000000000000000000000BF
:1001400000000000000000000000000000000000AF
:10015000000000000000000000000000000000009F
:10016000000000000000000000000000000000008F
:10017000000000000000000000000000000000007F
:10018000000000000000000000000000000000006F
:10019000000000000000000000000000000000005F
:1001A000000000000000000000000000000000004F
:1001B000000000000000000000000000000000003F
:1001C000000000000000000000000000000000002F
:1001D000000000000000000000000000000000001F
:1001E000000000000000000000000000000000000F
:1001F00000000000000000000000000000000000FF
:1002000000000000000000000000000000000000EE
:1002100000000000000000000000000000000000DE
:1002200000000000000000000000000000000000CE
:1002300000000000000000000000000000000000BE
:1002400000000000000000000000000000000000AE
:10025000000000000000000000000000000000009E
:10026000000000000000000000000000000000008E
:10027000000000000000000000000000000000007E
:10028000000000000000000000000000000000006E
:10029000000000000000000000000000000000005E
:1002A000000000000000000000000000000000004E
:1002B000000000000000000000000000000000003E
:1002C000000000000000000000000000000000002E
:1002D000000000000000000000000000000000001E
:1002E000000000000000000000000000000000000E
:1002F00000000000000000000000000000000000FE
:1003000000000000000000000000000000000000ED
:0C031000000000000000000000000000E1
:10031C00FFFFFFFFFFFFFFFFFFFFFFFFFFFFFFFFE1
:10032C00FFFFFFFFFFFFFFFFFFFFFFFFFFFFFFFFD1
:10033C00FFFFFFFFFFFFFFFFFFFFFFFFFFFFFFFFC1
:10034C00FFFFFFFFFFFFFFFFFFFFFFFFFFFFFFFFB1
:10035C00FFFFFFFFFFFFFFFFFFFFFFFFFFFFFFFFA1
:10036C00FFFFFFFFFFFFFFFFFFFFFFFFFFFFFFFF91
:10037C00FFFFFFFFFFFFFFFFFFFFFFFFFFFFFFFF81
:10038C00FFFFFFFFFFFFFFFFFFFFFFFFFFFFFFFF71
:10039C00FFFFFFFFFFFFFFFFFFFFFFFFFFFFFFFF61
:1003AC00FFFFFFFFFFFFFFFFFFFFFFFFFFFFFFFF51
:1003BC00FFFFFFFFFFFFFFFFFFFFFFFFFFFFFFFF41
:1003CC00FFFFFFFFFFFFFFFFFFFFFFFFFFFFFFFF31
:1003DC00FFFFFFFFFFFFFFFFFFFFFFFFFFFFFFFF21
:1003EC00FFFFFFFFFFFFFFFFFFFFFFFFFFFFFFFF11
:1003FC00FFFFFFFF000000000000000000000000F5
:10040C0000000000000000000000000000000000E0
:10041C0000000000000000000000000000000000D0
:10042C0000000000000000000000000000000000C0
:10043C0000000000000000000000000000000000B0
:10044C0000000000000000000000000000000000A0
:10045C000000000000000000000000000000000090
:10046C000000000000000000000000000000000080
:10047C000000000000000000000000000000000070
:10048C000000000000000000000000000000000060
:10049C000000000000000000000000000000000050
:1004AC000000000000000000000000000000000040
:1004BC000000000000000000000000000000000030
:1004CC000000000000000000000000000000000020
:1004DC000000000000000000000000000000000010
:1004EC000000000000000000000000000000000000
:1004FC0000000000000000000000000000000000F0
:10050C0000000000000000000000000000000000DF
:10051C0000000000000000000000000000000000CF
:10052C0000000000000000000000000000000000BF
:10053C0000000000000000000000000000000000AF
:10054C00000000000000000000000000000000009F
:10055C00000000000000000000000000000000008F
:10056C00000000000000000000000000000000007F
:10057C00000000000000000000000000000000006F
:10058C00000000000000000000000000000000005F
:10059C00000000000000000000000000000000004F
:1005AC00000000000000000000000000000000003F
:1005BC00000000000000000000000000000000002F
:1005CC00000000000000000000000000000000001F
:1005DC00000000000000000000000000000000000F
:1005EC0000000000000000000000000000000000FF
:1005FC0000000000000000000000000000000000EF
:10060C0000000000000000000000000000000000DE
:10061C0000000000000000000000000000000000CE
:10062C0000000000000000000000000000000000BE
:10063C0000000000000000000000000000000000AE
:10064C00000000000000000000000000000000009E
:10065C00000000000000000000000000000000008E
:10066C00000000000000000000000000000000007E
:10067C00000000000000000000000000000000006E
:10068C00000000000000000000000000000000005E
:10069C00000000000000000000000000000000004E
:1006AC00000000000000000000000000000000003E
:1006BC00000000000000000000000000000000002E
:1006CC00000000000000000000000000000000001E
:1006DC00000000000000000000000000000000000E
:1006EC0000000000000000000000000000000000FE
:1006FC0000000000000000000000000000000000EE
:10070C0000000000000000000000000000000000DD
:10071C0000000000000000000000000000000000CD
:10072C0000000000000000000000000000000000BD
:10073C0000000000000000000000000000000000AD
:10074C00000000000000000000000000000000009D
:10075C00000000000000000000000000000000008D
:10076C00000000000000000000000000000000007D
:10077C00000000000000000000000000000000006D
:10078C00000000000000000000000000000000005D
:10079C00000000000000000000000000000000004D
:1007AC00000000000000000000000000000000003D
:1007BC00000000000000000000000000000000002D
:1007CC00000000000000000000000000000000001D
:1007DC00000000000000000000000000000000000D
:1007EC0000000000000000000000000000000000FD
:1007FC0000000000000000000000000000000000ED
:10080C0000000000000000000000000000000000DC
:10081C0000000000000000000000000000000000CC
:10082C0000000000000000000000000000000000BC
:10083C0000000000000000000000000000000000AC
:10084C00000000000000000000000000000000009C
:10085C00000000000000000000000000000000008C
:10086C00000000000000000000000000000000007C
:10087C00000000000000000000000000000000006C
:10088C00000000000000000000000000000000005C
:10089C00000000000000000000000000000000004C
:1008AC00000000000000000000000000000000003C
:1008BC00000000000000000000000000000000002C
:1008CC00000000000000000000000000000000001C
:1008DC00000000000000000000000000000000000C
:1008EC0000000000000000000000000000000000FC
:1008FC0000000000000000000000000000000000EC
:10090C0000000000000000000000000000000000DB
:10091C0000000000000000000000000000000000CB
:10092C0000000000000000000000000000000000BB
:10093C0000000000000000000000000000000000AB
:10094C00000000000000000000000000000000009B
:10095C00000000000000000000000000000000008B
:10096C00000000000000000000000000000000007B
:10097C00000000000000000000000000000000006B
:10098C00000000000000000000000000000000005B
:10099C00000000000000000000000000000000004B
:1009AC00000000000000000000000000000000003B
:1009BC00000000000000000000000000000000002B
:1009CC00000000000000000000000000000000001B
:1009DC00000000000000000000000000000000000B
:1009EC0000000000000000000000000000000000FB
:1009FC0000000000000000000000000000000000EB
:100A0C0000000000000000000000000000000000DA
:100A1C0000000000000000000000000000000000CA
:100A2C0000000000000000000000000000000000BA
:100A3C0000000000000000000000000000000000AA
:100A4C00000000000000000000000000000000009A
:100A5C00000000000000000000000000000000008A
:100A6C00000000000000000000000000000000007A
:100A7C00000000000000000000000000000000006A
:100A8C00000000000000000000000000000000005A
:100A9C00000000000000000000000000000000004A
:100AAC00000000000000000000000000000000003A
:100ABC00000000000000000000000000000000002A
:100ACC00000000000000000000000000000000001A
:100ADC00000000000000000000000000000000000A
:100AEC0000000000000000000000000000000000FA
:100AFC0000000000000000000000000000000000EA
:100B0C0000000000000000000000000000000000D9
:100B1C0000000000000000000000000000000000C9
:100B2C0000000000000000000000000000000000B9
:100B3C0000000000000000000000000000000000A9
:100B4C000000000000000000000000000000000099
:100B5C000000000000000000000000000000000089
:100B6C000000000000000000000000000000000079
:100B7C000000000000000000000000000000000069
:100B8C000000000000000000000000000000000059
:100B9C000000000000000000000000000000000049
:100BAC000000000000000000000000000000000039
:100BBC000000000000000000000000000000000029
:100BCC000000000000000000000000000000000019
:100BDC000000000000000000000000000000000009
:100BEC0000000000000000000000000000000000F9
:100BFC0000000000000000000000000000000000E9
:100C0C0000000000000000000000000000000000D8
:100C1C0000000000000000000000000000000000C8
:100C2C0000000000000000000000000000000000B8
:100C3C0000000000000000000000000000000000A8
:100C4C000000000000000000000000000000000098
:100C5C000000000000000000000000000000000088
:100C6C000000000000000000000000000000000078
:100C7C000000000000000000000000000000000068
:100C8C000000000000000000000000000000000058
:100C9C000000000000000000000000000000000048
:100CAC000000000000000000000000000000000038
:100CBC000000000000000000000000000000000028
:100CCC000000000000000000000000000000000018
:100CDC000000000000000000000000000000000008
:100CEC0000000000000000000000000000000000F8
:100CFC0000000000000000000000000000000000E8
:100D0C0000000000000000000000000000000000D7
:100D1C0000000000000000000000000000000000C7
:100D2C0000000000000000000000000000000000B7
:100D3C0000000000000000000000000000000000A7
:100D4C000000000000000000000000000000000097
:100D5C000000000000000000000000000000000087
:100D6C000000000000000000000000000000000077
:100D7C000000000000000000000000000000000067
:100D8C000000000000000000000000000000000057
:100D9C000000000000000000000000000000000047
:100DAC000000000000000000000000000000000037
:100DBC000000000000000000000000000000000027
:100DCC000000000000000000000000000000000017
:100DDC000000000000000000000000000000000007
:100DEC0000000000000000000000000000000000F7
:100DFC0000000000000000000000000000000000E7
:100E0C0000000000000000000000000000000000D6
:100E1C0000000000000000000000000000000000C6
:100E2C0000000000000000000000000000000000B6
:100E3C0000000000000000000000000000000000A6
:100E4C000000000000000000000000000000000096
:100E5C000000000000000000000000000000000086
:100E6C000000000000000000000000000000000076
:100E7C000000000000000000000000000000000066
:100E8C000000000000000000000000000000000056
:100E9C000000000000000000000000000000000046
:100EAC000000000000000000000000000000000036
:100EBC000000000000000000000000000000000026
:100ECC000000000000000000000000000000000016
:100EDC000000000000000000000000000000000006
:100EEC0000000000000000000000000000000000F6
:100EFC0000000000000000000000000000000000E6
:100F0C0000000000000000000000000000000000D5
:100F1C0000000000000000000000000000000000C5
:100F2C0000000000000000000000000000000000B5
:100F3C0000000000000000000000000000000000A5
:100F4C000000000000000000000000000000000095
:100F5C000000000000000000000000000000000085
:100F6C000000000000000000000000000000000075
:100F7C000000000000000000000000000000000065
:100F8C000000000000000000000000000000000055
:100F9C000000000000000000000000000000000045
:100FAC000000000000000000000000000000000035
:100FBC000000000000000000000000000000000025
:100FCC000000000000000000000000000000000015
:100FDC000000000000000000000000000000000005
:100FEC0000000000000000000000000000000000F5
:040FFC0000000000F1
:040000056000100087
:00000001FF
