:0200000460009A
:100000004643464200000156000000000103030081
:1000100000000000000000000000000000000000E0
:1000200000000000000000000000000000000000D0
:1000300000000000000000000000000000000000C0
:1000400000000000010408000000000000000000A3
:100050000000200000000000000000000000000080
:100060000000000000000000000000000000000090
:100070000000000000000000000000000000000080
:10008000EB04180A063204260000000000000000FD
:10009000050404240000000000000000000000002F
:1000A0000000000000000000000000000000000050
:1000B0000604000000000000000000000000000036
:1000C0000000000000000000000000000000000030
:1000D00020041808000000000000000000000000DC
:1000E0000000000000000000000000000000000010
:1000F0000000000000000000000000000000000000
:10010000D8041808000000000000000000000000F3
:100110000204180804200000000000000000000095
:1001200000000000000000000000000000000000CF
:10013000600400000000000000000000000000005B
:1001400000000000000000000000000000000000AF
:10015000000000000000000000000000000000009F
:10016000000000000000000000000000000000008F
:10017000000000000000000000000000000000007F
:10018000000000000000000000000000000000006F
:10019000000000000000000000000000000000005F
:1001A000000000000000000000000000000000004F
:1001B000000000000000000000000000000000003F
:1001C000000100000010000001000000000000001D
:1001D000000001000000000000000000000000001E
:1001E000000000000000000000000000000000000F
:1001F00000000000000000000000000000000000FF
:10020000FFFFFFFFFFFFFFFFFFFFFFFFFFFFFFFFFE
:10021000FFFFFFFFFFFFFFFFFFFFFFFFFFFFFFFFEE
:10022000FFFFFFFFFFFFFFFFFFFFFFFFFFFFFFFFDE
:10023000FFFFFFFFFFFFFFFFFFFFFFFFFFFFFFFFCE
:10024000FFFFFFFFFFFFFFFFFFFFFFFFFFFFFFFFBE
:10025000FFFFFFFFFFFFFFFFFFFFFFFFFFFFFFFFAE
:10026000FFFFFFFFFFFFFFFFFFFFFFFFFFFFFFFF9E
:10027000FFFFFFFFFFFFFFFFFFFFFFFFFFFFFFFF8E
:10028000FFFFFFFFFFFFFFFFFFFFFFFFFFFFFFFF7E
:10029000FFFFFFFFFFFFFFFFFFFFFFFFFFFFFFFF6E
:1002A000FFFFFFFFFFFFFFFFFFFFFFFFFFFFFFFF5E
:1002B000FFFFFFFFFFFFFFFFFFFFFFFFFFFFFFFF4E
:1002C000FFFFFFFFFFFFFFFFFFFFFFFFFFFFFFFF3E
:1002D000FFFFFFFFFFFFFFFFFFFFFFFFFFFFFFFF2E
:1002E000FFFFFFFFFFFFFFFFFFFFFFFFFFFFFFFF1E
:1002F000FFFFFFFFFFFFFFFFFFFFFFFFFFFFFFFF0E
:10030000FFFFFFFFFFFFFFFFFFFFFFFFFFFFFFFFFD
:10031000FFFFFFFFFFFFFFFFFFFFFFFFFFFFFFFFED
:10032000FFFFFFFFFFFFFFFFFFFFFFFFFFFFFFFFDD
:10033000FFFFFFFFFFFFFFFFFFFFFFFFFFFFFFFFCD
:10034000FFFFFFFFFFFFFFFFFFFFFFFFFFFFFFFFBD
:10035000FFFFFFFFFFFFFFFFFFFFFFFFFFFFFFFFAD
:10036000FFFFFFFFFFFFFFFFFFFFFFFFFFFFFFFF9D
:10037000FFFFFFFFFFFFFFFFFFFFFFFFFFFFFFFF8D
:10038000FFFFFFFFFFFFFFFFFFFFFFFFFFFFFFFF7D
:10039000FFFFFFFFFFFFFFFFFFFFFFFFFFFFFFFF6D
:1003A000FFFFFFFFFFFFFFFFFFFFFFFFFFFFFFFF5D
:1003B000FFFFFFFFFFFFFFFFFFFFFFFFFFFFFFFF4D
:1003C000FFFFFFFFFFFFFFFFFFFFFFFFFFFFFFFF3D
:1003D000FFFFFFFFFFFFFFFFFFFFFFFFFFFFFFFF2D
:1003E000FFFFFFFFFFFFFFFFFFFFFFFFFFFFFFFF1D
:1003F000FFFFFFFFFFFFFFFFFFFFFFFFFFFFFFFF0D
:10040000FFFFFFFFFFFFFFFFFFFFFFFFFFFFFFFFFC
:10041000FFFFFFFFFFFFFFFFFFFFFFFFFFFFFFFFEC
:10042000FFFFFFFFFFFFFFFFFFFFFFFFFFFFFFFFDC
:10043000FFFFFFFFFFFFFFFFFFFFFFFFFFFFFFFFCC
:10044000FFFFFFFFFFFFFFFFFFFFFFFFFFFFFFFFBC
:10045000FFFFFFFFFFFFFFFFFFFFFFFFFFFFFFFFAC
:10046000FFFFFFFFFFFFFFFFFFFFFFFFFFFFFFFF9C
:10047000FFFFFFFFFFFFFFFFFFFFFFFFFFFFFFFF8C
:10048000FFFFFFFFFFFFFFFFFFFFFFFFFFFFFFFF7C
:10049000FFFFFFFFFFFFFFFFFFFFFFFFFFFFFFFF6C
:1004A000FFFFFFFFFFFFFFFFFFFFFFFFFFFFFFFF5C
:1004B000FFFFFFFFFFFFFFFFFFFFFFFFFFFFFFFF4C
:1004C000FFFFFFFFFFFFFFFFFFFFFFFFFFFFFFFF3C
:1004D000FFFFFFFFFFFFFFFFFFFFFFFFFFFFFFFF2C
:1004E000FFFFFFFFFFFFFFFFFFFFFFFFFFFFFFFF1C
:1004F000FFFFFFFFFFFFFFFFFFFFFFFFFFFFFFFF0C
:10050000FFFFFFFFFFFFFFFFFFFFFFFFFFFFFFFFFB
:10051000FFFFFFFFFFFFFFFFFFFFFFFFFFFFFFFFEB
:10052000FFFFFFFFFFFFFFFFFFFFFFFFFFFFFFFFDB
:10053000FFFFFFFFFFFFFFFFFFFFFFFFFFFFFFFFCB
:10054000FFFFFFFFFFFFFFFFFFFFFFFFFFFFFFFFBB
:10055000FFFFFFFFFFFFFFFFFFFFFFFFFFFFFFFFAB
:10056000FFFFFFFFFFFFFFFFFFFFFFFFFFFFFFFF9B
:10057000FFFFFFFFFFFFFFFFFFFFFFFFFFFFFFFF8B
:10058000FFFFFFFFFFFFFFFFFFFFFFFFFFFFFFFF7B
:10059000FFFFFFFFFFFFFFFFFFFFFFFFFFFFFFFF6B
:1005A000FFFFFFFFFFFFFFFFFFFFFFFFFFFFFFFF5B
:1005B000FFFFFFFFFFFFFFFFFFFFFFFFFFFFFFFF4B
:1005C000FFFFFFFFFFFFFFFFFFFFFFFFFFFFFFFF3B
:1005D000FFFFFFFFFFFFFFFFFFFFFFFFFFFFFFFF2B
:1005E000FFFFFFFFFFFFFFFFFFFFFFFFFFFFFFFF1B
:1005F000FFFFFFFFFFFFFFFFFFFFFFFFFFFFFFFF0B
:10060000FFFFFFFFFFFFFFFFFFFFFFFFFFFFFFFFFA
:10061000FFFFFFFFFFFFFFFFFFFFFFFFFFFFFFFFEA
:10062000FFFFFFFFFFFFFFFFFFFFFFFFFFFFFFFFDA
:10063000FFFFFFFFFFFFFFFFFFFFFFFFFFFFFFFFCA
:10064000FFFFFFFFFFFFFFFFFFFFFFFFFFFFFFFFBA
:10065000FFFFFFFFFFFFFFFFFFFFFFFFFFFFFFFFAA
:10066000FFFFFFFFFFFFFFFFFFFFFFFFFFFFFFFF9A
:10067000FFFFFFFFFFFFFFFFFFFFFFFFFFFFFFFF8A
:10068000FFFFFFFFFFFFFFFFFFFFFFFFFFFFFFFF7A
:10069000FFFFFFFFFFFFFFFFFFFFFFFFFFFFFFFF6A
:1006A000FFFFFFFFFFFFFFFFFFFFFFFFFFFFFFFF5A
:1006B000FFFFFFFFFFFFFFFFFFFFFFFFFFFFFFFF4A
:1006C000FFFFFFFFFFFFFFFFFFFFFFFFFFFFFFFF3A
:1006D000FFFFFFFFFFFFFFFFFFFFFFFFFFFFFFFF2A
:1006E000FFFFFFFFFFFFFFFFFFFFFFFFFFFFFFFF1A
:1006F000FFFFFFFFFFFFFFFFFFFFFFFFFFFFFFFF0A
:10070000FFFFFFFFFFFFFFFFFFFFFFFFFFFFFFFFF9
:10071000FFFFFFFFFFFFFFFFFFFFFFFFFFFFFFFFE9
:10072000FFFFFFFFFFFFFFFFFFFFFFFFFFFFFFFFD9
:10073000FFFFFFFFFFFFFFFFFFFFFFFFFFFFFFFFC9
:10074000FFFFFFFFFFFFFFFFFFFFFFFFFFFFFFFFB9
:10075000FFFFFFFFFFFFFFFFFFFFFFFFFFFFFFFFA9
:10076000FFFFFFFFFFFFFFFFFFFFFFFFFFFFFFFF99
:10077000FFFFFFFFFFFFFFFFFFFFFFFFFFFFFFFF89
:10078000FFFFFFFFFFFFFFFFFFFFFFFFFFFFFFFF79
:10079000FFFFFFFFFFFFFFFFFFFFFFFFFFFFFFFF69
:1007A000FFFFFFFFFFFFFFFFFFFFFFFFFFFFFFFF59
:1007B000FFFFFFFFFFFFFFFFFFFFFFFFFFFFFFFF49
:1007C000FFFFFFFFFFFFFFFFFFFFFFFFFFFFFFFF39
:1007D000FFFFFFFFFFFFFFFFFFFFFFFFFFFFFFFF29
:1007E000FFFFFFFFFFFFFFFFFFFFFFFFFFFFFFFF19
:1007F000FFFFFFFFFFFFFFFFFFFFFFFFFFFFFFFF09
:10080000FFFFFFFFFFFFFFFFFFFFFFFFFFFFFFFFF8
:10081000FFFFFFFFFFFFFFFFFFFFFFFFFFFFFFFFE8
:10082000FFFFFFFFFFFFFFFFFFFFFFFFFFFFFFFFD8
:10083000FFFFFFFFFFFFFFFFFFFFFFFFFFFFFFFFC8
:10084000FFFFFFFFFFFFFFFFFFFFFFFFFFFFFFFFB8
:10085000FFFFFFFFFFFFFFFFFFFFFFFFFFFFFFFFA8
:10086000FFFFFFFFFFFFFFFFFFFFFFFFFFFFFFFF98
:10087000FFFFFFFFFFFFFFFFFFFFFFFFFFFFFFFF88
:10088000FFFFFFFFFFFFFFFFFFFFFFFFFFFFFFFF78
:10089000FFFFFFFFFFFFFFFFFFFFFFFFFFFFFFFF68
:1008A000FFFFFFFFFFFFFFFFFFFFFFFFFFFFFFFF58
:1008B000FFFFFFFFFFFFFFFFFFFFFFFFFFFFFFFF48
:1008C000FFFFFFFFFFFFFFFFFFFFFFFFFFFFFFFF38
:1008D000FFFFFFFFFFFFFFFFFFFFFFFFFFFFFFFF28
:1008E000FFFFFFFFFFFFFFFFFFFFFFFFFFFFFFFF18
:1008F000FFFFFFFFFFFFFFFFFFFFFFFFFFFFFFFF08
:10090000FFFFFFFFFFFFFFFFFFFFFFFFFFFFFFFFF7
:10091000FFFFFFFFFFFFFFFFFFFFFFFFFFFFFFFFE7
:10092000FFFFFFFFFFFFFFFFFFFFFFFFFFFFFFFFD7
:10093000FFFFFFFFFFFFFFFFFFFFFFFFFFFFFFFFC7
:10094000FFFFFFFFFFFFFFFFFFFFFFFFFFFFFFFFB7
:10095000FFFFFFFFFFFFFFFFFFFFFFFFFFFFFFFFA7
:10096000FFFFFFFFFFFFFFFFFFFFFFFFFFFFFFFF97
:10097000FFFFFFFFFFFFFFFFFFFFFFFFFFFFFFFF87
:10098000FFFFFFFFFFFFFFFFFFFFFFFFFFFFFFFF77
:10099000FFFFFFFFFFFFFFFFFFFFFFFFFFFFFFFF67
:1009A000FFFFFFFFFFFFFFFFFFFFFFFFFFFFFFFF57
:1009B000FFFFFFFFFFFFFFFFFFFFFFFFFFFFFFFF47
:1009C000FFFFFFFFFFFFFFFFFFFFFFFFFFFFFFFF37
:1009D000FFFFFFFFFFFFFFFFFFFFFFFFFFFFFFFF27
:1009E000FFFFFFFFFFFFFFFFFFFFFFFFFFFFFFFF17
:1009F000FFFFFFFFFFFFFFFFFFFFFFFFFFFFFFFF07
:100A0000FFFFFFFFFFFFFFFFFFFFFFFFFFFFFFFFF6
:100A1000FFFFFFFFFFFFFFFFFFFFFFFFFFFFFFFFE6
:100A2000FFFFFFFFFFFFFFFFFFFFFFFFFFFFFFFFD6
:100A3000FFFFFFFFFFFFFFFFFFFFFFFFFFFFFFFFC6
:100A4000FFFFFFFFFFFFFFFFFFFFFFFFFFFFFFFFB6
:100A5000FFFFFFFFFFFFFFFFFFFFFFFFFFFFFFFFA6
:100A6000FFFFFFFFFFFFFFFFFFFFFFFFFFFFFFFF96
:100A7000FFFFFFFFFFFFFFFFFFFFFFFFFFFFFFFF86
:100A8000FFFFFFFFFFFFFFFFFFFFFFFFFFFFFFFF76
:100A9000FFFFFFFFFFFFFFFFFFFFFFFFFFFFFFFF66
:100AA000FFFFFFFFFFFFFFFFFFFFFFFFFFFFFFFF56
:100AB000FFFFFFFFFFFFFFFFFFFFFFFFFFFFFFFF46
:100AC000FFFFFFFFFFFFFFFFFFFFFFFFFFFFFFFF36
:100AD000FFFFFFFFFFFFFFFFFFFFFFFFFFFFFFFF26
:100AE000FFFFFFFFFFFFFFFFFFFFFFFFFFFFFFFF16
:100AF000FFFFFFFFFFFFFFFFFFFFFFFFFFFFFFFF06
:100B0000FFFFFFFFFFFFFFFFFFFFFFFFFFFFFFFFF5
:100B1000FFFFFFFFFFFFFFFFFFFFFFFFFFFFFFFFE5
:100B2000FFFFFFFFFFFFFFFFFFFFFFFFFFFFFFFFD5
:100B3000FFFFFFFFFFFFFFFFFFFFFFFFFFFFFFFFC5
:100B4000FFFFFFFFFFFFFFFFFFFFFFFFFFFFFFFFB5
:100B5000FFFFFFFFFFFFFFFFFFFFFFFFFFFFFFFFA5
:100B6000FFFFFFFFFFFFFFFFFFFFFFFFFFFFFFFF95
:100B7000FFFFFFFFFFFFFFFFFFFFFFFFFFFFFFFF85
:100B8000FFFFFFFFFFFFFFFFFFFFFFFFFFFFFFFF75
:100B9000FFFFFFFFFFFFFFFFFFFFFFFFFFFFFFFF65
:100BA000FFFFFFFFFFFFFFFFFFFFFFFFFFFFFFFF55
:100BB000FFFFFFFFFFFFFFFFFFFFFFFFFFFFFFFF45
:100BC000FFFFFFFFFFFFFFFFFFFFFFFFFFFFFFFF35
:100BD000FFFFFFFFFFFFFFFFFFFFFFFFFFFFFFFF25
:100BE000FFFFFFFFFFFFFFFFFFFFFFFFFFFFFFFF15
:100BF000FFFFFFFFFFFFFFFFFFFFFFFFFFFFFFFF05
:100C0000FFFFFFFFFFFFFFFFFFFFFFFFFFFFFFFFF4
:100C1000FFFFFFFFFFFFFFFFFFFFFFFFFFFFFFFFE4
:100C2000FFFFFFFFFFFFFFFFFFFFFFFFFFFFFFFFD4
:100C3000FFFFFFFFFFFFFFFFFFFFFFFFFFFFFFFFC4
:100C4000FFFFFFFFFFFFFFFFFFFFFFFFFFFFFFFFB4
:100C5000FFFFFFFFFFFFFFFFFFFFFFFFFFFFFFFFA4
:100C6000FFFFFFFFFFFFFFFFFFFFFFFFFFFFFFFF94
:100C7000FFFFFFFFFFFFFFFFFFFFFFFFFFFFFFFF84
:100C8000FFFFFFFFFFFFFFFFFFFFFFFFFFFFFFFF74
:100C9000FFFFFFFFFFFFFFFFFFFFFFFFFFFFFFFF64
:100CA000FFFFFFFFFFFFFFFFFFFFFFFFFFFFFFFF54
:100CB000FFFFFFFFFFFFFFFFFFFFFFFFFFFFFFFF44
:100CC000FFFFFFFFFFFFFFFFFFFFFFFFFFFFFFFF34
:100CD000FFFFFFFFFFFFFFFFFFFFFFFFFFFFFFFF24
:100CE000FFFFFFFFFFFFFFFFFFFFFFFFFFFFFFFF14
:100CF000FFFFFFFFFFFFFFFFFFFFFFFFFFFFFFFF04
:100D0000FFFFFFFFFFFFFFFFFFFFFFFFFFFFFFFFF3
:100D1000FFFFFFFFFFFFFFFFFFFFFFFFFFFFFFFFE3
:100D2000FFFFFFFFFFFFFFFFFFFFFFFFFFFFFFFFD3
:100D3000FFFFFFFFFFFFFFFFFFFFFFFFFFFFFFFFC3
:100D4000FFFFFFFFFFFFFFFFFFFFFFFFFFFFFFFFB3
:100D5000FFFFFFFFFFFFFFFFFFFFFFFFFFFFFFFFA3
:100D6000FFFFFFFFFFFFFFFFFFFFFFFFFFFFFFFF93
:100D7000FFFFFFFFFFFFFFFFFFFFFFFFFFFFFFFF83
:100D8000FFFFFFFFFFFFFFFFFFFFFFFFFFFFFFFF73
:100D9000FFFFFFFFFFFFFFFFFFFFFFFFFFFFFFFF63
:100DA000FFFFFFFFFFFFFFFFFFFFFFFFFFFFFFFF53
:100DB000FFFFFFFFFFFFFFFFFFFFFFFFFFFFFFFF43
:100DC000FFFFFFFFFFFFFFFFFFFFFFFFFFFFFFFF33
:100DD000FFFFFFFFFFFFFFFFFFFFFFFFFFFFFFFF23
:100DE000FFFFFFFFFFFFFFFFFFFFFFFFFFFFFFFF13
:100DF000FFFFFFFFFFFFFFFFFFFFFFFFFFFFFFFF03
:100E0000FFFFFFFFFFFFFFFFFFFFFFFFFFFFFFFFF2
:100E1000FFFFFFFFFFFFFFFFFFFFFFFFFFFFFFFFE2
:100E2000FFFFFFFFFFFFFFFFFFFFFFFFFFFFFFFFD2
:100E3000FFFFFFFFFFFFFFFFFFFFFFFFFFFFFFFFC2
:100E4000FFFFFFFFFFFFFFFFFFFFFFFFFFFFFFFFB2
:100E5000FFFFFFFFFFFFFFFFFFFFFFFFFFFFFFFFA2
:100E6000FFFFFFFFFFFFFFFFFFFFFFFFFFFFFFFF92
:100E7000FFFFFFFFFFFFFFFFFFFFFFFFFFFFFFFF82
:100E8000FFFFFFFFFFFFFFFFFFFFFFFFFFFFFFFF72
:100E9000FFFFFFFFFFFFFFFFFFFFFFFFFFFFFFFF62
:100EA000FFFFFFFFFFFFFFFFFFFFFFFFFFFFFFFF52
:100EB000FFFFFFFFFFFFFFFFFFFFFFFFFFFFFFFF42
:100EC000FFFFFFFFFFFFFFFFFFFFFFFFFFFFFFFF32
:100ED000FFFFFFFFFFFFFFFFFFFFFFFFFFFFFFFF22
:100EE000FFFFFFFFFFFFFFFFFFFFFFFFFFFFFFFF12
:100EF000FFFFFFFFFFFFFFFFFFFFFFFFFFFFFFFF02
:100F0000FFFFFFFFFFFFFFFFFFFFFFFFFFFFFFFFF1
:100F1000FFFFFFFFFFFFFFFFFFFFFFFFFFFFFFFFE1
:100F2000FFFFFFFFFFFFFFFFFFFFFFFFFFFFFFFFD1
:100F3000FFFFFFFFFFFFFFFFFFFFFFFFFFFFFFFFC1
:100F4000FFFFFFFFFFFFFFFFFFFFFFFFFFFFFFFFB1
:100F5000FFFFFFFFFFFFFFFFFFFFFFFFFFFFFFFFA1
:100F6000FFFFFFFFFFFFFFFFFFFFFFFFFFFFFFFF91
:100F7000FFFFFFFFFFFFFFFFFFFFFFFFFFFFFFFF81
:100F8000FFFFFFFFFFFFFFFFFFFFFFFFFFFFFFFF71
:100F9000FFFFFFFFFFFFFFFFFFFFFFFFFFFFFFFF61
:100FA000FFFFFFFFFFFFFFFFFFFFFFFFFFFFFFFF51
:100FB000FFFFFFFFFFFFFFFFFFFFFFFFFFFFFFFF41
:100FC000FFFFFFFFFFFFFFFFFFFFFFFFFFFFFFFF31
:100FD000FFFFFFFFFFFFFFFFFFFFFFFFFFFFFFFF21
:100FE000FFFFFFFFFFFFFFFFFFFFFFFFFFFFFFFF11
:100FF000FFFFFFFFFFFFFFFFFFFFFFFFFFFFFFFF01
:10100000D1002043491600600000000000000000ED
:10101000201000600010006000FC00600000000074
:10102000000000600008010000000000FFFFFFFF5B
:10103000FFFFFFFFFFFFFFFFFFFFFFFFFFFFFFFFC0
:10104000FFFFFFFFFFFFFFFFFFFFFFFFFFFFFFFFB0
:10105000FFFFFFFFFFFFFFFFFFFFFFFFFFFFFFFFA0
:10106000FFFFFFFFFFFFFFFFFFFFFFFFFFFFFFFF90
:10107000FFFFFFFFFFFFFFFFFFFFFFFFFFFFFFFF80
:10108000FFFFFFFFFFFFFFFFFFFFFFFFFFFFFFFF70
:10109000FFFFFFFFFFFFFFFFFFFFFFFFFFFFFFFF60
:1010A000FFFFFFFFFFFFFFFFFFFFFFFFFFFFFFFF50
:1010B000FFFFFFFFFFFFFFFFFFFFFFFFFFFFFFFF40
:1010C000FFFFFFFFFFFFFFFFFFFFFFFFFFFFFFFF30
:1010D000FFFFFFFFFFFFFFFFFFFFFFFFFFFFFFFF20
:1010E000FFFFFFFFFFFFFFFFFFFFFFFFFFFFFFFF10
:1010F000FFFFFFFFFFFFFFFFFFFFFFFFFFFFFFFF00
:10110000FFFFFFFFFFFFFFFFFFFFFFFFFFFFFFFFEF
:10111000FFFFFFFFFFFFFFFFFFFFFFFFFFFFFFFFDF
:10112000FFFFFFFFFFFFFFFFFFFFFFFFFFFFFFFFCF
:10113000FFFFFFFFFFFFFFFFFFFFFFFFFFFFFFFFBF
:10114000FFFFFFFFFFFFFFFFFFFFFFFFFFFFFFFFAF
:10115000FFFFFFFFFFFFFFFFFFFFFFFFFFFFFFFF9F
:10116000FFFFFFFFFFFFFFFFFFFFFFFFFFFFFFFF8F
:10117000FFFFFFFFFFFFFFFFFFFFFFFFFFFFFFFF7F
:10118000FFFFFFFFFFFFFFFFFFFFFFFFFFFFFFFF6F
:10119000FFFFFFFFFFFFFFFFFFFFFFFFFFFFFFFF5F
:1011A000FFFFFFFFFFFFFFFFFFFFFFFFFFFFFFFF4F
:1011B000FFFFFFFFFFFFFFFFFFFFFFFFFFFFFFFF3F
:1011C000FFFFFFFFFFFFFFFFFFFFFFFFFFFFFFFF2F
:1011D000FFFFFFFFFFFFFFFFFFFFFFFFFFFFFFFF1F
:1011E000FFFFFFFFFFFFFFFFFFFFFFFFFFFFFFFF0F
:1011F000FFFFFFFFFFFFFFFFFFFFFFFFFFFFFFFFFF
:10120000FFFFFFFFFFFFFFFFFFFFFFFFFFFFFFFFEE
:10121000FFFFFFFFFFFFFFFFFFFFFFFFFFFFFFFFDE
:10122000FFFFFFFFFFFFFFFFFFFFFFFFFFFFFFFFCE
:10123000FFFFFFFFFFFFFFFFFFFFFFFFFFFFFFFFBE
:10124000FFFFFFFFFFFFFFFFFFFFFFFFFFFFFFFFAE
:10125000FFFFFFFFFFFFFFFFFFFFFFFFFFFFFFFF9E
:10126000FFFFFFFFFFFFFFFFFFFFFFFFFFFFFFFF8E
:10127000FFFFFFFFFFFFFFFFFFFFFFFFFFFFFFFF7E
:10128000FFFFFFFFFFFFFFFFFFFFFFFFFFFFFFFF6E
:10129000FFFFFFFFFFFFFFFFFFFFFFFFFFFFFFFF5E
:1012A000FFFFFFFFFFFFFFFFFFFFFFFFFFFFFFFF4E
:1012B000FFFFFFFFFFFFFFFFFFFFFFFFFFFFFFFF3E
:1012C000FFFFFFFFFFFFFFFFFFFFFFFFFFFFFFFF2E
:1012D000FFFFFFFFFFFFFFFFFFFFFFFFFFFFFFFF1E
:1012E000FFFFFFFFFFFFFFFFFFFFFFFFFFFFFFFF0E
:1012F000FFFFFFFFFFFFFFFFFFFFFFFFFFFFFFFFFE
:10130000FFFFFFFFFFFFFFFFFFFFFFFFFFFFFFFFED
:10131000FFFFFFFFFFFFFFFFFFFFFFFFFFFFFFFFDD
:10132000FFFFFFFFFFFFFFFFFFFFFFFFFFFFFFFFCD
:10133000FFFFFFFFFFFFFFFFFFFFFFFFFFFFFFFFBD
:10134000FFFFFFFFFFFFFFFFFFFFFFFFFFFFFFFFAD
:10135000FFFFFFFFFFFFFFFFFFFFFFFFFFFFFFFF9D
:10136000FFFFFFFFFFFFFFFFFFFFFFFFFFFFFFFF8D
:10137000FFFFFFFFFFFFFFFFFFFFFFFFFFFFFFFF7D
:10138000FFFFFFFFFFFFFFFFFFFFFFFFFFFFFFFF6D
:10139000FFFFFFFFFFFFFFFFFFFFFFFFFFFFFFFF5D
:1013A000FFFFFFFFFFFFFFFFFFFFFFFFFFFFFFFF4D
:1013B000FFFFFFFFFFFFFFFFFFFFFFFFFFFFFFFF3D
:1013C000FFFFFFFFFFFFFFFFFFFFFFFFFFFFFFFF2D
:1013D000FFFFFFFFFFFFFFFFFFFFFFFFFFFFFFFF1D
:1013E000FFFFFFFFFFFFFFFFFFFFFFFFFFFFFFFF0D
:1013F000FFFFFFFFFFFFFFFFFFFFFFFFFFFFFFFFFD
:10140000814205D051F8043B40F8043B8242F9D8B0
:10141000704700BF044A05494FF0000342F8043BFF
:101420009142FBD8704700BFC01600200051002039
:101430002DE98848BFF34F8F00BF00BF00BF00BF3A
:1014400000F016F9674B0822C3F8542100BF00BF13
:1014500000BF00BF00BF00BF00BF00BF00BF00BF94
:1014600000BF00BF00BF00BF00BF00BF5E4A5F49B2
:101470005F48FFF7C5FF5F4A5F496048FFF7C0FF5D
:101480005F4CFFF7C7FF4FF470004FF0E0210023DF
:101490005C4AC1F8880D44F823200133B02BFAD1FF
:1014A000594B8021594A03F8011B9342FBD14FF05D
:1014B000E0254C4E4FF08039DFF880B1DFF880A195
:1014C0004FF0FF31C5F8084D0027C6F80491C6F863
:1014D00000B1C6F8F490C6F8F0A0D5F8243DDFF8C6
:1014E000648143F4E0234A4AC5F8243DD8F81C300F
:1014F00023F07F0343F04003C8F81C30D8F82430B1
:1015000023F07F0343F04003C8F824309166D1668E
:101510001167516700F0B4F83E4B3F49A3633F4B5E
:10152000E36363236B610323AF612B613C4BC5F81D
:10153000203DD5F8FC3D43F08073C5F8FC3D394BA8
:101540001A6842F001021A605B680B6000F020F933
:10155000C6F804913448C6F800B1C6F8F490C6F84D
:10156000F0A000F0ADFAD8F86C10304B304A41F4DE
:101570004051C8F86C101F60C3F80871C3F81871A7
:10158000C3F82871C3F83871936BDB0708D442F6AF
:101590001563284951651365936B43F00103936309
:1015A000234A254C936843F00113936000F054FAEA
:1015B00000F082FA00F01AF900F05CF82368132BAF
:1015C000FCD900F0ABF92368B3F5967FFBD300F0AC
:1015D00055F800F051F800F087FA00F075FA30BFC6
:1015E000FDE700BF00800D4018C70000001C006030
:1015F00000000000C01600201CE300600000002076
:1016000000140020013C000000E400E0A0E400E041
:1016100000C00A405D3800008050002061380000A2
:1016200000002020001000E00046C32300400840D6
:1016300000400D400000C056845000201B101820B0
:101640000C0D111300C00F40054B4FF42A01054A41
:1016500005485A641864054A99639546FFF7E8FE01
:1016600000C00A40AFAAAAAA070020000000072075
:10167000704700BF704700BF704700BF00BF704792
:1016800010B44FF0E023002110243148C3F8941D1A
:10169000C3F89C4D1124C3F8A00D2E48C3F89C4DEF
:1016A0001224C3F8A00D2C48C3F89C4D2B4AC3F854
:1016B000A00D2B4C42F015022A48C3F89C4DC3F8EC
:1016C000A00D294C2948C3F89C4DC3F8A00D284C07
:1016D000C3F89C2D2748284AC3F8A04DC3F89C0D99
:1016E000C3F8A02D02F5A022244C0C322448C3F8E4
:1016F0009C4DC3F8A02D234AC3F89C0D224CC3F87F
:10170000A02D02F14062C3F89C4D2048C3F8A02DE3
:101710000C32C3F89C0DC3F8A02D00BF00BF00BF62
:1017200000BF00BF0122C3F8942DBFF34F8FBFF35A
:101730006F8FC3F8501FBFF34F8FBFF36F8FD3F876
:10174000142D5DF8044B42F44032C3F8142D704759
:101750003F0000102500080709001000005100207C
:1017600013002000210002071400002025000813A8
:10177000090000101600202027000B13170000405E
:10178000180000602F000B07190000701A0000807D
:10179000F0B4154A40274FF480314FF480564FF48F
:1017A00000554FF4404443F24200136913F0020F16
:1017B0000ED113F4005F0FD013F4805F0ED0002B16
:1017C000F3DA13F4803F0BD15B060BD5F0BC704706
:1017D000946151619061E8E75561E6E75661E4E79D
:1017E0009161E2E75761E0E700800D403F4A032046
:1017F0003F49F3EE095AD2F880304FF0000C9FEDCC
:101800003D6A23F001039FED3C5A30B4C2F88030AA
:10181000C2F89000D1F8E010384DCBB2384C3948BE
:101820002B6007EE903A0B0DC1F30B21F8EEE77A2F
:1018300006EE903A07EE101A334BB8EEC77A2160E5
:10184000F8EEE66A314937EEC66A37EEC55A76EEEB
:10185000C76A77EEE57A26EE266AC3ED006A25EEC2
:10186000265AD2F8803067EEA64AC0ED007AC6EE5E
:10187000275A274885EE276AC4EEA76A75EE875A6D
:10188000FCEEE55A36EE076A15EE904ABCEEC66AE3
:1018900043EA045376EE877AC2F8803016EE103AA7
:1018A000D2F89041FCEEE77A01EA0341214317EEBA
:1018B000903AC2F89011C3F30B03D2F890110B4386
:1018C0001449C2F89031D2F8803043F00203C2F8D4
:1018D0008030114B80F840C0C1F840314FF0E02318
:1018E000012230BCC3F80821704700BF00810D40C1
:1018F00000441F400000AA420000B442545000209F
:1019000050500020585000205C5000200000FF0F75
:1019100000E400E000140020E93D0000314B40F6F7
:10192000617210B5C3F8202140F2044400F0D0F8F1
:101930002D4A2E49D2F880302D4843F00303C2F8D7
:1019400080302C4BC1F8604102681A4203D1D1F8B3
:10195000A8319A071BD0254A4FF00041244B596308
:10196000D2F8403143F00203C2F84031D2F840319E
:101970009B07FBD44FF400304FF0E0211C4B4FF09D
:101980000042C1F88C0219209A6300F0A9F8184AA5
:101990004FF08040154C002190630A20164B1160D7
:1019A0004FF42072C4F8A801184600F095F84FF4DF
:1019B000800203464FF4810040F243111860C4F8DE
:1019C00058311A640D4B0E4AC4F84811C3F804226A
:1019D0004FF0E0224FF400310123C2F80C11C4F89B
:1019E000403110BD00800D4000C00F4000002E406F
:1019F00000900D40001C1E0000000020001400207C
:101A0000D13F000008B50E4B1B6E9B0700D4FBBEF8
:101A100072B60C4B00200C4AC3F8400103F160433E
:101A20000A49A3F55F2311649D46BFF34F8F4FF41E
:101A300000130748074ADB6902609B68984700BFAC
:101A400000441F4000002E4000C00A400300200058
:101A500000802020000012EB104BA020104AD96E0D
:101A600041F4403110B4D96640F23764D96E41F484
:101A70004071D96654649064936C1B06FCD4094A87
:101A800040F23761A02351649364936C13F0800398
:101A9000FBD1054A13705DF8044B704700C00F403E
:101AA00000400C4000800C40BA500020F8B500BF48
:101AB000F8BC08BC9E4670475FF800F05153000028
:101AC0005FF800F0E54F00005FF800F0513A0000C9
:101AD0005FF800F0414700005FF800F0956D0000EE
:101AE0005FF800F0C13800005FF800F0C96F000037
:081AF00045000000091D000083
:101AF8001603550053004200200053006500720091
:101B0800690061006C00000018035400650065005E
:101B18006E00730079006400750069006E006F0044
:101B28000403090409026200030100C032080B0023
:101B3800020202010009040000010202010005245A
:101B480000100105240101010424020605240600F1
:101B5800010705820310001009040100020A0000B1
:101B68000007050302400000070584024000000941
:101B780004020002FF6AFF00070581024000010716
:101B8800050102400001000009026200030100C0D3
:101B980032080B00020202010009040000010202DF
:101BA8000100052400100105240101010424020696
:101BB8000524060001070582031000050904010039
:101BC800020A00000007050302000200070584025C
:101BD8000002000904020002FF6AC700070581022B
:101BE8000002010705010200020100000A060002C6
:081BF800EF02014001000000B2
:101C000000000000000000000000000000000000D4
:101C100000000000000000000000000000000000C4
:101C20000548064B1B1AD90F01EBA301491002D03E
:101C3000034B03B118477047C0160020C0160020A0
:101C40000000000008B5054B1BB105490548AFF37E
:101C50000080BDE80840FFF7E3BF00BF00000000C0
:101C6000FC4F00200008016000207047034B1868FB
:101C700010B103681B681847704700BFCC180020DC
:101C80002DE9F04100F5005090B0574C9646574B67
:101C90000094C0F810191B6A5548C3F30123046867
:101CA000403304F080746B4413F8406C514B03FBD9
:101CB00006F60368B6FBF1F2B6FBF2F543F0A0437B
:101CC0004D1B03600368DF01FCD5052A4FF0000CB3
:101CD0002AD96046831C0130B2FBF3F7192F07FBAA
:101CE00003F3F7D84FF00108B6FBF3F3CB1A002B40
:101CF000B8BF5B42AB420BDBA7F10C0318BF4FF040
:101D00000008062B0AD8B8F1000F07D08446E1E797
:101D10001D46A7F10C038446062BF4D9052FD9D80C
:101D20000CF10103B2FBF3F2B5F5967FA2F10502C7
:101D30004CDC142A4AD802EB42022F4F6E46DFF8E1
:101D4000B08002F14003BEF1020F0DEB03050FCF8F
:101D50000FC60FCF0FC60FCF0FC697E80F0007C6ED
:101D600026F8023B4FEA1343337015F83F3C15F851
:101D70003E2C4FEAC34315F8401C4FEA024203F4DD
:101D8000601301F0070102F4E02243EA020343EA90
:101D9000010343F4800343EA0C6343F48043C8F82F
:101DA0000430D8F8043014BF23F0080343F00803CC
:101DB000C8F804303CB90E4A136823F0805313600E
:101DC0001368DB01FCD410B0BDE8F081002CFAD11F
:101DD000074A136823F0805313601368D901FCD4B9
:101DE00010B0BDE8F08100BF3C18500000C00F40AB
:101DF00000001D4040420F00E003002008B583684A
:101E000003B19847044AD3889BB243F48043D380FC
:101E1000BFF34F8F08BD00BF00800B4008B583683B
:101E200003B19847034A137803F0F7031370BFF325
:101E30004F8F08BD00400B400020704700207047C6
:101E40000820704710490B68486B0A68496B02F01C
:101E50007F02C1F3036101320431B2EB410F10D3B1
:101E600003F07F03C0F30360053B0130A3EB4003A5
:101E7000DBB2054A106800F07F000130C01AC0B222
:101E800070470023F5E700BF00001D400000000080
:101E900008B52DED088B61EE018AF0EE41BAB0EE87
:101EA00040AAB0EE681A20EE210AB0EE608A90EEE9
:101EB000A01AA0EEAB0AF0EE61AAB1EE68BAA1EEEC
:101EC000E11AB7EEC00A30EE000BAAEE0A1AB7EE1E
:101ED000C11A05F0BBFBE8EE088A6BEECA7AB8EED1
:101EE000006BB0EE409BE8EE2A7AEAEEAA8AB7EEE3
:101EF000E70AEAEE0A8A20EE060BB7EEE87A80EEF1
:101F0000070B05F077FBA8EE48BA2AEE087AB0EE88
:101F1000408BABEEAA7AAAEEAABAB7EEC70AAAEE2F
:101F20000ABA30EE000BB7EECB1A05F08FFBB7EE16
:101F3000C99BB7EEC88B124BB7EEC00BB7EEC99A70
:101F4000B7EEC88AB7EEC00A9FED0B7B29EE079B60
:101F500028EE078B20EE070BB7EEC99BB7EEC88BB8
:101F6000B7EEC00B83ED009A83ED018ABDEC088BC0
:101F700083ED020A08BD00BFF8C1631ADCA54C401E
:101F8000A0500020036823B9C37913B9C37A022B88
:101F900000D07047037B812BFBD1437B13F0FB0FF9
:101FA000F7D14FF0E023024AC3F80C2DF1E700BF50
:101FB0000400FA050B4B186888B103680A4A1B68CD
:101FC00093420DD1836810B503B19847074AD3886F
:101FD0009BB243F48043D380BFF34F8F10BD704753
:101FE000184700BFD0180020FD01000000800B4002
:101FF000634A2DE9F0411468136804F0807443F0DB
:10200000A04313601368DD01FCD511680023DFF8DD
:1020100078C121F000515B4F594E1160194653624F
:102020009362126803EB0C02DD1901331201AD005B
:10203000D160DBB29160516011602960326802F0BA
:102040007F0201329342EDD3B1643161F26A336BA6
:10205000F26233633368002849D1DFF82C810546EA
:10206000474E484F19E0336803F07F030133B0EB6C
:10207000930F34BF4FF080634FF08C631360736B2A
:10208000C3F300439B070B603368013503F07F0304
:10209000EDB2013328469D421ED2336805EB08029B
:1020A000E91903F07F03120189000133B0EB530FEC
:1020B000D9D34FF00063136033689A0003D5FFF75C
:1020C000C1FEA842E0D801231F2D03FA05F34CD826
:1020D000B26A1343B362D7E73CB9294A136823F0C5
:1020E000805313601368DB01FCD4BDE8F08143F03A
:1020F00000533360356815F000553ED0FFF7A2FE5F
:102100003368054603F07F0301338342E4D91E4F51
:102110004FF00066DFF868800DE0D8F82820134300
:10212000C8F82830D8F80030013503F07F03EDB24D
:1021300001339D42D0D2EB191B011E60D8F800304C
:10214000990003D5FFF77EFE8542EBD301231F2DB7
:1021500003FA05F3E1D9A5F120010123D8F82420E1
:102160008B401343C8F82430DCE7A5F1200101239C
:10217000726A8B401343736286E73368C7E700BF18
:1021800000001D402042071008D0010470B5584BD4
:1021900082B05849002201930B6AC3F3012308332C
:1021A0006B4413F8043CC0E90122C0E90322002B70
:1021B00000F0858000F500554E4924204E4B012447
:1021C0004E4A0226C5F80C091220C3F8D0208A6EA8
:1021D0004B4B42F470328A6641F2B00185F81549E2
:1021E000484A494CC3F81C01C3F80C13E664C3F811
:1021F0002001C3F81013136823F000431360136821
:1022000043F0A04313601368DC01FCD553683D49DB
:1022100043F008035360136843F0804313600B6876
:10222000D802FCD40B68374A43F000730B60136884
:102230009901FCD4334C2368DA01FCD523680020D3
:1022400043F400332360236843F48033236023681E
:1022500043F480532360236843F4005323602368CE
:1022600043F480032360236843F40023236023683E
:1022700023F408432360636B43F4E0236363236820
:1022800043F400132360236843F080632360FFF767
:10229000AFFE23681B4A23F0805323601368DB01E1
:1022A000FCD4D5F80C290121184B03EB521302F092
:1022B0001F029B0001FA02F21A6002B070BD0B6AA5
:1022C000134A23F47F7343F480730B621368002B6B
:1022D0003FF470AF0B4A00F500551C681846526871
:1022E000D5F81019C2F3C00263685200984763E73B
:1022F0003C18500000C00F40001400206D0000008A
:1023000000801F4000001D4000841F4040380038FE
:10231000CC1800201F2910B422D8012318488B4064
:102320000363184B4FF00064D0790B441B011C6011
:10233000E8B1117A1068090520F0604041F4C0014D
:102340005860D0685DF8044B00BA9860106900BA14
:10235000D860D27A41EA024242F040621A60704785
:10236000A1F1200401230648A340C362D9E7146801
:102370000548117A00EA844009055860E1E700BF8A
:1023800000001D4008D001040000FC1F3B4B1B6AED
:102390002DE9F04113F0200E86B066D100F580548F
:1023A0000646B4F81E3B9BB2102B62D0B4F81C8BCF
:1023B0000D461A27086808F00F084968AA68EC4615
:1023C000EB6807FB0848ACE80F0028691822696928
:1023D00088F830EB41F6303EB4F81C3B03F00F03B5
:1023E00007FB034383F8312BB4F81C3B03F00F03C6
:1023F000ACE8030007FB0366EC46B644BCE80F00FC
:10240000CEF80200CEF80610CEF80A20CEF80E3034
:10241000BCE80300CEF81200CEF81610B4F81C2B5E
:10242000B4F81A3B92B29BB283F010039A4206D1E1
:10243000B4F81A3B013303F01F03A4F81A3BB4F8B5
:102440001C3B013303F01F03A4F81C3BB4F81E3BF4
:102450009BB20F2B09D8B4F81E3B012003449BB25A
:10246000A4F81E3B06B0BDE8F081012006B0BDE82F
:10247000F081704606B0BDE8F08100BF00001D404D
:102480008B7D70B50D4686B004463F4E002B3CD187
:10249000336813F0005C25D0FFF7D4FC3368844622
:1024A00003F07F03013398421ED23849364807E0D3
:1024B00003685FFA82FC03F07F0301339C4513D26B
:1024C0000CEB01030CF101021B011B68C3F3036356
:1024D000082BEDD120462A466146FFF71BFF01205D
:1024E00006B070BD3368E0E70FCDEC46FF26ACE8E0
:1024F0000F0095E803008CE80300694620468DF83C
:102500001460FFF743FF06B070BD306810F0005054
:1025100030D0FFF797FC336803F07F030133834229
:1025200024D91A49184E05E0336803F07F030133BC
:1025300098421BD24318421C84461B01D0B21A6831
:102540001201F1D51B68C3F30363082B14D06E4648
:102550000FCD0FC695E8030086E8030069462046C4
:102560008DF814C0FFF712FF06B070BD084B4FF096
:10257000FF3CE7E73368D4E720462A465FFA8CF150
:10258000FFF7C8FE0120ABE700001D4008D00104A2
:1025900070001D402DE9F043204F95B00D46814657
:1025A00090460DF1040C541E1D4E0FCFACE80F00E9
:1025B00097E803002A468DF80F50CDF804908CE878
:1025C0000300414604A803F04BF801A91548FFF7A2
:1025D00057FF2B46013D4A46134907A806F0F8F875
:1025E00058FA85F507A806F0EBFC014607A804F0A9
:1025F0000FFA14F8012F314607A806F0E9F807A8EA
:1026000006F0DEFC014607A804F002FAAC42F0D165
:10261000064802F039FF15B0BDE8F0832004002021
:1026200048040020D418002038040020500D002059
:102630002DE9F043A84D85B0A84C40F2EE28A84FF4
:10264000DFF8F4922E6804F061FA2378002B00F092
:10265000EA803B78D90740F1E6802B68D9F8002062
:102660009B1A0E2B40F2DF8013219E4C9E480025C2
:1026700004F0CEF99D4802F007FF226C9C4842F41A
:1026800000129C499C4B2264426F9C4C42F44032A5
:10269000426746F2A01021604FF080548D60984A46
:1026A0009849C2F8B0114FF4A26244F204011880B4
:1026B0001A804FF0E022D9801988934889B241F0FE
:1026C0006C0119801D81C2F80841904CFFF75EFD36
:1026D0002A468F498C48FFF7D3FA236843F0A0437A
:1026E00023602368DA01FCD500202568FFF780FC11
:1026F000E26A236BE2622363236823F07F03236093
:10270000236843F03F032360AB0000F1BE807F4CA1
:10271000236823F0805323602368DF01FCD4012069
:102720007C4DFFF765FC23687B4A9E00C5F80427B3
:102730000AD5A36A980607D4A36A23F0FF03A3620D
:10274000A36A43F02003A362704C236899004DD51F
:10275000636B2668236843F0A04323602368DA0193
:10276000FCD5236813F4407FC3F301222ED1C4F8B3
:10277000E02023689B0005D5FFF764FB10B1674B91
:10278000C4F88038664B002260496FF0404088648E
:10279000C3F8002ED3F8001E01F47021C3F8001E08
:1027A000D3F8001E41F08001C3F8001ED3F8001ECC
:1027B00041F00051C3F8001EC3F8042EC3F8082EE0
:1027C000C3F80C2EC3F8102EC3F8142E4F4C2368F8
:1027D000C3F30123012B6DD0F00107D44B4A1368DA
:1027E00023F0805313601368D901FCD4474B1B6856
:1027F0009B0026D5FFF726FB3F2822D9002403AAF9
:10280000012140F204708DF80C40FFF7C3FE454BE8
:1028100010220A214448009401F094FB002838D18A
:1028200005B0BDE8F0832B6822789B1B32B1B3F56D
:10283000FA6F3FF619AF04F069F904E74345FAD996
:1028400012E7324B00224FF000644FF00040596A0B
:1028500021F000415962D3F87014C3F87424C3F80E
:102860007824C3F87C24C3F870445A6A02435A623D
:102870009A68D862D3F8703413F4C00F14BF0123E0
:102880000023DB06C5F8E836B8E70120FFF7B0FB08
:102890003DE7264B0126264D4CF250322821224896
:1028A0001E702C7001F0CAFB0028B9D02E7005B044
:1028B000BDE8F0830023C4F8E03023689F0005D50D
:1028C000FFF7C0FA10B11B4BC4F880380F4B6FF004
:1028D00080229A6480E700BF84500020C35000200B
:1028E000C250002000C00A40A80A0020500D00205D
:1028F00000C00F40C018002000800B40D0180020FE
:1029000000140020B5030000D418002000001D4072
:1029100048E80100D4380020850300000100F8FFDA
:10292000D4280020000D0020EC410020B3500020EE
:10293000B4500020F87FF87F945000200B78632B70
:1029400010B5044682B0104613D003F51C6304EBA7
:1029500083035B6813B101929847019804F5005412
:10296000D4F804381BB102B0BDE81040184702B0DB
:1029700010BD04F50054D4F80437002BF0D00192B8
:1029800098470198ECE700BF2DE9F04300F50057A8
:102990008FB0044697F8003713B9012387F8003742
:1029A000238B9BB2002B57D1D7F80C2904F5805606
:1029B000724B02F01F0103EB521301229B008A406D
:1029C0001A60B6F81E3B9BB283B3B6F81A3B1A22C4
:1029D00008AD0DF1080C03F00F03AE4602FB0343F4
:1029E00041F6323203EB02089858D8F80410D8F8B0
:1029F0000820D8F80C300FC5D8F81000D8F81410FB
:102A000003C5BEE80F00ACE80F009EE803008CE8A9
:102A100003009DF91C104B1C54D0594B0B441B0157
:102A20001B68C3F30363082B00F08B80D7F80C29D5
:102A3000544B02F01F0103EB521301229B008A400A
:102A400000211A60238BB6F81E0B9BB280B240EABD
:102A500003300FB0BDE8F083A68A1A23B4F814C07F
:102A600008ADF6B20CF1010C03FB0646CCF3080CE2
:102A7000D6F81C01D6F82011D6F82831D6F8242132
:102A80000FC5D6F82C01D6F83011A4F814C0238B4A
:102A90009BB203C51BB1238B013B9BB2238308ADC3
:102AA00002AE0FCD0FC695E8030002AA86E8030028
:102AB0009DF81C300DF1070120468DF80730FFF717
:102AC0003DFF71E7DFF8C080D8F8005015F00055E1
:102AD00050D0FFF7B7F9D8F80030054603F07F0370
:102AE00001338342A2D9DFF89890DFF89C8008E098
:102AF000D8F80030013503F07F03EDB201339D4279
:102B000094D205EB09031B011B68C3F30363082B75
:102B1000EED102AA29462046FFF7FCFBB6F81A3B85
:102B2000013303F01F03A6F81A3BB6F81E3B9BB215
:102B3000002BDDD0B6F81E3B013B9BB2A6F81E3B36
:102B4000D6E702AAC9B22046FFF7E4FBB6F81A3B63
:102B5000013303F01F03A6F81A3BB6F81E3B9BB2E5
:102B6000002B3FF463AFB6F81E3B013B9BB2A6F8C7
:102B70001E3B5BE7D8F80030B5E700BF603800388F
:102B800008D001044038003800001D4010B541480D
:102B900082B0FFF7F9FE404B1B7843B93F4B4048EA
:102BA0001B6802689B1A632B3ED802B010BD3D48DB
:102BB00001F01EFA00284CD13B4C2378002BEDD0BD
:102BC0003A4C3848214601F01BFA0028E6D0237819
:102BD000282B53D02A2B51D0354B6A469FED356AAE
:102BE0000621D3ED006A4FF4C27093ED017A66EED0
:102BF000866AD3ED027A27EE067A67EE867AFDEED4
:102C0000E66ABDEEC77AFDEEE77A16EE903AADF8C9
:102C1000003017EE103AADF8023017EE903AADF8EA
:102C20000430FFF7B7FCB9E702F1640305246A46F4
:102C30000121036040F204708DF80040FFF7AAFC08
:102C40001D4B45F255514AF6AA2259805A8002B0CE
:102C500010BD1021194803F0DBFE194802F014FCE6
:102C6000114C00234CF2503228210E48237001F001
:102C7000E5F90028A1D001232370A1E7D4ED071ABC
:102C800094ED061AD4ED050A94ED080AFFF700F951
:102C9000A2E700BFD4180020B350002084500020C9
:102CA000B8180020EC410020B4500020801800200B
:102CB000A05000200000C84200800B40540A0020B1
:102CC000500D002000F58053D3F8003EDB0069D59D
:102CD000374B2DE9F04F5E6B4FF0000E41F6146953
:102CE00041F60467C6F3036641F60868F600083645
:102CF00009E013685B0F052B34D00EF1010E5FFA6B
:102D00008EF39E4250D90EEB4E0500EBC50C0CF530
:102D1000F05213685B0F012B13680DD05B0F022B71
:102D2000E7D15CF807308B42E7D85CF808308B427B
:102D3000E3D30120BDE8F08F13F4607FDDD06D0098
:102D4000002304E01468C4F3C21C6345D5D20133E8
:102D500005EB030CDBB20CF5F06C50F82C408C4208
:102D6000F0D1E6E7136813F4607FC6D0CC446D0061
:102D7000012405E01368C3F3C21301339C42BCD2A3
:102D80002B19DCF800A0013403F5F0630AEA010A0C
:102D9000E4B250F82330DCF800B003EA0B039A45A4
:102DA000E8D1C6E7012070470020BDE8F08F00BFE2
:102DB00000001D402DE9F04F8C468DB00F460546B2
:102DC0006C46064600F110084FF00109DFF814A127
:102DD000BCE80F000FC49CE8030084E8030056F829
:102DE000044F5CB19DF91420A36809FA02F119425D
:102DF00056D02368D3F800B0D3454CD14645EED128
:102E000005F5005393F80037002B5FD0EE8A4FF0A2
:102E10001A0C386806AC7968F6B2BA68FB680CFB25
:102E200006560FC4002338697969182286F81A31CA
:102E3000EB8A0DEB0206DBB20CFB035303C483F8F1
:102E40001B21EC8AE4B20FCE0CFB0454C4F81C0125
:102E5000C4F82011C4F82421C4F8283103CEC4F8E2
:102E60002C01C4F83011EA8AAB8A92B29BB283F487
:102E700080739A4224D0EB8A0133C3F30803EB82B8
:102E80002B8B9BB2FF2B03D82B8B01339BB22B8355
:102E90000DB0BDE8F08F9DF8153069462046D84743
:102EA000237C002BAAD02368D3F800B09DF81530FE
:102EB000D345A3D020464FF0FF326946D8479DE75F
:102EC000AB8A0133C3F30803AB82D4E73B7D3A46B8
:102ED00006A928468DF81830FFF730FD0DB0BDE883
:102EE000F08F00BF6900000001EB410170B500EBFD
:102EF000C10404F5045EDEF80030DB0028D5DEF8FE
:102F000000305B0F012B0BD0DEF800305B0F022B83
:102F100042D0DEF800305B0F052B1BD0002070BDC7
:102F2000DEF8004014F4607FF8D000234D0005E087
:102F3000DEF80010C1F3C21C6345EFD2013305EB8C
:102F4000030CDBB20CF5046C50F82C409442EFD12A
:102F5000012070BDDEF8005015F4607FDED042F233
:102F6000141549000123254407E0DEF80040C4F3AE
:102F7000C21C0CF1010C6345D0D22C6804EA020C8F
:102F8000CC18013304F50464DBB250F824402E68F9
:102F90003440A445E9D1DBE742F20413E3589342FD
:102FA000BCD842F20813E058904234BF0020012000
:102FB00070BD00BF00F5005393F80137002B00F0FF
:102FC000DB80DFF86CC22DE9F04F0F4689B0054673
:102FD0000E4602AC0FCF0FC497E8030084E803004D
:102FE000DCF800309B0052D5DCF8343000244FF080
:102FF0006309C3F3036A22464FEACA0A0AF1080AC0
:103000000CE05B0F022B3B6800F09A805B0F052BF6
:1030100000F0DD800134E2B2924538D996F91430DF
:10302000632B34D004EB440805EBC80B0BF5F057C9
:103030003B6813F0604FEDD03B685B0F012B3B68A2
:10304000DFD1C3F30043F2799A42E3D13B6813F432
:10305000607FDFD04FEA480B002306E03A685FFA52
:1030600088F3C2F3C2129342D4D203F10108029A48
:103070000BEB080303F5F06355F823309A42EDD1CA
:1030800002A928468DF81C90FFF794FEE6E700237E
:10309000674F8DF80E303C6814F000543FD0FEF7B7
:1030A000D1FE3B68044603F07F030133834233D9EA
:1030B00042F2041742F20818DFF8749196F91430BE
:1030C000A34220D004EB440105EBC10202F5045AEF
:1030D000DAF8003013F0604F15D0DAF80030F079EC
:1030E000C3F3C06398420ED1DAF800305B0F012BB6
:1030F000DAF8003041D05B0F022B12D0DAF8003042
:103100005B0F052B5BD0D9F80030013403F07F034F
:10311000E4B201339C42D1D309B0BDE8F08F3B68E3
:10312000C6E7D159029B8B42EDD352F80820934257
:10313000E9D802A928468DF81C40FFF73BFEE2E7DC
:10314000C3F30043F2799A427FF464AF41F604631B
:103150005BF80320029B9342FFF45CAF41F60862E8
:103160005BF8022093423FF655AF02A928468DF83E
:103170001C90FFF71FFE4DE7704713F4607FC2D02D
:103180004A00002307E0DAF800105FFA8BF3C1F37E
:10319000C2118B42B7D203F1010B029902EB0B0370
:1031A00003F5046355F823309942ECD102A928466F
:1031B00000928DF81C40FFF7FDFD009AE3E7029AAC
:1031C00021462846FFF790FE00289CD0B1E73B68D7
:1031D00013F4607F3FF41EAF41F6146301275B4494
:1031E0000AE00BF5F05101370968FFB2C1F3C211D3
:1031F00001318F42BFF40EAF07EB4801186801F5AB
:10320000F06155F821E00299D3F800C008400EEAB9
:103210000C018842E5D102A9284601938DF80E20C1
:1032200000928DF81C90FFF7C5FDDDE90023D8E77B
:1032300000001D402DE9F04F934D9BB0934F08AC1B
:1032400005900FCD0FC495E8030084E803007E6A63
:10325000B96AD7F82C90386B3B68039113F400439C
:10326000049003D13A68950000F11881049B43F063
:103270000103B9F1000F00F00281B9FA89F3834D1F
:10328000C3F140032C68DFB214F00054029700F041
:103290009F82FEF7D7FD2B68044603F07F030133BE
:1032A000984280F0C280874240F2BF80059B671C35
:1032B000DFF8D8B103F50053FDB2019706931AE089
:1032C000042A00F05881082A00F0E281DBF800307F
:1032D0009DF8044003F07F03029A0133A24288BFA5
:1032E000AB4205F1010594BF01230023002B40F000
:1032F0009C80631C0193C4F12002039BA4F1200A6B
:1033000006FA02F1E3400B4326FA0AF10B43DF070A
:10331000DCD5049B09FA02F2E340134329FA0AF2CE
:103320001343D807D2D5DFF87081A0444FEA0818BC
:10333000D8F80030190EC3F3036201F00B01022923
:10334000BED1D8F8041003F4001021F06041002829
:1033500012BF4FF0010C4FF0000C890C062A8DF8BB
:1033600027C0089102D101228DF82920ADF8243020
:10337000C3F303438DF8344000288DF82B30069BAF
:1033800093F815398DF83530D8F808308DF82F308E
:10339000D8F808304FEA13238DF82E30D8F80830CB
:1033A0004FEA13438DF82D30D8F808304FEA1363F5
:1033B0008DF82C30D8F80C308DF83330D8F80C302C
:1033C0004FEA13238DF83230D8F80C304FEA13430C
:1033D0008DF83130D8F80C304FEA13638DF8303067
:1033E00014BF4FF08C634FF080631F2CC8F800307F
:1033F000DBF808304FF0010331D8A340214605988F
:10340000CBF83030089AFFF76FFD002832D108A9B9
:103410000598FFF7CFFD08A8AFF3008008A8AFF329
:10342000008008A8AFF3008050E7184A1848116AD6
:103430000268184B4A40134043B1059B03F5805383
:10344000B3F8D42C92B20F2A40F2DB810F4A136AF0
:103450000B431362BFF34F8F1BB0BDE8F08F03FA2D
:103460000AF321460598CBF82C30089AFFF73CFD6B
:103470000028CCD008A90598FFF79CFCC7E7B3FA51
:1034800083F32033FBE600BF2004002000001D4032
:103490008C420020BFFF070008D001048C067FF596
:1034A000E5AE81067FF5E2AED7F88020C94C02F484
:1034B0000011C2F30050ADF824200029C2F30341EB
:1034C0004FEAD2528DF82B10D7F884108DF82800CF
:1034D00018BF012021F0604108BF00208DF8262090
:1034E0004FF0000208BF890C8DF827000CA8089146
:1034F000D4F88810D1400832202A00F8011DF7D1F5
:103500000DA9B448D0F88C20DA400833202B01F8FC
:10351000012DF7D1059A02F5005292F815298DF880
:10352000352063228DF8342082680363049B5A0699
:1035300001D540230363049B1B0602D5A54B8022C3
:103540001A63059C08A92046FFF734FD08A8AFF3CD
:10355000008008A8AFF3008008A8AFF300800899A6
:103560002046FFF7AFFB00283FF480AE08A905987E
:10357000FFF720FC7AE603F40012002AD8F80420B2
:10358000ADF82430C3F303438DF8344022F0604299
:103590008DF82B3018BF0121069B04BF920C00212F
:1035A00093F8153908928DF83530D8F80830059A17
:1035B0008DF82F30D8F808308DF827101B0A8DF8B9
:1035C0002E30D8F808301B0C8DF82D30D8F8083084
:1035D0001B0E8DF82C30D8F80C308DF83330D8F81D
:1035E0000C301B0A8DF83230D8F80C301B0C8DF8DB
:1035F000313004F6022352F82330D8F80C20120E92
:103600008DF830200BB108A89847069BD3F80839ED
:103610000BB108A89847059901F58052B2F81E3BF6
:1036200017469BB2002B00F0D780B2F81A3B1A2243
:103630000DF1500C03F00F03E04602FB031341F6BB
:1036400032320EA903EB020A98588E460791DAF837
:103650000820DAF80410DAF80C30ACE80F00DAF8D9
:103660001000DAF81410ACE80300B8E80F00AEE878
:103670000F0098E803008EE803009DF94C30591CB8
:1036800000F023819C427FF421AE079AE1B21EE153
:1036900003F40012002AD8F80420ADF82430C3F354
:1036A00003438DF8344022F060428DF82B3018BF70
:1036B0000121069B04BF920C002193F81539089252
:1036C0008DF83530D8F80830059A8DF82F30D8F8B5
:1036D00008308DF827101B0A8DF82E30D8F80830E6
:1036E0001B0C8DF82D30D8F808301B0E8DF82C30BF
:1036F000D8F80C308DF83330D8F80C301B0A8DF820
:103700003230D8F80C301B0C8DF83130D8F80C3032
:103710001B0E8DF8303004F6022352F823300BB123
:1037200008A89847069BD3F808390BB108A8984712
:10373000059901F58058B8F81E3B9BB2002B58D074
:10374000B8F81A3B1A220DF1500C03F00F0367462C
:1037500002FB031341F632320EA903EB020A98581A
:103760008E460791DAF80820DAF80410DAF80C30FF
:10377000ACE80F00DAF81000DAF81410ACE8030037
:103780000FCFAEE80F0097E803008EE803009DF925
:103790004C305A1C00F0B2809C427FF497AD079ADF
:1037A000E1B20598FEF7B6FDB8F81A3B013303F015
:1037B0001F03A8F81A3BB8F81E3B9BB2002B3FF43E
:1037C00085ADB8F81E3B013B9BB2A8F81E3B7DE5DA
:1037D0002B686BE500001D401F2C4FF001036BD9D7
:1037E00003FA0AF3CBF82C304FF00063C8F800302E
:1037F0006CE51F2C4FF0010362D8A340CBF83030AA
:1038000064E5B3F8D42C92B20F2A05D8B3F8D42CBF
:10381000013292B2A3F8D42CB3F8D22CB3F8D24C24
:1038200002F00F02A4B203EB8202C2F8D81CB3F874
:10383000D02C92B282F01002944206D1B3F8D02C70
:10384000013202F01F02A3F8D02CB3F8D22C2D4C79
:10385000013202F01F02A3F8D22CE469B3F89C2DC8
:10386000A4B292B20F2A05D8B3F89C2D013292B2BD
:10387000A3F89C2DB3F89A2D02F00F0203EB42023D
:10388000A2F89E4DB3F89A4DB3F8982DA4B292B217
:1038900082F01002944206D1B3F8982D013202F062
:1038A0001F02A3F8982DB3F89A2D0160013202F09F
:1038B0001F02A3F89A2DC9E5A340CBF8303093E757
:1038C00003FA0AF3CBF82C3000E5079A2146059855
:1038D000FEF720FDB7F81A3B013303F01F03A7F8EA
:1038E0001A3BB7F81E3B9BB2002B3FF4EFACB7F886
:1038F0001E3B013B9BB2A7F81E3BE7E4079A21461B
:103900004FE700BF00001D4038B51E4C0F211E4D73
:10391000204600F00BFB1D4A1D49204603F0A4FB86
:103920001C4900231C4C01F5805201F500508B828C
:10393000C0F80C39CB82C0F810390B8380F81439E9
:10394000A2F81A3BA2F81C3BA2F81E3BA2F8D03CFE
:10395000A2F8D23CA2F8D43CA2F8983DA2F89A3D35
:10396000A2F89C3D80F800370C4A80F801370C48DB
:103970000C6000680B4C53600B4B2960146018609E
:1039800038BD00BFEC410020CC180020680D00209D
:1039900041230000D4180020D0040020C0180020CB
:1039A0008450002028050020B818002090F81CC082
:1039B0004160BCF1020FC26001D18368184701F079
:1039C000E9BC00BFF0B4046840F201251E46256141
:1039D000A3B121B311F8015B013B6566256FAF0709
:1039E00007D41546013E676F1AB105F8017B2A46D8
:1039F00004686569ED07F1D5002BEAD16EB1036863
:103A0000196F8907FAD41146013E5B6F002AF5D081
:103A100001F8013B0A46002EF1D1F0BC704790F846
:103A20003C50D9E7324B334930B5D3E911542079B2
:103A3000C8771A6C95F804C081F81CC0087752B199
:103A4000B2F5004F23D32C4911442A4A1964D07689
:103A500082F81BC030BD19680F24D86C8C6540F209
:103A60000134CA610C614FF47C544C610321046839
:103A7000246883F83D10214B9C4226D1037F42608D
:103A8000022BC26026D18368BDE8304018472D68FC
:103A9000E98B090422D492B2EA832168EC8BA4B2A8
:103AA000EC82CC8B240405D5CC8BC2F3080204F441
:103AB0007E442243CA83CA8B92B2CA8200210D4A35
:103AC0001964D07682F81BC030BD23461146BDE88C
:103AD00030401847BDE8304001F05CBCE98BC2F3D0
:103AE000080E92B201F47E4141EA0E01E983D4E767
:103AF000000D002000800E400180FFFFAD1D000082
:103B000043682DE9F04FD3E90041814D4FF0B80AE9
:103B100022684FF0020822EA01027E492260AA6967
:103B200011407D4A0A43AA6190F810E07B4A03EBFA
:103B30000E0603EB8E0E317C02EB01118968C1F891
:103B400000A090F811C003EB0C0503EB8C0C95F86A
:103B5000201002EB01118968C1F800A0817C03EB01
:103B6000010903EB810199F830B002EB0B1BDBF884
:103B700008B0CBF800A0D4F800A05F684AEA070AB2
:103B8000C4F800A0347CDEF814E002EB041464688E
:103B9000C4F800E095F82040DCF824C002EB0414DF
:103BA0006468C4F800C0496B99F8304002EB041215
:103BB00052681160DA6B99F838101160DA69317E59
:103BC000DB6A116095F828201A600F220368C3F899
:103BD00010809A65C27C002A31D072B6C37CDC07A3
:103BE00008D54FF0E0214469D1F88021224082625B
:103BF000C1F88021990708D54FF0E0218469D1F8F8
:103C000084212240C262C1F884215A0708D54FF0AE
:103C1000E021C469D1F8882122400263C1F88821DB
:103C20001F0708D54FF0E021046AD1F88C2122400B
:103C30004263C1F88C21DE0655D462B60368384C65
:103C40008268A24259D0324A846092693549C2F3EF
:103C50000116C2F38262344D51F826100132B1FBD5
:103C6000F2F2AA4231D80022C260002403211C6172
:103C70000724596201211A641C661961C37C13B3BD
:103C8000DD0704D5816A4FF0E022C2F800119C07DD
:103C900004D5C16A4FF0E022C2F80411590704D5D7
:103CA000016B4FF0E022C2F808111A0704D5416BEE
:103CB0004FF0E022C2F80C11DB0604D5826B4FF006
:103CC000E023C3F81021BDE8F08F1849A1FB025191
:103CD000090DB2FBF1F2A24288BF0131B1F5817F3B
:103CE0000DD3134AC0E74FF0E022416AD2F8903179
:103CF0000B408363C2F890319FE7C268B5E70229A1
:103D0000B1D902394C08220242EA04420A43ABE725
:103D100000C00F40CFFFFFE310000008C8070020DD
:103D200000093D0030050020FF083D0083DE1B43F5
:103D3000FF7F7F000BB1FFF745BE7047034B4FF489
:103D40007A701B6803FB00F0704700BF84500020AE
:103D50000B6813B9014B01221A707047B55000204F
:103D600010B5104C94F90000431C00D110BD012186
:103D7000C0B201F035FC0121207801F0F5FB0A20EA
:103D800001F09EFB0021207801F0EEFB0A2001F0FB
:103D900097FB2078012101F0E7FB0A20BDE81040E5
:103DA00001F08EBBB250002010B50446FFF7D8FFDB
:103DB00000220C4904F1580000F0CEFB08B10020AD
:103DC00010BD043401465422204604F0E3FD204691
:103DD00000F056FC0028F2D10146034800F048FCF0
:103DE000012010BD51210000F1210000704700BFEB
:103DF00010B5094C206800F0EFFC00B910BD24217B
:103E0000064802F005FE064801F03EFB236800204C
:103E10000021C3E9020110BDBC180020500400209D
:103E2000500D002038B54FF4FA74094D03E001F04D
:103E300047FB013C08D0287801F0C0FB0346012075
:103E4000002BF4D1002038BDFFF78AFF002038BDD9
:103E5000B6500020F0B54FF4FA7483B00E4D0F4603
:103E6000164603E001F02CFB013C10D0287801F04D
:103E7000A5FB03460120002BF4D1084A39460093E4
:103E80001068324603F024FB304603B0F0BDFFF764
:103E900067FF204603B0F0BDB65000205C42002012
:103EA0002DE9F8434FF4FA741E4D0E46914603E097
:103EB00001F006FB013C2FD0287801F07FFB034680
:103EC0000120002BF4D1DFF8608004223146D8F8BD
:103ED000000003F059FB20B13088C0F30E07B9454C
:103EE00002D20020BDE8F8834FF4FA7403E001F039
:103EF000E7FA013C10D0287801F060FB034601206E
:103F0000002BF4D13A463146D8F8000003F03CFBD0
:103F10000028E6D03846E5E7FFF722FF0020BDE89D
:103F2000F88300BFB65000205C420020024A034BD9
:103F300002601970704700BFF4040020B2500020E6
:103F4000704700BF2DE9F0430D461E4600211F4B70
:103F500083B0DFF89890196004461D4B104602218B
:103F6000DDF828801A7001F03BFBD9F8007037B1FA
:103F7000384603F033FA3846142101F00DFC1420C2
:103F800001F008FC0C2369B2054600930123114A95
:103F9000019603F0F7F92846C9F8005003F028FA13
:103FA00088B10D4A41460D4B0D48C4E916230D4B0F
:103FB0000D4AC4E9180323682046A2661B6803B0B3
:103FC000BDE8F043184703B0BDE8F0835842002035
:103FD000B650002040420F0025220000ED210000D5
:103FE000A1220000552200003D2100005C4200207B
:103FF000024B002218781A70704700BFB55000209D
:104000009FED0B7B0C4B10B50C46196081ED027BCC
:1040100000F028FBD4E90232134306D12078A0F146
:104020002A00B0FA80F0400910BD012010BD00BF89
:104030000000000000000000BC180020074B0846EC
:1040400010B5002419469A601C609C80C3E90344A3
:1040500000F028FBB0FA80F0400910BD904200202B
:10406000704700BF0848094BD0F8BC2010B40124A9
:1040700019711C602AB11946D0F8C0005DF8044BD4
:1040800010475DF8044B7047B44500206450002091
:1040900000B54FF4806183B04FF0F90C0223A0F813
:1040A000AC1001AAC17A4068ADF804C001F008F96B
:1040B00003B05DF804FB00BFD0F8A8301A78597837
:1040C000520030B5D2B287B0044609B142F00102C5
:1040D000997809B142F00402D97809B142F0080296
:1040E0000025019504958DF814508DF8062001AA3D
:1040F000CDE902559988ADF807109968CDF80910F7
:10410000D3E903011123CDF8111094F8AC10CDF8C8
:104110000D008DF80510FD2160688DF80410E17A1E
:1041200001F0CEF8C4E9285007B030BD2DE9F04FBA
:104130008BB0164604460F464FF0000C00F11D02EE
:10414000019304E00CF1010CBCF1400F2DD012F8EA
:104150001C302A2BF6D104EB4C0C9CF81E500EB3ED
:104160004FF000091FFA85FB4FF02A0AC846019B51
:1041700007EB08012A460DF112008DF811A0CDE9D8
:10418000023901F06DFAD4F8C42002A98DF810505C
:1041900012B1D4F8C80090470BEB08031FFA83F85C
:1041A0004645E4D80BB0BDE8F08F0025D7E700BF47
:1041B000002A7ED02DE9F04F4FF000088BB000F1BF
:1041C0001D0407460E469A469146DFF8ECB0454678
:1041D00000947119705D0023009C02E00133402BB4
:1041E0005FD014F813208242F8D107EB4303009408
:1041F0009A7F002A55D0FB2836D0FA283AD0EF28EB
:104200003DD091F802E0CB784FEA8E1E0EF47C5E32
:1042100003EB0E0CDBF800309A45264B3CD31B68B1
:1042200003930CEB08038DF811006420CBF800A079
:1042300000FB03A30DF11200CDE9012301F010FAF8
:10424000019AD7F8C4308DF8102092B22BB102A990
:10425000D7F8C80001929847019A2A4495B2A94517
:10426000B7D80BB0BDE8F08FD1F8018092B2C8F199
:104270000008F2E7D1F8013092B29844EDE7D7F8A0
:10428000A03092B2002BE8D09B68002BE5D03846D6
:1042900001929847019AE0E71C461B6801332360AE
:1042A000BEE7D7F8F8310133C7F8F8310BB0BDE8F5
:1042B000F08F70471C500020F84F0020FFF778BFA8
:1042C000802938B5044628D0812911D001B138BDE4
:1042D000164A1749406800F003FF0346154AA372C7
:1042E0001549606800F0FCFE0123E072637238BD7E
:1042F000812A18D85008EAD004F11D0C00221E347F
:104300005D1C13F812100CF8121015F8121004F8B6
:10431000121001328242F4DB38BD19460C30BDE880
:10432000384004F0EBBD4020E6E700BF740A0020EF
:104330007C0A0020880A0020900A0020012A02D16D
:104340000B78012B05D0D0F8F0310133C0F8F031F3
:10435000704710B407490024D0F8BC2003720C60E9
:1043600022B1D0F8C0005DF8044B10475DF8044B53
:10437000704700BF645000200B78F82B31D190F8C3
:10438000AC3070B5D0F8A85065B390F8ADE0734587
:1043900028D24C781A01AC5405EB03128C78547077
:1043A000CC7894704C6854608E68966091F80CC01C
:1043B0004E7B4CEA062CA2F80CC091F80EC082F895
:1043C0000EC0C97BD1730A4A944203D10522964696
:1043D00080F8AD200133DBB2734580F8AC3001D2F8
:1043E00070BD7047002285F85030C0E9282270BDAA
:1043F0007FA69800F8B5194C054623681A69184637
:104400009047D4F8A07037BB06466B682046C4E9D5
:1044100028579847A8B9D4F8A0307BB130462A680D
:10442000831B0AB19A420FD9606800F089FE2068A8
:1044300003699847D4F8A030002BF0D1D4F8A40039
:10444000F8BDC4E92870F8BD6FF0050300221846D6
:10445000C4E92823F8BD6FF00200F8BDB445002080
:10446000FFF7A6BE2DE9F84F0646002A63D00F4697
:104470009146002500F11D04DFF8D8B007EB0508D0
:10448000795D002302E00133402B5BD014F8132048
:104490008A42F8D106EB430393F81EA0BAF1000F4D
:1044A00050D0FC2911D0D6F8A0101FFA8AFA29B1F1
:1044B0008B681BB152464146304698470AEB0503CC
:1044C0009DB2A945DAD8BDE8F88FD6F8BC20002AFD
:1044D000E9D00223D6F8C000CBF8003098F80110DC
:1044E0008BF8041098F802C01A49CCF3400E8BF8F0
:1044F00008E00CF0010E8BF809E0CCF3800ECCF351
:10450000C00C8BF80AE08BF80BC098F803C098F841
:1045100004E04CEA0E2CABF80CC0D8F80530CBF810
:104520001030D8F80930CBF81430D8F80D30CBF86B
:1045300018309047B7E7D0F8F4310133C0F8F431C0
:10454000BDE8F88FD6F8F8310133C6F8F831BDE888
:10455000F88F00BF6450002000285ED0F0B5324CC8
:10456000054683B00F46164600214FF4FE722046E2
:1045700004F010FAFF2328462560E372C4E92F7681
:1045800000F0D0FC606000284AD02246274900F0A5
:104590004DFD2346264A0221606800F077FD254B39
:1045A000254A02216068009400F044FD234B244A10
:1045B00002216068009400F03DFD224B224A022156
:1045C0006068009400F036FD204A0221204B6068AC
:1045D000009400F02FFD23461E4A0121606800F080
:1045E00055FD1D4B1D4A01216068009400F022FD1D
:1045F00020681B4E03699847054608E0606800F094
:104600009FFD206803699847401BB04202D8237A77
:10461000002BF3D0002003B0F0BD6FF00100704715
:104620004FF0FF30F7E700BFB445002065240000DD
:10463000C126000065280000880A0020BD26000071
:10464000BC0A002061280000C80A0020D40A00200B
:104650002D250000612400003D270000740A002081
:104660003F0D0300014B586800F06ABDB4450020BF
:104670000246024B0020C3E931217047B4450020B7
:1046800010B4064A044600230548C2E92A43C2E999
:104690002C335DF8044BFFF7ADBE00BFB4450020DE
:1046A000480A002000B5074B864600220648C3E9A9
:1046B0002A12C3E92C2283F8ACE05DF804EBFFF783
:1046C00099BE00BFB44500209C0A002038B50446BE
:1046D00001F10E000D462DED028B00F087FA07EE7A
:1046E000900A9FED1D8A05F11000F8EEE77A67EE5B
:1046F000887AC4ED057A00F079FA07EE900A05F1A0
:104700001200F8EEE77A67EE887AC4ED067A00F0D8
:104710006DFA07EE900A05F11400F8EEE77A67EEFD
:10472000887AC4ED077A00F061FA07EE900A05F185
:104730001600F8EEE77A67EE887AC4ED087A00F0A2
:1047400055FA07EE900A0020FAEECA7ABDEC028B09
:10475000C4ED097A38BD00BF0000803838B5044682
:1047600001F10E000D462DED028B00F03FFA07EE31
:10477000900A9FED188A05F11000F8EEE77A67EECF
:10478000887AC4ED057A00F031FA07EE900A05F157
:104790001200F8EEE77A67EE887AC4ED067A00F048
:1047A00025FA07EE900A05F11400F8EEE77A67EEB5
:1047B000887AC4ED077A00F019FA07EE900A002013
:1047C000F8EEE77A67EE887ABDEC028BC4ED087AE2
:1047D00038BD00BF0000803870B52DED028B4B7ADC
:1047E0000D46044603702A2B91ED007B80ED027B81
:1047F00040D0CA7A013B42700A7B02F00302827009
:104800002A2B00F2C580DFE813F09400F600F100D7
:1048100094009F0194001501EB00DB01CF01C3015F
:10482000B701AB01C6006E01BF0061012B00BF00E4
:10483000D2007901D200C60098012B002B002B007A
:104840002B00C3000101BF002B002B002B002B000D
:10485000C300C300C300C3007301A501C300FB0074
:10486000002601F10E0000F0BDF9A0823046BDEC3B
:10487000028B70BD002601F10A00DFEDD48A66705C
:10488000A67000F0B3F907EE900A05F10C009FED59
:10489000D08AF8EEE77A67EEA87AC4ED057A00F0E0
:1048A000A5F907EE900A05F10E00F8EEE77A67EE3B
:1048B000A87AC4ED067A00F099F907EE900A05F19E
:1048C0001000F8EEE77A67EEA87AC4ED077A00F0F8
:1048D0008DF907EE900A05F11200F8EEE77A67EE1F
:1048E000A87AC4ED087A00F081F907EE900A05F184
:1048F0001400F8EEE77A67EE887AC4ED097A00F0E2
:1049000075F907EE900A05F11600F8EEE77A67EE02
:10491000887AC4ED0A7A00F069F907EE900A304609
:10492000F8EEE77A67EE887ABDEC028BC4ED0B7A7D
:1049300070BD01F10E009FEDA78A00F057F907EE58
:10494000900A05F110000026F8EEE77A67EE887A03
:10495000C4ED057A00F04AF907EE900A05F112005D
:10496000F8EEE77A67EE887AC4ED067A00F03EF951
:1049700007EE900A3046F8EEE77A67EE887ABDECEB
:10498000028BC4ED077A70BD8A7B002602756DE745
:104990004FF0FF366AE701F10E00002600F026F91D
:1049A00007EE900AFAEEEC7AC4ED057A5EE701F1C3
:1049B0000E00002600F01AF9034605F11000A3824C
:1049C00000F014F9034605F11200E38200F00EF93D
:1049D000034605F11600238300F00CF9E06145E77A
:1049E000BDEC028BBDE87040FFF7B8BE01F10E00D0
:1049F0009FED798AA1E701F10E009FED788A9CE78F
:104A00008A7B00260275CA7B42752FE78B7B01F1FA
:104A1000190203F07F01DB090175437515F80F3F9B
:104A200004F8163F15F8013FAA4204F8013FF9D1F6
:104A300000261BE701F10E009FED688A00F0D6F812
:104A400007EE900A05F110000026F8EEE77A67EE0F
:104A5000887AC4ED057A00F0C9F807EE900A05F1EE
:104A60001200F8EEE77A67EE887AC4ED067A00F075
:104A7000BDF807EE900A05F11400F8EEE77A67EE4C
:104A8000887AC4ED077A00F0B1F807EE900A05F1D4
:104A90001600F8EEE77A67EE887AC4ED087A00F03F
:104AA000A5F807EE900A05F11800F8EEE77A67EE30
:104AB000887AC4ED097A00F099F807EE900AF8EECA
:104AC000E77A67EE887AC4ED0A7ACFE601F10E0044
:104AD000002600F089F8034605F11200636100F03A
:104AE00083F82083C2E601F10E009FED3B8AA5E723
:104AF000BDEC028BBDE87040FFF7E8BD01F10E0090
:104B0000002600F073F8034605F11000A38200F0C0
:104B10006DF8034605F11200E38200F067F80346E2
:104B200005F11400238300F061F8034605F1160037
:104B3000638300F05FF8E06198E601F10E00002663
:104B400000F052F8606191E6BDEC028BBDE8704068
:104B5000FFF7BCBDBDEC028BBDE87040FFF7FEBDAA
:104B600001F10E00002600F041F807EE900AFAEE7F
:104B7000CE7AC4ED057A79E601F10E00002600F048
:104B800035F807EE900AFAEECC7AC4ED057A6DE6B8
:104B900001F10E00002600F02DF807EE900AFAEE63
:104BA000CC7AC4ED057A61E601F10E00002600F032
:104BB00021F807EE900AFAEEC67AC4ED057A55E6BA
:104BC000BDEC028BBDE87040FFF780BD000080386F
:104BD0000000803A0000803B0000803D0000003B68
:104BE000007870470088704700687047B0F900008F
:104BF000704700BF006870472DE9F84F4FF000097B
:104C0000074600F2245B00F2C4685BF804ACCBF802
:104C10002490BAF1FF3F1ED007F2BE64002503E0E6
:104C200001352C34082D16D0D4F82260002EF7D090
:104C300034F8023C9A45F3D12146584603F0F4FF7C
:104C40000028EDD12C23CBF8246003FB0575D5F8A3
:104C5000E436CBF828300BF1340BC345D5D1BDE891
:104C6000F88F00BF10B590F8DC447CB104EBC40EA3
:104C7000002300F5856C01E0734505D05CF8232026
:104C800009338A42F8D110BD052CFCD004EBC402D4
:104C900004F1010C242300EB820280F8DCC4C2F88A
:104CA000281440F22C41002213FB0413BDE81040ED
:104CB000C254FFF7A1BF00BF802900D0704738B5AC
:104CC000054618461C4604F07BF9072800D938BD74
:104CD000421C214605F10C00BDE8384000F0C0BC84
:104CE000002A18BF00292FD02DE9F04F97B00B787C
:104CF000029313B117B0BDE8F08F029D0223012A81
:104D000080468DF818508DF8385080F8243400F023
:104D100006810124894603950192631CA61C19F89B
:104D200004A09BB2B6B219F803B00AF1FF3306EB48
:104D30000B044E44A4B2082B38D8DFE803F0B9AF17
:104D4000AB9F948D86650600704731460EA803F030
:104D5000A5FE029A0490072A28D8342140F2245054
:104D600011FB020301FB028731464344C7F820557B
:104D70001846059304F0C2F80021039B4046A7F8AB
:104D80001C1587F84435C7F84815C7F84C15FFF7C8
:104D900033FF0EA9049A059B521AC7F820551846EE
:104DA000013200F05DFC039B87F844354346002246
:104DB000B3F8E0148D4200F0938001320C33052AE1
:104DC000F6D1019BA342A8D843460022B3F8E014D1
:104DD000A94207D001320C33052A8BD0B3F8E01476
:104DE000A942F7D1D3F8E444002CF3D002EB4202FD
:104DF0000023A44608EB820819461A46D8F8E804AE
:104E000017B0BDE8F04F604706AF3146384603F0B3
:104E100045FE98F8DCC4BCF1000FC7D04246002321
:104E200002E001336345C1D0D2F828142432A942EC
:104E3000F7D103EBC303C21B394608EB83030132EE
:104E400003F22C4000F00CFCB0E73046FFF7C8FE40
:104E5000012302900393A9E73046FFF7C1FE002328
:104E600002900393A2E73046FFF7BCFE043883B2FA
:104E7000B3F5C07F9AD2A8F8183197E73046FFF70C
:104E8000B1FE043883B2FF2B88BF4FF48073A8F8BB
:104E900016308BE73046FFF7A5FE87E73046FFF771
:104EA000A1FE043883B2FF2B80D8A8F814307DE728
:104EB00043460022B3F8E014A94221D001320C335A
:104EC000052AF7D13046FFF78FFE054640462946B2
:104ED000FFF7C8FE00238DF818308DF8383065E7ED
:104EE000D3F8E474002F3FF468AF02EB420033467E
:104EF0005A46514608EB8000D0F8E804B84760E70E
:104F0000D3F8E474002FD9D002EB420208EB8203FD
:104F1000D3F8E80400231A461946B847D2E7029DA1
:104F200052E700BF70B53C4C05462178002968D097
:104F3000002D6ED0394C2668002E6AD140F634021E
:104F40003146204603F026FD4FF00123314620462E
:104F500063612560FFF786FE314A04F22453C4F8EA
:104F6000206584F84465A4F81C65C4F84865C4F855
:104F70004C6592E8030083E803002046FFF73CFEFF
:104F800094F8DD34042B0DD85A1C03EB430384F84A
:104F9000DD2404EB8303234AA3F8E064C3F8E84468
:104FA000C3F8E42494F82434022B02D1002384F8BB
:104FB000243494F81C28072A1BD8511C2C2384F86D
:104FC0001C1840F2BE6103FB024613FB02130021D2
:104FD000134AA6F8BC1604EB030C03CAE050124BAC
:104FE000CCF804100D48C6F8E446C6F8E036FFF7E2
:104FF00003FE0123284684F824342B689847074889
:1050000070BD40F63402054803F0C4FC0123237050
:105010008EE7002070BD00BFBD500020C4470020B7
:10502000E00A0020B9300000E1300000C0E90112C0
:10503000704700BF32B38C46114670B51E461378D8
:10504000D3B1044690F81C08072818D82C22431C1A
:1050500002FB004584F81C3805F2BE60A5F8BCC60A
:1050600003F04CFF049B2046C5F8E066C5F8E43623
:10507000FFF7C2FD002070BD6FF0010070BD4FF062
:10508000FF3070BD6FF00100704700BF90F8DDC4C5
:10509000BCF1040F1BD800B50CEB4C0E0CF1010C4D
:1050A00080F8DDC400EB8E0CACF8E014CCF8E424FE
:1050B000CCF8E83490F82434022B02D000205DF8BC
:1050C00004FB002380F8243400205DF804FB90F8F2
:1050D0002434022B02D1002380F8243400207047AE
:1050E0002DE9F843002605468946904600F22C47F4
:1050F0003846494603F098FD2437044628B1013666
:10510000052EF5D1FF20BDE8F88306EBC60605EBBA
:105110008606D6F82864731CF4D005F22455284678
:10512000414603F081FD18B955F8043CB34204D060
:1051300001343435082CF2D1E4E7E0B2BDE8F8835D
:105140002DE9F043002383B090F8245404460193E2
:105150005DB1206801AB4FF4C07204F52971856818
:10516000A84778B903B0BDE8F0830122022329469D
:1051700080F82424514A00F0A3F80028E9D084F8EC
:105180002454E6E780B2DDF804C003285FD994F820
:10519000A51247F6FC7594F8A43294F8A62203EB06
:1051A000012394F8A7622B429FB244D0072A56D815
:1051B00094F81C38934252D9B4F81A31C7F30E0848
:1051C000002B59D1B8F5C07F5CD800231746C4F82E
:1051D000A0C284F81C21A4F89E32404504F21D1997
:1051E00004F52A7128BF4046054609EB03002A1F33
:1051F000A8EB050800F034FAB4F89E221FFA88F3F1
:10520000043AA4F81A31A81882B2A4F89E225BB915
:10521000342303FB0743D3F848552DB1D3F84C058D
:105220004946D4F8A032A8473423013603FB074788
:1052300087F81D6596E7D4F8243862680133C4F80E
:105240002438002A8ED00121A06890478AE7D4F83C
:1052500024380133C4F8243803B0BDE8F083D4F80F
:105260002C3862680133C4F82C38002A3FF47AAF36
:105270000321A068904775E70B0610D40023A4F81B
:105280001A319FE7D4F8283862680133C4F8283807
:10529000002A3FF467AF0221A068904762E794F8C4
:1052A0001C719742EAD1342303FB074393F81D3561
:1052B000B342E3D1B4F89E328FE700BFA4070020C9
:1052C0002DE9F04F1E46838A83B0B34201925DD32D
:1052D00007298346894651D800274FF0340808FB38
:1052E00001083946002E45D0BBF81620043A92B288
:1052F000B24228BF3246141D9246A4B2230A8BF84C
:10530000184009B163F07F038BF819305D468BF8C4
:105310001A90A6EB0A0698F81C35019AB6B2581CEA
:10532000D119524688F81C050BF11C008BF81B3074
:10533000574400F095F955F8180B2246BFB2C368E0
:105340002946984750B95846FFF7FAFEDBF80000A7
:1053500022462946C36898470028F4D000284FF019
:105360000101BFDADBF820380B44CBF8203803B05A
:10537000BDE8F08F304603B0BDE8F08FD0F830388C
:105380006FF001000133CBF83038F0E76FF0010027
:10539000EDE700BFEFF3108272B6437F5BB9017F88
:1053A000012930B40BD0032913D00123437702B96C
:1053B00062B630BC70470AB962B670477047124C8B
:1053C0002168B1B1114943610B680860836158617C
:1053D000EBE70F4D0F492C688CB143610B6883617B
:1053E00058614FF0E0234FF080540860C3F8044D3B
:1053F000DBE7064B20601860C0E90511D5E7C0E97E
:1054000005442860EDE700BF604200206C420020A8
:10541000684200206442002070B5EFF3108272B63B
:105420000C4C206880B10C4E00254369236073B199
:105430009D6102B962B6836845779847EFF31082A1
:1054400072B620680028F0D102B962B670BD336030
:10545000EFE700BF6842002064420020FFF7DCBF96
:105460000449054A4968054B196013680133136004
:10547000704700BF001000E08450002080500020E2
:10548000084601F0AFBA00BF00B5036883B040F62C
:105490000D2C022201A95B68ADF804C0984703B047
:1054A0005DF804FB054B022888BF034610B41C6856
:1054B000184663685DF8044B184700BF500D002084
:1054C00000B970472DE9F84F01218146214C224D4A
:1054D000224E54E8003F2A68306844E80013002B4D
:1054E000F7D11F494B684FF47A7BDFF878A01B1A7D
:1054F00001270BFB02F8DAF80020A3FB02325A4521
:1055000094BF9044D84454E8003F2A68306844E887
:105510000073002BF7D14B68DAF800C01B1A0BFBA5
:1055200002F2A3FB0C3CBCF57A7F94BF624402F507
:105530007A72A2EB0802B2F57A7F06D3B9F10109BB
:1055400008F57A78DFD1BDE8F88F01F0DFFA044979
:10555000D9E700BF885000208450002080500020F0
:10556000001000E060500020272816D80201104BE0
:1055700003EB00109B5810B4C2685C68144205D05D
:1055800061B95DF8044BC3F888207047836851B156
:10559000084A5DF8044B1A60704770475DF8044B89
:1055A000C3F884207047044A5DF8044B1A607047C2
:1055B000C807002038F001003830010027280BD838
:1055C000064B020103EB00109A58C36892681A4216
:1055D00014BF01200020704700207047C80700203A
:1055E000272829D8164B0201012903EB00109A58ED
:1055F00010B45368C4680ED004290CD023EA040305
:1056000053608368A9B1022917D003290CBF0D4A42
:105610000D4A1A6007E0234301295360836808D0CC
:1056200040F638021A60436815225DF8044B1A6090
:10563000704738221A60F6E77047044A1A60F2E7AA
:10564000C8070020383001003800010038F00100A0
:1056500008B5FCF7EDFFFDF799FA01F057FAFAE704
:10566000844641EA000313F003036DD1403A41D36D
:1056700051F8043B40F8043B51F8043B40F8043B2C
:1056800051F8043B40F8043B51F8043B40F8043B1C
:1056900051F8043B40F8043B51F8043B40F8043B0C
:1056A00051F8043B40F8043B51F8043B40F8043BFC
:1056B00051F8043B40F8043B51F8043B40F8043BEC
:1056C00051F8043B40F8043B51F8043B40F8043BDC
:1056D00051F8043B40F8043B51F8043B40F8043BCC
:1056E00051F8043B40F8043B51F8043B40F8043BBC
:1056F000403ABDD2303211D351F8043B40F8043B5C
:1057000051F8043B40F8043B51F8043B40F8043B9B
:1057100051F8043B40F8043B103AEDD20C3205D36B
:1057200051F8043B40F8043B043AF9D2043208D063
:10573000D2071CBF11F8013B00F8013B01D30B88D5
:1057400003806046704700BF082A13D38B078DD0B3
:1057500010F003038AD0C3F10403D21ADB071CBF85
:1057600011F8013B00F8013B80D331F8023B20F8EF
:10577000023B7BE7043AD9D3013A11F8013B00F828
:10578000013BF9D20B7803704B7843708B788370B0
:105790006046704702F07ABA02F080BA01F1FF3C2D
:1057A00070B56646002400E00134B0FBF2F502FB60
:1057B0001503092B03F1370E03F130035FFA8EFE58
:1057C00098BF5FFA83FE9042284606F801EFEBD2BD
:1057D000631C0022C818CA547CB162461CF8015FE1
:1057E00010F8016DA1EB0C0302328CF80060013B54
:1057F000521A057023449A42EFDB084670BD00BF81
:1058000072B6EFF30583524CC4F884301EF0040FD7
:105810000CBFEFF30882EFF309824FF0E0234D4E07
:105820004D4DD3F8280DD3F82C1DC4E92201D3F82F
:10583000341DD3F8383DC4E924139369C4F8983073
:10584000D369C4F89C3000F0D1F884ED280A01F047
:10585000F9FB0B214FF0FF32C4F8A4000B46C4F84B
:1058600080103E49301D5A40202402F00103013CC3
:1058700001FB03F383EA5202F7D1A84202D0736816
:105880000646EFE7324BC3F8A820BFF34F8F4FF027
:10589000E0233049324AC3F8701FC3F8702FBFF3BA
:1058A0004F8FBFF36F8F2F4A02252F48D36E2F499A
:1058B00043F44053D3660560D3692D4823F07F033A
:1058C00043F04003D3610B6883423DD8264D00214D
:1058D0004FF0E0234FF0FF3229600126C5F8081190
:1058E0002449C5F80011C5F80861C3F88021C3F840
:1058F0008421C3F88821C3F88C21C3F8902101E0EA
:1059000000F066F9D5F80C31002BF9D00134C5F858
:105910000C614F2CF4D9184B022018494FF000426B
:10592000C1F840015A63D5F80C313BB91448154908
:105930000D4A0163D2F80C31002BFAD04FF0E0236E
:10594000114AC3F80C2DFEE701F04CF9BEE700BF89
:1059500000FF272080FF2720A8FF27202083B8ED05
:10596000A0FF272000C00F4000400840FC0C002092
:10597000803DCD0B009F240000900D4000002E4084
:1059800000800F40F100AD0B0400FA050A490A68D7
:1059900038B108B513180948834204D810460B6083
:1059A00008BD1046704703F009F90C234FF0FF3291
:1059B0000360104608BD00BF640D002000002820D1
:1059C000002070474FF0FF30704700BF4FF4005386
:1059D00000204B60704700BF012070474FF0FF3040
:1059E000704700BF30BFFDE7FFF70ABF124AD2F889
:1059F00080305B07FBD5D2F880301048C3F30B230F
:105A00000F4990ED007A07EE903A91ED006AB8EEFA
:105A1000477A0C4AF8EEE77A0B4BD2ED006A77EE44
:105A2000C77A93ED007AB8EE477A67EE867A87EE0A
:105A3000A60A37EE400A704700810D405050002002
:105A4000585000205C50002054500020836BF0B46C
:105A50001BB1536843F40043536072B6446B3CB3CC
:105A60001A4B2260D3F8B0410C421DD1184E776812
:105A700004E07468E41BB4F5166F0BD2D3F8404110
:105A800044F48044C3F84041D3F8B851D3F84041BE
:105A90006404EED50D4007D10C4CC0E90225D4F8C2
:105AA000B0310B43C4F8B031426362B6F0BC70470A
:105AB000064DC0E90224D5F8B0310B43C5F8B0312A
:105AC0000263426362B6F0BC704700BF00002E4024
:105AD000001000E070B5056B9DB106462A46002413
:105AE00003E012680134012A0CD0536813F08003DC
:105AF000F7D032632CB12846B36B2D689847013C30
:105B0000F9D170BDC6E90C33F4E700BF30B4D9B9A0
:105B10001F4C204B0021204A01254FF001109960B5
:105B20001D60C4E9023180245C60C2F8BC01D2F877
:105B3000B0311A482B43C2F8B0310160D2F8B0310D
:105B4000002BFBD130BC70470904154B104C0125CC
:105B500041F080019860104A596000F580511D6045
:105B6000D96000F50051A364196100F5405100F5BA
:105B70008040596100219861E164D2F8B03143F46A
:105B80008033C2F8B031D2F8B031002BFBD1C0E77E
:105B900000000020C016002000002E40B847002062
:105BA000E0160020084901220B7802FA00F023EAEF
:105BB0000000087030B9054AD2F8483123F080035C
:105BC000C2F84831704700BFBE50002000002E4090
:105BD0002DE9F04F974C83B0D4F84471FB07C4F81B
:105BE000447153D5D4F8AC21002A4AD0924EDFF844
:105BF00060A2DFF87492DFF874B2DFF87482C4F840
:105C0000AC21D6E90A20D4F8403143F40053C4F85B
:105C10004031D4F840319D04F5D5D4F8403123F417
:105C20000053C4F840314FF00113C4F8B431D4F834
:105C3000B45115F00115FAD193B28446CAF8005058
:105C4000B3F5086F00F0CF8100F2DB8040F2023143
:105C50008B4200F0E78100F29A80822B00F0CB812A
:105C6000B3F5817F40F08A8010F0780F83B200F0A6
:105C700003824FF00113C4F8C031D4F8AC21002ADC
:105C8000BDD16C4AD2F8BC31002B42D17E0616D56C
:105C9000684BD3F8AC21C3F8AC21D3F8BC21C3F8CE
:105CA000BC21D3F8B041002CFBD14FF0FF32C3F838
:105CB000B421D3F8843100F02DFD604B1C60FC0151
:105CC00003D55F4B1B6803B19847B80103D55D4B03
:105CD0001B6803B19847790708D5564BD3F8843130
:105CE00013F4007347D0584B01221A70514BD3F86C
:105CF00048311A060AD53B0608D5544A13782BB109
:105D0000013BDBB21370002B00F0728203B0BDE8E0
:105D1000F08F4F49C2F8BC310868034240F0D1818E
:105D2000464A14681C40B1D05FEA144810D0424E75
:105D30004FF0010998FAA8F5B5FA85F506EBC510FC
:105D400009FA05F54030FFF7C5FE38EA0508F1D13C
:105D5000A4B2002C9AD0384E4FF0010894FAA4F562
:105D6000B5FA85F506EBC51008FA05F5FFF7B2FEA2
:105D7000AC43F3D18AE7344A1370B7E7802B7FF442
:105D800078AF344802210580FFF7C0FE75E7B3F510
:105D9000A06F00F00B81A3F5D063012B3FF669AF34
:105DA0002D4B5D68002D3FF464AF1FFA8CFC4FEA69
:105DB000124E04E01D690C33002D3FF45AAF1A88CF
:105DC0007245F7D15A886245F4D14FEA1E22032A60
:105DD00000F0A5811A89000C824228BF0246BEF558
:105DE000007F40F0A181184B1C4918781C4B019290
:105DF000002818BF19461B48FFF732FC194D019ABD
:105E0000E1E142F221218B427CD033D942F22131AF
:105E10008B4200F081804FF6C0018B427FF429AFA6
:105E200010F47F4F83B27FF424AF43F46E4363F3E7
:105E30000F0CB5E700002E4000000020BC470020FA
:105E4000985000209C500020C4500020C5500020D5
:105E5000B847002014500020300B00202C1B00609D
:105E6000901B006000002020B04700205DCFC6B826
:105E7000C0012E40B3F5106F66D042F221018B4273
:105E80007FF4F7AE030C072B7FF4F3AEB24BB349AC
:105E9000F560D960B249B360C3F80890C1E9002049
:105EA00001221A60AF4A5A60AF4A1A61D4F8B011A1
:105EB00041F00101C4F8B01102F5805102F5005221
:105EC00059619A61D4F8B031002BFBD1A74AF36431
:105ED00093600123B264136048F2800353604FF073
:105EE0000113C4F8BC31D4F8B03143F48033C4F8A2
:105EF000B0314FF48033CAF80030D4F8B031002B01
:105F0000FBD1BAE680B238B9994BC2F3074219689F
:105F1000984B1960984B1A70944B00229A60F26467
:105F20000122B3641A6080225A604FF00113C4F852
:105F3000BC31D4F8B03143F48033C4F8B031D4F874
:105F4000B031002BFBD198E6C2F307428B4B1A709D
:105F50008B4BC4F8C8318B4BC4F8CC318A4BC4F896
:105F6000D03100F0D9FB80222946884802F012FD8A
:105F7000874B8022C6F8A0B0C6F8E0307B4BF564B2
:105F80005A600122B3649D601A604FF00113C4F897
:105F9000BC31D4F8B03143F48033C4F8B031CAF81E
:105FA0000050D4F8B031002BFBD166E66F4B0121D5
:105FB000F564196080219D60B36459604FF001134E
:105FC000C4F8BC31D4F8B03143F48033C4F8B031F4
:105FD000D4F8B031002BFBD1130C5B0643F0807377
:105FE000C4F8543149E6654B01216A481B780370B7
:105FF000FFF78CFD41E683B210F078007FF439AEF4
:1060000003F07F0258F82210624A1080180600F14F
:106010009E80CB0701D50123137002215D48FFF755
:1060200075FD2AE610F0780F83B27FF422AE03F0FC
:106030007F0213F0800F58F8223014BF43F48033EE
:1060400043F0010348F822300022484BF2649A6082
:106050000122B3641A6080225A604FF00113C4F821
:10606000BC31D4F8B03143F48033C4F8B031D4F843
:10607000B031002BFBD100E603F07F0213F0800F5C
:1060800058F8223014BF23F4803323F0010348F87A
:1060900022300022354BF2649A600122B3641A6008
:1060A00080225A604FF00113C4F8BC31D4F8B031EB
:1060B00043F48033C4F8B031D4F8B031002BFBD1B5
:1060C000DBE50020086026490C88486842F221017F
:1060D0008C427FF425AE80B200287FF421AE2E4999
:1060E0002E4C03C9A18086284FEA11412060A1717E
:1060F0007FF416AE72B62A48017841F008010170AB
:10610000D2F848110D0605D480200143C2F844019D
:10611000C2F8481162B6234A5021117000E6000C03
:106120002A78824228BF0246BEF5E06F44D11E4B5A
:106130001E4D18781E491F4B0192002818BF1946A2
:106140002846FFF78DFA07236B70019A3BE0C903DD
:106150003FF561AF61E700BFE0160020B0570020B7
:10616000B018002080000700B0670020C016002093
:106170008450002094500020C2500020C3500020C2
:106180000200CC00C80002000200C800800000200D
:106190001993D57414500020B04700208C50002073
:1061A000BE500020C5500020C45000200000202018
:1061B000901B00602C1B00602946104D0192284660
:1061C000FFF74EFA019A25F01F031544BFF34F8FD6
:1061D0004FF0E021C1F8703F20339D42FAD8BFF361
:1061E0004F8FBFF36F8F05481146FFF78FFC44E5D3
:1061F0000320FFF7D7FC08F087F800BF000020203D
:106200002DE9F0471F46831E022B01D9BDE8F08718
:10621000DFF84C9015460C463C2209EBC0180646A8
:106220004FEAC01A002108F10400240402F0B2FB76
:10623000B5FA85F20123520944EA427449F80A404A
:10624000C8F83870C8F80830002FDFD0034AB340D0
:1062500011680B431360BDE8F08700BFBC47002006
:10626000000000202DE9F0470D46811E022901D9CA
:10627000BDE8F087C701DFF84C90924604464037EE
:106280003C2200211E4609EB07082D0408F10400FA
:1062900002F080FBBAFA8AF2520945EA427249F8E2
:1062A00007200122C8F83860C8F80820002EDFD087
:1062B000034B10341968A2400A431A60BDE8F08706
:1062C000BC4700200000002012048160C36101F57A
:1062D000405342F0800210B40124426001F50052A4
:1062E000046001F5805401F58041C46081615DF86E
:1062F000044BC0E904237047831E0A46022B00D9D1
:106300007047064B00F110014FF0010C03EBC01079
:106310000CFA01F14030FFF799BB00BF00000020EC
:10632000831E0A46022B00D970470121024B81408F
:1063300003EBC010FFF78ABB0000002040687047E5
:10634000124A134BD2F8200220F07F40984210B539
:1063500084B002D200EB800040000E4C01A90A225A
:10636000FFF71CFA01A90023204611F8012B013385
:106370003AB10A2B20F8022FF7D11623237004B06C
:1063800010BD5B00DBB2237004B010BD00441F40A1
:10639000809698004813002000F0DCBA00F0ACBAF8
:1063A00000F010BB00F0CABA00F066BB00F03CBBC6
:1063B0000846114600F02CBBF8B5144C4FF0E02510
:1063C000134E4FF4003204EB4024124F06EB4016FC
:1063D0000346C5F88C2121463A883046FFF774FF02
:1063E0003B882344BFF34F8FC5F85C4F2034A34252
:1063F000FAD8BFF34F8FBFF36F8F03203146FFF7FB
:106400008FFF4FF40033C5F80C31F8BD8000202019
:1064100000170020AC500020244B2DE9F0411C88CF
:106420004368C569C3F30E43E41A002C24DD2049F8
:1064300020480A780078D3B21F4E82421F4807D006
:1064400010F8038036F81870C7F50072944218D916
:106450000133002226F81540082B194E88BF134639
:1064600026F8152098BFDAB2C554164B0A701A6880
:1064700014441C60BDE8F0812846BDE8F041FFF7F8
:106480009BBF07EB4820104922462744084401EBF4
:106490004521FFF7E5F80B4A284626F818701368DF
:1064A0002344BDE8F0411360FFF786BFAC500020E5
:1064B000BB500020BC50002024500020445000203D
:1064C0003450002020500020800020201D4B1A78DE
:1064D000002A36D102F0FF031B4A12788AB32DE955
:1064E000F0411A4D2A8852B3194EC2F50068194F6F
:1064F0003278194C07EB421704EBC2244246384667
:106500002146FFF7E1FE04EB0802BFF34F8F4FF087
:10651000E023C3F8704F2034A242FAD8BFF34F8F64
:10652000BFF36F8F04203946FFF7E6FE337801335F
:10653000DBB2032B88BF0023337000232B80BDE820
:10654000F0817047C1500020C3500020AE500020A1
:10655000C050002000180020801020202DE9F04FAE
:1065600085B0CDE90110002900F0BF800023604C08
:10657000DFF89881DFF898A15E4F009301235E4A0F
:1065800023705E4B1978B8F8003002EB4119002BEC
:1065900040F0A7801E461D469B464846FFF7CEFEAC
:1065A00010F0800000F08C80BFF34F8F9AF800301D
:1065B00084F800B005B93E68002B7DD13B689B1B79
:1065C000782B00F287804E4B1B78002B74D000F0A4
:1065D0009DFA0122B8F8003015462270002BDCD05D
:1065E000464AC3F5006011781A4600EBC120454DBC
:1065F000C9022844019D954217D20393DDE9015158
:106600002A46FFF72DF8039B4FF040425B1BA8F88A
:1066100000303D4BC3F88420BFF34F8F0098002318
:106620002844237005B0BDE8F08F364BCD18029991
:10663000FFF716F800234FF4006229464846FFF79B
:1066400043FEBFF34F8F05F1200205F5006393422F
:1066500034BF012340234FF0E02205EB4313C2F87F
:10666000705F2035AB42FAD1BFF34F8FBFF36F8F0E
:1066700004204946FFF740FE204A13780133DBB27D
:10668000032B84BF00231D4A1370B8F80030019A11
:10669000D11A009A1A4401910092029A1A440023D6
:1066A0000292194AA8F80030C2F88430BFF34F8F25
:1066B000237000297FF462AF009805B0BDE8F08F29
:1066C0004FF400620D4B8AF8000019781346A8F8C1
:1066D00000208AE7012300988AF8003005B0BDE861
:1066E000F08F1A46C3F500607FE70198E5E700BF29
:1066F000C15000208450002000180020C05000200D
:10670000C35000208010202000002E40AE500020FA
:10671000BF500020704700BF2D4B002180222D4824
:1067200070B51B7800242C4D8B422C4E0CBF40239F
:106730004FF400732B80338002F02CF9284A214655
:10674000284B14704FF4807227481C8002F022F905
:10675000264A1021264B0220C2E90044C2E9024425
:10676000244AC3E900441470234AC3E90244234B7A
:106770001C70234614602246FFF774FD22463188C0
:1067800003201F4BFFF73CFD2346012229880420EC
:10679000FFF768FD20460134FFF70EFE082CF9D103
:1067A000184B00214A221848184C0460C3F8841082
:1067B000C3F88020D3F84821154942F08072C3F80D
:1067C000482121B1134A137843F00103137070BDBF
:1067D000C450002000180020B0500020AC50002011
:1067E000C0500020AE500020001700202450002090
:1067F00034500020BB50002020500020BC5000200E
:106800001948000000002E4098500020CD4800009C
:1068100000000000C65000202DE9F04F4FF0E023AB
:106820004FF40032DFF8C8A083B0C3F88C218B4648
:106830009AF8004000294FD08046E4B20027DFF8E4
:10684000B490264BABEB070225491B78A34204F119
:1068500001043FD0092C234B404628BF00241E5D75
:1068600039F816C00CEB462319441F4B33F8165069
:10687000A5EB0C05AA421CD20CEB462C18491B4C6C
:1068800061440192FEF7ECFE216839F81650584633
:10689000019AA1EB0B012A44394429F81620216002
:1068A0004FF0E0234FF40032C3F80C2103B0BDE8F1
:1068B000F08F2A462F44FEF7D3FE0C49E3B2304650
:1068C0000A68A844521B0A608AF80030FFF774FD7A
:1068D000BB45B6D83846E3E70846E1E7BB500020A1
:1068E0008000202044500020245000202050002010
:1068F000BC500020345000200B4B0C4A1278197801
:10690000D3B28A420DD0013309480A4A092B0A49F9
:1069100028BF0023C35C31F8131002EB4323585CFB
:1069200070474FF0FF307047BB500020BC50002034
:10693000445000208000202034500020044B10B52B
:106940001C680CB1204610BD00F0E0F8204610BDD8
:10695000205000202DE9F84F144E154D33782A7839
:10696000934221D0DCB2DFF85090DFF850B0DFF86E
:106970005080104F0134082C5FFA84FA01D90024AA
:10698000A24619F80400DBF8003038F8102037F878
:106990001010521A9B1ACBF80030FFF70DFD86F845
:1069A00000A02B78A342E5D1BDE8F88FBC500020B1
:1069B000BB500020345000204450002020500020C4
:1069C0002450002000B583B001210DF10700FFF72E
:1069D00023FF20B19DF8070003B05DF804FB4FF0E2
:1069E000FF30F9E7094B00B583B01B788DF807003D
:1069F0003BB101210DF10700FFF7B0FD03B05DF8D9
:106A000004FB03F0FF0003B05DF804FBC35000205B
:106A1000044B1B7803F0FF020BB1FFF79FBD10463C
:106A2000704700BFC35000202DE9F0410024DFF87B
:106A3000448001230D4D27460D4E88F800303378F1
:106A400028462035A34204F1010405D0FFF776FC67
:106A5000030658BF07F50067042CF0D1BFF34F8F32
:106A60000023384688F80030BDE8F0810018002087
:106A7000C0500020C15000202DE9F8431D4B1B7869
:106A800013B11D4D2A880AB9BDE8F8831B4EC2F523
:106A900000691B4933784A461A4C01EB43181A4FD8
:106AA00004EBC324012340463B7021460023FFF73B
:106AB0000BFC04EB0902BFF34F8F4FF0E023C3F848
:106AC000704F2034A242FAD8BFF34F8FBFF36F8FBD
:106AD00004204146FFF710FC33780133DBB2032B6F
:106AE00088BF0023337000232B80BFF34F8F3B7090
:106AF000BDE8F883C3500020AE500020C0500020F5
:106B00000018002080102020C15000202DE9F843FB
:106B10002D4B1E7866B12D4F3B784BB90123F10701
:106B20003B7043D4B20726D400233B70730701D4D3
:106B3000BDE8F883264B1A68002AF9D0EFF30582E6
:106B4000002AF5D1EFF3108572B61868002834D00A
:106B5000204C2178002930D10122227042691A602C
:106B6000002A2ED0916105B962B600258368457769
:106B700098472570DCE7DFF8648098F80030002B38
:106B8000D2D00025DFF858902B4659F82340013524
:106B9000236820461B69984710B163699B68984732
:106BA00098F80020EBB29A42EFD8BDE7FFF7C6FE97
:106BB0000028B7D0AFF30080B4E7002DB8D162B69B
:106BC000B6E7054B1A60CEE7C6500020B95000204A
:106BD00060420020B75000206C420020B8500020D6
:106BE00070420020A249A34B88422DE9F047A24CF5
:106BF0005E699A69D4F80C801BD9A04B984240F288
:106C00000281C31A9E491B0AA1FB031340F22761AC
:106C1000DB0903EB830303EB830303F2E2438B42C1
:106C200028BF0B46A3F54877964BA3FB0737FF0811
:106C300004E0954FB8428CBF0E2706278D4908F017
:106C40001F09D1F88030B94543F0C003C1F8803046
:106C50000CD228F01F08A1F5F82148EA0708C1F86E
:106C60000C800B68002BFCDA08F01F0916F000738B
:106C700024D186490C698649A14300F0EA8082F458
:106C8000805134464FF4805514F0605F04D026F0F4
:106C900060561E43774B5E6111F4405F07D022F4CB
:106CA000405274492A438A618B6C1A07FCD446F01F
:106CB0000076704A5661936C9B06FCD4754CA042DA
:106CC00000F2CE804FF0010C0146634603FB011237
:106CD00003F1010E0CF10105A24218D8BEF1080F14
:106CE0004FF0010340F08D80BCF1040F00F2918061
:106CF0000A18A24200F2A48005FB00F1AC4603F1A1
:106D0000010E03FB01120CF10105A242E6D90CF1C0
:106D1000FF318C0286EA81215F4810445F4A90422D
:106D20007FD9DFF8A4A16C225D48584DB0FBFEF07E
:106D3000D5F800E0B0FBFCF0DFF890C10EEA0C0CD7
:106D4000D44509D042F400524FF4805CC5F800C02D
:106D50002A602A68002AFCDA464A156905F0070508
:106D60009D4203D01361936CDD03FCD411F4E05F0A
:106D700009D026F4E05604F4E0543E4A2643566116
:106D8000936C9907FCD44749474A014491423CD847
:106D9000464BC909A3FB0131090B4B1E1B0286EAB6
:106DA000030212F4407F06D026F4407603F44073C9
:106DB000304A334353612F4A536923F000735361C0
:106DC000936C9B06FCD43A4B4F45A3FB00234FF03A
:106DD000FF324FEA9343B0FBF1F1B2FBF3F3354AD4
:106DE0001060354A1160354A136008D228F01F0838
:106DF000214A48EA0707D7601368002BFCDABDE890
:106E0000F087734662E7122718E74FF440730421B6
:106E1000C5E70CF1FF31204807238C02104486EAB5
:106E20008121274ADFF8A8A0A2FB0020020D2548F7
:106E3000362A38BF362202FB00F042EA0A0A74E71B
:106E40004FEA8C24002386EA8C214FF0010EAC46D9
:106E500062E71D4686F0C05411464FF0C05313E759
:106E600000244FF0010C024631462346E64653E724
:106E700000A4781F00C00F40000008400046C32354
:106E800023B24C001F85EB5100366E0100800D408F
:106E900040300080FFB19F26808D5B00FF7EF64D65
:106EA00000643F4D7FD1F0087F17B42C9F10E500A0
:106EB00083DE1B43FC0C0020F80C002060500020F7
:106EC000819F5E16001BB7006C2000807F30018020
:106ED0000020008000230F2248F2B82C194610B57C
:106EE0004FF470444FF4806EA0F88C414FF460442E
:106EF000A0F88E210A46A0F89031B0F888319BB2F4
:106F000043F0F003A0F8883101EB4103013100EBBD
:106F1000431304299C80A3F806E05A841A865A80F9
:106F20005A81A3F80EC05A82DA825A83DA83EBD1EF
:106F3000B0F888319BB243F00F03A0F88831B0F865
:106F400088319BB243F47063A0F8883110BD00BF54
:106F5000374B384A996F384841F47F0170B59967CB
:106F600041F20106D3F8801045F6C05543F22604DD
:106F70000A43C3F88020FFF7ADFF00F58040FFF71C
:106F8000A9FF00F58040FFF7A5FF00F58040FFF75F
:106F9000A1FF0022A0F503104FF00F0E114600EBE9
:106FA00042134FEA421C01329981042A5981A3F805
:106FB0000EE09E82DD8020F80C1019829C81EED1BB
:106FC00000221E484FF00F0E41F20106114645F611
:106FD000C05543F2260400EB42134FEA421C013233
:106FE0009981042A5981A3F80EE09E82DD8020F861
:106FF0000C1019829C81EED1002211480F2641F21B
:107000000105114645F6C05443F2260E00EB42132B
:107010004FEA421C01329981042A5981DE819D8206
:10702000DC8020F80C101982A3F80CE0EED170BDC2
:1070300000C00F40000003FC00C03D4000001E40A7
:1070400000401E40074A506A936A19468446506AB7
:10705000936A9942F9D18445F7D1DB0B43EA40406A
:10706000704700BF00400D4003460846194601F036
:10707000C5BA00BF2DE9F04F8146007B0E7885B080
:107080000028784DD9F808000CBF012380231E4248
:107090000293B5FBF0F50CBF4FF001084FF000086C
:1070A000002A00F0DC800B46013AEDB2DFF8BCB1FB
:1070B0001344DFF8BCA101910393029C0027002D2B
:1070C00063D199F80D3013F0F70F3CD1264299F9AE
:1070D000100014BF01210021414505D0421C03D0FE
:1070E000C0B28846FEF740FA012199F80F00FEF77A
:1070F0003BFA002D6FD199F91100431C04D0C0B2A6
:10710000FEF75CFA00B12743002199F80F00FEF763
:107110002BFA99F80C3093B96400E4B2002CCED16C
:1071200099F91130013301D0019B1F70039A019B23
:107130009A4200F0948013F8016F0193BDE7640850
:10714000002CBCD1ECE70C2B2FD199F91000411C7D
:1071500004D0C0B206EA0401FEF706FA002199F84D
:107160000F00FEF701FA002D45D1012199F80F001B
:10717000FEF7FAF999F91100431CCAD0C0B2FEF724
:107180001DFA0028C5D02743C3E7DBF80410364BAF
:10719000DAF80020A3FB0232920C05FB02F2DBF8C6
:1071A00004305B1A9A42FAD88BE7012199F80F0054
:1071B000FEF7DAF9002D42D199F91000421C04D0F3
:1071C000C0B206EA0401FEF7CFF9002199F80F00DA
:1071D000FEF7CAF9CEE7DBF80410234BDAF80020FB
:1071E000A3FB0232920C05FB02F2DBF804305B1ABF
:1071F0009A42FAD87FE7DBF804101B4BDAF800203C
:10720000A3FB0232920C05FB02F2DBF804305B1A9E
:107210009A42FAD8012199F80F00FEF7A5F9DBF898
:107220000410114BDAF80020A3FB0232920C05FB8C
:1072300002F2DBF804305B1A9A42FAD89AE7DBF8DC
:107240000410094BDAF80020A3FB0232920C05FB74
:1072500002F2DBF804305B1A9A42FAD8ACE705B0C8
:10726000BDE8F08F20A1070083DE1B43001000E083
:10727000FC0C002030B482B00C4602AB03E90600DF
:10728000C37C002B30D072B6C37CDA0708D54FF030
:10729000E0214569D1F880212A408262C1F880212D
:1072A0009D0708D54FF0E0218569D1F884212A4057
:1072B000C262C1F88421590708D54FF0E021C569A1
:1072C000D1F888212A400263C1F888211A0708D51D
:1072D0004FF0E021056AD1F88C212A404263C1F8C1
:1072E0008C21DB062FD462B683689C4235D0224BBA
:1072F00084609B69214AC3F30111C3F3826352F88E
:1073000021100133B1FBF3F2CCB1944227D8B2FB88
:10731000F4F3B2FBF3F294422CD3B3F5817F20D384
:10732000174CC460036803220020019918615A6257
:1073300001221C6419661A6102B030BC7047994280
:10734000EFD3531CE9E74FF0E022416AD2F89031C5
:107350000B408363C2F89031C5E7C468E2E70024BC
:10736000DFE7022BFBD9023B5A08140244EA02442D
:107370001C43D6E71A46E4E700C00F403005002062
:10738000FF7F7F00F8B504461D46079B16468173B4
:10739000FF204FF6FF7123600023E0732182082055
:1073A0006360A3749DF81870FEF7F4F9002D0A4B82
:1073B000066018BF07233A0748BF43F00043436005
:1073C0007B0703D5436843F08043436025736773AD
:1073D000C4E901062046F8BD0700800010B5044648
:1073E000406810B10821FEF7D7F9204610BD00BF54
:1073F00010B5044690F90E00411C07D00121C0B21F
:10740000FEF7EEF80121A07BFEF7AEF8206820B170
:10741000FCF776FB0120A07410BD0121E07BFEF794
:10742000DFF8617BE07B11F0FB0118BF0121FEF763
:107430009BF894F91000421C0AD194F91100431CE6
:10744000E8D00021C0B2FEF7CBF80120A07410BD37
:107450000121C0B2FEF7C4F8207C0121FEF784F8B8
:1074600094F91100431CD5D0EBE700BF10B50446DA
:1074700090F90E00431C03D00121C0B2FEF774F84E
:10748000236823B3DA7C12B3D10704D5986A4FF08E
:10749000E021C1F80001940704D5D86A4FF0E0213B
:1074A000C1F80401500704D5186B4FF0E021C1F872
:1074B0000801110704D5586B4FF0E021C1F80C0109
:1074C000D20604D59A6B4FF0E023C3F8102110BD0B
:1074D0002DE9F047044682B000688A4690461E4671
:1074E0000A9D20B1636893E80600FFF7C3FE94F994
:1074F0000E00431C42D1D5B1013E06EB05090DF14A
:10750000070503E0FFF7B6FD4E4510D016F8013F22
:1075100001222768294620468DF80730002FF1D038
:10752000134638462A46FCF705FC4E45EED1B8F125
:10753000000F1CD0D0440AF1FF360DF1070508F109
:10754000FF3803E0FFF796FDB04510D016F8013F75
:1075500001222768294620468DF80730002FF1D0F8
:10756000134638462A46FCF7E5FBB045EED12046E7
:10757000FFF77CFF012002B0BDE8F087C0B2002118
:10758000FDF7F2FFB7E700BF70B50E460446194697
:107590001546304601F0FEF92068F0B1636893E8C3
:1075A0000600FFF767FE94F90E00421C19D120680F
:1075B00048B92A4631462046FFF75CFD2046FFF7D2
:1075C00055FF012070BD2B4632463146FCF7B2FB19
:1075D0002046FFF74BFF012070BD94F90E00431CBD
:1075E000E7D0C0B20021FDF7BFFF20680028E0D03F
:1075F000E9E700BF08B52DED048BB0EE408B00F03D
:107600003BF8B4EE488BF1EE10FAB0EE409B0AD690
:10761000B0EE480B00F01CF8B7EE007BB4EEC70BE1
:10762000F1EE10FA04DCB0EE490BBDEC048B08BDA2
:1076300001F0C4FABDEC048B034621221A60024813
:10764000BDE8084000F010B84C05002000F044B937
:1076500051EC100B10EE102A21F0004343EC102BDC
:10766000704700BF000000009FED010B704700BF96
:10767000000000000000F87F38B510EE905A924BE1
:1076800025F000449C422DED0A8B1DDD10EE103AD2
:1076900004F1404404F580141C4308D030EE400B44
:1076A00080EE007BBDEC0A8BB0EE470B38BDBDEC25
:1076B0000A8B9FED677B9FED686B20EE077BA0EE4A
:1076C000067BB0EE470B38BD804B9C420EDCB4F11C
:1076D000795F80F28380B7EE006B9FED617B30EEC7
:1076E000077BB4EEC67BF1EE10FA74DCB6EE008BCD
:1076F000FFF7AEFFB7EE007B9FED5B9B37EE400BD5
:1077000020EE088B9FED5AABB0EE480B9FED5A1B55
:107710009FED5B3BA8EE0A1B9FED5B4BA1EE083B88
:107720009FED5B6BA3EE084B9FED5BCBA4EE086B6C
:107730009FED5B2BA6EE08CB2CEE08CB9FED5A5BA2
:10774000A8EE092B9FED5ABBA2EE085BA5EE08BB85
:10775000ABEE087BB0EE479B00F094FA5C4B9C428A
:107760002ADCB0EE004B8CEE093B53EC102B9FED66
:10777000526B9FED377B002243EC122B30EE025B05
:10778000A2EE428B30EE000B88EE051BB0EE465B9E
:10779000A1EE447BA2EE445B90EE037B37EE457B8B
:1077A00036EE477B002D3FF77DAFB1EE477BB0EE65
:1077B000470BBDEC0A8B38BD9FED417B8CEE094B2E
:1077C000B0EE005B9FED246BA0EE040BA0EE057BFA
:1077D00036EE477BE6E7B0EE407B63E79FED248B18
:1077E00020EE006B9FED245B9FED253BA6EE085B32
:1077F0009FED254BA5EE063B9FED252BA3EE064BFB
:10780000BDEC0A8BA4EE062B9FED237B9FED161B90
:10781000A2EE067B27EE067B9FED215B9FED223BD0
:10782000A6EE015B9FED224BA5EE063BB7EE005B9B
:10783000A3EE064BA4EE065B87EE056BB0EE407B35
:10784000A0EE067BB0EE470B38BD00BFAFF3008063
:10785000075C143326A6913C182D4454FB21F93FB4
:107860009C7500883CE4377E82922EB1C5B8B33F48
:1078700009F7FD0DE13D023F88B20175E0EF493F98
:107880003B8F68B52882A4BF5544880E55C1C93FB7
:107890007D6FEB0312D6D4BF555555555555C53F91
:1078A00059018D1B6C06E6BFC88A599CE52A004029
:1078B0004B2D8A1C273A03C0182D4454FB21E93F65
:1078C000075C143326A691BCFFFFEF3FFFFFDF3FAD
:1078D0003233EF3F000000002DE9F04151EC110B75
:1078E0004342614C21F00046034346EAD37382B021
:1078F000A3428DED000B3CD8DDE900E7CEF100039B
:1079000043EA0E0327F0004848EAD373A34230D875
:1079100001F1404303F58013034311EE102A3DD0DB
:107920008D1705F0020558EA0E0E45EAD77529D0E5
:10793000324338D0A64244D0A04534D0A8EB060844
:10794000B8F1747F4FEA285338DA002945DA3C331E
:1079500043DA9FED370B012D53D0022D48D075B17E
:107960009FED356B9FED367B30EE460B30EE470BCF
:1079700005E09DED006B41EC170B37EE060B02B0F6
:10798000BDE8F081022D16D09DED007B9FED2E0B02
:10799000032D00FE070B02B0BDE8F08102B0BDE888
:1079A000F04100F069B89FED2A0B9FED2B7B002F73
:1079B00020FE070BE3E79FED220BE0E79FED240B92
:1079C000C9E7B04505F1FF3524D0022D2AD8274B51
:1079D00003EBC50393ED000BD1E79DED007B41EC7C
:1079E000160B87EE060BFFF733FE00F045F8B2E703
:1079F0009FED116B9FED127B30EE460B37EE400B87
:107A0000BDE710EE901A53EC102B01F1004343EC4C
:107A1000102BB4E7022D08D8154B03EBC50393EDEB
:107A2000000BACE79FED020BA9E79FED0D0BA6E75E
:107A30000000000000000000075C143326A6A13CF3
:107A4000182D4454FB210940182D4454FB2109C032
:107A5000182D4454FB21F93F182D4454FB21F9BF44
:107A6000182D4454FB21E93F0000F07F98020020CC
:107A7000800200200000000038B5B0EE407B17EE19
:107A8000905A794B25F000449C422DED0C8B16DD6D
:107A9000764B9C420EDC09D09FED577B9FED580B37
:107AA000002D37FE000BBDEC0C8B38BD10EE103AEC
:107AB000002BF1D037EE070BBDEC0C8B38BD6C4BB7
:107AC0009C425CDCA3F1DE739C424CDD4FF0FF3343
:107AD0009FED4DAB27EE075B25EE056B9FED4C8BC5
:107AE0009FED4D1BA6EE0A8B9FED4D3BA8EE061BAE
:107AF0009FED4DBBA1EE063B9FED4DDBA3EE06BB1C
:107B00009FED4D9BABEE06DB2DEE05DB9FED4C0BA9
:107B10009FED4D2BA6EE090B9FED4D4BA0EE062BD6
:107B20009FED4DCBA2EE064B5A1CA4EE06CB2CEEDD
:107B300006CB39D03DEE0CDB4E494F4A01EBC30179
:107B400002EBC30391ED006B93ED000B9DEE076B11
:107B500036EE477B002D30EE470BA4DAB1EE400B3A
:107B6000BDEC0C8B38BD9FED3E6BB7EE005B30EE8D
:107B7000066BB4EEC56BF1EE10FAA7DD93E7FFF7E5
:107B800067FD3E4B9C4218DCA3F550239C4229DC48
:107B9000B0EE007BBFEE006B30EE075BA0EE076B34
:107BA000002386EE057B93E73DEE0CDBADEE477BD5
:107BB000BDEC0C8BB0EE470B38BD314B9C420BDA61
:107BC000B7EE087BB7EE006B30EE475BA0EE076BBD
:107BD000022385EE067B7BE7BFEE006B032386EE78
:107BE000007B75E7B7EE007B012330EE475B30EE9C
:107BF000070B85EE007B6BE7182D4454FB21F93F02
:107C0000182D4454FB21F9BF11DA22E33AAD903F1D
:107C1000EB0D76244B7BA93F513DD0A0660DB13FC3
:107C20006E204CC5CD45B73FFF8300922449C23F2B
:107C30000D5555555555D53F2F6C6A2C44B4A2BFF0
:107C40009AFDDE522DDEADBF6D9A74AFF2B0B3BFB8
:107C5000711623FEC671BCBFC4EB98999999C9BF30
:107C60009C7500883CE4377EFFFF0F440000F07FE6
:107C7000FFFFDB3FC0030020A0030020FFFFF23F17
:107C800000800340B1EEC00B704700BF024B0146BD
:107C9000186800F00BB800BFF4120020024B014638
:107CA000186801F08FBA00BFF41200202DE9F04FE0
:107CB00001F10B06162E83B0044624D8102900F2D9
:107CC000BA8000F0A3FA102618220220B54F3A44D9
:107CD000A2F1080153688B4200F0BA805A68D96853
:107CE00022F003021A449D68E9608D60516841F0FA
:107CF00001012046516003F1080500F08DFA284685
:107D000003B0BDE8F08F36F0070600F19480B14271
:107D100000F2918000F07AFAB6F5FC7FC0F09A810B
:107D2000730A00F08F80042B00F26F81B30903F116
:107D3000390003F1380CC3009A4F3B44A3F1080506
:107D40005B689D4206D10CE0002980F22781DB6848
:107D50009D4206D05A6822F00302911B0F29F3DDE1
:107D600060463D69DFF850C265457CD06A6822F004
:107D70000302931B0F2B00F37B81002BC7E904CC7C
:107D800080F26C81B2F5007F80F01A81D3087968A7
:107D900001334FEA521E012202FA0EF20A4357F84B
:107DA00033E0C5F808E007EBC3010839E9607A6001
:107DB00047F83350CEF80C5083100121994091427E
:107DC00057D8114206D120F003004900114200F1BA
:107DD0000400FAD007EBC0094D468646D5F80C8062
:107DE000454508D11DE1002B80F22481D8F80C8094
:107DF000454500F01681D8F8042022F00302931BB9
:107E00000F2BF0DD2046D8E9025408EB060146F0BE
:107E10000106C8F80460EC60A56043F00104C7E9FE
:107E20000411C1E902CC4C6048F8023000F0F4F9CA
:107E300008F1080502E00C2323600025284603B062
:107E4000BDE8F08F4FF4007340204FF03F0C73E714
:107E5000D3689A4208BF02307FF440AF3D69DFF833
:107E600058C1654582D17A688310012199409142B9
:107E7000A7D9BD686B6823F003094E4503D8A9EB69
:107E800006030F2B7ADCDFF834B1474BDBF8002018
:107E90001B680132334405EB090A00F0338103F516
:107EA00080530F3323F47F6828F00F0841462046A3
:107EB00000F05CFE411C024600F0F380824500F2B7
:107EC000EE803A4B196841441960084600F04E8133
:107ED000DBF80010019301311BBFA2EB0A01091866
:107EE000CBF80020196012F0070B00F01781CBF1DE
:107EF00008010A44CBF5805190440831A1EB0801F8
:107F0000C1F30B0A51462046009200F02FFE421C9E
:107F1000DDE9002300F04F81801A00EB0A081968A0
:107F2000BA6048F001005144BD425060196000F051
:107F30002981B9F10F0F40F227816868A9F10C0C73
:107F40002CF0070C00F0010040EA0C0068604FF0D4
:107F5000050E05EB0C00BCF10F0FC0E901EE00F2BD
:107F6000328150681546124B1A688A4238BF196030
:107F7000104B1A688A4238BF196094E0AA1943F07E
:107F8000010346F001066E602046BA60536000F0BF
:107F900043F90835284603B0BDE8F08FD9681A4484
:107FA000A1E600BFD80E0020744400204444002005
:107FB0006C44002070440020E00E0020E0120020FD
:107FC000B2F5206F4FEA522363D3142B00F2B7802F
:107FD00003F15C01C9005B3307EB010E7958AEF188
:107FE000080E8E4500F091804B6823F00303934206
:107FF00002D989688E45F7D1D1F80CE07A68C5E9D5
:10800000021ECEF80850CD60D6E6142B59D9542B59
:1080100000F29D80330B03F16F0003F16E0CC3007F
:108020008AE60EF1010E1EF0030F05F108057FF43C
:10803000D5AE51E0424445465368D8F80C1043F0A1
:108040000103536055F8083F2046D9608B6000F06B
:10805000E3F8F3E6F00806F1080237E62A44204682
:10806000536843F001035360083500F0D5F8E5E6A6
:10807000A919204646F0010643F001046E60C7E9E5
:108080000411C1E902CC4C60AB5000F0C5F80835D2
:10809000D4E6930903F13901C90038339CE7BD42A6
:1080A0005FD0BD68686820F003084645A8EB06036A
:1080B00002D80F2B3FF762AF204600F0ADF8002545
:1080C000BCE603F15C0003F15B0CC30034E659F835
:1080D00008394B4540F0968010F0030F00F1FF3057
:1080E000F5D17B6823EA01037B60490099423FF6A2
:1080F000C0AE19B9BDE649000EF1040E1942FAD01E
:10810000704667E603F11008D0E69A104FF00108B8
:108110007B6808FA02F21A437A6070E702EB080102
:108120004942C1F30B0A51462046009200F01EFD61
:10813000431CDDE900237FF4EFAEDA46EFE6542B73
:1081400025D8130B03F16F01C9006E3344E7B3F573
:10815000AA7F25D8F30B03F1780003F1770CC30055
:10816000EAE5294B186840441860B1E6CAF30B0CE5
:10817000BCF1000F7FF4ACAEBD68C84448F001000C
:108180006860F0E61546EEE60123536094E7B3F528
:10819000AA7F23D8D30B03F17801C90077331BE7FB
:1081A00040F25452934223D8B30C03F17D0003F103
:1081B0007C0CC300C0E5ABF1080BD844A8EB020867
:1081C0004FF0000AABE605F108012046009300F0ED
:1081D000F9FFBD68009B68681968C4E640F2545115
:1081E0008B420BD8930C03F17D01C9007C33F3E67D
:1081F0004FF47E737F204FF07E0C9DE54FF47E712F
:108200007E23E9E67B6870E744440020014800F0E3
:1082100003BD00BF3C440020014800F0FFBC00BF8C
:108220003C4400202DE9F84F1746002900F09880C3
:108230000C4607F10B058046FFF7E8FF162D54F8B2
:10824000041C5BD810252A46AF425CD821F00306F7
:108250009642A4F1080962DABC4BD3F808C009EBD6
:108260000600844500F09780D0F804C02CF001038C
:1082700003445B68DB0768D42CF0030C06EB0C03AB
:10828000934247DACB0710D454F8083CA9EB030A11
:10829000DAF8043023F003018C44B444944580F2AE
:1082A00011817318934280F2E88039464046FFF707
:1082B000FDFC0746E0B154F8043C23F001034B44B5
:1082C000A0F10802934200F0D280321F242A00F26B
:1082D000F580132A00F2AC8003462246116819602B
:1082E0005168596092689A602146404600F06AFFE2
:1082F0004046FFF791FF3846BDE8F88F25F00705A7
:10830000002D2A46A0DA0C23C8F800300027384692
:10831000BDE8F88F1E46D0E90223D3609A60731B34
:108320000F2B22D8D9F8043003F0010333434E4415
:10833000C9F80430736843F0010373604046274670
:10834000FFF76AFF3846BDE8F88FC907ADD454F887
:10835000083CA9EB030ADAF8041021F00301A0E7B6
:10836000BDE8F84F1146FFF7A1BCD9F8042009EB8E
:10837000050102F001024E4443F001032A43C9F80B
:1083800004204B60736843F001030831736040467A
:1083900000F018FFD2E7DCF8040020F0030B06EB36
:1083A0000B0C05F1100084454DDAC9073FF57DAF90
:1083B00054F8081CA9EB010ADAF8041021F00301B3
:1083C0008B44B34458453FF76CAF5746DAF80C106E
:1083D00057F8080F321F242AC160886000F2DB8042
:1083E000132A40F2D6802168CAF808106168CAF8DA
:1083F0000C101B2A00F2DF8008340AF110022168F9
:10840000116061685160A16891600AEB0501ABEBF6
:10841000050242F0010299604A60DAF8043003F084
:1084200001032B434046CAF80430FFF7F5FE6EE720
:1084300023680360636843601B2A68D804F108025C
:1084400000F108034AE709EB05029A60ACEB05036B
:1084500043F00103536054F8043C03F001032B4341
:10846000404644F8043CFFF7D7FE27464FE750F854
:10847000043C23F003031E4451E75746DAF80C107E
:1084800057F8080F321F242AC16088604CD8132A7D
:1084900048D92168CAF808106168CAF80C101B2A6C
:1084A00056D808340AF110021E4623681360636828
:1084B0005360A3689360D1463C4630E7214600F004
:1084C000EDF911E7D0E902135746CB60996057F8F0
:1084D000081FDAF80C30CB60321F242A99602DD89F
:1084E000132A29D92368CAF808306368CAF80C30FF
:1084F0001B2A42D808340AF1100322681A60626805
:108500005A60A2689A606646D1463C4607E7A3686F
:108510008360E368C360242A26D004F1100200F1CE
:108520001003DBE63A46BFE7214638461E46D146F1
:1085300000F0B4F93C46F2E63B46DEE72146384619
:108540006646D14600F0AAF93C46E8E6D80E00207F
:10855000A168CAF81010E168CAF81410242A20D0C3
:1085600010340AF118029FE72369036161694161D0
:1085700004F1180200F11803B0E6A368CAF810303D
:10858000E368CAF81430242A21D010340AF1180301
:10859000B3E73A4633E72146384600F07FF9164BF9
:1085A00033E72269CAF818206269CAF81C20183417
:1085B0000AF1200278E7A168CAF81010E168CAF849
:1085C0001410242A0DD010340AF1180217E7236979
:1085D000CAF818306369CAF81C3018340AF120034D
:1085E0008BE72269CAF818206269CAF81C2018347F
:1085F0000AF1200203E700BFD80E002013460A4606
:108600000146022000F04ABD024A0349034800F037
:10861000BBB800BFE8120020D59A0000D80B00209C
:108620000C4B4168994210B5044601D003F052F852
:10863000A168094B994202D0204603F04BF8E1684B
:10864000064B994204D02046BDE8104003F042B8E2
:1086500010BD00BF78440020E044002048450020C1
:108660002DE9F8432A4C2B4B2B48DFF8C090DFF85C
:10867000C0802A4F1860002504230822294604F1EF
:108680005C00274E6566C4E90253C4E90055C4E99D
:108690000455A56100F07EF9224B63670822294644
:1086A00004F1C400C4E90749C4E90987C4E91A55BB
:1086B000C4E91E55C4F8CC502567C4F88050E66262
:1086C00000F068F9184BC4F8DC30294604F168035F
:1086D000082204F59670C4F88430C4E92298C4E9ED
:1086E0002476C4E93455C4E93855C4F83451C4F883
:1086F000D850C4F8E85000F04DF904F1D003C4E9B3
:108700003C98C4E93E76C4F8EC30BDE8F88300BF7D
:1087100078440020B0450020096A0000756C000014
:10872000956C00000900010012000200116C0000AD
:10873000356C000010B504460A4800F06DFA636B12
:1087400023B9094B094A1B68626323B1BDE8104095
:10875000044800F063BAFFF783FFBDE8104001480A
:1087600000F05CBA40440020B0450020216A0000BF
:10877000014800F051BA00BF40440020014800F019
:108780004DBA00BF404400202DE9F84380460F4613
:1087900016464FF00009D6E90154013D11D4A389D2
:1087A000012B05F1FF3508D9B4F90E30013321460C
:1087B00003D04046B84749EA00096B1C04F168043D
:1087C000EDD13668002EE6D14846BDE8F88300BFFB
:1087D0000EB410B59DB06FF000411FABCDE906019E
:1087E0000491094953F8042B0290084C086801933E
:1087F00002A9059401F0CCF9029B00221A701DB069
:10880000BDE8104003B07047F41200200802FFFFDB
:1088100010B50C46B1F90E1000F092F9002803DBF8
:10882000236D0344236510BDA38923F48053A381E2
:1088300010BD00BF2DE9F0410C46B1F90C101F46E8
:10884000CB05054616460BD421F48051A1813B4649
:10885000B4F90E1032462846BDE8F04100F098B950
:10886000B4F90E100223002200F054F9B4F90C10F0
:10887000EAE700BF10B50C46B1F90E1000F04AF956
:10888000A389421C0EBF23F4805343F48053206518
:10889000A38110BDB1F90E1000F02AB988420DD99C
:1088A0008B1883420AD900EB020CBAB1624613F866
:1088B00001CD02F801CD9942F9D170470F2A0ED8A7
:1088C000034602F1FF3C4AB10CF1010C013B8C4420
:1088D00011F8012B03F8012F6145F9D1704740EAE7
:1088E00001039B0750D1A2F1100370B501F1200CD8
:1088F00023F00F0501F1100E00F11004AC441B0928
:108900005EF8105C44F8105C5EF80C5C44F80C5C9B
:108910005EF8085C44F8085C5EF8045C44F8045CAB
:108920000EF1100EE64504F11004E9D1013312F006
:108930000C0F01EB031102F00F0400EB031327D01F
:10894000043C24F003064FEA940C1E441C1F8E4680
:108950005EF8045B44F8045FB442F9D10CF1010401
:1089600002F0030203EB840301EB840102F1FF3CFC
:108970004AB10CF1010C013B8C4411F8012B03F8B6
:10898000012F6145F9D170BD02F1FF3C03469BE721
:108990002246EBE7830730B548D0541E002A3FD06B
:1089A000CAB2034601E0013C3AD303F8012B9D070C
:1089B000F9D1032C2DD9CDB245EA05250F2C45EA76
:1089C000054536D9A4F1100222F00F0C03F1200E58
:1089D000E6444FEA121C03F1100242E9045542E951
:1089E000025510327245F8D10CF1010214F00C0F4F
:1089F00003EB021204F00F0C13D0ACF1040323F0CC
:108A000003030433134442F8045B9342FBD10CF09C
:108A100003042CB1C9B21C4403F8011B9C42FBD1D6
:108A200030BD64461346002CF4D1F9E703461446E2
:108A3000BFE71A46A446E0E740EA01039B0730B5CA
:108A400001D1032A0FD8844601F1FF3E07E01EF84A
:108A5000011F03F8011B541EC1B19C462246634608
:108A6000002AF4D130BD0B468446194653F8045B06
:108A7000A5F1013424EA050414F0803FE4D1043A5E
:108A8000032A4CF8045B1946EFD8DDE79444002C28
:108A9000E8D003F8011B6345FBD130BD41EA000378
:108AA0009B0715D10B68A3F1013222EA030212F0F1
:108AB000803F0DD101F1040C40F8043B61465CF8A5
:108AC000043BA3F1013222EA030212F0803FF3D00B
:108AD000034611F8012B184603F8012B002AF8D1A0
:108AE000704700BF014B93F8280170476C0D0020C0
:108AF00038B5074D0022044608462A60FCF762FF9D
:108B0000431C00D038BD2B68002BFBD0236038BD40
:108B1000C047002038B50C46084D84461146204613
:108B20001A4600232B606446FCF758FF431C00D014
:108B300038BD2B68002BFBD0236038BDC047002018
:108B400038B50C46084D8446114620461A46002387
:108B50002B606446FCF734FF431C00D038BD2B6803
:108B6000002BFBD0236038BDC047002038B5074D2F
:108B70000022044608462A60FCF708FF431C00D088
:108B800038BD2B68002BFBD0236038BDC0470020C8
:108B900038B50C46084D8446114620461A46002337
:108BA0002B606446FCF77EFC431C00D038BD2B686C
:108BB000002BFBD0236038BDC0470020014B186854
:108BC000704700BFF412002070B50D4E0D4D761B9E
:108BD000B61006D0002455F8043B01349847A6424D
:108BE000F9D1094E094D761B05F08AFBB61006D067
:108BF000002455F8043B01349847A642F9D170BDD2
:108C0000F01A0060F01A0060F81A0060F01A0060B4
:108C1000704700BF704700BF704700BF704700BF7C
:108C2000A2EB0300704700BF02780B78012A28BF2F
:108C30009A42F5D16DE9044540EA0104CDE90267A5
:108C40006FF0000C4FEA447212B380EA010414F092
:108C5000070F6AD100F0070420F0070004F00305B5
:108C600021F007014FEAC505F0E8042314F0040FD2
:108C7000F1E804670CFA05F462EA040266EA040605
:108C80000AD063EA0403624667EA0407664603E023
:108C9000F0E80423F1E8046782FA4CF582EA06045E
:108CA000A4FA8CF46CBB83FA4CF583EA0705A5FAA9
:108CB0008CF595B950E9022351E9026782FA4CF527
:108CC00082EA0604A4FA8CF483FA4CF583EA0705D9
:108CD000A5FA8CF52543DBD09CB92DBAB5FA85F4FD
:108CE00024F0070427FA04F1DDE9026723FA04F30C
:108CF00003F0FF0001F0FF01FDE80445A0EB0100D7
:108D0000704724BAB4FA84F424F0070426FA04F174
:108D1000DDE9026722FA04F202F0FF0001F0FF0130
:108D2000FDE80445A0EB0100704714F0030F3CD1AF
:108D300010F0030428D150F8082B51F8083B82FAB0
:108D40004CF582EA0305A5FA8CF55DB950F8042CC0
:108D500051F8043C82FA4CF582EA0305A5FA8CF539
:108D6000002DE8D02DBAB5FA85F424F0070423FAD3
:108D700004F122FA04F202F0FF0001F0FF01FDE825
:108D80000445A0EB010070474FEAC40420F0030043
:108D900050F8082B21F0030151F8083B0CFA04F4B9
:108DA00062EA040263EA0403C9E710F003041AD07C
:108DB000A1EB040120F00300E40750F8042B06D0D7
:108DC0000FD28B785FFAA2F4E41A06D12BB1CB78DC
:108DD0005FFAB2F4E41A00D11BB920465DF8104BDB
:108DE000704701F1040150F8042BCC0721F0030176
:108DF00051F8043B48D824D222F07F4482FA4CF543
:108E000094EA1325A5FA8CF50AD165B951F8043B0B
:108E100084EA0204B4EB036F0ED150F8042BEBE7A5
:108E20004FEA132355E035F07F454DD10878FDE832
:108E30000445C0F1000070474FEA126203F0FF03DF
:108E400047E002EA1C4482FA4CF594EA1345A5FA7D
:108E50008CF50AD165B951F8043B84EA0204B4EBFD
:108E6000034F0CD150F8042BEBE74FEA134330E0EB
:108E700015EA1C4528D10B884FEA124229E04FEA37
:108E8000124203EA1C4324E002F0FF0482FA4CF58C
:108E900094EA1365A5FA8CF50AD165B951F8043B3B
:108EA00084EA0204B4EB032F09D150F8042BEBE75A
:108EB0004FEA13630DE015F0FF0F05D10B684FEA81
:108EC000122223F07F4304E04FF00000FDE8044548
:108ED000704712BA1BBA82FA4CF482EA0304A4FA6D
:108EE0008CF5B5FA85F402FA04F203FA04F34FEABA
:108EF0001260FDE80445A0EB1360704780EA0102B0
:108F0000844612F0030F4FD111F0030F32D14DF808
:108F1000044D11F0040F51F8043B0BD0A3F10132C2
:108F20009A4312F0803F04BF4CF8043B51F8043BD5
:108F300016D100BF51F8044BA3F101329A4312F04D
:108F4000803FA4F101320BD14CF8043BA24312F054
:108F5000803F04BF51F8043B4CF8044BEAD0234651
:108F60000CF8013B13F0FF0F4FEA3323F8D15DF803
:108F7000044B704711F0010F06D011F8012B0CF8CB
:108F8000012B002A08BF704711F0020FBFD031F843
:108F9000022B12F0FF0F16BF2CF8022B8CF80020CA
:108FA00012F47F4FB3D1704711F8012B0CF8012B4D
:108FB000002AF9D1704700BF000000000000000047
:108FC00090F800F06DE9024520F007016FF0000C09
:108FD00010F0070491F820F040F049804FF00004B1
:108FE0006FF00700D1E9002391F840F000F108008C
:108FF00082FA4CF2A4FA8CF283FA4CF3A2FA8CF3C4
:109000004BBBD1E9022382FA4CF200F10800A4FA2A
:109010008CF283FA4CF3A2FA8CF3E3B9D1E904237E
:1090200082FA4CF200F10800A4FA8CF283FA4CF3B5
:10903000A2FA8CF37BB9D1E9062301F1200182FA6F
:109040004CF200F10800A4FA8CF283FA4CF3A2FA75
:109050008CF3002BC6D0002A04BF04301A4612BA83
:10906000B2FA82F2FDE8024500EBD2007047D1E986
:10907000002304F00305C4F100004FEAC50514F015
:10908000040F91F840F00CFA05F562EA05021CBFE6
:1090900063EA050362464FF00004A9E72DE9F047B3
:1090A000DFF87CA00646DAF8000098460F469146A5
:1090B000FFF7B2FD184B1C6824B365681F2D24DC34
:1090C0005EB96B1C0235DAF80000636044F8257065
:1090D000FFF7A4FD0020BDE8F08704EB8501012324
:1090E000C1F88890D4F88821AB401A43022EC4F806
:1090F0008821C1F80881E4D1D4F88C211A43C4F83E
:109100008C21DEE7054C1C60D7E7DAF80000FFF79A
:1091100085FD4FF0FF30DEE7A4420020A84200208A
:10912000600D0020F8B5244F0C460646FFF76EF898
:10913000BB685D68C4F57E610F3125F003054B19EE
:1091400023F47F6323F00F03A3F58054B4F5805F0D
:1091500007DB00213046FFF709FDBB682B4498422E
:1091600004D03046FFF758F80020F8BD6142304681
:10917000FFF7FCFC01300DD0104ABB682D1B45F0F9
:1091800001055D60136830461B1B1360FFF744F850
:109190000120F8BD00213046FFF7E8FCBA68831AC9
:1091A0000F2BDEDD43F001035360054B03491B68C1
:1091B000C01A0860D5E700BFD80E00204444002044
:1091C000E0120020002961D0F8B50C460646FFF7F2
:1091D0001DF854F8042C7B4FA4F1080522F001017E
:1091E00005EB010CB868DCF80430604523F003039C
:1091F00000F08B80D207CCF8043032D454F8082C1D
:10920000AD1A1144AA6807F1080082426AD00CEB3B
:109210000304D4F804E0EC68D4601EF0010FA260EF
:1092200000F0978041F001036B60CCF80010B1F5BD
:10923000007F35D27868CB080122490901338A4082
:10924000024357F833107A6007EBC302083AC5E9C6
:10925000021247F83350CD603046BDE8F840FEF7C3
:10926000DBBF0CEB03025268D00710D4194407F19E
:109270000800DCF80830834273D0DCF80C20DA6098
:10928000936041F001036B606950D0E7704741F093
:109290000103B1F5007F44F8043CCCF80010C9D3B9
:1092A000B1F5206F4FEA512348D28B0903F1390001
:1092B00003F13802C300F818FB580838984259D017
:1092C0005A6822F003028A4202D99B689842F7D179
:1092D000D868C5E902308560DD603046BDE8F840F9
:1092E000FEF79ABF0CEB03025268D20763D40B441B
:1092F000DCE90212CA60916043F001026A60304604
:10930000EB50BDE8F840FEF787BF0B44D10707D408
:1093100054F8082CAD1A1344D5E90212CA609160C2
:1093200043F001026A60284ABD6012689A4293D8ED
:10933000264B30461968FFF7F5FE8DE7142B0AD946
:10934000542B1FD80B0B03F16F0003F16E02C30007
:10935000B1E719448DE703F15C0003F15B02C30040
:10936000A9E741F00103C7E90455C5E902006B60B4
:10937000695071E779689210012404FA02F20A43F5
:109380007A60A6E7B3F5AA7F06D8CB0B03F1780085
:1093900003F17702C3008EE740F25452934206D89D
:1093A0008B0C03F17D0003F17C02C30083E74FF4D3
:1093B0007E737E227FE741F001036B60CCF80010E2
:1093C0004AE700BFD80E0020E412002074440020B9
:1093D00082B049B15AB16BB113780B601278101E8C
:1093E00018BF012002B0704701A9002AF3D110462E
:1093F00002B070476FF00100F4E700BF436C70B536
:1094000005460C464BB153F8240080B1026843F87E
:1094100024200023C0E9033370BD2122042102F07F
:1094200033FB034668640028EDD1002070BD0121A4
:1094300001FA04F6721D9200284602F025FB00286E
:10944000F3D0C0E90146E4E731B1436C4A6853F810
:109450002200086043F82210704700BF2DE9F04158
:109460000E6980460F461D4601F1140E0020DEF8FD
:1094700000108CB202FB0453090C4FEA134C02FBA0
:1094800001CC01309CB204EB0C4486424EF8044BF4
:109490004FEA1C45EBDC3DB1BB68B34207DD07EB8F
:1094A000860301365D613E613846BDE8F08179682A
:1094B00040460131FFF7A2FF0446B0B13A690232DB
:1094C00007F10C0192000C30FCF7CAF8D8F84430D0
:1094D0007A6853F82210396043F82270274607EB68
:1094E000860301365D613E61DEE7034B0348224699
:1094F000BA2102F0A9FA00BF8005002094050020DF
:10950000030C1B04D3B90004102310F07F4F04BFD9
:109510000002083310F0704F04BF0001043310F054
:10952000404F04BF80000233002805DB10F0804F5D
:1095300003F1010308BF2023184670470023E4E726
:10954000036813F0070208D0D9071FD49A0722D561
:109550005B08036001221046704799B209B91B0CE1
:109560001022D9B209B908321B0A190704BF1B0916
:109570000432990704BF9B080232D90703D45B0861
:1095800002F1010205D00360104670470022104628
:1095900070472022DFE79B080222036010467047D5
:1095A00038B5436C04460D464BB15868B0B10268FB
:1095B0005A6000220123C0E90435C26038BD21226F
:1095C000042102F061FA034660640028EDD1094BE2
:1095D0000948002240F2451102F036FA1C2201210E
:1095E000204602F051FA0028F1D001220223C0E9FE
:1095F0000123DEE780050020940500202DE9F04FCF
:109600000E691569AE4285B08846144605DB2A46C8
:10961000234635460C4616469846A3686168AF193E
:10962000BB42B8BF0131FFF7E9FE0190002800F00E
:109630008780019B03F1140909EB870AD14505D204
:109640004B46002243F8042B9A45FBD808F1140836
:1096500008EB860B04F11403D8451A4603EB850585
:109660005FD22B1B153B23F0030304331534A542B3
:1096700038BF0423CDE902A7AC461F46924605E059
:10968000090C29D1C34509F1040948D958F8041B2C
:109690008DB2002DF4D056464C46002356F8041BDC
:1096A00022681FFA81FE90B2090C05FB0E00120C15
:1096B000034405FB012202EB13429BB243EA02433F
:1096C000B44544F8043B4FEA1243E7D849F8073061
:1096D00058F8041C090CD5D0D9F8003050461A4669
:1096E0004C4600260588120C01FB052216449BB24D
:1096F00043EA064344F8043B50F8045B22682D0C0F
:1097000093B201FB053303EB164384454FEA13463E
:10971000E8D8C34549F8073009F10409B6D8DDE9AE
:1097200002A7002F02DC05E0013F03D05AF8043DF8
:10973000002BF9D0019B18461F6105B0BDE8F08FE2
:10974000034B0448019A4FF4B17102F07DF900BF58
:10975000800500209405002012F003032DE9F0415C
:109760001446064632D10D46A41020D0D6F84080CB
:10977000B8F1000F33D0E3074FF0000707D46410AF
:1097800015D0D8F80000A8B18046E307F7D54246C7
:1097900029463046FFF732FFB5B16968736C641033
:1097A00053F821202A6043F821500546E9D1284684
:1097B000BDE8F081424641463046FFF71FFFC8F83A
:1097C000000007608046E0E70546D8E7013B0F4A06
:1097D00052F823200023FFF741FE0546C4E701218C
:1097E0003046FFF70BFE804640B1012340F2712264
:1097F000C0E90432002330640360BCE7044B054831
:10980000424640F2451102F01FF900BF680A0020ED
:1098100080050020940500202DE9F0470D461446F0
:109820002F69AB68496807EB62177E1C9E42804631
:109830004FEA621904DD5B009E4201F10101FADC8E
:109840004046FFF7DBFD8446002852D0B9F1000FF7
:1098500000F114020EDD09F105014FEA810E1346F5
:1098600000EB8101002043F8040B8B42FBD1AEF1E9
:1098700014031A44296905F1140314F01F0E03EBB5
:1098800081012ED0CEF1200910464FF0000A1C684D
:1098900004FA0EF444EA0A0440F8044B53F8044B6B
:1098A000994224FA09FAF2D84B1B153B23F0030323
:1098B000043305F11500814238BF0423BAF1000FCB
:1098C00018BF374642F803A0D8F844306A68CCF88D
:1098D000107053F822102960604643F82250BDE80A
:1098E000F087043A53F8040B42F8040F9942F9D870
:1098F000EAE7034B034862464FF4EF7102F0A4F825
:1099000080050020940500200B6984460069C01A78
:1099100016D10CF1140C14310CEB830210B401EBD2
:10992000830301E0944508D252F8044D53F8041D16
:109930008C42F7D005D24FF0FF305DF8044B7047F2
:10994000704701205DF8044B704700BF2DE9F84FC8
:109950000F691369FF1A002F0E4690467FD101F15F
:109960001405143202EB830205EB830301E09D42F0
:1099700078D253F8041D52F8044DA142F7D069D3B0
:109980007168FFF73BFD8146002877D03569D8F82C
:109990001020C76008F1140E06F1140009F1140A32
:1099A00006F110010EEB820200EB850756464FF0E0
:1099B000000C5EF8044B51F804BFA3B21CFA8BFCF8
:1099C000ACEB03034FEA144CCCEB1B4C0CEB234CDD
:1099D0009BB243EA0C43724546F8043B4FEA2C4CD9
:1099E000E7D8A2EB0801153908F11508424521F026
:1099F000030404F1040438BF0424204421F00302CA
:109A000038BF002287425244544418D926460146A2
:109A100051F8043B1CFA83FC4FEA2C4202EB134240
:109A20001FFA8CFC4CEA02438F4246F8043B4FEA93
:109A3000224CEDD8013F3F1A27F00307E21923B962
:109A400052F8043D013D002BFAD0C9F810504846A9
:109A5000BDE8F88F334601274646984690E7F9DB84
:109A600000278DE70021FFF7C9FC814668B101227C
:109A70000023C9E904234846BDE8F88F064B074890
:109A80004A4640F2452101F0DFFF034B03484A46B6
:109A900040F2372101F0D8FF800500209405002016
:109AA0002DE9F043884683B0012157EC106B154631
:109AB000FFF7A4FC0446002851D0C7F30A59C7F3A6
:109AC0001303B9F1000F01D043F48013002E01936A
:109AD00018D101A8FFF734FD019A6261012200F15B
:109AE00020032261B9F1000F25D0A9F2334909EB17
:109AF00003022046C3F13503C8F800202B6003B0F1
:109B0000BDE8F08368460096FFF71AFD034610B3E0
:109B1000DDE90002C3F1200102FA01F10143DA405C
:109B200061610192002AA26114BF02220122226116
:109B3000B9F1000FD9D1A3F23243C8F8003004EBD9
:109B400082031869FFF7DCFCC0EB421320462B6050
:109B500003B0BDE8F083009A6261019AE2E7034B2B
:109B60000348224640F20F3101F06EFF80050020CD
:109B70009405002049B1FF2A02D80A7001207047DD
:109B80008A2303604FF0FF3070470846704700BFDC
:109B90002DE9F04F2DED088BD1B00C460BEE101ACD
:109BA00090460893834601F0BBFE03681293184663
:109BB000FFF706FA20AF1090082200213846FEF782
:109BC000E9FEA3891B0603D52369002B00F0558706
:109BD00000239FED838B9FED849BCDE92533CDE959
:109BE0001333CDE9153327AA0E932492924611938D
:109BF00004934446A1467E4BD3F8E450FEF772FF2F
:109C00004A4603461CA900975846A847002800F07A
:109C1000B080C0F2A6801C9A252A034601D0994440
:109C2000E9E7B9EB0405064640F0A78000234FF0B2
:109C3000FF328DF867309846069309F1010999F8CB
:109C4000003003922B25202609F10109A3F12002FF
:109C50005A2A00F2CF80DFE812F0E802CD00CD00F2
:109C6000E302CD00CD00CD006A00CD00CD0005029D
:109C70008402CD001002C902CD00BD025B005B0072
:109C80005B005B005B005B005B005B005B00CD008A
:109C9000CD00CD00CD00CD00CD00CD005301CD00D5
:109CA00083011A02530153015301CD00CD00CD00B1
:109CB000CD001502CD00CD009602CD00CD00CD0027
:109CC000AB01CD00AA02CD00CD00E306CD00CD0052
:109CD000CD00CD00CD00CD00CD00CD005301CD0095
:109CE0008301DE015301530153017702DE017F003E
:109CF000CD008902CD005F02E0062F027F00CD007B
:109D0000AB017C00B806CD00CD00BD06CD007C00C7
:109D1000A3F13002002119F8013B01EB810102EBB4
:109D20004101A3F13002092AF5D906918EE7584680
:109D300001F0F6FD436815931846FFF741F91690B8
:109D4000584601F0EDFD83681393169B002B40F0FD
:109D50002D8699F8003077E799F8003048F0200810
:109D600072E7082200213846FEF714FE01239944C9
:109D700041E7B9EB0405064611D0269B2B442693F8
:109D8000259B0133072BCAE9004525931CDC0AF10A
:109D9000080A049B2B440493002E7FF447AF269BB4
:109DA000002B41F00B821BEE103AB3F90C3013F08C
:109DB000400F049B18BF4FF0FF330493049851B039
:109DC000BDEC088BBDE8F08F1BEE101A24AA584694
:109DD00002F0E6FD0028E6D10DF19C0AD9E700BFAC
:109DE0000000000000000000FFFFFFFFFFFFEF7F0B
:109DF0006C0D00200B93002BD1D00021CDE90C116C
:109E00008DF8DC3001238DF86710029307910593DC
:109E100003910F9137AC18F00203099302D0029B13
:109E20000233029318F084030A9305D1069B029A29
:109E30009D1A002D00F36983269A89B125990DF1A9
:109E4000670001310132CAF8000007294FF0010014
:109E500026922591CAF8040000F3A2830AF1080AA9
:109E6000099B83B1259B1AA901330232CAF800105D
:109E7000072B4FF0020126922593CAF8041000F335
:109E8000A3830AF1080A0A9B802B00F06C82039BD3
:109E900005995D1A002D00F3A58218F4807F40F02B
:109EA0000D82059BCAF804301A44259BCAF800406D
:109EB0000133072B2692259300F31B830AF1080A2E
:109EC00018F0040F05D0069B02995C1A002C00F3D1
:109ED0008883049B069902988142ACBF5B181B18CB
:109EE0000493002A40F0B08200232593079B1BB106
:109EF00007995846FFF766F90DF19C0A4C4679E63A
:109F00000B93089B073323F00703B3EC028BB0EEEF
:109F1000C87BB4EE497BF1EE10FA089340F3E98474
:109F2000B5EEC08BF1EE10FA01F159809DF8671083
:109F3000AB4CAC4B28F080080B9A472AC8BF1C4694
:109F40000023CDE90C330322079302920592039379
:109F50000F9300293FF45FAF029B013302935AE74E
:109F6000432B0B9303D018F0100F00F05D85089D74
:109F70000822002122A837ACFEF70CFD22AB55F8D1
:109F8000042B2146584602F0C5FC034601330590D8
:109F900001F0EE82059B089523EAE373029300210A
:109FA000CDE90C118DF86710079103910F9132E7FD
:109FB0000B93089B1A4600238DF86730134653F81D
:109FC000044B0893002C00F048850B9B532B00F0AA
:109FD000EC8618F010030C9340F0E786039B5D1CA1
:109FE00001F0E5800C991A46204601F0A1FC07908B
:109FF000002801F02883079B1A1B05920C9B0393F2
:10A0000022EAE2720F930D93079373239DF8671072
:10A0100002920B939DE718F0200F0B93089B3DD005
:10A02000073323F007031A4611465B6851F8082BE3
:10A0300008911946002BC0F20C84039B013300F0F9
:10A040009E8228F0800052EA0103029040F099823B
:10A05000039B002B40F09A828046002303930593D4
:10A0600050AC06E1089B53F8042B0692002A80F2BC
:10A070001984069A08935242069299F8003048F0E3
:10A080000408E1E599F8003048F00808DCE548F0FC
:10A09000100818F0200F0B93089BC1D118F0100F77
:10A0A00040F00B8418F0400F00F0038433F9042BC8
:10A0B0000893D1170B46BDE7089B48F002020292B5
:10A0C00053F8042B089347F63003ADF86830782036
:10A0D000454B1193002102230B900020039C8DF827
:10A0E0006700601C00F0AD80029820F0800852EA02
:10A0F000010040F0A480002C40F0AE86002BACD1D3
:10A10000029B13F00103059300F0D18330238DF8F7
:10A110003F310DF23F14ACE018F0200F40F0D48333
:10A1200018F0100F40F09F8618F0400F40F097870E
:10A1300018F4007F00F09786089B049953F8042BCD
:10A14000089311704C4655E599F80030682B03BF11
:10A1500099F8013048F4007809F1010948F0400805
:10A1600072E599F800308DF867506DE599F8003088
:10A170006C2B03BF99F8013048F0200809F1010960
:10A1800048F0100860E50B9348F0100818F0200123
:10A1900000F05183089B073323F00703596853F8F5
:10A1A000082B089328F480630293002395E70B9310
:10A1B00048F010030293029B13F0200100F0298362
:10A1C000089B073323F00703596853F8082B0893BB
:10A1D000012382E799F8003048F0800834E500BF99
:10A1E000600700206407002070070020494611F82E
:10A1F000013B2A2B01F04982A3F13002092A89464A
:10A2000098BF002101F2448119F8013B01EB810163
:10A2100002EB4101A3F13002092AF5D9039115E5BA
:10A2200099F8003048F001080EE59DF86730002BE2
:10A230007FF48FAD99F800308DF8676004E5CDF8B4
:10A240000880012B00F09D81022B50AC20D1119889
:10A2500002F00F031209C35C04F8013D42EA0172E7
:10A26000090952EA0103F3D150AB1B1BDDF808804A
:10A270000593059A03989DF8671082424FF00003FA
:10A28000B8BF0246CDE90C33079302920F9360E604
:10A2900002F00703D20842EA4172C908303352EA99
:10A2A0000105204604F8013DF2D1029AD10700F1E0
:10A2B0004D8250AB1B1B90460593DAE70B9B652B39
:10A2C00040F3D480B5EE408BF1EE10FA40F0C1813E
:10A2D000259BBA49CAF80010013301320121072B2E
:10A2E00026922593CAF8041000F351850AF1080A52
:10A2F0001B9B0E998B4280F2D082109B12991A44BC
:10A30000CAE90013259B26920133072B259300F3FE
:10A3100097830AF1080A0E9B5C1E002C7FF7D0ADD4
:10A32000102C259B40F36E851BEE106A102505E06E
:10A330000AF1080A103C102C40F364850133A0494F
:10A340001032072BCAE90015CDE92532F0DD24AA29
:10A350003146584602F024FB00287ED1DDE9253243
:10A360000DF19C0AE6E7069B02995D1A002D7FF726
:10A370008EAD102D259B21DD099410261BEE104A71
:10A3800004E0103D102D0AF1080A16DD01338C4956
:10A390001032072BCAE90016CDE92532F1DD24AAD7
:10A3A000214658460DF19C0A02F0FAFA002854D1D1
:10A3B000103D102DDDE92532E8DC099C8049CAF802
:10A3C000045001332A44072BCDE92532CAF8001086
:10A3D00000F32685039B05995D1A002D0AF1080AF2
:10A3E0007FF75BAD102D259B1FDD514610261BEE20
:10A3F00010AA04E0103D102D01F1080114DD013315
:10A400006F481032072BC1E90006CDE92532F1DD96
:10A4100024AA5146584602F0C3FAF0B9103D102D57
:10A42000DDE9253227A9EADC8A4601336449CAF806
:10A4300004502A44072BCDE92532CAF8001000F356
:10A44000DA810AF1080A28E51BEE101A24AA5846F8
:10A4500002F0A6FA00283FF447AD079B002B3FF41B
:10A46000A2AC07995846FEF7ADFE9CE40E9B012B6B
:10A4700040F37A81259BCAF8004001330132012163
:10A48000072B26922593CAF8041000F3F8810AF1ED
:10A49000080A1099129801330A44072BCAE90001EF
:10A4A000CDE9253200F3DD810AF1080AB5EE408BD3
:10A4B000F1EE10FA00F077810E9901330139013481
:10A4C0000A44072BCAF800402593CAF804102692C4
:10A4D00000F35B810AF1080A1499CAF804100133E9
:10A4E0000A44072B1EA9CDE92532CAF800107FF7D0
:10A4F000E5AC1BEE101A24AA584602F051FA0028C7
:10A50000ABD1269A0DF19C0ADAE4102DDDE9251273
:10A510002C4E24DD179410231BEE104A084604E04D
:10A52000103D102D0AF1080A17DD013010320728FE
:10A53000CAE90063CDE92502F2DD24AA2146584686
:10A540000DF19C0A02F02CFA002886D1103D102D46
:10A55000DDE925024FF01003E7DC179C01460131CD
:10A560002A440729CDE92512CAF80060CAF8045028
:10A5700000F3BD839DF867100AF1080A5DE4CDF889
:10A5800008800A2A71F1000380F0458330320123EC
:10A59000DDF808808DF83F2105930DF23F1468E641
:10A5A0001BEE101A24AA584602F0FAF900287FF48C
:10A5B00054AF269A0DF19C0A52E400BFA007002078
:10A5C000B40B0020A80700201BEE101A24AA58463E
:10A5D00002F0E6F900287FF440AF269A0DF19C0ABC
:10A5E00051E4102C259BBE4E1FDD1BEE108A10255A
:10A5F00004E0103C102C0AF1080A16DD0133103279
:10A60000072BCAE90065CDE92532F2DD24AA4146CF
:10A6100058460DF19C0A02F0C3F900287FF41DAFE3
:10A62000103C102CDDE92532E8DC01332244072BF5
:10A63000CAE90064CDE925327FF74BAC1BEE101A56
:10A6400024AA584602F0ACF900287FF406AF269AF7
:10A650003FE41B99002940F35A830C9E0E9B9E42B7
:10A66000A8BF1E46002E0BDD259B01333244072B6D
:10A67000CAE900462692259300F389860AF1080A62
:10A680000C9D002EA8BFAD1B002D00F303820C9B78
:10A6900018F4806F2344059340F01F821B9B0E9992
:10A6A0008B4203DB18F0010F00F0CF841099129851
:10A6B0000A44CAE90001259926920131072925910A
:10A6C00000F3A5860AF1080A0E996518CC1A059BB5
:10A6D000ED1AA542A8BF2546002D0DDDCAF80030B1
:10A6E000259BCAF8045001332A44072B2692259350
:10A6F00000F3BB860AF1080A002DA8BF641B002CDA
:10A700007FF7DEAB102C259B40F37C831BEE106A99
:10A71000102505E00AF1080A103C102C40F3728362
:10A72000013370491032072BCAE90015CDE92532F3
:10A73000F0DD24AA3146584602F032F900287FF4B1
:10A740008CAEDDE925320DF19C0AE5E7302B3FF4B4
:10A750008BAD3023023804F8013C50AB1B1ADDF8F6
:10A7600008800593044684E518F0010F7FF482AE5B
:10A77000259BCAF80040013301320121072B2692A4
:10A780002593CAF804107FF7A5AE1BEE101A24AA71
:10A79000584602F005F900287FF45FAEDDE9253266
:10A7A0000DF19C0A98E60E994C1E002C7FF794AE92
:10A7B000102C40F361831BEE106A102505E00AF1AE
:10A7C000080A103C102C40F35783013345491032DE
:10A7D000072BCAE90015CDE92532F0DD24AA314660
:10A7E000584602F0DDF800287FF437AEDDE9253267
:10A7F0000DF19C0AE5E71BEE101A24AA584602F058
:10A80000CFF800287FF429AE269A0DF19C0AFFF7B5
:10A8100044BB029B13F0100340F0C180029A12F077
:10A82000400200F07A83089850F8042B08901946EB
:10A8300092B2012351E418F0100355D118F04002F0
:10A8400000F05D83089850F8042B0890194692B2E6
:10A85000A8E4524261EB4101CDF808802D2001238C
:10A860003CE41BEE101A24AA584602F099F800287E
:10A870007FF4F3ADDDE925320DF19C0A16E61BEEFF
:10A88000101A24AA584602F08BF800287FF4E5AD90
:10A89000DDE925320DF19C0AFBE518F0010F3FF4CC
:10A8A0000FAB2AE5089399F80030FFF7CDB950AC0B
:10A8B000DFE418F4007F40F0DB8353F8042B0893A7
:10A8C000D1170B46FFF7B6BB089B049853F8041B3F
:10A8D0000893C217C1E900024C46FFF78BB900BFCD
:10A8E000A8070020B40B0020089B53F8042B089302
:10A8F00058E4B4EE488BF1EE10FA80F194860B9B8D
:10A90000612B00F05285412B00F0C085039B013381
:10A910000B9B23F0200500F08084472D04D1039B7E
:10A92000002B08BF0123039318EE903A002B48F444
:10A9300080724646C0F21886B0EE48AB00239046BF
:10A94000099307930B9B413B252B00F29883DFE88B
:10A9500013F06F0496039603960368046C04960341
:10A96000960396039603960396039603960396031F
:10A97000960396039603960396039603960396030F
:10A9800096039603960396039603960396039603FF
:10A990009603960396039603960368046C04089B3B
:10A9A00053F8042B08930123FFF797BB139B002B4D
:10A9B0003FF4CFA9139B1B78002B3FF4CAA999F849
:10A9C000003048F48068FFF73FB90B93CDF808805A
:10A9D000FFF7F1BB0B939A4B119318F0200100F095
:10A9E0000581089B073323F00703596853F8082BA8
:10A9F000089318F0010F0AD052EA010307D00B9B0D
:10AA00008DF86930302348F002088DF8683028F45A
:10AA1000806302930223FFF760BB0B93FFF7B6BB83
:10AA20000B93884B1193D8E7089B012153F8042B13
:10AA300002918DF8DC200893059137ACFFF7AFBA8F
:10AA40001BEE101A24AA584601F0AAFF00287FF432
:10AA500004AD269A0DF19C0A5DE4039B0794062B36
:10AA6000224628BF062303942146CDE90C22764CCA
:10AA7000029305930F92FFF76CBA40215846FDF7F9
:10AA800015F920602061002800F00F8640236361E3
:10AA9000FFF79EB8102D259B40F35D82514610268E
:10AAA0001BEE10AA04E00831103D102D40F3528235
:10AAB000013366481032072BC1E90006CDE9253283
:10AAC000F1DD24AA5146584601F06AFF00287FF4C0
:10AAD000C4ACDDE9253227A9E6E70E9BCDF824902A
:10AAE000E31803930D9BCDF82880139E059DDDF898
:10AAF0005890DDF83C800B941BEE101A5046002B4A
:10AB000034D0B8F1000F35D10D9B013B013E0D93C0
:10AB1000159BC0E90039259B01334A44072B269237
:10AB200025936CDC0830039B96F800C05B1B6345E3
:10AB3000A8BF6346002B9A460CDD259C01341A44BD
:10AB4000072CC0E900532692259400F3778196F8EC
:10AB500000C00830BAF1000FACBFACEB0A04644689
:10AB6000002C0ADC65440D9B002BCAD1B8F1000F04
:10AB700000F0AC8308F1FF38CAE7102CDDF894C070
:10AB800024DD05954FF0100A63460D4604E0103CA5
:10AB9000102C00F1080016DD01332C491032072B70
:10ABA000C0E9001ACDE92532F1DD24AA294658462C
:10ABB00001F0F6FE00287FF450AC103C102CDDE9CB
:10ABC000253227A8E8DC2946059D9C460CF10103A7
:10ABD00022444460072B1D4C0460CDE9253200F36C
:10ABE000C68396F800C008306544BCE718F010032F
:10ABF00000F0C280089B53F8042B0893F9E624AABE
:10AC00005846059101F0CCFE00287FF426AC269A28
:10AC1000059927A887E70298CDF81CA050AC00F44E
:10AC2000806000250AEE10BA094BDDF84CA0CDF883
:10AC30001490A3464FF00508AC46044610E000BF50
:10AC4000700700208407002098070020B40B002024
:10AC5000CDCCCCCC0A2A71F1000136D34A4631461C
:10AC6000501840F10000A3FB005626F0030505EB49
:10AC70009605401B151A4FF0CC3661F1000E06FB0D
:10AC800005F6A5FB039503FB0E6609F0010E2E44A5
:10AC9000AEFB085E2D184FEA590930350BF8015C00
:10ACA00049EAC6790CF1010C0BF1FF3B7608002C48
:10ACB000D0D09AF800008445CCD1BCF1FF0FC9D0A8
:10ACC0000A2A71F1000180F08F815C4650AB1B1B9A
:10ACD000DDF81490CDF84CA01AEE10BADDF81CA0E7
:10ACE000DDF80880CDF838C00593FFF7C2BA1BEE37
:10ACF000101A24AA584601F053FE00287FF4ADAB89
:10AD00009DF86710269A0DF19C0AFFF796B8259BCF
:10AD1000BE48CAF80000013301320120072B2692F9
:10AD20002593CAF8040000F377810AF1080A002984
:10AD300040F0AF800E9908F001030B433FF4C0A828
:10AD4000109B12991A44CAE90013259B26920133DD
:10AD5000072B259300F352820AF1080A0E99CAF8CC
:10AD6000004001330A44072BCDE92532CAF804100C
:10AD70007FF7A4A8FFF7BDBB18F0400200F0DD800C
:10AD8000089850F8042B0890194692B231E61BEE51
:10AD9000101A24AA584601F003FE00287FF45DAB88
:10ADA000269A0DF19C0AFFF7A3BA22AE08220021D1
:10ADB00030461D94FDF7EEFD039B5A1C00F0DB802E
:10ADC0000025CDF80890CDF81C809946A8460CE0E7
:10ADD00037A9584601F09EFD431C404400F0C8834B
:10ADE000484508DC00F0188480461D9A52593346C5
:10ADF0000435002AECD1CDF81480DDF80890DDF898
:10AE00001C80C5E001338249CAF804402244072B64
:10AE1000CAF80010CDE925327FF750A8FFF769BBCB
:10AE20001BEE101A24AA584601F0BAFD00287FF440
:10AE300014AB269A0DF19C0AFFF729B824AA5846AC
:10AE4000059101F0ADFD00287FF407AB96F800C036
:10AE5000269A059927A87DE6012BCDF808807FF476
:10AE6000F3A9FFF793BB089B049953F8042B4C46B6
:10AE700011600893FEF7BEBE01336549CAF804406D
:10AE80002244072BCDE92532CAF800107FF722AB08
:10AE90007BE4109B12981A44CAE90003259B269272
:10AEA0000133072B259300F3A9810AF1080A002931
:10AEB000BFF654AF4D42103180F20F831BEE101AD3
:10AEC000102605E00AF1080A103D102D40F3058315
:10AED00001334F481032072BCAE90006CDE925326D
:10AEE000F0DD24AA5846039101F05AFD00287FF4B2
:10AEF000B4AADDE9253203990DF19C0AE4E7089B29
:10AF000018F400711ABF114653F8042B53F8042BA0
:10AF1000089318BFD2B2FFF745B9029B13F4007132
:10AF2000089B1ABF114653F8042B53F8042B0893BF
:10AF300018BFD2B20123FFF7D0B8089B18F40071F4
:10AF40001ABF114653F8042B53F8042B089318BF6B
:10AF5000D2B24EE58A4601332D49CAF804502A443C
:10AF6000072BCDE92532CAF8001000F339810AF128
:10AF7000080AFFF78CBB0023194600961DAA584605
:10AF800001F0EEFC03460133059000F0F1821D94C0
:10AF9000059B002B4ED0632B00F3188100230793F1
:10AFA00037AC082200213046FDF7F4FC059D0096E1
:10AFB0002B461DAA2146584601F0D2FC854240F09E
:10AFC0007C83059A0023A35422EAE272CDE90C3374
:10AFD0009DF86710039302920F93FEF7BABF2D21DD
:10AFE0008DF86710FEF7A4BF169B1599ABEB030B0A
:10AFF0001A465846FDF720FD9AF80120054B0AB184
:10B000000AF1010A4FF0000C28E600BFA00700205B
:10B01000B40B0020CDCCCCCC1BEE101A24AA584681
:10B0200001F0BEFC00287FF418AA1B99269A0DF1A6
:10B030009C0A7CE6059B9DF867100F93CDE90233CF
:10B04000CDE90C330793FEF784BF0E990598651878
:10B050002D1ACC1AA542A8BF2546FFF74DBB089B69
:10B06000049953F8042B089311804C46FEF7C2BD97
:10B0700013F9042B0893D1170B46FEF7DBBF039A95
:10B08000022122AB01931DAB009358461BABB0EEDF
:10B090004A0B029200F0C8FD472D029A044600F0C8
:10B0A0006181462D104405D12378302B00F06F824A
:10B0B0001B9A1044B5EE40ABF1EE10FA40F0468119
:10B0C00003461B1B0E93472D00F01081462D00F008
:10B0D000B5811B9B0C930C9B412D03F1FF331B93FC
:10B0E00000F0E5819DF82C200021002BB8BF0C9BBF
:10B0F0008DF87820BABFC3F101032D222B22092B32
:10B100008DF8792040F3DA810DF18F05DFF81CC44A
:10B110002A4610468CFB0321DA17C2EBA10202EB90
:10B120008201A3EB4101303100F8011C194663296B
:10B13000134600F1FF32ECDC3033D9B2831E9D425E
:10B1400002F8011C40F28B8213460DF17A0201E0F5
:10B1500013F8011B02F8011B9D42F9D10DF1910377
:10B160000DF17A021B1A13441EAA9B1A14930E9B0C
:10B17000149A012B1A44059240F30382059B109AFE
:10B180001344059326F48063059A43F480780023E2
:10B19000CDE90C3322EAE2720F930292099B002B55
:10B1A00040F0B1809DF867100393FEF7D2BE2046B1
:10B1B000FDF706FF02460590FEF720BF1BEE101AB2
:10B1C00024AA584601F0ECFBFEF7EDBD591C584689
:10B1D000FCF76CFD0446002800F0CA810790E0E609
:10B1E0001BEE101A24AA584601F0DAFB00287FF45F
:10B1F00034A9269A0DF19C0AFFF749BA1BEE101AE2
:10B2000024AA584601F0CCFB00287FF426A9DDE9EA
:10B2100025321B990DF19C0A49E606230393FFF79B
:10B2200083BB039B02215A1C2BE7039A032128E7C7
:10B230001BA8B0EE4A0B00F0CBFBB4EE007B20EE77
:10B24000070BB5EE400BF1EE10FA01D101231B9371
:10B25000B348039BB3EE005B013B224604E0B5EE2E
:10B26000400BF1EE10FA13D020EE050BFDEEC07B83
:10B27000B3F1FF3F17EE901A415CB8EEE76B9446CE
:10B2800030EE460B02F8011B194603F1FF33E6D1FD
:10B29000B6EE006BB4EEC60BF1EE10FA00F3488187
:10B2A000B4EE460BF1EE10FA04D117EE903ADB073C
:10B2B00000F13E81002906DB4B1C1344302102F8CB
:10B2C000011B9342FBD1131B0E93FCE60B9C0E9BC0
:10B2D000DDF82490DDF828801396E3189D42294676
:10B2E00028BF194682460591FFF7D8B91B9B0C93DE
:10B2F000DA1C02DB039A93420CDD0B9B023B0B939F
:10B3000023F02005E7E62D2100238DF86710039335
:10B31000FEF722BE0C9B0E9A9342C0F2BD80F0074E
:10B320000C9B40F13281109A13440593710503D5AB
:10B330000C9B002B00F33581059B23EAE3730293FA
:10B3400067230B9300230F930D9327E7229B8342E0
:10B35000BFF4B7AE30215A1C22921970229B98423A
:10B36000F9D8AEE6F30700F1A780229BA9E624AA4C
:10B370005846059101F014FB00287FF46EA896F85A
:10B3800000C0269A059927A86544FFF7ECBB1BEE81
:10B39000101A24AA584601F003FB00287FF45DA888
:10B3A000269A0DF19C0AFFF76BB978238DF8693066
:10B3B00030238DF86830039B632B48F0020600F3BE
:10B3C000A6800023079337AC18EE903A002B48F480
:10B3D00081782BDBB0EE48AB0B9B23F020050023DC
:10B3E00009930B9B612B7FF4ADAAB0EE4A0B1BA80F
:10B3F00000F0EEFAB4EE007B20EE070BB5EE400B4A
:10B40000F1EE10FA01D101231B93464821E71BEE10
:10B41000101A24AA584601F0C3FA00287FF41DA888
:10B420001B9B269A0DF19C0AFFF74EB90B9B23F04C
:10B4300020052D230993B1EE48ABD2E71B9A0C925D
:10B44000002A06F0010340F30D8103990B4340F0FD
:10B45000CF800C9B059366230B93720500F1A380AC
:10B46000059B23EAE37302936CE71BEE101A24AAF0
:10B47000584601F095FA00287EF4EFAF1B9C0E9B16
:10B48000269A1C1B0DF19C0AFFF736B958238DE74D
:10B4900000220392FEF7DABB0E9B109A9A180C9BBF
:10B4A0000592002B40F3AB8067230B93D5E70B9AF3
:10B4B0000F32D2B2012118E6A018FBE5002940F0B6
:10B4C000A88030228DF87A200DF17B02303302F80B
:10B4D000013B1EABD31A149349E601331249CAF853
:10B4E00004502A44072BCDE92532CAF800107FF713
:10B4F00033AC1BEE101A24AA584601F051FA00286A
:10B500007EF4ABAFDDE925320DF19C0A26E4591C2F
:10B510005846FCF7CBFB044650B3079054E700BFF6
:10B520008407002070070020B40B00206766666661
:10B53000CDF888C012F8011C90F80FC06145134681
:10B540000AD14FF0300E03F801EC229B591E2291D4
:10B5500013F8011C8C45F6D0392916BF0131817AC8
:10B56000C9B203F8011CAEE600239046079360E7DA
:10B570001BEE102AB2F90C3043F040039381FEF722
:10B5800016BCF5077FF5FEADF8E50593CEE6B5EE02
:10B5900040ABF1EE10FA3FF48BADC2F101021B9209
:10B5A00087E567230B9313990B78FF2B79D0002540
:10B5B0000C9A284603E001300131FF2B08D093425A
:10B5C00006DAD21A4B78002BF5D10B780135F4E767
:10B5D0000C9213910D900F950F9A0D9B1699134491
:10B5E000059A01FB0323059323EAE3730293D5E550
:10B5F000109BD3181944662305910B932DE7C3F1D3
:10B6000001031A4422EAE2730293672305920B9323
:10B6100098E60DF17A0259E7039BDDF80890DDF812
:10B620001C800593B4E418EE903A002BB4BF2D2192
:10B630009DF86710254C264BB8BF8DF8671028F091
:10B640008008FEF779BC039B0293059373239DF852
:10B65000671003900F900D900B93FEF77ABC0223B6
:10B66000149384E5039A134305D1012366220293C0
:10B670000B92059366E6109B01331A4422EAE273AB
:10B680000293662305920B935CE6089A99F80130C1
:10B69000894652F8041B089241EAE1710391FEF7D2
:10B6A000D3BA00230F930D9396E70C23CBF8003009
:10B6B0004FF0FF330493FEF781BB1BEE102A9389F2
:10B6C00043F040039381FEF7C8BE00BF6807002027
:10B6D0006C07002070B500294BD006460C4610B10F
:10B6E000436B002B48D0636ED80734D5B4F90C30C7
:10B6F000002B3ED02146304600F050F8E36A054664
:10B7000033B1E169304698470028B8BF4FF0FF35A4
:10B71000A3891A063CD4216B41B104F1400399423C
:10B7200002D03046FDF74EFD00232363616C21B14A
:10B730003046FDF747FD00236364FDF719F8636E9B
:10B740000022DB07A2811FD5A06DFDF763FAFDF78C
:10B7500015F8284670BDA3899905CBD4A06DFDF7D7
:10B760005BFAB4F90C30002BC4D1656E15F00105FD
:10B7700005D00025284670BDFCF7DCFFB3E7A06DBF
:10B78000FDF74CFA284670BDA06DFDF747FADBE7E0
:10B7900021693046FDF716FDBDE700BFB1F90C2069
:10B7A0002DE9F0410C461107804647D4636842F406
:10B7B0000062002BA2815EDDA56A002D58D0002317
:10B7C000D8F80060C8F8003093B212F4805256D115
:10B7D0000123E1694046A847431C67D0A389A56AB5
:10B7E0005F0705D56368C01A236B0BB1E36BC01A02
:10B7F000E169024600234046A847411C41D1D8F8E0
:10B800000030002B3DD01D2B01D0162B56D1A38923
:10B810002269226023F4006300216160A381216B0F
:10B82000C8F8006021B304F14003994202D04046B9
:10B83000FDF7C8FC00202063BDE8F0812669BEB199
:10B8400093B2256826609A070CBF63690023AD1B7D
:10B85000A3600BE02B463246E169676A4046B84771
:10B86000B0F1000CA5EB0C05664417DD002DF1DCF2
:10B870000020BDE8F081E36B002B9DDCF8E7206D34
:10B88000AEE7B4F90C302269226023F40063A3818F
:10B890000022DB046260C2D52065C0E7A38943F0C3
:10B8A00040034FF0FF30A381BDE8F081D8F80030AD
:10B8B000002B93D01D2B06D0162B04D0A38943F068
:10B8C0004003A381D5E7C8F80060D1E738B50C463E
:10B8D000054608B1436B03B3B4F90C0088B1636E3D
:10B8E000DB0701D481050FD528462146FFF756FF17
:10B8F000636EDA07054602D4A3899B0508D528465E
:10B9000038BD0546284638BDA06DFDF785F9EBE743
:10B91000A06DFDF783F9284638BDFCF70BFFDBE788
:10B92000004870475C0E002000000000000000008E
:10B9300001F0FF01102A2BDB10F0070F08D010F8E0
:10B94000013B013A8B422DD010F0070F42B3F6D1E4
:10B95000F0B441EA012141EA014122F007047FF0FD
:10B9600000070023F0E80256083C85EA010586EA54
:10B97000010685FA47F5A3FA87F586FA47F6A5FA90
:10B9800087F68EB9EED1F0BC01F0FF0102F007029C
:10B9900032B110F8013B013A83EA010313B1F8D147
:10B9A0000020704701387047002D06BF3546033828
:10B9B000073815F0010F07D1013015F4807F02BF61
:10B9C000013015F4C03F0130F0BC0138704700BFB2
:10B9D00030B482B08DED000B019A194C22F0004377
:10B9E0000021A342016021DC009C1C431ED0154CA9
:10B9F000144054B99FED107B20EE077B8DED007B4A
:10BA0000019A6FF0350122F0004322F0FF42DDE998
:10BA1000004522F4E00242F07F551B1545F4001565
:10BA2000A3F2FE33CDE900450B4403609DED000B0E
:10BA300002B030BC704700BF00000000000050435F
:10BA4000FFFFEF7F0000F07F00B50B4C2568144628
:10BA5000EE681A4685B003460D464CB1074900957D
:10BA6000CDE901143046064900F086FFF9F7BAFF28
:10BA700004490C46F3E700BFF41200204005002003
:10BA8000500500204C05002038B5A1FB02148CBBEA
:10BA9000FCF70CF90546E0B150F8042C22F0030243
:10BAA000043A242A17D8132A1AD91B2AC0E90044B9
:10BAB0001DD9242A14BF00F1100200F118024FF022
:10BAC0000003C0E9024404BF04614461C2E90033D9
:10BAD0009360284638BD2146FCF75CFF284638BDF8
:10BAE00002460023C2E900339360284638BD00F1C6
:10BAF0000802F6E7FDF762F80C2300250360E8E78B
:10BB00002DE9F04F03690C69A34283B0C0F287802E
:10BB1000013C01F11405A30000F11408009355F84D
:10BB2000243058F82420013381469A4208EB8400DF
:10BB300005EB84070190B2FBF3F63BD34FF0000C0A
:10BB4000AE464046E24663465EF804BB02681FFA12
:10BB50008BFC06FB0C334FEA134C4FEA1B4B06FBE6
:10BB60000BCC9BB2AAEB03031FFA8CFA13FA82F3F5
:10BB7000CAEB124202EB23429BB243EA02437745EF
:10BB800040F8043B4FEA224A4FEA1C43DCD2009BB8
:10BB900058F8033073B9019B043B984504D307E080
:10BBA000984504F1FF3403D253F80429002AF7D052
:10BBB000C9F810404846FDF7A7FE00282BDB0136E8
:10BBC0004146002355F8040BD1F800C082B29A1AFE
:10BBD000030C12FA8CF2C3EB1C4303EB224392B228
:10BBE00042EA0342AF4241F8042B4FEA2343E9D231
:10BBF00058F8242008EB84036AB9043B984504D321
:10BC000007E0984504F1FF3403D253F80429002AD1
:10BC1000F7D0C9F81040304603B0BDE8F08F0020DF
:10BC200003B0BDE8F08F00BF2DE9F04F2DED028B82
:10BC30008FB08DED020B0191816B1A9D059357EC2E
:10BC4000106B0446934641B1C26B4A600123934096
:10BC50008B60FDF7F9FB0023A363B7F10008B4BFC5
:10BC6000012300232B60BE4BBCBF28F00048CDF859
:10BC70000C8033EA080300F09F809DED028BB5EE47
:10BC8000408BF1EE10FA11D1059A012313601B9B32
:10BC9000002B00F03F82B34B1B9A1360013B0093D3
:10BCA00000980FB0BDEC028BBDE8F08F0CAA0DA977
:10BCB0002046B0EE480BFDF7F3FE5FEA1853054649
:10BCC00040F09280DDE90C130B4403F23242202A4B
:10BCD00040F3FA82C2F1400208FA02F803F212427B
:10BCE000D64048EA060207EE102AB8EE477B581EF7
:10BCF00017EE906A53EC172B4FF0010AA6F1F87378
:10BD00009FED913B9FED927B9FED935B06EE900A3A
:10BD100043EC122BB8EEE64BB7EE086B32EE466BF7
:10BD2000A6EE037BA4EE057BFDEEC76BB5EEC07BF4
:10BD3000F1EE10FA16EE907A08D5B8EEE66BB4EE96
:10BD4000476BF1EE10FA18BF07F1FF37162F00F21C
:10BD50004581854B03EBC70393ED007BB4EEC78BA6
:10BD6000F1EE10FA57D5091A0023B1F1010807F1D5
:10BD7000FF370A9300F1398100230693002F52DA2E
:10BD8000069B0497DB1B06937B420893019B092BC0
:10BD90004FF000074ED8052B40F39D82043B0193E2
:10BDA0000026019B9A1E032A00F22581DFE812F08B
:10BDB000AA03A7039D037E03059AC8F3130842F262
:10BDC0000F7358EA060813601ED11B9B002B00F06E
:10BDD0009185664B009308331B9A009813600FB04F
:10BDE000BDEC028BBDE8F08F18EE906AC6F3130627
:10BDF000A3F2FF3053EC182B46F07F530C994FF011
:10BE0000000A43F440137BE71B9B002B40F03B836D
:10BE1000574B009344E7091A0023B1F101080A9334
:10BE200000F1E380069300230893019B0497092BFC
:10BE3000B844B0D900230126019307964FF0FF398B
:10BE40009B460021E163CDF82C902046FDF7D6FA01
:10BE50000090002800F04085009BA363B9F10E0F0D
:10BE600000F2DC80002E00F0D980049B002B40F310
:10BE7000DE833D4A03F00F0102EBC10292ED007B2D
:10BE80001A11DB0540F182833A4991ED086B02F00B
:10BE90000F02032088EE065B5AB13649D60704D557
:10BEA00091ED006B013027EE067B521001F1080185
:10BEB000F4D185EE076B0A9B3BB1B7EE007BB4EE85
:10BEC000C76BF1EE10FA00F1AE8407EE900AB8EEFF
:10BED000E75BB1EE0C7BA5EE067B17EE902A51ECEA
:10BEE000170BA2F15071B9F1000F00F08883049E86
:10BEF0004A46079B002B00F04784B6EE003B1A4BE6
:10BF0000FDEEC64B03EBC20CB8EEE47B36EE477B8E
:10BF10001CED026B83EE065B41EC160B14EE900AEF
:10BF200035EE465B0099B4EEC75B3030F1EE10FAA7
:10BF300001F8010B00F3AC84B7EE002BB2EE044B1A
:10BF40004FF0000C31E000BF61436F63A787D23F21
:10BF5000B3C8608B288AC63FFB799F501344D33FF8
:10BF60000000F07FA1070020D8020020F406002086
:10BF700000070020B00200200CF1010C94454DDABE
:10BF800027EE047B25EE045BFDEEC76B16EE903AC0
:10BF9000B8EEE63B303337EE437BB4EEC57BF1EED3
:10BFA00010FA01F8013B00F1738432EE476BB4EEF6
:10BFB000C56BF1EE10FADFD5009A049602E08A42D2
:10BFC00000F05084894611F8013D392BF7D0013338
:10BFD000DBB20B70049B0133049355E1091A012372
:10BFE000B1F101080A937FF5C7AEC1F101030693D1
:10BFF0004FF00008C2E60026E66331462046FDF712
:10C00000FDF90090002800F06784009BA3634FF0C7
:10C01000FF330B9399460123B34607930D9A002AE9
:10C0200055DB04990E2952DCB74BBBF1000F03EB33
:10C03000C10393ED006B15DAB9F1000F12DC40F08B
:10C04000F282B1EE047B26EE077BB4EEC78BF1EEF5
:10C0500010FACA464E4600F26D82DDF800806FEAA3
:10C060000B0B70E288EE067BBDEEC77B009917EEE6
:10C07000103AB9F1010F03F13003B8EEC75B01F8D4
:10C08000013BA5EE468B00F03483B2EE044B012356
:10C0900011E088EE067BBDEEC77B013317EE102A58
:10C0A0004B4502F13002B8EEC75B01F8012BA5EE5B
:10C0B000468B00F01E8328EE048BB5EE408BF1EE2C
:10C0C00010FAE6D1049B013304938946DCE0079B18
:10C0D00043B3019B012B40F37682089B09F1FF3AA1
:10C0E000534580F23F82089BCDF820A0AAEB0302C3
:10C0F00017444FF0000AB9F1000FC0F22583069BE8
:10C1000009934B44C844069301212046FDF748FAA1
:10C1100006460CE07D4B009300980FB0BDEC028BFF
:10C12000BDE8F08F069BDDF820A0079E0993099BD0
:10C130006BB1B8F1000F0ADD434506991A46A8BF56
:10C140004246891A9B1A06910993A8EB0208089B9C
:10C1500063B1079B002B00F0A782BAF1000F00F338
:10C160000482089BB3EB0A0240F0FF8201212046C3
:10C17000FDF716FA002F824600F3AF80019B012BDA
:10C1800040F38781002308930120002F40F0B18005
:10C19000404410F01F0000F07A81C0F12002042A10
:10C1A00000F3888040F0F681069B002B05DD2946D0
:10C1B0001A462046FDF730FB0546B8F1000F05DDB5
:10C1C000514642462046FDF727FB82460A9B002B3C
:10C1D00040F03F81B9F1000F40F32581079B002B10
:10C1E00040F0A380049B01330493DDF80080012715
:10C1F00007E0294600230A222046FDF72FF90137E0
:10C20000054651462846FFF77BFCB94500F1300052
:10C2100008F8010BEDDCB9F1000F009ACCBFCB465A
:10C220004FF0010B03469344002729460122204684
:10C230000193FDF7F1FA51460546FDF765FB00282D
:10C2400040F3AF811BF8013C009A0BF1FF3B04E087
:10C250005A4500F0B1811BF8013D392B0BF1010962
:10C26000F6D001338BF8003051462046FDF7ECF84C
:10C2700056B12FB1B74203D039462046FDF7E4F856
:10C2800031462046FDF7E0F829462046FDF7DCF868
:10C29000002389F80030DDE904231A601B9B002B82
:10C2A0003FF4FEAC0098C3F800900FB0BDEC028BD9
:10C2B000BDE8F08FC0F11C00069B03440693099B68
:10C2C0000344099380446FE7C2F1200206FA02F2A8
:10C2D00007EE102A09E5012663E501463A462046A5
:10C2E000FDF73AFA019B012B824640F3C5810023FA
:10C2F0000893DAF810200AEB82021069FDF700F9C2
:10C30000C0F1200044E700BFD8020020A0070020B1
:10C31000314600230A222046FDF7A0F80B9B002B94
:10C32000064640F3CE8204979946099B002B05DD13
:10C3300031461A462046FDF76FFA0646089B002B49
:10C3400040F0EB81B046029B009F03F001027B1E90
:10C350004B440893019B0A92134309935146284684
:10C36000FFF7CEFB314683462846FDF7CDFA42461D
:10C37000514681462046FDF7E9FAC26801460BF1B5
:10C380003003002A42D1CDE906032846FDF7BCFA66
:10C39000069902902046FDF757F8029A079B1AB9B2
:10C3A0000999002900F07E82B9F1000FC0F2838163
:10C3B000019949EA01090A9951EA090900F07B81CA
:10C3C000002A00F3C681089A3B7007F101099742E1
:10C3D000CB4600F0C481294600230A222046FDF7FF
:10C3E0003DF84645054631464FF000034FF00A023E
:10C3F000204612D0FDF732F84146064600230A22B5
:10C400002046FDF72BF84F468046A7E720460293CB
:10C41000FDF71AF8029B0122C6E7FDF71FF84F4609
:10C42000064680469AE7019B022B71DC079B002B96
:10C430007FF47BAF049B5146013328460493FFF7FA
:10C440005FFBDDF800B000F130030BF8013B002783
:10C45000EBE651462846FDF757FA0028BFF6BAAE7C
:10C46000294600230A222046FCF7F8FF049B5F1EA2
:10C47000079B0546002B7FF44BAF0B9B002B40F333
:10C4800018829946B1E6BC4B00930333A4E41C2008
:10C4900012E7DDE9020100287FF474AEC1F3130254
:10C4A000002A00F0F480029B08936DE601230793B5
:10C4B000049B5B4403F10109B9F1010FCC460B93D6
:10C4C000B8BF4FF0010C0021BCF1170FE1637FF7FB
:10C4D000BCAC01200422520002F114036345014662
:10C4E00000F10100F7D9E163AFE401230793BBF149
:10C4F000000F52DDCDF82CB0D946DC46E3E700232F
:10C500000793D5E700230793F1E7DDF82C90049714
:10C51000B9F1000F7FF4A1AD51464B4605222046EC
:10C52000FCF79CFF014682462846FDF7EDF90028FE
:10C530007FF793AD049B03F1010B009B31229846DA
:10C5400003F8012B009351462046FCF77DFF0BF1C9
:10C550000103DDF800900493CDF80080002E7FF4F5
:10C560008FAE91E6A3EB0A0AC5E531465246204656
:10C57000FDF7F2F82A46014606462046FDF73EF84A
:10C58000294605462046FCF75FFFEAE50220B0EEAB
:10C59000485B81E4C0F13C008EE64FF0010BD946C8
:10C5A0004FE403D1019BDB073FF54CAED9461BF8A6
:10C5B000013D302BFAD057E6049B009A01330493D7
:10C5C0003123137050E6BAF1000F00F0238102F21C
:10C5D0003342069B09931344DDF820A00693904450
:10C5E00092E507EE900AB1EE0C5BB8EEE77BA6EEA3
:10C5F000075B15EE902A51EC150BA2F1507141EC3E
:10C60000150BB1EE047B36EE477BB4EEC57BF1EE45
:10C6100010FA00F33781B1EE455BB4EEC57BF1EE65
:10C6200010FA7FF5FBAC4FF0000A564615E500F016
:10C63000F580049B51495A4202F00F0001EBC00102
:10C6400091ED006B121128EE066B00F04281B0EE06
:10C65000467B4B4900260220D30705D591ED005BB0
:10C660000130012627EE057B521001F10801F3D1BC
:10C67000002E06FE076B1EE4029B002B7FF437AEF4
:10C68000DDE90201C1F31302002A40F037813D4A7F
:10C690000A40002A00F0FA80069B0133069301232A
:10C6A00008F1010808936FE52946089A2046FDF72E
:10C6B00053F805465AE5002A12DD29460122204694
:10C6C0000193FDF7A9F851460546FDF71DF900282D
:10C6D000019B40F3E180392B00F0CA800BF131035C
:10C6E000B94609F8013B049B01333746049346469B
:10C6F000BAE538EE088BB4EEC68BF1EE10FA0ADC20
:10C70000B4EE468BF1EE10FA7FF4DCAC17EE103A83
:10C71000D8077FF5D7AC009A54E471682046FCF73F
:10C720006DFE0746002800F0DE80336902339A0070
:10C7300006F10C010C30F8F793FF39460122204630
:10C74000FDF76AF88046FEE5069BA3EB0903099313
:10C75000DAE4392B00F08C80B9460133C1E7049A42
:10C7600001323746049246465FE529462046FCF7EB
:10C77000F3FF0546FAE400BF00070020D8020020BE
:10C78000B00200200000F07F5E4BFDEEC65B03EBC5
:10C79000C20C1CED023BB8EEE57B36EE477B41EC6C
:10C7A000160B15EE901A23EE063B00983031012A45
:10C7B00000F8011B00F08380B2EE044B009B991837
:10C7C00027EE047BFDEEC76B16EE903A303300F88F
:10C7D000013B8142B8EEE65B37EE457BF0D1B6EE29
:10C7E000006B33EE065BB4EEC75BF1EE10FA3FF57B
:10C7F000E3AB36EE436BB4EEC76BF1EE10FA7FF7A6
:10C800000DAC8946013919F8013C302BF9D0731C65
:10C81000049339E50C9AC2F13602DAE60220B0EE52
:10C82000486BFFF748BBB9F1000F3FF4DAAE0B9A43
:10C83000002A7FF7F3ABB2EE044B26EE046B013017
:10C8400007EE900A049BB8EEE75BB1EE0C7BA6EE18
:10C85000057B17EE90CA51EC170B5E1EACF15071C0
:10C86000FFF747BB049B013304933123FFF7B1BBB0
:10C87000049BBB4601330493392337460BF8013B35
:10C880004646E1E44FF0000A564653E608927BE440
:10C89000731C04938946F7E47FF422AFDA077FF52F
:10C8A0001FAF18E7392BE3D0B9F1000F3FF716AFF0
:10C8B00016E7019B022B3FF728AE0497BAE5014625
:10C8C0008DE7019B022B3FF720AEDDF82C900497FB
:10C8D0002BE50220FFF7EFBA0B4B0C48002240F289
:10C8E000AF11FFF7B1F8084B08483A4640F2EF2184
:10C8F000FFF7AAF8064B0093FFF7D2B9029B089303
:10C90000F7E400BFD80200208005002004070020C3
:10C91000F406002070B5054684B05BB11C4669B1D1
:10C920000E4B2846D3F8E0602346B047431C0FD097
:10C9300004B070BD00F582740029F1D1074A234686
:10C94000D2F8E06028460A4601A9B047431CEFD15F
:10C9500000228A2322602B6004B070BD6C0D002081
:10C9600010B582B0049CCDE900344FF0FF3301F0E4
:10C97000C7FB02B010BD00BF0EB410B583B005AB4D
:10C98000064C53F8042B01930146206800F0C4F8CC
:10C9900003B0BDE8104003B0704700BFF4120020A0
:10C9A0002DE9F04F9368176883B09246002B70D042
:10C9B00081468A6808680C46083743E0A38913F467
:10C9C000906F2ED0D4E90416A0EB010806EB4606C2
:10C9D00006EBD67608F1010076102844B0423246C4
:10C9E00084BF064632465B0537D511464846FBF7FD
:10C9F0005DF9019000283AD042462169F8F730FEEF
:10CA0000A289019B22F4906242F08002A281A6EBEF
:10CA1000080203EB08006661A260236120602E46D5
:10CA2000A84642465946FBF739FFDAF80830A268B3
:10CA30002068921B40445B1BA2602060CAF808304B
:10CA40003BB3083757E902B5002DFAD0AA42164683
:10CA50009046B3D92E46A846E3E74846FBF7E2FBEB
:10CA600003460028D3D121694846FCF7ABFBA389D4
:10CA70000C2243F04003C9F800204FF0FF30A3819F
:10CA800000220023CAF80820CAF8043003B0BDE829
:10CA9000F08F00200023CAF8043003B0BDE8F08F07
:10CAA0002DE9F84F4B6E9C0490462DD59368126883
:10CAB00043B38B46064602F1080959E9025A5FEA78
:10CAC0009A0715D0043D002401E0A7420ED055F886
:10CAD000041F5A46304601F05BFA431C04F101047E
:10CAE000F3D10023C8E90133BDE8F88FD8F8083046
:10CAF0002AF0030AA3EB0A03C8F8083009F1080971
:10CB0000002BDAD10020ECE701F00CF80023C8E993
:10CB10000133BDE8F88F00BF2DE9F04F2DED028BFA
:10CB2000C5B00DF1500A834608EE101A16460021D2
:10CB3000082250461C460793FBF72CFFBBF1000F61
:10CB400004D0DBF83430002B00F0A08618EE102A59
:10CB5000536EDB0740F11385B2F90C108AB29504CD
:10CB60000BD418EE103A41F4005199815B6E8AB2F1
:10CB700018EE101A23F400534B66100740F105819C
:10CB800018EE103A1B69002B00F0FF8002F01A0328
:10CB90000A2B00F00A810023CDE91933CDE90D33CA
:10CBA0001BAA0C93189291460B930593B0464446EA
:10CBB000A84BD3F8E450FBF795FF2246034612A991
:10CBC000CDF800A05846A847002800F04581C0F2E3
:10CBD0003981129A252A034601D01C44E8E7B4EBB8
:10CBE0000806054640F03C81002361788DF843300B
:10CBF00004F1010806934FF0FF371E462B2408F17D
:10CC00000108A1F120035A2B00F27881DFE813F02C
:10CC1000B50276017601B0027601760176016A00EE
:10CC2000760176017D028D027601880297027601F7
:10CC300092025B005B005B005B005B005B005B00E3
:10CC40005B005B0076017601760176017601760164
:10CC50007601760176015C02840076017601760128
:10CC60007601760176017601760176017601E8009B
:10CC700076017601760133027601DA0276017601D9
:10CC80008B057601760176017601760176017601D3
:10CC90007601760176015C028600760176017601E6
:10CCA000CD0286007F007601C0027601FD02EA0017
:10CCB000ED027F00760133027C0069057601760182
:10CCC0006B0576017C00A1F13003002218F8011BEE
:10CCD00002EB820203EB4202A1F13003092BF5D9EA
:10CCE00006928EE75846FEF71BFE43680D931846E2
:10CCF000FCF766F90E9005465846FEF711FE83686C
:10CD00000B93002D40F0D68498F8001077E798F840
:10CD1000001046F0200672E746F01006B40640F117
:10CD20008E81079B073323F007031A46596852F890
:10CD3000083B07920A460029C0F27084791C00F073
:10CD4000A28526F08001039153EA020100F03F849E
:10CD50000A2B72F1000180F0418530338DF80F31DC
:10CD6000039E012304930DF20F14049BBB42B8BF32
:10CD70003B460393002308939DF84330002B00F0BB
:10CD8000CB80039B01330393C6E018EE101A58467C
:10CD900018EE105A01F040F8002840F05286AA8997
:10CDA00002F01A030A2B7FF4F6AE18EE101AB1F94E
:10CDB0000E30002BFFF6EFAE4B6EDB0702D497056B
:10CDC00040F1128618EE101A23463246584600F0FB
:10CDD00069FE0590059845B0BDEC028BBDE8F08F6B
:10CDE00046F0100616F0200200F03681079B07334C
:10CDF00023F0070319465A6851F8083B079126F4B7
:10CE000080610391002100208DF84300781C00F020
:10CE10001082039820F0800653EA020040F0088256
:10CE2000002F40F03885002940F0D583039B13F094
:10CE30000103049300F0118430238DF80F310DF2BB
:10CE40000F1492E7082200215046FBF7A3FD0123AF
:10CE50001C44ADE66C0D0020B4EB080605461BD063
:10CE6000199B1A9A01333244072BC9E900861A929A
:10CE700019931CDD002A00F0A68318EE101A18AAD8
:10CE80005846FFF70DFE20BB0DF16C09059B33449E
:10CE90000593002D7FF4A8AE1A9B002B40F0C185AE
:10CEA00018EE103A0022B3F90C30199215E009F18E
:10CEB0000809EBE718EE101A18AA5846FFF7F0FD1C
:10CEC000002800F0A680089B1BB108995846FCF783
:10CED00079F918EE103AB3F90C3018EE102A526EA8
:10CEE00012F0010F9AB200F0A080500600F1B28556
:10CEF000059845B0BDEC028BBDE8F08F0029CBD082
:10CF000000238DF843300123CDE903338DF8AC10B5
:10CF10002BAC002308931F4616F00203099302D09E
:10CF2000039B0233039316F084030A9305D1069BF7
:10CF3000039A9D1A002D00F37B82DDE91903411C41
:10CF40009DF8432082B101220133C9F8042007294A
:10CF50000DF14302CDE91913C9F8002000F34A820C
:10CF6000084609F108090131099AE2B111AA023310
:10CF7000C9F8002007294FF00202CDE91913C9F8BA
:10CF8000042040F35082002B00F0438318EE101A67
:10CF900018AA5846FFF784FD002894D1DDE919034B
:10CFA0000DF16C09411C0A9A802A00F08481049AD0
:10CFB000BD1A002D00F3D781049AC9F8004013442C
:10CFC0000729CDE91913C9F8042040F36E81002B1D
:10CFD00000F0758218EE101A18AA5846FFF760FD87
:10CFE00000287FF470AF1A9B0DF16C09750705D509
:10CFF000069A0399541A002C00F36B82DDE905218F
:10D0000003988142ACBF521812180592002B7FF48E
:10D0100051AF089900231993002900F0498158461F
:10D02000FCF7D0F80DF16C09C1E59C053FF55DAF4B
:10D0300018EE104AA06DFBF7F1FDA28955E7F00646
:10D04000079A00F11F83710640F1198332F9043BFE
:10D050000792DA1711466EE616F01003079940F0B2
:10D06000098316F0400000F001831A4651F8043B92
:10D0700007919BB2C3E6079B1A4600238DF8433005
:10D08000134653F8044B0393002C00F012845329E9
:10D0900000F0658316F0100540F061837B1C00F002
:10D0A000B3843A4629462046FEF742FC0890002801
:10D0B00000F09F84031B039A049323EAE3732F4633
:10D0C00007920393089557E6432902D0F50640F1ED
:10D0D0002D83079D0822002116A82BACFBF75AFCD4
:10D0E00016AB55F8042B21465846FFF713FC0346B0
:10D0F0000133049000F0B384049B079523EAE373A3
:10D10000039300238DF8433003E7079B53F8042B68
:10D110000692002A80F29C82069A5242CDE90623AA
:10D1200098F8001046F0040669E598F800108DF8AC
:10D13000434064E598F8001046F080065FE54246FB
:10D1400012F8011B2A2900F09684A1F13003092B63
:10D1500090464FF000073FF654AD18F8011B07EB5F
:10D16000870703EB4707A1F13003092BF5D948E501
:10D1700098F8001046F0010641E59DF84330002B79
:10D180007FF4C2AD202398F800108DF8433036E5C7
:10D1900098F800106C2903BF98F8011046F020069B
:10D1A00008F1010846F0100629E598F800106829F2
:10D1B00003BF98F8011046F4007608F1010846F024
:10D1C00040061CE546F010030393039B13F0200276
:10D1D00000F00682079B073323F0070319465A68BD
:10D1E00051F8083B079101210DE6079A46F002032A
:10D1F000039352F8043B079247F63002ADF84420FF
:10D20000B84A0C9202210022FDE5B70600F14882DF
:10D21000F50600F14683740600F1D583B00540F1B0
:10D220004083079B059953F8042B07931170BEE4C4
:10D23000039601293FF48CAD022944AC11D10C981E
:10D2400003F00F011B09415C04F8011D43EA02735E
:10D25000120953EA0201F3D1039E44AB1B1B049352
:10D2600083E503F00701DB0843EA4273D20830315B
:10D2700053EA0205204604F8011DF2D1039EF3078C
:10D28000EBD53029E8D03023023804F8013C44AB18
:10D290001B1A039E0493044667E5049B1B9401221A
:10D2A0001C931A9319920DF16C0909F108099DE676
:10D2B0000DF16C097BE4069A039D551B002D7FF749
:10D2C00076AE102D40F3BB83099418EE104A07E0A8
:10D2D00000F1020C09F108091046103D102D1EDD69
:10D2E0008149C9F80010421C10331021072ACDE9EA
:10D2F0001923C9F80410EBDD18AA002B74D02146BD
:10D3000058460DF16C09FFF7CBFB00287FF4DBAD2D
:10D31000DDE91903103D102D00F1010CE0DC099C42
:10D32000714AC9F804502B44BCF1070FCDE919C369
:10D33000C9F8002040F39481002B00F01F8318EE01
:10D34000101A18AA5846FFF7ABFB00287FF4BBADB4
:10D35000049ADDE91903BD1A002D00F101010DF158
:10D360006C097FF729AE102D29DD0994102718EEDE
:10D37000104A07E000F1020C09F108091046103DBF
:10D38000102D1ADD421C58491033072AC9E900172D
:10D39000CDE91923EEDD18AA03B3214658460DF155
:10D3A0006C09FFF77DFB00287FF48DADDDE91903E3
:10D3B000103D102D00F1010CE4DC099C61464A4A45
:10D3C000C9F804502B440729CDE91913C9F80020E6
:10D3D00000F3E78009F108090131EDE54FF0010C98
:10D3E00018460DF16C09CAE74FF0010C18460DF113
:10D3F0006C0972E7002B00F0048118EE101A18AACD
:10D400005846FFF74DFB00287FF45DADDDE91903B9
:10D410000DF16C09411CA7E5022311AA1C931B9274
:10D4200001210DF16C09084609F10809411CBAE512
:10D43000102D40F3E582DDE919130F94084618EE2C
:10D44000104A07E000F1020C09F108091046103DEE
:10D45000102D1DDD2549C9F80010421C1033102184
:10D46000072ACDE91923C9F80410EBDD18AA03B384
:10D47000214658460DF16C09FFF712FB00287FF496
:10D4800022ADDDE91903103D102D00F1010CE1DCA6
:10D490000F9C6046154AC9F804502B440728CDE973
:10D4A0001903C9F8002000F3C18009F10809411CE3
:10D4B00046E518464FF0010C0DF16C09C7E77607F9
:10D4C000199353D5069A0399541A002C4EDD0DF189
:10D4D0006C09102C40F3B082199918EE106A1025CF
:10D4E0000DE000BF70070020C40B0020B80700202B
:10D4F000881C09F108091146103C102C1ADD4A1C41
:10D50000B3481033072AC9E90005CDE91923EFDD37
:10D5100018AA33B331465846FFF7C2FA00287FF401
:10D52000D2ACDDE91913103C102C01F101000DF112
:10D530006C09E4DCA64AC9F8044023440728CDE975
:10D540001903C9F800207FF759AD7BB118EE101A06
:10D5500018AA5846FFF7A4FA00287FF4B4AC1A9B27
:10D560004CE5012019460DF16C09C5E7DDE90532EE
:10D5700003998A42ACBF9B185B18059349E5B2F941
:10D580000C108F0518EE103A8AB23FF5E8AA18EE93
:10D59000105A986DFBF740FBB5F90C108AB2FFF7F3
:10D5A000DEBA002B3FF479AE18EE101A18AA5846CE
:10D5B000FFF776FA00287FF486AC19991A9B01319F
:10D5C0000DF16C09F8E419920DF16C095EE4002F7D
:10D5D0007FF4C3AB039E0027049744ACFFF7C5BBA1
:10D5E000039B13F0100354D1039A12F0400000F093
:10D5F0006B8107991A4651F8043B07919BB20121B0
:10D6000001E4099A002A64D1184601210DF16C0940
:10D61000C9E4012118460DF16C09C4E45B4262EBD8
:10D62000420203962D200121FFF7EEBB002B00F0F4
:10D63000888018EE101A18AA5846FFF731FA002809
:10D640007FF441ACDDE919030DF16C09411C77E46D
:10D6500098F800100793FFF7D2BA44ACFFF785BBE8
:10D6600009F108090CF101016046A0E416F400720A
:10D6700040F0978151F8043B0791FFF7C0BBB30519
:10D6800000F1888152F8043B0792DA171146FFF740
:10D6900052BB079951F8043B07910121FFF7B3BB37
:10D6A000079B059853F8041B0793C217C1E90002B2
:10D6B000FFF77DBA0B9B002B3FF426AB0B9B1B782F
:10D6C000002B3FF421AB98F8001046F48066FFF77A
:10D6D00096BA022311AA1C931B9201200DF16C092A
:10D6E000A2E6039671E53B4B0C9316F0200259D04D
:10D6F000079B073323F0070318465A6850F8083B86
:10D700000790F40709D553EA020006D08DF84510BA
:10D71000302146F002068DF8441026F48061039112
:10D720000221FFF770BB2C4B0C93DEE7079B012116
:10D7300053F8042B03918DF8AC20079304912BAC84
:10D74000DFE49DF84320002A40F03281099A002A44
:10D750007FF462AE184601210DF16C0927E4002127
:10D76000082216A81394FBF715F9791C00F0BC8069
:10D77000002507942C460CE02BA95846FFF7CAF861
:10D78000421C204400F06B81B84208DC00F070813C
:10D790000446139A525916AB0435002AECD104946E
:10D7A000079CAFE016F0100307980CD116F0400468
:10D7B00005D01A4650F8043B07909BB2A1E716F437
:10D7C000007240F0E18050F8043B079099E700BFF9
:10D7D000B8070020700700208407002003990497F1
:10D7E00044AC9E4608EE90BA01F480664FF0000CFF
:10D7F000234606E0BEF10A0F72F1000239D3A646B5
:10D800002A46A6491EEB020040F100000F46A1FB8C
:10D81000001424F0030101EB9401401ABEEB000157
:10D820004FF0CC3562F1000405FB01F507FB045510
:10D83000A1FB07410D44052704F00101A1FB071BD3
:10D8400009186408303103F8011C44EAC5740CF16E
:10D85000010C013B6D08002ECCD00B990978614575
:10D86000C8D1BCF1FF0FC5D0BEF10A0F72F10002A2
:10D870006CD21C4644AB1B1B049F039E049318EE02
:10D8800090BAFFF772BA0396FFF762BA5846FAF7F2
:10D8900051FFFFF75BB9012903967FF4CDACFFF789
:10D8A0005CBA079B059953F8042B11600793FFF7A7
:10D8B0007EB9062F3B46039A794C079228BF062370
:10D8C00004930393FFF725BB039B079913F400729E
:10D8D00014BF51F8043B51F8043B07911CBF0246AA
:10D8E000DBB20121FFF78FBA16AB00930023194674
:10D8F00013AA5846FFF734F803460133049000F0AA
:10D90000AE801394049B002B30D0632B63DC002388
:10D9100008932BAC0822002116A8FBF73BF8049DC6
:10D9200016AB009313AA2B4621465846FFF718F86A
:10D93000854240F0AB80039B049A07930023A354D5
:10D940001F4622EAE2730393FFF716BA0E9A0D9967
:10D950009B1A18460893FBF76FF80B99089B4A78B7
:10D960000AB101310B914FF0000C48E7039B07937C
:10D97000049B03931F460893FFF7FEB90121184645
:10D980000DF16C09FFF713BB50F8043B07902246DA
:10D99000DBB2B6E612F9043B0792DA171146FFF73D
:10D9A000CAB951F8043B07910246DBB2FFF727BA28
:10D9B00001231C9301210DF143031B930DF16C090D
:10D9C0000B46FFF7CDBA079B059953F8042B079335
:10D9D0001180FFF7ECB8591C5846FAF767F904466E
:10D9E00000283CD0089095E7886DFBF717F9FFF702
:10D9F000E9B9039B0793CDE90377089FFFF7BCB90B
:10DA000019981A9B013045E5039B07932046FBF7C5
:10DA1000D7FA20EAE0732F46049003930895FFF7A6
:10DA2000ABB918EE101A18AA5846FFF739F80028B3
:10DA30003FF436AAFFF74DBA199801307AE58C46C3
:10DA40006EE46B6ED90705D4AB899A0502D4A86D34
:10DA5000FBF7E4F84FF0FF330593FFF749BA18EEF0
:10DA6000102AB2F90C3043F040039381FFF735BA26
:10DA7000079C049746E7079B98F8011053F8047B2E
:10DA80000793904647EAE777FFF7B9B818EE102AF0
:10DA9000938943F040039381FFF715BACDCCCCCCEA
:10DAA0009807002070B50C468989ADF58E6D21F080
:10DAB0000201ADF81410616E1B91E189ADF81610EA
:10DAC000E1690991616A0B911CA9029106914FF4D9
:10DAD000806106460491079118A80021CDE9003223
:10DAE0000891FBF795F8DDE9003202A93046FFF70F
:10DAF00013F8051E07DB02A93046FDF7E7FE0028F4
:10DB000018BF4FF0FF35BDF814305B0603D5A3896D
:10DB100043F04003A3811898FBF77CF828460DF5E5
:10DB20008E6D70BD9368002B00F085802DE9F04F5D
:10DB3000B1F90C300C461907804683B0174698B2ED
:10DB400025D523691BB310F002033D682DD04FF09B
:10DB5000000ADFF8C0B25646B9465E453346524623
:10DB600028BF5B464046002E52D0E169676AB8473D
:10DB7000002856DDD9F808301B1A8244361AC9F835
:10DB80000830002BE9D1002003B0BDE8F08F21461A
:10DB9000404600F041F9002840F03881B4F90C30DB
:10DBA0003D6898B210F00203D1D110F0010944D1C0
:10DBB0004E46009746B38205D4F808B040F1858000
:10DBC000B3455A4600F2B48010F4906F40F0C18023
:10DBD000206801924946FAF761FEA368019AA3EB17
:10DBE0000B012368A1601344B24623600026009A0B
:10DBF0009368A3EB0A03D1449360002BC3D0B4F91C
:10DC00000C0080B2002ED6D1D5E900960835D1E7B8
:10DC1000D5E900A60835A0E721464046FDF756FEA7
:10DC200088B3B4F90C3043F040034FF0FF30A381C8
:10DC300003B0BDE8F08F002070471E46BA469946F3
:10DC4000184600951F4666B3002832D04A46D4E9EC
:10DC500004132068A568B24228BF3246884204D91E
:10DC600005EB030B5A4500F3A780934264DCE1699E
:10DC7000656A3A464046A847B0F1000BD1DDB9EBE2
:10DC80000B09C9D00120DAF80830A3EB0B035F447D
:10DC9000A6EB0B06CAF80830002B3FF474AF002E39
:10DCA000D2D1009A5668134608320092002EF8D05E
:10DCB0001F6832460A213846FDF73AFE002800F078
:10DCC0009C800130A0EB0709C0E7206823699842D7
:10DCD00016D86269B24213D86FF00043B34228BF2E
:10DCE0003346E16993FBF2F3676A02FB03F34046B4
:10DCF0004A46B847B0F1000A93DDA6EB0A0676E77C
:10DD0000B345DA4628BFB24652464946FAF7C6FD41
:10DD1000A3682268A3EB0A035244A3602260002B8D
:10DD2000EBD121464046FDF7D1FD0028E5D078E74C
:10DD30002068B34632464CE739460192FAF7AEFD09
:10DD4000019AA3689B1AA360236813442360934637
:10DD500095E723682169A3EB010B636903EB430A91
:10DD60000AEBDA7A0BF101034FEA6A0A33445345AE
:10DD7000524684BF9A46524643052CD5114640462A
:10DD8000F9F794FF00283BD05A4621690190F7F734
:10DD900067FCA289019B22F4906242F08002A2817A
:10DDA00003EB0B002361AAEB0B03C4F814A0A360E0
:10DDB0002060B34632460CE739465A46FAF76EFD04
:10DDC00023685B44236021464046FDF77FFD002821
:10DDD0003FF455AF25E74046FAF724FA03460028FA
:10DDE000DED121694046FBF7EDF9B4F90C300C2285
:10DDF00023F08003C8F8002015E7721C914626E73F
:10DE00000C22B4F90C30C8F800200CE74FF0FF30BA
:10DE1000BAE600BF00FCFF7F38B5314B1B680546F2
:10DE20000C4613B15A6B002A4ED0B4F90C301807C7
:10DE30009AB21CD5216929B312F0010007D0002045
:10DE4000A06060694042A06139B1002038BD9507EB
:10DE500058BF6069A0600029F7D1120658BF084674
:10DE6000F4D543F04003A3814FF0FF3038BDD10615
:10DE70002ED5520714D4216943F00803A3819AB226
:10DE80000029D9D102F42070B0F5007FD4D021460A
:10DE9000284600F047F9B4F90C3021699AB2CBE773
:10DEA000216B51B104F14002914204D02846FBF7A6
:10DEB00089F9B4F90C300022226321690022C4E9F7
:10DEC000001223F02403D7E71846FAF733FCACE737
:10DED000092243F040032A604FF0FF30A38138BD90
:10DEE000F41200202DE9F04782B08246884614469D
:10DEF000FAF7F8FD012803D108F1FF33FE2B36D9DC
:10DF00000DF10409424604F15C0349465046FEF710
:10DF100001FD421C064632D020B39DF804C0002506
:10DF200009E023685A1C226083F800C00135B5421D
:10DF300018D219F801CFA368013B002BA360F0DAD7
:10DF4000A769BB4261462246504602DBBCF10A0F7C
:10DF5000E7D100F053F9431CE8D10646304602B041
:10DF6000BDE8F0874646304602B0BDE8F0875FFA6C
:10DF700088FC8DF804C006460DF10409CFE7A3899B
:10DF8000304643F04003A38102B0BDE8F08700BFF4
:10DF900030B5536E13F0010FB2F90C30144683B054
:10DFA00005469AB201D198051CD5900406D4626E3C
:10DFB00043F4005342F40052A3816266224628468D
:10DFC000FFF790FF636EDA07054602D4A3899B052D
:10DFD00002D5284603B030BDA06DFAF71FFE2846D3
:10DFE00003B030BDA06D0191FAF716FEB4F90C3004
:10DFF00001999AB2D9E700BF2DE9F04F8BB0DDE966
:10E00000158A149F0391814605921E46B8F1000FB0
:10E010005CD0039B002B5ED0059B1D68002F6AD04F
:10E02000741E4EB3039B0493043D002601950BE040
:10E03000039B2BBB019B1A68002A3AD0BC455CD2DB
:10E04000013C631C664617D0D8F800300293019B50
:10E05000DAF8E05053F8042F019307A943464846E5
:10E06000D8F804B0A847421C3AD000EB060CBC45D7
:10E07000DED9029BC8E9003B30460BB0BDE8F08F0B
:10E0800000280EDD049B019D18445A1E07A900F1CB
:10E09000FF3E11F8013B02F8013F7245F9D10195AD
:10E0A0000490059B1A6804321A60019B1A68002AC2
:10E0B000C4D1039B0BB1059B1A600CF1FF36002203
:10E0C0003046C8F800200BB0BDE8F08F039B00F588
:10E0D0008678002BA0D1059B4FF0FF371D689FE786
:10E0E00006468A2100223046C9F80010C8F80020F0
:10E0F0000BB0BDE8F08F3E46BEE76646BCE700BF0A
:10E1000010B584B0054C069800900798019004481B
:10E1100000680294FFF770FF04B010BD6C0D002082
:10E12000F41200202DE9F0418B890C46990796B036
:10E1300008D504F143030122C4E90432236016B078
:10E14000BDE8F081B4F90E100029064625DB6A46C9
:10E1500000F0ACF800281FDB019D05F47045A5F523
:10E160000055B5FA85F54FF480686D094FF40067E6
:10E1700041463046F9F79AFDE0B1B4F90C30C4F8E5
:10E18000148043F0800320602061A38135BB3B43B2
:10E19000A38116B0BDE8F081A38913F0800519D0E2
:10E1A0004FF040080025414630462F46F9F77EFDE6
:10E1B0000028E2D1B4F90C309A05C0D423F003034F
:10E1C00004F1430243F002030121C4E90421A381C5
:10E1D0002260B4E74FF480682F46C9E7B4F90E1007
:10E1E000304600F079F810B9B4F90C30CFE7A389C4
:10E1F00023F0030343F001031BB2C8E7F8B50D4653
:10E200001446064610B1436B002B4CD0B4F90C20D9
:10E21000A369A360170790B21BD52369CBB1EDB2F8
:10E2200081042F4622D522686169D31A994229DDDB
:10E230000133A1680139A160511C21601570626928
:10E240009A4227D0A389DB0701D50A2D22D0384670
:10E25000F8BD21463046FFF7DFFD08BBB4F90C20BE
:10E26000236990B2EDB281042F46DCD442F400520F
:10E27000A281626E616922F4005262662268D31A3A
:10E280009942D5DC21463046FDF720FB40B9226893
:10E290000123CEE721463046FDF718FB0028D6D0F3
:10E2A0004FF0FF37D3E7FAF745FAAFE770B50C4602
:10E2B000084D03460026204611461C462E60F7F7FF
:10E2C00085FB431C00D070BD2B68002BFBD0236066
:10E2D00070BD00BFC047002038B5074D002204467E
:10E2E00008462A60F7F778FB431C00D038BD2B683E
:10E2F000002BFBD0236038BDC04700200000000089
:10E300005FF800F0AD1A00605FF800F0051A0060D9
:04E31000F8B500BF9D
:08E31400548DFF7F01000000A1
:10E31C0000000000000000000000000000000000F1
:10E32C0000000000000000000000000000000000E1
:10E33C0000000000000000000000000000000000D1
:10E34C0000000000000000000000000000000000C1
:10E35C0000000000000000000000000000000000B1
:10E36C0000000000000000000000000000000000A1
:10E37C000000000000000000000000000000000091
:10E38C000000000000000000000000000000000081
:10E39C000000000000000000000000000000000071
:10E3AC000000000000000000000000000000000061
:10E3BC000000000000000000000000000000000051
:10E3CC000000000000000000000000000000000041
:10E3DC000000000000000000000000000000000031
:10E3EC000000000000000000000000000000000021
:10E3FC000000000000000000000000000000000011
:10E40C000000000000000000000000000000000000
:10E41C0000000000000000000000000000000000F0
:10E42C0000000000000000000000000000000000E0
:10E43C0000000000000000000000000000000000D0
:10E44C0000000000000000000000000000000000C0
:10E45C0000000000000000000000000000000000B0
:10E46C0000000000000000000000000000000000A0
:10E47C000000000000000000000000000000000090
:10E48C000000000000000000000000000000000080
:10E49C000000000000000000000000000000000070
:10E4AC000000000000000000000000000000000060
:10E4BC000000000000000000000000000000000050
:10E4CC000000000000000000000000000000000040
:10E4DC000000000000000000000000000000000030
:10E4EC000000000000000000000000000000000020
:10E4FC000000000000000000000000000000000010
:10E50C0000000000000000000000000000000000FF
:10E51C0000000000000000000000000000000000EF
:10E52C0000000000000000000000000000000000DF
:10E53C0000000000000000000000000000000000CF
:10E54C0000000000000000000000000000000000BF
:10E55C0000000000000000000000000000000000AF
:10E56C00000000000000000000000000000000009F
:10E57C00000000000000000000000000000000008F
:10E58C00000000000000000000000000000000007F
:10E59C00182D4454FB21E9BFD221337F7CD9024092
:10E5AC00D221337F7CD902C0000000000000008023
:10E5BC00182D4454FB210940182D4454FB2109C04B
:10E5CC000080E03779C34143176E05B5B5B8934663
:10E5DC00F5F93FE9034F384D321D30F94877825A2F
:10E5EC003CBF737FDD4F1575000000000000F03F4D
:10E5FC000000000000002440000000000000594012
:10E60C000000000000408F40000000000088C34064
:10E61C0000000000006AF8400000000080842E41D9
:10E62C0000000000D01263410000000084D7974125
:10E63C000000000065CDCD41000000205FA002422B
:10E64C00000000E876483742000000A2941A6D42A0
:10E65C00000040E59C30A2420000901EC4BCD64293
:10E66C0000003426F56B0C430080E03779C341433E
:10E67C0000A0D8855734764300C84E676DC1AB43B4
:10E68C00003D9160E458E143408CB5781DAF1544D2
:10E69C0050EFE2D6E41A4B4492D54D06CFF08044AD
:10E6AC00F64AE1C7022DB544B49DD9794378EA44C2
:10E6BC004FBB610567ACDD3F182D4454FB21E93F8E
:10E6CC009BF681D20B73EF3F182D4454FB21F93F7D
:10E6DC00E2652F227F2B7A3C075C143326A6813C03
:10E6EC00BDCBF07A8807703C075C143326A6913CAE
:10E6FC0000000101000101010102010102020102FD
:10E70C0003010203020204020205020205030206CF
:10E71C0003020703020704030704030705040705A4
:10E72C00040706050706060706060707070707007E
:10E73C0000000000000000000000000800000000C5
:10E74C00000000000000000054783A2025332E33DE
:10E75C00582025642000000025322E32582000005D
:10E76C00424E4F303878202D204572726F722064E3
:10E77C0065636F64696E672073656E736F72206575
:10E78C0076656E74000000006CC00F40C000000085
:10E79C00504F0000251E00000C000000130000006C
:10E7AC000000000024851F400B0000001300000037
:10E7BC000000000028851F400D0000001300000021
:10E7CC000000000020851F400A000000130000001C
:10E7DC00010000001C851F4000000000000000002C
:10E7EC003516000081000000890D00003902000080
:10E7FC00810800003D020000410200000000000002
:10E80C0000000000A9210000000000000000000032
:10E81C0081380000B1470000AD470000A947000057
:10E82C00A5470000A14700009D4700009947000044
:10E83C000000000000000000FD0100001D020000AF
:10E84C00D8399D270054EA2A00A4781F007B9A1718
:10E85C002C2066756E6374696F6E3A2000000000A0
:10E86C00617373657274696F6E2022257322206642
:10E87C0061696C65643A2066696C65202225732297
:10E88C002C206C696E65202564257325730A0000A5
:10E89C0042616C6C6F63207375636365656465645A
:10E8AC00000000002F646174612F6A656E6B696EE5
:10E8BC00732F776F726B73706163652F474E552D95
:10E8CC00746F6F6C636861696E2F61726D2D31317D
:10E8DC002F7372632F6E65776C69622D637967771E
:10E8EC00696E2F6E65776C69622F6C6962632F732A
:10E8FC0074646C69622F6D707265632E6300000026
:10E90C0000202020202020202020282828282820F3
:10E91C0020202020202020202020202020202020EB
:10E92C002088101010101010101010101010101053
:10E93C001004040404040404040404101010101043
:10E94C00101041414141414101010101010101010D
:10E95C00010101010101010101010101101010105F
:10E96C0010104242424242420202020202020202DF
:10E97C000202020202020202020202021010101033
:10E98C00200000000000000000000000000000005B
:10E99C00000000000000000000000000000000006B
:10E9AC00000000000000000000000000000000005B
:10E9BC00000000000000000000000000000000004B
:10E9CC00000000000000000000000000000000003B
:10E9DC00000000000000000000000000000000002B
:10E9EC00000000000000000000000000000000001B
:10E9FC00000000000000000000000000000000000B
:10EA0C0000000000496E66696E69747900000000B0
:10EA1C004E614E002F646174612F6A656E6B696E76
:10EA2C00732F776F726B73706163652F474E552D23
:10EA3C00746F6F6C636861696E2F61726D2D31310B
:10EA4C002F7372632F6E65776C69622D63796777AC
:10EA5C00696E2F6E65776C69622F6C6962632F73B8
:10EA6C0074646C69622F64746F612E630000000023
:10EA7C00494E4600696E66004E414E006E616E0056
:10EA8C003031323334353637383961626364656618
:10EA9C0000000000303132333435363738394142DA
:10EAAC004344454600000000286E756C6C2900003C
:10EABC003000000000010000202020202020202019
:10EACC00202020202020202020202020202020203A
:10EADC00202020202020202000000042C8801F4041
:10EAEC00B8821F400800000000000042C4801F4094
:10EAFC00B4821F400400000000C0004224801F406C
:10EB0C0014821F401000000000C0004228801F40EB
:10EB1C0018821F402000000000C000422C801F40C3
:10EB2C001C821F404000000000C0004234801F4087
:10EB3C0024821F40000100000040004264811F40FD
:10EB4C0054831F40000400000040004280811F409D
:10EB5C0070831F4000000200004000427C811F4077
:10EB6C006C831F40000001000040004268811F4080
:10EB7C0058831F4000080000004000423C811F40A9
:10EB8C002C831F40010000000040004244811F40C4
:10EB9C0034831F40040000000040004240811F40AD
:10EBAC0030831F40020000000040004248811F409B
:10EBBC0038831F40080000000000004204811F4001
:10EBCC00F4821F40000004000000004208811F4036
:10EBDC00F8821F40000008000000004218811F400E
:10EBEC0008831F40000080000000004214811F4079
:10EBFC0004831F40000040000000004200811F40C1
:10EC0C00F0821F400000020000000042FC801F4008
:10EC1C00EC821F40000001000000004224811F40D4
:10EC2C0014831F40000000040000004228811F4094
:10EC3C0018831F4000000008000000421C811F4088
:10EC4C000C831F40000000010000004220811F4087
:10EC5C0010831F400000000200000042EC801F40A7
:10EC6C00DC821F400010000000000042F0801F40BA
:10EC7C00E0821F40002000000000004234811F4051
:10EC8C0024831F40000000400000004238811F40D8
:10EC9C0028831F40000000800080004294801F40A9
:10ECAC0084821F400000040000C0004290801F407E
:10ECBC0080821F400000008000800042A8801F401E
:10ECCC0098821F400000800000800042A4801F40FA
:10ECDC0094821F4000004000004000426C811F40A5
:10ECEC005C831F400010000000C0004230801F40B9
:10ECFC0020821F408000000000800042C8811F401D
:10ED0C00B8831F400080000000800042C4811F4077
:10ED1C00B4831F400040000000800042C0811F40AF
:10ED2C00B0831F400020000000800042BC811F40C7
:10ED3C00AC831F400010000000800042D0811F40B7
:10ED4C00C0831F400000020000800042CC811F40A5
:10ED5C00BC831F4000000100000000009124000053
:10ED6C007927000053656E736F7220776173207280
:10ED7C0065736574000000000500000019000000B8
:10ED8C007D000000646576696365000065786563E5
:10ED9C00757461626C650000636F6E74726F6C00E9
:10EDAC0073656E736F72687562000000000000007E
:10EDBC00B92400000000000054616E64656D204CA5
:10EDCC006576656C6C657220494D5500696E707581
:10EDDC00744E6F726D616C00696E70757457616BF7
:10EDEC0065000000696E7075744779726F52760019
:10EDFC00636F6D6D616E64002E0000004C435F43C9
:10EE0C004F4C4C41544500004C435F4354595045C2
:10EE1C00000000004C435F4D4F4E45544152590089
:10EE2C004C435F4E554D4552494300004C435F5493
:10EE3C00494D45004C435F4D4553534147455300A5
:10EE4C0000010000F8120020120000000006000073
:10EE5C00F41B00600A00000000020000901B006020
:10EE6C0062000000000700002C1B00606200000024
:10EE7C00EE0300003413002012000000000004EE2A
:10EE8C000C1300202800000000030000281B006069
:10EE9C000000000001030904101B006000000000CA
:10EEAC0002030904F81A00600000000003030904BF
:10EEBC0048130020000000000000000000000000CB
:10EECC0000000000303030303030303030303030F6
:10EEDC003030303030303030303030303030303026
:10EEEC00303030300000000000000000784400207A
:10EEFC00E044002048450020000000000000000015
:10EF0C0000000000000000000000000000000000F5
:10EF1C0000000000000000000000000000000000E5
:10EF2C0000000000000000000000000000000000D5
:10EF3C0000000000000000000000000000000000C5
:10EF4C0000000000000000000000000000000000B5
:10EF5C0000000000000000000000000000000000A5
:10EF6C000000000000000000000000000000000095
:10EF7C000000000000000000000000000000000085
:10EF8C0001000000000000000E33CDAB34126DE622
:10EF9C00ECDE05000B00000000000000000000008B
:10EFAC000000000000000000000000000000000055
:10EFBC000000000000000000000000000000000045
:10EFCC000000000000000000000000000000000035
:10EFDC000000000000000000000000000000000025
:10EFEC000000000000000000000000000000000015
:10EFFC000000000000000000000000000000000005
:10F00C0000000000000000000029DE07007B9A17BA
:10F01C0000003A40780400200000000000000000CE
:10F02C0000000000000000000000000000000000D4
:10F03C0000000000000000000000000000000000C4
:10F04C0000000000000000000000000000000000B4
:10F05C0000000000000000000000000000000000A4
:10F06C000005002000000000E80300000000000084
:10F07C0038440020803020200000000043000000B5
:10F08C000000000000000000000000000000000074
:10F09C000000000000000000000000004300000021
:10F0AC000000000000000000000000000000000054
:10F0BC000000000000000000000000004300000001
:10F0CC000000000000000000000000000000000034
:10F0DC0000000000000000000000000043000000E1
:10F0EC000000000000000000000000000000000014
:10F0FC0000000000000000000000000043000000C1
:10F10C0000000000000000000000000000000000F3
:10F11C0000000000000000000000000043000000A0
:10F12C0000000000000000000000000000000000D3
:10F13C000000000000000000000000004300000080
:10F14C0000000000000000000000000000000000B3
:10F15C00000000000000000000000000757F0000AF
:10F16C00D177000000000000F0050020E80A002024
:10F17C004C0500204C0500204C0500204C050020BF
:10F18C004C0500204C0500204C0500204C050020AF
:10F19C004C050020FFFFFFFFFFFFFFFFFFFFFFFFFE
:10F1AC00FFFF0000010041534349490000000000EB
:10F1BC000000000000000000000000000000000043
:10F1CC0000000000000041534349490000000000CA
:10F1DC000000000000000000000000000000000023
:10F1EC000000000000000000000000000000000013
:10F1FC00D80E0020D80E0020E00E0020E00E0020DB
:10F20C00E80E0020E80E0020F00E0020F00E00208A
:10F21C00F80E0020F80E0020000F0020000F002038
:10F22C00080F0020080F0020100F0020100F0020E6
:10F23C00180F0020180F0020200F0020200F002096
:10F24C00280F0020280F0020300F0020300F002046
:10F25C00380F0020380F0020400F0020400F0020F6
:10F26C00480F0020480F0020500F0020500F0020A6
:10F27C00580F0020580F0020600F0020600F002056
:10F28C00680F0020680F0020700F0020700F002006
:10F29C00780F0020780F0020800F0020800F0020B6
:10F2AC00880F0020880F0020900F0020900F002066
:10F2BC00980F0020980F0020A00F0020A00F002016
:10F2CC00A80F0020A80F0020B00F0020B00F0020C6
:10F2DC00B80F0020B80F0020C00F0020C00F002076
:10F2EC00C80F0020C80F0020D00F0020D00F002026
:10F2FC00D80F0020D80F0020E00F0020E00F0020D6
:10F30C00E80F0020E80F0020F00F0020F00F002085
:10F31C00F80F0020F80F0020001000200010002033
:10F32C0008100020081000201010002010100020E1
:10F33C001810002018100020201000202010002091
:10F34C002810002028100020301000203010002041
:10F35C0038100020381000204010002040100020F1
:10F36C0048100020481000205010002050100020A1
:10F37C005810002058100020601000206010002051
:10F38C006810002068100020701000207010002001
:10F39C0078100020781000208010002080100020B1
:10F3AC008810002088100020901000209010002061
:10F3BC009810002098100020A0100020A010002011
:10F3CC00A8100020A8100020B0100020B0100020C1
:10F3DC00B8100020B8100020C0100020C010002071
:10F3EC00C8100020C8100020D0100020D010002021
:10F3FC00D8100020D8100020E0100020E0100020D1
:10F40C00E8100020E8100020F0100020F010002080
:10F41C00F8100020F810002000110020001100202E
:10F42C0008110020081100201011002010110020DC
:10F43C00181100201811002020110020201100208C
:10F44C00281100202811002030110020301100203C
:10F45C0038110020381100204011002040110020EC
:10F46C00481100204811002050110020501100209C
:10F47C00581100205811002060110020601100204C
:10F48C0068110020681100207011002070110020FC
:10F49C0078110020781100208011002080110020AC
:10F4AC00881100208811002090110020901100205C
:10F4BC009811002098110020A0110020A01100200C
:10F4CC00A8110020A8110020B0110020B0110020BC
:10F4DC00B8110020B8110020C0110020C01100206C
:10F4EC00C8110020C8110020D0110020D01100201C
:10F4FC00D8110020D8110020E0110020E0110020CC
:10F50C00E8110020E8110020F0110020F01100207B
:10F51C00F8110020F8110020001200200012002029
:10F52C0008120020081200201012002010120020D7
:10F53C001812002018120020201200202012002087
:10F54C002812002028120020301200203012002037
:10F55C0038120020381200204012002040120020E7
:10F56C004812002048120020501200205012002097
:10F57C005812002058120020601200206012002047
:10F58C0068120020681200207012002070120020F7
:10F59C0078120020781200208012002080120020A7
:10F5AC008812002088120020901200209012002057
:10F5BC009812002098120020A0120020A012002007
:10F5CC00A8120020A8120020B0120020B0120020B7
:10F5DC00B8120020B8120020C0120020C012002067
:10F5EC00C8120020C8120020D0120020D012002017
:10F5FC00FFFFFFFF000002000000000003000000FE
:10F60C0078440020D80B002012010002EF020140C8
:10F61C00C0168304790201020301000028000000D7
:10F62C000001040001000000000000000201574925
:10F63C004E55534200000000000000000000000086
:10F64C000000000012034D0053004600540031002E
:10F65C0030003000F80000000C0300000000000037
:10F66C00000000000000000000000000000000008E
:10F67C00000000000000000000000000000000007E
:10F68C00000000000000000000000000000000006E
:10F69C00000000000000000000000000000000005E
:10F6AC00000000000000000000000000000000004E
:10F6BC00000000000000000000000000000000003E
:10F6CC00000000000000000000000000000000002E
:10F6DC00000000000000000000000000000000001E
:10F6EC00000000000000000000000000000000000E
:10F6FC0000000000000000000000000000000000FE
:10F70C0000000000000000000000000000000000ED
:10F71C0000000000000000000000000000000000DD
:10F72C0000000000000000000000000000000000CD
:10F73C0000000000000000000000000000000000BD
:10F74C0000000000000000000000000000000000AD
:10F75C00000000000000000000000000000000009D
:10F76C00000000000000000000000000000000008D
:10F77C00000000000000000000000000000000007D
:10F78C00000000000000000000000000000000006D
:10F79C00000000000000000000000000000000005D
:10F7AC00000000000000000000000000000000004D
:10F7BC00000000000000000000000000000000003D
:10F7CC00000000000000000000000000000000002D
:10F7DC00000000000000000000000000000000001D
:10F7EC00000000000000000000000000000000000D
:10F7FC0000000000000000000000000000000000FD
:10F80C0000000000000000000000000000000000EC
:10F81C0000000000000000000000000000000000DC
:10F82C0000000000000000000000000000000000CC
:10F83C0000000000000000000000000000000000BC
:10F84C0000000000000000000000000000000000AC
:10F85C00000000000000000000000000000000009C
:10F86C00000000000000000000000000000000008C
:10F87C00000000000000000000000000000000007C
:10F88C00000000000000000000000000000000006C
:10F89C00000000000000000000000000000000005C
:10F8AC00000000000000000000000000000000004C
:10F8BC00000000000000000000000000000000003C
:10F8CC00000000000000000000000000000000002C
:10F8DC00000000000000000000000000000000001C
:10F8EC00000000000000000000000000000000000C
:10F8FC0000000000000000000000000000000000FC
:10F90C0000000000000000000000000000000000EB
:10F91C0000000000000000000000000000000000DB
:10F92C0000000000000000000000000000000000CB
:10F93C0000000000000000000000000000000000BB
:10F94C0000000000000000000000000000000000AB
:10F95C00000000000000000000000000000000009B
:10F96C00000000000000000000000000000000008B
:10F97C00000000000000000000000000000000007B
:10F98C00000000000000000000000000000000006B
:10F99C00000000000000000000000000000000005B
:10F9AC00000000000000000000000000000000004B
:10F9BC00000000000000000000000000000000003B
:10F9CC00000000000000000000000000000000002B
:10F9DC00FFFFFFFFFFFFFFFFFFFFFFFFFFFFFFFF2B
:10F9EC00FFFFFFFFFFFFFFFFFFFFFFFFFFFFFFFF1B
:10F9FC00FFFFFFFFFFFFFFFFFFFFFFFFFFFFFFFF0B
:10FA0C00FFFFFFFFFFFFFFFFFFFFFFFFFFFFFFFFFA
:10FA1C00FFFFFFFFFFFFFFFFFFFFFFFFFFFFFFFFEA
:10FA2C00FFFFFFFFFFFFFFFFFFFFFFFFFFFFFFFFDA
:10FA3C00FFFFFFFFFFFFFFFFFFFFFFFFFFFFFFFFCA
:10FA4C00FFFFFFFFFFFFFFFFFFFFFFFFFFFFFFFFBA
:10FA5C00FFFFFFFFFFFFFFFFFFFFFFFFFFFFFFFFAA
:10FA6C00FFFFFFFFFFFFFFFFFFFFFFFFFFFFFFFF9A
:10FA7C00FFFFFFFFFFFFFFFFFFFFFFFFFFFFFFFF8A
:10FA8C00FFFFFFFFFFFFFFFFFFFFFFFFFFFFFFFF7A
:10FA9C00FFFFFFFFFFFFFFFFFFFFFFFFFFFFFFFF6A
:10FAAC00FFFFFFFFFFFFFFFFFFFFFFFFFFFFFFFF5A
:10FABC00FFFFFFFFFFFFFFFFFFFFFFFFFFFFFFFF4A
:10FACC00FFFFFFFFFFFFFFFFFFFFFFFFFFFFFFFF3A
:10FADC00FFFFFFFFFFFFFFFFFFFFFFFFFFFFFFFF2A
:10FAEC00FFFFFFFFFFFFFFFFFFFFFFFFFFFFFFFF1A
:10FAFC00FFFFFFFFFFFFFFFFFFFFFFFFFFFFFFFF0A
:10FB0C00FFFFFFFFFFFFFFFFFFFFFFFFFFFFFFFFF9
:10FB1C00FFFFFFFFFFFFFFFFFFFFFFFFFFFFFFFFE9
:10FB2C00FFFFFFFFFFFFFFFFFFFFFFFFFFFFFFFFD9
:10FB3C00FFFFFFFFFFFFFFFFFFFFFFFFFFFFFFFFC9
:10FB4C00FFFFFFFFFFFFFFFFFFFFFFFFFFFFFFFFB9
:10FB5C00FFFFFFFFFFFFFFFFFFFFFFFFFFFFFFFFA9
:10FB6C00FFFFFFFFFFFFFFFFFFFFFFFFFFFFFFFF99
:10FB7C00FFFFFFFFFFFFFFFFFFFFFFFFFFFFFFFF89
:10FB8C00FFFFFFFFFFFFFFFFFFFFFFFFFFFFFFFF79
:10FB9C00FFFFFFFFFFFFFFFFFFFFFFFFFFFFFFFF69
:10FBAC00FFFFFFFFFFFFFFFFFFFFFFFFFFFFFFFF59
:10FBBC00FFFFFFFFFFFFFFFFFFFFFFFFFFFFFFFF49
:10FBCC00FFFFFFFFFFFFFFFFFFFFFFFFFFFFFFFF39
:10FBDC00FFFFFFFFFFFFFFFFFFFFFFFFFFFFFFFF29
:10FBEC00FFFFFFFFFFFFFFFFFFFFFFFFFFFFFFFF19
:10FBFC00FFFFFFFF000000000000000000000000FD
:10FC0C0000000000000000000000000000000000E8
:10FC1C0000000000000000000000000000000000D8
:10FC2C0000000000000000000000000000000000C8
:10FC3C0000000000000000000000000000000000B8
:10FC4C0000000000000000000000000000000000A8
:10FC5C000000000000000000000000000000000098
:10FC6C000000000000000000000000000000000088
:10FC7C000000000000000000000000000000000078
:10FC8C000000000000000000000000000000000068
:10FC9C000000000000000000000000000000000058
:10FCAC000000000000000000000000000000000048
:10FCBC000000000000000000000000000000000038
:10FCCC000000000000000000000000000000000028
:10FCDC000000000000000000000000000000000018
:10FCEC000000000000000000000000000000000008
:10FCFC0000000000000000000000000000000000F8
:10FD0C0000000000000000000000000000000000E7
:10FD1C0000000000000000000000000000000000D7
:10FD2C0000000000000000000000000000000000C7
:10FD3C0000000000000000000000000000000000B7
:10FD4C0000000000000000000000000000000000A7
:10FD5C000000000000000000000000000000000097
:10FD6C000000000000000000000000000000000087
:10FD7C000000000000000000000000000000000077
:10FD8C000000000000000000000000000000000067
:10FD9C000000000000000000000000000000000057
:10FDAC000000000000000000000000000000000047
:10FDBC000000000000000000000000000000000037
:10FDCC000000000000000000000000000000000027
:10FDDC000000000000000000000000000000000017
:10FDEC000000000000000000000000000000000007
:10FDFC0000000000000000000000000000000000F7
:10FE0C0000000000000000000000000000000000E6
:10FE1C0000000000000000000000000000000000D6
:10FE2C0000000000000000000000000000000000C6
:10FE3C0000000000000000000000000000000000B6
:10FE4C0000000000000000000000000000000000A6
:10FE5C000000000000000000000000000000000096
:10FE6C000000000000000000000000000000000086
:10FE7C000000000000000000000000000000000076
:10FE8C000000000000000000000000000000000066
:10FE9C000000000000000000000000000000000056
:10FEAC000000000000000000000000000000000046
:10FEBC000000000000000000000000000000000036
:10FECC000000000000000000000000000000000026
:10FEDC000000000000000000000000000000000016
:10FEEC000000000000000000000000000000000006
:10FEFC0000000000000000000000000000000000F6
:10FF0C0000000000000000000000000000000000E5
:10FF1C0000000000000000000000000000000000D5
:10FF2C0000000000000000000000000000000000C5
:10FF3C0000000000000000000000000000000000B5
:10FF4C0000000000000000000000000000000000A5
:10FF5C000000000000000000000000000000000095
:10FF6C000000000000000000000000000000000085
:10FF7C000000000000000000000000000000000075
:10FF8C000000000000000000000000000000000065
:10FF9C000000000000000000000000000000000055
:10FFAC000000000000000000000000000000000045
:10FFBC000000000000000000000000000000000035
:10FFCC000000000000000000000000000000000025
:10FFDC000000000000000000000000000000000015
:10FFEC000000000000000000000000000000000005
:04FFFC000000000001
:02000004600199
:1000000000000000000000000000000000000000F0
:1000100000000000000000000000000000000000E0
:1000200000000000000000000000000000000000D0
:1000300000000000000000000000000000000000C0
:1000400000000000000000000000000000000000B0
:1000500000000000000000000000000000000000A0
:100060000000000000000000000000000000000090
:100070000000000000000000000000000000000080
:100080000000000000000000000000000000000070
:100090000000000000000000000000000000000060
:1000A0000000000000000000000000000000000050
:1000B0000000000000000000000000000000000040
:1000C0000000000000000000000000000000000030
:1000D0000000000000000000000000000000000020
:1000E0000000000000000000000000000000000010
:1000F0000000000000000000000000000000000000
:1001000000000000000000000000000000000000EF
:1001100000000000000000000000000000000000DF
:1001200000000000000000000000000000000000CF
:1001300000000000000000000000000000000000BF
:1001400000000000000000000000000000000000AF
:10015000000000000000000000000000000000009F
:10016000000000000000000000000000000000008F
:10017000000000000000000000000000000000007F
:10018000000000000000000000000000000000006F
:10019000000000000000000000000000000000005F
:1001A000000000000000000000000000000000004F
:1001B000000000000000000000000000000000003F
:1001C000000000000000000000000000000000002F
:1001D000000000000000000000000000000000001F
:1001E000000000000000000000000000000000000F
:1001F00000000000000000000000000000000000FF
:1002000000000000000000000000000000000000EE
:1002100000000000000000000000000000000000DE
:1002200000000000000000000000000000000000CE
:1002300000000000000000000000000000000000BE
:1002400000000000000000000000000000000000AE
:10025000000000000000000000000000000000009E
:10026000000000000000000000000000000000008E
:10027000000000000000000000000000000000007E
:10028000000000000000000000000000000000006E
:10029000000000000000000000000000000000005E
:1002A000000000000000000000000000000000004E
:1002B000000000000000000000000000000000003E
:1002C000000000000000000000000000000000002E
:1002D000000000000000000000000000000000001E
:1002E000000000000000000000000000000000000E
:1002F00000000000000000000000000000000000FE
:1003000000000000000000000000000000000000ED
:1003100000000000000000000000000000000000DD
:1003200000000000000000000000000000000000CD
:1003300000000000000000000000000000000000BD
:1003400000000000000000000000000000000000AD
:10035000000000000000000000000000000000009D
:10036000000000000000000000000000000000008D
:10037000000000000000000000000000000000007D
:10038000000000000000000000000000000000006D
:10039000000000000000000000000000000000005D
:1003A000000000000000000000000000000000004D
:1003B000000000000000000000000000000000003D
:1003C000000000000000000000000000000000002D
:1003D000000000000000000000000000000000001D
:1003E000000000000000000000000000000000000D
:1003F00000000000000000000000000000000000FD
:1004000000000000000000000000000000000000EC
:1004100000000000000000000000000000000000DC
:1004200000000000000000000000000000000000CC
:1004300000000000000000000000000000000000BC
:1004400000000000000000000000000000000000AC
:10045000000000000000000000000000000000009C
:10046000000000000000000000000000000000008C
:10047000000000000000000000000000000000007C
:10048000000000000000000000000000000000006C
:10049000000000000000000000000000000000005C
:1004A000000000000000000000000000000000004C
:1004B000000000000000000000000000000000003C
:1004C000000000000000000000000000000000002C
:1004D000000000000000000000000000000000001C
:1004E000000000000000000000000000000000000C
:1004F00000000000000000000000000000000000FC
:1005000000000000000000000000000000000000EB
:1005100000000000000000000000000000000000DB
:1005200000000000000000000000000000000000CB
:1005300000000000000000000000000000000000BB
:1005400000000000000000000000000000000000AB
:10055000000000000000000000000000000000009B
:10056000000000000000000000000000000000008B
:10057000000000000000000000000000000000007B
:10058000000000000000000000000000000000006B
:10059000000000000000000000000000000000005B
:1005A000000000000000000000000000000000004B
:1005B000000000000000000000000000000000003B
:1005C000000000000000000000000000000000002B
:1005D000000000000000000000000000000000001B
:1005E000000000000000000000000000000000000B
:1005F00000000000000000000000000000000000FB
:1006000000000000000000000000000000000000EA
:1006100000000000000000000000000000000000DA
:1006200000000000000000000000000000000000CA
:1006300000000000000000000000000000000000BA
:1006400000000000000000000000000000000000AA
:10065000000000000000000000000000000000009A
:10066000000000000000000000000000000000008A
:10067000000000000000000000000000000000007A
:10068000000000000000000000000000000000006A
:10069000000000000000000000000000000000005A
:1006A000000000000000000000000000000000004A
:1006B000000000000000000000000000000000003A
:1006C000000000000000000000000000000000002A
:1006D000000000000000000000000000000000001A
:1006E000000000000000000000000000000000000A
:1006F00000000000000000000000000000000000FA
:1007000000000000000000000000000000000000E9
:1007100000000000000000000000000000000000D9
:1007200000000000000000000000000000000000C9
:1007300000000000000000000000000000000000B9
:1007400000000000000000000000000000000000A9
:100750000000000000000000000000000000000099
:100760000000000000000000000000000000000089
:100770000000000000000000000000000000000079
:100780000000000000000000000000000000000069
:100790000000000000000000000000000000000059
:1007A0000000000000000000000000000000000049
:1007B0000000000000000000000000000000000039
:1007C0000000000000000000000000000000000029
:1007D0000000000000000000000000000000000019
:1007E0000000000000000000000000000000000009
:1007F00000000000000000000000000000000000F9
:040000056000100087
:00000001FF
