ISO-10303-21;
HEADER;
FILE_DESCRIPTION(('starvars output'),'2;1');
FILE_NAME('cv20260421013946000089433.stp','01:39:47   2026/04/21',('TraceParts Stv3.2.7.0'),('Copyright 2026 TraceParts S.A.S. All rights reserved. www.traceparts.com'),'Spatial InterOp 3D',' ',' ');
FILE_SCHEMA(('AP242_MANAGED_MODEL_BASED_3D_ENGINEERING_MIM_LF  {1 0 10303 442 2 1 4}'));
ENDSEC;
DATA;
#1=MECHANICAL_DESIGN_GEOMETRIC_PRESENTATION_REPRESENTATION(' ',(#10,#11,#12,#13,#14,#15,#16,#17,#18,#19,#20,#21,#22,#23,#24,#25,#26,#27,#28,#29,#30,#31,#32,#33,#34,#35,#36,#37,#38,#39,#40,#41,#42,#43,#44,#45,#46,#47,#48,#49,#50,#51,#52,#53,#54,#55,#56,#57,#58,#59,#60,#61,#62,#63,#64,#65,#66,#67,#68,#69,#70,#71,#72,#73,#74,#75,#76,#77,#78,#79,#80,#81,#82,#83,#84,#85,#86,#87,#88,#89,#90,#91,#92,#93,#94,#95,#96,#97,#98,#99,#100,#101,#102,#103,#104,#105,#106,#107,#108,#109,#110,#111,#112,#113,#114,#115,#116,#117,#118,#119,#120,#121,#122,#123,#124,#125,#126,#127,#128,#129,#130,#131,#132,#133,#134,#135,#136,#137,#138,#139,#140,#141,#142,#143,#144,#145,#146,#147,#148,#149,#150,#151,#152,#153,#154,#155,#156,#157,#158),#6);
#2=PRODUCT_DEFINITION_CONTEXT('',#159,'design');
#3=APPLICATION_PROTOCOL_DEFINITION('INTERNATIONAL STANDARD','ap242_managed_model_based_3d_engineering',2014,#159);
#4=PRODUCT_CATEGORY_RELATIONSHIP('NONE','NONE',#160,#161);
#5=SHAPE_DEFINITION_REPRESENTATION(#162,#163);
#6= (GEOMETRIC_REPRESENTATION_CONTEXT(3)GLOBAL_UNCERTAINTY_ASSIGNED_CONTEXT((#166))GLOBAL_UNIT_ASSIGNED_CONTEXT((#168,#169,#170))REPRESENTATION_CONTEXT('NONE','WORKSPACE'));
#10=STYLED_ITEM('',(#172),#173);
#11=STYLED_ITEM('',(#174),#175);
#12=STYLED_ITEM('',(#176),#177);
#13=STYLED_ITEM('',(#178),#179);
#14=STYLED_ITEM('',(#180),#181);
#15=STYLED_ITEM('',(#182),#183);
#16=STYLED_ITEM('',(#184),#185);
#17=STYLED_ITEM('',(#186),#187);
#18=STYLED_ITEM('',(#188),#189);
#19=STYLED_ITEM('',(#190),#191);
#20=STYLED_ITEM('',(#192),#193);
#21=STYLED_ITEM('',(#194),#195);
#22=STYLED_ITEM('',(#196),#197);
#23=STYLED_ITEM('',(#198),#199);
#24=STYLED_ITEM('',(#200),#201);
#25=STYLED_ITEM('',(#202),#203);
#26=STYLED_ITEM('',(#204),#205);
#27=STYLED_ITEM('',(#206),#207);
#28=STYLED_ITEM('',(#208),#209);
#29=STYLED_ITEM('',(#210),#211);
#30=STYLED_ITEM('',(#212),#213);
#31=STYLED_ITEM('',(#214),#215);
#32=STYLED_ITEM('',(#216),#217);
#33=STYLED_ITEM('',(#218),#219);
#34=STYLED_ITEM('',(#220),#221);
#35=STYLED_ITEM('',(#222),#223);
#36=STYLED_ITEM('',(#224),#225);
#37=STYLED_ITEM('',(#226),#227);
#38=STYLED_ITEM('',(#228),#229);
#39=STYLED_ITEM('',(#230),#231);
#40=STYLED_ITEM('',(#232),#233);
#41=STYLED_ITEM('',(#234),#235);
#42=STYLED_ITEM('',(#236),#237);
#43=STYLED_ITEM('',(#238),#239);
#44=STYLED_ITEM('',(#240),#241);
#45=STYLED_ITEM('',(#242),#243);
#46=STYLED_ITEM('',(#244),#245);
#47=STYLED_ITEM('',(#246),#247);
#48=STYLED_ITEM('',(#248),#249);
#49=STYLED_ITEM('',(#250),#251);
#50=STYLED_ITEM('',(#252),#253);
#51=STYLED_ITEM('',(#254),#255);
#52=STYLED_ITEM('',(#256),#257);
#53=STYLED_ITEM('',(#258),#259);
#54=STYLED_ITEM('',(#260),#261);
#55=STYLED_ITEM('',(#262),#263);
#56=STYLED_ITEM('',(#264),#265);
#57=STYLED_ITEM('',(#266),#267);
#58=STYLED_ITEM('',(#268),#269);
#59=STYLED_ITEM('',(#270),#271);
#60=STYLED_ITEM('',(#272),#273);
#61=STYLED_ITEM('',(#274),#275);
#62=STYLED_ITEM('',(#276),#277);
#63=STYLED_ITEM('',(#278),#279);
#64=STYLED_ITEM('',(#280),#281);
#65=STYLED_ITEM('',(#282),#283);
#66=STYLED_ITEM('',(#284),#285);
#67=STYLED_ITEM('',(#286),#287);
#68=STYLED_ITEM('',(#288),#289);
#69=STYLED_ITEM('',(#290),#291);
#70=STYLED_ITEM('',(#292),#293);
#71=STYLED_ITEM('',(#294),#295);
#72=STYLED_ITEM('',(#296),#297);
#73=STYLED_ITEM('',(#298),#299);
#74=STYLED_ITEM('',(#300),#301);
#75=STYLED_ITEM('',(#302),#303);
#76=STYLED_ITEM('',(#304),#305);
#77=STYLED_ITEM('',(#306),#307);
#78=STYLED_ITEM('',(#308),#309);
#79=STYLED_ITEM('',(#310),#311);
#80=STYLED_ITEM('',(#312),#313);
#81=STYLED_ITEM('',(#314),#315);
#82=STYLED_ITEM('',(#316),#317);
#83=STYLED_ITEM('',(#318),#319);
#84=STYLED_ITEM('',(#320),#321);
#85=STYLED_ITEM('',(#322),#323);
#86=STYLED_ITEM('',(#324),#325);
#87=STYLED_ITEM('',(#326),#327);
#88=STYLED_ITEM('',(#328),#329);
#89=STYLED_ITEM('',(#330),#331);
#90=STYLED_ITEM('',(#332),#333);
#91=STYLED_ITEM('',(#334),#335);
#92=STYLED_ITEM('',(#336),#337);
#93=STYLED_ITEM('',(#338),#339);
#94=STYLED_ITEM('',(#340),#341);
#95=STYLED_ITEM('',(#342),#343);
#96=STYLED_ITEM('',(#344),#345);
#97=STYLED_ITEM('',(#346),#347);
#98=STYLED_ITEM('',(#348),#349);
#99=STYLED_ITEM('',(#350),#351);
#100=STYLED_ITEM('',(#352),#353);
#101=STYLED_ITEM('',(#354),#355);
#102=STYLED_ITEM('',(#356),#357);
#103=STYLED_ITEM('',(#358),#359);
#104=STYLED_ITEM('',(#360),#361);
#105=STYLED_ITEM('',(#362),#363);
#106=STYLED_ITEM('',(#364),#365);
#107=STYLED_ITEM('',(#366),#367);
#108=STYLED_ITEM('',(#368),#369);
#109=STYLED_ITEM('',(#370),#371);
#110=STYLED_ITEM('',(#372),#373);
#111=STYLED_ITEM('',(#374),#375);
#112=STYLED_ITEM('',(#376),#377);
#113=STYLED_ITEM('',(#378),#379);
#114=STYLED_ITEM('',(#380),#381);
#115=STYLED_ITEM('',(#382),#383);
#116=STYLED_ITEM('',(#384),#385);
#117=STYLED_ITEM('',(#386),#387);
#118=STYLED_ITEM('',(#388),#389);
#119=STYLED_ITEM('',(#390),#391);
#120=STYLED_ITEM('',(#392),#393);
#121=STYLED_ITEM('',(#394),#395);
#122=STYLED_ITEM('',(#396),#397);
#123=STYLED_ITEM('',(#398),#399);
#124=STYLED_ITEM('',(#400),#401);
#125=STYLED_ITEM('',(#402),#403);
#126=STYLED_ITEM('',(#404),#405);
#127=STYLED_ITEM('',(#406),#407);
#128=STYLED_ITEM('',(#408),#409);
#129=STYLED_ITEM('',(#410),#411);
#130=STYLED_ITEM('',(#412),#413);
#131=STYLED_ITEM('',(#414),#415);
#132=STYLED_ITEM('',(#416),#417);
#133=STYLED_ITEM('',(#418),#419);
#134=STYLED_ITEM('',(#420),#421);
#135=STYLED_ITEM('',(#422),#423);
#136=STYLED_ITEM('',(#424),#425);
#137=STYLED_ITEM('',(#426),#427);
#138=STYLED_ITEM('',(#428),#429);
#139=STYLED_ITEM('',(#430),#431);
#140=STYLED_ITEM('',(#432),#433);
#141=STYLED_ITEM('',(#434),#435);
#142=STYLED_ITEM('',(#436),#437);
#143=STYLED_ITEM('',(#438),#439);
#144=STYLED_ITEM('',(#440),#441);
#145=STYLED_ITEM('',(#442),#443);
#146=STYLED_ITEM('',(#444),#445);
#147=STYLED_ITEM('',(#446),#447);
#148=STYLED_ITEM('',(#448),#449);
#149=STYLED_ITEM('',(#450),#451);
#150=STYLED_ITEM('',(#452),#453);
#151=STYLED_ITEM('',(#454),#455);
#152=STYLED_ITEM('',(#456),#457);
#153=STYLED_ITEM('',(#458),#459);
#154=STYLED_ITEM('',(#460),#461);
#155=STYLED_ITEM('',(#462),#463);
#156=STYLED_ITEM('',(#464),#465);
#157=STYLED_ITEM('',(#466),#467);
#158=STYLED_ITEM('',(#468),#469);
#159=APPLICATION_CONTEXT('managed model based 3d engineering');
#160=PRODUCT_CATEGORY('part','NONE');
#161=PRODUCT_RELATED_PRODUCT_CATEGORY('detail',' ',(#470));
#162=PRODUCT_DEFINITION_SHAPE('NONE','NONE',#471);
#163=ADVANCED_BREP_SHAPE_REPRESENTATION('1',(#469,#472),#6);
#166=UNCERTAINTY_MEASURE_WITH_UNIT(LENGTH_MEASURE(1.0E-06),#168,'','');
#168= (CONVERSION_BASED_UNIT('MILLIMETRE',#475)LENGTH_UNIT()NAMED_UNIT(#478));
#169= (NAMED_UNIT(#480)PLANE_ANGLE_UNIT()SI_UNIT($,.RADIAN.));
#170= (NAMED_UNIT(#480)SOLID_ANGLE_UNIT()SI_UNIT($,.STERADIAN.));
#172=PRESENTATION_STYLE_ASSIGNMENT((#486));
#173=ADVANCED_FACE('',(#487),#488,.T.);
#174=PRESENTATION_STYLE_ASSIGNMENT((#489));
#175=ADVANCED_FACE('',(#490),#491,.F.);
#176=PRESENTATION_STYLE_ASSIGNMENT((#492));
#177=ADVANCED_FACE('',(#493),#494,.F.);
#178=PRESENTATION_STYLE_ASSIGNMENT((#495));
#179=ADVANCED_FACE('',(#496),#497,.T.);
#180=PRESENTATION_STYLE_ASSIGNMENT((#498));
#181=ADVANCED_FACE('',(#499),#500,.T.);
#182=PRESENTATION_STYLE_ASSIGNMENT((#501));
#183=ADVANCED_FACE('',(#502),#503,.T.);
#184=PRESENTATION_STYLE_ASSIGNMENT((#504));
#185=ADVANCED_FACE('',(#505),#506,.T.);
#186=PRESENTATION_STYLE_ASSIGNMENT((#507));
#187=ADVANCED_FACE('',(#508),#509,.T.);
#188=PRESENTATION_STYLE_ASSIGNMENT((#510));
#189=ADVANCED_FACE('',(#511),#512,.T.);
#190=PRESENTATION_STYLE_ASSIGNMENT((#513));
#191=ADVANCED_FACE('',(#514),#515,.F.);
#192=PRESENTATION_STYLE_ASSIGNMENT((#516));
#193=ADVANCED_FACE('',(#517),#518,.T.);
#194=PRESENTATION_STYLE_ASSIGNMENT((#519));
#195=ADVANCED_FACE('',(#520),#521,.F.);
#196=PRESENTATION_STYLE_ASSIGNMENT((#522));
#197=ADVANCED_FACE('',(#523),#524,.T.);
#198=PRESENTATION_STYLE_ASSIGNMENT((#525));
#199=ADVANCED_FACE('',(#526),#527,.T.);
#200=PRESENTATION_STYLE_ASSIGNMENT((#528));
#201=ADVANCED_FACE('',(#529,#530),#531,.T.);
#202=PRESENTATION_STYLE_ASSIGNMENT((#532));
#203=ADVANCED_FACE('',(#533),#534,.F.);
#204=PRESENTATION_STYLE_ASSIGNMENT((#535));
#205=ADVANCED_FACE('',(#536),#537,.T.);
#206=PRESENTATION_STYLE_ASSIGNMENT((#538));
#207=ADVANCED_FACE('',(#539),#540,.F.);
#208=PRESENTATION_STYLE_ASSIGNMENT((#541));
#209=ADVANCED_FACE('',(#542),#543,.T.);
#210=PRESENTATION_STYLE_ASSIGNMENT((#544));
#211=ADVANCED_FACE('',(#545),#546,.T.);
#212=PRESENTATION_STYLE_ASSIGNMENT((#547));
#213=ADVANCED_FACE('',(#548,#549),#550,.T.);
#214=PRESENTATION_STYLE_ASSIGNMENT((#551));
#215=ADVANCED_FACE('',(#552),#553,.T.);
#216=PRESENTATION_STYLE_ASSIGNMENT((#554));
#217=ADVANCED_FACE('',(#555),#556,.T.);
#218=PRESENTATION_STYLE_ASSIGNMENT((#557));
#219=ADVANCED_FACE('',(#558,#559),#560,.T.);
#220=PRESENTATION_STYLE_ASSIGNMENT((#561));
#221=ADVANCED_FACE('',(#562),#563,.T.);
#222=PRESENTATION_STYLE_ASSIGNMENT((#564));
#223=ADVANCED_FACE('',(#565),#566,.T.);
#224=PRESENTATION_STYLE_ASSIGNMENT((#567));
#225=ADVANCED_FACE('',(#568),#569,.T.);
#226=PRESENTATION_STYLE_ASSIGNMENT((#570));
#227=ADVANCED_FACE('',(#571),#572,.T.);
#228=PRESENTATION_STYLE_ASSIGNMENT((#573));
#229=ADVANCED_FACE('',(#574),#575,.T.);
#230=PRESENTATION_STYLE_ASSIGNMENT((#576));
#231=ADVANCED_FACE('',(#577),#578,.T.);
#232=PRESENTATION_STYLE_ASSIGNMENT((#579));
#233=ADVANCED_FACE('',(#580),#581,.T.);
#234=PRESENTATION_STYLE_ASSIGNMENT((#582));
#235=ADVANCED_FACE('',(#583),#584,.T.);
#236=PRESENTATION_STYLE_ASSIGNMENT((#585));
#237=ADVANCED_FACE('',(#586),#587,.T.);
#238=PRESENTATION_STYLE_ASSIGNMENT((#588));
#239=ADVANCED_FACE('',(#589),#590,.T.);
#240=PRESENTATION_STYLE_ASSIGNMENT((#591));
#241=ADVANCED_FACE('',(#592),#593,.T.);
#242=PRESENTATION_STYLE_ASSIGNMENT((#594));
#243=ADVANCED_FACE('',(#595),#596,.F.);
#244=PRESENTATION_STYLE_ASSIGNMENT((#597));
#245=ADVANCED_FACE('',(#598),#599,.F.);
#246=PRESENTATION_STYLE_ASSIGNMENT((#600));
#247=ADVANCED_FACE('',(#601),#602,.F.);
#248=PRESENTATION_STYLE_ASSIGNMENT((#603));
#249=ADVANCED_FACE('',(#604),#605,.F.);
#250=PRESENTATION_STYLE_ASSIGNMENT((#606));
#251=ADVANCED_FACE('',(#607),#608,.F.);
#252=PRESENTATION_STYLE_ASSIGNMENT((#609));
#253=ADVANCED_FACE('',(#610),#611,.F.);
#254=PRESENTATION_STYLE_ASSIGNMENT((#612));
#255=ADVANCED_FACE('',(#613),#614,.F.);
#256=PRESENTATION_STYLE_ASSIGNMENT((#615));
#257=ADVANCED_FACE('',(#616),#617,.F.);
#258=PRESENTATION_STYLE_ASSIGNMENT((#618));
#259=ADVANCED_FACE('',(#619),#620,.F.);
#260=PRESENTATION_STYLE_ASSIGNMENT((#621));
#261=ADVANCED_FACE('',(#622),#623,.F.);
#262=PRESENTATION_STYLE_ASSIGNMENT((#624));
#263=ADVANCED_FACE('',(#625),#626,.F.);
#264=PRESENTATION_STYLE_ASSIGNMENT((#627));
#265=ADVANCED_FACE('',(#628),#629,.F.);
#266=PRESENTATION_STYLE_ASSIGNMENT((#630));
#267=ADVANCED_FACE('',(#631),#632,.F.);
#268=PRESENTATION_STYLE_ASSIGNMENT((#633));
#269=ADVANCED_FACE('',(#634),#635,.F.);
#270=PRESENTATION_STYLE_ASSIGNMENT((#636));
#271=ADVANCED_FACE('',(#637),#638,.F.);
#272=PRESENTATION_STYLE_ASSIGNMENT((#639));
#273=ADVANCED_FACE('',(#640),#641,.F.);
#274=PRESENTATION_STYLE_ASSIGNMENT((#642));
#275=ADVANCED_FACE('',(#643),#644,.F.);
#276=PRESENTATION_STYLE_ASSIGNMENT((#645));
#277=ADVANCED_FACE('',(#646),#647,.F.);
#278=PRESENTATION_STYLE_ASSIGNMENT((#648));
#279=ADVANCED_FACE('',(#649),#650,.F.);
#280=PRESENTATION_STYLE_ASSIGNMENT((#651));
#281=ADVANCED_FACE('',(#652),#653,.F.);
#282=PRESENTATION_STYLE_ASSIGNMENT((#654));
#283=ADVANCED_FACE('',(#655),#656,.F.);
#284=PRESENTATION_STYLE_ASSIGNMENT((#657));
#285=ADVANCED_FACE('',(#658),#659,.F.);
#286=PRESENTATION_STYLE_ASSIGNMENT((#660));
#287=ADVANCED_FACE('',(#661),#662,.F.);
#288=PRESENTATION_STYLE_ASSIGNMENT((#663));
#289=ADVANCED_FACE('',(#664),#665,.F.);
#290=PRESENTATION_STYLE_ASSIGNMENT((#666));
#291=ADVANCED_FACE('',(#667),#668,.F.);
#292=PRESENTATION_STYLE_ASSIGNMENT((#669));
#293=ADVANCED_FACE('',(#670),#671,.F.);
#294=PRESENTATION_STYLE_ASSIGNMENT((#672));
#295=ADVANCED_FACE('',(#673),#674,.F.);
#296=PRESENTATION_STYLE_ASSIGNMENT((#675));
#297=ADVANCED_FACE('',(#676,#677),#678,.T.);
#298=PRESENTATION_STYLE_ASSIGNMENT((#679));
#299=ADVANCED_FACE('',(#680,#681),#682,.F.);
#300=PRESENTATION_STYLE_ASSIGNMENT((#683));
#301=ADVANCED_FACE('',(#684),#685,.F.);
#302=PRESENTATION_STYLE_ASSIGNMENT((#686));
#303=ADVANCED_FACE('',(#687),#688,.F.);
#304=PRESENTATION_STYLE_ASSIGNMENT((#689));
#305=ADVANCED_FACE('',(#690),#691,.F.);
#306=PRESENTATION_STYLE_ASSIGNMENT((#692));
#307=ADVANCED_FACE('',(#693),#694,.F.);
#308=PRESENTATION_STYLE_ASSIGNMENT((#695));
#309=ADVANCED_FACE('',(#696),#697,.F.);
#310=PRESENTATION_STYLE_ASSIGNMENT((#698));
#311=ADVANCED_FACE('',(#699),#700,.F.);
#312=PRESENTATION_STYLE_ASSIGNMENT((#701));
#313=ADVANCED_FACE('',(#702),#703,.F.);
#314=PRESENTATION_STYLE_ASSIGNMENT((#704));
#315=ADVANCED_FACE('',(#705),#706,.F.);
#316=PRESENTATION_STYLE_ASSIGNMENT((#707));
#317=ADVANCED_FACE('',(#708),#709,.F.);
#318=PRESENTATION_STYLE_ASSIGNMENT((#710));
#319=ADVANCED_FACE('',(#711),#712,.F.);
#320=PRESENTATION_STYLE_ASSIGNMENT((#713));
#321=ADVANCED_FACE('',(#714),#715,.F.);
#322=PRESENTATION_STYLE_ASSIGNMENT((#716));
#323=ADVANCED_FACE('',(#717),#718,.F.);
#324=PRESENTATION_STYLE_ASSIGNMENT((#719));
#325=ADVANCED_FACE('',(#720),#721,.F.);
#326=PRESENTATION_STYLE_ASSIGNMENT((#722));
#327=ADVANCED_FACE('',(#723),#724,.T.);
#328=PRESENTATION_STYLE_ASSIGNMENT((#725));
#329=ADVANCED_FACE('',(#726),#727,.T.);
#330=PRESENTATION_STYLE_ASSIGNMENT((#728));
#331=ADVANCED_FACE('',(#729),#730,.T.);
#332=PRESENTATION_STYLE_ASSIGNMENT((#731));
#333=ADVANCED_FACE('',(#732),#733,.T.);
#334=PRESENTATION_STYLE_ASSIGNMENT((#734));
#335=ADVANCED_FACE('',(#735),#736,.T.);
#336=PRESENTATION_STYLE_ASSIGNMENT((#737));
#337=ADVANCED_FACE('',(#738),#739,.T.);
#338=PRESENTATION_STYLE_ASSIGNMENT((#740));
#339=ADVANCED_FACE('',(#741),#742,.T.);
#340=PRESENTATION_STYLE_ASSIGNMENT((#743));
#341=ADVANCED_FACE('',(#744),#745,.T.);
#342=PRESENTATION_STYLE_ASSIGNMENT((#746));
#343=ADVANCED_FACE('',(#747),#748,.T.);
#344=PRESENTATION_STYLE_ASSIGNMENT((#749));
#345=ADVANCED_FACE('',(#750),#751,.T.);
#346=PRESENTATION_STYLE_ASSIGNMENT((#752));
#347=ADVANCED_FACE('',(#753),#754,.T.);
#348=PRESENTATION_STYLE_ASSIGNMENT((#755));
#349=ADVANCED_FACE('',(#756),#757,.T.);
#350=PRESENTATION_STYLE_ASSIGNMENT((#758));
#351=ADVANCED_FACE('',(#759),#760,.T.);
#352=PRESENTATION_STYLE_ASSIGNMENT((#761));
#353=ADVANCED_FACE('',(#762),#763,.T.);
#354=PRESENTATION_STYLE_ASSIGNMENT((#764));
#355=ADVANCED_FACE('',(#765),#766,.T.);
#356=PRESENTATION_STYLE_ASSIGNMENT((#767));
#357=ADVANCED_FACE('',(#768),#769,.F.);
#358=PRESENTATION_STYLE_ASSIGNMENT((#770));
#359=ADVANCED_FACE('',(#771),#772,.F.);
#360=PRESENTATION_STYLE_ASSIGNMENT((#773));
#361=ADVANCED_FACE('',(#774),#775,.F.);
#362=PRESENTATION_STYLE_ASSIGNMENT((#776));
#363=ADVANCED_FACE('',(#777),#778,.F.);
#364=PRESENTATION_STYLE_ASSIGNMENT((#779));
#365=ADVANCED_FACE('',(#780),#781,.F.);
#366=PRESENTATION_STYLE_ASSIGNMENT((#782));
#367=ADVANCED_FACE('',(#783),#784,.F.);
#368=PRESENTATION_STYLE_ASSIGNMENT((#785));
#369=ADVANCED_FACE('',(#786),#787,.F.);
#370=PRESENTATION_STYLE_ASSIGNMENT((#788));
#371=ADVANCED_FACE('',(#789),#790,.F.);
#372=PRESENTATION_STYLE_ASSIGNMENT((#791));
#373=ADVANCED_FACE('',(#792),#793,.F.);
#374=PRESENTATION_STYLE_ASSIGNMENT((#794));
#375=ADVANCED_FACE('',(#795),#796,.F.);
#376=PRESENTATION_STYLE_ASSIGNMENT((#797));
#377=ADVANCED_FACE('',(#798),#799,.F.);
#378=PRESENTATION_STYLE_ASSIGNMENT((#800));
#379=ADVANCED_FACE('',(#801),#802,.F.);
#380=PRESENTATION_STYLE_ASSIGNMENT((#803));
#381=ADVANCED_FACE('',(#804),#805,.F.);
#382=PRESENTATION_STYLE_ASSIGNMENT((#806));
#383=ADVANCED_FACE('',(#807),#808,.F.);
#384=PRESENTATION_STYLE_ASSIGNMENT((#809));
#385=ADVANCED_FACE('',(#810),#811,.F.);
#386=PRESENTATION_STYLE_ASSIGNMENT((#812));
#387=ADVANCED_FACE('',(#813),#814,.F.);
#388=PRESENTATION_STYLE_ASSIGNMENT((#815));
#389=ADVANCED_FACE('',(#816),#817,.F.);
#390=PRESENTATION_STYLE_ASSIGNMENT((#818));
#391=ADVANCED_FACE('',(#819),#820,.F.);
#392=PRESENTATION_STYLE_ASSIGNMENT((#821));
#393=ADVANCED_FACE('',(#822),#823,.F.);
#394=PRESENTATION_STYLE_ASSIGNMENT((#824));
#395=ADVANCED_FACE('',(#825),#826,.F.);
#396=PRESENTATION_STYLE_ASSIGNMENT((#827));
#397=ADVANCED_FACE('',(#828),#829,.F.);
#398=PRESENTATION_STYLE_ASSIGNMENT((#830));
#399=ADVANCED_FACE('',(#831),#832,.F.);
#400=PRESENTATION_STYLE_ASSIGNMENT((#833));
#401=ADVANCED_FACE('',(#834),#835,.F.);
#402=PRESENTATION_STYLE_ASSIGNMENT((#836));
#403=ADVANCED_FACE('',(#837),#838,.F.);
#404=PRESENTATION_STYLE_ASSIGNMENT((#839));
#405=ADVANCED_FACE('',(#840,#841),#842,.T.);
#406=PRESENTATION_STYLE_ASSIGNMENT((#843));
#407=ADVANCED_FACE('',(#844,#845),#846,.F.);
#408=PRESENTATION_STYLE_ASSIGNMENT((#847));
#409=ADVANCED_FACE('',(#848),#849,.T.);
#410=PRESENTATION_STYLE_ASSIGNMENT((#850));
#411=ADVANCED_FACE('',(#851),#852,.T.);
#412=PRESENTATION_STYLE_ASSIGNMENT((#853));
#413=ADVANCED_FACE('',(#854),#855,.T.);
#414=PRESENTATION_STYLE_ASSIGNMENT((#856));
#415=ADVANCED_FACE('',(#857),#858,.F.);
#416=PRESENTATION_STYLE_ASSIGNMENT((#859));
#417=ADVANCED_FACE('',(#860),#861,.F.);
#418=PRESENTATION_STYLE_ASSIGNMENT((#862));
#419=ADVANCED_FACE('',(#863),#864,.F.);
#420=PRESENTATION_STYLE_ASSIGNMENT((#865));
#421=ADVANCED_FACE('',(#866),#867,.F.);
#422=PRESENTATION_STYLE_ASSIGNMENT((#868));
#423=ADVANCED_FACE('',(#869),#870,.F.);
#424=PRESENTATION_STYLE_ASSIGNMENT((#871));
#425=ADVANCED_FACE('',(#872,#873),#874,.F.);
#426=PRESENTATION_STYLE_ASSIGNMENT((#875));
#427=ADVANCED_FACE('',(#876,#877),#878,.T.);
#428=PRESENTATION_STYLE_ASSIGNMENT((#879));
#429=ADVANCED_FACE('',(#880),#881,.F.);
#430=PRESENTATION_STYLE_ASSIGNMENT((#882));
#431=ADVANCED_FACE('',(#883),#884,.F.);
#432=PRESENTATION_STYLE_ASSIGNMENT((#885));
#433=ADVANCED_FACE('',(#886),#887,.F.);
#434=PRESENTATION_STYLE_ASSIGNMENT((#888));
#435=ADVANCED_FACE('',(#889),#890,.F.);
#436=PRESENTATION_STYLE_ASSIGNMENT((#891));
#437=ADVANCED_FACE('',(#892),#893,.F.);
#438=PRESENTATION_STYLE_ASSIGNMENT((#894));
#439=ADVANCED_FACE('',(#895),#896,.F.);
#440=PRESENTATION_STYLE_ASSIGNMENT((#897));
#441=ADVANCED_FACE('',(#898),#899,.F.);
#442=PRESENTATION_STYLE_ASSIGNMENT((#900));
#443=ADVANCED_FACE('',(#901),#902,.F.);
#444=PRESENTATION_STYLE_ASSIGNMENT((#903));
#445=ADVANCED_FACE('',(#904),#905,.F.);
#446=PRESENTATION_STYLE_ASSIGNMENT((#906));
#447=ADVANCED_FACE('',(#907),#908,.F.);
#448=PRESENTATION_STYLE_ASSIGNMENT((#909));
#449=ADVANCED_FACE('',(#910),#911,.F.);
#450=PRESENTATION_STYLE_ASSIGNMENT((#912));
#451=ADVANCED_FACE('',(#913),#914,.F.);
#452=PRESENTATION_STYLE_ASSIGNMENT((#915));
#453=ADVANCED_FACE('',(#916),#917,.T.);
#454=PRESENTATION_STYLE_ASSIGNMENT((#918));
#455=ADVANCED_FACE('',(#919),#920,.F.);
#456=PRESENTATION_STYLE_ASSIGNMENT((#921));
#457=ADVANCED_FACE('',(#922),#923,.F.);
#458=PRESENTATION_STYLE_ASSIGNMENT((#924));
#459=ADVANCED_FACE('',(#925),#926,.T.);
#460=PRESENTATION_STYLE_ASSIGNMENT((#927));
#461=ADVANCED_FACE('',(#928),#929,.T.);
#462=PRESENTATION_STYLE_ASSIGNMENT((#930));
#463=ADVANCED_FACE('',(#931),#932,.F.);
#464=PRESENTATION_STYLE_ASSIGNMENT((#933));
#465=ADVANCED_FACE('',(#934,#935),#936,.T.);
#466=PRESENTATION_STYLE_ASSIGNMENT((#937));
#467=ADVANCED_FACE('',(#938,#939),#940,.F.);
#468=PRESENTATION_STYLE_ASSIGNMENT((#941));
#469=BREP_WITH_VOIDS('1',#942,(#943,#944,#945,#946,#947,#948));
#470=PRODUCT('1','','PART--DESC',(#949));
#471=PRODUCT_DEFINITION('','NONE',#950,#2);
#472=AXIS2_PLACEMENT_3D('',#951,#952,#953);
#475=LENGTH_MEASURE_WITH_UNIT(LENGTH_MEASURE(1.0),#954);
#478=DIMENSIONAL_EXPONENTS(1.0,0.0,0.0,0.0,0.0,0.0,0.0);
#480=DIMENSIONAL_EXPONENTS(0.0,0.0,0.0,0.0,0.0,0.0,0.0);
#486=SURFACE_STYLE_USAGE(.BOTH.,#955);
#487=FACE_OUTER_BOUND('',#956,.T.);
#488=TOROIDAL_SURFACE('',#957,2.07000678228067,0.230000000049998);
#489=SURFACE_STYLE_USAGE(.BOTH.,#958);
#490=FACE_OUTER_BOUND('',#959,.T.);
#491=TOROIDAL_SURFACE('',#960,1.41495190577251,0.0750000003732048);
#492=SURFACE_STYLE_USAGE(.BOTH.,#961);
#493=FACE_OUTER_BOUND('',#962,.T.);
#494=TOROIDAL_SURFACE('',#963,1.41495190577251,0.0750000003732048);
#495=SURFACE_STYLE_USAGE(.BOTH.,#964);
#496=FACE_OUTER_BOUND('',#965,.T.);
#497=TOROIDAL_SURFACE('',#966,2.07000678228067,0.230000000049998);
#498=SURFACE_STYLE_USAGE(.BOTH.,#967);
#499=FACE_OUTER_BOUND('',#968,.T.);
#500=TOROIDAL_SURFACE('',#969,2.07000678228067,0.230000000049998);
#501=SURFACE_STYLE_USAGE(.BOTH.,#970);
#502=FACE_OUTER_BOUND('',#971,.T.);
#503=CYLINDRICAL_SURFACE('',#972,1.5);
#504=SURFACE_STYLE_USAGE(.BOTH.,#973);
#505=FACE_OUTER_BOUND('',#974,.T.);
#506=CONICAL_SURFACE('',#975,1.34675,0.785398163397449);
#507=SURFACE_STYLE_USAGE(.BOTH.,#976);
#508=FACE_OUTER_BOUND('',#977,.T.);
#509=CYLINDRICAL_SURFACE('',#978,1.5);
#510=SURFACE_STYLE_USAGE(.BOTH.,#979);
#511=FACE_OUTER_BOUND('',#980,.T.);
#512=CONICAL_SURFACE('',#981,1.425,1.10714871779409);
#513=SURFACE_STYLE_USAGE(.BOTH.,#982);
#514=FACE_OUTER_BOUND('',#983,.T.);
#515=TOROIDAL_SURFACE('',#984,1.41495190577251,0.0750000003732048);
#516=SURFACE_STYLE_USAGE(.BOTH.,#985);
#517=FACE_OUTER_BOUND('',#986,.T.);
#518=CONICAL_SURFACE('',#987,1.4250000000433,1.10714871729648);
#519=SURFACE_STYLE_USAGE(.BOTH.,#988);
#520=FACE_OUTER_BOUND('',#989,.T.);
#521=CONICAL_SURFACE('',#990,0.225,1.0471975511966);
#522=SURFACE_STYLE_USAGE(.BOTH.,#991);
#523=FACE_OUTER_BOUND('',#992,.T.);
#524=CYLINDRICAL_SURFACE('',#993,1.955);
#525=SURFACE_STYLE_USAGE(.BOTH.,#994);
#526=FACE_OUTER_BOUND('',#995,.T.);
#527=CYLINDRICAL_SURFACE('',#996,1.955);
#528=SURFACE_STYLE_USAGE(.BOTH.,#997);
#529=FACE_BOUND('',#998,.T.);
#530=FACE_OUTER_BOUND('',#999,.T.);
#531=PLANE('',#1000);
#532=SURFACE_STYLE_USAGE(.BOTH.,#1001);
#533=FACE_OUTER_BOUND('',#1002,.T.);
#534=CONICAL_SURFACE('',#1003,0.225,1.0471975511966);
#535=SURFACE_STYLE_USAGE(.BOTH.,#1004);
#536=FACE_OUTER_BOUND('',#1005,.T.);
#537=CONICAL_SURFACE('',#1006,1.4250000000433,1.10714871729648);
#538=SURFACE_STYLE_USAGE(.BOTH.,#1007);
#539=FACE_OUTER_BOUND('',#1008,.T.);
#540=TOROIDAL_SURFACE('',#1009,1.41495190577251,0.0750000003732048);
#541=SURFACE_STYLE_USAGE(.BOTH.,#1010);
#542=FACE_OUTER_BOUND('',#1011,.T.);
#543=CONICAL_SURFACE('',#1012,1.425,1.10714871779409);
#544=SURFACE_STYLE_USAGE(.BOTH.,#1013);
#545=FACE_OUTER_BOUND('',#1014,.T.);
#546=CYLINDRICAL_SURFACE('',#1015,1.5);
#547=SURFACE_STYLE_USAGE(.BOTH.,#1016);
#548=FACE_BOUND('',#1017,.T.);
#549=FACE_OUTER_BOUND('',#1018,.T.);
#550=PLANE('',#1019);
#551=SURFACE_STYLE_USAGE(.BOTH.,#1020);
#552=FACE_OUTER_BOUND('',#1021,.T.);
#553=CONICAL_SURFACE('',#1022,1.34675,0.785398163397449);
#554=SURFACE_STYLE_USAGE(.BOTH.,#1023);
#555=FACE_OUTER_BOUND('',#1024,.T.);
#556=CYLINDRICAL_SURFACE('',#1025,1.5);
#557=SURFACE_STYLE_USAGE(.BOTH.,#1026);
#558=FACE_BOUND('',#1027,.T.);
#559=FACE_OUTER_BOUND('',#1028,.T.);
#560=PLANE('',#1029);
#561=SURFACE_STYLE_USAGE(.BOTH.,#1030);
#562=FACE_OUTER_BOUND('',#1031,.T.);
#563=TOROIDAL_SURFACE('',#1032,2.07000678228067,0.230000000049998);
#564=SURFACE_STYLE_USAGE(.BOTH.,#1033);
#565=FACE_OUTER_BOUND('',#1034,.T.);
#566=PLANE('',#1035);
#567=SURFACE_STYLE_USAGE(.BOTH.,#1036);
#568=FACE_OUTER_BOUND('',#1037,.T.);
#569=PLANE('',#1038);
#570=SURFACE_STYLE_USAGE(.BOTH.,#1039);
#571=FACE_OUTER_BOUND('',#1040,.T.);
#572=PLANE('',#1041);
#573=SURFACE_STYLE_USAGE(.BOTH.,#1042);
#574=FACE_OUTER_BOUND('',#1043,.T.);
#575=PLANE('',#1044);
#576=SURFACE_STYLE_USAGE(.BOTH.,#1045);
#577=FACE_OUTER_BOUND('',#1046,.T.);
#578=PLANE('',#1047);
#579=SURFACE_STYLE_USAGE(.BOTH.,#1048);
#580=FACE_OUTER_BOUND('',#1049,.T.);
#581=PLANE('',#1050);
#582=SURFACE_STYLE_USAGE(.BOTH.,#1051);
#583=FACE_OUTER_BOUND('',#1052,.T.);
#584=PLANE('',#1053);
#585=SURFACE_STYLE_USAGE(.BOTH.,#1054);
#586=FACE_OUTER_BOUND('',#1055,.T.);
#587=PLANE('',#1056);
#588=SURFACE_STYLE_USAGE(.BOTH.,#1057);
#589=FACE_OUTER_BOUND('',#1058,.T.);
#590=PLANE('',#1059);
#591=SURFACE_STYLE_USAGE(.BOTH.,#1060);
#592=FACE_OUTER_BOUND('',#1061,.T.);
#593=PLANE('',#1062);
#594=SURFACE_STYLE_USAGE(.BOTH.,#1063);
#595=FACE_OUTER_BOUND('',#1064,.T.);
#596=PLANE('',#1065);
#597=SURFACE_STYLE_USAGE(.BOTH.,#1066);
#598=FACE_OUTER_BOUND('',#1067,.T.);
#599=PLANE('',#1068);
#600=SURFACE_STYLE_USAGE(.BOTH.,#1069);
#601=FACE_OUTER_BOUND('',#1070,.T.);
#602=PLANE('',#1071);
#603=SURFACE_STYLE_USAGE(.BOTH.,#1072);
#604=FACE_OUTER_BOUND('',#1073,.T.);
#605=PLANE('',#1074);
#606=SURFACE_STYLE_USAGE(.BOTH.,#1075);
#607=FACE_OUTER_BOUND('',#1076,.T.);
#608=PLANE('',#1077);
#609=SURFACE_STYLE_USAGE(.BOTH.,#1078);
#610=FACE_OUTER_BOUND('',#1079,.T.);
#611=PLANE('',#1080);
#612=SURFACE_STYLE_USAGE(.BOTH.,#1081);
#613=FACE_OUTER_BOUND('',#1082,.T.);
#614=PLANE('',#1083);
#615=SURFACE_STYLE_USAGE(.BOTH.,#1084);
#616=FACE_OUTER_BOUND('',#1085,.T.);
#617=PLANE('',#1086);
#618=SURFACE_STYLE_USAGE(.BOTH.,#1087);
#619=FACE_OUTER_BOUND('',#1088,.T.);
#620=PLANE('',#1089);
#621=SURFACE_STYLE_USAGE(.BOTH.,#1090);
#622=FACE_OUTER_BOUND('',#1091,.T.);
#623=PLANE('',#1092);
#624=SURFACE_STYLE_USAGE(.BOTH.,#1093);
#625=FACE_OUTER_BOUND('',#1094,.T.);
#626=PLANE('',#1095);
#627=SURFACE_STYLE_USAGE(.BOTH.,#1096);
#628=FACE_OUTER_BOUND('',#1097,.T.);
#629=PLANE('',#1098);
#630=SURFACE_STYLE_USAGE(.BOTH.,#1099);
#631=FACE_OUTER_BOUND('',#1100,.T.);
#632=PLANE('',#1101);
#633=SURFACE_STYLE_USAGE(.BOTH.,#1102);
#634=FACE_OUTER_BOUND('',#1103,.T.);
#635=PLANE('',#1104);
#636=SURFACE_STYLE_USAGE(.BOTH.,#1105);
#637=FACE_OUTER_BOUND('',#1106,.T.);
#638=PLANE('',#1107);
#639=SURFACE_STYLE_USAGE(.BOTH.,#1108);
#640=FACE_OUTER_BOUND('',#1109,.T.);
#641=PLANE('',#1110);
#642=SURFACE_STYLE_USAGE(.BOTH.,#1111);
#643=FACE_OUTER_BOUND('',#1112,.T.);
#644=PLANE('',#1113);
#645=SURFACE_STYLE_USAGE(.BOTH.,#1114);
#646=FACE_OUTER_BOUND('',#1115,.T.);
#647=PLANE('',#1116);
#648=SURFACE_STYLE_USAGE(.BOTH.,#1117);
#649=FACE_OUTER_BOUND('',#1118,.T.);
#650=PLANE('',#1119);
#651=SURFACE_STYLE_USAGE(.BOTH.,#1120);
#652=FACE_OUTER_BOUND('',#1121,.T.);
#653=PLANE('',#1122);
#654=SURFACE_STYLE_USAGE(.BOTH.,#1123);
#655=FACE_OUTER_BOUND('',#1124,.T.);
#656=PLANE('',#1125);
#657=SURFACE_STYLE_USAGE(.BOTH.,#1126);
#658=FACE_OUTER_BOUND('',#1127,.T.);
#659=PLANE('',#1128);
#660=SURFACE_STYLE_USAGE(.BOTH.,#1129);
#661=FACE_OUTER_BOUND('',#1130,.T.);
#662=PLANE('',#1131);
#663=SURFACE_STYLE_USAGE(.BOTH.,#1132);
#664=FACE_OUTER_BOUND('',#1133,.T.);
#665=PLANE('',#1134);
#666=SURFACE_STYLE_USAGE(.BOTH.,#1135);
#667=FACE_OUTER_BOUND('',#1136,.T.);
#668=PLANE('',#1137);
#669=SURFACE_STYLE_USAGE(.BOTH.,#1138);
#670=FACE_OUTER_BOUND('',#1139,.T.);
#671=PLANE('',#1140);
#672=SURFACE_STYLE_USAGE(.BOTH.,#1141);
#673=FACE_OUTER_BOUND('',#1142,.T.);
#674=PLANE('',#1143);
#675=SURFACE_STYLE_USAGE(.BOTH.,#1144);
#676=FACE_BOUND('',#1145,.T.);
#677=FACE_OUTER_BOUND('',#1146,.T.);
#678=PLANE('',#1147);
#679=SURFACE_STYLE_USAGE(.BOTH.,#1148);
#680=FACE_BOUND('',#1149,.T.);
#681=FACE_OUTER_BOUND('',#1150,.T.);
#682=PLANE('',#1151);
#683=SURFACE_STYLE_USAGE(.BOTH.,#1152);
#684=FACE_OUTER_BOUND('',#1153,.T.);
#685=PLANE('',#1154);
#686=SURFACE_STYLE_USAGE(.BOTH.,#1155);
#687=FACE_OUTER_BOUND('',#1156,.T.);
#688=PLANE('',#1157);
#689=SURFACE_STYLE_USAGE(.BOTH.,#1158);
#690=FACE_OUTER_BOUND('',#1159,.T.);
#691=PLANE('',#1160);
#692=SURFACE_STYLE_USAGE(.BOTH.,#1161);
#693=FACE_OUTER_BOUND('',#1162,.T.);
#694=PLANE('',#1163);
#695=SURFACE_STYLE_USAGE(.BOTH.,#1164);
#696=FACE_OUTER_BOUND('',#1165,.T.);
#697=PLANE('',#1166);
#698=SURFACE_STYLE_USAGE(.BOTH.,#1167);
#699=FACE_OUTER_BOUND('',#1168,.T.);
#700=PLANE('',#1169);
#701=SURFACE_STYLE_USAGE(.BOTH.,#1170);
#702=FACE_OUTER_BOUND('',#1171,.T.);
#703=PLANE('',#1172);
#704=SURFACE_STYLE_USAGE(.BOTH.,#1173);
#705=FACE_OUTER_BOUND('',#1174,.T.);
#706=PLANE('',#1175);
#707=SURFACE_STYLE_USAGE(.BOTH.,#1176);
#708=FACE_OUTER_BOUND('',#1177,.T.);
#709=PLANE('',#1178);
#710=SURFACE_STYLE_USAGE(.BOTH.,#1179);
#711=FACE_OUTER_BOUND('',#1180,.T.);
#712=PLANE('',#1181);
#713=SURFACE_STYLE_USAGE(.BOTH.,#1182);
#714=FACE_OUTER_BOUND('',#1183,.T.);
#715=PLANE('',#1184);
#716=SURFACE_STYLE_USAGE(.BOTH.,#1185);
#717=FACE_OUTER_BOUND('',#1186,.T.);
#718=PLANE('',#1187);
#719=SURFACE_STYLE_USAGE(.BOTH.,#1188);
#720=FACE_OUTER_BOUND('',#1189,.T.);
#721=PLANE('',#1190);
#722=SURFACE_STYLE_USAGE(.BOTH.,#1191);
#723=FACE_OUTER_BOUND('',#1192,.T.);
#724=PLANE('',#1193);
#725=SURFACE_STYLE_USAGE(.BOTH.,#1194);
#726=FACE_OUTER_BOUND('',#1195,.T.);
#727=PLANE('',#1196);
#728=SURFACE_STYLE_USAGE(.BOTH.,#1197);
#729=FACE_OUTER_BOUND('',#1198,.T.);
#730=PLANE('',#1199);
#731=SURFACE_STYLE_USAGE(.BOTH.,#1200);
#732=FACE_OUTER_BOUND('',#1201,.T.);
#733=PLANE('',#1202);
#734=SURFACE_STYLE_USAGE(.BOTH.,#1203);
#735=FACE_OUTER_BOUND('',#1204,.T.);
#736=PLANE('',#1205);
#737=SURFACE_STYLE_USAGE(.BOTH.,#1206);
#738=FACE_OUTER_BOUND('',#1207,.T.);
#739=PLANE('',#1208);
#740=SURFACE_STYLE_USAGE(.BOTH.,#1209);
#741=FACE_OUTER_BOUND('',#1210,.T.);
#742=PLANE('',#1211);
#743=SURFACE_STYLE_USAGE(.BOTH.,#1212);
#744=FACE_OUTER_BOUND('',#1213,.T.);
#745=PLANE('',#1214);
#746=SURFACE_STYLE_USAGE(.BOTH.,#1215);
#747=FACE_OUTER_BOUND('',#1216,.T.);
#748=PLANE('',#1217);
#749=SURFACE_STYLE_USAGE(.BOTH.,#1218);
#750=FACE_OUTER_BOUND('',#1219,.T.);
#751=PLANE('',#1220);
#752=SURFACE_STYLE_USAGE(.BOTH.,#1221);
#753=FACE_OUTER_BOUND('',#1222,.T.);
#754=PLANE('',#1223);
#755=SURFACE_STYLE_USAGE(.BOTH.,#1224);
#756=FACE_OUTER_BOUND('',#1225,.T.);
#757=PLANE('',#1226);
#758=SURFACE_STYLE_USAGE(.BOTH.,#1227);
#759=FACE_OUTER_BOUND('',#1228,.T.);
#760=PLANE('',#1229);
#761=SURFACE_STYLE_USAGE(.BOTH.,#1230);
#762=FACE_OUTER_BOUND('',#1231,.T.);
#763=PLANE('',#1232);
#764=SURFACE_STYLE_USAGE(.BOTH.,#1233);
#765=FACE_OUTER_BOUND('',#1234,.T.);
#766=PLANE('',#1235);
#767=SURFACE_STYLE_USAGE(.BOTH.,#1236);
#768=FACE_OUTER_BOUND('',#1237,.T.);
#769=PLANE('',#1238);
#770=SURFACE_STYLE_USAGE(.BOTH.,#1239);
#771=FACE_OUTER_BOUND('',#1240,.T.);
#772=PLANE('',#1241);
#773=SURFACE_STYLE_USAGE(.BOTH.,#1242);
#774=FACE_OUTER_BOUND('',#1243,.T.);
#775=PLANE('',#1244);
#776=SURFACE_STYLE_USAGE(.BOTH.,#1245);
#777=FACE_OUTER_BOUND('',#1246,.T.);
#778=PLANE('',#1247);
#779=SURFACE_STYLE_USAGE(.BOTH.,#1248);
#780=FACE_OUTER_BOUND('',#1249,.T.);
#781=PLANE('',#1250);
#782=SURFACE_STYLE_USAGE(.BOTH.,#1251);
#783=FACE_OUTER_BOUND('',#1252,.T.);
#784=PLANE('',#1253);
#785=SURFACE_STYLE_USAGE(.BOTH.,#1254);
#786=FACE_OUTER_BOUND('',#1255,.T.);
#787=PLANE('',#1256);
#788=SURFACE_STYLE_USAGE(.BOTH.,#1257);
#789=FACE_OUTER_BOUND('',#1258,.T.);
#790=PLANE('',#1259);
#791=SURFACE_STYLE_USAGE(.BOTH.,#1260);
#792=FACE_OUTER_BOUND('',#1261,.T.);
#793=PLANE('',#1262);
#794=SURFACE_STYLE_USAGE(.BOTH.,#1263);
#795=FACE_OUTER_BOUND('',#1264,.T.);
#796=PLANE('',#1265);
#797=SURFACE_STYLE_USAGE(.BOTH.,#1266);
#798=FACE_OUTER_BOUND('',#1267,.T.);
#799=PLANE('',#1268);
#800=SURFACE_STYLE_USAGE(.BOTH.,#1269);
#801=FACE_OUTER_BOUND('',#1270,.T.);
#802=PLANE('',#1271);
#803=SURFACE_STYLE_USAGE(.BOTH.,#1272);
#804=FACE_OUTER_BOUND('',#1273,.T.);
#805=PLANE('',#1274);
#806=SURFACE_STYLE_USAGE(.BOTH.,#1275);
#807=FACE_OUTER_BOUND('',#1276,.T.);
#808=PLANE('',#1277);
#809=SURFACE_STYLE_USAGE(.BOTH.,#1278);
#810=FACE_OUTER_BOUND('',#1279,.T.);
#811=PLANE('',#1280);
#812=SURFACE_STYLE_USAGE(.BOTH.,#1281);
#813=FACE_OUTER_BOUND('',#1282,.T.);
#814=PLANE('',#1283);
#815=SURFACE_STYLE_USAGE(.BOTH.,#1284);
#816=FACE_OUTER_BOUND('',#1285,.T.);
#817=PLANE('',#1286);
#818=SURFACE_STYLE_USAGE(.BOTH.,#1287);
#819=FACE_OUTER_BOUND('',#1288,.T.);
#820=PLANE('',#1289);
#821=SURFACE_STYLE_USAGE(.BOTH.,#1290);
#822=FACE_OUTER_BOUND('',#1291,.T.);
#823=PLANE('',#1292);
#824=SURFACE_STYLE_USAGE(.BOTH.,#1293);
#825=FACE_OUTER_BOUND('',#1294,.T.);
#826=PLANE('',#1295);
#827=SURFACE_STYLE_USAGE(.BOTH.,#1296);
#828=FACE_OUTER_BOUND('',#1297,.T.);
#829=PLANE('',#1298);
#830=SURFACE_STYLE_USAGE(.BOTH.,#1299);
#831=FACE_OUTER_BOUND('',#1300,.T.);
#832=PLANE('',#1301);
#833=SURFACE_STYLE_USAGE(.BOTH.,#1302);
#834=FACE_OUTER_BOUND('',#1303,.T.);
#835=PLANE('',#1304);
#836=SURFACE_STYLE_USAGE(.BOTH.,#1305);
#837=FACE_OUTER_BOUND('',#1306,.T.);
#838=PLANE('',#1307);
#839=SURFACE_STYLE_USAGE(.BOTH.,#1308);
#840=FACE_BOUND('',#1309,.T.);
#841=FACE_OUTER_BOUND('',#1310,.T.);
#842=PLANE('',#1311);
#843=SURFACE_STYLE_USAGE(.BOTH.,#1312);
#844=FACE_BOUND('',#1313,.T.);
#845=FACE_OUTER_BOUND('',#1314,.T.);
#846=PLANE('',#1315);
#847=SURFACE_STYLE_USAGE(.BOTH.,#1316);
#848=FACE_OUTER_BOUND('',#1317,.T.);
#849=PLANE('',#1318);
#850=SURFACE_STYLE_USAGE(.BOTH.,#1319);
#851=FACE_OUTER_BOUND('',#1320,.T.);
#852=PLANE('',#1321);
#853=SURFACE_STYLE_USAGE(.BOTH.,#1322);
#854=FACE_OUTER_BOUND('',#1323,.T.);
#855=PLANE('',#1324);
#856=SURFACE_STYLE_USAGE(.BOTH.,#1325);
#857=FACE_OUTER_BOUND('',#1326,.T.);
#858=PLANE('',#1327);
#859=SURFACE_STYLE_USAGE(.BOTH.,#1328);
#860=FACE_OUTER_BOUND('',#1329,.T.);
#861=PLANE('',#1330);
#862=SURFACE_STYLE_USAGE(.BOTH.,#1331);
#863=FACE_OUTER_BOUND('',#1332,.T.);
#864=PLANE('',#1333);
#865=SURFACE_STYLE_USAGE(.BOTH.,#1334);
#866=FACE_OUTER_BOUND('',#1335,.T.);
#867=PLANE('',#1336);
#868=SURFACE_STYLE_USAGE(.BOTH.,#1337);
#869=FACE_OUTER_BOUND('',#1338,.T.);
#870=PLANE('',#1339);
#871=SURFACE_STYLE_USAGE(.BOTH.,#1340);
#872=FACE_BOUND('',#1341,.T.);
#873=FACE_OUTER_BOUND('',#1342,.T.);
#874=PLANE('',#1343);
#875=SURFACE_STYLE_USAGE(.BOTH.,#1344);
#876=FACE_BOUND('',#1345,.T.);
#877=FACE_OUTER_BOUND('',#1346,.T.);
#878=PLANE('',#1347);
#879=SURFACE_STYLE_USAGE(.BOTH.,#1348);
#880=FACE_OUTER_BOUND('',#1349,.T.);
#881=PLANE('',#1350);
#882=SURFACE_STYLE_USAGE(.BOTH.,#1351);
#883=FACE_OUTER_BOUND('',#1352,.T.);
#884=PLANE('',#1353);
#885=SURFACE_STYLE_USAGE(.BOTH.,#1354);
#886=FACE_OUTER_BOUND('',#1355,.T.);
#887=PLANE('',#1356);
#888=SURFACE_STYLE_USAGE(.BOTH.,#1357);
#889=FACE_OUTER_BOUND('',#1358,.T.);
#890=PLANE('',#1359);
#891=SURFACE_STYLE_USAGE(.BOTH.,#1360);
#892=FACE_OUTER_BOUND('',#1361,.T.);
#893=PLANE('',#1362);
#894=SURFACE_STYLE_USAGE(.BOTH.,#1363);
#895=FACE_OUTER_BOUND('',#1364,.T.);
#896=PLANE('',#1365);
#897=SURFACE_STYLE_USAGE(.BOTH.,#1366);
#898=FACE_OUTER_BOUND('',#1367,.T.);
#899=PLANE('',#1368);
#900=SURFACE_STYLE_USAGE(.BOTH.,#1369);
#901=FACE_OUTER_BOUND('',#1370,.T.);
#902=PLANE('',#1371);
#903=SURFACE_STYLE_USAGE(.BOTH.,#1372);
#904=FACE_OUTER_BOUND('',#1373,.T.);
#905=PLANE('',#1374);
#906=SURFACE_STYLE_USAGE(.BOTH.,#1375);
#907=FACE_OUTER_BOUND('',#1376,.T.);
#908=PLANE('',#1377);
#909=SURFACE_STYLE_USAGE(.BOTH.,#1378);
#910=FACE_OUTER_BOUND('',#1379,.T.);
#911=PLANE('',#1380);
#912=SURFACE_STYLE_USAGE(.BOTH.,#1381);
#913=FACE_OUTER_BOUND('',#1382,.T.);
#914=PLANE('',#1383);
#915=SURFACE_STYLE_USAGE(.BOTH.,#1384);
#916=FACE_OUTER_BOUND('',#1385,.T.);
#917=PLANE('',#1386);
#918=SURFACE_STYLE_USAGE(.BOTH.,#1387);
#919=FACE_OUTER_BOUND('',#1388,.T.);
#920=PLANE('',#1389);
#921=SURFACE_STYLE_USAGE(.BOTH.,#1390);
#922=FACE_OUTER_BOUND('',#1391,.T.);
#923=CYLINDRICAL_SURFACE('',#1392,0.0466928031363765);
#924=SURFACE_STYLE_USAGE(.BOTH.,#1393);
#925=FACE_OUTER_BOUND('',#1394,.T.);
#926=CYLINDRICAL_SURFACE('',#1395,0.0360785055463503);
#927=SURFACE_STYLE_USAGE(.BOTH.,#1396);
#928=FACE_OUTER_BOUND('',#1397,.T.);
#929=CYLINDRICAL_SURFACE('',#1398,0.0360785055463503);
#930=SURFACE_STYLE_USAGE(.BOTH.,#1399);
#931=FACE_OUTER_BOUND('',#1400,.T.);
#932=CYLINDRICAL_SURFACE('',#1401,0.0466928031363765);
#933=SURFACE_STYLE_USAGE(.BOTH.,#1402);
#934=FACE_BOUND('',#1403,.T.);
#935=FACE_OUTER_BOUND('',#1404,.T.);
#936=PLANE('',#1405);
#937=SURFACE_STYLE_USAGE(.BOTH.,#1406);
#938=FACE_BOUND('',#1407,.T.);
#939=FACE_OUTER_BOUND('',#1408,.T.);
#940=PLANE('',#1409);
#941=SURFACE_STYLE_USAGE(.BOTH.,#1410);
#942=CLOSED_SHELL('',(#173,#175,#177,#179,#181,#183,#185,#187,#189,#191,#193,#195,#197,#199,#201,#203,#205,#207,#209,#211,#213,#215,#217,#219,#221,#223));
#943=ORIENTED_CLOSED_SHELL('',*,#1411,.T.);
#944=ORIENTED_CLOSED_SHELL('',*,#1412,.T.);
#945=ORIENTED_CLOSED_SHELL('',*,#1413,.T.);
#946=ORIENTED_CLOSED_SHELL('',*,#1414,.T.);
#947=ORIENTED_CLOSED_SHELL('',*,#1415,.T.);
#948=ORIENTED_CLOSED_SHELL('',*,#1416,.T.);
#949=PRODUCT_CONTEXT('',#159,'mechanical');
#950=PRODUCT_DEFINITION_FORMATION_WITH_SPECIFIED_SOURCE(' ','NONE',#470,.NOT_KNOWN.);
#951=CARTESIAN_POINT('',(0.0,0.0,0.0));
#952=DIRECTION('',(0.0,0.0,1.0));
#953=DIRECTION('',(1.0,0.0,0.0));
#954= (NAMED_UNIT(#478)LENGTH_UNIT()SI_UNIT(.MILLI.,.METRE.));
#955=SURFACE_SIDE_STYLE('',(#1418));
#956=EDGE_LOOP('',(#1419,#1420,#1421,#1422));
#957=AXIS2_PLACEMENT_3D('',#1423,#1424,#1425);
#958=SURFACE_SIDE_STYLE('',(#1426));
#959=EDGE_LOOP('',(#1427,#1428,#1429,#1430));
#960=AXIS2_PLACEMENT_3D('',#1431,#1432,#1433);
#961=SURFACE_SIDE_STYLE('',(#1434));
#962=EDGE_LOOP('',(#1435,#1436,#1437,#1438));
#963=AXIS2_PLACEMENT_3D('',#1439,#1440,#1441);
#964=SURFACE_SIDE_STYLE('',(#1442));
#965=EDGE_LOOP('',(#1443,#1444,#1445,#1446));
#966=AXIS2_PLACEMENT_3D('',#1447,#1448,#1449);
#967=SURFACE_SIDE_STYLE('',(#1450));
#968=EDGE_LOOP('',(#1451,#1452,#1453,#1454));
#969=AXIS2_PLACEMENT_3D('',#1455,#1456,#1457);
#970=SURFACE_SIDE_STYLE('',(#1458));
#971=EDGE_LOOP('',(#1459,#1460,#1461,#1462));
#972=AXIS2_PLACEMENT_3D('',#1463,#1464,#1465);
#973=SURFACE_SIDE_STYLE('',(#1466));
#974=EDGE_LOOP('',(#1467,#1468,#1469,#1470));
#975=AXIS2_PLACEMENT_3D('',#1471,#1472,#1473);
#976=SURFACE_SIDE_STYLE('',(#1474));
#977=EDGE_LOOP('',(#1475,#1476,#1477,#1478));
#978=AXIS2_PLACEMENT_3D('',#1479,#1480,#1481);
#979=SURFACE_SIDE_STYLE('',(#1482));
#980=EDGE_LOOP('',(#1483,#1484,#1485,#1486));
#981=AXIS2_PLACEMENT_3D('',#1487,#1488,#1489);
#982=SURFACE_SIDE_STYLE('',(#1490));
#983=EDGE_LOOP('',(#1491,#1492,#1493,#1494));
#984=AXIS2_PLACEMENT_3D('',#1495,#1496,#1497);
#985=SURFACE_SIDE_STYLE('',(#1498));
#986=EDGE_LOOP('',(#1499,#1500,#1501,#1502));
#987=AXIS2_PLACEMENT_3D('',#1503,#1504,#1505);
#988=SURFACE_SIDE_STYLE('',(#1506));
#989=EDGE_LOOP('',(#1507,#1508,#1509));
#990=AXIS2_PLACEMENT_3D('',#1510,#1511,#1512);
#991=SURFACE_SIDE_STYLE('',(#1513));
#992=EDGE_LOOP('',(#1514,#1515,#1516,#1517));
#993=AXIS2_PLACEMENT_3D('',#1518,#1519,#1520);
#994=SURFACE_SIDE_STYLE('',(#1521));
#995=EDGE_LOOP('',(#1522,#1523,#1524,#1525));
#996=AXIS2_PLACEMENT_3D('',#1526,#1527,#1528);
#997=SURFACE_SIDE_STYLE('',(#1529));
#998=EDGE_LOOP('',(#1530,#1531));
#999=EDGE_LOOP('',(#1532,#1533));
#1000=AXIS2_PLACEMENT_3D('',#1534,#1535,#1536);
#1001=SURFACE_SIDE_STYLE('',(#1537));
#1002=EDGE_LOOP('',(#1538,#1539,#1540));
#1003=AXIS2_PLACEMENT_3D('',#1541,#1542,#1543);
#1004=SURFACE_SIDE_STYLE('',(#1544));
#1005=EDGE_LOOP('',(#1545,#1546,#1547,#1548));
#1006=AXIS2_PLACEMENT_3D('',#1549,#1550,#1551);
#1007=SURFACE_SIDE_STYLE('',(#1552));
#1008=EDGE_LOOP('',(#1553,#1554,#1555,#1556));
#1009=AXIS2_PLACEMENT_3D('',#1557,#1558,#1559);
#1010=SURFACE_SIDE_STYLE('',(#1560));
#1011=EDGE_LOOP('',(#1561,#1562,#1563,#1564));
#1012=AXIS2_PLACEMENT_3D('',#1565,#1566,#1567);
#1013=SURFACE_SIDE_STYLE('',(#1568));
#1014=EDGE_LOOP('',(#1569,#1570,#1571,#1572));
#1015=AXIS2_PLACEMENT_3D('',#1573,#1574,#1575);
#1016=SURFACE_SIDE_STYLE('',(#1576));
#1017=EDGE_LOOP('',(#1577,#1578));
#1018=EDGE_LOOP('',(#1579,#1580));
#1019=AXIS2_PLACEMENT_3D('',#1581,#1582,#1583);
#1020=SURFACE_SIDE_STYLE('',(#1584));
#1021=EDGE_LOOP('',(#1585,#1586,#1587,#1588));
#1022=AXIS2_PLACEMENT_3D('',#1589,#1590,#1591);
#1023=SURFACE_SIDE_STYLE('',(#1592));
#1024=EDGE_LOOP('',(#1593,#1594,#1595,#1596));
#1025=AXIS2_PLACEMENT_3D('',#1597,#1598,#1599);
#1026=SURFACE_SIDE_STYLE('',(#1600));
#1027=EDGE_LOOP('',(#1601,#1602));
#1028=EDGE_LOOP('',(#1603,#1604));
#1029=AXIS2_PLACEMENT_3D('',#1605,#1606,#1607);
#1030=SURFACE_SIDE_STYLE('',(#1608));
#1031=EDGE_LOOP('',(#1609,#1610,#1611,#1612));
#1032=AXIS2_PLACEMENT_3D('',#1613,#1614,#1615);
#1033=SURFACE_SIDE_STYLE('',(#1616));
#1034=EDGE_LOOP('',(#1617,#1618));
#1035=AXIS2_PLACEMENT_3D('',#1619,#1620,#1621);
#1036=SURFACE_SIDE_STYLE('',(#1622));
#1037=EDGE_LOOP('',(#1623,#1624,#1625,#1626));
#1038=AXIS2_PLACEMENT_3D('',#1627,#1628,#1629);
#1039=SURFACE_SIDE_STYLE('',(#1630));
#1040=EDGE_LOOP('',(#1631,#1632,#1633,#1634));
#1041=AXIS2_PLACEMENT_3D('',#1635,#1636,#1637);
#1042=SURFACE_SIDE_STYLE('',(#1638));
#1043=EDGE_LOOP('',(#1639,#1640,#1641,#1642));
#1044=AXIS2_PLACEMENT_3D('',#1643,#1644,#1645);
#1045=SURFACE_SIDE_STYLE('',(#1646));
#1046=EDGE_LOOP('',(#1647,#1648,#1649,#1650));
#1047=AXIS2_PLACEMENT_3D('',#1651,#1652,#1653);
#1048=SURFACE_SIDE_STYLE('',(#1654));
#1049=EDGE_LOOP('',(#1655,#1656,#1657,#1658));
#1050=AXIS2_PLACEMENT_3D('',#1659,#1660,#1661);
#1051=SURFACE_SIDE_STYLE('',(#1662));
#1052=EDGE_LOOP('',(#1663,#1664,#1665,#1666));
#1053=AXIS2_PLACEMENT_3D('',#1667,#1668,#1669);
#1054=SURFACE_SIDE_STYLE('',(#1670));
#1055=EDGE_LOOP('',(#1671,#1672,#1673,#1674));
#1056=AXIS2_PLACEMENT_3D('',#1675,#1676,#1677);
#1057=SURFACE_SIDE_STYLE('',(#1678));
#1058=EDGE_LOOP('',(#1679,#1680,#1681,#1682));
#1059=AXIS2_PLACEMENT_3D('',#1683,#1684,#1685);
#1060=SURFACE_SIDE_STYLE('',(#1686));
#1061=EDGE_LOOP('',(#1687,#1688,#1689,#1690));
#1062=AXIS2_PLACEMENT_3D('',#1691,#1692,#1693);
#1063=SURFACE_SIDE_STYLE('',(#1694));
#1064=EDGE_LOOP('',(#1695,#1696,#1697,#1698));
#1065=AXIS2_PLACEMENT_3D('',#1699,#1700,#1701);
#1066=SURFACE_SIDE_STYLE('',(#1702));
#1067=EDGE_LOOP('',(#1703,#1704,#1705,#1706));
#1068=AXIS2_PLACEMENT_3D('',#1707,#1708,#1709);
#1069=SURFACE_SIDE_STYLE('',(#1710));
#1070=EDGE_LOOP('',(#1711,#1712,#1713,#1714));
#1071=AXIS2_PLACEMENT_3D('',#1715,#1716,#1717);
#1072=SURFACE_SIDE_STYLE('',(#1718));
#1073=EDGE_LOOP('',(#1719,#1720,#1721,#1722));
#1074=AXIS2_PLACEMENT_3D('',#1723,#1724,#1725);
#1075=SURFACE_SIDE_STYLE('',(#1726));
#1076=EDGE_LOOP('',(#1727,#1728,#1729,#1730));
#1077=AXIS2_PLACEMENT_3D('',#1731,#1732,#1733);
#1078=SURFACE_SIDE_STYLE('',(#1734));
#1079=EDGE_LOOP('',(#1735,#1736,#1737,#1738));
#1080=AXIS2_PLACEMENT_3D('',#1739,#1740,#1741);
#1081=SURFACE_SIDE_STYLE('',(#1742));
#1082=EDGE_LOOP('',(#1743,#1744,#1745,#1746));
#1083=AXIS2_PLACEMENT_3D('',#1747,#1748,#1749);
#1084=SURFACE_SIDE_STYLE('',(#1750));
#1085=EDGE_LOOP('',(#1751,#1752,#1753,#1754));
#1086=AXIS2_PLACEMENT_3D('',#1755,#1756,#1757);
#1087=SURFACE_SIDE_STYLE('',(#1758));
#1088=EDGE_LOOP('',(#1759,#1760,#1761,#1762));
#1089=AXIS2_PLACEMENT_3D('',#1763,#1764,#1765);
#1090=SURFACE_SIDE_STYLE('',(#1766));
#1091=EDGE_LOOP('',(#1767,#1768,#1769,#1770));
#1092=AXIS2_PLACEMENT_3D('',#1771,#1772,#1773);
#1093=SURFACE_SIDE_STYLE('',(#1774));
#1094=EDGE_LOOP('',(#1775,#1776,#1777,#1778));
#1095=AXIS2_PLACEMENT_3D('',#1779,#1780,#1781);
#1096=SURFACE_SIDE_STYLE('',(#1782));
#1097=EDGE_LOOP('',(#1783,#1784,#1785,#1786));
#1098=AXIS2_PLACEMENT_3D('',#1787,#1788,#1789);
#1099=SURFACE_SIDE_STYLE('',(#1790));
#1100=EDGE_LOOP('',(#1791,#1792,#1793,#1794));
#1101=AXIS2_PLACEMENT_3D('',#1795,#1796,#1797);
#1102=SURFACE_SIDE_STYLE('',(#1798));
#1103=EDGE_LOOP('',(#1799,#1800,#1801,#1802));
#1104=AXIS2_PLACEMENT_3D('',#1803,#1804,#1805);
#1105=SURFACE_SIDE_STYLE('',(#1806));
#1106=EDGE_LOOP('',(#1807,#1808,#1809,#1810));
#1107=AXIS2_PLACEMENT_3D('',#1811,#1812,#1813);
#1108=SURFACE_SIDE_STYLE('',(#1814));
#1109=EDGE_LOOP('',(#1815,#1816,#1817,#1818));
#1110=AXIS2_PLACEMENT_3D('',#1819,#1820,#1821);
#1111=SURFACE_SIDE_STYLE('',(#1822));
#1112=EDGE_LOOP('',(#1823,#1824,#1825,#1826));
#1113=AXIS2_PLACEMENT_3D('',#1827,#1828,#1829);
#1114=SURFACE_SIDE_STYLE('',(#1830));
#1115=EDGE_LOOP('',(#1831,#1832,#1833,#1834));
#1116=AXIS2_PLACEMENT_3D('',#1835,#1836,#1837);
#1117=SURFACE_SIDE_STYLE('',(#1838));
#1118=EDGE_LOOP('',(#1839,#1840,#1841,#1842));
#1119=AXIS2_PLACEMENT_3D('',#1843,#1844,#1845);
#1120=SURFACE_SIDE_STYLE('',(#1846));
#1121=EDGE_LOOP('',(#1847,#1848,#1849,#1850));
#1122=AXIS2_PLACEMENT_3D('',#1851,#1852,#1853);
#1123=SURFACE_SIDE_STYLE('',(#1854));
#1124=EDGE_LOOP('',(#1855,#1856,#1857,#1858));
#1125=AXIS2_PLACEMENT_3D('',#1859,#1860,#1861);
#1126=SURFACE_SIDE_STYLE('',(#1862));
#1127=EDGE_LOOP('',(#1863,#1864,#1865,#1866));
#1128=AXIS2_PLACEMENT_3D('',#1867,#1868,#1869);
#1129=SURFACE_SIDE_STYLE('',(#1870));
#1130=EDGE_LOOP('',(#1871,#1872,#1873,#1874));
#1131=AXIS2_PLACEMENT_3D('',#1875,#1876,#1877);
#1132=SURFACE_SIDE_STYLE('',(#1878));
#1133=EDGE_LOOP('',(#1879,#1880,#1881,#1882));
#1134=AXIS2_PLACEMENT_3D('',#1883,#1884,#1885);
#1135=SURFACE_SIDE_STYLE('',(#1886));
#1136=EDGE_LOOP('',(#1887,#1888,#1889,#1890));
#1137=AXIS2_PLACEMENT_3D('',#1891,#1892,#1893);
#1138=SURFACE_SIDE_STYLE('',(#1894));
#1139=EDGE_LOOP('',(#1895,#1896,#1897,#1898));
#1140=AXIS2_PLACEMENT_3D('',#1899,#1900,#1901);
#1141=SURFACE_SIDE_STYLE('',(#1902));
#1142=EDGE_LOOP('',(#1903,#1904,#1905,#1906));
#1143=AXIS2_PLACEMENT_3D('',#1907,#1908,#1909);
#1144=SURFACE_SIDE_STYLE('',(#1910));
#1145=EDGE_LOOP('',(#1911,#1912,#1913,#1914,#1915,#1916,#1917,#1918,#1919));
#1146=EDGE_LOOP('',(#1920,#1921,#1922,#1923,#1924,#1925,#1926,#1927,#1928,#1929,#1930,#1931,#1932,#1933,#1934,#1935,#1936,#1937,#1938,#1939,#1940,#1941,#1942,#1943,#1944,#1945,#1946));
#1147=AXIS2_PLACEMENT_3D('',#1947,#1948,#1949);
#1148=SURFACE_SIDE_STYLE('',(#1950));
#1149=EDGE_LOOP('',(#1951,#1952,#1953,#1954,#1955,#1956,#1957,#1958,#1959));
#1150=EDGE_LOOP('',(#1960,#1961,#1962,#1963,#1964,#1965,#1966,#1967,#1968,#1969,#1970,#1971,#1972,#1973,#1974,#1975,#1976,#1977,#1978,#1979,#1980,#1981,#1982,#1983,#1984,#1985,#1986));
#1151=AXIS2_PLACEMENT_3D('',#1987,#1988,#1989);
#1152=SURFACE_SIDE_STYLE('',(#1990));
#1153=EDGE_LOOP('',(#1991,#1992,#1993,#1994));
#1154=AXIS2_PLACEMENT_3D('',#1995,#1996,#1997);
#1155=SURFACE_SIDE_STYLE('',(#1998));
#1156=EDGE_LOOP('',(#1999,#2000,#2001,#2002));
#1157=AXIS2_PLACEMENT_3D('',#2003,#2004,#2005);
#1158=SURFACE_SIDE_STYLE('',(#2006));
#1159=EDGE_LOOP('',(#2007,#2008,#2009,#2010));
#1160=AXIS2_PLACEMENT_3D('',#2011,#2012,#2013);
#1161=SURFACE_SIDE_STYLE('',(#2014));
#1162=EDGE_LOOP('',(#2015,#2016,#2017,#2018));
#1163=AXIS2_PLACEMENT_3D('',#2019,#2020,#2021);
#1164=SURFACE_SIDE_STYLE('',(#2022));
#1165=EDGE_LOOP('',(#2023,#2024,#2025,#2026));
#1166=AXIS2_PLACEMENT_3D('',#2027,#2028,#2029);
#1167=SURFACE_SIDE_STYLE('',(#2030));
#1168=EDGE_LOOP('',(#2031,#2032,#2033,#2034));
#1169=AXIS2_PLACEMENT_3D('',#2035,#2036,#2037);
#1170=SURFACE_SIDE_STYLE('',(#2038));
#1171=EDGE_LOOP('',(#2039,#2040,#2041,#2042));
#1172=AXIS2_PLACEMENT_3D('',#2043,#2044,#2045);
#1173=SURFACE_SIDE_STYLE('',(#2046));
#1174=EDGE_LOOP('',(#2047,#2048,#2049,#2050));
#1175=AXIS2_PLACEMENT_3D('',#2051,#2052,#2053);
#1176=SURFACE_SIDE_STYLE('',(#2054));
#1177=EDGE_LOOP('',(#2055,#2056,#2057,#2058));
#1178=AXIS2_PLACEMENT_3D('',#2059,#2060,#2061);
#1179=SURFACE_SIDE_STYLE('',(#2062));
#1180=EDGE_LOOP('',(#2063,#2064,#2065,#2066));
#1181=AXIS2_PLACEMENT_3D('',#2067,#2068,#2069);
#1182=SURFACE_SIDE_STYLE('',(#2070));
#1183=EDGE_LOOP('',(#2071,#2072,#2073,#2074));
#1184=AXIS2_PLACEMENT_3D('',#2075,#2076,#2077);
#1185=SURFACE_SIDE_STYLE('',(#2078));
#1186=EDGE_LOOP('',(#2079,#2080,#2081,#2082));
#1187=AXIS2_PLACEMENT_3D('',#2083,#2084,#2085);
#1188=SURFACE_SIDE_STYLE('',(#2086));
#1189=EDGE_LOOP('',(#2087,#2088,#2089,#2090,#2091,#2092,#2093,#2094,#2095,#2096,#2097,#2098));
#1190=AXIS2_PLACEMENT_3D('',#2099,#2100,#2101);
#1191=SURFACE_SIDE_STYLE('',(#2102));
#1192=EDGE_LOOP('',(#2103,#2104,#2105,#2106,#2107,#2108,#2109,#2110,#2111,#2112,#2113,#2114));
#1193=AXIS2_PLACEMENT_3D('',#2115,#2116,#2117);
#1194=SURFACE_SIDE_STYLE('',(#2118));
#1195=EDGE_LOOP('',(#2119,#2120,#2121,#2122));
#1196=AXIS2_PLACEMENT_3D('',#2123,#2124,#2125);
#1197=SURFACE_SIDE_STYLE('',(#2126));
#1198=EDGE_LOOP('',(#2127,#2128,#2129,#2130));
#1199=AXIS2_PLACEMENT_3D('',#2131,#2132,#2133);
#1200=SURFACE_SIDE_STYLE('',(#2134));
#1201=EDGE_LOOP('',(#2135,#2136,#2137,#2138));
#1202=AXIS2_PLACEMENT_3D('',#2139,#2140,#2141);
#1203=SURFACE_SIDE_STYLE('',(#2142));
#1204=EDGE_LOOP('',(#2143,#2144,#2145,#2146));
#1205=AXIS2_PLACEMENT_3D('',#2147,#2148,#2149);
#1206=SURFACE_SIDE_STYLE('',(#2150));
#1207=EDGE_LOOP('',(#2151,#2152,#2153,#2154));
#1208=AXIS2_PLACEMENT_3D('',#2155,#2156,#2157);
#1209=SURFACE_SIDE_STYLE('',(#2158));
#1210=EDGE_LOOP('',(#2159,#2160,#2161,#2162));
#1211=AXIS2_PLACEMENT_3D('',#2163,#2164,#2165);
#1212=SURFACE_SIDE_STYLE('',(#2166));
#1213=EDGE_LOOP('',(#2167,#2168,#2169,#2170));
#1214=AXIS2_PLACEMENT_3D('',#2171,#2172,#2173);
#1215=SURFACE_SIDE_STYLE('',(#2174));
#1216=EDGE_LOOP('',(#2175,#2176,#2177,#2178));
#1217=AXIS2_PLACEMENT_3D('',#2179,#2180,#2181);
#1218=SURFACE_SIDE_STYLE('',(#2182));
#1219=EDGE_LOOP('',(#2183,#2184,#2185,#2186));
#1220=AXIS2_PLACEMENT_3D('',#2187,#2188,#2189);
#1221=SURFACE_SIDE_STYLE('',(#2190));
#1222=EDGE_LOOP('',(#2191,#2192,#2193,#2194));
#1223=AXIS2_PLACEMENT_3D('',#2195,#2196,#2197);
#1224=SURFACE_SIDE_STYLE('',(#2198));
#1225=EDGE_LOOP('',(#2199,#2200,#2201,#2202));
#1226=AXIS2_PLACEMENT_3D('',#2203,#2204,#2205);
#1227=SURFACE_SIDE_STYLE('',(#2206));
#1228=EDGE_LOOP('',(#2207,#2208,#2209,#2210));
#1229=AXIS2_PLACEMENT_3D('',#2211,#2212,#2213);
#1230=SURFACE_SIDE_STYLE('',(#2214));
#1231=EDGE_LOOP('',(#2215,#2216,#2217,#2218));
#1232=AXIS2_PLACEMENT_3D('',#2219,#2220,#2221);
#1233=SURFACE_SIDE_STYLE('',(#2222));
#1234=EDGE_LOOP('',(#2223,#2224,#2225,#2226));
#1235=AXIS2_PLACEMENT_3D('',#2227,#2228,#2229);
#1236=SURFACE_SIDE_STYLE('',(#2230));
#1237=EDGE_LOOP('',(#2231,#2232,#2233,#2234));
#1238=AXIS2_PLACEMENT_3D('',#2235,#2236,#2237);
#1239=SURFACE_SIDE_STYLE('',(#2238));
#1240=EDGE_LOOP('',(#2239,#2240,#2241,#2242));
#1241=AXIS2_PLACEMENT_3D('',#2243,#2244,#2245);
#1242=SURFACE_SIDE_STYLE('',(#2246));
#1243=EDGE_LOOP('',(#2247,#2248,#2249,#2250));
#1244=AXIS2_PLACEMENT_3D('',#2251,#2252,#2253);
#1245=SURFACE_SIDE_STYLE('',(#2254));
#1246=EDGE_LOOP('',(#2255,#2256,#2257,#2258));
#1247=AXIS2_PLACEMENT_3D('',#2259,#2260,#2261);
#1248=SURFACE_SIDE_STYLE('',(#2262));
#1249=EDGE_LOOP('',(#2263,#2264,#2265,#2266));
#1250=AXIS2_PLACEMENT_3D('',#2267,#2268,#2269);
#1251=SURFACE_SIDE_STYLE('',(#2270));
#1252=EDGE_LOOP('',(#2271,#2272,#2273,#2274));
#1253=AXIS2_PLACEMENT_3D('',#2275,#2276,#2277);
#1254=SURFACE_SIDE_STYLE('',(#2278));
#1255=EDGE_LOOP('',(#2279,#2280,#2281,#2282));
#1256=AXIS2_PLACEMENT_3D('',#2283,#2284,#2285);
#1257=SURFACE_SIDE_STYLE('',(#2286));
#1258=EDGE_LOOP('',(#2287,#2288,#2289,#2290));
#1259=AXIS2_PLACEMENT_3D('',#2291,#2292,#2293);
#1260=SURFACE_SIDE_STYLE('',(#2294));
#1261=EDGE_LOOP('',(#2295,#2296,#2297,#2298));
#1262=AXIS2_PLACEMENT_3D('',#2299,#2300,#2301);
#1263=SURFACE_SIDE_STYLE('',(#2302));
#1264=EDGE_LOOP('',(#2303,#2304,#2305,#2306));
#1265=AXIS2_PLACEMENT_3D('',#2307,#2308,#2309);
#1266=SURFACE_SIDE_STYLE('',(#2310));
#1267=EDGE_LOOP('',(#2311,#2312,#2313,#2314));
#1268=AXIS2_PLACEMENT_3D('',#2315,#2316,#2317);
#1269=SURFACE_SIDE_STYLE('',(#2318));
#1270=EDGE_LOOP('',(#2319,#2320,#2321,#2322));
#1271=AXIS2_PLACEMENT_3D('',#2323,#2324,#2325);
#1272=SURFACE_SIDE_STYLE('',(#2326));
#1273=EDGE_LOOP('',(#2327,#2328,#2329,#2330));
#1274=AXIS2_PLACEMENT_3D('',#2331,#2332,#2333);
#1275=SURFACE_SIDE_STYLE('',(#2334));
#1276=EDGE_LOOP('',(#2335,#2336,#2337,#2338));
#1277=AXIS2_PLACEMENT_3D('',#2339,#2340,#2341);
#1278=SURFACE_SIDE_STYLE('',(#2342));
#1279=EDGE_LOOP('',(#2343,#2344,#2345,#2346));
#1280=AXIS2_PLACEMENT_3D('',#2347,#2348,#2349);
#1281=SURFACE_SIDE_STYLE('',(#2350));
#1282=EDGE_LOOP('',(#2351,#2352,#2353,#2354));
#1283=AXIS2_PLACEMENT_3D('',#2355,#2356,#2357);
#1284=SURFACE_SIDE_STYLE('',(#2358));
#1285=EDGE_LOOP('',(#2359,#2360,#2361,#2362));
#1286=AXIS2_PLACEMENT_3D('',#2363,#2364,#2365);
#1287=SURFACE_SIDE_STYLE('',(#2366));
#1288=EDGE_LOOP('',(#2367,#2368,#2369,#2370));
#1289=AXIS2_PLACEMENT_3D('',#2371,#2372,#2373);
#1290=SURFACE_SIDE_STYLE('',(#2374));
#1291=EDGE_LOOP('',(#2375,#2376,#2377,#2378));
#1292=AXIS2_PLACEMENT_3D('',#2379,#2380,#2381);
#1293=SURFACE_SIDE_STYLE('',(#2382));
#1294=EDGE_LOOP('',(#2383,#2384,#2385,#2386));
#1295=AXIS2_PLACEMENT_3D('',#2387,#2388,#2389);
#1296=SURFACE_SIDE_STYLE('',(#2390));
#1297=EDGE_LOOP('',(#2391,#2392,#2393,#2394));
#1298=AXIS2_PLACEMENT_3D('',#2395,#2396,#2397);
#1299=SURFACE_SIDE_STYLE('',(#2398));
#1300=EDGE_LOOP('',(#2399,#2400,#2401,#2402));
#1301=AXIS2_PLACEMENT_3D('',#2403,#2404,#2405);
#1302=SURFACE_SIDE_STYLE('',(#2406));
#1303=EDGE_LOOP('',(#2407,#2408,#2409,#2410));
#1304=AXIS2_PLACEMENT_3D('',#2411,#2412,#2413);
#1305=SURFACE_SIDE_STYLE('',(#2414));
#1306=EDGE_LOOP('',(#2415,#2416,#2417,#2418));
#1307=AXIS2_PLACEMENT_3D('',#2419,#2420,#2421);
#1308=SURFACE_SIDE_STYLE('',(#2422));
#1309=EDGE_LOOP('',(#2423,#2424,#2425,#2426,#2427,#2428,#2429,#2430,#2431,#2432,#2433,#2434,#2435,#2436));
#1310=EDGE_LOOP('',(#2437,#2438,#2439,#2440,#2441,#2442,#2443,#2444,#2445,#2446,#2447,#2448,#2449,#2450,#2451,#2452,#2453,#2454,#2455,#2456,#2457,#2458,#2459,#2460));
#1311=AXIS2_PLACEMENT_3D('',#2461,#2462,#2463);
#1312=SURFACE_SIDE_STYLE('',(#2464));
#1313=EDGE_LOOP('',(#2465,#2466,#2467,#2468,#2469,#2470,#2471,#2472,#2473,#2474,#2475,#2476,#2477,#2478));
#1314=EDGE_LOOP('',(#2479,#2480,#2481,#2482,#2483,#2484,#2485,#2486,#2487,#2488,#2489,#2490,#2491,#2492,#2493,#2494,#2495,#2496,#2497,#2498,#2499,#2500,#2501,#2502));
#1315=AXIS2_PLACEMENT_3D('',#2503,#2504,#2505);
#1316=SURFACE_SIDE_STYLE('',(#2506));
#1317=EDGE_LOOP('',(#2507,#2508,#2509,#2510));
#1318=AXIS2_PLACEMENT_3D('',#2511,#2512,#2513);
#1319=SURFACE_SIDE_STYLE('',(#2514));
#1320=EDGE_LOOP('',(#2515,#2516,#2517,#2518));
#1321=AXIS2_PLACEMENT_3D('',#2519,#2520,#2521);
#1322=SURFACE_SIDE_STYLE('',(#2522));
#1323=EDGE_LOOP('',(#2523,#2524,#2525,#2526));
#1324=AXIS2_PLACEMENT_3D('',#2527,#2528,#2529);
#1325=SURFACE_SIDE_STYLE('',(#2530));
#1326=EDGE_LOOP('',(#2531,#2532,#2533,#2534));
#1327=AXIS2_PLACEMENT_3D('',#2535,#2536,#2537);
#1328=SURFACE_SIDE_STYLE('',(#2538));
#1329=EDGE_LOOP('',(#2539,#2540,#2541,#2542));
#1330=AXIS2_PLACEMENT_3D('',#2543,#2544,#2545);
#1331=SURFACE_SIDE_STYLE('',(#2546));
#1332=EDGE_LOOP('',(#2547,#2548,#2549,#2550));
#1333=AXIS2_PLACEMENT_3D('',#2551,#2552,#2553);
#1334=SURFACE_SIDE_STYLE('',(#2554));
#1335=EDGE_LOOP('',(#2555,#2556,#2557,#2558));
#1336=AXIS2_PLACEMENT_3D('',#2559,#2560,#2561);
#1337=SURFACE_SIDE_STYLE('',(#2562));
#1338=EDGE_LOOP('',(#2563,#2564,#2565,#2566));
#1339=AXIS2_PLACEMENT_3D('',#2567,#2568,#2569);
#1340=SURFACE_SIDE_STYLE('',(#2570));
#1341=EDGE_LOOP('',(#2571,#2572,#2573));
#1342=EDGE_LOOP('',(#2574,#2575,#2576,#2577,#2578));
#1343=AXIS2_PLACEMENT_3D('',#2579,#2580,#2581);
#1344=SURFACE_SIDE_STYLE('',(#2582));
#1345=EDGE_LOOP('',(#2583,#2584,#2585));
#1346=EDGE_LOOP('',(#2586,#2587,#2588,#2589,#2590));
#1347=AXIS2_PLACEMENT_3D('',#2591,#2592,#2593);
#1348=SURFACE_SIDE_STYLE('',(#2594));
#1349=EDGE_LOOP('',(#2595,#2596,#2597,#2598));
#1350=AXIS2_PLACEMENT_3D('',#2599,#2600,#2601);
#1351=SURFACE_SIDE_STYLE('',(#2602));
#1352=EDGE_LOOP('',(#2603,#2604,#2605,#2606));
#1353=AXIS2_PLACEMENT_3D('',#2607,#2608,#2609);
#1354=SURFACE_SIDE_STYLE('',(#2610));
#1355=EDGE_LOOP('',(#2611,#2612,#2613,#2614));
#1356=AXIS2_PLACEMENT_3D('',#2615,#2616,#2617);
#1357=SURFACE_SIDE_STYLE('',(#2618));
#1358=EDGE_LOOP('',(#2619,#2620,#2621,#2622));
#1359=AXIS2_PLACEMENT_3D('',#2623,#2624,#2625);
#1360=SURFACE_SIDE_STYLE('',(#2626));
#1361=EDGE_LOOP('',(#2627,#2628,#2629,#2630));
#1362=AXIS2_PLACEMENT_3D('',#2631,#2632,#2633);
#1363=SURFACE_SIDE_STYLE('',(#2634));
#1364=EDGE_LOOP('',(#2635,#2636,#2637,#2638));
#1365=AXIS2_PLACEMENT_3D('',#2639,#2640,#2641);
#1366=SURFACE_SIDE_STYLE('',(#2642));
#1367=EDGE_LOOP('',(#2643,#2644,#2645,#2646));
#1368=AXIS2_PLACEMENT_3D('',#2647,#2648,#2649);
#1369=SURFACE_SIDE_STYLE('',(#2650));
#1370=EDGE_LOOP('',(#2651,#2652,#2653,#2654));
#1371=AXIS2_PLACEMENT_3D('',#2655,#2656,#2657);
#1372=SURFACE_SIDE_STYLE('',(#2658));
#1373=EDGE_LOOP('',(#2659,#2660,#2661,#2662));
#1374=AXIS2_PLACEMENT_3D('',#2663,#2664,#2665);
#1375=SURFACE_SIDE_STYLE('',(#2666));
#1376=EDGE_LOOP('',(#2667,#2668,#2669,#2670));
#1377=AXIS2_PLACEMENT_3D('',#2671,#2672,#2673);
#1378=SURFACE_SIDE_STYLE('',(#2674));
#1379=EDGE_LOOP('',(#2675,#2676,#2677,#2678));
#1380=AXIS2_PLACEMENT_3D('',#2679,#2680,#2681);
#1381=SURFACE_SIDE_STYLE('',(#2682));
#1382=EDGE_LOOP('',(#2683,#2684,#2685,#2686));
#1383=AXIS2_PLACEMENT_3D('',#2687,#2688,#2689);
#1384=SURFACE_SIDE_STYLE('',(#2690));
#1385=EDGE_LOOP('',(#2691,#2692,#2693,#2694,#2695,#2696,#2697,#2698,#2699,#2700,#2701,#2702));
#1386=AXIS2_PLACEMENT_3D('',#2703,#2704,#2705);
#1387=SURFACE_SIDE_STYLE('',(#2706));
#1388=EDGE_LOOP('',(#2707,#2708,#2709,#2710,#2711,#2712,#2713,#2714,#2715,#2716,#2717,#2718));
#1389=AXIS2_PLACEMENT_3D('',#2719,#2720,#2721);
#1390=SURFACE_SIDE_STYLE('',(#2722));
#1391=EDGE_LOOP('',(#2723,#2724,#2725,#2726));
#1392=AXIS2_PLACEMENT_3D('',#2727,#2728,#2729);
#1393=SURFACE_SIDE_STYLE('',(#2730));
#1394=EDGE_LOOP('',(#2731,#2732,#2733,#2734));
#1395=AXIS2_PLACEMENT_3D('',#2735,#2736,#2737);
#1396=SURFACE_SIDE_STYLE('',(#2738));
#1397=EDGE_LOOP('',(#2739,#2740,#2741,#2742));
#1398=AXIS2_PLACEMENT_3D('',#2743,#2744,#2745);
#1399=SURFACE_SIDE_STYLE('',(#2746));
#1400=EDGE_LOOP('',(#2747,#2748,#2749,#2750));
#1401=AXIS2_PLACEMENT_3D('',#2751,#2752,#2753);
#1402=SURFACE_SIDE_STYLE('',(#2754));
#1403=EDGE_LOOP('',(#2755,#2756));
#1404=EDGE_LOOP('',(#2757,#2758));
#1405=AXIS2_PLACEMENT_3D('',#2759,#2760,#2761);
#1406=SURFACE_SIDE_STYLE('',(#2762));
#1407=EDGE_LOOP('',(#2763,#2764));
#1408=EDGE_LOOP('',(#2765,#2766));
#1409=AXIS2_PLACEMENT_3D('',#2767,#2768,#2769);
#1410=SURFACE_SIDE_STYLE('',(#2770));
#1411=CLOSED_SHELL('',(#225,#227,#229,#231,#233,#235,#237,#239,#241,#243,#245,#247,#249,#251,#253,#255,#257,#259,#261,#263,#265,#267,#269,#271,#273,#275,#277,#279,#281,#283,#285,#287,#289,#291,#293,#295,#297,#299));
#1412=CLOSED_SHELL('',(#301,#303,#305,#307,#309,#311,#313,#315,#317,#319,#321,#323,#325,#327));
#1413=CLOSED_SHELL('',(#329,#331,#333,#335,#337,#339,#341,#343,#345,#347,#349,#351,#353,#355,#357,#359,#361,#363,#365,#367,#369,#371,#373,#375,#377,#379,#381,#383,#385,#387,#389,#391,#393,#395,#397,#399,#401,#403,#405,#407));
#1414=CLOSED_SHELL('',(#409,#411,#413,#415,#417,#419,#421,#423,#425,#427));
#1415=CLOSED_SHELL('',(#429,#431,#433,#435,#437,#439,#441,#443,#445,#447,#449,#451,#453,#455));
#1416=CLOSED_SHELL('',(#457,#459,#461,#463,#465,#467));
#1418=SURFACE_STYLE_FILL_AREA(#2771);
#1419=ORIENTED_EDGE('',*,*,#2772,.F.);
#1420=ORIENTED_EDGE('',*,*,#2773,.T.);
#1421=ORIENTED_EDGE('',*,*,#2774,.T.);
#1422=ORIENTED_EDGE('',*,*,#2775,.T.);
#1423=CARTESIAN_POINT('',(0.22999999995,0.0,1.4083438187133E-17));
#1424=DIRECTION('',(-1.0,0.0,-6.12323399573676E-17));
#1425=DIRECTION('',(-6.12323399573677E-17,0.0,1.0));
#1426=SURFACE_STYLE_FILL_AREA(#2776);
#1427=ORIENTED_EDGE('',*,*,#2777,.F.);
#1428=ORIENTED_EDGE('',*,*,#2778,.T.);
#1429=ORIENTED_EDGE('',*,*,#2779,.T.);
#1430=ORIENTED_EDGE('',*,*,#2780,.T.);
#1431=CARTESIAN_POINT('',(1.2875000001,0.0,0.0));
#1432=DIRECTION('',(-1.0,0.0,0.0));
#1433=DIRECTION('',(0.0,0.0,1.0));
#1434=SURFACE_STYLE_FILL_AREA(#2781);
#1435=ORIENTED_EDGE('',*,*,#2782,.F.);
#1436=ORIENTED_EDGE('',*,*,#2780,.F.);
#1437=ORIENTED_EDGE('',*,*,#2783,.T.);
#1438=ORIENTED_EDGE('',*,*,#2778,.F.);
#1439=CARTESIAN_POINT('',(1.2875000001,0.0,0.0));
#1440=DIRECTION('',(-1.0,0.0,0.0));
#1441=DIRECTION('',(0.0,0.0,1.0));
#1442=SURFACE_STYLE_FILL_AREA(#2784);
#1443=ORIENTED_EDGE('',*,*,#2785,.F.);
#1444=ORIENTED_EDGE('',*,*,#2775,.F.);
#1445=ORIENTED_EDGE('',*,*,#2786,.T.);
#1446=ORIENTED_EDGE('',*,*,#2773,.F.);
#1447=CARTESIAN_POINT('',(0.22999999995,0.0,1.4083438187133E-17));
#1448=DIRECTION('',(-1.0,0.0,-6.12323399573676E-17));
#1449=DIRECTION('',(-6.12323399573677E-17,0.0,1.0));
#1450=SURFACE_STYLE_FILL_AREA(#2787);
#1451=ORIENTED_EDGE('',*,*,#2785,.T.);
#1452=ORIENTED_EDGE('',*,*,#2788,.F.);
#1453=ORIENTED_EDGE('',*,*,#2789,.F.);
#1454=ORIENTED_EDGE('',*,*,#2790,.F.);
#1455=CARTESIAN_POINT('',(0.22999999995,0.0,1.4083438187133E-17));
#1456=DIRECTION('',(-1.0,0.0,-6.12323399573676E-17));
#1457=DIRECTION('',(-6.12323399573677E-17,0.0,1.0));
#1458=SURFACE_STYLE_FILL_AREA(#2791);
#1459=ORIENTED_EDGE('',*,*,#2792,.F.);
#1460=ORIENTED_EDGE('',*,*,#2793,.T.);
#1461=ORIENTED_EDGE('',*,*,#2794,.F.);
#1462=ORIENTED_EDGE('',*,*,#2795,.T.);
#1463=CARTESIAN_POINT('',(6.07675,0.0,3.72093621835934E-16));
#1464=DIRECTION('',(-1.0,0.0,-6.12323399573676E-17));
#1465=DIRECTION('',(-6.12323399573677E-17,7.49879891330929E-33,1.0));
#1466=SURFACE_STYLE_FILL_AREA(#2796);
#1467=ORIENTED_EDGE('',*,*,#2797,.F.);
#1468=ORIENTED_EDGE('',*,*,#2798,.T.);
#1469=ORIENTED_EDGE('',*,*,#2799,.F.);
#1470=ORIENTED_EDGE('',*,*,#2800,.F.);
#1471=CARTESIAN_POINT('',(11.84675,0.0,7.25404223389945E-16));
#1472=DIRECTION('',(-1.0,-0.0,-6.12323399573676E-17));
#1473=DIRECTION('',(-6.12323399573677E-17,7.49879891330929E-33,1.0));
#1474=SURFACE_STYLE_FILL_AREA(#2801);
#1475=ORIENTED_EDGE('',*,*,#2802,.F.);
#1476=ORIENTED_EDGE('',*,*,#2800,.T.);
#1477=ORIENTED_EDGE('',*,*,#2803,.F.);
#1478=ORIENTED_EDGE('',*,*,#2804,.T.);
#1479=CARTESIAN_POINT('',(6.07675,0.0,3.72093621835934E-16));
#1480=DIRECTION('',(-1.0,0.0,-6.12323399573676E-17));
#1481=DIRECTION('',(-6.12323399573677E-17,7.49879891330929E-33,1.0));
#1482=SURFACE_STYLE_FILL_AREA(#2805);
#1483=ORIENTED_EDGE('',*,*,#2806,.F.);
#1484=ORIENTED_EDGE('',*,*,#2783,.F.);
#1485=ORIENTED_EDGE('',*,*,#2807,.F.);
#1486=ORIENTED_EDGE('',*,*,#2804,.F.);
#1487=CARTESIAN_POINT('',(1.3625,0.0,0.0));
#1488=DIRECTION('',(1.0,0.0,-0.0));
#1489=DIRECTION('',(0.0,-3.76625215639335E-21,-1.0));
#1490=SURFACE_STYLE_FILL_AREA(#2808);
#1491=ORIENTED_EDGE('',*,*,#2782,.T.);
#1492=ORIENTED_EDGE('',*,*,#2809,.F.);
#1493=ORIENTED_EDGE('',*,*,#2810,.F.);
#1494=ORIENTED_EDGE('',*,*,#2811,.F.);
#1495=CARTESIAN_POINT('',(1.2875000001,0.0,0.0));
#1496=DIRECTION('',(-1.0,0.0,0.0));
#1497=DIRECTION('',(0.0,0.0,1.0));
#1498=SURFACE_STYLE_FILL_AREA(#2812);
#1499=ORIENTED_EDGE('',*,*,#2813,.F.);
#1500=ORIENTED_EDGE('',*,*,#2793,.F.);
#1501=ORIENTED_EDGE('',*,*,#2814,.F.);
#1502=ORIENTED_EDGE('',*,*,#2810,.T.);
#1503=CARTESIAN_POINT('',(1.212500000025,0.0,0.0));
#1504=DIRECTION('',(-1.0,-0.0,-0.0));
#1505=DIRECTION('',(0.0,-3.76625215639335E-21,-1.0));
#1506=SURFACE_STYLE_FILL_AREA(#2815);
#1507=ORIENTED_EDGE('',*,*,#2816,.F.);
#1508=ORIENTED_EDGE('',*,*,#2817,.F.);
#1509=ORIENTED_EDGE('',*,*,#2818,.F.);
#1510=CARTESIAN_POINT('',(11.8700961894323,0.0,0.0));
#1511=DIRECTION('',(1.0,-0.0,-0.0));
#1512=DIRECTION('',(0.0,0.0,1.0));
#1513=SURFACE_STYLE_FILL_AREA(#2819);
#1514=ORIENTED_EDGE('',*,*,#2820,.F.);
#1515=ORIENTED_EDGE('',*,*,#2821,.F.);
#1516=ORIENTED_EDGE('',*,*,#2822,.F.);
#1517=ORIENTED_EDGE('',*,*,#2823,.F.);
#1518=CARTESIAN_POINT('',(0.575,-1.27675647831893E-17,1.91513471747839E-17));
#1519=DIRECTION('',(1.0,-1.11022302462516E-16,1.66533453693773E-16));
#1520=DIRECTION('',(-1.66533453693773E-16,0.0,1.0));
#1521=SURFACE_STYLE_FILL_AREA(#2824);
#1522=ORIENTED_EDGE('',*,*,#2820,.T.);
#1523=ORIENTED_EDGE('',*,*,#2825,.F.);
#1524=ORIENTED_EDGE('',*,*,#2822,.T.);
#1525=ORIENTED_EDGE('',*,*,#2826,.F.);
#1526=CARTESIAN_POINT('',(0.575,-1.27675647831893E-17,1.91513471747839E-17));
#1527=DIRECTION('',(1.0,-1.11022302462516E-16,1.66533453693773E-16));
#1528=DIRECTION('',(-1.66533453693773E-16,0.0,1.0));
#1529=SURFACE_STYLE_FILL_AREA(#2827);
#1530=ORIENTED_EDGE('',*,*,#2828,.F.);
#1531=ORIENTED_EDGE('',*,*,#2795,.F.);
#1532=ORIENTED_EDGE('',*,*,#2823,.T.);
#1533=ORIENTED_EDGE('',*,*,#2825,.T.);
#1534=CARTESIAN_POINT('',(0.69,-2.55351295663786E-17,3.83026943495679E-17));
#1535=DIRECTION('',(1.0,-1.11022302462516E-16,1.66533453693773E-16));
#1536=DIRECTION('',(-1.66533453693773E-16,0.0,1.0));
#1537=SURFACE_STYLE_FILL_AREA(#2829);
#1538=ORIENTED_EDGE('',*,*,#2816,.T.);
#1539=ORIENTED_EDGE('',*,*,#2830,.F.);
#1540=ORIENTED_EDGE('',*,*,#2817,.T.);
#1541=CARTESIAN_POINT('',(11.8700961894323,0.0,0.0));
#1542=DIRECTION('',(1.0,-0.0,-0.0));
#1543=DIRECTION('',(0.0,0.0,1.0));
#1544=SURFACE_STYLE_FILL_AREA(#2831);
#1545=ORIENTED_EDGE('',*,*,#2813,.T.);
#1546=ORIENTED_EDGE('',*,*,#2832,.T.);
#1547=ORIENTED_EDGE('',*,*,#2814,.T.);
#1548=ORIENTED_EDGE('',*,*,#2833,.F.);
#1549=CARTESIAN_POINT('',(1.212500000025,0.0,0.0));
#1550=DIRECTION('',(-1.0,-0.0,-0.0));
#1551=DIRECTION('',(0.0,-3.76625215639335E-21,-1.0));
#1552=SURFACE_STYLE_FILL_AREA(#2834);
#1553=ORIENTED_EDGE('',*,*,#2777,.T.);
#1554=ORIENTED_EDGE('',*,*,#2811,.T.);
#1555=ORIENTED_EDGE('',*,*,#2832,.F.);
#1556=ORIENTED_EDGE('',*,*,#2809,.T.);
#1557=CARTESIAN_POINT('',(1.2875000001,0.0,0.0));
#1558=DIRECTION('',(-1.0,0.0,0.0));
#1559=DIRECTION('',(0.0,0.0,1.0));
#1560=SURFACE_STYLE_FILL_AREA(#2835);
#1561=ORIENTED_EDGE('',*,*,#2806,.T.);
#1562=ORIENTED_EDGE('',*,*,#2836,.F.);
#1563=ORIENTED_EDGE('',*,*,#2807,.T.);
#1564=ORIENTED_EDGE('',*,*,#2779,.F.);
#1565=CARTESIAN_POINT('',(1.3625,0.0,0.0));
#1566=DIRECTION('',(1.0,0.0,-0.0));
#1567=DIRECTION('',(0.0,-3.76625215639335E-21,-1.0));
#1568=SURFACE_STYLE_FILL_AREA(#2837);
#1569=ORIENTED_EDGE('',*,*,#2802,.T.);
#1570=ORIENTED_EDGE('',*,*,#2836,.T.);
#1571=ORIENTED_EDGE('',*,*,#2803,.T.);
#1572=ORIENTED_EDGE('',*,*,#2838,.T.);
#1573=CARTESIAN_POINT('',(6.07675,0.0,3.72093621835934E-16));
#1574=DIRECTION('',(-1.0,0.0,-6.12323399573676E-17));
#1575=DIRECTION('',(-6.12323399573677E-17,7.49879891330929E-33,1.0));
#1576=SURFACE_STYLE_FILL_AREA(#2839);
#1577=ORIENTED_EDGE('',*,*,#2830,.T.);
#1578=ORIENTED_EDGE('',*,*,#2818,.T.);
#1579=ORIENTED_EDGE('',*,*,#2798,.F.);
#1580=ORIENTED_EDGE('',*,*,#2840,.F.);
#1581=CARTESIAN_POINT('',(12.0,7.34788079488412E-16,0.59675));
#1582=DIRECTION('',(1.0,0.0,6.12323399573677E-17));
#1583=DIRECTION('',(6.12323399573677E-17,0.0,-1.0));
#1584=SURFACE_STYLE_FILL_AREA(#2841);
#1585=ORIENTED_EDGE('',*,*,#2797,.T.);
#1586=ORIENTED_EDGE('',*,*,#2838,.F.);
#1587=ORIENTED_EDGE('',*,*,#2799,.T.);
#1588=ORIENTED_EDGE('',*,*,#2840,.T.);
#1589=CARTESIAN_POINT('',(11.84675,0.0,7.25404223389945E-16));
#1590=DIRECTION('',(-1.0,-0.0,-6.12323399573676E-17));
#1591=DIRECTION('',(-6.12323399573677E-17,7.49879891330929E-33,1.0));
#1592=SURFACE_STYLE_FILL_AREA(#2842);
#1593=ORIENTED_EDGE('',*,*,#2792,.T.);
#1594=ORIENTED_EDGE('',*,*,#2828,.T.);
#1595=ORIENTED_EDGE('',*,*,#2794,.T.);
#1596=ORIENTED_EDGE('',*,*,#2833,.T.);
#1597=CARTESIAN_POINT('',(6.07675,0.0,3.72093621835934E-16));
#1598=DIRECTION('',(-1.0,0.0,-6.12323399573676E-17));
#1599=DIRECTION('',(-6.12323399573677E-17,7.49879891330929E-33,1.0));
#1600=SURFACE_STYLE_FILL_AREA(#2843);
#1601=ORIENTED_EDGE('',*,*,#2826,.T.);
#1602=ORIENTED_EDGE('',*,*,#2821,.T.);
#1603=ORIENTED_EDGE('',*,*,#2786,.F.);
#1604=ORIENTED_EDGE('',*,*,#2774,.F.);
#1605=CARTESIAN_POINT('',(0.45999999995,2.81668763773275E-17,1.785));
#1606=DIRECTION('',(1.0,1.3155810565327E-42,1.75438964403376E-10));
#1607=DIRECTION('',(1.75438964403376E-10,1.07425226341282E-26,-1.0));
#1608=SURFACE_STYLE_FILL_AREA(#2844);
#1609=ORIENTED_EDGE('',*,*,#2772,.T.);
#1610=ORIENTED_EDGE('',*,*,#2790,.T.);
#1611=ORIENTED_EDGE('',*,*,#2845,.F.);
#1612=ORIENTED_EDGE('',*,*,#2788,.T.);
#1613=CARTESIAN_POINT('',(0.22999999995,0.0,1.4083438187133E-17));
#1614=DIRECTION('',(-1.0,0.0,-6.12323399573676E-17));
#1615=DIRECTION('',(-6.12323399573677E-17,0.0,1.0));
#1616=SURFACE_STYLE_FILL_AREA(#2846);
#1617=ORIENTED_EDGE('',*,*,#2789,.T.);
#1618=ORIENTED_EDGE('',*,*,#2845,.T.);
#1619=CARTESIAN_POINT('',(6.33754718558755E-17,7.76125687527511E-33,1.035));
#1620=DIRECTION('',(-1.0,9.18338008663387E-49,6.12323399573677E-17));
#1621=DIRECTION('',(6.12323399573677E-17,7.49879891330929E-33,1.0));
#1622=SURFACE_STYLE_FILL_AREA(#2847);
#1623=ORIENTED_EDGE('',*,*,#2848,.T.);
#1624=ORIENTED_EDGE('',*,*,#2849,.F.);
#1625=ORIENTED_EDGE('',*,*,#2850,.T.);
#1626=ORIENTED_EDGE('',*,*,#2851,.T.);
#1627=CARTESIAN_POINT('',(6.0,-0.517835705054726,1.16151957841762));
#1628=DIRECTION('',(0.0,1.0,-6.12323399573677E-17));
#1629=DIRECTION('',(0.0,-6.12323399573677E-17,-1.0));
#1630=SURFACE_STYLE_FILL_AREA(#2852);
#1631=ORIENTED_EDGE('',*,*,#2853,.T.);
#1632=ORIENTED_EDGE('',*,*,#2854,.F.);
#1633=ORIENTED_EDGE('',*,*,#2855,.T.);
#1634=ORIENTED_EDGE('',*,*,#2849,.T.);
#1635=CARTESIAN_POINT('',(6.0,-0.52017212996506,1.16842423710786));
#1636=DIRECTION('',(0.0,0.108985474873041,0.994043342247559));
#1637=DIRECTION('',(-0.0,0.994043342247559,-0.108985474873041));
#1638=SURFACE_STYLE_FILL_AREA(#2856);
#1639=ORIENTED_EDGE('',*,*,#2857,.T.);
#1640=ORIENTED_EDGE('',*,*,#2858,.F.);
#1641=ORIENTED_EDGE('',*,*,#2859,.T.);
#1642=ORIENTED_EDGE('',*,*,#2854,.T.);
#1643=CARTESIAN_POINT('',(6.0,-0.524645711136661,1.16865090519618));
#1644=DIRECTION('',(0.0,6.12323399573677E-17,1.0));
#1645=DIRECTION('',(0.0,1.0,-6.12323399573677E-17));
#1646=SURFACE_STYLE_FILL_AREA(#2860);
#1647=ORIENTED_EDGE('',*,*,#2861,.T.);
#1648=ORIENTED_EDGE('',*,*,#2862,.F.);
#1649=ORIENTED_EDGE('',*,*,#2863,.T.);
#1650=ORIENTED_EDGE('',*,*,#2858,.T.);
#1651=CARTESIAN_POINT('',(6.0,-0.528352108009346,1.16769441568065));
#1652=DIRECTION('',(0.0,-0.324843336709855,0.945767839691754));
#1653=DIRECTION('',(0.0,0.945767839691754,0.324843336709855));
#1654=SURFACE_STYLE_FILL_AREA(#2864);
#1655=ORIENTED_EDGE('',*,*,#2865,.T.);
#1656=ORIENTED_EDGE('',*,*,#2866,.F.);
#1657=ORIENTED_EDGE('',*,*,#2867,.T.);
#1658=ORIENTED_EDGE('',*,*,#2862,.T.);
#1659=CARTESIAN_POINT('',(6.0,-0.532337480990727,1.16482992885028));
#1660=DIRECTION('',(0.0,-0.84638042175658,0.532578803246199));
#1661=DIRECTION('',(0.0,0.532578803246199,0.84638042175658));
#1662=SURFACE_STYLE_FILL_AREA(#2868);
#1663=ORIENTED_EDGE('',*,*,#2869,.T.);
#1664=ORIENTED_EDGE('',*,*,#2870,.F.);
#1665=ORIENTED_EDGE('',*,*,#2871,.T.);
#1666=ORIENTED_EDGE('',*,*,#2866,.T.);
#1667=CARTESIAN_POINT('',(6.0,-0.533538074601368,1.16101891593683));
#1668=DIRECTION('',(0.0,-1.0,6.12323399573677E-17));
#1669=DIRECTION('',(0.0,6.12323399573677E-17,1.0));
#1670=SURFACE_STYLE_FILL_AREA(#2872);
#1671=ORIENTED_EDGE('',*,*,#2873,.T.);
#1672=ORIENTED_EDGE('',*,*,#2874,.F.);
#1673=ORIENTED_EDGE('',*,*,#2875,.T.);
#1674=ORIENTED_EDGE('',*,*,#2870,.T.);
#1675=CARTESIAN_POINT('',(6.0,-0.531971324848062,1.15845084122195));
#1676=DIRECTION('',(0.0,-0.777244870707482,-0.629198228667968));
#1677=DIRECTION('',(0.0,-0.629198228667968,0.777244870707482));
#1678=SURFACE_STYLE_FILL_AREA(#2876);
#1679=ORIENTED_EDGE('',*,*,#2877,.T.);
#1680=ORIENTED_EDGE('',*,*,#2878,.F.);
#1681=ORIENTED_EDGE('',*,*,#2879,.T.);
#1682=ORIENTED_EDGE('',*,*,#2874,.T.);
#1683=CARTESIAN_POINT('',(6.0,-0.527567487703636,1.15572086072971));
#1684=DIRECTION('',(0.0,-0.269692642416987,-0.962946456780512));
#1685=DIRECTION('',(0.0,-0.962946456780512,0.269692642416987));
#1686=SURFACE_STYLE_FILL_AREA(#2880);
#1687=ORIENTED_EDGE('',*,*,#2881,.T.);
#1688=ORIENTED_EDGE('',*,*,#2851,.F.);
#1689=ORIENTED_EDGE('',*,*,#2882,.T.);
#1690=ORIENTED_EDGE('',*,*,#2878,.T.);
#1691=CARTESIAN_POINT('',(6.0,-0.520348980891109,1.15492627699154));
#1692=DIRECTION('',(0.0,-6.12323399573677E-17,-1.0));
#1693=DIRECTION('',(0.0,-1.0,6.12323399573677E-17));
#1694=SURFACE_STYLE_FILL_AREA(#2883);
#1695=ORIENTED_EDGE('',*,*,#2884,.F.);
#1696=ORIENTED_EDGE('',*,*,#2885,.F.);
#1697=ORIENTED_EDGE('',*,*,#2886,.F.);
#1698=ORIENTED_EDGE('',*,*,#2887,.T.);
#1699=CARTESIAN_POINT('',(6.0,-0.506890874504607,1.15197710098532));
#1700=DIRECTION('',(0.0,1.0,-6.12323399573677E-17));
#1701=DIRECTION('',(0.0,-6.12323399573677E-17,-1.0));
#1702=SURFACE_STYLE_FILL_AREA(#2888);
#1703=ORIENTED_EDGE('',*,*,#2889,.F.);
#1704=ORIENTED_EDGE('',*,*,#2887,.F.);
#1705=ORIENTED_EDGE('',*,*,#2890,.F.);
#1706=ORIENTED_EDGE('',*,*,#2891,.T.);
#1707=CARTESIAN_POINT('',(6.0,-0.507416445566527,1.17495028536487));
#1708=DIRECTION('',(0.0,0.199687052982628,0.979859725099013));
#1709=DIRECTION('',(-0.0,0.979859725099013,-0.199687052982628));
#1710=SURFACE_STYLE_FILL_AREA(#2892);
#1711=ORIENTED_EDGE('',*,*,#2893,.F.);
#1712=ORIENTED_EDGE('',*,*,#2891,.F.);
#1713=ORIENTED_EDGE('',*,*,#2894,.F.);
#1714=ORIENTED_EDGE('',*,*,#2895,.T.);
#1715=CARTESIAN_POINT('',(6.0,-0.514174143628081,1.17578970454908));
#1716=DIRECTION('',(0.0,0.116703059349313,0.993166852013553));
#1717=DIRECTION('',(0.0,0.993166852013553,-0.116703059349313));
#1718=SURFACE_STYLE_FILL_AREA(#2896);
#1719=ORIENTED_EDGE('',*,*,#2897,.F.);
#1720=ORIENTED_EDGE('',*,*,#2895,.F.);
#1721=ORIENTED_EDGE('',*,*,#2898,.F.);
#1722=ORIENTED_EDGE('',*,*,#2899,.T.);
#1723=CARTESIAN_POINT('',(6.0,-0.525806451017488,1.1765220168344));
#1724=DIRECTION('',(0.0,6.12323399573677E-17,1.0));
#1725=DIRECTION('',(0.0,1.0,-6.12323399573677E-17));
#1726=SURFACE_STYLE_FILL_AREA(#2900);
#1727=ORIENTED_EDGE('',*,*,#2901,.F.);
#1728=ORIENTED_EDGE('',*,*,#2899,.F.);
#1729=ORIENTED_EDGE('',*,*,#2902,.F.);
#1730=ORIENTED_EDGE('',*,*,#2903,.T.);
#1731=CARTESIAN_POINT('',(6.0,-0.530795639818555,1.17603380864419));
#1732=DIRECTION('',(0.0,-0.129310979094372,0.991604089687842));
#1733=DIRECTION('',(0.0,0.991604089687843,0.129310979094372));
#1734=SURFACE_STYLE_FILL_AREA(#2904);
#1735=ORIENTED_EDGE('',*,*,#2905,.F.);
#1736=ORIENTED_EDGE('',*,*,#2903,.F.);
#1737=ORIENTED_EDGE('',*,*,#2906,.F.);
#1738=ORIENTED_EDGE('',*,*,#2907,.T.);
#1739=CARTESIAN_POINT('',(6.0,-0.537107474277818,1.1744894766139));
#1740=DIRECTION('',(0.0,-0.380343713305985,0.924845208534171));
#1741=DIRECTION('',(0.0,0.924845208534171,0.380343713305985));
#1742=SURFACE_STYLE_FILL_AREA(#2908);
#1743=ORIENTED_EDGE('',*,*,#2909,.F.);
#1744=ORIENTED_EDGE('',*,*,#2907,.F.);
#1745=ORIENTED_EDGE('',*,*,#2910,.F.);
#1746=ORIENTED_EDGE('',*,*,#2911,.T.);
#1747=CARTESIAN_POINT('',(6.0,-0.540106467446307,1.17314939494891));
#1748=DIRECTION('',(0.0,-0.550236884445134,0.835008605342551));
#1749=DIRECTION('',(0.0,0.835008605342551,0.550236884445134));
#1750=SURFACE_STYLE_FILL_AREA(#2912);
#1751=ORIENTED_EDGE('',*,*,#2913,.F.);
#1752=ORIENTED_EDGE('',*,*,#2911,.F.);
#1753=ORIENTED_EDGE('',*,*,#2914,.F.);
#1754=ORIENTED_EDGE('',*,*,#2915,.T.);
#1755=CARTESIAN_POINT('',(6.0,-0.543080552033663,1.16889500929129));
#1756=DIRECTION('',(0.0,-0.875951574441568,0.482399045638917));
#1757=DIRECTION('',(0.0,0.482399045638917,0.875951574441568));
#1758=SURFACE_STYLE_FILL_AREA(#2916);
#1759=ORIENTED_EDGE('',*,*,#2917,.F.);
#1760=ORIENTED_EDGE('',*,*,#2915,.F.);
#1761=ORIENTED_EDGE('',*,*,#2918,.F.);
#1762=ORIENTED_EDGE('',*,*,#2919,.T.);
#1763=CARTESIAN_POINT('',(6.0,-0.545001003639066,1.16220456439879));
#1764=DIRECTION('',(0.0,-1.0,6.12323399573677E-17));
#1765=DIRECTION('',(0.0,6.12323399573677E-17,1.0));
#1766=SURFACE_STYLE_FILL_AREA(#2920);
#1767=ORIENTED_EDGE('',*,*,#2921,.F.);
#1768=ORIENTED_EDGE('',*,*,#2919,.F.);
#1769=ORIENTED_EDGE('',*,*,#2922,.F.);
#1770=ORIENTED_EDGE('',*,*,#2923,.T.);
#1771=CARTESIAN_POINT('',(6.0,-0.543675867122757,1.15879956135782));
#1772=DIRECTION('',(0.0,-0.887570978882303,-0.460670986112551));
#1773=DIRECTION('',(0.0,-0.460670986112551,0.887570978882303));
#1774=SURFACE_STYLE_FILL_AREA(#2924);
#1775=ORIENTED_EDGE('',*,*,#2925,.F.);
#1776=ORIENTED_EDGE('',*,*,#2923,.F.);
#1777=ORIENTED_EDGE('',*,*,#2926,.F.);
#1778=ORIENTED_EDGE('',*,*,#2927,.T.);
#1779=CARTESIAN_POINT('',(6.0,-0.539620750114201,1.1543957242134));
#1780=DIRECTION('',(0.0,-0.561131994829626,-0.827726334230417));
#1781=DIRECTION('',(0.0,-0.827726334230417,0.561131994829626));
#1782=SURFACE_STYLE_FILL_AREA(#2928);
#1783=ORIENTED_EDGE('',*,*,#2929,.F.);
#1784=ORIENTED_EDGE('',*,*,#2927,.F.);
#1785=ORIENTED_EDGE('',*,*,#2930,.F.);
#1786=ORIENTED_EDGE('',*,*,#2931,.T.);
#1787=CARTESIAN_POINT('',(6.0,-0.536188347633987,1.15232831197931));
#1788=DIRECTION('',(0.0,-0.294800100589495,-0.955558946738726));
#1789=DIRECTION('',(0.0,-0.955558946738726,0.294800100589495));
#1790=SURFACE_STYLE_FILL_AREA(#2932);
#1791=ORIENTED_EDGE('',*,*,#2933,.F.);
#1792=ORIENTED_EDGE('',*,*,#2931,.F.);
#1793=ORIENTED_EDGE('',*,*,#2934,.F.);
#1794=ORIENTED_EDGE('',*,*,#2935,.T.);
#1795=CARTESIAN_POINT('',(6.0,-0.536041387005298,1.15138427675434));
#1796=DIRECTION('',(0.0,-0.275859506370788,0.961197967509745));
#1797=DIRECTION('',(0.0,0.961197967509745,0.275859506370788));
#1798=SURFACE_STYLE_FILL_AREA(#2936);
#1799=ORIENTED_EDGE('',*,*,#2937,.F.);
#1800=ORIENTED_EDGE('',*,*,#2935,.F.);
#1801=ORIENTED_EDGE('',*,*,#2938,.F.);
#1802=ORIENTED_EDGE('',*,*,#2939,.T.);
#1803=CARTESIAN_POINT('',(6.0,-0.540069104574606,1.14655948458876));
#1804=DIRECTION('',(0.0,-0.802204597495598,0.597049230597382));
#1805=DIRECTION('',(0.0,0.597049230597382,0.802204597495598));
#1806=SURFACE_STYLE_FILL_AREA(#2940);
#1807=ORIENTED_EDGE('',*,*,#2941,.F.);
#1808=ORIENTED_EDGE('',*,*,#2939,.F.);
#1809=ORIENTED_EDGE('',*,*,#2942,.F.);
#1810=ORIENTED_EDGE('',*,*,#2943,.T.);
#1811=CARTESIAN_POINT('',(6.0,-0.543713229994457,1.1411244321854));
#1812=DIRECTION('',(0.0,-0.975963594633528,0.217933618218949));
#1813=DIRECTION('',(0.0,0.217933618218949,0.975963594633528));
#1814=SURFACE_STYLE_FILL_AREA(#2944);
#1815=ORIENTED_EDGE('',*,*,#2945,.F.);
#1816=ORIENTED_EDGE('',*,*,#2943,.F.);
#1817=ORIENTED_EDGE('',*,*,#2946,.F.);
#1818=ORIENTED_EDGE('',*,*,#2947,.T.);
#1819=CARTESIAN_POINT('',(6.0,-0.544061950130328,1.13947548411435));
#1820=DIRECTION('',(0.0,-0.980366459891685,0.197184188817067));
#1821=DIRECTION('',(0.0,0.197184188817067,0.980366459891685));
#1822=SURFACE_STYLE_FILL_AREA(#2948);
#1823=ORIENTED_EDGE('',*,*,#2949,.F.);
#1824=ORIENTED_EDGE('',*,*,#2947,.F.);
#1825=ORIENTED_EDGE('',*,*,#2950,.F.);
#1826=ORIENTED_EDGE('',*,*,#2951,.T.);
#1827=CARTESIAN_POINT('',(6.0,-0.544956168193025,1.13562461747109));
#1828=DIRECTION('',(0.0,-0.972075799543497,0.234667083209108));
#1829=DIRECTION('',(0.0,0.234667083209108,0.972075799543497));
#1830=SURFACE_STYLE_FILL_AREA(#2952);
#1831=ORIENTED_EDGE('',*,*,#2953,.F.);
#1832=ORIENTED_EDGE('',*,*,#2951,.F.);
#1833=ORIENTED_EDGE('',*,*,#2954,.F.);
#1834=ORIENTED_EDGE('',*,*,#2955,.T.);
#1835=CARTESIAN_POINT('',(6.0,-0.546336103587828,1.13107132883986));
#1836=DIRECTION('',(0.0,-0.92234470486329,0.386368018100166));
#1837=DIRECTION('',(0.0,0.386368018100166,0.92234470486329));
#1838=SURFACE_STYLE_FILL_AREA(#2956);
#1839=ORIENTED_EDGE('',*,*,#2957,.F.);
#1840=ORIENTED_EDGE('',*,*,#2955,.F.);
#1841=ORIENTED_EDGE('',*,*,#2958,.F.);
#1842=ORIENTED_EDGE('',*,*,#2959,.T.);
#1843=CARTESIAN_POINT('',(6.0,-0.541541201719604,1.12911102350465));
#1844=DIRECTION('',(0.0,-6.12323399573677E-17,-1.0));
#1845=DIRECTION('',(0.0,-1.0,6.12323399573677E-17));
#1846=SURFACE_STYLE_FILL_AREA(#2960);
#1847=ORIENTED_EDGE('',*,*,#2961,.F.);
#1848=ORIENTED_EDGE('',*,*,#2959,.F.);
#1849=ORIENTED_EDGE('',*,*,#2962,.F.);
#1850=ORIENTED_EDGE('',*,*,#2963,.T.);
#1851=CARTESIAN_POINT('',(6.0,-0.533944084473846,1.13414006603553));
#1852=DIRECTION('',(-0.0,0.951431191532465,-0.307861474983658));
#1853=DIRECTION('',(0.0,-0.307861474983658,-0.951431191532465));
#1854=SURFACE_STYLE_FILL_AREA(#2964);
#1855=ORIENTED_EDGE('',*,*,#2965,.F.);
#1856=ORIENTED_EDGE('',*,*,#2963,.F.);
#1857=ORIENTED_EDGE('',*,*,#2966,.F.);
#1858=ORIENTED_EDGE('',*,*,#2967,.T.);
#1859=CARTESIAN_POINT('',(6.0,-0.532280191254119,1.13939577665472));
#1860=DIRECTION('',(-0.0,0.965931781999799,-0.258796817064455));
#1861=DIRECTION('',(0.0,-0.258796817064455,-0.965931781999799));
#1862=SURFACE_STYLE_FILL_AREA(#2968);
#1863=ORIENTED_EDGE('',*,*,#2969,.F.);
#1864=ORIENTED_EDGE('',*,*,#2967,.F.);
#1865=ORIENTED_EDGE('',*,*,#2970,.F.);
#1866=ORIENTED_EDGE('',*,*,#2971,.T.);
#1867=CARTESIAN_POINT('',(6.0,-0.531996233429196,1.14069351373179));
#1868=DIRECTION('',(-0.0,0.986184900969614,-0.165648245084433));
#1869=DIRECTION('',(0.0,-0.165648245084433,-0.986184900969614));
#1870=SURFACE_STYLE_FILL_AREA(#2972);
#1871=ORIENTED_EDGE('',*,*,#2973,.F.);
#1872=ORIENTED_EDGE('',*,*,#2971,.F.);
#1873=ORIENTED_EDGE('',*,*,#2974,.F.);
#1874=ORIENTED_EDGE('',*,*,#2975,.T.);
#1875=CARTESIAN_POINT('',(6.0,-0.530563990014012,1.14347829310253));
#1876=DIRECTION('',(-0.0,0.85097968807447,-0.52519860099269));
#1877=DIRECTION('',(0.0,-0.52519860099269,-0.85097968807447));
#1878=SURFACE_STYLE_FILL_AREA(#2976);
#1879=ORIENTED_EDGE('',*,*,#2977,.F.);
#1880=ORIENTED_EDGE('',*,*,#2975,.F.);
#1881=ORIENTED_EDGE('',*,*,#2978,.F.);
#1882=ORIENTED_EDGE('',*,*,#2979,.T.);
#1883=CARTESIAN_POINT('',(6.0,-0.52674052281,1.14648974056158));
#1884=DIRECTION('',(-0.0,0.326948751947866,-0.945042069751253));
#1885=DIRECTION('',(0.0,-0.945042069751253,-0.326948751947866));
#1886=SURFACE_STYLE_FILL_AREA(#2980);
#1887=ORIENTED_EDGE('',*,*,#2981,.F.);
#1888=ORIENTED_EDGE('',*,*,#2979,.F.);
#1889=ORIENTED_EDGE('',*,*,#2982,.F.);
#1890=ORIENTED_EDGE('',*,*,#2983,.T.);
#1891=CARTESIAN_POINT('',(6.0,-0.520077477356753,1.14735406832692));
#1892=DIRECTION('',(0.0,-6.12323399573677E-17,-1.0));
#1893=DIRECTION('',(0.0,-1.0,6.12323399573677E-17));
#1894=SURFACE_STYLE_FILL_AREA(#2984);
#1895=ORIENTED_EDGE('',*,*,#2985,.F.);
#1896=ORIENTED_EDGE('',*,*,#2983,.F.);
#1897=ORIENTED_EDGE('',*,*,#2986,.F.);
#1898=ORIENTED_EDGE('',*,*,#2987,.T.);
#1899=CARTESIAN_POINT('',(6.0,-0.517566692378483,1.13823254591578));
#1900=DIRECTION('',(0.0,-1.0,6.12323399573677E-17));
#1901=DIRECTION('',(0.0,6.12323399573677E-17,1.0));
#1902=SURFACE_STYLE_FILL_AREA(#2988);
#1903=ORIENTED_EDGE('',*,*,#2989,.F.);
#1904=ORIENTED_EDGE('',*,*,#2987,.F.);
#1905=ORIENTED_EDGE('',*,*,#2990,.F.);
#1906=ORIENTED_EDGE('',*,*,#2885,.T.);
#1907=CARTESIAN_POINT('',(6.0,-0.512228783441545,1.12911102350465));
#1908=DIRECTION('',(0.0,-6.12323399573677E-17,-1.0));
#1909=DIRECTION('',(0.0,-1.0,6.12323399573677E-17));
#1910=SURFACE_STYLE_FILL_AREA(#2991);
#1911=ORIENTED_EDGE('',*,*,#2850,.F.);
#1912=ORIENTED_EDGE('',*,*,#2855,.F.);
#1913=ORIENTED_EDGE('',*,*,#2859,.F.);
#1914=ORIENTED_EDGE('',*,*,#2863,.F.);
#1915=ORIENTED_EDGE('',*,*,#2867,.F.);
#1916=ORIENTED_EDGE('',*,*,#2871,.F.);
#1917=ORIENTED_EDGE('',*,*,#2875,.F.);
#1918=ORIENTED_EDGE('',*,*,#2879,.F.);
#1919=ORIENTED_EDGE('',*,*,#2882,.F.);
#1920=ORIENTED_EDGE('',*,*,#2990,.T.);
#1921=ORIENTED_EDGE('',*,*,#2986,.T.);
#1922=ORIENTED_EDGE('',*,*,#2982,.T.);
#1923=ORIENTED_EDGE('',*,*,#2978,.T.);
#1924=ORIENTED_EDGE('',*,*,#2974,.T.);
#1925=ORIENTED_EDGE('',*,*,#2970,.T.);
#1926=ORIENTED_EDGE('',*,*,#2966,.T.);
#1927=ORIENTED_EDGE('',*,*,#2962,.T.);
#1928=ORIENTED_EDGE('',*,*,#2958,.T.);
#1929=ORIENTED_EDGE('',*,*,#2954,.T.);
#1930=ORIENTED_EDGE('',*,*,#2950,.T.);
#1931=ORIENTED_EDGE('',*,*,#2946,.T.);
#1932=ORIENTED_EDGE('',*,*,#2942,.T.);
#1933=ORIENTED_EDGE('',*,*,#2938,.T.);
#1934=ORIENTED_EDGE('',*,*,#2934,.T.);
#1935=ORIENTED_EDGE('',*,*,#2930,.T.);
#1936=ORIENTED_EDGE('',*,*,#2926,.T.);
#1937=ORIENTED_EDGE('',*,*,#2922,.T.);
#1938=ORIENTED_EDGE('',*,*,#2918,.T.);
#1939=ORIENTED_EDGE('',*,*,#2914,.T.);
#1940=ORIENTED_EDGE('',*,*,#2910,.T.);
#1941=ORIENTED_EDGE('',*,*,#2906,.T.);
#1942=ORIENTED_EDGE('',*,*,#2902,.T.);
#1943=ORIENTED_EDGE('',*,*,#2898,.T.);
#1944=ORIENTED_EDGE('',*,*,#2894,.T.);
#1945=ORIENTED_EDGE('',*,*,#2890,.T.);
#1946=ORIENTED_EDGE('',*,*,#2886,.T.);
#1947=CARTESIAN_POINT('',(6.0,-0.525473301791084,1.15052733353552));
#1948=DIRECTION('',(-1.0,0.0,0.0));
#1949=DIRECTION('',(0.0,-1.0,6.12323399573677E-17));
#1950=SURFACE_STYLE_FILL_AREA(#2992);
#1951=ORIENTED_EDGE('',*,*,#2848,.F.);
#1952=ORIENTED_EDGE('',*,*,#2881,.F.);
#1953=ORIENTED_EDGE('',*,*,#2877,.F.);
#1954=ORIENTED_EDGE('',*,*,#2873,.F.);
#1955=ORIENTED_EDGE('',*,*,#2869,.F.);
#1956=ORIENTED_EDGE('',*,*,#2865,.F.);
#1957=ORIENTED_EDGE('',*,*,#2861,.F.);
#1958=ORIENTED_EDGE('',*,*,#2857,.F.);
#1959=ORIENTED_EDGE('',*,*,#2853,.F.);
#1960=ORIENTED_EDGE('',*,*,#2884,.T.);
#1961=ORIENTED_EDGE('',*,*,#2889,.T.);
#1962=ORIENTED_EDGE('',*,*,#2893,.T.);
#1963=ORIENTED_EDGE('',*,*,#2897,.T.);
#1964=ORIENTED_EDGE('',*,*,#2901,.T.);
#1965=ORIENTED_EDGE('',*,*,#2905,.T.);
#1966=ORIENTED_EDGE('',*,*,#2909,.T.);
#1967=ORIENTED_EDGE('',*,*,#2913,.T.);
#1968=ORIENTED_EDGE('',*,*,#2917,.T.);
#1969=ORIENTED_EDGE('',*,*,#2921,.T.);
#1970=ORIENTED_EDGE('',*,*,#2925,.T.);
#1971=ORIENTED_EDGE('',*,*,#2929,.T.);
#1972=ORIENTED_EDGE('',*,*,#2933,.T.);
#1973=ORIENTED_EDGE('',*,*,#2937,.T.);
#1974=ORIENTED_EDGE('',*,*,#2941,.T.);
#1975=ORIENTED_EDGE('',*,*,#2945,.T.);
#1976=ORIENTED_EDGE('',*,*,#2949,.T.);
#1977=ORIENTED_EDGE('',*,*,#2953,.T.);
#1978=ORIENTED_EDGE('',*,*,#2957,.T.);
#1979=ORIENTED_EDGE('',*,*,#2961,.T.);
#1980=ORIENTED_EDGE('',*,*,#2965,.T.);
#1981=ORIENTED_EDGE('',*,*,#2969,.T.);
#1982=ORIENTED_EDGE('',*,*,#2973,.T.);
#1983=ORIENTED_EDGE('',*,*,#2977,.T.);
#1984=ORIENTED_EDGE('',*,*,#2981,.T.);
#1985=ORIENTED_EDGE('',*,*,#2985,.T.);
#1986=ORIENTED_EDGE('',*,*,#2989,.T.);
#1987=CARTESIAN_POINT('',(5.98319798375805,-0.525473301791084,1.15052733353552));
#1988=DIRECTION('',(-1.0,0.0,0.0));
#1989=DIRECTION('',(0.0,-1.0,6.12323399573677E-17));
#1990=SURFACE_STYLE_FILL_AREA(#2993);
#1991=ORIENTED_EDGE('',*,*,#2994,.F.);
#1992=ORIENTED_EDGE('',*,*,#2995,.F.);
#1993=ORIENTED_EDGE('',*,*,#2996,.T.);
#1994=ORIENTED_EDGE('',*,*,#2997,.T.);
#1995=CARTESIAN_POINT('',(6.0,-0.1517222066648,1.19739904788575));
#1996=DIRECTION('',(0.0,6.12323399573677E-17,1.0));
#1997=DIRECTION('',(0.0,1.0,-6.12323399573677E-17));
#1998=SURFACE_STYLE_FILL_AREA(#2998);
#1999=ORIENTED_EDGE('',*,*,#2999,.F.);
#2000=ORIENTED_EDGE('',*,*,#2997,.F.);
#2001=ORIENTED_EDGE('',*,*,#3000,.T.);
#2002=ORIENTED_EDGE('',*,*,#3001,.T.);
#2003=CARTESIAN_POINT('',(6.0,-0.245578269392327,1.13288770652478));
#2004=DIRECTION('',(0.0,-0.909044270788508,0.416699548531781));
#2005=DIRECTION('',(0.0,0.416699548531781,0.909044270788507));
#2006=SURFACE_STYLE_FILL_AREA(#3002);
#2007=ORIENTED_EDGE('',*,*,#3003,.F.);
#2008=ORIENTED_EDGE('',*,*,#3001,.F.);
#2009=ORIENTED_EDGE('',*,*,#3004,.T.);
#2010=ORIENTED_EDGE('',*,*,#3005,.T.);
#2011=CARTESIAN_POINT('',(6.0,-0.304729767572109,1.13288770652478));
#2012=DIRECTION('',(0.0,0.908999425380727,0.416797366423433));
#2013=DIRECTION('',(0.0,0.416797366423432,-0.908999425380726));
#2014=SURFACE_STYLE_FILL_AREA(#3006);
#2015=ORIENTED_EDGE('',*,*,#3007,.F.);
#2016=ORIENTED_EDGE('',*,*,#3005,.F.);
#2017=ORIENTED_EDGE('',*,*,#3008,.T.);
#2018=ORIENTED_EDGE('',*,*,#3009,.T.);
#2019=CARTESIAN_POINT('',(6.0,-0.398594231307757,1.19739904788575));
#2020=DIRECTION('',(0.0,6.12323399573677E-17,1.0));
#2021=DIRECTION('',(0.0,1.0,-6.12323399573677E-17));
#2022=SURFACE_STYLE_FILL_AREA(#3010);
#2023=ORIENTED_EDGE('',*,*,#3011,.F.);
#2024=ORIENTED_EDGE('',*,*,#3009,.F.);
#2025=ORIENTED_EDGE('',*,*,#3012,.T.);
#2026=ORIENTED_EDGE('',*,*,#3013,.T.);
#2027=CARTESIAN_POINT('',(6.0,-0.462878745449454,0.965149817978157));
#2028=DIRECTION('',(0.0,-1.0,6.12323399573677E-17));
#2029=DIRECTION('',(0.0,6.12323399573677E-17,1.0));
#2030=SURFACE_STYLE_FILL_AREA(#3014);
#2031=ORIENTED_EDGE('',*,*,#3015,.F.);
#2032=ORIENTED_EDGE('',*,*,#3013,.F.);
#2033=ORIENTED_EDGE('',*,*,#3016,.T.);
#2034=ORIENTED_EDGE('',*,*,#3017,.T.);
#2035=CARTESIAN_POINT('',(6.0,-0.398594231307757,0.732900588070569));
#2036=DIRECTION('',(0.0,-6.12323399573677E-17,-1.0));
#2037=DIRECTION('',(0.0,-1.0,6.12323399573677E-17));
#2038=SURFACE_STYLE_FILL_AREA(#3018);
#2039=ORIENTED_EDGE('',*,*,#3019,.F.);
#2040=ORIENTED_EDGE('',*,*,#3017,.F.);
#2041=ORIENTED_EDGE('',*,*,#3020,.T.);
#2042=ORIENTED_EDGE('',*,*,#3021,.T.);
#2043=CARTESIAN_POINT('',(6.0,-0.33430971716606,0.798705684682162));
#2044=DIRECTION('',(0.0,1.0,-6.12323399573677E-17));
#2045=DIRECTION('',(0.0,-6.12323399573677E-17,-1.0));
#2046=SURFACE_STYLE_FILL_AREA(#3022);
#2047=ORIENTED_EDGE('',*,*,#3023,.F.);
#2048=ORIENTED_EDGE('',*,*,#3021,.F.);
#2049=ORIENTED_EDGE('',*,*,#3024,.T.);
#2050=ORIENTED_EDGE('',*,*,#3025,.T.);
#2051=CARTESIAN_POINT('',(6.0,-0.303442733127975,0.807738448613834));
#2052=DIRECTION('',(0.0,-0.878543629597914,-0.477662109542848));
#2053=DIRECTION('',(0.0,-0.477662109542848,0.878543629597914));
#2054=SURFACE_STYLE_FILL_AREA(#3026);
#2055=ORIENTED_EDGE('',*,*,#3027,.F.);
#2056=ORIENTED_EDGE('',*,*,#3025,.F.);
#2057=ORIENTED_EDGE('',*,*,#3028,.T.);
#2058=ORIENTED_EDGE('',*,*,#3029,.T.);
#2059=CARTESIAN_POINT('',(6.0,-0.244672640716886,0.807630915709885));
#2060=DIRECTION('',(-0.0,0.897129318188731,-0.441768023340556));
#2061=DIRECTION('',(0.0,-0.441768023340556,-0.897129318188731));
#2062=SURFACE_STYLE_FILL_AREA(#3030);
#2063=ORIENTED_EDGE('',*,*,#3031,.F.);
#2064=ORIENTED_EDGE('',*,*,#3029,.F.);
#2065=ORIENTED_EDGE('',*,*,#3032,.T.);
#2066=ORIENTED_EDGE('',*,*,#3033,.T.);
#2067=CARTESIAN_POINT('',(6.0,-0.217090450854103,0.798487258471017));
#2068=DIRECTION('',(0.0,-0.99998810982143,0.00487649625899107));
#2069=DIRECTION('',(0.0,0.00487649625899107,0.99998810982143));
#2070=SURFACE_STYLE_FILL_AREA(#3034);
#2071=ORIENTED_EDGE('',*,*,#3035,.F.);
#2072=ORIENTED_EDGE('',*,*,#3033,.F.);
#2073=ORIENTED_EDGE('',*,*,#3036,.T.);
#2074=ORIENTED_EDGE('',*,*,#3037,.T.);
#2075=CARTESIAN_POINT('',(6.0,-0.152424530943713,0.732789694763372));
#2076=DIRECTION('',(-0.0,0.00170639391672706,-0.999998544108841));
#2077=DIRECTION('',(0.0,-0.999998544108841,-0.00170639391672706));
#2078=SURFACE_STYLE_FILL_AREA(#3038);
#2079=ORIENTED_EDGE('',*,*,#3039,.F.);
#2080=ORIENTED_EDGE('',*,*,#3037,.F.);
#2081=ORIENTED_EDGE('',*,*,#3040,.T.);
#2082=ORIENTED_EDGE('',*,*,#2995,.T.);
#2083=CARTESIAN_POINT('',(6.0,-0.0874376925231027,0.965149817978157));
#2084=DIRECTION('',(0.0,1.0,-6.12323399573677E-17));
#2085=DIRECTION('',(0.0,-6.12323399573677E-17,-1.0));
#2086=SURFACE_STYLE_FILL_AREA(#3041);
#2087=ORIENTED_EDGE('',*,*,#2994,.T.);
#2088=ORIENTED_EDGE('',*,*,#2999,.T.);
#2089=ORIENTED_EDGE('',*,*,#3003,.T.);
#2090=ORIENTED_EDGE('',*,*,#3007,.T.);
#2091=ORIENTED_EDGE('',*,*,#3011,.T.);
#2092=ORIENTED_EDGE('',*,*,#3015,.T.);
#2093=ORIENTED_EDGE('',*,*,#3019,.T.);
#2094=ORIENTED_EDGE('',*,*,#3023,.T.);
#2095=ORIENTED_EDGE('',*,*,#3027,.T.);
#2096=ORIENTED_EDGE('',*,*,#3031,.T.);
#2097=ORIENTED_EDGE('',*,*,#3035,.T.);
#2098=ORIENTED_EDGE('',*,*,#3039,.T.);
#2099=CARTESIAN_POINT('',(5.98319798375805,-0.275097481896878,0.948770941896455));
#2100=DIRECTION('',(-1.0,0.0,0.0));
#2101=DIRECTION('',(0.0,-1.0,6.12323399573677E-17));
#2102=SURFACE_STYLE_FILL_AREA(#3042);
#2103=ORIENTED_EDGE('',*,*,#3040,.F.);
#2104=ORIENTED_EDGE('',*,*,#3036,.F.);
#2105=ORIENTED_EDGE('',*,*,#3032,.F.);
#2106=ORIENTED_EDGE('',*,*,#3028,.F.);
#2107=ORIENTED_EDGE('',*,*,#3024,.F.);
#2108=ORIENTED_EDGE('',*,*,#3020,.F.);
#2109=ORIENTED_EDGE('',*,*,#3016,.F.);
#2110=ORIENTED_EDGE('',*,*,#3012,.F.);
#2111=ORIENTED_EDGE('',*,*,#3008,.F.);
#2112=ORIENTED_EDGE('',*,*,#3004,.F.);
#2113=ORIENTED_EDGE('',*,*,#3000,.F.);
#2114=ORIENTED_EDGE('',*,*,#2996,.F.);
#2115=CARTESIAN_POINT('',(6.0,-0.275097481896878,0.948770941896454));
#2116=DIRECTION('',(-1.0,0.0,0.0));
#2117=DIRECTION('',(0.0,-1.0,6.12323399573677E-17));
#2118=SURFACE_STYLE_FILL_AREA(#3043);
#2119=ORIENTED_EDGE('',*,*,#3044,.T.);
#2120=ORIENTED_EDGE('',*,*,#3045,.F.);
#2121=ORIENTED_EDGE('',*,*,#3046,.T.);
#2122=ORIENTED_EDGE('',*,*,#3047,.T.);
#2123=CARTESIAN_POINT('',(6.0,0.338920358443013,1.01774852982358));
#2124=DIRECTION('',(0.0,0.999967069442301,0.00811541933460221));
#2125=DIRECTION('',(0.0,0.00811541933460221,-0.999967069442301));
#2126=SURFACE_STYLE_FILL_AREA(#3048);
#2127=ORIENTED_EDGE('',*,*,#3049,.T.);
#2128=ORIENTED_EDGE('',*,*,#3050,.F.);
#2129=ORIENTED_EDGE('',*,*,#3051,.T.);
#2130=ORIENTED_EDGE('',*,*,#3045,.T.);
#2131=CARTESIAN_POINT('',(6.0,0.327990646877625,1.07903388406609));
#2132=DIRECTION('',(0.0,-0.154700069082605,0.987961481347242));
#2133=DIRECTION('',(0.0,0.987961481347242,0.154700069082605));
#2134=SURFACE_STYLE_FILL_AREA(#3052);
#2135=ORIENTED_EDGE('',*,*,#3053,.T.);
#2136=ORIENTED_EDGE('',*,*,#3054,.F.);
#2137=ORIENTED_EDGE('',*,*,#3055,.T.);
#2138=ORIENTED_EDGE('',*,*,#3050,.T.);
#2139=CARTESIAN_POINT('',(6.0,0.316833267992159,1.07700084010081));
#2140=DIRECTION('',(0.0,-0.477815254999992,0.878460347476932));
#2141=DIRECTION('',(0.0,0.878460347476932,0.477815254999992));
#2142=SURFACE_STYLE_FILL_AREA(#3056);
#2143=ORIENTED_EDGE('',*,*,#3057,.T.);
#2144=ORIENTED_EDGE('',*,*,#3058,.F.);
#2145=ORIENTED_EDGE('',*,*,#3059,.T.);
#2146=ORIENTED_EDGE('',*,*,#3054,.T.);
#2147=CARTESIAN_POINT('',(6.0,0.313779501540185,1.07552394287314));
#2148=DIRECTION('',(0.0,-0.421202185452339,0.906966768393514));
#2149=DIRECTION('',(0.0,0.906966768393514,0.421202185452339));
#2150=SURFACE_STYLE_FILL_AREA(#3060);
#2151=ORIENTED_EDGE('',*,*,#3061,.T.);
#2152=ORIENTED_EDGE('',*,*,#3062,.F.);
#2153=ORIENTED_EDGE('',*,*,#3063,.T.);
#2154=ORIENTED_EDGE('',*,*,#3058,.T.);
#2155=CARTESIAN_POINT('',(6.0,0.307899635956315,1.07154018482218));
#2156=DIRECTION('',(0.0,-0.632210976921692,0.77479628332854));
#2157=DIRECTION('',(0.0,0.77479628332854,0.632210976921692));
#2158=SURFACE_STYLE_FILL_AREA(#3064);
#2159=ORIENTED_EDGE('',*,*,#3065,.T.);
#2160=ORIENTED_EDGE('',*,*,#3066,.F.);
#2161=ORIENTED_EDGE('',*,*,#3067,.T.);
#2162=ORIENTED_EDGE('',*,*,#3062,.T.);
#2163=CARTESIAN_POINT('',(6.0,0.300698291795016,1.06226715205825));
#2164=DIRECTION('',(0.0,-0.868240321087532,0.496143875138875));
#2165=DIRECTION('',(0.0,0.496143875138875,0.868240321087532));
#2166=SURFACE_STYLE_FILL_AREA(#3068);
#2167=ORIENTED_EDGE('',*,*,#3069,.T.);
#2168=ORIENTED_EDGE('',*,*,#3070,.F.);
#2169=ORIENTED_EDGE('',*,*,#3071,.T.);
#2170=ORIENTED_EDGE('',*,*,#3066,.T.);
#2171=CARTESIAN_POINT('',(6.0,0.294390310837301,1.04707980957715));
#2172=DIRECTION('',(0.0,-0.957100866375995,0.289754950919428));
#2173=DIRECTION('',(0.0,0.289754950919428,0.957100866375995));
#2174=SURFACE_STYLE_FILL_AREA(#3072);
#2175=ORIENTED_EDGE('',*,*,#3073,.T.);
#2176=ORIENTED_EDGE('',*,*,#3074,.F.);
#2177=ORIENTED_EDGE('',*,*,#3075,.T.);
#2178=ORIENTED_EDGE('',*,*,#3070,.T.);
#2179=CARTESIAN_POINT('',(6.0,0.291145001400168,1.03524950994119));
#2180=DIRECTION('',(0.0,-0.982252970181838,0.187560930283886));
#2181=DIRECTION('',(0.0,0.187560930283886,0.982252970181838));
#2182=SURFACE_STYLE_FILL_AREA(#3076);
#2183=ORIENTED_EDGE('',*,*,#3077,.T.);
#2184=ORIENTED_EDGE('',*,*,#3078,.F.);
#2185=ORIENTED_EDGE('',*,*,#3079,.T.);
#2186=ORIENTED_EDGE('',*,*,#3074,.T.);
#2187=CARTESIAN_POINT('',(6.0,0.289969028283394,1.02902436292355));
#2188=DIRECTION('',(0.0,-0.982961558862428,0.183811245028007));
#2189=DIRECTION('',(0.0,0.183811245028007,0.982961558862428));
#2190=SURFACE_STYLE_FILL_AREA(#3080);
#2191=ORIENTED_EDGE('',*,*,#3081,.T.);
#2192=ORIENTED_EDGE('',*,*,#3082,.F.);
#2193=ORIENTED_EDGE('',*,*,#3083,.T.);
#2194=ORIENTED_EDGE('',*,*,#3078,.T.);
#2195=CARTESIAN_POINT('',(6.0,0.289996415569868,1.01566844021283));
#2196=DIRECTION('',(0.0,-0.998080539170314,-0.0619292929839844));
#2197=DIRECTION('',(0.0,-0.0619292929839844,0.998080539170313));
#2198=SURFACE_STYLE_FILL_AREA(#3084);
#2199=ORIENTED_EDGE('',*,*,#3085,.T.);
#2200=ORIENTED_EDGE('',*,*,#3086,.F.);
#2201=ORIENTED_EDGE('',*,*,#3087,.T.);
#2202=ORIENTED_EDGE('',*,*,#3082,.T.);
#2203=CARTESIAN_POINT('',(6.0,0.295128591430972,0.992805936712406));
#2204=DIRECTION('',(0.0,-0.94270570994128,-0.333625455329938));
#2205=DIRECTION('',(0.0,-0.333625455329938,0.94270570994128));
#2206=SURFACE_STYLE_FILL_AREA(#3088);
#2207=ORIENTED_EDGE('',*,*,#3089,.T.);
#2208=ORIENTED_EDGE('',*,*,#3090,.F.);
#2209=ORIENTED_EDGE('',*,*,#3091,.T.);
#2210=ORIENTED_EDGE('',*,*,#3086,.T.);
#2211=CARTESIAN_POINT('',(6.0,0.307981797815738,0.970718006160739));
#2212=DIRECTION('',(0.0,-0.746349551254241,-0.665554165596305));
#2213=DIRECTION('',(0.0,-0.665554165596305,0.746349551254241));
#2214=SURFACE_STYLE_FILL_AREA(#3092);
#2215=ORIENTED_EDGE('',*,*,#3093,.T.);
#2216=ORIENTED_EDGE('',*,*,#3094,.F.);
#2217=ORIENTED_EDGE('',*,*,#3095,.T.);
#2218=ORIENTED_EDGE('',*,*,#3090,.T.);
#2219=CARTESIAN_POINT('',(6.0,0.325046261551386,0.957948473816858));
#2220=DIRECTION('',(0.0,-0.364009979993514,-0.931395047477235));
#2221=DIRECTION('',(0.0,-0.931395047477235,0.364009979993514));
#2222=SURFACE_STYLE_FILL_AREA(#3096);
#2223=ORIENTED_EDGE('',*,*,#3097,.T.);
#2224=ORIENTED_EDGE('',*,*,#3047,.F.);
#2225=ORIENTED_EDGE('',*,*,#3098,.T.);
#2226=ORIENTED_EDGE('',*,*,#3094,.T.);
#2227=CARTESIAN_POINT('',(6.0,0.33659579949594,0.954687202464296));
#2228=DIRECTION('',(-0.0,0.0508999189725759,-0.998703759003933));
#2229=DIRECTION('',(0.0,-0.998703759003933,-0.0508999189725759));
#2230=SURFACE_STYLE_FILL_AREA(#3099);
#2231=ORIENTED_EDGE('',*,*,#3100,.F.);
#2232=ORIENTED_EDGE('',*,*,#3101,.F.);
#2233=ORIENTED_EDGE('',*,*,#3102,.F.);
#2234=ORIENTED_EDGE('',*,*,#3103,.T.);
#2235=CARTESIAN_POINT('',(6.0,0.398482161859423,0.732900588070569));
#2236=DIRECTION('',(0.0,-6.12323399573677E-17,-1.0));
#2237=DIRECTION('',(0.0,-1.0,6.12323399573677E-17));
#2238=SURFACE_STYLE_FILL_AREA(#3104);
#2239=ORIENTED_EDGE('',*,*,#3105,.F.);
#2240=ORIENTED_EDGE('',*,*,#3103,.F.);
#2241=ORIENTED_EDGE('',*,*,#3106,.F.);
#2242=ORIENTED_EDGE('',*,*,#3107,.T.);
#2243=CARTESIAN_POINT('',(6.0,0.462875385046206,0.966379725567068));
#2244=DIRECTION('',(0.0,1.0,-6.12323399573677E-17));
#2245=DIRECTION('',(0.0,-6.12323399573677E-17,-1.0));
#2246=SURFACE_STYLE_FILL_AREA(#3108);
#2247=ORIENTED_EDGE('',*,*,#3109,.F.);
#2248=ORIENTED_EDGE('',*,*,#3107,.F.);
#2249=ORIENTED_EDGE('',*,*,#3110,.F.);
#2250=ORIENTED_EDGE('',*,*,#3111,.T.);
#2251=CARTESIAN_POINT('',(6.0,0.405482889946794,1.19985886306357));
#2252=DIRECTION('',(0.0,6.12323399573677E-17,1.0));
#2253=DIRECTION('',(0.0,1.0,-6.12323399573677E-17));
#2254=SURFACE_STYLE_FILL_AREA(#3112);
#2255=ORIENTED_EDGE('',*,*,#3113,.F.);
#2256=ORIENTED_EDGE('',*,*,#3111,.F.);
#2257=ORIENTED_EDGE('',*,*,#3114,.F.);
#2258=ORIENTED_EDGE('',*,*,#3115,.T.);
#2259=CARTESIAN_POINT('',(6.0,0.343842509101092,1.19963035564268));
#2260=DIRECTION('',(0.0,-0.0537155501002076,0.998556277671635));
#2261=DIRECTION('',(0.0,0.998556277671635,0.0537155501002076));
#2262=SURFACE_STYLE_FILL_AREA(#3116);
#2263=ORIENTED_EDGE('',*,*,#3117,.F.);
#2264=ORIENTED_EDGE('',*,*,#3115,.F.);
#2265=ORIENTED_EDGE('',*,*,#3118,.F.);
#2266=ORIENTED_EDGE('',*,*,#3119,.T.);
#2267=CARTESIAN_POINT('',(6.0,0.326896667600112,1.19769812377485));
#2268=DIRECTION('',(0.0,-0.132981472855495,0.991118523627312));
#2269=DIRECTION('',(0.0,0.991118523627312,0.132981472855495));
#2270=SURFACE_STYLE_FILL_AREA(#3120);
#2271=ORIENTED_EDGE('',*,*,#3121,.F.);
#2272=ORIENTED_EDGE('',*,*,#3119,.F.);
#2273=ORIENTED_EDGE('',*,*,#3122,.F.);
#2274=ORIENTED_EDGE('',*,*,#3123,.T.);
#2275=CARTESIAN_POINT('',(6.0,0.297808681041725,1.19192999159899));
#2276=DIRECTION('',(0.0,-0.240690340673034,0.970601957501992));
#2277=DIRECTION('',(0.0,0.970601957501992,0.240690340673034));
#2278=SURFACE_STYLE_FILL_AREA(#3124);
#2279=ORIENTED_EDGE('',*,*,#3125,.F.);
#2280=ORIENTED_EDGE('',*,*,#3123,.F.);
#2281=ORIENTED_EDGE('',*,*,#3126,.F.);
#2282=ORIENTED_EDGE('',*,*,#3127,.T.);
#2283=CARTESIAN_POINT('',(6.0,0.26607706524783,1.18140184822179));
#2284=DIRECTION('',(0.0,-0.388267251170876,0.921546820117248));
#2285=DIRECTION('',(0.0,0.921546820117248,0.388267251170876));
#2286=SURFACE_STYLE_FILL_AREA(#3128);
#2287=ORIENTED_EDGE('',*,*,#3129,.F.);
#2288=ORIENTED_EDGE('',*,*,#3127,.F.);
#2289=ORIENTED_EDGE('',*,*,#3130,.F.);
#2290=ORIENTED_EDGE('',*,*,#3131,.T.);
#2291=CARTESIAN_POINT('',(6.0,0.236952450294035,1.16585998319798));
#2292=DIRECTION('',(0.0,-0.550053957562622,0.835129118022894));
#2293=DIRECTION('',(0.0,0.835129118022894,0.550053957562622));
#2294=SURFACE_STYLE_FILL_AREA(#3132);
#2295=ORIENTED_EDGE('',*,*,#3133,.F.);
#2296=ORIENTED_EDGE('',*,*,#3131,.F.);
#2297=ORIENTED_EDGE('',*,*,#3134,.F.);
#2298=ORIENTED_EDGE('',*,*,#3135,.T.);
#2299=CARTESIAN_POINT('',(6.0,0.211464967796136,1.14482889946794));
#2300=DIRECTION('',(0.0,-0.714494946012625,0.699640602111124));
#2301=DIRECTION('',(0.0,0.699640602111124,0.714494946012625));
#2302=SURFACE_STYLE_FILL_AREA(#3136);
#2303=ORIENTED_EDGE('',*,*,#3137,.F.);
#2304=ORIENTED_EDGE('',*,*,#3135,.F.);
#2305=ORIENTED_EDGE('',*,*,#3138,.F.);
#2306=ORIENTED_EDGE('',*,*,#3139,.T.);
#2307=CARTESIAN_POINT('',(6.0,0.190644749369924,1.11781629795575));
#2308=DIRECTION('',(0.0,-0.855482053582959,0.517832459389602));
#2309=DIRECTION('',(0.0,0.517832459389602,0.855482053582958));
#2310=SURFACE_STYLE_FILL_AREA(#3140);
#2311=ORIENTED_EDGE('',*,*,#3141,.F.);
#2312=ORIENTED_EDGE('',*,*,#3139,.F.);
#2313=ORIENTED_EDGE('',*,*,#3142,.F.);
#2314=ORIENTED_EDGE('',*,*,#3143,.T.);
#2315=CARTESIAN_POINT('',(6.0,0.175494371324559,1.08435508260991));
#2316=DIRECTION('',(0.0,-0.95020949612074,0.311611799330464));
#2317=DIRECTION('',(0.0,0.311611799330464,0.95020949612074));
#2318=SURFACE_STYLE_FILL_AREA(#3144);
#2319=ORIENTED_EDGE('',*,*,#3145,.F.);
#2320=ORIENTED_EDGE('',*,*,#3143,.F.);
#2321=ORIENTED_EDGE('',*,*,#3146,.F.);
#2322=ORIENTED_EDGE('',*,*,#3147,.T.);
#2323=CARTESIAN_POINT('',(6.0,0.167126295155419,1.04945225427051));
#2324=DIRECTION('',(0.0,-0.990148928748195,0.140018209168669));
#2325=DIRECTION('',(0.0,0.140018209168669,0.990148928748195));
#2326=SURFACE_STYLE_FILL_AREA(#3148);
#2327=ORIENTED_EDGE('',*,*,#3149,.F.);
#2328=ORIENTED_EDGE('',*,*,#3147,.F.);
#2329=ORIENTED_EDGE('',*,*,#3150,.F.);
#2330=ORIENTED_EDGE('',*,*,#3151,.T.);
#2331=CARTESIAN_POINT('',(6.0,0.164683281993839,1.02743657238869));
#2332=DIRECTION('',(0.0,-0.999802730693364,0.0198620164659338));
#2333=DIRECTION('',(0.0,0.0198620164659338,0.999802730693364));
#2334=SURFACE_STYLE_FILL_AREA(#3152);
#2335=ORIENTED_EDGE('',*,*,#3153,.F.);
#2336=ORIENTED_EDGE('',*,*,#3151,.F.);
#2337=ORIENTED_EDGE('',*,*,#3154,.F.);
#2338=ORIENTED_EDGE('',*,*,#3155,.T.);
#2339=CARTESIAN_POINT('',(6.0,0.164464519742369,1.01623466816018));
#2340=DIRECTION('',(0.0,-0.999815685590774,0.0191988240955404));
#2341=DIRECTION('',(0.0,0.0191988240955404,0.999815685590773));
#2342=SURFACE_STYLE_FILL_AREA(#3156);
#2343=ORIENTED_EDGE('',*,*,#3157,.F.);
#2344=ORIENTED_EDGE('',*,*,#3155,.F.);
#2345=ORIENTED_EDGE('',*,*,#3158,.F.);
#2346=ORIENTED_EDGE('',*,*,#3159,.T.);
#2347=CARTESIAN_POINT('',(6.0,0.166953066367964,0.993409129095492));
#2348=DIRECTION('',(0.0,-0.9887062354962,-0.149866540264772));
#2349=DIRECTION('',(0.0,-0.149866540264772,0.9887062354962));
#2350=SURFACE_STYLE_FILL_AREA(#3160);
#2351=ORIENTED_EDGE('',*,*,#3161,.F.);
#2352=ORIENTED_EDGE('',*,*,#3159,.F.);
#2353=ORIENTED_EDGE('',*,*,#3162,.F.);
#2354=ORIENTED_EDGE('',*,*,#3163,.T.);
#2355=CARTESIAN_POINT('',(6.0,0.177071408569028,0.957027723326799));
#2356=DIRECTION('',(0.0,-0.931397476888949,-0.364003763778481));
#2357=DIRECTION('',(0.0,-0.364003763778481,0.931397476888949));
#2358=SURFACE_STYLE_FILL_AREA(#3164);
#2359=ORIENTED_EDGE('',*,*,#3165,.F.);
#2360=ORIENTED_EDGE('',*,*,#3163,.F.);
#2361=ORIENTED_EDGE('',*,*,#3166,.F.);
#2362=ORIENTED_EDGE('',*,*,#3167,.T.);
#2363=CARTESIAN_POINT('',(6.0,0.195786166339961,0.921958555026603));
#2364=DIRECTION('',(0.0,-0.816408264012226,-0.577475147909019));
#2365=DIRECTION('',(0.0,-0.577475147909019,0.816408264012226));
#2366=SURFACE_STYLE_FILL_AREA(#3168);
#2367=ORIENTED_EDGE('',*,*,#3169,.F.);
#2368=ORIENTED_EDGE('',*,*,#3167,.F.);
#2369=ORIENTED_EDGE('',*,*,#3170,.F.);
#2370=ORIENTED_EDGE('',*,*,#3171,.T.);
#2371=CARTESIAN_POINT('',(6.0,0.220498739848782,0.893554746569588));
#2372=DIRECTION('',(0.0,-0.681183350721588,-0.732112861995819));
#2373=DIRECTION('',(0.0,-0.732112861995819,0.681183350721588));
#2374=SURFACE_STYLE_FILL_AREA(#3172);
#2375=ORIENTED_EDGE('',*,*,#3173,.F.);
#2376=ORIENTED_EDGE('',*,*,#3171,.F.);
#2377=ORIENTED_EDGE('',*,*,#3174,.F.);
#2378=ORIENTED_EDGE('',*,*,#3175,.T.);
#2379=CARTESIAN_POINT('',(6.0,0.248492915149818,0.871485298235788));
#2380=DIRECTION('',(0.0,-0.548322466230556,-0.836266986689563));
#2381=DIRECTION('',(0.0,-0.836266986689563,0.548322466230556));
#2382=SURFACE_STYLE_FILL_AREA(#3176);
#2383=ORIENTED_EDGE('',*,*,#3177,.F.);
#2384=ORIENTED_EDGE('',*,*,#3175,.F.);
#2385=ORIENTED_EDGE('',*,*,#3178,.F.);
#2386=ORIENTED_EDGE('',*,*,#3179,.T.);
#2387=CARTESIAN_POINT('',(6.0,0.277061383366004,0.855414169700364));
#2388=DIRECTION('',(0.0,-0.423048095931049,-0.906107227942209));
#2389=DIRECTION('',(0.0,-0.906107227942209,0.423048095931049));
#2390=SURFACE_STYLE_FILL_AREA(#3180);
#2391=ORIENTED_EDGE('',*,*,#3181,.F.);
#2392=ORIENTED_EDGE('',*,*,#3179,.F.);
#2393=ORIENTED_EDGE('',*,*,#3182,.F.);
#2394=ORIENTED_EDGE('',*,*,#3183,.T.);
#2395=CARTESIAN_POINT('',(6.0,0.303487762531504,0.845013721646598));
#2396=DIRECTION('',(0.0,-0.295910477254784,-0.955215676928957));
#2397=DIRECTION('',(0.0,-0.955215676928957,0.295910477254784));
#2398=SURFACE_STYLE_FILL_AREA(#3184);
#2399=ORIENTED_EDGE('',*,*,#3185,.F.);
#2400=ORIENTED_EDGE('',*,*,#3183,.F.);
#2401=ORIENTED_EDGE('',*,*,#3186,.F.);
#2402=ORIENTED_EDGE('',*,*,#3187,.T.);
#2403=CARTESIAN_POINT('',(6.0,0.322749257910949,0.839954634556147));
#2404=DIRECTION('',(0.0,-0.175955899089055,-0.98439805037178));
#2405=DIRECTION('',(0.0,-0.98439805037178,0.175955899089055));
#2406=SURFACE_STYLE_FILL_AREA(#3188);
#2407=ORIENTED_EDGE('',*,*,#3189,.F.);
#2408=ORIENTED_EDGE('',*,*,#3187,.F.);
#2409=ORIENTED_EDGE('',*,*,#3190,.F.);
#2410=ORIENTED_EDGE('',*,*,#3191,.T.);
#2411=CARTESIAN_POINT('',(6.0,0.3319833099972,0.838716325959115));
#2412=DIRECTION('',(0.0,-6.12323399573677E-17,-1.0));
#2413=DIRECTION('',(0.0,-1.0,6.12323399573677E-17));
#2414=SURFACE_STYLE_FILL_AREA(#3192);
#2415=ORIENTED_EDGE('',*,*,#3193,.F.);
#2416=ORIENTED_EDGE('',*,*,#3191,.F.);
#2417=ORIENTED_EDGE('',*,*,#3194,.F.);
#2418=ORIENTED_EDGE('',*,*,#3101,.T.);
#2419=CARTESIAN_POINT('',(6.0,0.334189246709605,0.785808457014842));
#2420=DIRECTION('',(0.0,-0.999998202786145,0.00189589674827215));
#2421=DIRECTION('',(0.0,0.00189589674827215,0.999998202786145));
#2422=SURFACE_STYLE_FILL_AREA(#3195);
#2423=ORIENTED_EDGE('',*,*,#3046,.F.);
#2424=ORIENTED_EDGE('',*,*,#3051,.F.);
#2425=ORIENTED_EDGE('',*,*,#3055,.F.);
#2426=ORIENTED_EDGE('',*,*,#3059,.F.);
#2427=ORIENTED_EDGE('',*,*,#3063,.F.);
#2428=ORIENTED_EDGE('',*,*,#3067,.F.);
#2429=ORIENTED_EDGE('',*,*,#3071,.F.);
#2430=ORIENTED_EDGE('',*,*,#3075,.F.);
#2431=ORIENTED_EDGE('',*,*,#3079,.F.);
#2432=ORIENTED_EDGE('',*,*,#3083,.F.);
#2433=ORIENTED_EDGE('',*,*,#3087,.F.);
#2434=ORIENTED_EDGE('',*,*,#3091,.F.);
#2435=ORIENTED_EDGE('',*,*,#3095,.F.);
#2436=ORIENTED_EDGE('',*,*,#3098,.F.);
#2437=ORIENTED_EDGE('',*,*,#3194,.T.);
#2438=ORIENTED_EDGE('',*,*,#3190,.T.);
#2439=ORIENTED_EDGE('',*,*,#3186,.T.);
#2440=ORIENTED_EDGE('',*,*,#3182,.T.);
#2441=ORIENTED_EDGE('',*,*,#3178,.T.);
#2442=ORIENTED_EDGE('',*,*,#3174,.T.);
#2443=ORIENTED_EDGE('',*,*,#3170,.T.);
#2444=ORIENTED_EDGE('',*,*,#3166,.T.);
#2445=ORIENTED_EDGE('',*,*,#3162,.T.);
#2446=ORIENTED_EDGE('',*,*,#3158,.T.);
#2447=ORIENTED_EDGE('',*,*,#3154,.T.);
#2448=ORIENTED_EDGE('',*,*,#3150,.T.);
#2449=ORIENTED_EDGE('',*,*,#3146,.T.);
#2450=ORIENTED_EDGE('',*,*,#3142,.T.);
#2451=ORIENTED_EDGE('',*,*,#3138,.T.);
#2452=ORIENTED_EDGE('',*,*,#3134,.T.);
#2453=ORIENTED_EDGE('',*,*,#3130,.T.);
#2454=ORIENTED_EDGE('',*,*,#3126,.T.);
#2455=ORIENTED_EDGE('',*,*,#3122,.T.);
#2456=ORIENTED_EDGE('',*,*,#3118,.T.);
#2457=ORIENTED_EDGE('',*,*,#3114,.T.);
#2458=ORIENTED_EDGE('',*,*,#3110,.T.);
#2459=ORIENTED_EDGE('',*,*,#3106,.T.);
#2460=ORIENTED_EDGE('',*,*,#3102,.T.);
#2461=CARTESIAN_POINT('',(6.0,0.346915061529134,0.974141660950613));
#2462=DIRECTION('',(-1.0,0.0,0.0));
#2463=DIRECTION('',(0.0,-1.0,6.12323399573677E-17));
#2464=SURFACE_STYLE_FILL_AREA(#3196);
#2465=ORIENTED_EDGE('',*,*,#3044,.F.);
#2466=ORIENTED_EDGE('',*,*,#3097,.F.);
#2467=ORIENTED_EDGE('',*,*,#3093,.F.);
#2468=ORIENTED_EDGE('',*,*,#3089,.F.);
#2469=ORIENTED_EDGE('',*,*,#3085,.F.);
#2470=ORIENTED_EDGE('',*,*,#3081,.F.);
#2471=ORIENTED_EDGE('',*,*,#3077,.F.);
#2472=ORIENTED_EDGE('',*,*,#3073,.F.);
#2473=ORIENTED_EDGE('',*,*,#3069,.F.);
#2474=ORIENTED_EDGE('',*,*,#3065,.F.);
#2475=ORIENTED_EDGE('',*,*,#3061,.F.);
#2476=ORIENTED_EDGE('',*,*,#3057,.F.);
#2477=ORIENTED_EDGE('',*,*,#3053,.F.);
#2478=ORIENTED_EDGE('',*,*,#3049,.F.);
#2479=ORIENTED_EDGE('',*,*,#3100,.T.);
#2480=ORIENTED_EDGE('',*,*,#3105,.T.);
#2481=ORIENTED_EDGE('',*,*,#3109,.T.);
#2482=ORIENTED_EDGE('',*,*,#3113,.T.);
#2483=ORIENTED_EDGE('',*,*,#3117,.T.);
#2484=ORIENTED_EDGE('',*,*,#3121,.T.);
#2485=ORIENTED_EDGE('',*,*,#3125,.T.);
#2486=ORIENTED_EDGE('',*,*,#3129,.T.);
#2487=ORIENTED_EDGE('',*,*,#3133,.T.);
#2488=ORIENTED_EDGE('',*,*,#3137,.T.);
#2489=ORIENTED_EDGE('',*,*,#3141,.T.);
#2490=ORIENTED_EDGE('',*,*,#3145,.T.);
#2491=ORIENTED_EDGE('',*,*,#3149,.T.);
#2492=ORIENTED_EDGE('',*,*,#3153,.T.);
#2493=ORIENTED_EDGE('',*,*,#3157,.T.);
#2494=ORIENTED_EDGE('',*,*,#3161,.T.);
#2495=ORIENTED_EDGE('',*,*,#3165,.T.);
#2496=ORIENTED_EDGE('',*,*,#3169,.T.);
#2497=ORIENTED_EDGE('',*,*,#3173,.T.);
#2498=ORIENTED_EDGE('',*,*,#3177,.T.);
#2499=ORIENTED_EDGE('',*,*,#3181,.T.);
#2500=ORIENTED_EDGE('',*,*,#3185,.T.);
#2501=ORIENTED_EDGE('',*,*,#3189,.T.);
#2502=ORIENTED_EDGE('',*,*,#3193,.T.);
#2503=CARTESIAN_POINT('',(5.98319798375805,0.346915061529134,0.974141660950613));
#2504=DIRECTION('',(-1.0,0.0,0.0));
#2505=DIRECTION('',(0.0,-1.0,6.12323399573677E-17));
#2506=SURFACE_STYLE_FILL_AREA(#3197);
#2507=ORIENTED_EDGE('',*,*,#3198,.T.);
#2508=ORIENTED_EDGE('',*,*,#3199,.F.);
#2509=ORIENTED_EDGE('',*,*,#3200,.T.);
#2510=ORIENTED_EDGE('',*,*,#3201,.T.);
#2511=CARTESIAN_POINT('',(6.0,-8.40100812092081E-06,0.557406888826659));
#2512=DIRECTION('',(0.0,6.12323399573677E-17,1.0));
#2513=DIRECTION('',(0.0,1.0,-6.12323399573677E-17));
#2514=SURFACE_STYLE_FILL_AREA(#3202);
#2515=ORIENTED_EDGE('',*,*,#3203,.T.);
#2516=ORIENTED_EDGE('',*,*,#3204,.F.);
#2517=ORIENTED_EDGE('',*,*,#3205,.T.);
#2518=ORIENTED_EDGE('',*,*,#3199,.T.);
#2519=CARTESIAN_POINT('',(6.0,-0.1915833099972,0.325156986838421));
#2520=DIRECTION('',(0.0,-0.771410548394244,-0.636337776519744));
#2521=DIRECTION('',(0.0,-0.636337776519744,0.771410548394244));
#2522=SURFACE_STYLE_FILL_AREA(#3206);
#2523=ORIENTED_EDGE('',*,*,#3207,.T.);
#2524=ORIENTED_EDGE('',*,*,#3201,.F.);
#2525=ORIENTED_EDGE('',*,*,#3208,.T.);
#2526=ORIENTED_EDGE('',*,*,#3204,.T.);
#2527=CARTESIAN_POINT('',(6.0,0.191574908989079,0.325156986838421));
#2528=DIRECTION('',(-0.0,0.771424245750848,-0.636321171318175));
#2529=DIRECTION('',(0.0,-0.636321171318175,-0.771424245750848));
#2530=SURFACE_STYLE_FILL_AREA(#3209);
#2531=ORIENTED_EDGE('',*,*,#3210,.F.);
#2532=ORIENTED_EDGE('',*,*,#3211,.F.);
#2533=ORIENTED_EDGE('',*,*,#3212,.T.);
#2534=ORIENTED_EDGE('',*,*,#3213,.T.);
#2535=CARTESIAN_POINT('',(6.0,0.462875385046206,0.625801176141137));
#2536=DIRECTION('',(0.0,1.0,-6.12323399573677E-17));
#2537=DIRECTION('',(0.0,-6.12323399573677E-17,-1.0));
#2538=SURFACE_STYLE_FILL_AREA(#3214);
#2539=ORIENTED_EDGE('',*,*,#3215,.F.);
#2540=ORIENTED_EDGE('',*,*,#3213,.F.);
#2541=ORIENTED_EDGE('',*,*,#3216,.T.);
#2542=ORIENTED_EDGE('',*,*,#3217,.T.);
#2543=CARTESIAN_POINT('',(6.0,-1.6802016241634E-06,0.694195463455615));
#2544=DIRECTION('',(0.0,6.12323399573677E-17,1.0));
#2545=DIRECTION('',(0.0,1.0,-6.12323399573677E-17));
#2546=SURFACE_STYLE_FILL_AREA(#3218);
#2547=ORIENTED_EDGE('',*,*,#3219,.F.);
#2548=ORIENTED_EDGE('',*,*,#3217,.F.);
#2549=ORIENTED_EDGE('',*,*,#3220,.T.);
#2550=ORIENTED_EDGE('',*,*,#3221,.T.);
#2551=CARTESIAN_POINT('',(6.0,-0.462878745449454,0.625801176141137));
#2552=DIRECTION('',(0.0,-1.0,6.12323399573677E-17));
#2553=DIRECTION('',(0.0,6.12323399573677E-17,1.0));
#2554=SURFACE_STYLE_FILL_AREA(#3222);
#2555=ORIENTED_EDGE('',*,*,#3223,.F.);
#2556=ORIENTED_EDGE('',*,*,#3221,.F.);
#2557=ORIENTED_EDGE('',*,*,#3224,.T.);
#2558=ORIENTED_EDGE('',*,*,#3225,.T.);
#2559=CARTESIAN_POINT('',(6.0,-0.231439372724727,0.27870344441333));
#2560=DIRECTION('',(0.0,-0.769324507375015,-0.638858202070061));
#2561=DIRECTION('',(0.0,-0.638858202070061,0.769324507375015));
#2562=SURFACE_STYLE_FILL_AREA(#3226);
#2563=ORIENTED_EDGE('',*,*,#3227,.F.);
#2564=ORIENTED_EDGE('',*,*,#3225,.F.);
#2565=ORIENTED_EDGE('',*,*,#3228,.T.);
#2566=ORIENTED_EDGE('',*,*,#3211,.T.);
#2567=CARTESIAN_POINT('',(6.0,0.231437692523103,0.27870344441333));
#2568=DIRECTION('',(-0.0,0.769326786893024,-0.638855457023618));
#2569=DIRECTION('',(0.0,-0.638855457023618,-0.769326786893024));
#2570=SURFACE_STYLE_FILL_AREA(#3229);
#2571=ORIENTED_EDGE('',*,*,#3198,.F.);
#2572=ORIENTED_EDGE('',*,*,#3207,.F.);
#2573=ORIENTED_EDGE('',*,*,#3203,.F.);
#2574=ORIENTED_EDGE('',*,*,#3210,.T.);
#2575=ORIENTED_EDGE('',*,*,#3215,.T.);
#2576=ORIENTED_EDGE('',*,*,#3219,.T.);
#2577=ORIENTED_EDGE('',*,*,#3223,.T.);
#2578=ORIENTED_EDGE('',*,*,#3227,.T.);
#2579=CARTESIAN_POINT('',(5.98319798375805,-1.40814541119585E-06,0.459793750512985));
#2580=DIRECTION('',(-1.0,0.0,0.0));
#2581=DIRECTION('',(0.0,-1.0,6.12323399573677E-17));
#2582=SURFACE_STYLE_FILL_AREA(#3230);
#2583=ORIENTED_EDGE('',*,*,#3200,.F.);
#2584=ORIENTED_EDGE('',*,*,#3205,.F.);
#2585=ORIENTED_EDGE('',*,*,#3208,.F.);
#2586=ORIENTED_EDGE('',*,*,#3228,.F.);
#2587=ORIENTED_EDGE('',*,*,#3224,.F.);
#2588=ORIENTED_EDGE('',*,*,#3220,.F.);
#2589=ORIENTED_EDGE('',*,*,#3216,.F.);
#2590=ORIENTED_EDGE('',*,*,#3212,.F.);
#2591=CARTESIAN_POINT('',(6.0,-1.40814541118653E-06,0.459793750512985));
#2592=DIRECTION('',(-1.0,0.0,0.0));
#2593=DIRECTION('',(0.0,-1.0,6.12323399573677E-17));
#2594=SURFACE_STYLE_FILL_AREA(#3231);
#2595=ORIENTED_EDGE('',*,*,#3232,.F.);
#2596=ORIENTED_EDGE('',*,*,#3233,.F.);
#2597=ORIENTED_EDGE('',*,*,#3234,.F.);
#2598=ORIENTED_EDGE('',*,*,#3235,.T.);
#2599=CARTESIAN_POINT('',(6.0,0.0413307756930832,0.732900588070569));
#2600=DIRECTION('',(0.0,-6.12323399573677E-17,-1.0));
#2601=DIRECTION('',(0.0,-1.0,6.12323399573677E-17));
#2602=SURFACE_STYLE_FILL_AREA(#3236);
#2603=ORIENTED_EDGE('',*,*,#3237,.F.);
#2604=ORIENTED_EDGE('',*,*,#3235,.F.);
#2605=ORIENTED_EDGE('',*,*,#3238,.F.);
#2606=ORIENTED_EDGE('',*,*,#3239,.T.);
#2607=CARTESIAN_POINT('',(6.0,0.146579781573789,0.966379725567068));
#2608=DIRECTION('',(0.0,1.0,-6.12323399573677E-17));
#2609=DIRECTION('',(0.0,-6.12323399573677E-17,-1.0));
#2610=SURFACE_STYLE_FILL_AREA(#3240);
#2611=ORIENTED_EDGE('',*,*,#3241,.F.);
#2612=ORIENTED_EDGE('',*,*,#3239,.F.);
#2613=ORIENTED_EDGE('',*,*,#3242,.F.);
#2614=ORIENTED_EDGE('',*,*,#3243,.T.);
#2615=CARTESIAN_POINT('',(6.0,0.0413307756930832,1.19985886306357));
#2616=DIRECTION('',(0.0,6.12323399573677E-17,1.0));
#2617=DIRECTION('',(0.0,1.0,-6.12323399573677E-17));
#2618=SURFACE_STYLE_FILL_AREA(#3244);
#2619=ORIENTED_EDGE('',*,*,#3245,.F.);
#2620=ORIENTED_EDGE('',*,*,#3243,.F.);
#2621=ORIENTED_EDGE('',*,*,#3246,.F.);
#2622=ORIENTED_EDGE('',*,*,#3247,.T.);
#2623=CARTESIAN_POINT('',(6.0,-0.0639182301876225,1.14054438532624));
#2624=DIRECTION('',(0.0,-1.0,6.12323399573677E-17));
#2625=DIRECTION('',(0.0,6.12323399573677E-17,1.0));
#2626=SURFACE_STYLE_FILL_AREA(#3248);
#2627=ORIENTED_EDGE('',*,*,#3249,.F.);
#2628=ORIENTED_EDGE('',*,*,#3247,.F.);
#2629=ORIENTED_EDGE('',*,*,#3250,.F.);
#2630=ORIENTED_EDGE('',*,*,#3251,.T.);
#2631=CARTESIAN_POINT('',(6.0,-0.0217586110333239,1.08122990758891));
#2632=DIRECTION('',(0.0,-6.12323399573677E-17,-1.0));
#2633=DIRECTION('',(0.0,-1.0,6.12323399573677E-17));
#2634=SURFACE_STYLE_FILL_AREA(#3252);
#2635=ORIENTED_EDGE('',*,*,#3253,.F.);
#2636=ORIENTED_EDGE('',*,*,#3251,.F.);
#2637=ORIENTED_EDGE('',*,*,#3254,.F.);
#2638=ORIENTED_EDGE('',*,*,#3255,.T.);
#2639=CARTESIAN_POINT('',(6.0,0.0204010081209746,1.05291514981798));
#2640=DIRECTION('',(0.0,-1.0,6.12323399573677E-17));
#2641=DIRECTION('',(0.0,6.12323399573677E-17,1.0));
#2642=SURFACE_STYLE_FILL_AREA(#3256);
#2643=ORIENTED_EDGE('',*,*,#3257,.F.);
#2644=ORIENTED_EDGE('',*,*,#3255,.F.);
#2645=ORIENTED_EDGE('',*,*,#3258,.F.);
#2646=ORIENTED_EDGE('',*,*,#3259,.T.);
#2647=CARTESIAN_POINT('',(6.0,-0.0207840940912909,1.02460039204705));
#2648=DIRECTION('',(0.0,6.12323399573677E-17,1.0));
#2649=DIRECTION('',(0.0,1.0,-6.12323399573677E-17));
#2650=SURFACE_STYLE_FILL_AREA(#3260);
#2651=ORIENTED_EDGE('',*,*,#3261,.F.);
#2652=ORIENTED_EDGE('',*,*,#3259,.F.);
#2653=ORIENTED_EDGE('',*,*,#3262,.F.);
#2654=ORIENTED_EDGE('',*,*,#3263,.T.);
#2655=CARTESIAN_POINT('',(6.0,-0.0619691963035564,0.969478017362084));
#2656=DIRECTION('',(0.0,-1.0,6.12323399573677E-17));
#2657=DIRECTION('',(0.0,6.12323399573677E-17,1.0));
#2658=SURFACE_STYLE_FILL_AREA(#3264);
#2659=ORIENTED_EDGE('',*,*,#3265,.F.);
#2660=ORIENTED_EDGE('',*,*,#3263,.F.);
#2661=ORIENTED_EDGE('',*,*,#3266,.F.);
#2662=ORIENTED_EDGE('',*,*,#3267,.T.);
#2663=CARTESIAN_POINT('',(6.0,-0.0207840940912909,0.914355642677121));
#2664=DIRECTION('',(0.0,-6.12323399573677E-17,-1.0));
#2665=DIRECTION('',(0.0,-1.0,6.12323399573677E-17));
#2666=SURFACE_STYLE_FILL_AREA(#3268);
#2667=ORIENTED_EDGE('',*,*,#3269,.F.);
#2668=ORIENTED_EDGE('',*,*,#3267,.F.);
#2669=ORIENTED_EDGE('',*,*,#3270,.F.);
#2670=ORIENTED_EDGE('',*,*,#3271,.T.);
#2671=CARTESIAN_POINT('',(6.0,0.0204010081209746,0.878750490058807));
#2672=DIRECTION('',(0.0,-1.0,6.12323399573677E-17));
#2673=DIRECTION('',(0.0,6.12323399573677E-17,1.0));
#2674=SURFACE_STYLE_FILL_AREA(#3272);
#2675=ORIENTED_EDGE('',*,*,#3273,.F.);
#2676=ORIENTED_EDGE('',*,*,#3271,.F.);
#2677=ORIENTED_EDGE('',*,*,#3274,.F.);
#2678=ORIENTED_EDGE('',*,*,#3275,.T.);
#2679=CARTESIAN_POINT('',(6.0,-0.021758611033324,0.843145337440493));
#2680=DIRECTION('',(0.0,6.12323399573677E-17,1.0));
#2681=DIRECTION('',(0.0,1.0,-6.12323399573677E-17));
#2682=SURFACE_STYLE_FILL_AREA(#3276);
#2683=ORIENTED_EDGE('',*,*,#3277,.F.);
#2684=ORIENTED_EDGE('',*,*,#3275,.F.);
#2685=ORIENTED_EDGE('',*,*,#3278,.F.);
#2686=ORIENTED_EDGE('',*,*,#3233,.T.);
#2687=CARTESIAN_POINT('',(6.0,-0.0639182301876225,0.788022962755531));
#2688=DIRECTION('',(0.0,-1.0,6.12323399573677E-17));
#2689=DIRECTION('',(0.0,6.12323399573677E-17,1.0));
#2690=SURFACE_STYLE_FILL_AREA(#3279);
#2691=ORIENTED_EDGE('',*,*,#3278,.T.);
#2692=ORIENTED_EDGE('',*,*,#3274,.T.);
#2693=ORIENTED_EDGE('',*,*,#3270,.T.);
#2694=ORIENTED_EDGE('',*,*,#3266,.T.);
#2695=ORIENTED_EDGE('',*,*,#3262,.T.);
#2696=ORIENTED_EDGE('',*,*,#3258,.T.);
#2697=ORIENTED_EDGE('',*,*,#3254,.T.);
#2698=ORIENTED_EDGE('',*,*,#3250,.T.);
#2699=ORIENTED_EDGE('',*,*,#3246,.T.);
#2700=ORIENTED_EDGE('',*,*,#3242,.T.);
#2701=ORIENTED_EDGE('',*,*,#3238,.T.);
#2702=ORIENTED_EDGE('',*,*,#3234,.T.);
#2703=CARTESIAN_POINT('',(6.0,0.0354799494071275,0.966263314378417));
#2704=DIRECTION('',(-1.0,0.0,0.0));
#2705=DIRECTION('',(0.0,-1.0,6.12323399573677E-17));
#2706=SURFACE_STYLE_FILL_AREA(#3280);
#2707=ORIENTED_EDGE('',*,*,#3232,.T.);
#2708=ORIENTED_EDGE('',*,*,#3237,.T.);
#2709=ORIENTED_EDGE('',*,*,#3241,.T.);
#2710=ORIENTED_EDGE('',*,*,#3245,.T.);
#2711=ORIENTED_EDGE('',*,*,#3249,.T.);
#2712=ORIENTED_EDGE('',*,*,#3253,.T.);
#2713=ORIENTED_EDGE('',*,*,#3257,.T.);
#2714=ORIENTED_EDGE('',*,*,#3261,.T.);
#2715=ORIENTED_EDGE('',*,*,#3265,.T.);
#2716=ORIENTED_EDGE('',*,*,#3269,.T.);
#2717=ORIENTED_EDGE('',*,*,#3273,.T.);
#2718=ORIENTED_EDGE('',*,*,#3277,.T.);
#2719=CARTESIAN_POINT('',(5.98319798375805,0.0354799494071275,0.966263314378417));
#2720=DIRECTION('',(-1.0,0.0,0.0));
#2721=DIRECTION('',(0.0,-1.0,6.12323399573677E-17));
#2722=SURFACE_STYLE_FILL_AREA(#3281);
#2723=ORIENTED_EDGE('',*,*,#3282,.F.);
#2724=ORIENTED_EDGE('',*,*,#3283,.F.);
#2725=ORIENTED_EDGE('',*,*,#3284,.F.);
#2726=ORIENTED_EDGE('',*,*,#3285,.F.);
#2727=CARTESIAN_POINT('',(6.0,-0.52480761691403,1.152514141697));
#2728=DIRECTION('',(-1.0,0.0,0.0));
#2729=DIRECTION('',(0.0,-1.0,6.12323399573677E-17));
#2730=SURFACE_STYLE_FILL_AREA(#3286);
#2731=ORIENTED_EDGE('',*,*,#3287,.F.);
#2732=ORIENTED_EDGE('',*,*,#3288,.T.);
#2733=ORIENTED_EDGE('',*,*,#3289,.F.);
#2734=ORIENTED_EDGE('',*,*,#3290,.T.);
#2735=CARTESIAN_POINT('',(6.0,-0.52480761691403,1.152514141697));
#2736=DIRECTION('',(-1.0,0.0,0.0));
#2737=DIRECTION('',(0.0,-1.0,4.19754231387749E-15));
#2738=SURFACE_STYLE_FILL_AREA(#3291);
#2739=ORIENTED_EDGE('',*,*,#3287,.T.);
#2740=ORIENTED_EDGE('',*,*,#3292,.T.);
#2741=ORIENTED_EDGE('',*,*,#3289,.T.);
#2742=ORIENTED_EDGE('',*,*,#3293,.T.);
#2743=CARTESIAN_POINT('',(6.0,-0.52480761691403,1.152514141697));
#2744=DIRECTION('',(-1.0,0.0,0.0));
#2745=DIRECTION('',(0.0,-1.0,4.19754231387749E-15));
#2746=SURFACE_STYLE_FILL_AREA(#3294);
#2747=ORIENTED_EDGE('',*,*,#3282,.T.);
#2748=ORIENTED_EDGE('',*,*,#3295,.F.);
#2749=ORIENTED_EDGE('',*,*,#3284,.T.);
#2750=ORIENTED_EDGE('',*,*,#3296,.F.);
#2751=CARTESIAN_POINT('',(6.0,-0.52480761691403,1.152514141697));
#2752=DIRECTION('',(-1.0,0.0,0.0));
#2753=DIRECTION('',(0.0,-1.0,6.12323399573677E-17));
#2754=SURFACE_STYLE_FILL_AREA(#3297);
#2755=ORIENTED_EDGE('',*,*,#3288,.F.);
#2756=ORIENTED_EDGE('',*,*,#3293,.F.);
#2757=ORIENTED_EDGE('',*,*,#3285,.T.);
#2758=ORIENTED_EDGE('',*,*,#3295,.T.);
#2759=CARTESIAN_POINT('',(6.0,-0.52480761691403,1.152514141697));
#2760=DIRECTION('',(-1.0,0.0,0.0));
#2761=DIRECTION('',(0.0,-1.0,6.12323399573677E-17));
#2762=SURFACE_STYLE_FILL_AREA(#3298);
#2763=ORIENTED_EDGE('',*,*,#3290,.F.);
#2764=ORIENTED_EDGE('',*,*,#3292,.F.);
#2765=ORIENTED_EDGE('',*,*,#3283,.T.);
#2766=ORIENTED_EDGE('',*,*,#3296,.T.);
#2767=CARTESIAN_POINT('',(5.98319798375805,-0.52480761691403,1.152514141697));
#2768=DIRECTION('',(-1.0,0.0,0.0));
#2769=DIRECTION('',(0.0,-1.0,6.12323399573677E-17));
#2770=SURFACE_STYLE_FILL_AREA(#3299);
#2771=FILL_AREA_STYLE('',(#3300));
#2772=EDGE_CURVE('',#3301,#3302,#3303,.T.);
#2773=EDGE_CURVE('',#3301,#3304,#3305,.T.);
#2774=EDGE_CURVE('',#3304,#3306,#3307,.T.);
#2775=EDGE_CURVE('',#3306,#3302,#3308,.T.);
#2776=FILL_AREA_STYLE('',(#3309));
#2777=EDGE_CURVE('',#3310,#3311,#3312,.T.);
#2778=EDGE_CURVE('',#3310,#3313,#3314,.T.);
#2779=EDGE_CURVE('',#3313,#3315,#3316,.T.);
#2780=EDGE_CURVE('',#3315,#3311,#3317,.T.);
#2781=FILL_AREA_STYLE('',(#3318));
#2782=EDGE_CURVE('',#3311,#3310,#3319,.T.);
#2783=EDGE_CURVE('',#3315,#3313,#3320,.T.);
#2784=FILL_AREA_STYLE('',(#3321));
#2785=EDGE_CURVE('',#3302,#3301,#3322,.T.);
#2786=EDGE_CURVE('',#3306,#3304,#3323,.T.);
#2787=FILL_AREA_STYLE('',(#3324));
#2788=EDGE_CURVE('',#3325,#3301,#3326,.T.);
#2789=EDGE_CURVE('',#3327,#3325,#3328,.T.);
#2790=EDGE_CURVE('',#3302,#3327,#3329,.T.);
#2791=FILL_AREA_STYLE('',(#3330));
#2792=EDGE_CURVE('',#3331,#3332,#3333,.T.);
#2793=EDGE_CURVE('',#3331,#3334,#3335,.T.);
#2794=EDGE_CURVE('',#3336,#3334,#3337,.T.);
#2795=EDGE_CURVE('',#3336,#3332,#3338,.T.);
#2796=FILL_AREA_STYLE('',(#3339));
#2797=EDGE_CURVE('',#3340,#3341,#3342,.T.);
#2798=EDGE_CURVE('',#3340,#3343,#3344,.T.);
#2799=EDGE_CURVE('',#3345,#3343,#3346,.T.);
#2800=EDGE_CURVE('',#3341,#3345,#3347,.T.);
#2801=FILL_AREA_STYLE('',(#3348));
#2802=EDGE_CURVE('',#3341,#3349,#3350,.T.);
#2803=EDGE_CURVE('',#3351,#3345,#3352,.T.);
#2804=EDGE_CURVE('',#3351,#3349,#3353,.T.);
#2805=FILL_AREA_STYLE('',(#3354));
#2806=EDGE_CURVE('',#3313,#3351,#3355,.T.);
#2807=EDGE_CURVE('',#3349,#3315,#3356,.T.);
#2808=FILL_AREA_STYLE('',(#3357));
#2809=EDGE_CURVE('',#3358,#3310,#3359,.T.);
#2810=EDGE_CURVE('',#3360,#3358,#3361,.T.);
#2811=EDGE_CURVE('',#3311,#3360,#3362,.T.);
#2812=FILL_AREA_STYLE('',(#3363));
#2813=EDGE_CURVE('',#3334,#3358,#3364,.T.);
#2814=EDGE_CURVE('',#3360,#3331,#3365,.T.);
#2815=FILL_AREA_STYLE('',(#3366));
#2816=EDGE_CURVE('',#3367,#3368,#3369,.T.);
#2817=EDGE_CURVE('',#3370,#3367,#3371,.T.);
#2818=EDGE_CURVE('',#3368,#3370,#3372,.T.);
#2819=FILL_AREA_STYLE('',(#3373));
#2820=EDGE_CURVE('',#3374,#3375,#3376,.T.);
#2821=EDGE_CURVE('',#3377,#3374,#3378,.T.);
#2822=EDGE_CURVE('',#3379,#3377,#3380,.T.);
#2823=EDGE_CURVE('',#3375,#3379,#3381,.T.);
#2824=FILL_AREA_STYLE('',(#3382));
#2825=EDGE_CURVE('',#3379,#3375,#3383,.T.);
#2826=EDGE_CURVE('',#3374,#3377,#3384,.T.);
#2827=FILL_AREA_STYLE('',(#3385));
#2828=EDGE_CURVE('',#3332,#3336,#3386,.T.);
#2829=FILL_AREA_STYLE('',(#3387));
#2830=EDGE_CURVE('',#3370,#3368,#3388,.T.);
#2831=FILL_AREA_STYLE('',(#3389));
#2832=EDGE_CURVE('',#3358,#3360,#3390,.T.);
#2833=EDGE_CURVE('',#3334,#3331,#3391,.T.);
#2834=FILL_AREA_STYLE('',(#3392));
#2835=FILL_AREA_STYLE('',(#3393));
#2836=EDGE_CURVE('',#3349,#3351,#3394,.T.);
#2837=FILL_AREA_STYLE('',(#3395));
#2838=EDGE_CURVE('',#3345,#3341,#3396,.T.);
#2839=FILL_AREA_STYLE('',(#3397));
#2840=EDGE_CURVE('',#3343,#3340,#3398,.T.);
#2841=FILL_AREA_STYLE('',(#3399));
#2842=FILL_AREA_STYLE('',(#3400));
#2843=FILL_AREA_STYLE('',(#3401));
#2844=FILL_AREA_STYLE('',(#3402));
#2845=EDGE_CURVE('',#3325,#3327,#3403,.T.);
#2846=FILL_AREA_STYLE('',(#3404));
#2847=FILL_AREA_STYLE('',(#3405));
#2848=EDGE_CURVE('',#3406,#3407,#3408,.T.);
#2849=EDGE_CURVE('',#3409,#3407,#3410,.T.);
#2850=EDGE_CURVE('',#3409,#3411,#3412,.T.);
#2851=EDGE_CURVE('',#3411,#3406,#3413,.T.);
#2852=FILL_AREA_STYLE('',(#3414));
#2853=EDGE_CURVE('',#3407,#3415,#3416,.T.);
#2854=EDGE_CURVE('',#3417,#3415,#3418,.T.);
#2855=EDGE_CURVE('',#3417,#3409,#3419,.T.);
#2856=FILL_AREA_STYLE('',(#3420));
#2857=EDGE_CURVE('',#3415,#3421,#3422,.T.);
#2858=EDGE_CURVE('',#3423,#3421,#3424,.T.);
#2859=EDGE_CURVE('',#3423,#3417,#3425,.T.);
#2860=FILL_AREA_STYLE('',(#3426));
#2861=EDGE_CURVE('',#3421,#3427,#3428,.T.);
#2862=EDGE_CURVE('',#3429,#3427,#3430,.T.);
#2863=EDGE_CURVE('',#3429,#3423,#3431,.T.);
#2864=FILL_AREA_STYLE('',(#3432));
#2865=EDGE_CURVE('',#3427,#3433,#3434,.T.);
#2866=EDGE_CURVE('',#3435,#3433,#3436,.T.);
#2867=EDGE_CURVE('',#3435,#3429,#3437,.T.);
#2868=FILL_AREA_STYLE('',(#3438));
#2869=EDGE_CURVE('',#3433,#3439,#3440,.T.);
#2870=EDGE_CURVE('',#3441,#3439,#3442,.T.);
#2871=EDGE_CURVE('',#3441,#3435,#3443,.T.);
#2872=FILL_AREA_STYLE('',(#3444));
#2873=EDGE_CURVE('',#3439,#3445,#3446,.T.);
#2874=EDGE_CURVE('',#3447,#3445,#3448,.T.);
#2875=EDGE_CURVE('',#3447,#3441,#3449,.T.);
#2876=FILL_AREA_STYLE('',(#3450));
#2877=EDGE_CURVE('',#3445,#3451,#3452,.T.);
#2878=EDGE_CURVE('',#3453,#3451,#3454,.T.);
#2879=EDGE_CURVE('',#3453,#3447,#3455,.T.);
#2880=FILL_AREA_STYLE('',(#3456));
#2881=EDGE_CURVE('',#3451,#3406,#3457,.T.);
#2882=EDGE_CURVE('',#3411,#3453,#3458,.T.);
#2883=FILL_AREA_STYLE('',(#3459));
#2884=EDGE_CURVE('',#3460,#3461,#3462,.T.);
#2885=EDGE_CURVE('',#3463,#3460,#3464,.T.);
#2886=EDGE_CURVE('',#3465,#3463,#3466,.T.);
#2887=EDGE_CURVE('',#3465,#3461,#3467,.T.);
#2888=FILL_AREA_STYLE('',(#3468));
#2889=EDGE_CURVE('',#3461,#3469,#3470,.T.);
#2890=EDGE_CURVE('',#3471,#3465,#3472,.T.);
#2891=EDGE_CURVE('',#3471,#3469,#3473,.T.);
#2892=FILL_AREA_STYLE('',(#3474));
#2893=EDGE_CURVE('',#3469,#3475,#3476,.T.);
#2894=EDGE_CURVE('',#3477,#3471,#3478,.T.);
#2895=EDGE_CURVE('',#3477,#3475,#3479,.T.);
#2896=FILL_AREA_STYLE('',(#3480));
#2897=EDGE_CURVE('',#3475,#3481,#3482,.T.);
#2898=EDGE_CURVE('',#3483,#3477,#3484,.T.);
#2899=EDGE_CURVE('',#3483,#3481,#3485,.T.);
#2900=FILL_AREA_STYLE('',(#3486));
#2901=EDGE_CURVE('',#3481,#3487,#3488,.T.);
#2902=EDGE_CURVE('',#3489,#3483,#3490,.T.);
#2903=EDGE_CURVE('',#3489,#3487,#3491,.T.);
#2904=FILL_AREA_STYLE('',(#3492));
#2905=EDGE_CURVE('',#3487,#3493,#3494,.T.);
#2906=EDGE_CURVE('',#3495,#3489,#3496,.T.);
#2907=EDGE_CURVE('',#3495,#3493,#3497,.T.);
#2908=FILL_AREA_STYLE('',(#3498));
#2909=EDGE_CURVE('',#3493,#3499,#3500,.T.);
#2910=EDGE_CURVE('',#3501,#3495,#3502,.T.);
#2911=EDGE_CURVE('',#3501,#3499,#3503,.T.);
#2912=FILL_AREA_STYLE('',(#3504));
#2913=EDGE_CURVE('',#3499,#3505,#3506,.T.);
#2914=EDGE_CURVE('',#3507,#3501,#3508,.T.);
#2915=EDGE_CURVE('',#3507,#3505,#3509,.T.);
#2916=FILL_AREA_STYLE('',(#3510));
#2917=EDGE_CURVE('',#3505,#3511,#3512,.T.);
#2918=EDGE_CURVE('',#3513,#3507,#3514,.T.);
#2919=EDGE_CURVE('',#3513,#3511,#3515,.T.);
#2920=FILL_AREA_STYLE('',(#3516));
#2921=EDGE_CURVE('',#3511,#3517,#3518,.T.);
#2922=EDGE_CURVE('',#3519,#3513,#3520,.T.);
#2923=EDGE_CURVE('',#3519,#3517,#3521,.T.);
#2924=FILL_AREA_STYLE('',(#3522));
#2925=EDGE_CURVE('',#3517,#3523,#3524,.T.);
#2926=EDGE_CURVE('',#3525,#3519,#3526,.T.);
#2927=EDGE_CURVE('',#3525,#3523,#3527,.T.);
#2928=FILL_AREA_STYLE('',(#3528));
#2929=EDGE_CURVE('',#3523,#3529,#3530,.T.);
#2930=EDGE_CURVE('',#3531,#3525,#3532,.T.);
#2931=EDGE_CURVE('',#3531,#3529,#3533,.T.);
#2932=FILL_AREA_STYLE('',(#3534));
#2933=EDGE_CURVE('',#3529,#3535,#3536,.T.);
#2934=EDGE_CURVE('',#3537,#3531,#3538,.T.);
#2935=EDGE_CURVE('',#3537,#3535,#3539,.T.);
#2936=FILL_AREA_STYLE('',(#3540));
#2937=EDGE_CURVE('',#3535,#3541,#3542,.T.);
#2938=EDGE_CURVE('',#3543,#3537,#3544,.T.);
#2939=EDGE_CURVE('',#3543,#3541,#3545,.T.);
#2940=FILL_AREA_STYLE('',(#3546));
#2941=EDGE_CURVE('',#3541,#3547,#3548,.T.);
#2942=EDGE_CURVE('',#3549,#3543,#3550,.T.);
#2943=EDGE_CURVE('',#3549,#3547,#3551,.T.);
#2944=FILL_AREA_STYLE('',(#3552));
#2945=EDGE_CURVE('',#3547,#3553,#3554,.T.);
#2946=EDGE_CURVE('',#3555,#3549,#3556,.T.);
#2947=EDGE_CURVE('',#3555,#3553,#3557,.T.);
#2948=FILL_AREA_STYLE('',(#3558));
#2949=EDGE_CURVE('',#3553,#3559,#3560,.T.);
#2950=EDGE_CURVE('',#3561,#3555,#3562,.T.);
#2951=EDGE_CURVE('',#3561,#3559,#3563,.T.);
#2952=FILL_AREA_STYLE('',(#3564));
#2953=EDGE_CURVE('',#3559,#3565,#3566,.T.);
#2954=EDGE_CURVE('',#3567,#3561,#3568,.T.);
#2955=EDGE_CURVE('',#3567,#3565,#3569,.T.);
#2956=FILL_AREA_STYLE('',(#3570));
#2957=EDGE_CURVE('',#3565,#3571,#3572,.T.);
#2958=EDGE_CURVE('',#3573,#3567,#3574,.T.);
#2959=EDGE_CURVE('',#3573,#3571,#3575,.T.);
#2960=FILL_AREA_STYLE('',(#3576));
#2961=EDGE_CURVE('',#3571,#3577,#3578,.T.);
#2962=EDGE_CURVE('',#3579,#3573,#3580,.T.);
#2963=EDGE_CURVE('',#3579,#3577,#3581,.T.);
#2964=FILL_AREA_STYLE('',(#3582));
#2965=EDGE_CURVE('',#3577,#3583,#3584,.T.);
#2966=EDGE_CURVE('',#3585,#3579,#3586,.T.);
#2967=EDGE_CURVE('',#3585,#3583,#3587,.T.);
#2968=FILL_AREA_STYLE('',(#3588));
#2969=EDGE_CURVE('',#3583,#3589,#3590,.T.);
#2970=EDGE_CURVE('',#3591,#3585,#3592,.T.);
#2971=EDGE_CURVE('',#3591,#3589,#3593,.T.);
#2972=FILL_AREA_STYLE('',(#3594));
#2973=EDGE_CURVE('',#3589,#3595,#3596,.T.);
#2974=EDGE_CURVE('',#3597,#3591,#3598,.T.);
#2975=EDGE_CURVE('',#3597,#3595,#3599,.T.);
#2976=FILL_AREA_STYLE('',(#3600));
#2977=EDGE_CURVE('',#3595,#3601,#3602,.T.);
#2978=EDGE_CURVE('',#3603,#3597,#3604,.T.);
#2979=EDGE_CURVE('',#3603,#3601,#3605,.T.);
#2980=FILL_AREA_STYLE('',(#3606));
#2981=EDGE_CURVE('',#3601,#3607,#3608,.T.);
#2982=EDGE_CURVE('',#3609,#3603,#3610,.T.);
#2983=EDGE_CURVE('',#3609,#3607,#3611,.T.);
#2984=FILL_AREA_STYLE('',(#3612));
#2985=EDGE_CURVE('',#3607,#3613,#3614,.T.);
#2986=EDGE_CURVE('',#3615,#3609,#3616,.T.);
#2987=EDGE_CURVE('',#3615,#3613,#3617,.T.);
#2988=FILL_AREA_STYLE('',(#3618));
#2989=EDGE_CURVE('',#3613,#3460,#3619,.T.);
#2990=EDGE_CURVE('',#3463,#3615,#3620,.T.);
#2991=FILL_AREA_STYLE('',(#3621));
#2992=FILL_AREA_STYLE('',(#3622));
#2993=FILL_AREA_STYLE('',(#3623));
#2994=EDGE_CURVE('',#3624,#3625,#3626,.T.);
#2995=EDGE_CURVE('',#3627,#3624,#3628,.T.);
#2996=EDGE_CURVE('',#3627,#3629,#3630,.T.);
#2997=EDGE_CURVE('',#3629,#3625,#3631,.T.);
#2998=FILL_AREA_STYLE('',(#3632));
#2999=EDGE_CURVE('',#3625,#3633,#3634,.T.);
#3000=EDGE_CURVE('',#3629,#3635,#3636,.T.);
#3001=EDGE_CURVE('',#3635,#3633,#3637,.T.);
#3002=FILL_AREA_STYLE('',(#3638));
#3003=EDGE_CURVE('',#3633,#3639,#3640,.T.);
#3004=EDGE_CURVE('',#3635,#3641,#3642,.T.);
#3005=EDGE_CURVE('',#3641,#3639,#3643,.T.);
#3006=FILL_AREA_STYLE('',(#3644));
#3007=EDGE_CURVE('',#3639,#3645,#3646,.T.);
#3008=EDGE_CURVE('',#3641,#3647,#3648,.T.);
#3009=EDGE_CURVE('',#3647,#3645,#3649,.T.);
#3010=FILL_AREA_STYLE('',(#3650));
#3011=EDGE_CURVE('',#3645,#3651,#3652,.T.);
#3012=EDGE_CURVE('',#3647,#3653,#3654,.T.);
#3013=EDGE_CURVE('',#3653,#3651,#3655,.T.);
#3014=FILL_AREA_STYLE('',(#3656));
#3015=EDGE_CURVE('',#3651,#3657,#3658,.T.);
#3016=EDGE_CURVE('',#3653,#3659,#3660,.T.);
#3017=EDGE_CURVE('',#3659,#3657,#3661,.T.);
#3018=FILL_AREA_STYLE('',(#3662));
#3019=EDGE_CURVE('',#3657,#3663,#3664,.T.);
#3020=EDGE_CURVE('',#3659,#3665,#3666,.T.);
#3021=EDGE_CURVE('',#3665,#3663,#3667,.T.);
#3022=FILL_AREA_STYLE('',(#3668));
#3023=EDGE_CURVE('',#3663,#3669,#3670,.T.);
#3024=EDGE_CURVE('',#3665,#3671,#3672,.T.);
#3025=EDGE_CURVE('',#3671,#3669,#3673,.T.);
#3026=FILL_AREA_STYLE('',(#3674));
#3027=EDGE_CURVE('',#3669,#3675,#3676,.T.);
#3028=EDGE_CURVE('',#3671,#3677,#3678,.T.);
#3029=EDGE_CURVE('',#3677,#3675,#3679,.T.);
#3030=FILL_AREA_STYLE('',(#3680));
#3031=EDGE_CURVE('',#3675,#3681,#3682,.T.);
#3032=EDGE_CURVE('',#3677,#3683,#3684,.T.);
#3033=EDGE_CURVE('',#3683,#3681,#3685,.T.);
#3034=FILL_AREA_STYLE('',(#3686));
#3035=EDGE_CURVE('',#3681,#3687,#3688,.T.);
#3036=EDGE_CURVE('',#3683,#3689,#3690,.T.);
#3037=EDGE_CURVE('',#3689,#3687,#3691,.T.);
#3038=FILL_AREA_STYLE('',(#3692));
#3039=EDGE_CURVE('',#3687,#3624,#3693,.T.);
#3040=EDGE_CURVE('',#3689,#3627,#3694,.T.);
#3041=FILL_AREA_STYLE('',(#3695));
#3042=FILL_AREA_STYLE('',(#3696));
#3043=FILL_AREA_STYLE('',(#3697));
#3044=EDGE_CURVE('',#3698,#3699,#3700,.T.);
#3045=EDGE_CURVE('',#3701,#3699,#3702,.T.);
#3046=EDGE_CURVE('',#3701,#3703,#3704,.T.);
#3047=EDGE_CURVE('',#3703,#3698,#3705,.T.);
#3048=FILL_AREA_STYLE('',(#3706));
#3049=EDGE_CURVE('',#3699,#3707,#3708,.T.);
#3050=EDGE_CURVE('',#3709,#3707,#3710,.T.);
#3051=EDGE_CURVE('',#3709,#3701,#3711,.T.);
#3052=FILL_AREA_STYLE('',(#3712));
#3053=EDGE_CURVE('',#3707,#3713,#3714,.T.);
#3054=EDGE_CURVE('',#3715,#3713,#3716,.T.);
#3055=EDGE_CURVE('',#3715,#3709,#3717,.T.);
#3056=FILL_AREA_STYLE('',(#3718));
#3057=EDGE_CURVE('',#3713,#3719,#3720,.T.);
#3058=EDGE_CURVE('',#3721,#3719,#3722,.T.);
#3059=EDGE_CURVE('',#3721,#3715,#3723,.T.);
#3060=FILL_AREA_STYLE('',(#3724));
#3061=EDGE_CURVE('',#3719,#3725,#3726,.T.);
#3062=EDGE_CURVE('',#3727,#3725,#3728,.T.);
#3063=EDGE_CURVE('',#3727,#3721,#3729,.T.);
#3064=FILL_AREA_STYLE('',(#3730));
#3065=EDGE_CURVE('',#3725,#3731,#3732,.T.);
#3066=EDGE_CURVE('',#3733,#3731,#3734,.T.);
#3067=EDGE_CURVE('',#3733,#3727,#3735,.T.);
#3068=FILL_AREA_STYLE('',(#3736));
#3069=EDGE_CURVE('',#3731,#3737,#3738,.T.);
#3070=EDGE_CURVE('',#3739,#3737,#3740,.T.);
#3071=EDGE_CURVE('',#3739,#3733,#3741,.T.);
#3072=FILL_AREA_STYLE('',(#3742));
#3073=EDGE_CURVE('',#3737,#3743,#3744,.T.);
#3074=EDGE_CURVE('',#3745,#3743,#3746,.T.);
#3075=EDGE_CURVE('',#3745,#3739,#3747,.T.);
#3076=FILL_AREA_STYLE('',(#3748));
#3077=EDGE_CURVE('',#3743,#3749,#3750,.T.);
#3078=EDGE_CURVE('',#3751,#3749,#3752,.T.);
#3079=EDGE_CURVE('',#3751,#3745,#3753,.T.);
#3080=FILL_AREA_STYLE('',(#3754));
#3081=EDGE_CURVE('',#3749,#3755,#3756,.T.);
#3082=EDGE_CURVE('',#3757,#3755,#3758,.T.);
#3083=EDGE_CURVE('',#3757,#3751,#3759,.T.);
#3084=FILL_AREA_STYLE('',(#3760));
#3085=EDGE_CURVE('',#3755,#3761,#3762,.T.);
#3086=EDGE_CURVE('',#3763,#3761,#3764,.T.);
#3087=EDGE_CURVE('',#3763,#3757,#3765,.T.);
#3088=FILL_AREA_STYLE('',(#3766));
#3089=EDGE_CURVE('',#3761,#3767,#3768,.T.);
#3090=EDGE_CURVE('',#3769,#3767,#3770,.T.);
#3091=EDGE_CURVE('',#3769,#3763,#3771,.T.);
#3092=FILL_AREA_STYLE('',(#3772));
#3093=EDGE_CURVE('',#3767,#3773,#3774,.T.);
#3094=EDGE_CURVE('',#3775,#3773,#3776,.T.);
#3095=EDGE_CURVE('',#3775,#3769,#3777,.T.);
#3096=FILL_AREA_STYLE('',(#3778));
#3097=EDGE_CURVE('',#3773,#3698,#3779,.T.);
#3098=EDGE_CURVE('',#3703,#3775,#3780,.T.);
#3099=FILL_AREA_STYLE('',(#3781));
#3100=EDGE_CURVE('',#3782,#3783,#3784,.T.);
#3101=EDGE_CURVE('',#3785,#3782,#3786,.T.);
#3102=EDGE_CURVE('',#3787,#3785,#3788,.T.);
#3103=EDGE_CURVE('',#3787,#3783,#3789,.T.);
#3104=FILL_AREA_STYLE('',(#3790));
#3105=EDGE_CURVE('',#3783,#3791,#3792,.T.);
#3106=EDGE_CURVE('',#3793,#3787,#3794,.T.);
#3107=EDGE_CURVE('',#3793,#3791,#3795,.T.);
#3108=FILL_AREA_STYLE('',(#3796));
#3109=EDGE_CURVE('',#3791,#3797,#3798,.T.);
#3110=EDGE_CURVE('',#3799,#3793,#3800,.T.);
#3111=EDGE_CURVE('',#3799,#3797,#3801,.T.);
#3112=FILL_AREA_STYLE('',(#3802));
#3113=EDGE_CURVE('',#3797,#3803,#3804,.T.);
#3114=EDGE_CURVE('',#3805,#3799,#3806,.T.);
#3115=EDGE_CURVE('',#3805,#3803,#3807,.T.);
#3116=FILL_AREA_STYLE('',(#3808));
#3117=EDGE_CURVE('',#3803,#3809,#3810,.T.);
#3118=EDGE_CURVE('',#3811,#3805,#3812,.T.);
#3119=EDGE_CURVE('',#3811,#3809,#3813,.T.);
#3120=FILL_AREA_STYLE('',(#3814));
#3121=EDGE_CURVE('',#3809,#3815,#3816,.T.);
#3122=EDGE_CURVE('',#3817,#3811,#3818,.T.);
#3123=EDGE_CURVE('',#3817,#3815,#3819,.T.);
#3124=FILL_AREA_STYLE('',(#3820));
#3125=EDGE_CURVE('',#3815,#3821,#3822,.T.);
#3126=EDGE_CURVE('',#3823,#3817,#3824,.T.);
#3127=EDGE_CURVE('',#3823,#3821,#3825,.T.);
#3128=FILL_AREA_STYLE('',(#3826));
#3129=EDGE_CURVE('',#3821,#3827,#3828,.T.);
#3130=EDGE_CURVE('',#3829,#3823,#3830,.T.);
#3131=EDGE_CURVE('',#3829,#3827,#3831,.T.);
#3132=FILL_AREA_STYLE('',(#3832));
#3133=EDGE_CURVE('',#3827,#3833,#3834,.T.);
#3134=EDGE_CURVE('',#3835,#3829,#3836,.T.);
#3135=EDGE_CURVE('',#3835,#3833,#3837,.T.);
#3136=FILL_AREA_STYLE('',(#3838));
#3137=EDGE_CURVE('',#3833,#3839,#3840,.T.);
#3138=EDGE_CURVE('',#3841,#3835,#3842,.T.);
#3139=EDGE_CURVE('',#3841,#3839,#3843,.T.);
#3140=FILL_AREA_STYLE('',(#3844));
#3141=EDGE_CURVE('',#3839,#3845,#3846,.T.);
#3142=EDGE_CURVE('',#3847,#3841,#3848,.T.);
#3143=EDGE_CURVE('',#3847,#3845,#3849,.T.);
#3144=FILL_AREA_STYLE('',(#3850));
#3145=EDGE_CURVE('',#3845,#3851,#3852,.T.);
#3146=EDGE_CURVE('',#3853,#3847,#3854,.T.);
#3147=EDGE_CURVE('',#3853,#3851,#3855,.T.);
#3148=FILL_AREA_STYLE('',(#3856));
#3149=EDGE_CURVE('',#3851,#3857,#3858,.T.);
#3150=EDGE_CURVE('',#3859,#3853,#3860,.T.);
#3151=EDGE_CURVE('',#3859,#3857,#3861,.T.);
#3152=FILL_AREA_STYLE('',(#3862));
#3153=EDGE_CURVE('',#3857,#3863,#3864,.T.);
#3154=EDGE_CURVE('',#3865,#3859,#3866,.T.);
#3155=EDGE_CURVE('',#3865,#3863,#3867,.T.);
#3156=FILL_AREA_STYLE('',(#3868));
#3157=EDGE_CURVE('',#3863,#3869,#3870,.T.);
#3158=EDGE_CURVE('',#3871,#3865,#3872,.T.);
#3159=EDGE_CURVE('',#3871,#3869,#3873,.T.);
#3160=FILL_AREA_STYLE('',(#3874));
#3161=EDGE_CURVE('',#3869,#3875,#3876,.T.);
#3162=EDGE_CURVE('',#3877,#3871,#3878,.T.);
#3163=EDGE_CURVE('',#3877,#3875,#3879,.T.);
#3164=FILL_AREA_STYLE('',(#3880));
#3165=EDGE_CURVE('',#3875,#3881,#3882,.T.);
#3166=EDGE_CURVE('',#3883,#3877,#3884,.T.);
#3167=EDGE_CURVE('',#3883,#3881,#3885,.T.);
#3168=FILL_AREA_STYLE('',(#3886));
#3169=EDGE_CURVE('',#3881,#3887,#3888,.T.);
#3170=EDGE_CURVE('',#3889,#3883,#3890,.T.);
#3171=EDGE_CURVE('',#3889,#3887,#3891,.T.);
#3172=FILL_AREA_STYLE('',(#3892));
#3173=EDGE_CURVE('',#3887,#3893,#3894,.T.);
#3174=EDGE_CURVE('',#3895,#3889,#3896,.T.);
#3175=EDGE_CURVE('',#3895,#3893,#3897,.T.);
#3176=FILL_AREA_STYLE('',(#3898));
#3177=EDGE_CURVE('',#3893,#3899,#3900,.T.);
#3178=EDGE_CURVE('',#3901,#3895,#3902,.T.);
#3179=EDGE_CURVE('',#3901,#3899,#3903,.T.);
#3180=FILL_AREA_STYLE('',(#3904));
#3181=EDGE_CURVE('',#3899,#3905,#3906,.T.);
#3182=EDGE_CURVE('',#3907,#3901,#3908,.T.);
#3183=EDGE_CURVE('',#3907,#3905,#3909,.T.);
#3184=FILL_AREA_STYLE('',(#3910));
#3185=EDGE_CURVE('',#3905,#3911,#3912,.T.);
#3186=EDGE_CURVE('',#3913,#3907,#3914,.T.);
#3187=EDGE_CURVE('',#3913,#3911,#3915,.T.);
#3188=FILL_AREA_STYLE('',(#3916));
#3189=EDGE_CURVE('',#3911,#3917,#3918,.T.);
#3190=EDGE_CURVE('',#3919,#3913,#3920,.T.);
#3191=EDGE_CURVE('',#3919,#3917,#3921,.T.);
#3192=FILL_AREA_STYLE('',(#3922));
#3193=EDGE_CURVE('',#3917,#3782,#3923,.T.);
#3194=EDGE_CURVE('',#3785,#3919,#3924,.T.);
#3195=FILL_AREA_STYLE('',(#3925));
#3196=FILL_AREA_STYLE('',(#3926));
#3197=FILL_AREA_STYLE('',(#3927));
#3198=EDGE_CURVE('',#3928,#3929,#3930,.T.);
#3199=EDGE_CURVE('',#3931,#3929,#3932,.T.);
#3200=EDGE_CURVE('',#3931,#3933,#3934,.T.);
#3201=EDGE_CURVE('',#3933,#3928,#3935,.T.);
#3202=FILL_AREA_STYLE('',(#3936));
#3203=EDGE_CURVE('',#3929,#3937,#3938,.T.);
#3204=EDGE_CURVE('',#3939,#3937,#3940,.T.);
#3205=EDGE_CURVE('',#3939,#3931,#3941,.T.);
#3206=FILL_AREA_STYLE('',(#3942));
#3207=EDGE_CURVE('',#3937,#3928,#3943,.T.);
#3208=EDGE_CURVE('',#3933,#3939,#3944,.T.);
#3209=FILL_AREA_STYLE('',(#3945));
#3210=EDGE_CURVE('',#3946,#3947,#3948,.T.);
#3211=EDGE_CURVE('',#3949,#3946,#3950,.T.);
#3212=EDGE_CURVE('',#3949,#3951,#3952,.T.);
#3213=EDGE_CURVE('',#3951,#3947,#3953,.T.);
#3214=FILL_AREA_STYLE('',(#3954));
#3215=EDGE_CURVE('',#3947,#3955,#3956,.T.);
#3216=EDGE_CURVE('',#3951,#3957,#3958,.T.);
#3217=EDGE_CURVE('',#3957,#3955,#3959,.T.);
#3218=FILL_AREA_STYLE('',(#3960));
#3219=EDGE_CURVE('',#3955,#3961,#3962,.T.);
#3220=EDGE_CURVE('',#3957,#3963,#3964,.T.);
#3221=EDGE_CURVE('',#3963,#3961,#3965,.T.);
#3222=FILL_AREA_STYLE('',(#3966));
#3223=EDGE_CURVE('',#3961,#3967,#3968,.T.);
#3224=EDGE_CURVE('',#3963,#3969,#3970,.T.);
#3225=EDGE_CURVE('',#3969,#3967,#3971,.T.);
#3226=FILL_AREA_STYLE('',(#3972));
#3227=EDGE_CURVE('',#3967,#3946,#3973,.T.);
#3228=EDGE_CURVE('',#3969,#3949,#3974,.T.);
#3229=FILL_AREA_STYLE('',(#3975));
#3230=FILL_AREA_STYLE('',(#3976));
#3231=FILL_AREA_STYLE('',(#3977));
#3232=EDGE_CURVE('',#3978,#3979,#3980,.T.);
#3233=EDGE_CURVE('',#3981,#3978,#3982,.T.);
#3234=EDGE_CURVE('',#3983,#3981,#3984,.T.);
#3235=EDGE_CURVE('',#3983,#3979,#3985,.T.);
#3236=FILL_AREA_STYLE('',(#3986));
#3237=EDGE_CURVE('',#3979,#3987,#3988,.T.);
#3238=EDGE_CURVE('',#3989,#3983,#3990,.T.);
#3239=EDGE_CURVE('',#3989,#3987,#3991,.T.);
#3240=FILL_AREA_STYLE('',(#3992));
#3241=EDGE_CURVE('',#3987,#3993,#3994,.T.);
#3242=EDGE_CURVE('',#3995,#3989,#3996,.T.);
#3243=EDGE_CURVE('',#3995,#3993,#3997,.T.);
#3244=FILL_AREA_STYLE('',(#3998));
#3245=EDGE_CURVE('',#3993,#3999,#4000,.T.);
#3246=EDGE_CURVE('',#4001,#3995,#4002,.T.);
#3247=EDGE_CURVE('',#4001,#3999,#4003,.T.);
#3248=FILL_AREA_STYLE('',(#4004));
#3249=EDGE_CURVE('',#3999,#4005,#4006,.T.);
#3250=EDGE_CURVE('',#4007,#4001,#4008,.T.);
#3251=EDGE_CURVE('',#4007,#4005,#4009,.T.);
#3252=FILL_AREA_STYLE('',(#4010));
#3253=EDGE_CURVE('',#4005,#4011,#4012,.T.);
#3254=EDGE_CURVE('',#4013,#4007,#4014,.T.);
#3255=EDGE_CURVE('',#4013,#4011,#4015,.T.);
#3256=FILL_AREA_STYLE('',(#4016));
#3257=EDGE_CURVE('',#4011,#4017,#4018,.T.);
#3258=EDGE_CURVE('',#4019,#4013,#4020,.T.);
#3259=EDGE_CURVE('',#4019,#4017,#4021,.T.);
#3260=FILL_AREA_STYLE('',(#4022));
#3261=EDGE_CURVE('',#4017,#4023,#4024,.T.);
#3262=EDGE_CURVE('',#4025,#4019,#4026,.T.);
#3263=EDGE_CURVE('',#4025,#4023,#4027,.T.);
#3264=FILL_AREA_STYLE('',(#4028));
#3265=EDGE_CURVE('',#4023,#4029,#4030,.T.);
#3266=EDGE_CURVE('',#4031,#4025,#4032,.T.);
#3267=EDGE_CURVE('',#4031,#4029,#4033,.T.);
#3268=FILL_AREA_STYLE('',(#4034));
#3269=EDGE_CURVE('',#4029,#4035,#4036,.T.);
#3270=EDGE_CURVE('',#4037,#4031,#4038,.T.);
#3271=EDGE_CURVE('',#4037,#4035,#4039,.T.);
#3272=FILL_AREA_STYLE('',(#4040));
#3273=EDGE_CURVE('',#4035,#4041,#4042,.T.);
#3274=EDGE_CURVE('',#4043,#4037,#4044,.T.);
#3275=EDGE_CURVE('',#4043,#4041,#4045,.T.);
#3276=FILL_AREA_STYLE('',(#4046));
#3277=EDGE_CURVE('',#4041,#3978,#4047,.T.);
#3278=EDGE_CURVE('',#3981,#4043,#4048,.T.);
#3279=FILL_AREA_STYLE('',(#4049));
#3280=FILL_AREA_STYLE('',(#4050));
#3281=FILL_AREA_STYLE('',(#4051));
#3282=EDGE_CURVE('',#4052,#4053,#4054,.T.);
#3283=EDGE_CURVE('',#4055,#4052,#4056,.T.);
#3284=EDGE_CURVE('',#4057,#4055,#4058,.T.);
#3285=EDGE_CURVE('',#4053,#4057,#4059,.T.);
#3286=FILL_AREA_STYLE('',(#4060));
#3287=EDGE_CURVE('',#4061,#4062,#4063,.T.);
#3288=EDGE_CURVE('',#4061,#4064,#4065,.T.);
#3289=EDGE_CURVE('',#4066,#4064,#4067,.T.);
#3290=EDGE_CURVE('',#4066,#4062,#4068,.T.);
#3291=FILL_AREA_STYLE('',(#4069));
#3292=EDGE_CURVE('',#4062,#4066,#4070,.T.);
#3293=EDGE_CURVE('',#4064,#4061,#4071,.T.);
#3294=FILL_AREA_STYLE('',(#4072));
#3295=EDGE_CURVE('',#4057,#4053,#4073,.T.);
#3296=EDGE_CURVE('',#4052,#4055,#4074,.T.);
#3297=FILL_AREA_STYLE('',(#4075));
#3298=FILL_AREA_STYLE('',(#4076));
#3299=FILL_AREA_STYLE('',(#4077));
#3300=FILL_AREA_STYLE_COLOUR('',#4078);
#3301=VERTEX_POINT('',#4079);
#3302=VERTEX_POINT('',#4080);
#3303=CIRCLE('',#4081,2.30000678233067);
#3304=VERTEX_POINT('',#4082);
#3305=CIRCLE('',#4083,0.230000000049998);
#3306=VERTEX_POINT('',#4084);
#3307=CIRCLE('',#4085,2.07);
#3308=CIRCLE('',#4086,0.230000000049998);
#3309=FILL_AREA_STYLE_COLOUR('',#4087);
#3310=VERTEX_POINT('',#4088);
#3311=VERTEX_POINT('',#4089);
#3312=CIRCLE('',#4090,1.3399519053993);
#3313=VERTEX_POINT('',#4091);
#3314=CIRCLE('',#4092,0.0750000003732048);
#3315=VERTEX_POINT('',#4093);
#3316=CIRCLE('',#4094,1.35);
#3317=CIRCLE('',#4095,0.0750000003732048);
#3318=FILL_AREA_STYLE_COLOUR('',#4096);
#3319=CIRCLE('',#4097,1.3399519053993);
#3320=CIRCLE('',#4098,1.35);
#3321=FILL_AREA_STYLE_COLOUR('',#4099);
#3322=CIRCLE('',#4100,2.30000678233067);
#3323=CIRCLE('',#4101,2.07);
#3324=FILL_AREA_STYLE_COLOUR('',#4102);
#3325=VERTEX_POINT('',#4103);
#3326=CIRCLE('',#4104,0.230000000049998);
#3327=VERTEX_POINT('',#4105);
#3328=CIRCLE('',#4106,2.07);
#3329=CIRCLE('',#4107,0.230000000049998);
#3330=FILL_AREA_STYLE_COLOUR('',#4108);
#3331=VERTEX_POINT('',#4109);
#3332=VERTEX_POINT('',#4110);
#3333=LINE('',#4111,#4112);
#3334=VERTEX_POINT('',#4113);
#3335=CIRCLE('',#4114,1.5);
#3336=VERTEX_POINT('',#4115);
#3337=LINE('',#4116,#4117);
#3338=CIRCLE('',#4118,1.5);
#3339=FILL_AREA_STYLE_COLOUR('',#4119);
#3340=VERTEX_POINT('',#4120);
#3341=VERTEX_POINT('',#4121);
#3342=LINE('',#4122,#4123);
#3343=VERTEX_POINT('',#4124);
#3344=CIRCLE('',#4125,1.1935);
#3345=VERTEX_POINT('',#4126);
#3346=LINE('',#4127,#4128);
#3347=CIRCLE('',#4129,1.5);
#3348=FILL_AREA_STYLE_COLOUR('',#4130);
#3349=VERTEX_POINT('',#4131);
#3350=LINE('',#4132,#4133);
#3351=VERTEX_POINT('',#4134);
#3352=LINE('',#4135,#4136);
#3353=CIRCLE('',#4137,1.5);
#3354=FILL_AREA_STYLE_COLOUR('',#4138);
#3355=LINE('',#4139,#4140);
#3356=LINE('',#4141,#4142);
#3357=FILL_AREA_STYLE_COLOUR('',#4143);
#3358=VERTEX_POINT('',#4144);
#3359=CIRCLE('',#4145,0.0750000003732048);
#3360=VERTEX_POINT('',#4146);
#3361=CIRCLE('',#4147,1.3500000000866);
#3362=CIRCLE('',#4148,0.0750000003732048);
#3363=FILL_AREA_STYLE_COLOUR('',#4149);
#3364=LINE('',#4150,#4151);
#3365=LINE('',#4152,#4153);
#3366=FILL_AREA_STYLE_COLOUR('',#4154);
#3367=VERTEX_POINT('',#4155);
#3368=VERTEX_POINT('',#4156);
#3369=LINE('',#4157,#4158);
#3370=VERTEX_POINT('',#4159);
#3371=LINE('',#4160,#4161);
#3372=CIRCLE('',#4162,0.449999999999999);
#3373=FILL_AREA_STYLE_COLOUR('',#4163);
#3374=VERTEX_POINT('',#4164);
#3375=VERTEX_POINT('',#4165);
#3376=LINE('',#4166,#4167);
#3377=VERTEX_POINT('',#4168);
#3378=CIRCLE('',#4169,1.955);
#3379=VERTEX_POINT('',#4170);
#3380=LINE('',#4171,#4172);
#3381=CIRCLE('',#4173,1.955);
#3382=FILL_AREA_STYLE_COLOUR('',#4174);
#3383=CIRCLE('',#4175,1.955);
#3384=CIRCLE('',#4176,1.955);
#3385=FILL_AREA_STYLE_COLOUR('',#4177);
#3386=CIRCLE('',#4178,1.5);
#3387=FILL_AREA_STYLE_COLOUR('',#4179);
#3388=CIRCLE('',#4180,0.449999999999999);
#3389=FILL_AREA_STYLE_COLOUR('',#4181);
#3390=CIRCLE('',#4182,1.3500000000866);
#3391=CIRCLE('',#4183,1.5);
#3392=FILL_AREA_STYLE_COLOUR('',#4184);
#3393=FILL_AREA_STYLE_COLOUR('',#4185);
#3394=CIRCLE('',#4186,1.5);
#3395=FILL_AREA_STYLE_COLOUR('',#4187);
#3396=CIRCLE('',#4188,1.5);
#3397=FILL_AREA_STYLE_COLOUR('',#4189);
#3398=CIRCLE('',#4190,1.1935);
#3399=FILL_AREA_STYLE_COLOUR('',#4191);
#3400=FILL_AREA_STYLE_COLOUR('',#4192);
#3401=FILL_AREA_STYLE_COLOUR('',#4193);
#3402=FILL_AREA_STYLE_COLOUR('',#4194);
#3403=CIRCLE('',#4195,2.07);
#3404=FILL_AREA_STYLE_COLOUR('',#4196);
#3405=FILL_AREA_STYLE_COLOUR('',#4197);
#3406=VERTEX_POINT('',#4198);
#3407=VERTEX_POINT('',#4199);
#3408=LINE('',#4200,#4201);
#3409=VERTEX_POINT('',#4202);
#3410=LINE('',#4203,#4204);
#3411=VERTEX_POINT('',#4205);
#3412=LINE('',#4206,#4207);
#3413=LINE('',#4208,#4209);
#3414=FILL_AREA_STYLE_COLOUR('',#4210);
#3415=VERTEX_POINT('',#4211);
#3416=LINE('',#4212,#4213);
#3417=VERTEX_POINT('',#4214);
#3418=LINE('',#4215,#4216);
#3419=LINE('',#4217,#4218);
#3420=FILL_AREA_STYLE_COLOUR('',#4219);
#3421=VERTEX_POINT('',#4220);
#3422=LINE('',#4221,#4222);
#3423=VERTEX_POINT('',#4223);
#3424=LINE('',#4224,#4225);
#3425=LINE('',#4226,#4227);
#3426=FILL_AREA_STYLE_COLOUR('',#4228);
#3427=VERTEX_POINT('',#4229);
#3428=LINE('',#4230,#4231);
#3429=VERTEX_POINT('',#4232);
#3430=LINE('',#4233,#4234);
#3431=LINE('',#4235,#4236);
#3432=FILL_AREA_STYLE_COLOUR('',#4237);
#3433=VERTEX_POINT('',#4238);
#3434=LINE('',#4239,#4240);
#3435=VERTEX_POINT('',#4241);
#3436=LINE('',#4242,#4243);
#3437=LINE('',#4244,#4245);
#3438=FILL_AREA_STYLE_COLOUR('',#4246);
#3439=VERTEX_POINT('',#4247);
#3440=LINE('',#4248,#4249);
#3441=VERTEX_POINT('',#4250);
#3442=LINE('',#4251,#4252);
#3443=LINE('',#4253,#4254);
#3444=FILL_AREA_STYLE_COLOUR('',#4255);
#3445=VERTEX_POINT('',#4256);
#3446=LINE('',#4257,#4258);
#3447=VERTEX_POINT('',#4259);
#3448=LINE('',#4260,#4261);
#3449=LINE('',#4262,#4263);
#3450=FILL_AREA_STYLE_COLOUR('',#4264);
#3451=VERTEX_POINT('',#4265);
#3452=LINE('',#4266,#4267);
#3453=VERTEX_POINT('',#4268);
#3454=LINE('',#4269,#4270);
#3455=LINE('',#4271,#4272);
#3456=FILL_AREA_STYLE_COLOUR('',#4273);
#3457=LINE('',#4274,#4275);
#3458=LINE('',#4276,#4277);
#3459=FILL_AREA_STYLE_COLOUR('',#4278);
#3460=VERTEX_POINT('',#4279);
#3461=VERTEX_POINT('',#4280);
#3462=LINE('',#4281,#4282);
#3463=VERTEX_POINT('',#4283);
#3464=LINE('',#4284,#4285);
#3465=VERTEX_POINT('',#4286);
#3466=LINE('',#4287,#4288);
#3467=LINE('',#4289,#4290);
#3468=FILL_AREA_STYLE_COLOUR('',#4291);
#3469=VERTEX_POINT('',#4292);
#3470=LINE('',#4293,#4294);
#3471=VERTEX_POINT('',#4295);
#3472=LINE('',#4296,#4297);
#3473=LINE('',#4298,#4299);
#3474=FILL_AREA_STYLE_COLOUR('',#4300);
#3475=VERTEX_POINT('',#4301);
#3476=LINE('',#4302,#4303);
#3477=VERTEX_POINT('',#4304);
#3478=LINE('',#4305,#4306);
#3479=LINE('',#4307,#4308);
#3480=FILL_AREA_STYLE_COLOUR('',#4309);
#3481=VERTEX_POINT('',#4310);
#3482=LINE('',#4311,#4312);
#3483=VERTEX_POINT('',#4313);
#3484=LINE('',#4314,#4315);
#3485=LINE('',#4316,#4317);
#3486=FILL_AREA_STYLE_COLOUR('',#4318);
#3487=VERTEX_POINT('',#4319);
#3488=LINE('',#4320,#4321);
#3489=VERTEX_POINT('',#4322);
#3490=LINE('',#4323,#4324);
#3491=LINE('',#4325,#4326);
#3492=FILL_AREA_STYLE_COLOUR('',#4327);
#3493=VERTEX_POINT('',#4328);
#3494=LINE('',#4329,#4330);
#3495=VERTEX_POINT('',#4331);
#3496=LINE('',#4332,#4333);
#3497=LINE('',#4334,#4335);
#3498=FILL_AREA_STYLE_COLOUR('',#4336);
#3499=VERTEX_POINT('',#4337);
#3500=LINE('',#4338,#4339);
#3501=VERTEX_POINT('',#4340);
#3502=LINE('',#4341,#4342);
#3503=LINE('',#4343,#4344);
#3504=FILL_AREA_STYLE_COLOUR('',#4345);
#3505=VERTEX_POINT('',#4346);
#3506=LINE('',#4347,#4348);
#3507=VERTEX_POINT('',#4349);
#3508=LINE('',#4350,#4351);
#3509=LINE('',#4352,#4353);
#3510=FILL_AREA_STYLE_COLOUR('',#4354);
#3511=VERTEX_POINT('',#4355);
#3512=LINE('',#4356,#4357);
#3513=VERTEX_POINT('',#4358);
#3514=LINE('',#4359,#4360);
#3515=LINE('',#4361,#4362);
#3516=FILL_AREA_STYLE_COLOUR('',#4363);
#3517=VERTEX_POINT('',#4364);
#3518=LINE('',#4365,#4366);
#3519=VERTEX_POINT('',#4367);
#3520=LINE('',#4368,#4369);
#3521=LINE('',#4370,#4371);
#3522=FILL_AREA_STYLE_COLOUR('',#4372);
#3523=VERTEX_POINT('',#4373);
#3524=LINE('',#4374,#4375);
#3525=VERTEX_POINT('',#4376);
#3526=LINE('',#4377,#4378);
#3527=LINE('',#4379,#4380);
#3528=FILL_AREA_STYLE_COLOUR('',#4381);
#3529=VERTEX_POINT('',#4382);
#3530=LINE('',#4383,#4384);
#3531=VERTEX_POINT('',#4385);
#3532=LINE('',#4386,#4387);
#3533=LINE('',#4388,#4389);
#3534=FILL_AREA_STYLE_COLOUR('',#4390);
#3535=VERTEX_POINT('',#4391);
#3536=LINE('',#4392,#4393);
#3537=VERTEX_POINT('',#4394);
#3538=LINE('',#4395,#4396);
#3539=LINE('',#4397,#4398);
#3540=FILL_AREA_STYLE_COLOUR('',#4399);
#3541=VERTEX_POINT('',#4400);
#3542=LINE('',#4401,#4402);
#3543=VERTEX_POINT('',#4403);
#3544=LINE('',#4404,#4405);
#3545=LINE('',#4406,#4407);
#3546=FILL_AREA_STYLE_COLOUR('',#4408);
#3547=VERTEX_POINT('',#4409);
#3548=LINE('',#4410,#4411);
#3549=VERTEX_POINT('',#4412);
#3550=LINE('',#4413,#4414);
#3551=LINE('',#4415,#4416);
#3552=FILL_AREA_STYLE_COLOUR('',#4417);
#3553=VERTEX_POINT('',#4418);
#3554=LINE('',#4419,#4420);
#3555=VERTEX_POINT('',#4421);
#3556=LINE('',#4422,#4423);
#3557=LINE('',#4424,#4425);
#3558=FILL_AREA_STYLE_COLOUR('',#4426);
#3559=VERTEX_POINT('',#4427);
#3560=LINE('',#4428,#4429);
#3561=VERTEX_POINT('',#4430);
#3562=LINE('',#4431,#4432);
#3563=LINE('',#4433,#4434);
#3564=FILL_AREA_STYLE_COLOUR('',#4435);
#3565=VERTEX_POINT('',#4436);
#3566=LINE('',#4437,#4438);
#3567=VERTEX_POINT('',#4439);
#3568=LINE('',#4440,#4441);
#3569=LINE('',#4442,#4443);
#3570=FILL_AREA_STYLE_COLOUR('',#4444);
#3571=VERTEX_POINT('',#4445);
#3572=LINE('',#4446,#4447);
#3573=VERTEX_POINT('',#4448);
#3574=LINE('',#4449,#4450);
#3575=LINE('',#4451,#4452);
#3576=FILL_AREA_STYLE_COLOUR('',#4453);
#3577=VERTEX_POINT('',#4454);
#3578=LINE('',#4455,#4456);
#3579=VERTEX_POINT('',#4457);
#3580=LINE('',#4458,#4459);
#3581=LINE('',#4460,#4461);
#3582=FILL_AREA_STYLE_COLOUR('',#4462);
#3583=VERTEX_POINT('',#4463);
#3584=LINE('',#4464,#4465);
#3585=VERTEX_POINT('',#4466);
#3586=LINE('',#4467,#4468);
#3587=LINE('',#4469,#4470);
#3588=FILL_AREA_STYLE_COLOUR('',#4471);
#3589=VERTEX_POINT('',#4472);
#3590=LINE('',#4473,#4474);
#3591=VERTEX_POINT('',#4475);
#3592=LINE('',#4476,#4477);
#3593=LINE('',#4478,#4479);
#3594=FILL_AREA_STYLE_COLOUR('',#4480);
#3595=VERTEX_POINT('',#4481);
#3596=LINE('',#4482,#4483);
#3597=VERTEX_POINT('',#4484);
#3598=LINE('',#4485,#4486);
#3599=LINE('',#4487,#4488);
#3600=FILL_AREA_STYLE_COLOUR('',#4489);
#3601=VERTEX_POINT('',#4490);
#3602=LINE('',#4491,#4492);
#3603=VERTEX_POINT('',#4493);
#3604=LINE('',#4494,#4495);
#3605=LINE('',#4496,#4497);
#3606=FILL_AREA_STYLE_COLOUR('',#4498);
#3607=VERTEX_POINT('',#4499);
#3608=LINE('',#4500,#4501);
#3609=VERTEX_POINT('',#4502);
#3610=LINE('',#4503,#4504);
#3611=LINE('',#4505,#4506);
#3612=FILL_AREA_STYLE_COLOUR('',#4507);
#3613=VERTEX_POINT('',#4508);
#3614=LINE('',#4509,#4510);
#3615=VERTEX_POINT('',#4511);
#3616=LINE('',#4512,#4513);
#3617=LINE('',#4514,#4515);
#3618=FILL_AREA_STYLE_COLOUR('',#4516);
#3619=LINE('',#4517,#4518);
#3620=LINE('',#4519,#4520);
#3621=FILL_AREA_STYLE_COLOUR('',#4521);
#3622=FILL_AREA_STYLE_COLOUR('',#4522);
#3623=FILL_AREA_STYLE_COLOUR('',#4523);
#3624=VERTEX_POINT('',#4524);
#3625=VERTEX_POINT('',#4525);
#3626=LINE('',#4526,#4527);
#3627=VERTEX_POINT('',#4528);
#3628=LINE('',#4529,#4530);
#3629=VERTEX_POINT('',#4531);
#3630=LINE('',#4532,#4533);
#3631=LINE('',#4534,#4535);
#3632=FILL_AREA_STYLE_COLOUR('',#4536);
#3633=VERTEX_POINT('',#4537);
#3634=LINE('',#4538,#4539);
#3635=VERTEX_POINT('',#4540);
#3636=LINE('',#4541,#4542);
#3637=LINE('',#4543,#4544);
#3638=FILL_AREA_STYLE_COLOUR('',#4545);
#3639=VERTEX_POINT('',#4546);
#3640=LINE('',#4547,#4548);
#3641=VERTEX_POINT('',#4549);
#3642=LINE('',#4550,#4551);
#3643=LINE('',#4552,#4553);
#3644=FILL_AREA_STYLE_COLOUR('',#4554);
#3645=VERTEX_POINT('',#4555);
#3646=LINE('',#4556,#4557);
#3647=VERTEX_POINT('',#4558);
#3648=LINE('',#4559,#4560);
#3649=LINE('',#4561,#4562);
#3650=FILL_AREA_STYLE_COLOUR('',#4563);
#3651=VERTEX_POINT('',#4564);
#3652=LINE('',#4565,#4566);
#3653=VERTEX_POINT('',#4567);
#3654=LINE('',#4568,#4569);
#3655=LINE('',#4570,#4571);
#3656=FILL_AREA_STYLE_COLOUR('',#4572);
#3657=VERTEX_POINT('',#4573);
#3658=LINE('',#4574,#4575);
#3659=VERTEX_POINT('',#4576);
#3660=LINE('',#4577,#4578);
#3661=LINE('',#4579,#4580);
#3662=FILL_AREA_STYLE_COLOUR('',#4581);
#3663=VERTEX_POINT('',#4582);
#3664=LINE('',#4583,#4584);
#3665=VERTEX_POINT('',#4585);
#3666=LINE('',#4586,#4587);
#3667=LINE('',#4588,#4589);
#3668=FILL_AREA_STYLE_COLOUR('',#4590);
#3669=VERTEX_POINT('',#4591);
#3670=LINE('',#4592,#4593);
#3671=VERTEX_POINT('',#4594);
#3672=LINE('',#4595,#4596);
#3673=LINE('',#4597,#4598);
#3674=FILL_AREA_STYLE_COLOUR('',#4599);
#3675=VERTEX_POINT('',#4600);
#3676=LINE('',#4601,#4602);
#3677=VERTEX_POINT('',#4603);
#3678=LINE('',#4604,#4605);
#3679=LINE('',#4606,#4607);
#3680=FILL_AREA_STYLE_COLOUR('',#4608);
#3681=VERTEX_POINT('',#4609);
#3682=LINE('',#4610,#4611);
#3683=VERTEX_POINT('',#4612);
#3684=LINE('',#4613,#4614);
#3685=LINE('',#4615,#4616);
#3686=FILL_AREA_STYLE_COLOUR('',#4617);
#3687=VERTEX_POINT('',#4618);
#3688=LINE('',#4619,#4620);
#3689=VERTEX_POINT('',#4621);
#3690=LINE('',#4622,#4623);
#3691=LINE('',#4624,#4625);
#3692=FILL_AREA_STYLE_COLOUR('',#4626);
#3693=LINE('',#4627,#4628);
#3694=LINE('',#4629,#4630);
#3695=FILL_AREA_STYLE_COLOUR('',#4631);
#3696=FILL_AREA_STYLE_COLOUR('',#4632);
#3697=FILL_AREA_STYLE_COLOUR('',#4633);
#3698=VERTEX_POINT('',#4634);
#3699=VERTEX_POINT('',#4635);
#3700=LINE('',#4636,#4637);
#3701=VERTEX_POINT('',#4638);
#3702=LINE('',#4639,#4640);
#3703=VERTEX_POINT('',#4641);
#3704=LINE('',#4642,#4643);
#3705=LINE('',#4644,#4645);
#3706=FILL_AREA_STYLE_COLOUR('',#4646);
#3707=VERTEX_POINT('',#4647);
#3708=LINE('',#4648,#4649);
#3709=VERTEX_POINT('',#4650);
#3710=LINE('',#4651,#4652);
#3711=LINE('',#4653,#4654);
#3712=FILL_AREA_STYLE_COLOUR('',#4655);
#3713=VERTEX_POINT('',#4656);
#3714=LINE('',#4657,#4658);
#3715=VERTEX_POINT('',#4659);
#3716=LINE('',#4660,#4661);
#3717=LINE('',#4662,#4663);
#3718=FILL_AREA_STYLE_COLOUR('',#4664);
#3719=VERTEX_POINT('',#4665);
#3720=LINE('',#4666,#4667);
#3721=VERTEX_POINT('',#4668);
#3722=LINE('',#4669,#4670);
#3723=LINE('',#4671,#4672);
#3724=FILL_AREA_STYLE_COLOUR('',#4673);
#3725=VERTEX_POINT('',#4674);
#3726=LINE('',#4675,#4676);
#3727=VERTEX_POINT('',#4677);
#3728=LINE('',#4678,#4679);
#3729=LINE('',#4680,#4681);
#3730=FILL_AREA_STYLE_COLOUR('',#4682);
#3731=VERTEX_POINT('',#4683);
#3732=LINE('',#4684,#4685);
#3733=VERTEX_POINT('',#4686);
#3734=LINE('',#4687,#4688);
#3735=LINE('',#4689,#4690);
#3736=FILL_AREA_STYLE_COLOUR('',#4691);
#3737=VERTEX_POINT('',#4692);
#3738=LINE('',#4693,#4694);
#3739=VERTEX_POINT('',#4695);
#3740=LINE('',#4696,#4697);
#3741=LINE('',#4698,#4699);
#3742=FILL_AREA_STYLE_COLOUR('',#4700);
#3743=VERTEX_POINT('',#4701);
#3744=LINE('',#4702,#4703);
#3745=VERTEX_POINT('',#4704);
#3746=LINE('',#4705,#4706);
#3747=LINE('',#4707,#4708);
#3748=FILL_AREA_STYLE_COLOUR('',#4709);
#3749=VERTEX_POINT('',#4710);
#3750=LINE('',#4711,#4712);
#3751=VERTEX_POINT('',#4713);
#3752=LINE('',#4714,#4715);
#3753=LINE('',#4716,#4717);
#3754=FILL_AREA_STYLE_COLOUR('',#4718);
#3755=VERTEX_POINT('',#4719);
#3756=LINE('',#4720,#4721);
#3757=VERTEX_POINT('',#4722);
#3758=LINE('',#4723,#4724);
#3759=LINE('',#4725,#4726);
#3760=FILL_AREA_STYLE_COLOUR('',#4727);
#3761=VERTEX_POINT('',#4728);
#3762=LINE('',#4729,#4730);
#3763=VERTEX_POINT('',#4731);
#3764=LINE('',#4732,#4733);
#3765=LINE('',#4734,#4735);
#3766=FILL_AREA_STYLE_COLOUR('',#4736);
#3767=VERTEX_POINT('',#4737);
#3768=LINE('',#4738,#4739);
#3769=VERTEX_POINT('',#4740);
#3770=LINE('',#4741,#4742);
#3771=LINE('',#4743,#4744);
#3772=FILL_AREA_STYLE_COLOUR('',#4745);
#3773=VERTEX_POINT('',#4746);
#3774=LINE('',#4747,#4748);
#3775=VERTEX_POINT('',#4749);
#3776=LINE('',#4750,#4751);
#3777=LINE('',#4752,#4753);
#3778=FILL_AREA_STYLE_COLOUR('',#4754);
#3779=LINE('',#4755,#4756);
#3780=LINE('',#4757,#4758);
#3781=FILL_AREA_STYLE_COLOUR('',#4759);
#3782=VERTEX_POINT('',#4760);
#3783=VERTEX_POINT('',#4761);
#3784=LINE('',#4762,#4763);
#3785=VERTEX_POINT('',#4764);
#3786=LINE('',#4765,#4766);
#3787=VERTEX_POINT('',#4767);
#3788=LINE('',#4768,#4769);
#3789=LINE('',#4770,#4771);
#3790=FILL_AREA_STYLE_COLOUR('',#4772);
#3791=VERTEX_POINT('',#4773);
#3792=LINE('',#4774,#4775);
#3793=VERTEX_POINT('',#4776);
#3794=LINE('',#4777,#4778);
#3795=LINE('',#4779,#4780);
#3796=FILL_AREA_STYLE_COLOUR('',#4781);
#3797=VERTEX_POINT('',#4782);
#3798=LINE('',#4783,#4784);
#3799=VERTEX_POINT('',#4785);
#3800=LINE('',#4786,#4787);
#3801=LINE('',#4788,#4789);
#3802=FILL_AREA_STYLE_COLOUR('',#4790);
#3803=VERTEX_POINT('',#4791);
#3804=LINE('',#4792,#4793);
#3805=VERTEX_POINT('',#4794);
#3806=LINE('',#4795,#4796);
#3807=LINE('',#4797,#4798);
#3808=FILL_AREA_STYLE_COLOUR('',#4799);
#3809=VERTEX_POINT('',#4800);
#3810=LINE('',#4801,#4802);
#3811=VERTEX_POINT('',#4803);
#3812=LINE('',#4804,#4805);
#3813=LINE('',#4806,#4807);
#3814=FILL_AREA_STYLE_COLOUR('',#4808);
#3815=VERTEX_POINT('',#4809);
#3816=LINE('',#4810,#4811);
#3817=VERTEX_POINT('',#4812);
#3818=LINE('',#4813,#4814);
#3819=LINE('',#4815,#4816);
#3820=FILL_AREA_STYLE_COLOUR('',#4817);
#3821=VERTEX_POINT('',#4818);
#3822=LINE('',#4819,#4820);
#3823=VERTEX_POINT('',#4821);
#3824=LINE('',#4822,#4823);
#3825=LINE('',#4824,#4825);
#3826=FILL_AREA_STYLE_COLOUR('',#4826);
#3827=VERTEX_POINT('',#4827);
#3828=LINE('',#4828,#4829);
#3829=VERTEX_POINT('',#4830);
#3830=LINE('',#4831,#4832);
#3831=LINE('',#4833,#4834);
#3832=FILL_AREA_STYLE_COLOUR('',#4835);
#3833=VERTEX_POINT('',#4836);
#3834=LINE('',#4837,#4838);
#3835=VERTEX_POINT('',#4839);
#3836=LINE('',#4840,#4841);
#3837=LINE('',#4842,#4843);
#3838=FILL_AREA_STYLE_COLOUR('',#4844);
#3839=VERTEX_POINT('',#4845);
#3840=LINE('',#4846,#4847);
#3841=VERTEX_POINT('',#4848);
#3842=LINE('',#4849,#4850);
#3843=LINE('',#4851,#4852);
#3844=FILL_AREA_STYLE_COLOUR('',#4853);
#3845=VERTEX_POINT('',#4854);
#3846=LINE('',#4855,#4856);
#3847=VERTEX_POINT('',#4857);
#3848=LINE('',#4858,#4859);
#3849=LINE('',#4860,#4861);
#3850=FILL_AREA_STYLE_COLOUR('',#4862);
#3851=VERTEX_POINT('',#4863);
#3852=LINE('',#4864,#4865);
#3853=VERTEX_POINT('',#4866);
#3854=LINE('',#4867,#4868);
#3855=LINE('',#4869,#4870);
#3856=FILL_AREA_STYLE_COLOUR('',#4871);
#3857=VERTEX_POINT('',#4872);
#3858=LINE('',#4873,#4874);
#3859=VERTEX_POINT('',#4875);
#3860=LINE('',#4876,#4877);
#3861=LINE('',#4878,#4879);
#3862=FILL_AREA_STYLE_COLOUR('',#4880);
#3863=VERTEX_POINT('',#4881);
#3864=LINE('',#4882,#4883);
#3865=VERTEX_POINT('',#4884);
#3866=LINE('',#4885,#4886);
#3867=LINE('',#4887,#4888);
#3868=FILL_AREA_STYLE_COLOUR('',#4889);
#3869=VERTEX_POINT('',#4890);
#3870=LINE('',#4891,#4892);
#3871=VERTEX_POINT('',#4893);
#3872=LINE('',#4894,#4895);
#3873=LINE('',#4896,#4897);
#3874=FILL_AREA_STYLE_COLOUR('',#4898);
#3875=VERTEX_POINT('',#4899);
#3876=LINE('',#4900,#4901);
#3877=VERTEX_POINT('',#4902);
#3878=LINE('',#4903,#4904);
#3879=LINE('',#4905,#4906);
#3880=FILL_AREA_STYLE_COLOUR('',#4907);
#3881=VERTEX_POINT('',#4908);
#3882=LINE('',#4909,#4910);
#3883=VERTEX_POINT('',#4911);
#3884=LINE('',#4912,#4913);
#3885=LINE('',#4914,#4915);
#3886=FILL_AREA_STYLE_COLOUR('',#4916);
#3887=VERTEX_POINT('',#4917);
#3888=LINE('',#4918,#4919);
#3889=VERTEX_POINT('',#4920);
#3890=LINE('',#4921,#4922);
#3891=LINE('',#4923,#4924);
#3892=FILL_AREA_STYLE_COLOUR('',#4925);
#3893=VERTEX_POINT('',#4926);
#3894=LINE('',#4927,#4928);
#3895=VERTEX_POINT('',#4929);
#3896=LINE('',#4930,#4931);
#3897=LINE('',#4932,#4933);
#3898=FILL_AREA_STYLE_COLOUR('',#4934);
#3899=VERTEX_POINT('',#4935);
#3900=LINE('',#4936,#4937);
#3901=VERTEX_POINT('',#4938);
#3902=LINE('',#4939,#4940);
#3903=LINE('',#4941,#4942);
#3904=FILL_AREA_STYLE_COLOUR('',#4943);
#3905=VERTEX_POINT('',#4944);
#3906=LINE('',#4945,#4946);
#3907=VERTEX_POINT('',#4947);
#3908=LINE('',#4948,#4949);
#3909=LINE('',#4950,#4951);
#3910=FILL_AREA_STYLE_COLOUR('',#4952);
#3911=VERTEX_POINT('',#4953);
#3912=LINE('',#4954,#4955);
#3913=VERTEX_POINT('',#4956);
#3914=LINE('',#4957,#4958);
#3915=LINE('',#4959,#4960);
#3916=FILL_AREA_STYLE_COLOUR('',#4961);
#3917=VERTEX_POINT('',#4962);
#3918=LINE('',#4963,#4964);
#3919=VERTEX_POINT('',#4965);
#3920=LINE('',#4966,#4967);
#3921=LINE('',#4968,#4969);
#3922=FILL_AREA_STYLE_COLOUR('',#4970);
#3923=LINE('',#4971,#4972);
#3924=LINE('',#4973,#4974);
#3925=FILL_AREA_STYLE_COLOUR('',#4975);
#3926=FILL_AREA_STYLE_COLOUR('',#4976);
#3927=FILL_AREA_STYLE_COLOUR('',#4977);
#3928=VERTEX_POINT('',#4978);
#3929=VERTEX_POINT('',#4979);
#3930=LINE('',#4980,#4981);
#3931=VERTEX_POINT('',#4982);
#3932=LINE('',#4983,#4984);
#3933=VERTEX_POINT('',#4985);
#3934=LINE('',#4986,#4987);
#3935=LINE('',#4988,#4989);
#3936=FILL_AREA_STYLE_COLOUR('',#4990);
#3937=VERTEX_POINT('',#4991);
#3938=LINE('',#4992,#4993);
#3939=VERTEX_POINT('',#4994);
#3940=LINE('',#4995,#4996);
#3941=LINE('',#4997,#4998);
#3942=FILL_AREA_STYLE_COLOUR('',#4999);
#3943=LINE('',#5000,#5001);
#3944=LINE('',#5002,#5003);
#3945=FILL_AREA_STYLE_COLOUR('',#5004);
#3946=VERTEX_POINT('',#5005);
#3947=VERTEX_POINT('',#5006);
#3948=LINE('',#5007,#5008);
#3949=VERTEX_POINT('',#5009);
#3950=LINE('',#5010,#5011);
#3951=VERTEX_POINT('',#5012);
#3952=LINE('',#5013,#5014);
#3953=LINE('',#5015,#5016);
#3954=FILL_AREA_STYLE_COLOUR('',#5017);
#3955=VERTEX_POINT('',#5018);
#3956=LINE('',#5019,#5020);
#3957=VERTEX_POINT('',#5021);
#3958=LINE('',#5022,#5023);
#3959=LINE('',#5024,#5025);
#3960=FILL_AREA_STYLE_COLOUR('',#5026);
#3961=VERTEX_POINT('',#5027);
#3962=LINE('',#5028,#5029);
#3963=VERTEX_POINT('',#5030);
#3964=LINE('',#5031,#5032);
#3965=LINE('',#5033,#5034);
#3966=FILL_AREA_STYLE_COLOUR('',#5035);
#3967=VERTEX_POINT('',#5036);
#3968=LINE('',#5037,#5038);
#3969=VERTEX_POINT('',#5039);
#3970=LINE('',#5040,#5041);
#3971=LINE('',#5042,#5043);
#3972=FILL_AREA_STYLE_COLOUR('',#5044);
#3973=LINE('',#5045,#5046);
#3974=LINE('',#5047,#5048);
#3975=FILL_AREA_STYLE_COLOUR('',#5049);
#3976=FILL_AREA_STYLE_COLOUR('',#5050);
#3977=FILL_AREA_STYLE_COLOUR('',#5051);
#3978=VERTEX_POINT('',#5052);
#3979=VERTEX_POINT('',#5053);
#3980=LINE('',#5054,#5055);
#3981=VERTEX_POINT('',#5056);
#3982=LINE('',#5057,#5058);
#3983=VERTEX_POINT('',#5059);
#3984=LINE('',#5060,#5061);
#3985=LINE('',#5062,#5063);
#3986=FILL_AREA_STYLE_COLOUR('',#5064);
#3987=VERTEX_POINT('',#5065);
#3988=LINE('',#5066,#5067);
#3989=VERTEX_POINT('',#5068);
#3990=LINE('',#5069,#5070);
#3991=LINE('',#5071,#5072);
#3992=FILL_AREA_STYLE_COLOUR('',#5073);
#3993=VERTEX_POINT('',#5074);
#3994=LINE('',#5075,#5076);
#3995=VERTEX_POINT('',#5077);
#3996=LINE('',#5078,#5079);
#3997=LINE('',#5080,#5081);
#3998=FILL_AREA_STYLE_COLOUR('',#5082);
#3999=VERTEX_POINT('',#5083);
#4000=LINE('',#5084,#5085);
#4001=VERTEX_POINT('',#5086);
#4002=LINE('',#5087,#5088);
#4003=LINE('',#5089,#5090);
#4004=FILL_AREA_STYLE_COLOUR('',#5091);
#4005=VERTEX_POINT('',#5092);
#4006=LINE('',#5093,#5094);
#4007=VERTEX_POINT('',#5095);
#4008=LINE('',#5096,#5097);
#4009=LINE('',#5098,#5099);
#4010=FILL_AREA_STYLE_COLOUR('',#5100);
#4011=VERTEX_POINT('',#5101);
#4012=LINE('',#5102,#5103);
#4013=VERTEX_POINT('',#5104);
#4014=LINE('',#5105,#5106);
#4015=LINE('',#5107,#5108);
#4016=FILL_AREA_STYLE_COLOUR('',#5109);
#4017=VERTEX_POINT('',#5110);
#4018=LINE('',#5111,#5112);
#4019=VERTEX_POINT('',#5113);
#4020=LINE('',#5114,#5115);
#4021=LINE('',#5116,#5117);
#4022=FILL_AREA_STYLE_COLOUR('',#5118);
#4023=VERTEX_POINT('',#5119);
#4024=LINE('',#5120,#5121);
#4025=VERTEX_POINT('',#5122);
#4026=LINE('',#5123,#5124);
#4027=LINE('',#5125,#5126);
#4028=FILL_AREA_STYLE_COLOUR('',#5127);
#4029=VERTEX_POINT('',#5128);
#4030=LINE('',#5129,#5130);
#4031=VERTEX_POINT('',#5131);
#4032=LINE('',#5132,#5133);
#4033=LINE('',#5134,#5135);
#4034=FILL_AREA_STYLE_COLOUR('',#5136);
#4035=VERTEX_POINT('',#5137);
#4036=LINE('',#5138,#5139);
#4037=VERTEX_POINT('',#5140);
#4038=LINE('',#5141,#5142);
#4039=LINE('',#5143,#5144);
#4040=FILL_AREA_STYLE_COLOUR('',#5145);
#4041=VERTEX_POINT('',#5146);
#4042=LINE('',#5147,#5148);
#4043=VERTEX_POINT('',#5149);
#4044=LINE('',#5150,#5151);
#4045=LINE('',#5152,#5153);
#4046=FILL_AREA_STYLE_COLOUR('',#5154);
#4047=LINE('',#5155,#5156);
#4048=LINE('',#5157,#5158);
#4049=FILL_AREA_STYLE_COLOUR('',#5159);
#4050=FILL_AREA_STYLE_COLOUR('',#5160);
#4051=FILL_AREA_STYLE_COLOUR('',#5161);
#4052=VERTEX_POINT('',#5162);
#4053=VERTEX_POINT('',#5163);
#4054=LINE('',#5164,#5165);
#4055=VERTEX_POINT('',#5166);
#4056=CIRCLE('',#5167,0.0466928031363765);
#4057=VERTEX_POINT('',#5168);
#4058=LINE('',#5169,#5170);
#4059=CIRCLE('',#5171,0.0466928031363765);
#4060=FILL_AREA_STYLE_COLOUR('',#5172);
#4061=VERTEX_POINT('',#5173);
#4062=VERTEX_POINT('',#5174);
#4063=LINE('',#5175,#5176);
#4064=VERTEX_POINT('',#5177);
#4065=CIRCLE('',#5178,0.0360785055463503);
#4066=VERTEX_POINT('',#5179);
#4067=LINE('',#5180,#5181);
#4068=CIRCLE('',#5182,0.0360785055463503);
#4069=FILL_AREA_STYLE_COLOUR('',#5183);
#4070=CIRCLE('',#5184,0.0360785055463503);
#4071=CIRCLE('',#5185,0.0360785055463503);
#4072=FILL_AREA_STYLE_COLOUR('',#5186);
#4073=CIRCLE('',#5187,0.0466928031363765);
#4074=CIRCLE('',#5188,0.0466928031363765);
#4075=FILL_AREA_STYLE_COLOUR('',#5189);
#4076=FILL_AREA_STYLE_COLOUR('',#5190);
#4077=FILL_AREA_STYLE_COLOUR('',#5191);
#4078=COLOUR_RGB('',0.509803950786591,0.509803950786591,0.588235318660736);
#4079=CARTESIAN_POINT('',(0.22999999995,2.6593542150837E-16,-2.30000678233067));
#4080=CARTESIAN_POINT('',(0.22999999995,-2.6593542150837E-16,2.30000678233067));
#4081=AXIS2_PLACEMENT_3D('',#5192,#5193,#5194);
#4082=CARTESIAN_POINT('',(0.4599999999,2.53493515241232E-16,-2.07));
#4083=AXIS2_PLACEMENT_3D('',#5195,#5196,#5197);
#4084=CARTESIAN_POINT('',(0.4599999999,2.81668763742659E-17,2.07));
#4085=AXIS2_PLACEMENT_3D('',#5198,#5199,#5200);
#4086=AXIS2_PLACEMENT_3D('',#5201,#5202,#5203);
#4087=COLOUR_RGB('',0.509803950786591,0.509803950786591,0.588235318660736);
#4088=CARTESIAN_POINT('',(1.2875000001,1.8847570947125E-16,-1.3399519053993));
#4089=CARTESIAN_POINT('',(1.2875000001,-1.8847570947125E-16,1.3399519053993));
#4090=AXIS2_PLACEMENT_3D('',#5204,#5205,#5206);
#4091=CARTESIAN_POINT('',(1.325,-4.59242549680257E-18,-1.35));
#4092=AXIS2_PLACEMENT_3D('',#5207,#5208,#5209);
#4093=CARTESIAN_POINT('',(1.325,-1.65321857766021E-16,1.35));
#4094=AXIS2_PLACEMENT_3D('',#5210,#5211,#5212);
#4095=AXIS2_PLACEMENT_3D('',#5213,#5214,#5215);
#4096=COLOUR_RGB('',0.509803950786591,0.509803950786591,0.588235318660736);
#4097=AXIS2_PLACEMENT_3D('',#5216,#5217,#5218);
#4098=AXIS2_PLACEMENT_3D('',#5219,#5220,#5221);
#4099=COLOUR_RGB('',0.509803950786591,0.509803950786591,0.588235318660736);
#4100=AXIS2_PLACEMENT_3D('',#5222,#5223,#5224);
#4101=AXIS2_PLACEMENT_3D('',#5225,#5226,#5227);
#4102=COLOUR_RGB('',0.509803950786591,0.509803950786591,0.588235318660736);
#4103=CARTESIAN_POINT('',(3.76551124252411E-16,2.53493515241232E-16,-2.07));
#4104=AXIS2_PLACEMENT_3D('',#5228,#5229,#5230);
#4105=CARTESIAN_POINT('',(1.26750943711751E-16,1.55225137505502E-32,2.07));
#4106=AXIS2_PLACEMENT_3D('',#5231,#5232,#5233);
#4107=AXIS2_PLACEMENT_3D('',#5234,#5235,#5236);
#4108=COLOUR_RGB('',0.509803950786591,0.509803950786591,0.588235318660736);
#4109=CARTESIAN_POINT('',(1.175,-1.83685303695122E-16,1.5));
#4110=CARTESIAN_POINT('',(0.69,-2.55351295663786E-17,1.5));
#4111=CARTESIAN_POINT('',(0.932499999999999,-1.83690953073357E-16,1.5));
#4112=VECTOR('',#5237,1.0);
#4113=CARTESIAN_POINT('',(1.175,-1.37772764904077E-17,-1.5));
#4114=AXIS2_PLACEMENT_3D('',#5238,#5239,#5240);
#4115=CARTESIAN_POINT('',(0.69,1.83690953073357E-16,-1.5));
#4116=CARTESIAN_POINT('',(0.932499999999999,1.83690953073357E-16,-1.5));
#4117=VECTOR('',#5241,1.0);
#4118=AXIS2_PLACEMENT_3D('',#5242,#5243,#5244);
#4119=COLOUR_RGB('',0.509803950786591,0.509803950786591,0.588235318660736);
#4120=CARTESIAN_POINT('',(12.0,7.34788079488412E-16,1.1935));
#4121=CARTESIAN_POINT('',(11.6935,7.16020367291479E-16,1.5));
#4122=CARTESIAN_POINT('',(11.84675,-1.64923860701029E-16,1.34675));
#4123=VECTOR('',#5245,1.0);
#4124=CARTESIAN_POINT('',(12.0,1.46156768328701E-16,-1.1935));
#4125=AXIS2_PLACEMENT_3D('',#5246,#5247,#5248);
#4126=CARTESIAN_POINT('',(11.6935,1.83690953073357E-16,-1.5));
#4127=CARTESIAN_POINT('',(11.84675,1.64923860701029E-16,-1.34675));
#4128=VECTOR('',#5249,1.0);
#4129=AXIS2_PLACEMENT_3D('',#5250,#5251,#5252);
#4130=COLOUR_RGB('',0.509803950786591,0.509803950786591,0.588235318660736);
#4131=CARTESIAN_POINT('',(1.4,-1.83685303695122E-16,1.5));
#4132=CARTESIAN_POINT('',(6.07675,-1.83690953073357E-16,1.5));
#4133=VECTOR('',#5253,1.0);
#4134=CARTESIAN_POINT('',(1.4,0.0,-1.5));
#4135=CARTESIAN_POINT('',(6.07675,1.83690953073357E-16,-1.5));
#4136=VECTOR('',#5254,1.0);
#4137=AXIS2_PLACEMENT_3D('',#5255,#5256,#5257);
#4138=COLOUR_RGB('',0.509803950786591,0.509803950786591,0.588235318660736);
#4139=CARTESIAN_POINT('',(1.3625,1.74501038510366E-16,-1.425));
#4140=VECTOR('',#5258,1.0);
#4141=CARTESIAN_POINT('',(1.3625,-1.74501038510366E-16,1.425));
#4142=VECTOR('',#5259,1.0);
#4143=COLOUR_RGB('',0.509803950786591,0.509803950786591,0.588235318660736);
#4144=CARTESIAN_POINT('',(1.25000000005,-9.18485099054353E-18,-1.3500000000866));
#4145=AXIS2_PLACEMENT_3D('',#5260,#5261,#5262);
#4146=CARTESIAN_POINT('',(1.25000000005,-1.65316773336215E-16,1.3500000000866));
#4147=AXIS2_PLACEMENT_3D('',#5263,#5264,#5265);
#4148=AXIS2_PLACEMENT_3D('',#5266,#5267,#5268);
#4149=COLOUR_RGB('',0.509803950786591,0.509803950786591,0.588235318660736);
#4150=CARTESIAN_POINT('',(1.212500000025,1.74501038515668E-16,-1.4250000000433));
#4151=VECTOR('',#5269,1.0);
#4152=CARTESIAN_POINT('',(1.212500000025,-1.74501038515668E-16,1.4250000000433));
#4153=VECTOR('',#5270,1.0);
#4154=COLOUR_RGB('',0.509803950786591,0.509803950786591,0.588235318660736);
#4155=CARTESIAN_POINT('',(11.7401923788647,1.59086285808736E-17,0.0));
#4156=CARTESIAN_POINT('',(12.0,-5.51072859220068E-17,-0.449999999999999));
#4157=CARTESIAN_POINT('',(11.8700961894323,-2.75536429610035E-17,-0.225));
#4158=VECTOR('',#5271,1.0);
#4159=CARTESIAN_POINT('',(12.0,0.0,0.45));
#4160=CARTESIAN_POINT('',(11.8700961894323,2.75536429610035E-17,0.225));
#4161=VECTOR('',#5272,1.0);
#4162=AXIS2_PLACEMENT_3D('',#5273,#5274,#5275);
#4163=COLOUR_RGB('',0.509803950786591,0.509803950786591,0.588235318660736);
#4164=CARTESIAN_POINT('',(0.46,0.0,1.955));
#4165=CARTESIAN_POINT('',(0.69,-2.55351295663786E-17,1.955));
#4166=CARTESIAN_POINT('',(0.575,2.26642977389085E-16,1.955));
#4167=VECTOR('',#5276,1.0);
#4168=CARTESIAN_POINT('',(0.460000000606142,-2.3941054223957E-16,-1.955));
#4169=AXIS2_PLACEMENT_3D('',#5277,#5278,#5279);
#4170=CARTESIAN_POINT('',(0.69,-2.64945671738653E-16,-1.955));
#4171=CARTESIAN_POINT('',(0.575,-2.52178106955464E-16,-1.955));
#4172=VECTOR('',#5280,1.0);
#4173=AXIS2_PLACEMENT_3D('',#5281,#5282,#5283);
#4174=COLOUR_RGB('',0.509803950786591,0.509803950786591,0.588235318660736);
#4175=AXIS2_PLACEMENT_3D('',#5284,#5285,#5286);
#4176=AXIS2_PLACEMENT_3D('',#5287,#5288,#5289);
#4177=COLOUR_RGB('',0.509803950786591,0.509803950786591,0.588235318660736);
#4178=AXIS2_PLACEMENT_3D('',#5290,#5291,#5292);
#4179=COLOUR_RGB('',0.509803950786591,0.509803950786591,0.588235318660736);
#4180=AXIS2_PLACEMENT_3D('',#5293,#5294,#5295);
#4181=COLOUR_RGB('',0.509803950786591,0.509803950786591,0.588235318660736);
#4182=AXIS2_PLACEMENT_3D('',#5296,#5297,#5298);
#4183=AXIS2_PLACEMENT_3D('',#5299,#5300,#5301);
#4184=COLOUR_RGB('',0.509803950786591,0.509803950786591,0.588235318660736);
#4185=COLOUR_RGB('',0.509803950786591,0.509803950786591,0.588235318660736);
#4186=AXIS2_PLACEMENT_3D('',#5302,#5303,#5304);
#4187=COLOUR_RGB('',0.509803950786591,0.509803950786591,0.588235318660736);
#4188=AXIS2_PLACEMENT_3D('',#5305,#5306,#5307);
#4189=COLOUR_RGB('',0.509803950786591,0.509803950786591,0.588235318660736);
#4190=AXIS2_PLACEMENT_3D('',#5308,#5309,#5310);
#4191=COLOUR_RGB('',0.509803950786591,0.509803950786591,0.588235318660736);
#4192=COLOUR_RGB('',0.509803950786591,0.509803950786591,0.588235318660736);
#4193=COLOUR_RGB('',0.509803950786591,0.509803950786591,0.588235318660736);
#4194=COLOUR_RGB('',0.509803950786591,0.509803950786591,0.588235318660736);
#4195=AXIS2_PLACEMENT_3D('',#5311,#5312,#5313);
#4196=COLOUR_RGB('',0.509803950786591,0.509803950786591,0.588235318660736);
#4197=COLOUR_RGB('',0.509803950786591,0.509803950786591,0.588235318660736);
#4198=CARTESIAN_POINT('',(5.98319798375805,-0.517835705054726,1.15492627699154));
#4199=CARTESIAN_POINT('',(5.98319798375805,-0.517970211392847,1.16815522443162));
#4200=CARTESIAN_POINT('',(5.98319798375805,-0.517835705054726,1.15602345597657));
#4201=VECTOR('',#5314,1.0);
#4202=CARTESIAN_POINT('',(6.0,-0.517970211392847,1.16815522443162));
#4203=CARTESIAN_POINT('',(6.0,-0.517835705054726,1.16811287984369));
#4204=VECTOR('',#5315,0.336040324838981);
#4205=CARTESIAN_POINT('',(6.0,-0.517835705054726,1.15492627699154));
#4206=CARTESIAN_POINT('',(6.0,-0.517835705054726,1.15602345597657));
#4207=VECTOR('',#5316,1.0);
#4208=CARTESIAN_POINT('',(6.0,-0.517835705054726,1.15492627699154));
#4209=VECTOR('',#5317,0.336040324838981);
#4210=COLOUR_RGB('',0.509803950786591,0.509803950786591,0.588235318660736);
#4211=CARTESIAN_POINT('',(5.98319798375805,-0.522239542199152,1.16865090519618));
#4212=CARTESIAN_POINT('',(5.98319798375805,-0.521821790630029,1.16860510351812));
#4213=VECTOR('',#5318,1.0);
#4214=CARTESIAN_POINT('',(6.0,-0.522239542199152,1.16865090519618));
#4215=CARTESIAN_POINT('',(6.0,-0.522239542199152,1.16865090519618));
#4216=VECTOR('',#5319,0.336040324838981);
#4217=CARTESIAN_POINT('',(6.0,-0.521821790630029,1.16860510351812));
#4218=VECTOR('',#5320,1.0);
#4219=COLOUR_RGB('',0.509803950786591,0.509803950786591,0.588235318660736);
#4220=CARTESIAN_POINT('',(5.98319798375805,-0.525567328638605,1.16865090519618));
#4221=CARTESIAN_POINT('',(5.98319798375805,-0.525059506463872,1.16865090519618));
#4222=VECTOR('',#5321,1.0);
#4223=CARTESIAN_POINT('',(6.0,-0.525567328638605,1.16865090519618));
#4224=CARTESIAN_POINT('',(6.0,-0.525567328638605,1.16865090519618));
#4225=VECTOR('',#5322,0.336040324838981);
#4226=CARTESIAN_POINT('',(6.0,-0.525059506463872,1.16865090519618));
#4227=VECTOR('',#5323,1.0);
#4228=COLOUR_RGB('',0.509803950786591,0.509803950786591,0.588235318660736);
#4229=CARTESIAN_POINT('',(5.98319798375805,-0.531136887380086,1.16673792616511));
#4230=CARTESIAN_POINT('',(5.98319798375805,-0.529701685571045,1.16723087562367));
#4231=VECTOR('',#5324,1.0);
#4232=CARTESIAN_POINT('',(6.0,-0.531136887380086,1.16673792616511));
#4233=CARTESIAN_POINT('',(6.0,-0.531136887380086,1.16673792616511));
#4234=VECTOR('',#5325,0.336040324838981);
#4235=CARTESIAN_POINT('',(6.0,-0.529701685571045,1.16723087562367));
#4236=VECTOR('',#5326,1.0);
#4237=COLOUR_RGB('',0.509803950786591,0.509803950786591,0.588235318660736);
#4238=CARTESIAN_POINT('',(5.98319798375805,-0.533538074601368,1.16292193153544));
#4239=CARTESIAN_POINT('',(5.98319798375805,-0.534587551956307,1.16125408992987));
#4240=VECTOR('',#5327,1.0);
#4241=CARTESIAN_POINT('',(6.0,-0.533538074601368,1.16292193153544));
#4242=CARTESIAN_POINT('',(6.0,-0.533538074601368,1.16292193153544));
#4243=VECTOR('',#5328,0.336040324838981);
#4244=CARTESIAN_POINT('',(6.0,-0.534587551956308,1.16125408992987));
#4245=VECTOR('',#5329,1.0);
#4246=COLOUR_RGB('',0.509803950786591,0.509803950786591,0.588235318660736);
#4247=CARTESIAN_POINT('',(5.98319798375805,-0.533538074601368,1.16038623797604));
#4248=CARTESIAN_POINT('',(5.98319798375805,-0.533538074601368,1.15577312473617));
#4249=VECTOR('',#5330,1.0);
#4250=CARTESIAN_POINT('',(6.0,-0.533538074601368,1.16038623797604));
#4251=CARTESIAN_POINT('',(6.0,-0.533538074601368,1.16038623797604));
#4252=VECTOR('',#5331,0.336040324838981);
#4253=CARTESIAN_POINT('',(6.0,-0.533538074601368,1.15577312473617));
#4254=VECTOR('',#5332,1.0);
#4255=COLOUR_RGB('',0.509803950786591,0.509803950786591,0.588235318660736);
#4256=CARTESIAN_POINT('',(5.98319798375805,-0.530404575094757,1.15651544446787));
#4257=CARTESIAN_POINT('',(5.98319798375805,-0.528747611897703,1.15446860757739));
#4258=VECTOR('',#5333,1.0);
#4259=CARTESIAN_POINT('',(6.0,-0.530404575094757,1.15651544446787));
#4260=CARTESIAN_POINT('',(6.0,-0.530404575094757,1.15651544446787));
#4261=VECTOR('',#5334,0.336040324838981);
#4262=CARTESIAN_POINT('',(6.0,-0.528747611897703,1.15446860757739));
#4263=VECTOR('',#5335,1.0);
#4264=COLOUR_RGB('',0.509803950786591,0.509803950786591,0.588235318660736);
#4265=CARTESIAN_POINT('',(5.98319798375805,-0.524730400312515,1.15492627699154));
#4266=CARTESIAN_POINT('',(5.98319798375805,-0.525922175732457,1.15526005781592));
#4267=VECTOR('',#5336,1.0);
#4268=CARTESIAN_POINT('',(6.0,-0.524730400312515,1.15492627699154));
#4269=CARTESIAN_POINT('',(6.0,-0.524730400312515,1.15492627699154));
#4270=VECTOR('',#5337,0.336040324838981);
#4271=CARTESIAN_POINT('',(6.0,-0.525922175732457,1.15526005781592));
#4272=VECTOR('',#5338,1.0);
#4273=COLOUR_RGB('',0.509803950786591,0.509803950786591,0.588235318660736);
#4274=CARTESIAN_POINT('',(5.98319798375805,-0.522911141341097,1.15492627699154));
#4275=VECTOR('',#5339,1.0);
#4276=CARTESIAN_POINT('',(6.0,-0.522911141341097,1.15492627699154));
#4277=VECTOR('',#5340,1.0);
#4278=COLOUR_RGB('',0.509803950786591,0.509803950786591,0.588235318660736);
#4279=CARTESIAN_POINT('',(5.98319798375805,-0.506890874504607,1.12911102350465));
#4280=CARTESIAN_POINT('',(5.98319798375805,-0.506890874504607,1.174843178466));
#4281=CARTESIAN_POINT('',(5.98319798375805,-0.506890874504607,1.174843178466));
#4282=VECTOR('',#5341,0.336040324838981);
#4283=CARTESIAN_POINT('',(6.0,-0.506890874504607,1.12911102350465));
#4284=CARTESIAN_POINT('',(6.0,-0.506890874504607,1.12911102350465));
#4285=VECTOR('',#5342,0.336040324838981);
#4286=CARTESIAN_POINT('',(6.0,-0.506890874504607,1.174843178466));
#4287=CARTESIAN_POINT('',(6.0,-0.506890874504607,1.174843178466));
#4288=VECTOR('',#5343,0.336040324838981);
#4289=CARTESIAN_POINT('',(6.0,-0.506890874504607,1.174843178466));
#4290=VECTOR('',#5344,0.336040324838981);
#4291=COLOUR_RGB('',0.509803950786591,0.509803950786591,0.588235318660736);
#4292=CARTESIAN_POINT('',(5.98319798375805,-0.507942016628447,1.17505739226375));
#4293=CARTESIAN_POINT('',(5.98319798375805,-0.507942016628447,1.17505739226375));
#4294=VECTOR('',#5345,0.336040324838981);
#4295=CARTESIAN_POINT('',(6.0,-0.507942016628447,1.17505739226375));
#4296=CARTESIAN_POINT('',(6.0,-0.507942016628447,1.17505739226375));
#4297=VECTOR('',#5346,0.336040324838981);
#4298=CARTESIAN_POINT('',(6.0,-0.507942016628447,1.17505739226375));
#4299=VECTOR('',#5347,0.336040324838981);
#4300=COLOUR_RGB('',0.509803950786591,0.509803950786591,0.588235318660736);
#4301=CARTESIAN_POINT('',(5.98319798375805,-0.520406270627716,1.1765220168344));
#4302=CARTESIAN_POINT('',(5.98319798375805,-0.520406270627716,1.1765220168344));
#4303=VECTOR('',#5348,0.336040324838981);
#4304=CARTESIAN_POINT('',(6.0,-0.520406270627716,1.1765220168344));
#4305=CARTESIAN_POINT('',(6.0,-0.520406270627716,1.1765220168344));
#4306=VECTOR('',#5349,0.336040324838981);
#4307=CARTESIAN_POINT('',(6.0,-0.520406270627716,1.1765220168344));
#4308=VECTOR('',#5350,0.336040324838981);
#4309=COLOUR_RGB('',0.509803950786591,0.509803950786591,0.588235318660736);
#4310=CARTESIAN_POINT('',(5.98319798375805,-0.52705188007417,1.1765220168344));
#4311=CARTESIAN_POINT('',(5.98319798375805,-0.524561021960807,1.1765220168344));
#4312=VECTOR('',#5351,0.336040324838981);
#4313=CARTESIAN_POINT('',(6.0,-0.52705188007417,1.1765220168344));
#4314=CARTESIAN_POINT('',(6.0,-0.52705188007417,1.1765220168344));
#4315=VECTOR('',#5352,0.336040324838981);
#4316=CARTESIAN_POINT('',(6.0,-0.52705188007417,1.1765220168344));
#4317=VECTOR('',#5353,0.336040324838981);
#4318=COLOUR_RGB('',0.509803950786591,0.509803950786591,0.588235318660736);
#4319=CARTESIAN_POINT('',(5.98319798375805,-0.53453939956294,1.17554560045397));
#4320=CARTESIAN_POINT('',(5.98319798375805,-0.53453939956294,1.17554560045397));
#4321=VECTOR('',#5354,0.336040324838981);
#4322=CARTESIAN_POINT('',(6.0,-0.53453939956294,1.17554560045397));
#4323=CARTESIAN_POINT('',(6.0,-0.53453939956294,1.17554560045397));
#4324=VECTOR('',#5355,0.336040324838981);
#4325=CARTESIAN_POINT('',(6.0,-0.53453939956294,1.17554560045397));
#4326=VECTOR('',#5356,0.336040324838981);
#4327=COLOUR_RGB('',0.509803950786591,0.509803950786591,0.588235318660736);
#4328=CARTESIAN_POINT('',(5.98319798375805,-0.539675548992695,1.17343335277383));
#4329=CARTESIAN_POINT('',(5.98319798375805,-0.539675548992695,1.17343335277383));
#4330=VECTOR('',#5357,0.336040324838981);
#4331=CARTESIAN_POINT('',(6.0,-0.539675548992695,1.17343335277383));
#4332=CARTESIAN_POINT('',(6.0,-0.539675548992695,1.17343335277383));
#4333=VECTOR('',#5358,0.336040324838981);
#4334=CARTESIAN_POINT('',(6.0,-0.539675548992695,1.17343335277383));
#4335=VECTOR('',#5359,0.336040324838981);
#4336=COLOUR_RGB('',0.509803950786591,0.509803950786591,0.588235318660736);
#4337=CARTESIAN_POINT('',(5.98319798375805,-0.540848743164089,1.17262382388699));
#4338=CARTESIAN_POINT('',(5.98319798375805,-0.540537385899919,1.17286543712399));
#4339=VECTOR('',#5360,0.336040324838981);
#4340=CARTESIAN_POINT('',(6.0,-0.540848743164089,1.17262382388699));
#4341=CARTESIAN_POINT('',(6.0,-0.540537385899919,1.17286543712399));
#4342=VECTOR('',#5361,0.336040324838981);
#4343=CARTESIAN_POINT('',(6.0,-0.541160100428259,1.17238221064999));
#4344=VECTOR('',#5362,0.336040324838981);
#4345=COLOUR_RGB('',0.509803950786591,0.509803950786591,0.588235318660736);
#4346=CARTESIAN_POINT('',(5.98319798375805,-0.545001003639066,1.16540780793258));
#4347=CARTESIAN_POINT('',(5.98319798375805,-0.545001003639066,1.16540780793258));
#4348=VECTOR('',#5363,0.336040324838981);
#4349=CARTESIAN_POINT('',(6.0,-0.545001003639066,1.16540780793258));
#4350=CARTESIAN_POINT('',(6.0,-0.545001003639066,1.16540780793258));
#4351=VECTOR('',#5364,0.336040324838981);
#4352=CARTESIAN_POINT('',(6.0,-0.545001003639066,1.16540780793258));
#4353=VECTOR('',#5365,0.336040324838981);
#4354=COLOUR_RGB('',0.509803950786591,0.509803950786591,0.588235318660736);
#4355=CARTESIAN_POINT('',(5.98319798375805,-0.545001003639066,1.16135269092402));
#4356=CARTESIAN_POINT('',(5.98319798375805,-0.545001003639066,1.16305643787356));
#4357=VECTOR('',#5366,0.336040324838981);
#4358=CARTESIAN_POINT('',(6.0,-0.545001003639066,1.16135269092402));
#4359=CARTESIAN_POINT('',(6.0,-0.545001003639066,1.16135269092402));
#4360=VECTOR('',#5367,0.336040324838981);
#4361=CARTESIAN_POINT('',(6.0,-0.545001003639066,1.16135269092402));
#4362=VECTOR('',#5368,0.336040324838981);
#4363=COLOUR_RGB('',0.509803950786591,0.509803950786591,0.588235318660736);
#4364=CARTESIAN_POINT('',(5.98319798375805,-0.542350730606447,1.15624643179163));
#4365=CARTESIAN_POINT('',(5.98319798375805,-0.542350730606447,1.15624643179163));
#4366=VECTOR('',#5369,0.336040324838981);
#4367=CARTESIAN_POINT('',(6.0,-0.542350730606447,1.15624643179163));
#4368=CARTESIAN_POINT('',(6.0,-0.542350730606447,1.15624643179163));
#4369=VECTOR('',#5370,0.336040324838981);
#4370=CARTESIAN_POINT('',(6.0,-0.542350730606447,1.15624643179163));
#4371=VECTOR('',#5371,0.336040324838981);
#4372=COLOUR_RGB('',0.509803950786591,0.509803950786591,0.588235318660736);
#4373=CARTESIAN_POINT('',(5.98319798375805,-0.536890769621955,1.15254501663517));
#4374=CARTESIAN_POINT('',(5.98319798375805,-0.536890769621955,1.15254501663517));
#4375=VECTOR('',#5372,0.336040324838981);
#4376=CARTESIAN_POINT('',(6.0,-0.536890769621955,1.15254501663517));
#4377=CARTESIAN_POINT('',(6.0,-0.536890769621955,1.15254501663517));
#4378=VECTOR('',#5373,0.336040324838981);
#4379=CARTESIAN_POINT('',(6.0,-0.536890769621955,1.15254501663517));
#4380=VECTOR('',#5374,0.336040324838981);
#4381=COLOUR_RGB('',0.509803950786591,0.509803950786591,0.588235318660736);
#4382=CARTESIAN_POINT('',(5.98319798375805,-0.535485925646019,1.15182764949852));
#4383=CARTESIAN_POINT('',(5.98319798375805,-0.535485925646019,1.15211160732344));
#4384=VECTOR('',#5375,0.336040324838981);
#4385=CARTESIAN_POINT('',(6.0,-0.535485925646019,1.15182764949852));
#4386=CARTESIAN_POINT('',(6.0,-0.535485925646019,1.15211160732344));
#4387=VECTOR('',#5376,0.336040324838981);
#4388=CARTESIAN_POINT('',(6.0,-0.535485925646019,1.1515436916736));
#4389=VECTOR('',#5377,0.336040324838981);
#4390=COLOUR_RGB('',0.509803950786591,0.509803950786591,0.588235318660736);
#4391=CARTESIAN_POINT('',(5.98319798375805,-0.536596848364578,1.15122486183509));
#4392=CARTESIAN_POINT('',(5.98319798375805,-0.536596848364578,1.15122486183509));
#4393=VECTOR('',#5378,0.336040324838981);
#4394=CARTESIAN_POINT('',(6.0,-0.536596848364578,1.15122486183509));
#4395=CARTESIAN_POINT('',(6.0,-0.536596848364578,1.15122486183509));
#4396=VECTOR('',#5379,0.336040324838981);
#4397=CARTESIAN_POINT('',(6.0,-0.536596848364578,1.15122486183509));
#4398=VECTOR('',#5380,0.336040324838981);
#4399=COLOUR_RGB('',0.509803950786591,0.509803950786591,0.588235318660736);
#4400=CARTESIAN_POINT('',(5.98319798375805,-0.543541360784635,1.14189410734243));
#4401=CARTESIAN_POINT('',(5.98319798375805,-0.543541360784635,1.14189410734243));
#4402=VECTOR('',#5381,0.336040324838981);
#4403=CARTESIAN_POINT('',(6.0,-0.543541360784635,1.14189410734243));
#4404=CARTESIAN_POINT('',(6.0,-0.543541360784635,1.14189410734243));
#4405=VECTOR('',#5382,0.336040324838981);
#4406=CARTESIAN_POINT('',(6.0,-0.543541360784635,1.14189410734243));
#4407=VECTOR('',#5383,0.336040324838981);
#4408=COLOUR_RGB('',0.509803950786591,0.509803950786591,0.588235318660736);
#4409=CARTESIAN_POINT('',(5.98319798375805,-0.543885099204279,1.14035475702837));
#4410=CARTESIAN_POINT('',(5.98319798375805,-0.543885099204279,1.14035475702837));
#4411=VECTOR('',#5384,0.336040324838981);
#4412=CARTESIAN_POINT('',(6.0,-0.543885099204279,1.14035475702837));
#4413=CARTESIAN_POINT('',(6.0,-0.543885099204279,1.14035475702837));
#4414=VECTOR('',#5385,0.336040324838981);
#4415=CARTESIAN_POINT('',(6.0,-0.543885099204279,1.14035475702837));
#4416=VECTOR('',#5386,0.336040324838981);
#4417=COLOUR_RGB('',0.509803950786591,0.509803950786591,0.588235318660736);
#4418=CARTESIAN_POINT('',(5.98319798375805,-0.544238801056377,1.13859621120034));
#4419=CARTESIAN_POINT('',(5.98319798375805,-0.544238801056377,1.13859621120034));
#4420=VECTOR('',#5387,0.336040324838981);
#4421=CARTESIAN_POINT('',(6.0,-0.544238801056377,1.13859621120034));
#4422=CARTESIAN_POINT('',(6.0,-0.544238801056377,1.13859621120034));
#4423=VECTOR('',#5388,0.336040324838981);
#4424=CARTESIAN_POINT('',(6.0,-0.544238801056377,1.13859621120034));
#4425=VECTOR('',#5389,0.336040324838981);
#4426=COLOUR_RGB('',0.509803950786591,0.509803950786591,0.588235318660736);
#4427=CARTESIAN_POINT('',(5.98319798375805,-0.545673535329674,1.13265302374185));
#4428=CARTESIAN_POINT('',(5.98319798375805,-0.545673535329674,1.13265302374185));
#4429=VECTOR('',#5390,0.336040324838981);
#4430=CARTESIAN_POINT('',(6.0,-0.545673535329674,1.13265302374185));
#4431=CARTESIAN_POINT('',(6.0,-0.545673535329674,1.13265302374185));
#4432=VECTOR('',#5391,0.336040324838981);
#4433=CARTESIAN_POINT('',(6.0,-0.545673535329674,1.13265302374185));
#4434=VECTOR('',#5392,0.336040324838981);
#4435=COLOUR_RGB('',0.509803950786591,0.509803950786591,0.588235318660736);
#4436=CARTESIAN_POINT('',(5.98319798375805,-0.547148123332785,1.12930032872126));
#4437=CARTESIAN_POINT('',(5.98319798375805,-0.546998671845983,1.12948963393788));
#4438=VECTOR('',#5393,0.336040324838981);
#4439=CARTESIAN_POINT('',(6.0,-0.547148123332785,1.12930032872126));
#4440=CARTESIAN_POINT('',(6.0,-0.546998671845983,1.12948963393788));
#4441=VECTOR('',#5394,0.336040324838981);
#4442=CARTESIAN_POINT('',(6.0,-0.547297574819587,1.12911102350465));
#4443=VECTOR('',#5395,0.336040324838981);
#4444=COLOUR_RGB('',0.509803950786591,0.509803950786591,0.588235318660736);
#4445=CARTESIAN_POINT('',(5.98319798375805,-0.535607977693573,1.12932772816051));
#4446=CARTESIAN_POINT('',(5.98319798375805,-0.535784828619621,1.12911102350465));
#4447=VECTOR('',#5396,0.336040324838981);
#4448=CARTESIAN_POINT('',(6.0,-0.535607977693573,1.12932772816051));
#4449=CARTESIAN_POINT('',(6.0,-0.535784828619621,1.12911102350465));
#4450=VECTOR('',#5397,0.336040324838981);
#4451=CARTESIAN_POINT('',(6.0,-0.535431126767524,1.12954443281637));
#4452=VECTOR('',#5398,0.336040324838981);
#4453=COLOUR_RGB('',0.509803950786591,0.509803950786591,0.588235318660736);
#4454=CARTESIAN_POINT('',(5.98319798375805,-0.532457042180168,1.13873569925468));
#4455=CARTESIAN_POINT('',(5.98319798375805,-0.532457042180168,1.13873569925468));
#4456=VECTOR('',#5399,0.336040324838981);
#4457=CARTESIAN_POINT('',(6.0,-0.532457042180168,1.13873569925468));
#4458=CARTESIAN_POINT('',(6.0,-0.532457042180168,1.13873569925468));
#4459=VECTOR('',#5400,0.336040324838981);
#4460=CARTESIAN_POINT('',(6.0,-0.532457042180168,1.13873569925468));
#4461=VECTOR('',#5401,0.336040324838981);
#4462=COLOUR_RGB('',0.509803950786591,0.509803950786591,0.588235318660736);
#4463=CARTESIAN_POINT('',(5.98319798375805,-0.53210334032807,1.14005585405477));
#4464=CARTESIAN_POINT('',(5.98319798375805,-0.53210334032807,1.14005585405477));
#4465=VECTOR('',#5402,0.336040324838981);
#4466=CARTESIAN_POINT('',(6.0,-0.53210334032807,1.14005585405477));
#4467=CARTESIAN_POINT('',(6.0,-0.53210334032807,1.14005585405477));
#4468=VECTOR('',#5403,0.336040324838981);
#4469=CARTESIAN_POINT('',(6.0,-0.53210334032807,1.14005585405477));
#4470=VECTOR('',#5404,0.336040324838981);
#4471=COLOUR_RGB('',0.509803950786591,0.509803950786591,0.588235318660736);
#4472=CARTESIAN_POINT('',(5.98319798375805,-0.531889126530321,1.14133117340881));
#4473=CARTESIAN_POINT('',(5.98319798375805,-0.531889126530321,1.14133117340881));
#4474=VECTOR('',#5405,0.336040324838981);
#4475=CARTESIAN_POINT('',(6.0,-0.531889126530321,1.14133117340881));
#4476=CARTESIAN_POINT('',(6.0,-0.531889126530321,1.14133117340881));
#4477=VECTOR('',#5406,0.336040324838981);
#4478=CARTESIAN_POINT('',(6.0,-0.531889126530321,1.14133117340881));
#4479=VECTOR('',#5407,0.336040324838981);
#4480=COLOUR_RGB('',0.509803950786591,0.509803950786591,0.588235318660736);
#4481=CARTESIAN_POINT('',(5.98319798375805,-0.529238853497703,1.14562541279625));
#4482=CARTESIAN_POINT('',(5.98319798375805,-0.529238853497703,1.14562541279625));
#4483=VECTOR('',#5408,0.336040324838981);
#4484=CARTESIAN_POINT('',(6.0,-0.529238853497703,1.14562541279625));
#4485=CARTESIAN_POINT('',(6.0,-0.529238853497703,1.14562541279625));
#4486=VECTOR('',#5409,0.336040324838981);
#4487=CARTESIAN_POINT('',(6.0,-0.529238853497703,1.14562541279625));
#4488=VECTOR('',#5410,0.336040324838981);
#4489=COLOUR_RGB('',0.509803950786591,0.509803950786591,0.588235318660736);
#4490=CARTESIAN_POINT('',(5.98319798375805,-0.524242192122297,1.14735406832692));
#4491=CARTESIAN_POINT('',(5.98319798375805,-0.524242192122297,1.14735406832692));
#4492=VECTOR('',#5411,0.336040324838981);
#4493=CARTESIAN_POINT('',(6.0,-0.524242192122297,1.14735406832692));
#4494=CARTESIAN_POINT('',(6.0,-0.524242192122297,1.14735406832692));
#4495=VECTOR('',#5412,0.336040324838981);
#4496=CARTESIAN_POINT('',(6.0,-0.524242192122297,1.14735406832692));
#4497=VECTOR('',#5413,0.336040324838981);
#4498=COLOUR_RGB('',0.509803950786591,0.509803950786591,0.588235318660736);
#4499=CARTESIAN_POINT('',(5.98319798375805,-0.517566692378483,1.14735406832692));
#4500=CARTESIAN_POINT('',(5.98319798375805,-0.522588262335023,1.14735406832692));
#4501=VECTOR('',#5414,0.336040324838981);
#4502=CARTESIAN_POINT('',(6.0,-0.517566692378483,1.14735406832692));
#4503=CARTESIAN_POINT('',(6.0,-0.517566692378483,1.14735406832692));
#4504=VECTOR('',#5415,0.336040324838981);
#4505=CARTESIAN_POINT('',(6.0,-0.517566692378483,1.14735406832692));
#4506=VECTOR('',#5416,0.336040324838981);
#4507=COLOUR_RGB('',0.509803950786591,0.509803950786591,0.588235318660736);
#4508=CARTESIAN_POINT('',(5.98319798375805,-0.517566692378483,1.12911102350465));
#4509=CARTESIAN_POINT('',(5.98319798375805,-0.517566692378483,1.12911102350465));
#4510=VECTOR('',#5417,0.336040324838981);
#4511=CARTESIAN_POINT('',(6.0,-0.517566692378483,1.12911102350465));
#4512=CARTESIAN_POINT('',(6.0,-0.517566692378483,1.12911102350465));
#4513=VECTOR('',#5418,0.336040324838981);
#4514=CARTESIAN_POINT('',(6.0,-0.517566692378483,1.12911102350465));
#4515=VECTOR('',#5419,0.336040324838981);
#4516=COLOUR_RGB('',0.509803950786591,0.509803950786591,0.588235318660736);
#4517=CARTESIAN_POINT('',(5.98319798375805,-0.506890874504607,1.12911102350465));
#4518=VECTOR('',#5420,0.336040324838981);
#4519=CARTESIAN_POINT('',(6.0,-0.506890874504607,1.12911102350465));
#4520=VECTOR('',#5421,0.336040324838981);
#4521=COLOUR_RGB('',0.509803950786591,0.509803950786591,0.588235318660736);
#4522=COLOUR_RGB('',0.509803950786591,0.509803950786591,0.588235318660736);
#4523=COLOUR_RGB('',0.509803950786591,0.509803950786591,0.588235318660736);
#4524=CARTESIAN_POINT('',(5.98319798375805,-0.0874376925231027,1.19739904788575));
#4525=CARTESIAN_POINT('',(5.98319798375805,-0.216006720806497,1.19739904788575));
#4526=CARTESIAN_POINT('',(5.98319798375805,-0.0874376925231027,1.19739904788575));
#4527=VECTOR('',#5422,0.336040324838981);
#4528=CARTESIAN_POINT('',(6.0,-0.0874376925231027,1.19739904788575));
#4529=CARTESIAN_POINT('',(6.0,-0.0874376925231027,1.19739904788575));
#4530=VECTOR('',#5423,0.336040324838981);
#4531=CARTESIAN_POINT('',(6.0,-0.216006720806497,1.19739904788575));
#4532=CARTESIAN_POINT('',(6.0,-0.0874376925231027,1.19739904788575));
#4533=VECTOR('',#5424,0.336040324838981);
#4534=CARTESIAN_POINT('',(6.0,-0.216006720806497,1.19739904788575));
#4535=VECTOR('',#5425,0.336040324838981);
#4536=COLOUR_RGB('',0.509803950786591,0.509803950786591,0.588235318660736);
#4537=CARTESIAN_POINT('',(5.98319798375805,-0.275149817978157,1.06837636516382));
#4538=CARTESIAN_POINT('',(5.98319798375805,-0.216006720806497,1.19739904788575));
#4539=VECTOR('',#5426,0.336040324838981);
#4540=CARTESIAN_POINT('',(6.0,-0.275149817978157,1.06837636516382));
#4541=CARTESIAN_POINT('',(6.0,-0.216006720806497,1.19739904788575));
#4542=VECTOR('',#5427,0.336040324838981);
#4543=CARTESIAN_POINT('',(6.0,-0.275149817978157,1.06837636516382));
#4544=VECTOR('',#5428,0.336040324838981);
#4545=COLOUR_RGB('',0.509803950786591,0.509803950786591,0.588235318660736);
#4546=CARTESIAN_POINT('',(5.98319798375805,-0.33430971716606,1.19739904788575));
#4547=CARTESIAN_POINT('',(5.98319798375805,-0.275149817978157,1.06837636516382));
#4548=VECTOR('',#5429,0.336040324838981);
#4549=CARTESIAN_POINT('',(6.0,-0.33430971716606,1.19739904788575));
#4550=CARTESIAN_POINT('',(6.0,-0.275149817978157,1.06837636516382));
#4551=VECTOR('',#5430,0.336040324838981);
#4552=CARTESIAN_POINT('',(6.0,-0.33430971716606,1.19739904788575));
#4553=VECTOR('',#5431,0.336040324838981);
#4554=COLOUR_RGB('',0.509803950786591,0.509803950786591,0.588235318660736);
#4555=CARTESIAN_POINT('',(5.98319798375805,-0.462878745449454,1.19739904788575));
#4556=CARTESIAN_POINT('',(5.98319798375805,-0.33430971716606,1.19739904788575));
#4557=VECTOR('',#5432,0.336040324838981);
#4558=CARTESIAN_POINT('',(6.0,-0.462878745449454,1.19739904788575));
#4559=CARTESIAN_POINT('',(6.0,-0.33430971716606,1.19739904788575));
#4560=VECTOR('',#5433,0.336040324838981);
#4561=CARTESIAN_POINT('',(6.0,-0.462878745449454,1.19739904788575));
#4562=VECTOR('',#5434,0.336040324838981);
#4563=COLOUR_RGB('',0.509803950786591,0.509803950786591,0.588235318660736);
#4564=CARTESIAN_POINT('',(5.98319798375805,-0.462878745449454,0.732900588070569));
#4565=CARTESIAN_POINT('',(5.98319798375805,-0.462878745449454,1.19739904788575));
#4566=VECTOR('',#5435,0.336040324838981);
#4567=CARTESIAN_POINT('',(6.0,-0.462878745449454,0.732900588070569));
#4568=CARTESIAN_POINT('',(6.0,-0.462878745449454,1.19739904788575));
#4569=VECTOR('',#5436,0.336040324838981);
#4570=CARTESIAN_POINT('',(6.0,-0.462878745449454,0.732900588070569));
#4571=VECTOR('',#5437,0.336040324838981);
#4572=COLOUR_RGB('',0.509803950786591,0.509803950786591,0.588235318660736);
#4573=CARTESIAN_POINT('',(5.98319798375805,-0.33430971716606,0.732900588070569));
#4574=CARTESIAN_POINT('',(5.98319798375805,-0.462878745449454,0.732900588070569));
#4575=VECTOR('',#5438,0.336040324838981);
#4576=CARTESIAN_POINT('',(6.0,-0.33430971716606,0.732900588070569));
#4577=CARTESIAN_POINT('',(6.0,-0.462878745449454,0.732900588070569));
#4578=VECTOR('',#5439,0.336040324838981);
#4579=CARTESIAN_POINT('',(6.0,-0.33430971716606,0.732900588070569));
#4580=VECTOR('',#5440,0.336040324838981);
#4581=COLOUR_RGB('',0.509803950786591,0.509803950786591,0.588235318660736);
#4582=CARTESIAN_POINT('',(5.98319798375805,-0.33430971716606,0.864510781293755));
#4583=CARTESIAN_POINT('',(5.98319798375805,-0.33430971716606,0.732900588070569));
#4584=VECTOR('',#5441,0.336040324838981);
#4585=CARTESIAN_POINT('',(6.0,-0.33430971716606,0.864510781293755));
#4586=CARTESIAN_POINT('',(6.0,-0.33430971716606,0.732900588070569));
#4587=VECTOR('',#5442,0.336040324838981);
#4588=CARTESIAN_POINT('',(6.0,-0.33430971716606,0.864510781293755));
#4589=VECTOR('',#5443,0.336040324838981);
#4590=COLOUR_RGB('',0.509803950786591,0.509803950786591,0.588235318660736);
#4591=CARTESIAN_POINT('',(5.98319798375805,-0.272575749089891,0.750966115933912));
#4592=CARTESIAN_POINT('',(5.98319798375805,-0.33430971716606,0.864510781293755));
#4593=VECTOR('',#5444,0.336040324838981);
#4594=CARTESIAN_POINT('',(6.0,-0.272575749089891,0.750966115933912));
#4595=CARTESIAN_POINT('',(6.0,-0.33430971716606,0.864510781293755));
#4596=VECTOR('',#5445,0.336040324838981);
#4597=CARTESIAN_POINT('',(6.0,-0.272575749089891,0.750966115933912));
#4598=VECTOR('',#5446,0.336040324838981);
#4599=COLOUR_RGB('',0.509803950786591,0.509803950786591,0.588235318660736);
#4600=CARTESIAN_POINT('',(5.98319798375805,-0.216769532343881,0.864295715485858));
#4601=CARTESIAN_POINT('',(5.98319798375805,-0.272575749089891,0.750966115933912));
#4602=VECTOR('',#5447,0.336040324838981);
#4603=CARTESIAN_POINT('',(6.0,-0.216769532343881,0.864295715485858));
#4604=CARTESIAN_POINT('',(6.0,-0.272575749089891,0.750966115933912));
#4605=VECTOR('',#5448,0.336040324838981);
#4606=CARTESIAN_POINT('',(6.0,-0.216769532343881,0.864295715485858));
#4607=VECTOR('',#5449,0.336040324838981);
#4608=COLOUR_RGB('',0.509803950786591,0.509803950786591,0.588235318660736);
#4609=CARTESIAN_POINT('',(5.98319798375805,-0.217411369364324,0.732678801456175));
#4610=CARTESIAN_POINT('',(5.98319798375805,-0.216769532343881,0.864295715485858));
#4611=VECTOR('',#5450,0.336040324838981);
#4612=CARTESIAN_POINT('',(6.0,-0.217411369364324,0.732678801456175));
#4613=CARTESIAN_POINT('',(6.0,-0.216769532343881,0.864295715485858));
#4614=VECTOR('',#5451,0.336040324838981);
#4615=CARTESIAN_POINT('',(6.0,-0.217411369364324,0.732678801456175));
#4616=VECTOR('',#5452,0.336040324838981);
#4617=COLOUR_RGB('',0.509803950786591,0.509803950786591,0.588235318660736);
#4618=CARTESIAN_POINT('',(5.98319798375805,-0.0874376925231027,0.732900588070569));
#4619=CARTESIAN_POINT('',(5.98319798375805,-0.217411369364324,0.732678801456175));
#4620=VECTOR('',#5453,0.336040324838981);
#4621=CARTESIAN_POINT('',(6.0,-0.0874376925231027,0.732900588070569));
#4622=CARTESIAN_POINT('',(6.0,-0.217411369364324,0.732678801456175));
#4623=VECTOR('',#5454,0.336040324838981);
#4624=CARTESIAN_POINT('',(6.0,-0.0874376925231027,0.732900588070569));
#4625=VECTOR('',#5455,0.336040324838981);
#4626=COLOUR_RGB('',0.509803950786591,0.509803950786591,0.588235318660736);
#4627=CARTESIAN_POINT('',(5.98319798375805,-0.0874376925231027,0.732900588070569));
#4628=VECTOR('',#5456,0.336040324838981);
#4629=CARTESIAN_POINT('',(6.0,-0.0874376925231027,0.732900588070569));
#4630=VECTOR('',#5457,0.336040324838981);
#4631=COLOUR_RGB('',0.509803950786591,0.509803950786591,0.588235318660736);
#4632=COLOUR_RGB('',0.509803950786591,0.509803950786591,0.588235318660736);
#4633=COLOUR_RGB('',0.509803950786591,0.509803950786591,0.588235318660736);
#4634=CARTESIAN_POINT('',(5.98319798375805,0.339430971716606,0.954831699803977));
#4635=CARTESIAN_POINT('',(5.98319798375805,0.33840974516942,1.08066535984318));
#4636=CARTESIAN_POINT('',(5.98319798375805,0.339097559895231,0.995914092246237));
#4637=VECTOR('',#5458,1.0);
#4638=CARTESIAN_POINT('',(6.0,0.33840974516942,1.08066535984318));
#4639=CARTESIAN_POINT('',(6.0,0.33840974516942,1.08066535984318));
#4640=VECTOR('',#5459,0.336040324838981);
#4641=CARTESIAN_POINT('',(6.0,0.339430971716606,0.954831699803977));
#4642=CARTESIAN_POINT('',(6.0,0.339097559895231,0.995914092246237));
#4643=VECTOR('',#5460,1.0);
#4644=CARTESIAN_POINT('',(6.0,0.339430971716606,0.954831699803977));
#4645=VECTOR('',#5461,0.336040324838981);
#4646=COLOUR_RGB('',0.509803950786591,0.509803950786591,0.588235318660736);
#4647=CARTESIAN_POINT('',(5.98319798375805,0.31757154858583,1.07740240828899));
#4648=CARTESIAN_POINT('',(5.98319798375805,0.329210660045587,1.07922491997683));
#4649=VECTOR('',#5462,1.0);
#4650=CARTESIAN_POINT('',(6.0,0.31757154858583,1.07740240828899));
#4651=CARTESIAN_POINT('',(6.0,0.31757154858583,1.07740240828899));
#4652=VECTOR('',#5463,0.336040324838981);
#4653=CARTESIAN_POINT('',(6.0,0.329210660045587,1.07922491997683));
#4654=VECTOR('',#5464,1.0);
#4655=COLOUR_RGB('',0.509803950786591,0.509803950786591,0.588235318660736);
#4656=CARTESIAN_POINT('',(5.98319798375805,0.316094987398488,1.07659927191263));
#4657=CARTESIAN_POINT('',(5.98319798375805,0.306853070272426,1.07157237570615));
#4658=VECTOR('',#5465,1.0);
#4659=CARTESIAN_POINT('',(6.0,0.316094987398488,1.07659927191263));
#4660=CARTESIAN_POINT('',(6.0,0.316094987398488,1.07659927191263));
#4661=VECTOR('',#5466,0.336040324838981);
#4662=CARTESIAN_POINT('',(6.0,0.306853070272426,1.07157237570615));
#4663=VECTOR('',#5467,1.0);
#4664=COLOUR_RGB('',0.509803950786591,0.509803950786591,0.588235318660736);
#4665=CARTESIAN_POINT('',(5.98319798375805,0.311464015681882,1.07444861383366));
#4666=CARTESIAN_POINT('',(5.98319798375805,0.308043124041485,1.07285992603898));
#4667=VECTOR('',#5468,1.0);
#4668=CARTESIAN_POINT('',(6.0,0.311464015681882,1.07444861383366));
#4669=CARTESIAN_POINT('',(6.0,0.311464015681882,1.07444861383366));
#4670=VECTOR('',#5469,0.336040324838981);
#4671=CARTESIAN_POINT('',(6.0,0.308043124041485,1.07285992603898));
#4672=VECTOR('',#5470,1.0);
#4673=COLOUR_RGB('',0.509803950786591,0.509803950786591,0.588235318660736);
#4674=CARTESIAN_POINT('',(5.98319798375805,0.304335256230748,1.0686317558107));
#4675=CARTESIAN_POINT('',(5.98319798375805,0.295755707885753,1.06163109672463));
#4676=VECTOR('',#5471,1.0);
#4677=CARTESIAN_POINT('',(6.0,0.304335256230748,1.0686317558107));
#4678=CARTESIAN_POINT('',(6.0,0.304335256230748,1.0686317558107));
#4679=VECTOR('',#5472,0.336040324838981);
#4680=CARTESIAN_POINT('',(6.0,0.295755707885753,1.06163109672463));
#4681=VECTOR('',#5473,1.0);
#4682=COLOUR_RGB('',0.509803950786591,0.509803950786591,0.588235318660736);
#4683=CARTESIAN_POINT('',(5.98319798375805,0.297061327359283,1.0559025483058));
#4684=CARTESIAN_POINT('',(5.98319798375805,0.287405620605969,1.03900528452424));
#4685=VECTOR('',#5474,1.0);
#4686=CARTESIAN_POINT('',(6.0,0.297061327359283,1.0559025483058));
#4687=CARTESIAN_POINT('',(6.0,0.297061327359283,1.0559025483058));
#4688=VECTOR('',#5475,0.336040324838981);
#4689=CARTESIAN_POINT('',(6.0,0.287405620605969,1.03900528452424));
#4690=VECTOR('',#5476,1.0);
#4691=COLOUR_RGB('',0.509803950786591,0.509803950786591,0.588235318660736);
#4692=CARTESIAN_POINT('',(5.98319798375805,0.291719294315318,1.0382570708485));
#4693=CARTESIAN_POINT('',(5.98319798375805,0.286481469925525,1.02095580905646));
#4694=VECTOR('',#5477,1.0);
#4695=CARTESIAN_POINT('',(6.0,0.291719294315318,1.0382570708485));
#4696=CARTESIAN_POINT('',(6.0,0.291719294315318,1.0382570708485));
#4697=VECTOR('',#5478,0.336040324838981);
#4698=CARTESIAN_POINT('',(6.0,0.286481469925525,1.02095580905646));
#4699=VECTOR('',#5479,1.0);
#4700=COLOUR_RGB('',0.509803950786591,0.509803950786591,0.588235318660736);
#4701=CARTESIAN_POINT('',(5.98319798375805,0.290570708485018,1.03224194903388));
#4702=CARTESIAN_POINT('',(5.98319798375805,0.28649695253391,1.01090776778028));
#4703=VECTOR('',#5480,1.0);
#4704=CARTESIAN_POINT('',(6.0,0.290570708485018,1.03224194903388));
#4705=CARTESIAN_POINT('',(6.0,0.290570708485018,1.03224194903388));
#4706=VECTOR('',#5481,0.336040324838981);
#4707=CARTESIAN_POINT('',(6.0,0.28649695253391,1.01090776778028));
#4708=VECTOR('',#5482,1.0);
#4709=COLOUR_RGB('',0.509803950786591,0.509803950786591,0.588235318660736);
#4710=CARTESIAN_POINT('',(5.98319798375805,0.28936734808177,1.02580677681322));
#4711=CARTESIAN_POINT('',(5.98319798375805,0.285972947460062,1.00765464838381));
#4712=VECTOR('',#5483,1.0);
#4713=CARTESIAN_POINT('',(6.0,0.28936734808177,1.02580677681322));
#4714=CARTESIAN_POINT('',(6.0,0.28936734808177,1.02580677681322));
#4715=VECTOR('',#5484,0.336040324838981);
#4716=CARTESIAN_POINT('',(6.0,0.285972947460062,1.00765464838381));
#4717=VECTOR('',#5485,1.0);
#4718=COLOUR_RGB('',0.509803950786591,0.509803950786591,0.588235318660736);
#4719=CARTESIAN_POINT('',(5.98319798375805,0.290625483057967,1.00553010361243));
#4720=CARTESIAN_POINT('',(5.98319798375805,0.29138895770572,0.993225600341761));
#4721=VECTOR('',#5486,1.0);
#4722=CARTESIAN_POINT('',(6.0,0.290625483057967,1.00553010361243));
#4723=CARTESIAN_POINT('',(6.0,0.290625483057967,1.00553010361243));
#4724=VECTOR('',#5487,0.336040324838981);
#4725=CARTESIAN_POINT('',(6.0,0.29138895770572,0.993225600341761));
#4726=VECTOR('',#5488,1.0);
#4727=COLOUR_RGB('',0.509803950786591,0.509803950786591,0.588235318660736);
#4728=CARTESIAN_POINT('',(5.98319798375805,0.299631699803977,0.980081769812378));
#4729=CARTESIAN_POINT('',(5.98319798375805,0.300945718899733,0.976368823798363));
#4730=VECTOR('',#5489,1.0);
#4731=CARTESIAN_POINT('',(6.0,0.299631699803977,0.980081769812378));
#4732=CARTESIAN_POINT('',(6.0,0.299631699803977,0.980081769812378));
#4733=VECTOR('',#5490,0.336040324838981);
#4734=CARTESIAN_POINT('',(6.0,0.300945718899733,0.976368823798363));
#4735=VECTOR('',#5491,1.0);
#4736=COLOUR_RGB('',0.509803950786591,0.509803950786591,0.588235318660736);
#4737=CARTESIAN_POINT('',(5.98319798375805,0.316331895827499,0.961354242509101));
#4738=CARTESIAN_POINT('',(5.98319798375805,0.315754456374551,0.962001780604214));
#4739=VECTOR('',#5492,1.0);
#4740=CARTESIAN_POINT('',(6.0,0.316331895827499,0.961354242509101));
#4741=CARTESIAN_POINT('',(6.0,0.316331895827499,0.961354242509101));
#4742=VECTOR('',#5493,0.336040324838981);
#4743=CARTESIAN_POINT('',(6.0,0.315754456374551,0.962001780604214));
#4744=VECTOR('',#5494,1.0);
#4745=COLOUR_RGB('',0.509803950786591,0.509803950786591,0.588235318660736);
#4746=CARTESIAN_POINT('',(5.98319798375805,0.333760627275273,0.954542705124615));
#4747=CARTESIAN_POINT('',(5.98319798375805,0.331786772292206,0.955314131722644));
#4748=VECTOR('',#5495,1.0);
#4749=CARTESIAN_POINT('',(6.0,0.333760627275273,0.954542705124615));
#4750=CARTESIAN_POINT('',(6.0,0.333760627275273,0.954542705124615));
#4751=VECTOR('',#5496,0.336040324838981);
#4752=CARTESIAN_POINT('',(6.0,0.331786772292206,0.955314131722644));
#4753=VECTOR('',#5497,1.0);
#4754=COLOUR_RGB('',0.509803950786591,0.509803950786591,0.588235318660736);
#4755=CARTESIAN_POINT('',(5.98319798375805,0.342236536323172,0.954974688162495));
#4756=VECTOR('',#5498,1.0);
#4757=CARTESIAN_POINT('',(6.0,0.342236536323172,0.954974688162495));
#4758=VECTOR('',#5499,1.0);
#4759=COLOUR_RGB('',0.509803950786591,0.509803950786591,0.588235318660736);
#4760=CARTESIAN_POINT('',(5.98319798375805,0.334088938672641,0.732900588070569));
#4761=CARTESIAN_POINT('',(5.98319798375805,0.462875385046206,0.732900588070569));
#4762=CARTESIAN_POINT('',(5.98319798375805,0.462875385046206,0.732900588070569));
#4763=VECTOR('',#5500,0.336040324838981);
#4764=CARTESIAN_POINT('',(6.0,0.334088938672641,0.732900588070569));
#4765=CARTESIAN_POINT('',(6.0,0.334088938672641,0.732900588070569));
#4766=VECTOR('',#5501,0.336040324838981);
#4767=CARTESIAN_POINT('',(6.0,0.462875385046206,0.732900588070569));
#4768=CARTESIAN_POINT('',(6.0,0.462875385046206,0.732900588070569));
#4769=VECTOR('',#5502,0.336040324838981);
#4770=CARTESIAN_POINT('',(6.0,0.462875385046206,0.732900588070569));
#4771=VECTOR('',#5503,0.336040324838981);
#4772=COLOUR_RGB('',0.509803950786591,0.509803950786591,0.588235318660736);
#4773=CARTESIAN_POINT('',(5.98319798375805,0.462875385046206,1.19985886306357));
#4774=CARTESIAN_POINT('',(5.98319798375805,0.462875385046206,1.19985886306357));
#4775=VECTOR('',#5504,0.336040324838981);
#4776=CARTESIAN_POINT('',(6.0,0.462875385046206,1.19985886306357));
#4777=CARTESIAN_POINT('',(6.0,0.462875385046206,1.19985886306357));
#4778=VECTOR('',#5505,0.336040324838981);
#4779=CARTESIAN_POINT('',(6.0,0.462875385046206,1.19985886306357));
#4780=VECTOR('',#5506,0.336040324838981);
#4781=COLOUR_RGB('',0.509803950786591,0.509803950786591,0.588235318660736);
#4782=CARTESIAN_POINT('',(5.98319798375805,0.348090394847382,1.19985886306357));
#4783=CARTESIAN_POINT('',(5.98319798375805,0.348090394847382,1.19985886306357));
#4784=VECTOR('',#5507,0.336040324838981);
#4785=CARTESIAN_POINT('',(6.0,0.348090394847382,1.19985886306357));
#4786=CARTESIAN_POINT('',(6.0,0.348090394847382,1.19985886306357));
#4787=VECTOR('',#5508,0.336040324838981);
#4788=CARTESIAN_POINT('',(6.0,0.348090394847382,1.19985886306357));
#4789=VECTOR('',#5509,0.336040324838981);
#4790=COLOUR_RGB('',0.509803950786591,0.509803950786591,0.588235318660736);
#4791=CARTESIAN_POINT('',(5.98319798375805,0.339594623354803,1.19940184822179));
#4792=CARTESIAN_POINT('',(5.98319798375805,0.339594623354803,1.19940184822179));
#4793=VECTOR('',#5510,0.336040324838981);
#4794=CARTESIAN_POINT('',(6.0,0.339594623354803,1.19940184822179));
#4795=CARTESIAN_POINT('',(6.0,0.339594623354803,1.19940184822179));
#4796=VECTOR('',#5511,0.336040324838981);
#4797=CARTESIAN_POINT('',(6.0,0.339594623354803,1.19940184822179));
#4798=VECTOR('',#5512,0.336040324838981);
#4799=COLOUR_RGB('',0.509803950786591,0.509803950786591,0.588235318660736);
#4800=CARTESIAN_POINT('',(5.98319798375805,0.314198711845422,1.19599439932792));
#4801=CARTESIAN_POINT('',(5.98319798375805,0.314198711845422,1.19599439932792));
#4802=VECTOR('',#5513,0.336040324838981);
#4803=CARTESIAN_POINT('',(6.0,0.314198711845422,1.19599439932792));
#4804=CARTESIAN_POINT('',(6.0,0.314198711845422,1.19599439932792));
#4805=VECTOR('',#5514,0.336040324838981);
#4806=CARTESIAN_POINT('',(6.0,0.314198711845422,1.19599439932792));
#4807=VECTOR('',#5515,0.336040324838981);
#4808=COLOUR_RGB('',0.509803950786591,0.509803950786591,0.588235318660736);
#4809=CARTESIAN_POINT('',(5.98319798375805,0.281418650238029,1.18786558387006));
#4810=CARTESIAN_POINT('',(5.98319798375805,0.281418650238029,1.18786558387006));
#4811=VECTOR('',#5516,0.336040324838981);
#4812=CARTESIAN_POINT('',(6.0,0.281418650238029,1.18786558387006));
#4813=CARTESIAN_POINT('',(6.0,0.281418650238029,1.18786558387006));
#4814=VECTOR('',#5517,0.336040324838981);
#4815=CARTESIAN_POINT('',(6.0,0.281418650238029,1.18786558387006));
#4816=VECTOR('',#5518,0.336040324838981);
#4817=COLOUR_RGB('',0.509803950786591,0.509803950786591,0.588235318660736);
#4818=CARTESIAN_POINT('',(5.98319798375805,0.250735480257631,1.17493811257351));
#4819=CARTESIAN_POINT('',(5.98319798375805,0.250735480257631,1.17493811257351));
#4820=VECTOR('',#5519,0.336040324838981);
#4821=CARTESIAN_POINT('',(6.0,0.250735480257631,1.17493811257351));
#4822=CARTESIAN_POINT('',(6.0,0.250735480257631,1.17493811257351));
#4823=VECTOR('',#5520,0.336040324838981);
#4824=CARTESIAN_POINT('',(6.0,0.250735480257631,1.17493811257351));
#4825=VECTOR('',#5521,0.336040324838981);
#4826=COLOUR_RGB('',0.509803950786591,0.509803950786591,0.588235318660736);
#4827=CARTESIAN_POINT('',(5.98319798375805,0.22316942033044,1.15678185382246));
#4828=CARTESIAN_POINT('',(5.98319798375805,0.22316942033044,1.15678185382246));
#4829=VECTOR('',#5522,0.336040324838981);
#4830=CARTESIAN_POINT('',(6.0,0.22316942033044,1.15678185382246));
#4831=CARTESIAN_POINT('',(6.0,0.22316942033044,1.15678185382246));
#4832=VECTOR('',#5523,0.336040324838981);
#4833=CARTESIAN_POINT('',(6.0,0.22316942033044,1.15678185382246));
#4834=VECTOR('',#5524,0.336040324838981);
#4835=COLOUR_RGB('',0.509803950786591,0.509803950786591,0.588235318660736);
#4836=CARTESIAN_POINT('',(5.98319798375805,0.199760515261832,1.13287594511341));
#4837=CARTESIAN_POINT('',(5.98319798375805,0.199760515261832,1.13287594511341));
#4838=VECTOR('',#5525,0.336040324838981);
#4839=CARTESIAN_POINT('',(6.0,0.199760515261832,1.13287594511341));
#4840=CARTESIAN_POINT('',(6.0,0.199760515261832,1.13287594511341));
#4841=VECTOR('',#5526,0.336040324838981);
#4842=CARTESIAN_POINT('',(6.0,0.199760515261832,1.13287594511341));
#4843=VECTOR('',#5527,0.336040324838981);
#4844=COLOUR_RGB('',0.509803950786591,0.509803950786591,0.588235318660736);
#4845=CARTESIAN_POINT('',(5.98319798375805,0.181528983478017,1.1027566507981));
#4846=CARTESIAN_POINT('',(5.98319798375805,0.181528983478017,1.1027566507981));
#4847=VECTOR('',#5528,0.336040324838981);
#4848=CARTESIAN_POINT('',(6.0,0.181528983478017,1.1027566507981));
#4849=CARTESIAN_POINT('',(6.0,0.181528983478017,1.1027566507981));
#4850=VECTOR('',#5529,0.336040324838981);
#4851=CARTESIAN_POINT('',(6.0,0.181528983478017,1.1027566507981));
#4852=VECTOR('',#5530,0.336040324838981);
#4853=COLOUR_RGB('',0.509803950786591,0.509803950786591,0.588235318660736);
#4854=CARTESIAN_POINT('',(5.98319798375805,0.169459759171101,1.06595351442173));
#4855=CARTESIAN_POINT('',(5.98319798375805,0.169459759171101,1.06595351442173));
#4856=VECTOR('',#5531,0.336040324838981);
#4857=CARTESIAN_POINT('',(6.0,0.169459759171101,1.06595351442173));
#4858=CARTESIAN_POINT('',(6.0,0.169459759171101,1.06595351442173));
#4859=VECTOR('',#5532,0.336040324838981);
#4860=CARTESIAN_POINT('',(6.0,0.169459759171101,1.06595351442173));
#4861=VECTOR('',#5533,0.336040324838981);
#4862=COLOUR_RGB('',0.509803950786591,0.509803950786591,0.588235318660736);
#4863=CARTESIAN_POINT('',(5.98319798375805,0.164792831139737,1.03295099411929));
#4864=CARTESIAN_POINT('',(5.98319798375805,0.164792831139737,1.03295099411929));
#4865=VECTOR('',#5534,0.336040324838981);
#4866=CARTESIAN_POINT('',(6.0,0.164792831139737,1.03295099411929));
#4867=CARTESIAN_POINT('',(6.0,0.164792831139737,1.03295099411929));
#4868=VECTOR('',#5535,0.336040324838981);
#4869=CARTESIAN_POINT('',(6.0,0.164792831139737,1.03295099411929));
#4870=VECTOR('',#5536,0.336040324838981);
#4871=COLOUR_RGB('',0.509803950786591,0.509803950786591,0.588235318660736);
#4872=CARTESIAN_POINT('',(5.98319798375805,0.164573732847942,1.02192215065808));
#4873=CARTESIAN_POINT('',(5.98319798375805,0.164573732847942,1.02192215065808));
#4874=VECTOR('',#5537,0.336040324838981);
#4875=CARTESIAN_POINT('',(6.0,0.164573732847942,1.02192215065808));
#4876=CARTESIAN_POINT('',(6.0,0.164573732847942,1.02192215065808));
#4877=VECTOR('',#5538,0.336040324838981);
#4878=CARTESIAN_POINT('',(6.0,0.164573732847942,1.02192215065808));
#4879=VECTOR('',#5539,0.336040324838981);
#4880=COLOUR_RGB('',0.509803950786591,0.509803950786591,0.588235318660736);
#4881=CARTESIAN_POINT('',(5.98319798375805,0.164355306636796,1.01054718566228));
#4882=CARTESIAN_POINT('',(5.98319798375805,0.164355306636796,1.01054718566228));
#4883=VECTOR('',#5540,0.336040324838981);
#4884=CARTESIAN_POINT('',(6.0,0.164355306636796,1.01054718566228));
#4885=CARTESIAN_POINT('',(6.0,0.164355306636796,1.01054718566228));
#4886=VECTOR('',#5541,0.336040324838981);
#4887=CARTESIAN_POINT('',(6.0,0.164355306636796,1.01054718566228));
#4888=VECTOR('',#5542,0.336040324838981);
#4889=COLOUR_RGB('',0.509803950786591,0.509803950786591,0.588235318660736);
#4890=CARTESIAN_POINT('',(5.98319798375805,0.169550826099132,0.976271072528703));
#4891=CARTESIAN_POINT('',(5.98319798375805,0.169550826099132,0.976271072528703));
#4892=VECTOR('',#5543,0.336040324838981);
#4893=CARTESIAN_POINT('',(6.0,0.169550826099132,0.976271072528703));
#4894=CARTESIAN_POINT('',(6.0,0.169550826099132,0.976271072528703));
#4895=VECTOR('',#5544,0.336040324838981);
#4896=CARTESIAN_POINT('',(6.0,0.169550826099132,0.976271072528703));
#4897=VECTOR('',#5545,0.336040324838981);
#4898=COLOUR_RGB('',0.509803950786591,0.509803950786591,0.588235318660736);
#4899=CARTESIAN_POINT('',(5.98319798375805,0.184591991038925,0.937784374124895));
#4900=CARTESIAN_POINT('',(5.98319798375805,0.184591991038925,0.937784374124895));
#4901=VECTOR('',#5546,0.336040324838981);
#4902=CARTESIAN_POINT('',(6.0,0.184591991038925,0.937784374124895));
#4903=CARTESIAN_POINT('',(6.0,0.184591991038925,0.937784374124895));
#4904=VECTOR('',#5547,0.336040324838981);
#4905=CARTESIAN_POINT('',(6.0,0.184591991038925,0.937784374124895));
#4906=VECTOR('',#5548,0.336040324838981);
#4907=COLOUR_RGB('',0.509803950786591,0.509803950786591,0.588235318660736);
#4908=CARTESIAN_POINT('',(5.98319798375805,0.206980341640997,0.906132735928311));
#4909=CARTESIAN_POINT('',(5.98319798375805,0.206980341640997,0.906132735928311));
#4910=VECTOR('',#5549,0.336040324838981);
#4911=CARTESIAN_POINT('',(6.0,0.206980341640997,0.906132735928311));
#4912=CARTESIAN_POINT('',(6.0,0.206980341640997,0.906132735928311));
#4913=VECTOR('',#5550,0.336040324838981);
#4914=CARTESIAN_POINT('',(6.0,0.206980341640997,0.906132735928311));
#4915=VECTOR('',#5551,0.336040324838981);
#4916=COLOUR_RGB('',0.509803950786591,0.509803950786591,0.588235318660736);
#4917=CARTESIAN_POINT('',(5.98319798375805,0.234017138056567,0.880976757210865));
#4918=CARTESIAN_POINT('',(5.98319798375805,0.234017138056567,0.880976757210865));
#4919=VECTOR('',#5552,0.336040324838981);
#4920=CARTESIAN_POINT('',(6.0,0.234017138056567,0.880976757210865));
#4921=CARTESIAN_POINT('',(6.0,0.234017138056567,0.880976757210865));
#4922=VECTOR('',#5553,0.336040324838981);
#4923=CARTESIAN_POINT('',(6.0,0.234017138056567,0.880976757210865));
#4924=VECTOR('',#5554,0.336040324838981);
#4925=COLOUR_RGB('',0.509803950786591,0.509803950786591,0.588235318660736);
#4926=CARTESIAN_POINT('',(5.98319798375805,0.262968692243069,0.861993839260711));
#4927=CARTESIAN_POINT('',(5.98319798375805,0.262968692243069,0.861993839260711));
#4928=VECTOR('',#5555,0.336040324838981);
#4929=CARTESIAN_POINT('',(6.0,0.262968692243069,0.861993839260711));
#4930=CARTESIAN_POINT('',(6.0,0.262968692243069,0.861993839260711));
#4931=VECTOR('',#5556,0.336040324838981);
#4932=CARTESIAN_POINT('',(6.0,0.262968692243069,0.861993839260711));
#4933=VECTOR('',#5557,0.336040324838981);
#4934=COLOUR_RGB('',0.509803950786591,0.509803950786591,0.588235318660736);
#4935=CARTESIAN_POINT('',(5.98319798375805,0.291154074488939,0.848834500140017));
#4936=CARTESIAN_POINT('',(5.98319798375805,0.291154074488939,0.848834500140017));
#4937=VECTOR('',#5558,0.336040324838981);
#4938=CARTESIAN_POINT('',(6.0,0.291154074488939,0.848834500140017));
#4939=CARTESIAN_POINT('',(6.0,0.291154074488939,0.848834500140017));
#4940=VECTOR('',#5559,0.336040324838981);
#4941=CARTESIAN_POINT('',(6.0,0.291154074488939,0.848834500140017));
#4942=VECTOR('',#5560,0.336040324838981);
#4943=COLOUR_RGB('',0.509803950786591,0.509803950786591,0.588235318660736);
#4944=CARTESIAN_POINT('',(5.98319798375805,0.315821450574069,0.841192943153178));
#4945=CARTESIAN_POINT('',(5.98319798375805,0.315821450574069,0.841192943153178));
#4946=VECTOR('',#5561,0.336040324838981);
#4947=CARTESIAN_POINT('',(6.0,0.315821450574069,0.841192943153178));
#4948=CARTESIAN_POINT('',(6.0,0.315821450574069,0.841192943153178));
#4949=VECTOR('',#5562,0.336040324838981);
#4950=CARTESIAN_POINT('',(6.0,0.315821450574069,0.841192943153178));
#4951=VECTOR('',#5563,0.336040324838981);
#4952=COLOUR_RGB('',0.509803950786591,0.509803950786591,0.588235318660736);
#4953=CARTESIAN_POINT('',(5.98319798375805,0.32967706524783,0.838716325959115));
#4954=CARTESIAN_POINT('',(5.98319798375805,0.32967706524783,0.838716325959115));
#4955=VECTOR('',#5564,0.336040324838981);
#4956=CARTESIAN_POINT('',(6.0,0.32967706524783,0.838716325959115));
#4957=CARTESIAN_POINT('',(6.0,0.32967706524783,0.838716325959115));
#4958=VECTOR('',#5565,0.336040324838981);
#4959=CARTESIAN_POINT('',(6.0,0.32967706524783,0.838716325959115));
#4960=VECTOR('',#5566,0.336040324838981);
#4961=COLOUR_RGB('',0.509803950786591,0.509803950786591,0.588235318660736);
#4962=CARTESIAN_POINT('',(5.98319798375805,0.33428955474657,0.838716325959115));
#4963=CARTESIAN_POINT('',(5.98319798375805,0.33428955474657,0.838716325959115));
#4964=VECTOR('',#5567,0.336040324838981);
#4965=CARTESIAN_POINT('',(6.0,0.33428955474657,0.838716325959115));
#4966=CARTESIAN_POINT('',(6.0,0.33428955474657,0.838716325959115));
#4967=VECTOR('',#5568,0.336040324838981);
#4968=CARTESIAN_POINT('',(6.0,0.33428955474657,0.838716325959115));
#4969=VECTOR('',#5569,0.336040324838981);
#4970=COLOUR_RGB('',0.509803950786591,0.509803950786591,0.588235318660736);
#4971=CARTESIAN_POINT('',(5.98319798375805,0.334088938672641,0.732900588070569));
#4972=VECTOR('',#5570,0.336040324838981);
#4973=CARTESIAN_POINT('',(6.0,0.334088938672641,0.732900588070569));
#4974=VECTOR('',#5571,0.336040324838981);
#4975=COLOUR_RGB('',0.509803950786591,0.509803950786591,0.588235318660736);
#4976=COLOUR_RGB('',0.509803950786591,0.509803950786591,0.588235318660736);
#4977=COLOUR_RGB('',0.509803950786591,0.509803950786591,0.588235318660736);
#4978=CARTESIAN_POINT('',(5.98319798375805,0.383149817978158,0.557406888826659));
#4979=CARTESIAN_POINT('',(5.98319798375805,-0.383166619994399,0.557406888826659));
#4980=CARTESIAN_POINT('',(5.98319798375805,-4.90457676605534E-06,0.557406888826659));
#4981=VECTOR('',#5572,1.0);
#4982=CARTESIAN_POINT('',(6.0,-0.383166619994399,0.557406888826659));
#4983=CARTESIAN_POINT('',(6.0,-0.383166619994399,0.557406888826659));
#4984=VECTOR('',#5573,0.336040324838981);
#4985=CARTESIAN_POINT('',(6.0,0.383149817978158,0.557406888826659));
#4986=CARTESIAN_POINT('',(6.0,-4.90457676605068E-06,0.557406888826659));
#4987=VECTOR('',#5574,1.0);
#4988=CARTESIAN_POINT('',(6.0,0.383149817978158,0.557406888826659));
#4989=VECTOR('',#5575,0.336040324838981);
#4990=COLOUR_RGB('',0.509803950786591,0.509803950786591,0.588235318660736);
#4991=CARTESIAN_POINT('',(5.98319798375805,5.68891820399435E-18,0.092907084850182));
#4992=CARTESIAN_POINT('',(5.98319798375805,-0.185840176470768,0.318194782256828));
#4993=VECTOR('',#5576,1.0);
#4994=CARTESIAN_POINT('',(6.0,5.68891820399435E-18,0.092907084850182));
#4995=CARTESIAN_POINT('',(6.0,5.68891820399435E-18,0.092907084850182));
#4996=VECTOR('',#5577,0.336040324838981);
#4997=CARTESIAN_POINT('',(6.0,-0.185840176470768,0.318194782256828));
#4998=VECTOR('',#5578,1.0);
#4999=COLOUR_RGB('',0.509803950786591,0.509803950786591,0.588235318660736);
#5000=CARTESIAN_POINT('',(5.98319798375805,0.185834654860174,0.318197967696192));
#5001=VECTOR('',#5579,1.0);
#5002=CARTESIAN_POINT('',(6.0,0.185834654860174,0.318197967696192));
#5003=VECTOR('',#5580,1.0);
#5004=COLOUR_RGB('',0.509803950786591,0.509803950786591,0.588235318660736);
#5005=CARTESIAN_POINT('',(5.98319798375805,0.462875385046206,0.557406888826659));
#5006=CARTESIAN_POINT('',(5.98319798375805,0.462875385046206,0.694195463455615));
#5007=CARTESIAN_POINT('',(5.98319798375805,0.462875385046206,0.557406888826659));
#5008=VECTOR('',#5581,0.336040324838981);
#5009=CARTESIAN_POINT('',(6.0,0.462875385046206,0.557406888826659));
#5010=CARTESIAN_POINT('',(6.0,0.462875385046206,0.557406888826659));
#5011=VECTOR('',#5582,0.336040324838981);
#5012=CARTESIAN_POINT('',(6.0,0.462875385046206,0.694195463455615));
#5013=CARTESIAN_POINT('',(6.0,0.462875385046206,0.557406888826659));
#5014=VECTOR('',#5583,0.336040324838981);
#5015=CARTESIAN_POINT('',(6.0,0.462875385046206,0.694195463455615));
#5016=VECTOR('',#5584,0.336040324838981);
#5017=COLOUR_RGB('',0.509803950786591,0.509803950786591,0.588235318660736);
#5018=CARTESIAN_POINT('',(5.98319798375805,-0.462878745449454,0.694195463455615));
#5019=CARTESIAN_POINT('',(5.98319798375805,0.462875385046206,0.694195463455615));
#5020=VECTOR('',#5585,0.336040324838981);
#5021=CARTESIAN_POINT('',(6.0,-0.462878745449454,0.694195463455615));
#5022=CARTESIAN_POINT('',(6.0,0.462875385046206,0.694195463455615));
#5023=VECTOR('',#5586,0.336040324838981);
#5024=CARTESIAN_POINT('',(6.0,-0.462878745449454,0.694195463455615));
#5025=VECTOR('',#5587,0.336040324838981);
#5026=COLOUR_RGB('',0.509803950786591,0.509803950786591,0.588235318660736);
#5027=CARTESIAN_POINT('',(5.98319798375805,-0.462878745449454,0.557406888826659));
#5028=CARTESIAN_POINT('',(5.98319798375805,-0.462878745449454,0.694195463455615));
#5029=VECTOR('',#5588,0.336040324838981);
#5030=CARTESIAN_POINT('',(6.0,-0.462878745449454,0.557406888826659));
#5031=CARTESIAN_POINT('',(6.0,-0.462878745449454,0.694195463455615));
#5032=VECTOR('',#5589,0.336040324838981);
#5033=CARTESIAN_POINT('',(6.0,-0.462878745449454,0.557406888826659));
#5034=VECTOR('',#5590,0.336040324838981);
#5035=COLOUR_RGB('',0.509803950786591,0.509803950786591,0.588235318660736);
#5036=CARTESIAN_POINT('',(5.98319798375805,0.0,0.0));
#5037=CARTESIAN_POINT('',(5.98319798375805,-0.462878745449454,0.557406888826659));
#5038=VECTOR('',#5591,0.336040324838981);
#5039=CARTESIAN_POINT('',(6.0,0.0,0.0));
#5040=CARTESIAN_POINT('',(6.0,-0.462878745449454,0.557406888826659));
#5041=VECTOR('',#5592,0.336040324838981);
#5042=CARTESIAN_POINT('',(6.0,0.0,0.0));
#5043=VECTOR('',#5593,0.336040324838981);
#5044=COLOUR_RGB('',0.509803950786591,0.509803950786591,0.588235318660736);
#5045=CARTESIAN_POINT('',(5.98319798375805,0.0,0.0));
#5046=VECTOR('',#5594,0.336040324838981);
#5047=CARTESIAN_POINT('',(6.0,0.0,0.0));
#5048=VECTOR('',#5595,0.336040324838981);
#5049=COLOUR_RGB('',0.509803950786591,0.509803950786591,0.588235318660736);
#5050=COLOUR_RGB('',0.509803950786591,0.509803950786591,0.588235318660736);
#5051=COLOUR_RGB('',0.509803950786591,0.509803950786591,0.588235318660736);
#5052=CARTESIAN_POINT('',(5.98319798375805,-0.0639182301876225,0.732900588070569));
#5053=CARTESIAN_POINT('',(5.98319798375805,0.146579781573789,0.732900588070569));
#5054=CARTESIAN_POINT('',(5.98319798375805,0.146579781573789,0.732900588070569));
#5055=VECTOR('',#5596,0.336040324838981);
#5056=CARTESIAN_POINT('',(6.0,-0.0639182301876225,0.732900588070569));
#5057=CARTESIAN_POINT('',(6.0,-0.0639182301876225,0.732900588070569));
#5058=VECTOR('',#5597,0.336040324838981);
#5059=CARTESIAN_POINT('',(6.0,0.146579781573789,0.732900588070569));
#5060=CARTESIAN_POINT('',(6.0,0.146579781573789,0.732900588070569));
#5061=VECTOR('',#5598,0.336040324838981);
#5062=CARTESIAN_POINT('',(6.0,0.146579781573789,0.732900588070569));
#5063=VECTOR('',#5599,0.336040324838981);
#5064=COLOUR_RGB('',0.509803950786591,0.509803950786591,0.588235318660736);
#5065=CARTESIAN_POINT('',(5.98319798375805,0.146579781573789,1.19985886306357));
#5066=CARTESIAN_POINT('',(5.98319798375805,0.146579781573789,1.19985886306357));
#5067=VECTOR('',#5600,0.336040324838981);
#5068=CARTESIAN_POINT('',(6.0,0.146579781573789,1.19985886306357));
#5069=CARTESIAN_POINT('',(6.0,0.146579781573789,1.19985886306357));
#5070=VECTOR('',#5601,0.336040324838981);
#5071=CARTESIAN_POINT('',(6.0,0.146579781573789,1.19985886306357));
#5072=VECTOR('',#5602,0.336040324838981);
#5073=COLOUR_RGB('',0.509803950786591,0.509803950786591,0.588235318660736);
#5074=CARTESIAN_POINT('',(5.98319798375805,-0.0639182301876225,1.19985886306357));
#5075=CARTESIAN_POINT('',(5.98319798375805,-0.0639182301876225,1.19985886306357));
#5076=VECTOR('',#5603,0.336040324838981);
#5077=CARTESIAN_POINT('',(6.0,-0.0639182301876225,1.19985886306357));
#5078=CARTESIAN_POINT('',(6.0,-0.0639182301876225,1.19985886306357));
#5079=VECTOR('',#5604,0.336040324838981);
#5080=CARTESIAN_POINT('',(6.0,-0.0639182301876225,1.19985886306357));
#5081=VECTOR('',#5605,0.336040324838981);
#5082=COLOUR_RGB('',0.509803950786591,0.509803950786591,0.588235318660736);
#5083=CARTESIAN_POINT('',(5.98319798375805,-0.0639182301876225,1.08122990758891));
#5084=CARTESIAN_POINT('',(5.98319798375805,-0.0639182301876225,1.08122990758891));
#5085=VECTOR('',#5606,0.336040324838981);
#5086=CARTESIAN_POINT('',(6.0,-0.0639182301876225,1.08122990758891));
#5087=CARTESIAN_POINT('',(6.0,-0.0639182301876225,1.08122990758891));
#5088=VECTOR('',#5607,0.336040324838981);
#5089=CARTESIAN_POINT('',(6.0,-0.0639182301876225,1.08122990758891));
#5090=VECTOR('',#5608,0.336040324838981);
#5091=COLOUR_RGB('',0.509803950786591,0.509803950786591,0.588235318660736);
#5092=CARTESIAN_POINT('',(5.98319798375805,0.0204010081209746,1.08122990758891));
#5093=CARTESIAN_POINT('',(5.98319798375805,0.0204010081209746,1.08122990758891));
#5094=VECTOR('',#5609,0.336040324838981);
#5095=CARTESIAN_POINT('',(6.0,0.0204010081209746,1.08122990758891));
#5096=CARTESIAN_POINT('',(6.0,0.0204010081209746,1.08122990758891));
#5097=VECTOR('',#5610,0.336040324838981);
#5098=CARTESIAN_POINT('',(6.0,0.0204010081209746,1.08122990758891));
#5099=VECTOR('',#5611,0.336040324838981);
#5100=COLOUR_RGB('',0.509803950786591,0.509803950786591,0.588235318660736);
#5101=CARTESIAN_POINT('',(5.98319798375805,0.0204010081209746,1.02460039204705));
#5102=CARTESIAN_POINT('',(5.98319798375805,0.0204010081209746,1.02460039204705));
#5103=VECTOR('',#5612,0.336040324838981);
#5104=CARTESIAN_POINT('',(6.0,0.0204010081209746,1.02460039204705));
#5105=CARTESIAN_POINT('',(6.0,0.0204010081209746,1.02460039204705));
#5106=VECTOR('',#5613,0.336040324838981);
#5107=CARTESIAN_POINT('',(6.0,0.0204010081209746,1.02460039204705));
#5108=VECTOR('',#5614,0.336040324838981);
#5109=COLOUR_RGB('',0.509803950786591,0.509803950786591,0.588235318660736);
#5110=CARTESIAN_POINT('',(5.98319798375805,-0.0619691963035564,1.02460039204705));
#5111=CARTESIAN_POINT('',(5.98319798375805,-0.0619691963035564,1.02460039204705));
#5112=VECTOR('',#5615,0.336040324838981);
#5113=CARTESIAN_POINT('',(6.0,-0.0619691963035564,1.02460039204705));
#5114=CARTESIAN_POINT('',(6.0,-0.0619691963035564,1.02460039204705));
#5115=VECTOR('',#5616,0.336040324838981);
#5116=CARTESIAN_POINT('',(6.0,-0.0619691963035564,1.02460039204705));
#5117=VECTOR('',#5617,0.336040324838981);
#5118=COLOUR_RGB('',0.509803950786591,0.509803950786591,0.588235318660736);
#5119=CARTESIAN_POINT('',(5.98319798375805,-0.0619691963035564,0.914355642677121));
#5120=CARTESIAN_POINT('',(5.98319798375805,-0.0619691963035564,0.914355642677121));
#5121=VECTOR('',#5618,0.336040324838981);
#5122=CARTESIAN_POINT('',(6.0,-0.0619691963035564,0.914355642677121));
#5123=CARTESIAN_POINT('',(6.0,-0.0619691963035564,0.914355642677121));
#5124=VECTOR('',#5619,0.336040324838981);
#5125=CARTESIAN_POINT('',(6.0,-0.0619691963035564,0.914355642677121));
#5126=VECTOR('',#5620,0.336040324838981);
#5127=COLOUR_RGB('',0.509803950786591,0.509803950786591,0.588235318660736);
#5128=CARTESIAN_POINT('',(5.98319798375805,0.0204010081209746,0.914355642677121));
#5129=CARTESIAN_POINT('',(5.98319798375805,0.0204010081209746,0.914355642677121));
#5130=VECTOR('',#5621,0.336040324838981);
#5131=CARTESIAN_POINT('',(6.0,0.0204010081209746,0.914355642677121));
#5132=CARTESIAN_POINT('',(6.0,0.0204010081209746,0.914355642677121));
#5133=VECTOR('',#5622,0.336040324838981);
#5134=CARTESIAN_POINT('',(6.0,0.0204010081209746,0.914355642677121));
#5135=VECTOR('',#5623,0.336040324838981);
#5136=COLOUR_RGB('',0.509803950786591,0.509803950786591,0.588235318660736);
#5137=CARTESIAN_POINT('',(5.98319798375805,0.0204010081209746,0.843145337440493));
#5138=CARTESIAN_POINT('',(5.98319798375805,0.0204010081209746,0.843145337440493));
#5139=VECTOR('',#5624,0.336040324838981);
#5140=CARTESIAN_POINT('',(6.0,0.0204010081209746,0.843145337440493));
#5141=CARTESIAN_POINT('',(6.0,0.0204010081209746,0.843145337440493));
#5142=VECTOR('',#5625,0.336040324838981);
#5143=CARTESIAN_POINT('',(6.0,0.0204010081209746,0.843145337440493));
#5144=VECTOR('',#5626,0.336040324838981);
#5145=COLOUR_RGB('',0.509803950786591,0.509803950786591,0.588235318660736);
#5146=CARTESIAN_POINT('',(5.98319798375805,-0.0639182301876225,0.843145337440493));
#5147=CARTESIAN_POINT('',(5.98319798375805,-0.0639182301876225,0.843145337440493));
#5148=VECTOR('',#5627,0.336040324838981);
#5149=CARTESIAN_POINT('',(6.0,-0.0639182301876225,0.843145337440493));
#5150=CARTESIAN_POINT('',(6.0,-0.0639182301876225,0.843145337440493));
#5151=VECTOR('',#5628,0.336040324838981);
#5152=CARTESIAN_POINT('',(6.0,-0.0639182301876225,0.843145337440493));
#5153=VECTOR('',#5629,0.336040324838981);
#5154=COLOUR_RGB('',0.509803950786591,0.509803950786591,0.588235318660736);
#5155=CARTESIAN_POINT('',(5.98319798375805,-0.0639182301876225,0.732900588070569));
#5156=VECTOR('',#5630,0.336040324838981);
#5157=CARTESIAN_POINT('',(6.0,-0.0639182301876225,0.732900588070569));
#5158=VECTOR('',#5631,0.336040324838981);
#5159=COLOUR_RGB('',0.509803950786591,0.509803950786591,0.588235318660736);
#5160=COLOUR_RGB('',0.509803950786591,0.509803950786591,0.588235318660736);
#5161=COLOUR_RGB('',0.509803950786591,0.509803950786591,0.588235318660736);
#5162=CARTESIAN_POINT('',(5.98319798375805,-0.571500420050406,1.152514141697));
#5163=CARTESIAN_POINT('',(6.0,-0.571500420050406,1.152514141697));
#5164=CARTESIAN_POINT('',(6.0,-0.571500420050406,1.152514141697));
#5165=VECTOR('',#5632,1.0);
#5166=CARTESIAN_POINT('',(5.98319798375805,-0.478114813777653,1.152514141697));
#5167=AXIS2_PLACEMENT_3D('',#5633,#5634,#5635);
#5168=CARTESIAN_POINT('',(6.0,-0.478114813777653,1.152514141697));
#5169=CARTESIAN_POINT('',(6.0,-0.478114813777653,1.152514141697));
#5170=VECTOR('',#5636,1.0);
#5171=AXIS2_PLACEMENT_3D('',#5637,#5638,#5639);
#5172=COLOUR_RGB('',0.509803950786591,0.509803950786591,0.588235318660736);
#5173=CARTESIAN_POINT('',(6.0,-0.56088612246038,1.152514141697));
#5174=CARTESIAN_POINT('',(5.98319798375805,-0.56088612246038,1.152514141697));
#5175=CARTESIAN_POINT('',(6.0,-0.56088612246038,1.152514141697));
#5176=VECTOR('',#5640,1.0);
#5177=CARTESIAN_POINT('',(6.0,-0.488729111367679,1.152514141697));
#5178=AXIS2_PLACEMENT_3D('',#5641,#5642,#5643);
#5179=CARTESIAN_POINT('',(5.98319798375805,-0.488729111367679,1.152514141697));
#5180=CARTESIAN_POINT('',(6.0,-0.488729111367679,1.152514141697));
#5181=VECTOR('',#5644,1.0);
#5182=AXIS2_PLACEMENT_3D('',#5645,#5646,#5647);
#5183=COLOUR_RGB('',0.509803950786591,0.509803950786591,0.588235318660736);
#5184=AXIS2_PLACEMENT_3D('',#5648,#5649,#5650);
#5185=AXIS2_PLACEMENT_3D('',#5651,#5652,#5653);
#5186=COLOUR_RGB('',0.509803950786591,0.509803950786591,0.588235318660736);
#5187=AXIS2_PLACEMENT_3D('',#5654,#5655,#5656);
#5188=AXIS2_PLACEMENT_3D('',#5657,#5658,#5659);
#5189=COLOUR_RGB('',0.509803950786591,0.509803950786591,0.588235318660736);
#5190=COLOUR_RGB('',0.509803950786591,0.509803950786591,0.588235318660736);
#5191=COLOUR_RGB('',0.509803950786591,0.509803950786591,0.588235318660736);
#5192=CARTESIAN_POINT('',(0.22999999995,0.0,1.4083438187133E-17));
#5193=DIRECTION('',(-1.0,0.0,-6.12323399573677E-17));
#5194=DIRECTION('',(-6.12323399573677E-17,0.0,1.0));
#5195=CARTESIAN_POINT('',(0.22999999995,2.53494345803633E-16,-2.07000678228067));
#5196=DIRECTION('',(7.49855125712043E-33,-1.0,-1.22460635382238E-16));
#5197=DIRECTION('',(6.12323399573677E-17,1.22460635382238E-16,-1.0));
#5198=CARTESIAN_POINT('',(0.4599999999,0.0,2.81668763742659E-17));
#5199=DIRECTION('',(-1.0,0.0,-6.12323399573677E-17));
#5200=DIRECTION('',(-6.12323399573677E-17,7.49879891330929E-33,1.0));
#5201=CARTESIAN_POINT('',(0.22999999995,-2.53494345803633E-16,2.07000678228067));
#5202=DIRECTION('',(7.49855125712043E-33,-1.0,-1.22460635382238E-16));
#5203=DIRECTION('',(-6.12323399573677E-17,-1.22460635382238E-16,1.0));
#5204=CARTESIAN_POINT('',(1.2875000001,0.0,0.0));
#5205=DIRECTION('',(-1.0,0.0,0.0));
#5206=DIRECTION('',(0.0,-0.0,1.0));
#5207=CARTESIAN_POINT('',(1.2875000001,1.73275909416209E-16,-1.41495190577251));
#5208=DIRECTION('',(0.0,1.0,1.22460635382238E-16));
#5209=DIRECTION('',(0.0,1.22460635382238E-16,-1.0));
#5210=CARTESIAN_POINT('',(1.325,0.0,0.0));
#5211=DIRECTION('',(-1.0,-0.0,0.0));
#5212=DIRECTION('',(0.0,-3.76625215639335E-21,-1.0));
#5213=CARTESIAN_POINT('',(1.2875000001,-1.73275909416209E-16,1.41495190577251));
#5214=DIRECTION('',(0.0,1.0,1.22460635382238E-16));
#5215=DIRECTION('',(-0.0,-1.22460635382238E-16,1.0));
#5216=CARTESIAN_POINT('',(1.2875000001,0.0,0.0));
#5217=DIRECTION('',(-1.0,0.0,0.0));
#5218=DIRECTION('',(0.0,-0.0,1.0));
#5219=CARTESIAN_POINT('',(1.325,0.0,0.0));
#5220=DIRECTION('',(-1.0,-0.0,0.0));
#5221=DIRECTION('',(0.0,-3.76625215639335E-21,-1.0));
#5222=CARTESIAN_POINT('',(0.22999999995,0.0,1.4083438187133E-17));
#5223=DIRECTION('',(-1.0,0.0,-6.12323399573677E-17));
#5224=DIRECTION('',(-6.12323399573677E-17,0.0,1.0));
#5225=CARTESIAN_POINT('',(0.4599999999,0.0,2.81668763742659E-17));
#5226=DIRECTION('',(-1.0,0.0,-6.12323399573677E-17));
#5227=DIRECTION('',(-6.12323399573677E-17,7.49879891330929E-33,1.0));
#5228=CARTESIAN_POINT('',(0.22999999995,2.53494345803633E-16,-2.07000678228067));
#5229=DIRECTION('',(7.49855125712043E-33,-1.0,-1.22460635382238E-16));
#5230=DIRECTION('',(6.12323399573677E-17,1.22460635382238E-16,-1.0));
#5231=CARTESIAN_POINT('',(2.53501887423502E-16,0.0,1.55225137505502E-32));
#5232=DIRECTION('',(-1.0,0.0,-6.12323399573677E-17));
#5233=DIRECTION('',(-6.12323399573677E-17,7.49879891330929E-33,1.0));
#5234=CARTESIAN_POINT('',(0.22999999995,-2.53494345803633E-16,2.07000678228067));
#5235=DIRECTION('',(7.49855125712043E-33,-1.0,-1.22460635382238E-16));
#5236=DIRECTION('',(-6.12323399573677E-17,-1.22460635382238E-16,1.0));
#5237=DIRECTION('',(-1.0,0.0,-6.12323399573677E-17));
#5238=CARTESIAN_POINT('',(1.175,0.0,7.1947999449907E-17));
#5239=DIRECTION('',(-1.0,0.0,-6.12323399573676E-17));
#5240=DIRECTION('',(-6.12323399573677E-17,7.49879891330929E-33,1.0));
#5241=DIRECTION('',(1.0,-0.0,6.12323399573677E-17));
#5242=CARTESIAN_POINT('',(0.69,0.0,4.22503145705837E-17));
#5243=DIRECTION('',(1.0,-1.11022302462516E-16,1.66533453693773E-16));
#5244=DIRECTION('',(-1.66533453693773E-16,1.91895710121923E-32,1.0));
#5245=DIRECTION('',(-0.707106781186547,-8.65927457071936E-17,0.707106781186548));
#5246=CARTESIAN_POINT('',(12.0,0.0,7.34788079488412E-16));
#5247=DIRECTION('',(-1.0,5.33293237869619E-65,-6.12323399573677E-17));
#5248=DIRECTION('',(-6.12323399573677E-17,7.49879891330929E-33,1.0));
#5249=DIRECTION('',(0.707106781186547,-8.65927457071936E-17,0.707106781186548));
#5250=CARTESIAN_POINT('',(11.6935,0.0,7.16020367291479E-16));
#5251=DIRECTION('',(-1.0,-6.75240373031808E-65,-6.12323399573677E-17));
#5252=DIRECTION('',(-6.12323399573677E-17,7.49879891330929E-33,1.0));
#5253=DIRECTION('',(-1.0,0.0,-6.12323399573677E-17));
#5254=DIRECTION('',(1.0,-0.0,6.12323399573677E-17));
#5255=CARTESIAN_POINT('',(1.4,0.0,8.57252759403147E-17));
#5256=DIRECTION('',(1.0,0.0,6.12323399573676E-17));
#5257=DIRECTION('',(-6.12323399573677E-17,7.49879891330929E-33,1.0));
#5258=DIRECTION('',(0.447213595499958,1.09528753474663E-16,-0.894427190999916));
#5259=DIRECTION('',(-0.447213595499958,1.09528753474663E-16,-0.894427190999916));
#5260=CARTESIAN_POINT('',(1.2875000001,1.73275909416209E-16,-1.41495190577251));
#5261=DIRECTION('',(0.0,1.0,1.22460635382238E-16));
#5262=DIRECTION('',(0.0,1.22460635382238E-16,-1.0));
#5263=CARTESIAN_POINT('',(1.25000000005,0.0,0.0));
#5264=DIRECTION('',(-1.0,-0.0,0.0));
#5265=DIRECTION('',(0.0,-3.76625215639335E-21,-1.0));
#5266=CARTESIAN_POINT('',(1.2875000001,-1.73275909416209E-16,1.41495190577251));
#5267=DIRECTION('',(0.0,1.0,1.22460635382238E-16));
#5268=DIRECTION('',(-0.0,-1.22460635382238E-16,1.0));
#5269=DIRECTION('',(0.447213595945031,-1.09528753447412E-16,0.894427190777379));
#5270=DIRECTION('',(-0.447213595945031,-1.09528753447412E-16,0.894427190777379));
#5271=DIRECTION('',(0.5,-1.06054021204601E-16,-0.866025403784438));
#5272=DIRECTION('',(-0.5,-1.06054021204601E-16,-0.866025403784438));
#5273=CARTESIAN_POINT('',(12.0,0.0,0.0));
#5274=DIRECTION('',(-1.0,0.0,-6.12323399573677E-17));
#5275=DIRECTION('',(-6.12323399573677E-17,0.0,1.0));
#5276=DIRECTION('',(1.0,-1.11022302462516E-16,1.66533453693773E-16));
#5277=CARTESIAN_POINT('',(0.460000000263159,-2.92164805158708E-26,4.38247207738062E-26));
#5278=DIRECTION('',(-1.0,-1.31558105708637E-42,-1.75438964403376E-10));
#5279=DIRECTION('',(-1.75438964403376E-10,1.94776192807746E-26,1.0));
#5280=DIRECTION('',(-1.0,1.11022302462516E-16,-1.66533453693773E-16));
#5281=CARTESIAN_POINT('',(0.69,-2.55351295663786E-17,3.83026943495679E-17));
#5282=DIRECTION('',(1.0,-1.11022302462516E-16,1.66533453693773E-16));
#5283=DIRECTION('',(-1.66533453693773E-16,0.0,1.0));
#5284=CARTESIAN_POINT('',(0.69,-2.55351295663786E-17,3.83026943495679E-17));
#5285=DIRECTION('',(1.0,-1.11022302462516E-16,1.66533453693773E-16));
#5286=DIRECTION('',(-1.66533453693773E-16,0.0,1.0));
#5287=CARTESIAN_POINT('',(0.460000000263159,-2.92164805158708E-26,4.38247207738062E-26));
#5288=DIRECTION('',(-1.0,-1.31558105708637E-42,-1.75438964403376E-10));
#5289=DIRECTION('',(-1.75438964403376E-10,1.94776192807746E-26,1.0));
#5290=CARTESIAN_POINT('',(0.69,0.0,4.22503145705837E-17));
#5291=DIRECTION('',(1.0,-1.11022302462516E-16,1.66533453693773E-16));
#5292=DIRECTION('',(-1.66533453693773E-16,1.91895710121923E-32,1.0));
#5293=CARTESIAN_POINT('',(12.0,0.0,0.0));
#5294=DIRECTION('',(-1.0,0.0,-6.12323399573677E-17));
#5295=DIRECTION('',(-6.12323399573677E-17,0.0,1.0));
#5296=CARTESIAN_POINT('',(1.25000000005,0.0,0.0));
#5297=DIRECTION('',(-1.0,-0.0,0.0));
#5298=DIRECTION('',(0.0,-3.76625215639335E-21,-1.0));
#5299=CARTESIAN_POINT('',(1.175,0.0,7.1947999449907E-17));
#5300=DIRECTION('',(-1.0,0.0,-6.12323399573676E-17));
#5301=DIRECTION('',(-6.12323399573677E-17,7.49879891330929E-33,1.0));
#5302=CARTESIAN_POINT('',(1.4,0.0,8.57252759403147E-17));
#5303=DIRECTION('',(1.0,0.0,6.12323399573676E-17));
#5304=DIRECTION('',(-6.12323399573677E-17,7.49879891330929E-33,1.0));
#5305=CARTESIAN_POINT('',(11.6935,0.0,7.16020367291479E-16));
#5306=DIRECTION('',(-1.0,-6.75240373031808E-65,-6.12323399573677E-17));
#5307=DIRECTION('',(-6.12323399573677E-17,7.49879891330929E-33,1.0));
#5308=CARTESIAN_POINT('',(12.0,0.0,7.34788079488412E-16));
#5309=DIRECTION('',(-1.0,5.33293237869619E-65,-6.12323399573677E-17));
#5310=DIRECTION('',(-6.12323399573677E-17,7.49879891330929E-33,1.0));
#5311=CARTESIAN_POINT('',(2.53501887423502E-16,0.0,1.55225137505502E-32));
#5312=DIRECTION('',(-1.0,0.0,-6.12323399573677E-17));
#5313=DIRECTION('',(-6.12323399573677E-17,7.49879891330929E-33,1.0));
#5314=DIRECTION('',(0.0,6.12323399573677E-17,1.0));
#5315=DIRECTION('',(-1.0,0.0,0.0));
#5316=DIRECTION('',(-0.0,-6.12323399573677E-17,-1.0));
#5317=DIRECTION('',(-1.0,0.0,0.0));
#5318=DIRECTION('',(0.0,-0.994043342247559,0.108985474873041));
#5319=DIRECTION('',(-1.0,0.0,0.0));
#5320=DIRECTION('',(0.0,0.994043342247559,-0.108985474873041));
#5321=DIRECTION('',(0.0,-1.0,6.12323399573677E-17));
#5322=DIRECTION('',(-1.0,0.0,0.0));
#5323=DIRECTION('',(0.0,1.0,-6.12323399573677E-17));
#5324=DIRECTION('',(-0.0,-0.945767839691754,-0.324843336709855));
#5325=DIRECTION('',(-1.0,0.0,0.0));
#5326=DIRECTION('',(0.0,0.945767839691754,0.324843336709855));
#5327=DIRECTION('',(-0.0,-0.532578803246198,-0.84638042175658));
#5328=DIRECTION('',(-1.0,0.0,0.0));
#5329=DIRECTION('',(0.0,0.532578803246198,0.84638042175658));
#5330=DIRECTION('',(-0.0,-6.12323399573677E-17,-1.0));
#5331=DIRECTION('',(-1.0,0.0,0.0));
#5332=DIRECTION('',(0.0,6.12323399573677E-17,1.0));
#5333=DIRECTION('',(0.0,0.629198228667968,-0.777244870707482));
#5334=DIRECTION('',(-1.0,0.0,0.0));
#5335=DIRECTION('',(0.0,-0.629198228667968,0.777244870707482));
#5336=DIRECTION('',(0.0,0.962946456780512,-0.269692642416987));
#5337=DIRECTION('',(-1.0,0.0,0.0));
#5338=DIRECTION('',(0.0,-0.962946456780512,0.269692642416987));
#5339=DIRECTION('',(0.0,1.0,-6.12323399573677E-17));
#5340=DIRECTION('',(0.0,-1.0,6.12323399573677E-17));
#5341=DIRECTION('',(0.0,6.12323399573677E-17,1.0));
#5342=DIRECTION('',(-1.0,0.0,0.0));
#5343=DIRECTION('',(0.0,-6.12323399573677E-17,-1.0));
#5344=DIRECTION('',(-1.0,0.0,0.0));
#5345=DIRECTION('',(0.0,-0.979859725099013,0.199687052982628));
#5346=DIRECTION('',(-0.0,0.979859725099013,-0.199687052982628));
#5347=DIRECTION('',(-1.0,0.0,0.0));
#5348=DIRECTION('',(0.0,-0.993166852013553,0.116703059349313));
#5349=DIRECTION('',(-0.0,0.993166852013553,-0.116703059349313));
#5350=DIRECTION('',(-1.0,0.0,0.0));
#5351=DIRECTION('',(0.0,-1.0,6.12323399573677E-17));
#5352=DIRECTION('',(0.0,1.0,-6.12323399573677E-17));
#5353=DIRECTION('',(-1.0,0.0,0.0));
#5354=DIRECTION('',(0.0,-0.991604089687843,-0.129310979094372));
#5355=DIRECTION('',(0.0,0.991604089687843,0.129310979094372));
#5356=DIRECTION('',(-1.0,0.0,0.0));
#5357=DIRECTION('',(0.0,-0.924845208534172,-0.380343713305985));
#5358=DIRECTION('',(0.0,0.924845208534171,0.380343713305985));
#5359=DIRECTION('',(-1.0,0.0,0.0));
#5360=DIRECTION('',(0.0,-0.835008605342551,-0.550236884445134));
#5361=DIRECTION('',(0.0,0.835008605342551,0.550236884445134));
#5362=DIRECTION('',(-1.0,0.0,0.0));
#5363=DIRECTION('',(0.0,-0.482399045638917,-0.875951574441568));
#5364=DIRECTION('',(0.0,0.482399045638917,0.875951574441568));
#5365=DIRECTION('',(-1.0,0.0,0.0));
#5366=DIRECTION('',(0.0,-6.12323399573677E-17,-1.0));
#5367=DIRECTION('',(0.0,6.12323399573677E-17,1.0));
#5368=DIRECTION('',(-1.0,0.0,0.0));
#5369=DIRECTION('',(0.0,0.460670986112551,-0.887570978882303));
#5370=DIRECTION('',(0.0,-0.460670986112551,0.887570978882303));
#5371=DIRECTION('',(-1.0,0.0,0.0));
#5372=DIRECTION('',(0.0,0.827726334230417,-0.561131994829626));
#5373=DIRECTION('',(0.0,-0.827726334230417,0.561131994829626));
#5374=DIRECTION('',(-1.0,0.0,0.0));
#5375=DIRECTION('',(0.0,0.955558946738726,-0.294800100589495));
#5376=DIRECTION('',(0.0,-0.955558946738726,0.294800100589495));
#5377=DIRECTION('',(-1.0,0.0,0.0));
#5378=DIRECTION('',(0.0,-0.961197967509745,-0.275859506370788));
#5379=DIRECTION('',(0.0,0.961197967509745,0.275859506370788));
#5380=DIRECTION('',(-1.0,0.0,0.0));
#5381=DIRECTION('',(0.0,-0.597049230597382,-0.802204597495598));
#5382=DIRECTION('',(0.0,0.597049230597382,0.802204597495598));
#5383=DIRECTION('',(-1.0,0.0,0.0));
#5384=DIRECTION('',(0.0,-0.217933618218949,-0.975963594633528));
#5385=DIRECTION('',(0.0,0.217933618218949,0.975963594633528));
#5386=DIRECTION('',(-1.0,0.0,0.0));
#5387=DIRECTION('',(0.0,-0.197184188817067,-0.980366459891685));
#5388=DIRECTION('',(0.0,0.197184188817067,0.980366459891685));
#5389=DIRECTION('',(-1.0,0.0,0.0));
#5390=DIRECTION('',(0.0,-0.234667083209108,-0.972075799543497));
#5391=DIRECTION('',(0.0,0.234667083209108,0.972075799543497));
#5392=DIRECTION('',(-1.0,0.0,0.0));
#5393=DIRECTION('',(0.0,-0.386368018100166,-0.92234470486329));
#5394=DIRECTION('',(0.0,0.386368018100166,0.92234470486329));
#5395=DIRECTION('',(-1.0,0.0,0.0));
#5396=DIRECTION('',(0.0,1.0,-6.12323399573677E-17));
#5397=DIRECTION('',(0.0,-1.0,6.12323399573677E-17));
#5398=DIRECTION('',(-1.0,0.0,0.0));
#5399=DIRECTION('',(0.0,0.307861474983658,0.951431191532465));
#5400=DIRECTION('',(0.0,-0.307861474983658,-0.951431191532465));
#5401=DIRECTION('',(-1.0,0.0,0.0));
#5402=DIRECTION('',(0.0,0.258796817064455,0.965931781999799));
#5403=DIRECTION('',(0.0,-0.258796817064455,-0.965931781999799));
#5404=DIRECTION('',(-1.0,0.0,0.0));
#5405=DIRECTION('',(0.0,0.165648245084433,0.986184900969614));
#5406=DIRECTION('',(0.0,-0.165648245084433,-0.986184900969614));
#5407=DIRECTION('',(-1.0,0.0,0.0));
#5408=DIRECTION('',(0.0,0.52519860099269,0.85097968807447));
#5409=DIRECTION('',(0.0,-0.52519860099269,-0.85097968807447));
#5410=DIRECTION('',(-1.0,0.0,0.0));
#5411=DIRECTION('',(0.0,0.945042069751253,0.326948751947866));
#5412=DIRECTION('',(0.0,-0.945042069751253,-0.326948751947866));
#5413=DIRECTION('',(-1.0,0.0,0.0));
#5414=DIRECTION('',(0.0,1.0,-6.12323399573677E-17));
#5415=DIRECTION('',(0.0,-1.0,6.12323399573677E-17));
#5416=DIRECTION('',(-1.0,0.0,0.0));
#5417=DIRECTION('',(0.0,-6.12323399573677E-17,-1.0));
#5418=DIRECTION('',(0.0,6.12323399573677E-17,1.0));
#5419=DIRECTION('',(-1.0,0.0,0.0));
#5420=DIRECTION('',(0.0,1.0,-6.12323399573677E-17));
#5421=DIRECTION('',(0.0,-1.0,6.12323399573677E-17));
#5422=DIRECTION('',(0.0,-1.0,6.12323399573677E-17));
#5423=DIRECTION('',(-1.0,0.0,0.0));
#5424=DIRECTION('',(0.0,-1.0,6.12323399573677E-17));
#5425=DIRECTION('',(-1.0,0.0,0.0));
#5426=DIRECTION('',(0.0,-0.416699548531781,-0.909044270788507));
#5427=DIRECTION('',(0.0,-0.416699548531781,-0.909044270788507));
#5428=DIRECTION('',(-1.0,0.0,0.0));
#5429=DIRECTION('',(0.0,-0.416797366423433,0.908999425380727));
#5430=DIRECTION('',(0.0,-0.416797366423432,0.908999425380727));
#5431=DIRECTION('',(-1.0,0.0,0.0));
#5432=DIRECTION('',(0.0,-1.0,6.12323399573677E-17));
#5433=DIRECTION('',(0.0,-1.0,6.12323399573677E-17));
#5434=DIRECTION('',(-1.0,0.0,0.0));
#5435=DIRECTION('',(0.0,-6.12323399573677E-17,-1.0));
#5436=DIRECTION('',(0.0,-6.12323399573677E-17,-1.0));
#5437=DIRECTION('',(-1.0,0.0,0.0));
#5438=DIRECTION('',(0.0,1.0,-6.12323399573677E-17));
#5439=DIRECTION('',(0.0,1.0,-6.12323399573677E-17));
#5440=DIRECTION('',(-1.0,0.0,0.0));
#5441=DIRECTION('',(0.0,6.12323399573677E-17,1.0));
#5442=DIRECTION('',(0.0,6.12323399573677E-17,1.0));
#5443=DIRECTION('',(-1.0,0.0,0.0));
#5444=DIRECTION('',(-0.0,0.477662109542848,-0.878543629597914));
#5445=DIRECTION('',(-0.0,0.477662109542848,-0.878543629597914));
#5446=DIRECTION('',(-1.0,0.0,0.0));
#5447=DIRECTION('',(0.0,0.441768023340556,0.897129318188731));
#5448=DIRECTION('',(0.0,0.441768023340556,0.897129318188731));
#5449=DIRECTION('',(-1.0,0.0,0.0));
#5450=DIRECTION('',(0.0,-0.00487649625899107,-0.99998810982143));
#5451=DIRECTION('',(0.0,-0.00487649625899107,-0.99998810982143));
#5452=DIRECTION('',(-1.0,0.0,0.0));
#5453=DIRECTION('',(0.0,0.999998544108841,0.00170639391672706));
#5454=DIRECTION('',(0.0,0.999998544108841,0.00170639391672706));
#5455=DIRECTION('',(-1.0,0.0,0.0));
#5456=DIRECTION('',(0.0,6.12323399573677E-17,1.0));
#5457=DIRECTION('',(0.0,6.12323399573677E-17,1.0));
#5458=DIRECTION('',(0.0,-0.00811541933460221,0.999967069442301));
#5459=DIRECTION('',(-1.0,0.0,0.0));
#5460=DIRECTION('',(0.0,0.00811541933460221,-0.999967069442301));
#5461=DIRECTION('',(-1.0,0.0,0.0));
#5462=DIRECTION('',(-0.0,-0.987961481347242,-0.154700069082605));
#5463=DIRECTION('',(-1.0,0.0,0.0));
#5464=DIRECTION('',(0.0,0.987961481347242,0.154700069082605));
#5465=DIRECTION('',(-0.0,-0.878460347476932,-0.477815254999992));
#5466=DIRECTION('',(-1.0,0.0,0.0));
#5467=DIRECTION('',(0.0,0.878460347476932,0.477815254999992));
#5468=DIRECTION('',(-0.0,-0.906966768393514,-0.421202185452339));
#5469=DIRECTION('',(-1.0,0.0,0.0));
#5470=DIRECTION('',(0.0,0.906966768393514,0.421202185452339));
#5471=DIRECTION('',(-0.0,-0.77479628332854,-0.632210976921692));
#5472=DIRECTION('',(-1.0,0.0,0.0));
#5473=DIRECTION('',(0.0,0.77479628332854,0.632210976921692));
#5474=DIRECTION('',(-0.0,-0.496143875138875,-0.868240321087532));
#5475=DIRECTION('',(-1.0,0.0,0.0));
#5476=DIRECTION('',(0.0,0.496143875138875,0.868240321087532));
#5477=DIRECTION('',(-0.0,-0.289754950919428,-0.957100866375995));
#5478=DIRECTION('',(-1.0,0.0,0.0));
#5479=DIRECTION('',(0.0,0.289754950919428,0.957100866375995));
#5480=DIRECTION('',(-0.0,-0.187560930283886,-0.982252970181838));
#5481=DIRECTION('',(-1.0,0.0,0.0));
#5482=DIRECTION('',(0.0,0.187560930283886,0.982252970181838));
#5483=DIRECTION('',(-0.0,-0.183811245028007,-0.982961558862428));
#5484=DIRECTION('',(-1.0,0.0,0.0));
#5485=DIRECTION('',(0.0,0.183811245028007,0.982961558862428));
#5486=DIRECTION('',(0.0,0.0619292929839844,-0.998080539170314));
#5487=DIRECTION('',(-1.0,0.0,0.0));
#5488=DIRECTION('',(0.0,-0.0619292929839844,0.998080539170314));
#5489=DIRECTION('',(0.0,0.333625455329938,-0.94270570994128));
#5490=DIRECTION('',(-1.0,0.0,0.0));
#5491=DIRECTION('',(0.0,-0.333625455329938,0.94270570994128));
#5492=DIRECTION('',(0.0,0.665554165596305,-0.746349551254241));
#5493=DIRECTION('',(-1.0,0.0,0.0));
#5494=DIRECTION('',(0.0,-0.665554165596305,0.746349551254241));
#5495=DIRECTION('',(0.0,0.931395047477235,-0.364009979993514));
#5496=DIRECTION('',(-1.0,0.0,0.0));
#5497=DIRECTION('',(0.0,-0.931395047477235,0.364009979993514));
#5498=DIRECTION('',(0.0,0.998703759003933,0.0508999189725759));
#5499=DIRECTION('',(-0.0,-0.998703759003933,-0.0508999189725759));
#5500=DIRECTION('',(0.0,1.0,-6.12323399573677E-17));
#5501=DIRECTION('',(-1.0,0.0,0.0));
#5502=DIRECTION('',(0.0,-1.0,6.12323399573677E-17));
#5503=DIRECTION('',(-1.0,0.0,0.0));
#5504=DIRECTION('',(0.0,6.12323399573677E-17,1.0));
#5505=DIRECTION('',(0.0,-6.12323399573677E-17,-1.0));
#5506=DIRECTION('',(-1.0,0.0,0.0));
#5507=DIRECTION('',(0.0,-1.0,6.12323399573677E-17));
#5508=DIRECTION('',(0.0,1.0,-6.12323399573677E-17));
#5509=DIRECTION('',(-1.0,0.0,0.0));
#5510=DIRECTION('',(0.0,-0.998556277671635,-0.0537155501002076));
#5511=DIRECTION('',(0.0,0.998556277671635,0.0537155501002076));
#5512=DIRECTION('',(-1.0,0.0,0.0));
#5513=DIRECTION('',(0.0,-0.991118523627312,-0.132981472855495));
#5514=DIRECTION('',(0.0,0.991118523627312,0.132981472855495));
#5515=DIRECTION('',(-1.0,0.0,0.0));
#5516=DIRECTION('',(0.0,-0.970601957501992,-0.240690340673034));
#5517=DIRECTION('',(0.0,0.970601957501992,0.240690340673034));
#5518=DIRECTION('',(-1.0,0.0,0.0));
#5519=DIRECTION('',(0.0,-0.921546820117248,-0.388267251170876));
#5520=DIRECTION('',(0.0,0.921546820117248,0.388267251170876));
#5521=DIRECTION('',(-1.0,0.0,0.0));
#5522=DIRECTION('',(0.0,-0.835129118022894,-0.550053957562622));
#5523=DIRECTION('',(0.0,0.835129118022894,0.550053957562622));
#5524=DIRECTION('',(-1.0,0.0,0.0));
#5525=DIRECTION('',(0.0,-0.699640602111124,-0.714494946012625));
#5526=DIRECTION('',(0.0,0.699640602111124,0.714494946012625));
#5527=DIRECTION('',(-1.0,0.0,0.0));
#5528=DIRECTION('',(0.0,-0.517832459389602,-0.855482053582958));
#5529=DIRECTION('',(0.0,0.517832459389602,0.855482053582958));
#5530=DIRECTION('',(-1.0,0.0,0.0));
#5531=DIRECTION('',(0.0,-0.311611799330464,-0.95020949612074));
#5532=DIRECTION('',(0.0,0.311611799330464,0.95020949612074));
#5533=DIRECTION('',(-1.0,0.0,0.0));
#5534=DIRECTION('',(0.0,-0.140018209168669,-0.990148928748195));
#5535=DIRECTION('',(0.0,0.140018209168669,0.990148928748195));
#5536=DIRECTION('',(-1.0,0.0,0.0));
#5537=DIRECTION('',(0.0,-0.0198620164659338,-0.999802730693364));
#5538=DIRECTION('',(0.0,0.0198620164659338,0.999802730693364));
#5539=DIRECTION('',(-1.0,0.0,0.0));
#5540=DIRECTION('',(0.0,-0.0191988240955404,-0.999815685590773));
#5541=DIRECTION('',(0.0,0.0191988240955404,0.999815685590773));
#5542=DIRECTION('',(-1.0,0.0,0.0));
#5543=DIRECTION('',(0.0,0.149866540264772,-0.9887062354962));
#5544=DIRECTION('',(0.0,-0.149866540264772,0.9887062354962));
#5545=DIRECTION('',(-1.0,0.0,0.0));
#5546=DIRECTION('',(0.0,0.364003763778481,-0.931397476888949));
#5547=DIRECTION('',(0.0,-0.364003763778481,0.931397476888949));
#5548=DIRECTION('',(-1.0,0.0,0.0));
#5549=DIRECTION('',(0.0,0.577475147909019,-0.816408264012226));
#5550=DIRECTION('',(0.0,-0.577475147909019,0.816408264012226));
#5551=DIRECTION('',(-1.0,0.0,0.0));
#5552=DIRECTION('',(0.0,0.732112861995819,-0.681183350721588));
#5553=DIRECTION('',(0.0,-0.732112861995819,0.681183350721588));
#5554=DIRECTION('',(-1.0,0.0,0.0));
#5555=DIRECTION('',(0.0,0.836266986689563,-0.548322466230556));
#5556=DIRECTION('',(0.0,-0.836266986689563,0.548322466230556));
#5557=DIRECTION('',(-1.0,0.0,0.0));
#5558=DIRECTION('',(0.0,0.906107227942209,-0.423048095931049));
#5559=DIRECTION('',(0.0,-0.906107227942209,0.423048095931049));
#5560=DIRECTION('',(-1.0,0.0,0.0));
#5561=DIRECTION('',(0.0,0.955215676928957,-0.295910477254784));
#5562=DIRECTION('',(0.0,-0.955215676928957,0.295910477254784));
#5563=DIRECTION('',(-1.0,0.0,0.0));
#5564=DIRECTION('',(0.0,0.98439805037178,-0.175955899089055));
#5565=DIRECTION('',(0.0,-0.98439805037178,0.175955899089055));
#5566=DIRECTION('',(-1.0,0.0,0.0));
#5567=DIRECTION('',(0.0,1.0,-6.12323399573677E-17));
#5568=DIRECTION('',(0.0,-1.0,6.12323399573677E-17));
#5569=DIRECTION('',(-1.0,0.0,0.0));
#5570=DIRECTION('',(0.0,-0.00189589674827215,-0.999998202786145));
#5571=DIRECTION('',(0.0,0.00189589674827215,0.999998202786145));
#5572=DIRECTION('',(0.0,-1.0,6.12323399573677E-17));
#5573=DIRECTION('',(-1.0,0.0,0.0));
#5574=DIRECTION('',(0.0,1.0,-6.12323399573677E-17));
#5575=DIRECTION('',(-1.0,0.0,0.0));
#5576=DIRECTION('',(0.0,0.636337776519744,-0.771410548394244));
#5577=DIRECTION('',(-1.0,0.0,0.0));
#5578=DIRECTION('',(0.0,-0.636337776519744,0.771410548394244));
#5579=DIRECTION('',(0.0,0.636321171318176,0.771424245750848));
#5580=DIRECTION('',(-0.0,-0.636321171318176,-0.771424245750848));
#5581=DIRECTION('',(0.0,6.12323399573677E-17,1.0));
#5582=DIRECTION('',(-1.0,0.0,0.0));
#5583=DIRECTION('',(0.0,6.12323399573677E-17,1.0));
#5584=DIRECTION('',(-1.0,0.0,0.0));
#5585=DIRECTION('',(0.0,-1.0,6.12323399573677E-17));
#5586=DIRECTION('',(0.0,-1.0,6.12323399573677E-17));
#5587=DIRECTION('',(-1.0,0.0,0.0));
#5588=DIRECTION('',(0.0,-6.12323399573677E-17,-1.0));
#5589=DIRECTION('',(0.0,-6.12323399573677E-17,-1.0));
#5590=DIRECTION('',(-1.0,0.0,0.0));
#5591=DIRECTION('',(-0.0,0.638858202070061,-0.769324507375015));
#5592=DIRECTION('',(-0.0,0.638858202070061,-0.769324507375015));
#5593=DIRECTION('',(-1.0,0.0,0.0));
#5594=DIRECTION('',(0.0,0.638855457023618,0.769326786893024));
#5595=DIRECTION('',(0.0,0.638855457023618,0.769326786893024));
#5596=DIRECTION('',(0.0,1.0,-6.12323399573677E-17));
#5597=DIRECTION('',(-1.0,0.0,0.0));
#5598=DIRECTION('',(0.0,-1.0,6.12323399573677E-17));
#5599=DIRECTION('',(-1.0,0.0,0.0));
#5600=DIRECTION('',(0.0,6.12323399573677E-17,1.0));
#5601=DIRECTION('',(0.0,-6.12323399573677E-17,-1.0));
#5602=DIRECTION('',(-1.0,0.0,0.0));
#5603=DIRECTION('',(0.0,-1.0,6.12323399573677E-17));
#5604=DIRECTION('',(0.0,1.0,-6.12323399573677E-17));
#5605=DIRECTION('',(-1.0,0.0,0.0));
#5606=DIRECTION('',(0.0,-6.12323399573677E-17,-1.0));
#5607=DIRECTION('',(0.0,6.12323399573677E-17,1.0));
#5608=DIRECTION('',(-1.0,0.0,0.0));
#5609=DIRECTION('',(0.0,1.0,-6.12323399573677E-17));
#5610=DIRECTION('',(0.0,-1.0,6.12323399573677E-17));
#5611=DIRECTION('',(-1.0,0.0,0.0));
#5612=DIRECTION('',(0.0,-6.12323399573677E-17,-1.0));
#5613=DIRECTION('',(0.0,6.12323399573677E-17,1.0));
#5614=DIRECTION('',(-1.0,0.0,0.0));
#5615=DIRECTION('',(0.0,-1.0,6.12323399573677E-17));
#5616=DIRECTION('',(0.0,1.0,-6.12323399573677E-17));
#5617=DIRECTION('',(-1.0,0.0,0.0));
#5618=DIRECTION('',(0.0,-6.12323399573677E-17,-1.0));
#5619=DIRECTION('',(0.0,6.12323399573677E-17,1.0));
#5620=DIRECTION('',(-1.0,0.0,0.0));
#5621=DIRECTION('',(0.0,1.0,-6.12323399573677E-17));
#5622=DIRECTION('',(0.0,-1.0,6.12323399573677E-17));
#5623=DIRECTION('',(-1.0,0.0,0.0));
#5624=DIRECTION('',(0.0,-6.12323399573677E-17,-1.0));
#5625=DIRECTION('',(0.0,6.12323399573677E-17,1.0));
#5626=DIRECTION('',(-1.0,0.0,0.0));
#5627=DIRECTION('',(0.0,-1.0,6.12323399573677E-17));
#5628=DIRECTION('',(0.0,1.0,-6.12323399573677E-17));
#5629=DIRECTION('',(-1.0,0.0,0.0));
#5630=DIRECTION('',(0.0,-6.12323399573677E-17,-1.0));
#5631=DIRECTION('',(0.0,6.12323399573677E-17,1.0));
#5632=DIRECTION('',(1.0,0.0,-0.0));
#5633=CARTESIAN_POINT('',(5.98319798375805,-0.52480761691403,1.152514141697));
#5634=DIRECTION('',(1.0,0.0,0.0));
#5635=DIRECTION('',(0.0,-1.0,6.12323399573677E-17));
#5636=DIRECTION('',(-1.0,0.0,0.0));
#5637=CARTESIAN_POINT('',(6.0,-0.52480761691403,1.152514141697));
#5638=DIRECTION('',(-1.0,0.0,0.0));
#5639=DIRECTION('',(0.0,-1.0,6.12323399573677E-17));
#5640=DIRECTION('',(-1.0,0.0,0.0));
#5641=CARTESIAN_POINT('',(6.0,-0.52480761691403,1.152514141697));
#5642=DIRECTION('',(-1.0,0.0,0.0));
#5643=DIRECTION('',(0.0,-1.0,4.19754231387749E-15));
#5644=DIRECTION('',(1.0,-0.0,-0.0));
#5645=CARTESIAN_POINT('',(5.98319798375805,-0.52480761691403,1.152514141697));
#5646=DIRECTION('',(1.0,0.0,-0.0));
#5647=DIRECTION('',(0.0,-1.0,4.19754231387749E-15));
#5648=CARTESIAN_POINT('',(5.98319798375805,-0.52480761691403,1.152514141697));
#5649=DIRECTION('',(1.0,0.0,-0.0));
#5650=DIRECTION('',(0.0,-1.0,4.19754231387749E-15));
#5651=CARTESIAN_POINT('',(6.0,-0.52480761691403,1.152514141697));
#5652=DIRECTION('',(-1.0,0.0,0.0));
#5653=DIRECTION('',(0.0,-1.0,4.19754231387749E-15));
#5654=CARTESIAN_POINT('',(6.0,-0.52480761691403,1.152514141697));
#5655=DIRECTION('',(-1.0,0.0,0.0));
#5656=DIRECTION('',(0.0,-1.0,6.12323399573677E-17));
#5657=CARTESIAN_POINT('',(5.98319798375805,-0.52480761691403,1.152514141697));
#5658=DIRECTION('',(1.0,0.0,0.0));
#5659=DIRECTION('',(0.0,-1.0,6.12323399573677E-17));
ENDSEC;
END-ISO-10303-21;
