:0200000460009A
:100000004643464200000156000000000103030081
:1000100000000000000000000000000000000000E0
:1000200000000000000000000000000000000000D0
:1000300000000000000000000000000000000000C0
:1000400000000000010408000000000000000000A3
:100050000000200000000000000000000000000080
:100060000000000000000000000000000000000090
:100070000000000000000000000000000000000080
:10008000EB04180A063204260000000000000000FD
:10009000050404240000000000000000000000002F
:1000A0000000000000000000000000000000000050
:1000B0000604000000000000000000000000000036
:1000C0000000000000000000000000000000000030
:1000D00020041808000000000000000000000000DC
:1000E0000000000000000000000000000000000010
:1000F0000000000000000000000000000000000000
:10010000D8041808000000000000000000000000F3
:100110000204180804200000000000000000000095
:1001200000000000000000000000000000000000CF
:10013000600400000000000000000000000000005B
:1001400000000000000000000000000000000000AF
:10015000000000000000000000000000000000009F
:10016000000000000000000000000000000000008F
:10017000000000000000000000000000000000007F
:10018000000000000000000000000000000000006F
:10019000000000000000000000000000000000005F
:1001A000000000000000000000000000000000004F
:1001B000000000000000000000000000000000003F
:1001C000000100000010000001000000000000001D
:1001D000000001000000000000000000000000001E
:1001E000000000000000000000000000000000000F
:1001F00000000000000000000000000000000000FF
:10020000FFFFFFFFFFFFFFFFFFFFFFFFFFFFFFFFFE
:10021000FFFFFFFFFFFFFFFFFFFFFFFFFFFFFFFFEE
:10022000FFFFFFFFFFFFFFFFFFFFFFFFFFFFFFFFDE
:10023000FFFFFFFFFFFFFFFFFFFFFFFFFFFFFFFFCE
:10024000FFFFFFFFFFFFFFFFFFFFFFFFFFFFFFFFBE
:10025000FFFFFFFFFFFFFFFFFFFFFFFFFFFFFFFFAE
:10026000FFFFFFFFFFFFFFFFFFFFFFFFFFFFFFFF9E
:10027000FFFFFFFFFFFFFFFFFFFFFFFFFFFFFFFF8E
:10028000FFFFFFFFFFFFFFFFFFFFFFFFFFFFFFFF7E
:10029000FFFFFFFFFFFFFFFFFFFFFFFFFFFFFFFF6E
:1002A000FFFFFFFFFFFFFFFFFFFFFFFFFFFFFFFF5E
:1002B000FFFFFFFFFFFFFFFFFFFFFFFFFFFFFFFF4E
:1002C000FFFFFFFFFFFFFFFFFFFFFFFFFFFFFFFF3E
:1002D000FFFFFFFFFFFFFFFFFFFFFFFFFFFFFFFF2E
:1002E000FFFFFFFFFFFFFFFFFFFFFFFFFFFFFFFF1E
:1002F000FFFFFFFFFFFFFFFFFFFFFFFFFFFFFFFF0E
:10030000FFFFFFFFFFFFFFFFFFFFFFFFFFFFFFFFFD
:10031000FFFFFFFFFFFFFFFFFFFFFFFFFFFFFFFFED
:10032000FFFFFFFFFFFFFFFFFFFFFFFFFFFFFFFFDD
:10033000FFFFFFFFFFFFFFFFFFFFFFFFFFFFFFFFCD
:10034000FFFFFFFFFFFFFFFFFFFFFFFFFFFFFFFFBD
:10035000FFFFFFFFFFFFFFFFFFFFFFFFFFFFFFFFAD
:10036000FFFFFFFFFFFFFFFFFFFFFFFFFFFFFFFF9D
:10037000FFFFFFFFFFFFFFFFFFFFFFFFFFFFFFFF8D
:10038000FFFFFFFFFFFFFFFFFFFFFFFFFFFFFFFF7D
:10039000FFFFFFFFFFFFFFFFFFFFFFFFFFFFFFFF6D
:1003A000FFFFFFFFFFFFFFFFFFFFFFFFFFFFFFFF5D
:1003B000FFFFFFFFFFFFFFFFFFFFFFFFFFFFFFFF4D
:1003C000FFFFFFFFFFFFFFFFFFFFFFFFFFFFFFFF3D
:1003D000FFFFFFFFFFFFFFFFFFFFFFFFFFFFFFFF2D
:1003E000FFFFFFFFFFFFFFFFFFFFFFFFFFFFFFFF1D
:1003F000FFFFFFFFFFFFFFFFFFFFFFFFFFFFFFFF0D
:10040000FFFFFFFFFFFFFFFFFFFFFFFFFFFFFFFFFC
:10041000FFFFFFFFFFFFFFFFFFFFFFFFFFFFFFFFEC
:10042000FFFFFFFFFFFFFFFFFFFFFFFFFFFFFFFFDC
:10043000FFFFFFFFFFFFFFFFFFFFFFFFFFFFFFFFCC
:10044000FFFFFFFFFFFFFFFFFFFFFFFFFFFFFFFFBC
:10045000FFFFFFFFFFFFFFFFFFFFFFFFFFFFFFFFAC
:10046000FFFFFFFFFFFFFFFFFFFFFFFFFFFFFFFF9C
:10047000FFFFFFFFFFFFFFFFFFFFFFFFFFFFFFFF8C
:10048000FFFFFFFFFFFFFFFFFFFFFFFFFFFFFFFF7C
:10049000FFFFFFFFFFFFFFFFFFFFFFFFFFFFFFFF6C
:1004A000FFFFFFFFFFFFFFFFFFFFFFFFFFFFFFFF5C
:1004B000FFFFFFFFFFFFFFFFFFFFFFFFFFFFFFFF4C
:1004C000FFFFFFFFFFFFFFFFFFFFFFFFFFFFFFFF3C
:1004D000FFFFFFFFFFFFFFFFFFFFFFFFFFFFFFFF2C
:1004E000FFFFFFFFFFFFFFFFFFFFFFFFFFFFFFFF1C
:1004F000FFFFFFFFFFFFFFFFFFFFFFFFFFFFFFFF0C
:10050000FFFFFFFFFFFFFFFFFFFFFFFFFFFFFFFFFB
:10051000FFFFFFFFFFFFFFFFFFFFFFFFFFFFFFFFEB
:10052000FFFFFFFFFFFFFFFFFFFFFFFFFFFFFFFFDB
:10053000FFFFFFFFFFFFFFFFFFFFFFFFFFFFFFFFCB
:10054000FFFFFFFFFFFFFFFFFFFFFFFFFFFFFFFFBB
:10055000FFFFFFFFFFFFFFFFFFFFFFFFFFFFFFFFAB
:10056000FFFFFFFFFFFFFFFFFFFFFFFFFFFFFFFF9B
:10057000FFFFFFFFFFFFFFFFFFFFFFFFFFFFFFFF8B
:10058000FFFFFFFFFFFFFFFFFFFFFFFFFFFFFFFF7B
:10059000FFFFFFFFFFFFFFFFFFFFFFFFFFFFFFFF6B
:1005A000FFFFFFFFFFFFFFFFFFFFFFFFFFFFFFFF5B
:1005B000FFFFFFFFFFFFFFFFFFFFFFFFFFFFFFFF4B
:1005C000FFFFFFFFFFFFFFFFFFFFFFFFFFFFFFFF3B
:1005D000FFFFFFFFFFFFFFFFFFFFFFFFFFFFFFFF2B
:1005E000FFFFFFFFFFFFFFFFFFFFFFFFFFFFFFFF1B
:1005F000FFFFFFFFFFFFFFFFFFFFFFFFFFFFFFFF0B
:10060000FFFFFFFFFFFFFFFFFFFFFFFFFFFFFFFFFA
:10061000FFFFFFFFFFFFFFFFFFFFFFFFFFFFFFFFEA
:10062000FFFFFFFFFFFFFFFFFFFFFFFFFFFFFFFFDA
:10063000FFFFFFFFFFFFFFFFFFFFFFFFFFFFFFFFCA
:10064000FFFFFFFFFFFFFFFFFFFFFFFFFFFFFFFFBA
:10065000FFFFFFFFFFFFFFFFFFFFFFFFFFFFFFFFAA
:10066000FFFFFFFFFFFFFFFFFFFFFFFFFFFFFFFF9A
:10067000FFFFFFFFFFFFFFFFFFFFFFFFFFFFFFFF8A
:10068000FFFFFFFFFFFFFFFFFFFFFFFFFFFFFFFF7A
:10069000FFFFFFFFFFFFFFFFFFFFFFFFFFFFFFFF6A
:1006A000FFFFFFFFFFFFFFFFFFFFFFFFFFFFFFFF5A
:1006B000FFFFFFFFFFFFFFFFFFFFFFFFFFFFFFFF4A
:1006C000FFFFFFFFFFFFFFFFFFFFFFFFFFFFFFFF3A
:1006D000FFFFFFFFFFFFFFFFFFFFFFFFFFFFFFFF2A
:1006E000FFFFFFFFFFFFFFFFFFFFFFFFFFFFFFFF1A
:1006F000FFFFFFFFFFFFFFFFFFFFFFFFFFFFFFFF0A
:10070000FFFFFFFFFFFFFFFFFFFFFFFFFFFFFFFFF9
:10071000FFFFFFFFFFFFFFFFFFFFFFFFFFFFFFFFE9
:10072000FFFFFFFFFFFFFFFFFFFFFFFFFFFFFFFFD9
:10073000FFFFFFFFFFFFFFFFFFFFFFFFFFFFFFFFC9
:10074000FFFFFFFFFFFFFFFFFFFFFFFFFFFFFFFFB9
:10075000FFFFFFFFFFFFFFFFFFFFFFFFFFFFFFFFA9
:10076000FFFFFFFFFFFFFFFFFFFFFFFFFFFFFFFF99
:10077000FFFFFFFFFFFFFFFFFFFFFFFFFFFFFFFF89
:10078000FFFFFFFFFFFFFFFFFFFFFFFFFFFFFFFF79
:10079000FFFFFFFFFFFFFFFFFFFFFFFFFFFFFFFF69
:1007A000FFFFFFFFFFFFFFFFFFFFFFFFFFFFFFFF59
:1007B000FFFFFFFFFFFFFFFFFFFFFFFFFFFFFFFF49
:1007C000FFFFFFFFFFFFFFFFFFFFFFFFFFFFFFFF39
:1007D000FFFFFFFFFFFFFFFFFFFFFFFFFFFFFFFF29
:1007E000FFFFFFFFFFFFFFFFFFFFFFFFFFFFFFFF19
:1007F000FFFFFFFFFFFFFFFFFFFFFFFFFFFFFFFF09
:10080000FFFFFFFFFFFFFFFFFFFFFFFFFFFFFFFFF8
:10081000FFFFFFFFFFFFFFFFFFFFFFFFFFFFFFFFE8
:10082000FFFFFFFFFFFFFFFFFFFFFFFFFFFFFFFFD8
:10083000FFFFFFFFFFFFFFFFFFFFFFFFFFFFFFFFC8
:10084000FFFFFFFFFFFFFFFFFFFFFFFFFFFFFFFFB8
:10085000FFFFFFFFFFFFFFFFFFFFFFFFFFFFFFFFA8
:10086000FFFFFFFFFFFFFFFFFFFFFFFFFFFFFFFF98
:10087000FFFFFFFFFFFFFFFFFFFFFFFFFFFFFFFF88
:10088000FFFFFFFFFFFFFFFFFFFFFFFFFFFFFFFF78
:10089000FFFFFFFFFFFFFFFFFFFFFFFFFFFFFFFF68
:1008A000FFFFFFFFFFFFFFFFFFFFFFFFFFFFFFFF58
:1008B000FFFFFFFFFFFFFFFFFFFFFFFFFFFFFFFF48
:1008C000FFFFFFFFFFFFFFFFFFFFFFFFFFFFFFFF38
:1008D000FFFFFFFFFFFFFFFFFFFFFFFFFFFFFFFF28
:1008E000FFFFFFFFFFFFFFFFFFFFFFFFFFFFFFFF18
:1008F000FFFFFFFFFFFFFFFFFFFFFFFFFFFFFFFF08
:10090000FFFFFFFFFFFFFFFFFFFFFFFFFFFFFFFFF7
:10091000FFFFFFFFFFFFFFFFFFFFFFFFFFFFFFFFE7
:10092000FFFFFFFFFFFFFFFFFFFFFFFFFFFFFFFFD7
:10093000FFFFFFFFFFFFFFFFFFFFFFFFFFFFFFFFC7
:10094000FFFFFFFFFFFFFFFFFFFFFFFFFFFFFFFFB7
:10095000FFFFFFFFFFFFFFFFFFFFFFFFFFFFFFFFA7
:10096000FFFFFFFFFFFFFFFFFFFFFFFFFFFFFFFF97
:10097000FFFFFFFFFFFFFFFFFFFFFFFFFFFFFFFF87
:10098000FFFFFFFFFFFFFFFFFFFFFFFFFFFFFFFF77
:10099000FFFFFFFFFFFFFFFFFFFFFFFFFFFFFFFF67
:1009A000FFFFFFFFFFFFFFFFFFFFFFFFFFFFFFFF57
:1009B000FFFFFFFFFFFFFFFFFFFFFFFFFFFFFFFF47
:1009C000FFFFFFFFFFFFFFFFFFFFFFFFFFFFFFFF37
:1009D000FFFFFFFFFFFFFFFFFFFFFFFFFFFFFFFF27
:1009E000FFFFFFFFFFFFFFFFFFFFFFFFFFFFFFFF17
:1009F000FFFFFFFFFFFFFFFFFFFFFFFFFFFFFFFF07
:100A0000FFFFFFFFFFFFFFFFFFFFFFFFFFFFFFFFF6
:100A1000FFFFFFFFFFFFFFFFFFFFFFFFFFFFFFFFE6
:100A2000FFFFFFFFFFFFFFFFFFFFFFFFFFFFFFFFD6
:100A3000FFFFFFFFFFFFFFFFFFFFFFFFFFFFFFFFC6
:100A4000FFFFFFFFFFFFFFFFFFFFFFFFFFFFFFFFB6
:100A5000FFFFFFFFFFFFFFFFFFFFFFFFFFFFFFFFA6
:100A6000FFFFFFFFFFFFFFFFFFFFFFFFFFFFFFFF96
:100A7000FFFFFFFFFFFFFFFFFFFFFFFFFFFFFFFF86
:100A8000FFFFFFFFFFFFFFFFFFFFFFFFFFFFFFFF76
:100A9000FFFFFFFFFFFFFFFFFFFFFFFFFFFFFFFF66
:100AA000FFFFFFFFFFFFFFFFFFFFFFFFFFFFFFFF56
:100AB000FFFFFFFFFFFFFFFFFFFFFFFFFFFFFFFF46
:100AC000FFFFFFFFFFFFFFFFFFFFFFFFFFFFFFFF36
:100AD000FFFFFFFFFFFFFFFFFFFFFFFFFFFFFFFF26
:100AE000FFFFFFFFFFFFFFFFFFFFFFFFFFFFFFFF16
:100AF000FFFFFFFFFFFFFFFFFFFFFFFFFFFFFFFF06
:100B0000FFFFFFFFFFFFFFFFFFFFFFFFFFFFFFFFF5
:100B1000FFFFFFFFFFFFFFFFFFFFFFFFFFFFFFFFE5
:100B2000FFFFFFFFFFFFFFFFFFFFFFFFFFFFFFFFD5
:100B3000FFFFFFFFFFFFFFFFFFFFFFFFFFFFFFFFC5
:100B4000FFFFFFFFFFFFFFFFFFFFFFFFFFFFFFFFB5
:100B5000FFFFFFFFFFFFFFFFFFFFFFFFFFFFFFFFA5
:100B6000FFFFFFFFFFFFFFFFFFFFFFFFFFFFFFFF95
:100B7000FFFFFFFFFFFFFFFFFFFFFFFFFFFFFFFF85
:100B8000FFFFFFFFFFFFFFFFFFFFFFFFFFFFFFFF75
:100B9000FFFFFFFFFFFFFFFFFFFFFFFFFFFFFFFF65
:100BA000FFFFFFFFFFFFFFFFFFFFFFFFFFFFFFFF55
:100BB000FFFFFFFFFFFFFFFFFFFFFFFFFFFFFFFF45
:100BC000FFFFFFFFFFFFFFFFFFFFFFFFFFFFFFFF35
:100BD000FFFFFFFFFFFFFFFFFFFFFFFFFFFFFFFF25
:100BE000FFFFFFFFFFFFFFFFFFFFFFFFFFFFFFFF15
:100BF000FFFFFFFFFFFFFFFFFFFFFFFFFFFFFFFF05
:100C0000FFFFFFFFFFFFFFFFFFFFFFFFFFFFFFFFF4
:100C1000FFFFFFFFFFFFFFFFFFFFFFFFFFFFFFFFE4
:100C2000FFFFFFFFFFFFFFFFFFFFFFFFFFFFFFFFD4
:100C3000FFFFFFFFFFFFFFFFFFFFFFFFFFFFFFFFC4
:100C4000FFFFFFFFFFFFFFFFFFFFFFFFFFFFFFFFB4
:100C5000FFFFFFFFFFFFFFFFFFFFFFFFFFFFFFFFA4
:100C6000FFFFFFFFFFFFFFFFFFFFFFFFFFFFFFFF94
:100C7000FFFFFFFFFFFFFFFFFFFFFFFFFFFFFFFF84
:100C8000FFFFFFFFFFFFFFFFFFFFFFFFFFFFFFFF74
:100C9000FFFFFFFFFFFFFFFFFFFFFFFFFFFFFFFF64
:100CA000FFFFFFFFFFFFFFFFFFFFFFFFFFFFFFFF54
:100CB000FFFFFFFFFFFFFFFFFFFFFFFFFFFFFFFF44
:100CC000FFFFFFFFFFFFFFFFFFFFFFFFFFFFFFFF34
:100CD000FFFFFFFFFFFFFFFFFFFFFFFFFFFFFFFF24
:100CE000FFFFFFFFFFFFFFFFFFFFFFFFFFFFFFFF14
:100CF000FFFFFFFFFFFFFFFFFFFFFFFFFFFFFFFF04
:100D0000FFFFFFFFFFFFFFFFFFFFFFFFFFFFFFFFF3
:100D1000FFFFFFFFFFFFFFFFFFFFFFFFFFFFFFFFE3
:100D2000FFFFFFFFFFFFFFFFFFFFFFFFFFFFFFFFD3
:100D3000FFFFFFFFFFFFFFFFFFFFFFFFFFFFFFFFC3
:100D4000FFFFFFFFFFFFFFFFFFFFFFFFFFFFFFFFB3
:100D5000FFFFFFFFFFFFFFFFFFFFFFFFFFFFFFFFA3
:100D6000FFFFFFFFFFFFFFFFFFFFFFFFFFFFFFFF93
:100D7000FFFFFFFFFFFFFFFFFFFFFFFFFFFFFFFF83
:100D8000FFFFFFFFFFFFFFFFFFFFFFFFFFFFFFFF73
:100D9000FFFFFFFFFFFFFFFFFFFFFFFFFFFFFFFF63
:100DA000FFFFFFFFFFFFFFFFFFFFFFFFFFFFFFFF53
:100DB000FFFFFFFFFFFFFFFFFFFFFFFFFFFFFFFF43
:100DC000FFFFFFFFFFFFFFFFFFFFFFFFFFFFFFFF33
:100DD000FFFFFFFFFFFFFFFFFFFFFFFFFFFFFFFF23
:100DE000FFFFFFFFFFFFFFFFFFFFFFFFFFFFFFFF13
:100DF000FFFFFFFFFFFFFFFFFFFFFFFFFFFFFFFF03
:100E0000FFFFFFFFFFFFFFFFFFFFFFFFFFFFFFFFF2
:100E1000FFFFFFFFFFFFFFFFFFFFFFFFFFFFFFFFE2
:100E2000FFFFFFFFFFFFFFFFFFFFFFFFFFFFFFFFD2
:100E3000FFFFFFFFFFFFFFFFFFFFFFFFFFFFFFFFC2
:100E4000FFFFFFFFFFFFFFFFFFFFFFFFFFFFFFFFB2
:100E5000FFFFFFFFFFFFFFFFFFFFFFFFFFFFFFFFA2
:100E6000FFFFFFFFFFFFFFFFFFFFFFFFFFFFFFFF92
:100E7000FFFFFFFFFFFFFFFFFFFFFFFFFFFFFFFF82
:100E8000FFFFFFFFFFFFFFFFFFFFFFFFFFFFFFFF72
:100E9000FFFFFFFFFFFFFFFFFFFFFFFFFFFFFFFF62
:100EA000FFFFFFFFFFFFFFFFFFFFFFFFFFFFFFFF52
:100EB000FFFFFFFFFFFFFFFFFFFFFFFFFFFFFFFF42
:100EC000FFFFFFFFFFFFFFFFFFFFFFFFFFFFFFFF32
:100ED000FFFFFFFFFFFFFFFFFFFFFFFFFFFFFFFF22
:100EE000FFFFFFFFFFFFFFFFFFFFFFFFFFFFFFFF12
:100EF000FFFFFFFFFFFFFFFFFFFFFFFFFFFFFFFF02
:100F0000FFFFFFFFFFFFFFFFFFFFFFFFFFFFFFFFF1
:100F1000FFFFFFFFFFFFFFFFFFFFFFFFFFFFFFFFE1
:100F2000FFFFFFFFFFFFFFFFFFFFFFFFFFFFFFFFD1
:100F3000FFFFFFFFFFFFFFFFFFFFFFFFFFFFFFFFC1
:100F4000FFFFFFFFFFFFFFFFFFFFFFFFFFFFFFFFB1
:100F5000FFFFFFFFFFFFFFFFFFFFFFFFFFFFFFFFA1
:100F6000FFFFFFFFFFFFFFFFFFFFFFFFFFFFFFFF91
:100F7000FFFFFFFFFFFFFFFFFFFFFFFFFFFFFFFF81
:100F8000FFFFFFFFFFFFFFFFFFFFFFFFFFFFFFFF71
:100F9000FFFFFFFFFFFFFFFFFFFFFFFFFFFFFFFF61
:100FA000FFFFFFFFFFFFFFFFFFFFFFFFFFFFFFFF51
:100FB000FFFFFFFFFFFFFFFFFFFFFFFFFFFFFFFF41
:100FC000FFFFFFFFFFFFFFFFFFFFFFFFFFFFFFFF31
:100FD000FFFFFFFFFFFFFFFFFFFFFFFFFFFFFFFF21
:100FE000FFFFFFFFFFFFFFFFFFFFFFFFFFFFFFFF11
:100FF000FFFFFFFFFFFFFFFFFFFFFFFFFFFFFFFF01
:10100000D1002043491600600000000000000000ED
:10101000201000600010006000040160000000006B
:10102000000000600010010000000000FFFFFFFF53
:10103000FFFFFFFFFFFFFFFFFFFFFFFFFFFFFFFFC0
:10104000FFFFFFFFFFFFFFFFFFFFFFFFFFFFFFFFB0
:10105000FFFFFFFFFFFFFFFFFFFFFFFFFFFFFFFFA0
:10106000FFFFFFFFFFFFFFFFFFFFFFFFFFFFFFFF90
:10107000FFFFFFFFFFFFFFFFFFFFFFFFFFFFFFFF80
:10108000FFFFFFFFFFFFFFFFFFFFFFFFFFFFFFFF70
:10109000FFFFFFFFFFFFFFFFFFFFFFFFFFFFFFFF60
:1010A000FFFFFFFFFFFFFFFFFFFFFFFFFFFFFFFF50
:1010B000FFFFFFFFFFFFFFFFFFFFFFFFFFFFFFFF40
:1010C000FFFFFFFFFFFFFFFFFFFFFFFFFFFFFFFF30
:1010D000FFFFFFFFFFFFFFFFFFFFFFFFFFFFFFFF20
:1010E000FFFFFFFFFFFFFFFFFFFFFFFFFFFFFFFF10
:1010F000FFFFFFFFFFFFFFFFFFFFFFFFFFFFFFFF00
:10110000FFFFFFFFFFFFFFFFFFFFFFFFFFFFFFFFEF
:10111000FFFFFFFFFFFFFFFFFFFFFFFFFFFFFFFFDF
:10112000FFFFFFFFFFFFFFFFFFFFFFFFFFFFFFFFCF
:10113000FFFFFFFFFFFFFFFFFFFFFFFFFFFFFFFFBF
:10114000FFFFFFFFFFFFFFFFFFFFFFFFFFFFFFFFAF
:10115000FFFFFFFFFFFFFFFFFFFFFFFFFFFFFFFF9F
:10116000FFFFFFFFFFFFFFFFFFFFFFFFFFFFFFFF8F
:10117000FFFFFFFFFFFFFFFFFFFFFFFFFFFFFFFF7F
:10118000FFFFFFFFFFFFFFFFFFFFFFFFFFFFFFFF6F
:10119000FFFFFFFFFFFFFFFFFFFFFFFFFFFFFFFF5F
:1011A000FFFFFFFFFFFFFFFFFFFFFFFFFFFFFFFF4F
:1011B000FFFFFFFFFFFFFFFFFFFFFFFFFFFFFFFF3F
:1011C000FFFFFFFFFFFFFFFFFFFFFFFFFFFFFFFF2F
:1011D000FFFFFFFFFFFFFFFFFFFFFFFFFFFFFFFF1F
:1011E000FFFFFFFFFFFFFFFFFFFFFFFFFFFFFFFF0F
:1011F000FFFFFFFFFFFFFFFFFFFFFFFFFFFFFFFFFF
:10120000FFFFFFFFFFFFFFFFFFFFFFFFFFFFFFFFEE
:10121000FFFFFFFFFFFFFFFFFFFFFFFFFFFFFFFFDE
:10122000FFFFFFFFFFFFFFFFFFFFFFFFFFFFFFFFCE
:10123000FFFFFFFFFFFFFFFFFFFFFFFFFFFFFFFFBE
:10124000FFFFFFFFFFFFFFFFFFFFFFFFFFFFFFFFAE
:10125000FFFFFFFFFFFFFFFFFFFFFFFFFFFFFFFF9E
:10126000FFFFFFFFFFFFFFFFFFFFFFFFFFFFFFFF8E
:10127000FFFFFFFFFFFFFFFFFFFFFFFFFFFFFFFF7E
:10128000FFFFFFFFFFFFFFFFFFFFFFFFFFFFFFFF6E
:10129000FFFFFFFFFFFFFFFFFFFFFFFFFFFFFFFF5E
:1012A000FFFFFFFFFFFFFFFFFFFFFFFFFFFFFFFF4E
:1012B000FFFFFFFFFFFFFFFFFFFFFFFFFFFFFFFF3E
:1012C000FFFFFFFFFFFFFFFFFFFFFFFFFFFFFFFF2E
:1012D000FFFFFFFFFFFFFFFFFFFFFFFFFFFFFFFF1E
:1012E000FFFFFFFFFFFFFFFFFFFFFFFFFFFFFFFF0E
:1012F000FFFFFFFFFFFFFFFFFFFFFFFFFFFFFFFFFE
:10130000FFFFFFFFFFFFFFFFFFFFFFFFFFFFFFFFED
:10131000FFFFFFFFFFFFFFFFFFFFFFFFFFFFFFFFDD
:10132000FFFFFFFFFFFFFFFFFFFFFFFFFFFFFFFFCD
:10133000FFFFFFFFFFFFFFFFFFFFFFFFFFFFFFFFBD
:10134000FFFFFFFFFFFFFFFFFFFFFFFFFFFFFFFFAD
:10135000FFFFFFFFFFFFFFFFFFFFFFFFFFFFFFFF9D
:10136000FFFFFFFFFFFFFFFFFFFFFFFFFFFFFFFF8D
:10137000FFFFFFFFFFFFFFFFFFFFFFFFFFFFFFFF7D
:10138000FFFFFFFFFFFFFFFFFFFFFFFFFFFFFFFF6D
:10139000FFFFFFFFFFFFFFFFFFFFFFFFFFFFFFFF5D
:1013A000FFFFFFFFFFFFFFFFFFFFFFFFFFFFFFFF4D
:1013B000FFFFFFFFFFFFFFFFFFFFFFFFFFFFFFFF3D
:1013C000FFFFFFFFFFFFFFFFFFFFFFFFFFFFFFFF2D
:1013D000FFFFFFFFFFFFFFFFFFFFFFFFFFFFFFFF1D
:1013E000FFFFFFFFFFFFFFFFFFFFFFFFFFFFFFFF0D
:1013F000FFFFFFFFFFFFFFFFFFFFFFFFFFFFFFFFFD
:10140000814205D051F8043B40F8043B8242F9D8B0
:10141000704700BF044A05494FF0000342F8043BFF
:101420009142FBD8704700BFC016002040510020F9
:101430002DE98848BFF34F8F00BF00BF00BF00BF3A
:1014400000F016F9674B0822C3F8542100BF00BF13
:1014500000BF00BF00BF00BF00BF00BF00BF00BF94
:1014600000BF00BF00BF00BF00BF00BF5E4A5F49B2
:101470005F48FFF7C5FF5F4A5F496048FFF7C0FF5D
:101480005F4CFFF7C7FF4FF470004FF0E0210023DF
:101490005C4AC1F8880D44F823200133B02BFAD1FF
:1014A000594B8021594A03F8011B9342FBD14FF05D
:1014B000E0254C4E4FF08039DFF880B1DFF880A195
:1014C0004FF0FF31C5F8084D0027C6F80491C6F863
:1014D00000B1C6F8F490C6F8F0A0D5F8243DDFF8C6
:1014E000648143F4E0234A4AC5F8243DD8F81C300F
:1014F00023F07F0343F04003C8F81C30D8F82430B1
:1015000023F07F0343F04003C8F824309166D1668E
:101510001167516700F0B4F83E4B3F49A3633F4B5E
:10152000E36363236B610323AF612B613C4BC5F81D
:10153000203DD5F8FC3D43F08073C5F8FC3D394BA8
:101540001A6842F001021A605B680B6000F020F933
:10155000C6F804913448C6F800B1C6F8F490C6F84D
:10156000F0A000F0C1FAD8F86C10304B304A41F4CA
:101570004051C8F86C101F60C3F80871C3F81871A7
:10158000C3F82871C3F83871936BDB0708D442F6AF
:101590001563284951651365936B43F00103936309
:1015A000234A254C936843F00113936000F054FAEA
:1015B00000F08EFA00F01AF900F05CF82368132BA3
:1015C000FCD900F0ABF92368B3F5967FFBD300F0AC
:1015D00055F800F051F800F077FA00F06DFA30BFDE
:1015E000FDE700BF00800D4058D00000001C0060E7
:1015F00000000000C01600205CEC0060000000202D
:1016000000140020BD43000000E400E0A0E400E07E
:1016100000C00A40713F0000C4500020753F000028
:1016200000002020001000E00046C32300400840D6
:1016300000400D400000C056C85000201B1018206C
:101640000C0D111300C00F40054B4FF42A01054A41
:1016500005485A641864054A99639546FFF7E8FE01
:1016600000C00A40AFAAAAAA070020000000072075
:10167000704700BF704700BF704700BF00BF704792
:1016800010B44FF0E023002110243148C3F8941D1A
:10169000C3F89C4D1124C3F8A00D2E48C3F89C4DEF
:1016A0001224C3F8A00D2C48C3F89C4D2B4AC3F854
:1016B000A00D2B4C42F015022A48C3F89C4DC3F8EC
:1016C000A00D294C2948C3F89C4DC3F8A00D284C07
:1016D000C3F89C2D2748284AC3F8A04DC3F89C0D99
:1016E000C3F8A02D02F5A022244C0C322448C3F8E4
:1016F0009C4DC3F8A02D234AC3F89C0D224CC3F87F
:10170000A02D02F14062C3F89C4D2048C3F8A02DE3
:101710000C32C3F89C0DC3F8A02D00BF00BF00BF62
:1017200000BF00BF0122C3F8942DBFF34F8FBFF35A
:101730006F8FC3F8501FBFF34F8FBFF36F8FD3F876
:10174000142D5DF8044B42F44032C3F8142D704759
:101750003F0000102500080709001000405100203C
:1017600013002000210002071400002025000813A8
:10177000090000101600202027000B13170000405E
:10178000180000602F000B07190000701A0000807D
:10179000F0B4154A40274FF480314FF480564FF48F
:1017A00000554FF4404443F24200136913F0020F16
:1017B0000ED113F4005F0FD013F4805F0ED0002B16
:1017C000F3DA13F4803F0BD15B060BD5F0BC704706
:1017D000946151619061E8E75561E6E75661E4E79D
:1017E0009161E2E75761E0E700800D403F4A032046
:1017F0003F49F3EE095AD2F880304FF0000C9FEDCC
:101800003D6A23F001039FED3C5A30B4C2F88030AA
:10181000C2F89000D1F8E010384DCBB2384C3948BE
:101820002B6007EE903A0B0DC1F30B21F8EEE77A2F
:1018300006EE903A07EE101A334BB8EEC77A2160E5
:10184000F8EEE66A314937EEC66A37EEC55A76EEEB
:10185000C76A77EEE57A26EE266AC3ED006A25EEC2
:10186000265AD2F8803067EEA64AC0ED007AC6EE5E
:10187000275A274885EE276AC4EEA76A75EE875A6D
:10188000FCEEE55A36EE076A15EE904ABCEEC66AE3
:1018900043EA045376EE877AC2F8803016EE103AA7
:1018A000D2F89041FCEEE77A01EA0341214317EEBA
:1018B000903AC2F89011C3F30B03D2F890110B4386
:1018C0001449C2F89031D2F8803043F00203C2F8D4
:1018D0008030114B80F840C0C1F840314FF0E02318
:1018E000012230BCC3F80821704700BF00810D40C1
:1018F00000441F400000AA420000B442985000205B
:10190000945000209C500020A05000200000FF0FA9
:1019100000E400E000140020A5450000314B40F633
:10192000617210B5C3F8202140F2044400F0D4F8ED
:101930002D4A2E49D2F880302D4843F00303C2F8D7
:1019400080302C4BC1F8604102681A4203D1D1F8B3
:10195000A8319A071BD0254A4FF00041244B596308
:10196000D2F8403143F00203C2F84031D2F840319E
:101970009B07FBD44FF400304FF0E0211C4B4FF09D
:101980000042C1F88C0219209A6300F0A9F8184AA5
:101990004FF08040154C002190630A20164B1160D7
:1019A0004FF42072C4F8A801184600F089F84FF4EB
:1019B000800203464FF4810040F243111860C4F8DE
:1019C00058311A640D4B0E4AC4F84811C3F804226A
:1019D0004FF0E0224FF400310123C2F80C11C4F89B
:1019E000403110BD00800D4000C00F4000002E406F
:1019F00000900D40001C1E0000000020001400207C
:101A00008D47000008B50E4B1B6E9B0700D4FBBE34
:101A100072B60C4B00200C4AC3F8400103F160433E
:101A20000A49A3F55F2311649D46BFF34F8F4FF41E
:101A300000130748074ADB6902609B68984700BFAC
:101A400000441F4000002E4000C00A400300200058
:101A500000802020000012EB104BA020104AD96E0D
:101A600041F4403110B4D96640F23764D96E41F484
:101A70004071D96654649064936C1B06FCD4094A87
:101A800040F23761A02351649364936C13F0800398
:101A9000FBD1054A13705DF8044B704700C00F403E
:101AA00000400C4000800C4005510020F8B500BFFC
:101AB000F8BC08BC9E4670475FF800F00D4200007D
:101AC0005FF800F0B57600005FF800F0E9780000FC
:101AD0005FF800F00D5B00005FF800F0FD4E0000C5
:101AE0005FF800F07D4000005FF800F0A1570000B3
:081AF000450000000123000085
:101AF8001603550053004200200053006500720091
:101B0800690061006C00000018035400650065005E
:101B18006E00730079006400750069006E006F0044
:101B28000403090409026200030100C032080B0023
:101B3800020202010009040000010202010005245A
:101B480000100105240101010424020605240600F1
:101B5800010705820310001009040100020A0000B1
:101B68000007050302400000070584024000000941
:101B780004020002FF6AFF00070581024000010716
:101B8800050102400001000009026200030100C0D3
:101B980032080B00020202010009040000010202DF
:101BA8000100052400100105240101010424020696
:101BB8000524060001070582031000050904010039
:101BC800020A00000007050302000200070584025C
:101BD8000002000904020002FF6AC700070581022B
:101BE8000002010705010200020100000A060002C6
:081BF800EF02014001000000B2
:101C000000000000000000000000000000000000D4
:101C100000000000000000000000000000000000C4
:101C20000548064B1B1AD90F01EBA301491002D03E
:101C3000034B03B118477047C0160020C0160020A0
:101C40000000000008B5054B1BB105490548AFF37E
:101C50000080BDE80840FFF7E3BF00BF00000000C0
:101C6000405000200010016000207047034B1868AE
:101C700010B103681B681847704700BFEC180020BC
:101C80002DE9F04100F5005090B0574C9646574B67
:101C90000094C0F810191B6A5548C3F30123046867
:101CA000403304F080746B4413F8406C514B03FBD9
:101CB00006F60368B6FBF1F2B6FBF2F543F0A0437B
:101CC0004D1B03600368DF01FCD5052A4FF0000CB3
:101CD0002AD96046831C0130B2FBF3F7192F07FBAA
:101CE00003F3F7D84FF00108B6FBF3F3CB1A002B40
:101CF000B8BF5B42AB420BDBA7F10C0318BF4FF040
:101D00000008062B0AD8B8F1000F07D08446E1E797
:101D10001D46A7F10C038446062BF4D9052FD9D80C
:101D20000CF10103B2FBF3F2B5F5967FA2F10502C7
:101D30004CDC142A4AD802EB42022F4F6E46DFF8E1
:101D4000B08002F14003BEF1020F0DEB03050FCF8F
:101D50000FC60FCF0FC60FCF0FC697E80F0007C6ED
:101D600026F8023B4FEA1343337015F83F3C15F851
:101D70003E2C4FEAC34315F8401C4FEA024203F4DD
:101D8000601301F0070102F4E02243EA020343EA90
:101D9000010343F4800343EA0C6343F48043C8F82F
:101DA0000430D8F8043014BF23F0080343F00803CC
:101DB000C8F804303CB90E4A136823F0805313600E
:101DC0001368DB01FCD410B0BDE8F081002CFAD11F
:101DD000074A136823F0805313601368D901FCD4B9
:101DE00010B0BDE8F08100BF3C18500000C00F40AB
:101DF00000001D4040420F00E003002008B583684A
:101E000003B19847044AD3889BB243F48043D380FC
:101E1000BFF34F8F08BD00BF00800B4008B583683B
:101E200003B19847034A137803F0F7031370BFF325
:101E30004F8F08BD00400B400020704700207047C6
:101E40000820704710490B68486B0A68496B02F01C
:101E50007F02C1F3036101320431B2EB410F10D3B1
:101E600003F07F03C0F30360053B0130A3EB4003A5
:101E7000DBB2054A106800F07F000130C01AC0B222
:101E800070470023F5E700BF00001D402DE9F84F23
:101E9000704C0E4621688D007CD5656BC5F30365DB
:101EA000ED000835B54275D9984623680746934634
:101EB00003F08079236843F0A04323602568E8019C
:101EC000FCD5236813F4407F53D198F80040012CCF
:101ED00000F08B800A9B604D1978604BA1F10201E4
:101EE00003EACB43B1FA81F14909C9070B435C49C5
:101EF00031444FEA810ACAF80030564B1B689900FA
:101F000008D5FFF79FFF2028A8BF2020864201DACE
:101F1000CAF8A057A4F1010406EB46034D496FF03F
:101F20004040B4FA84F407EBC3038864640903F502
:101F3000F05124040C60086800F4702030430860FD
:101F4000086840F080000860086840F000500860B1
:101F500041F60460002143F800B041F608601950D2
:101F600041F60C60195041F61060195041F61460AA
:101F70001950384B1B68C3F30123012B0CD0B9F166
:101F8000000F07D1334A136823F08053136013689E
:101F9000DB01FCD4BDE8F88F98F80030012B33D07A
:101FA0000A9B1B78022B44D043F6F8712B4A2C4B2A
:101FB00001EACB012B4C02EACB4233440A439B009B
:101FC0001A60244B1B689A000AD5FFF73BFF2028B4
:101FD000A8BF2020B04203DD234B33449B001C608C
:101FE0001C4B6FF080229A64C9E70A9B4FF0FF35C3
:101FF0001B78022B1D4B08BF4FF0404103EA4B03F7
:1020000018BF4FF0804171E70A9B4FEADB32144959
:102010004FF0FF341B7842EA02423144022B4FEA70
:1020200081010CBF4FF0C0234FF0402313430B60DE
:10203000C7E743F6F873094809496FF0071403EA44
:10204000CB0300EACB4231441343890043F08023A1
:102050000B60B6E700001D400100F8FF0000F83FEC
:1020600038400710F87FF87F20420710FEFFFF3F3F
:102070000346254AB7EE007ADFED247AB7EE005B1F
:10208000012800B59FED1E6B89B01370204B214ACB
:10209000684683ED007AC3ED017AC3ED027AC3EDA1
:1020A000037A83ED047AC3ED057AC3ED067AC3EDB6
:1020B000077A83ED087AC2ED007A8DED065B07FEA4
:1020C000275A47FE875A82ED015AC2ED025A8DED1A
:1020D000006B8DED026B8DED046B02F029FE10B9E3
:1020E00009B05DF804FB25210B4805F06FF80B489B
:1020F00003F094FD09B05DF804FB00BFAFF300806E
:102100000000000000000000FF5000200000000060
:102110000C420020D018002068040020B80D0020D8
:10212000F8B503682BB9C37913B9C37A022B33D03E
:10213000F8BD40F2022293420DD1C379002BF7D1B2
:10214000C37A032BF4D91B4BC2689A42F0D11A4BC5
:1021500001221A70F8BD40F202329342E8D1C379ED
:10216000002BE5D1C37A042BE2D9144BC2689A4202
:10217000DED1007C00240025114F0228114E28BF1B
:102180000020C7E90045C6E90045FFF771FFC7E930
:102190000045C6E90045F8BD037B812BC8D1437BD0
:1021A00013F0FD0FC4D14FF0E023074AC3F80C2D04
:1021B000F8BD00BF20EED4230051002022AC9E7356
:1021C000B8180020B01800200400FA050B4B18685E
:1021D00088B103680A4A1B6893420DD1836810B521
:1021E00003B19847074AD3889BB243F48043D38016
:1021F000BFF34F8F10BD7047184700BFF018002085
:10220000FD01000000800B40634A2DE9F041146895
:10221000136804F0807443F0A04313601368DD0179
:10222000FCD511680023DFF878C121F000515B4F25
:10223000594E1160194653629362126803EB0C0207
:10224000DD1901331201AD00D160DBB29160516044
:1022500011602960326802F07F0201329342EDD3AF
:10226000B1643161F26A336BF26233633368002820
:1022700049D1DFF82C810546474E484F19E03368B5
:1022800003F07F030133B0EB930F34BF4FF0806353
:102290004FF08C631360736BC3F300439B070B60B9
:1022A0003368013503F07F03EDB2013328469D42C8
:1022B0001ED2336805EB0802E91903F07F0312010F
:1022C00089000133B0EB530FD9D34FF00063136093
:1022D00033689A0003D5FFF7B5FDA842E0D8012383
:1022E0001F2D03FA05F34CD8B26A1343B362D7E744
:1022F0003CB9294A136823F0805313601368DB014B
:10230000FCD4BDE8F08143F000533360356815F02C
:1023100000553ED0FFF796FD3368054603F07F0376
:1023200001338342E4D91E4F4FF00066DFF8688026
:102330000DE0D8F828201343C8F82830D8F800302A
:10234000013503F07F03EDB201339D42D0D2EB198A
:102350001B011E60D8F80030990003D5FFF772FD0D
:102360008542EBD301231F2D03FA05F3E1D9A5F133
:1023700020010123D8F824208B401343C8F82430CF
:10238000DCE7A5F120010123726A8B4013437362DD
:1023900086E73368C7E700BF00001D4020420710F2
:1023A00008D0010470B5584B82B0584900220193FF
:1023B0000B6AC3F3012308336B4413F8043CC0E9F0
:1023C0000122C0E90322002B00F0858000F50055B2
:1023D0004E4924204E4B01244E4A0226C5F80C09D2
:1023E0001220C3F8D0208A6E4B4B42F470328A66BA
:1023F00041F2B00185F81549484A494CC3F81C011F
:10240000C3F80C13E664C3F82001C3F81013136873
:1024100023F000431360136843F0A0431360136874
:10242000DC01FCD553683D4943F008035360136851
:1024300043F0804313600B68D802FCD40B68374A22
:1024400043F000730B6013689901FCD4334C23688C
:10245000DA01FCD52368002043F4003323602368AD
:1024600043F480332360236843F48053236023685C
:1024700043F400532360236843F4800323602368FC
:1024800043F400232360236823F408432360636B31
:1024900043F4E0236363236843F400132360236859
:1024A00043F080632360FFF7AFFE23681B4A23F0ED
:1024B000805323601368DB01FCD4D5F80C2901217B
:1024C000184B03EB521302F01F029B0001FA02F2B9
:1024D0001A6002B070BD0B6A134A23F47F7343F491
:1024E00080730B621368002B3FF470AF0B4A00F54A
:1024F00000551C6818465268D5F81019C2F3C0027E
:1025000063685200984763E73C18500000C00F40D2
:10251000001400206D00000000801F4000001D40DE
:1025200000841F4040380038EC1800201F2910B4E8
:1025300022D8012318488B400363184B4FF00064E6
:10254000D0790B441B011C60E8B1117A10680905B1
:1025500020F0604041F4C0015860D0685DF8044B41
:1025600000BA9860106900BAD860D27A41EA024293
:1025700042F040621A607047A1F12004012306482E
:10258000A340C362D9E714680548117A00EA844081
:1025900009055860E1E700BF00001D4008D00104B4
:1025A0000000FC1F3B4B1B6A2DE9F04113F0200E8D
:1025B00086B066D100F580540646B4F81E3B9BB247
:1025C000102B62D0B4F81C8B0D461A27086808F04F
:1025D0000F084968AA68EC46EB6807FB0848ACE8B6
:1025E0000F0028691822696988F830EB41F6303EFF
:1025F000B4F81C3B03F00F0307FB034383F8312BB4
:10260000B4F81C3B03F00F03ACE8030007FB0366C0
:10261000EC46B644BCE80F00CEF80200CEF8061037
:10262000CEF80A20CEF80E30BCE80300CEF8120037
:10263000CEF81610B4F81C2BB4F81A3B92B29BB229
:1026400083F010039A4206D1B4F81A3B013303F029
:102650001F03A4F81A3BB4F81C3B013303F01F031B
:10266000A4F81C3BB4F81E3B9BB20F2B09D8B4F85E
:102670001E3B012003449BB2A4F81E3B06B0BDE8FC
:10268000F081012006B0BDE8F081704606B0BDE8DB
:10269000F08100BF00001D408B7D70B50D4686B0F7
:1026A00004463F4E002B3CD1336813F0005C25D02C
:1026B000FFF7C8FB3368844603F07F030133984279
:1026C0001ED23849364807E003685FFA82FC03F0FF
:1026D0007F0301339C4513D20CEB01030CF1010283
:1026E0001B011B68C3F30363082BEDD120462A4668
:1026F0006146FFF71BFF012006B070BD3368E0E7BD
:102700000FCDEC46FF26ACE80F0095E803008CE8FF
:102710000300694620468DF81460FFF743FF06B0BA
:1027200070BD306810F0005030D0FFF78BFB33687D
:1027300003F07F030133834224D91A49184E05E080
:10274000336803F07F03013398421BD24318421CC5
:1027500084461B01D0B21A681201F1D51B68C3F37D
:102760000363082B14D06E460FCD0FC695E8030007
:1027700086E80300694620468DF814C0FFF712FF73
:1027800006B070BD084B4FF0FF3CE7E73368D4E775
:1027900020462A465FFA8CF1FFF7C8FE0120ABE71E
:1027A00000001D4008D0010470001D400B78632B11
:1027B00010B5044682B0104613D003F51C6304EB39
:1027C00083035B6813B101929847019804F50054A4
:1027D000D4F804381BB102B0BDE81040184702B06D
:1027E00010BD04F50054D4F80437002BF0D001924A
:1027F00098470198ECE700BF2DE9F04300F500573A
:102800008FB0044697F8003713B9012387F80037D3
:10281000238B9BB2002B57D1D7F80C2904F5805697
:10282000724B02F01F0103EB521301229B008A40FE
:102830001A60B6F81E3B9BB283B3B6F81A3B1A2255
:1028400008AD0DF1080C03F00F03AE4602FB034385
:1028500041F6323203EB02089858D8F80410D8F841
:102860000820D8F80C300FC5D8F81000D8F814108C
:1028700003C5BEE80F00ACE80F009EE803008CE83B
:1028800003009DF91C104B1C54D0594B0B441B01E9
:102890001B68C3F30363082B00F08B80D7F80C2967
:1028A000544B02F01F0103EB521301229B008A409C
:1028B00000211A60238BB6F81E0B9BB280B240EA4F
:1028C00003300FB0BDE8F083A68A1A23B4F814C011
:1028D00008ADF6B20CF1010C03FB0646CCF3080C74
:1028E000D6F81C01D6F82011D6F82831D6F82421C4
:1028F0000FC5D6F82C01D6F83011A4F814C0238BDC
:102900009BB203C51BB1238B013B9BB2238308AD54
:1029100002AE0FCD0FC695E8030002AA86E80300B9
:102920009DF81C300DF1070120468DF80730FFF7A8
:102930003DFF71E7DFF8C080D8F8005015F0005572
:1029400050D0FFF77FFAD8F80030054603F07F0338
:1029500001338342A2D9DFF89890DFF89C8008E029
:10296000D8F80030013503F07F03EDB201339D420A
:1029700094D205EB09031B011B68C3F30363082B07
:10298000EED102AA29462046FFF7D0FDB6F81A3B41
:10299000013303F01F03A6F81A3BB6F81E3B9BB2A7
:1029A000002BDDD0B6F81E3B013B9BB2A6F81E3BC8
:1029B000D6E702AAC9B22046FFF7B8FDB6F81A3B1F
:1029C000013303F01F03A6F81A3BB6F81E3B9BB277
:1029D000002B3FF463AFB6F81E3B013B9BB2A6F859
:1029E0001E3B5BE7D8F80030B5E700BF6038003821
:1029F00008D001044038003800001D402DE9F043A4
:102A0000B14D8BB0B14C40F2EE28B14FDFF82493BA
:102A10002E6804F059FC2378002B00F0F4803B78FA
:102A2000DB0740F1F0802B68D9F800209B1A0E2BB1
:102A300040F2E9801321A74804F0C8FBA64803F040
:102A4000EDF80E21A548002604F0C0FB002310225B
:102A50000221A14803F0FEF81D21A14804F0B6FBB5
:102A6000002340F2023110229B4803F0F3F89A4809
:102A700003F0D4F89B489C49036C9C4A43F4001330
:102A80009B4C03644B6F9B4843F440334B6702609D
:102A9000994B966046F2A01298499948C1F8B00146
:102AA0004FF4A2611A8044F204021980DA804FF0D8
:102AB000E0221988934889B241F06C0119801E8187
:102AC0004FF08053C2F80831FFF76CFC32468E4954
:102AD0008C48FFF7D5F8236843F0A04323602368B0
:102AE000DE01FCD500202668FFF78EFBE26A236B2F
:102AF000E2622363236823F07F032360236843F0AB
:102B00003F032360B40000F1B180794C236823F0C7
:102B1000805323602368D801FCD40120DFF8188299
:102B2000FFF772FB2368794A9900C8F804270AD591
:102B3000A36A9A0607D4A36A23F0FF03A362A36AD9
:102B400043F02003A362002404AF03260DF10F031A
:102B5000224621466B4800978DF810408DF80F6093
:102B6000FFF794F90DF10F0340F2022201216548AD
:102B700000978DF80F608DF81040FFF787F90DF181
:102B80000F0340F2023202215E4800978DF80F6079
:102B90008DF81040FFF77AF9554B1B689B0040D524
:102BA000FFF750F93F283CD9594E3C4655484FF065
:102BB0000109FFF721FE40F2027C4FF000080FCE22
:102BC0000FC496E8030084E8030039464D48CDF869
:102BD00010C08DF81B90FFF75FFD29684D4BCDF8B5
:102BE00000802A6819604C4B4C491A60102281F809
:102BF00000800A214A4B4B4801F0A4FC002839D13F
:102C00000BB0BDE8F0832B6822789B1B32B1B3F583
:102C1000FA6F3FF60FAF04F057FBFAE64345FAD9D7
:102C200008E7334B5A6A22F000425A620022D3F876
:102C30007014C3F87424C3F87824C3F87C244FF0CC
:102C40000062C3F870245A6A42F000425A624FF0A0
:102C500000429968DA62D3F8703413F4C00F14BFDD
:102C600001230023DB06C8F8E8369DE70120FFF7C3
:102C7000CBFA4AE72C4B40462C4A2D4C83F8008077
:102C800082F80090FFF7F4F94CF250320521254804
:102C900084F8008001F0D2FC4CF25032022121482D
:102CA00084F8008001F0CAFC4CF2503209211D4822
:102CB00084F8008001F0C2FC0028A1D084F80090C4
:102CC0000BB0BDE8F08300BFC85000200E510020BB
:102CD0000D510020E40A0020B80D0020F80A002061
:102CE000080B002000C00A4000C00F40E018002080
:102CF00000001D40F018002000800B400014002050
:102D0000CD050000F418002048E80100210500006E
:102D100020040020C8180020CC180020FE500020FD
:102D2000680D002030420020FF500020FB500020A2
:102D3000FC500020D8500020F43800200000000093
:102D40002DE9F047CE4C238B9BB22DED088B9EB026
:102D500033B12046FFF750FD238B9BB2002BF8D1F7
:102D6000C84B1B78002B40F09B80C74EC74A336886
:102D700011685B1A012B0BD8C54A336811685B1ABE
:102D8000632B00F2A7811EB0BDEC088BBDE8F08775
:102D9000C04B11A8DFEDC07A0DF12C0893ED005A5D
:102DA0004FF4C17AD3ED012A0DF1370425EE277ACD
:102DB00093ED026A93ED034A62EEA73A26EE273AB4
:102DC0003168BDEEC77AB54F64EE277A1160FDEE2B
:102DD000E33AB34917EE103AB7EEC44AFDEEE77A8C
:102DE000DFF8C492ADF82430DDB213EE903AB7EEBE
:102DF000C55AB7EEC66ABDEEC33AADF8263017EE37
:102E0000903AB7EEE27A13EE102AADF82A308DED43
:102E1000044B8DED025B8DED006B3B78ADF8282007
:102E2000069353EC172B06F063F911A806F068FD22
:102E3000014611A804F0CAF99A4802F0EFFE0DF11C
:102E4000240C0DF13F0EB9E80F00A8E80F0099E837
:102E5000030088E80300CDF82CA001E01CF8015F16
:102E600004F8015F7445F9D18F4D0BA984480BAC70
:102E7000FFF712FC3F7840F2822E4FF0010C0FCD8D
:102E80000FC495E8030084E803000BA97C48CDF843
:102E90002CE08DF837C08DF83870FFF7FDFB6BE73D
:102EA000824801F0A5FB002840F03881804C23784F
:102EB000002B3FF45AAF7F4C7C48214601F0A0FB29
:102EC00000283FF452AF2378022B00F04F81052BEE
:102ED0007FF44BAFD4ED06BA94ED059A6BEEAB8A56
:102EE00094ED07BAD4ED089AB0EE681A2BEE290AD1
:102EF000F1EE68AA99EE091AA9EE2B0AABEE4B1A6D
:102F0000B7EEC00A30EE000BA9EEA91AB7EEC11A4F
:102F100004F07AFFF0EE687A29EEEB7AB0EE408B9F
:102F2000E9EE097AA9EE0B7AB8EE006BEBEE0B7ABC
:102F3000B0EE470AB7EEC00AB0EE677A20EE060B95
:102F4000A9EEA97AB7EEC77A80EE070B04F030FF3E
:102F5000B0EE6A1AB0EE40ABA9EE491A29EE299AF2
:102F6000ABEE8B9AABEE0B1AB7EEC90AA9EEA91A13
:102F700030EE000BB7EEC11A04F046FFB7EEC87B87
:102F8000B7EECA5B4C4BB7EEC06BDFED4C3AB7EE19
:102F9000C77A1B78B7EEC55AB7EEC66A012B9FED0C
:102FA000364B27EE047B25EE045B26EE046BF7EE32
:102FB000C77BB7EEC55BB7EEC68B77EEE37A00F062
:102FC0001D819FED3F7A38EE078AF5EEC07AA3782F
:102FD000324A03F00303F1EE10FA137003D59FEDAC
:102FE000397A77EE877ADFED378A9FED350A78EE0A
:102FF000E77A284CF0EE680A30EE450AC4ED007A14
:1030000004F00EFFB5EEC00A9FED2D7AF0EE407A87
:10301000F1EE10FA48BF70EE287ADFED2A8A38EE1A
:10302000070AF0EE680A37EEC78A04F0F9FEB5EE3B
:10303000C00ADFED236A244BF1EE10FA1A7848BF7C
:1030400030EE280A30EE667A84ED027A002A00F02B
:10305000D8800020B7EEC88AB7EEC77A0022187071
:103060001A491B4B6260A26081ED008B83ED007BEF
:103070007BE600BFAFF30080F8C1631ADCA54C40CB
:10308000F4180020FB500020C8500020CC1800206D
:10309000C8180020E45000200000C842FE50002064
:1030A000800A0020B80D00202004002030420020BB
:1030B000FC50002080180020FF5000200000B44287
:1030C000000034430000B44300510020B818002031
:1030D000B0180020336811AC694D40F2027C1360D7
:1030E000012705260FCD0FC495E8030084E80300EF
:1030F00011A96448CDF844C08DF84F708DF8506028
:10310000FFF7CAFA604B45F255514AF6AA22598098
:103110005A801EB0BDEC088BBDE8F08710215B48DB
:1031200004F054F85A4802F079FD5A4B5A4C0025E5
:103130001878FEF79DFF4CF2503205215748257054
:1031400001F07CFA4CF2503202215448257001F013
:1031500075FA4CF2503209215048257001F06EFA90
:1031600000283FF4A4AE01232370A4E64C4BD4ED19
:10317000067A93ED047AD4ED055A27EE877AD3EDDB
:10318000033AD3ED016A93ED004AA3EEA57A94EDDC
:10319000076A67EEA66AD3ED074AD3ED051A67EE14
:1031A000A47A93ED065AE4EE256A93ED022A3D4A8D
:1031B000A1EE867AD3ED082AE5EE257A92ED013A62
:1031C000D2ED003A92ED024AE2EE066ADFED364AAF
:1031D000364B27EE037AE2EE867A9FED275BA3EE6D
:1031E000A67AA4EE277A27EE247AB7EEC77A87EE7E
:1031F000056BB7EEC66B83ED036AB6E538EE638AFE
:10320000E3E62B4A2B4BDFED2C8A92ED004B93ED3E
:10321000005BF0EE680AB7EEC44BB7EEC55B38EE64
:10322000444A37EE458A34EE260A04F0F9FDB5EE3D
:10323000C00A9FED1D7AF1EE10FA48BF30EE280A61
:10324000DFED1D8AF0EE680A70EE477A38EE070A65
:10325000C4ED017A04F0E4FDB5EEC00ADFED127AA8
:10326000F1EE10FA48BF30EE280A30EE670A84ED1E
:10327000020A7AE5AFF30080182D4454FB2109407F
:1032800020040020F418002000800B406C0A00206D
:10329000B80D0020FF500020FC50002030420020DC
:1032A0000C420020D018002000003443E4500020DD
:1032B000B8180020B01800200000B44300F5805377
:1032C000D3F8003EDB0069D5374B2DE9F04F5E6B3C
:1032D0004FF0000E41F6146941F60467C6F3036629
:1032E00041F60868F600083609E013685B0F052B05
:1032F00034D00EF1010E5FFA8EF39E4250D90EEBE0
:103300004E0500EBC50C0CF5F05213685B0F012B5A
:1033100013680DD05B0F022BE7D15CF807308B42AE
:10332000E7D85CF808308B42E3D30120BDE8F08F8A
:1033300013F4607FDDD06D00002304E01468C4F353
:10334000C21C6345D5D2013305EB030CDBB20CF58F
:10335000F06C50F82C408C42F0D1E6E7136813F47F
:10336000607FC6D0CC446D00012405E01368C3F330
:10337000C21301339C42BCD22B19DCF800A00134EB
:1033800003F5F0630AEA010AE4B250F82330DCF8EE
:1033900000B003EA0B039A45E8D1C6E70120704765
:1033A0000020BDE8F08F00BF00001D402DE9F04F68
:1033B0008C468DB00F4605466C46064600F1100857
:1033C0004FF00109DFF814A1BCE80F000FC49CE81E
:1033D000030084E8030056F8044F5CB19DF9142003
:1033E000A36809FA02F1194256D02368D3F800B055
:1033F000D3454CD14645EED105F5005393F800373F
:10340000002B5FD0EE8A4FF01A0C386806AC796852
:10341000F6B2BA68FB680CFB06560FC40023386985
:103420007969182286F81A31EB8A0DEB0206DBB2B5
:103430000CFB035303C483F81B21EC8AE4B20FCEC8
:103440000CFB0454C4F81C01C4F82011C4F8242156
:10345000C4F8283103CEC4F82C01C4F83011EA8A2C
:10346000AB8A92B29BB283F480739A4224D0EB8AE7
:103470000133C3F30803EB822B8B9BB2FF2B03D8E2
:103480002B8B01339BB22B830DB0BDE8F08F9DF8E1
:10349000153069462046D847237C002BAAD02368E4
:1034A000D3F800B09DF81530D345A3D020464FF097
:1034B000FF326946D8479DE7AB8A0133C3F308035F
:1034C000AB82D4E73B7D3A4606A928468DF81830F2
:1034D000FFF76CF90DB0BDE8F08F00BF6900000088
:1034E00001EB410170B500EBC10404F5045EDEF8A8
:1034F0000030DB0028D5DEF800305B0F012B0BD04D
:10350000DEF800305B0F022B42D0DEF800305B0F9C
:10351000052B1BD0002070BDDEF8004014F4607F46
:10352000F8D000234D0005E0DEF80010C1F3C21C06
:103530006345EFD2013305EB030CDBB20CF5046CF1
:1035400050F82C409442EFD1012070BDDEF80050BD
:1035500015F4607FDED042F21415490001232544A2
:1035600007E0DEF80040C4F3C21C0CF1010C634517
:10357000D0D22C6804EA020CCC18013304F50464A0
:10358000DBB250F824402E683440A445E9D1DBE793
:1035900042F20413E3589342BCD842F20813E058B5
:1035A000904234BF0020012070BD00BF00F50053E1
:1035B00093F80137002B00F0DB80DFF86CC22DE9B7
:1035C000F04F0F4689B005460E4602AC0FCF0FC430
:1035D00097E8030084E80300DCF800309B0052D534
:1035E000DCF8343000244FF06309C3F3036A224649
:1035F0004FEACA0A0AF1080A0CE05B0F022B3B688B
:1036000000F09A805B0F052B00F0DD800134E2B200
:10361000924538D996F91430632B34D004EB440822
:1036200005EBC80B0BF5F0573B6813F0604FEDD07E
:103630003B685B0F012B3B68DFD1C3F30043F2799A
:103640009A42E3D13B6813F4607FDFD04FEA480B26
:10365000002306E03A685FFA88F3C2F3C21293428D
:10366000D4D203F10108029A0BEB080303F5F063CF
:1036700055F823309A42EDD102A928468DF81C90C6
:10368000FFF794FEE6E70023674F8DF80E303C68A5
:1036900014F000543FD0FEF7D5FB3B68044603F01E
:1036A0007F030133834233D942F2041742F20818F0
:1036B000DFF8749196F91430A34220D004EB440152
:1036C00005EBC10202F5045ADAF8003013F0604F3E
:1036D00015D0DAF80030F079C3F3C06398420ED108
:1036E000DAF800305B0F012BDAF8003041D05B0FC5
:1036F000022B12D0DAF800305B0F052B5BD0D9F823
:103700000030013403F07F03E4B201339C42D1D393
:1037100009B0BDE8F08F3B68C6E7D159029B8B42E8
:10372000EDD352F808209342E9D802A928468DF833
:103730001C40FFF73BFEE2E7C3F30043F2799A42F5
:103740007FF464AF41F604635BF80320029B93426D
:10375000FFF45CAF41F608625BF8022093423FF64B
:1037600055AF02A928468DF81C90FFF71FFE4DE7C4
:10377000704713F4607FC2D04A00002307E0DAF8F4
:1037800000105FFA8BF3C1F3C2118B42B7D203F181
:10379000010B029902EB0B0303F5046355F8233088
:1037A0009942ECD102A9284600928DF81C40FFF7FF
:1037B000FDFD009AE3E7029A21462846FFF790FEB6
:1037C00000289CD0B1E73B6813F4607F3FF41EAF44
:1037D00041F6146301275B440AE00BF5F051013711
:1037E0000968FFB2C1F3C21101318F42BFF40EAFBD
:1037F00007EB4801186801F5F06155F821E00299DE
:10380000D3F800C008400EEA0C018842E5D102A9B5
:10381000284601938DF80E2000928DF81C90FFF73A
:10382000C5FDDDE90023D8E700001D402DE9F04F7C
:10383000934D9BB0934F08AC05900FCD0FC495E806
:10384000030084E803007E6AB96AD7F82C90386BCD
:103850003B68039113F40043049003D13A68950048
:1038600000F11881049B43F00103B9F1000F00F04F
:103870000281B9FA89F3834DC3F140032C68DFB2AA
:1038800014F00054029700F09F82FEF7DBFA2B68D9
:10389000044603F07F030133984280F0C2808742E0
:1038A00040F2BF80059B671CDFF8D8B103F50053D9
:1038B000FDB2019706931AE0042A00F05881082A05
:1038C00000F0E281DBF800309DF8044003F07F0354
:1038D000029A0133A24288BFAB4205F1010594BFB1
:1038E00001230023002B40F09C80631C0193C4F152
:1038F0002002039BA4F1200A06FA02F1E3400B43E5
:1039000026FA0AF10B43DF07DCD5049B09FA02F221
:10391000E340134329FA0AF21343D807D2D5DFF85C
:103920007081A0444FEA0818D8F80030190EC3F38C
:10393000036201F00B010229BED1D8F8041003F490
:10394000001021F06041002812BF4FF0010C4FF031
:10395000000C890C062A8DF827C0089102D101229B
:103960008DF82920ADF82430C3F303438DF834409B
:1039700000288DF82B30069B93F815398DF83530DB
:10398000D8F808308DF82F30D8F808304FEA1323D4
:103990008DF82E30D8F808304FEA13438DF82D30CB
:1039A000D8F808304FEA13638DF82C30D8F80C3073
:1039B0008DF83330D8F80C304FEA13238DF83230BD
:1039C000D8F80C304FEA13438DF83130D8F80C306A
:1039D0004FEA13638DF8303014BF4FF08C634FF013
:1039E00080631F2CC8F80030DBF808304FF001036B
:1039F00031D8A34021460598CBF83030089AFFF71C
:103A00006FFD002832D108A90598FFF7CFFD08A85F
:103A1000AFF3008008A8AFF3008008A8AFF30080E0
:103A200050E7184A1848116A0268184B4A40134078
:103A300043B1059B03F58053B3F8D42C92B20F2AFF
:103A400040F2DB810F4A136A0B431362BFF34F8FBF
:103A50001BB0BDE8F08F03FA0AF321460598CBF8B6
:103A60002C30089AFFF73CFD0028CCD008A9059817
:103A7000FFF79CFCC7E7B3FA83F32033FBE600BFF4
:103A80002004002000001D40D0420020BFFF07009E
:103A900008D001048C067FF5E5AE81067FF5E2AE25
:103AA000D7F88020C94C02F40011C2F30050ADF8E1
:103AB00024200029C2F303414FEAD2528DF82B1083
:103AC000D7F884108DF8280018BF012021F060413C
:103AD00008BF00208DF826204FF0000208BF890C97
:103AE0008DF827000CA80891D4F88810D14008322E
:103AF000202A00F8011DF7D10DA9B448D0F88C2078
:103B0000DA400833202B01F8012DF7D1059A02F590
:103B1000005292F815298DF8352063228DF8342053
:103B200082680363049B5A0601D540230363049B08
:103B30001B0602D5A54B80221A63059C08A92046C6
:103B4000FFF734FD08A8AFF3008008A8AFF30080AA
:103B500008A8AFF3008008992046FFF7AFFB0028C4
:103B60003FF480AE08A90598FFF720FC7AE603F43D
:103B70000012002AD8F80420ADF82430C3F3034320
:103B80008DF8344022F060428DF82B3018BF0121AF
:103B9000069B04BF920C002193F8153908928DF80A
:103BA0003530D8F80830059A8DF82F30D8F808301D
:103BB0008DF827101B0A8DF82E30D8F808301B0C12
:103BC0008DF82D30D8F808301B0E8DF82C30D8F831
:103BD0000C308DF83330D8F80C301B0A8DF83230A9
:103BE000D8F80C301B0C8DF8313004F6022352F853
:103BF0002330D8F80C20120E8DF830200BB108A815
:103C00009847069BD3F808390BB108A8984705993F
:103C100001F58052B2F81E3B17469BB2002B00F014
:103C2000D780B2F81A3B1A220DF1500C03F00F03A3
:103C3000E04602FB031341F632320EA903EB020AFF
:103C400098588E460791DAF80820DAF80410DAF866
:103C50000C30ACE80F00DAF81000DAF81410ACE819
:103C60000300B8E80F00AEE80F0098E803008EE804
:103C700003009DF94C30591C00F023819C427FF4D5
:103C800021AE079AE1B21EE103F40012002AD8F82F
:103C90000420ADF82430C3F303438DF8344022F000
:103CA00060428DF82B3018BF0121069B04BF920C97
:103CB000002193F8153908928DF83530D8F808307E
:103CC000059A8DF82F30D8F808308DF827101B0A88
:103CD0008DF82E30D8F808301B0C8DF82D30D8F820
:103CE00008301B0E8DF82C30D8F80C308DF833309E
:103CF000D8F80C301B0A8DF83230D8F80C301B0C79
:103D00008DF83130D8F80C301B0E8DF8303004F6B9
:103D1000022352F823300BB108A89847069BD3F82A
:103D200008390BB108A89847059901F58058B8F8EB
:103D30001E3B9BB2002B58D0B8F81A3B1A220DF14B
:103D4000500C03F00F03674602FB031341F63232B7
:103D50000EA903EB020A98588E460791DAF808205C
:103D6000DAF80410DAF80C30ACE80F00DAF81000DA
:103D7000DAF81410ACE803000FCFAEE80F0097E8B4
:103D800003008EE803009DF94C305A1C00F0B2800D
:103D90009C427FF497AD079AE1B20598FEF7C6FB07
:103DA000B8F81A3B013303F01F03A8F81A3BB8F820
:103DB0001E3B9BB2002B3FF485ADB8F81E3B013B88
:103DC0009BB2A8F81E3B7DE52B686BE500001D400B
:103DD0001F2C4FF001036BD903FA0AF3CBF82C30F8
:103DE0004FF00063C8F800306CE51F2C4FF0010362
:103DF00062D8A340CBF8303064E5B3F8D42C92B24B
:103E00000F2A05D8B3F8D42C013292B2A3F8D42CDF
:103E1000B3F8D22CB3F8D24C02F00F02A4B203EBE9
:103E20008202C2F8D81CB3F8D02C92B282F01002F1
:103E3000944206D1B3F8D02C013202F01F02A3F84D
:103E4000D02CB3F8D22C2D4C013202F01F02A3F873
:103E5000D22CE469B3F89C2DA4B292B20F2A05D8F3
:103E6000B3F89C2D013292B2A3F89C2DB3F89A2D91
:103E700002F00F0203EB4202A2F89E4DB3F89A4DF6
:103E8000B3F8982DA4B292B282F01002944206D1F7
:103E9000B3F8982D013202F01F02A3F8982DB3F861
:103EA0009A2D0160013202F01F02A3F89A2DC9E594
:103EB000A340CBF8303093E703FA0AF3CBF82C3069
:103EC00000E5079A21460598FEF730FBB7F81A3B44
:103ED000013303F01F03A7F81A3BB7F81E3B9BB250
:103EE000002B3FF4EFACB7F81E3B013B9BB2A7F8A9
:103EF0001E3BE7E4079A21464FE700BF00001D4044
:103F000038B51F4C0F211F4D204600F00FFB1E4AF5
:103F10001E49204603F086FC1D4900231D4C01F577
:103F2000805201F500508B820C60CB821A4C0B83BF
:103F3000C0F80C39A2F81A3BC0F81039A2F81C3BA3
:103F400080F81439A2F81E3BA2F8D03CA2F8D23C6B
:103F5000A2F8D43CA2F8983DA2F89A3DA2F89C3D64
:103F600080F800370D4A80F801370D482160536012
:103F700004680C4B01681C600B4B1560196038BD60
:103F80003042002040050020D00D002041290000D3
:103F9000F4180020E8040020EC180020E0180020AD
:103FA000C8500020C8180020CC18002090F81CC071
:103FB0004160BCF1020FC26001D18368184701F073
:103FC00073BD00BFF0B4046840F201251E462561B0
:103FD000A3B121B311F8015B013B6566256FAF0703
:103FE00007D41546013E676F1AB105F8017B2A46D2
:103FF00004686569ED07F1D5002BEAD16EB103685D
:10400000196F8907FAD41146013E5B6F002AF5D07B
:1040100001F8013B0A46002EF1D1F0BC704790F840
:104020003C50D9E7324B334930B5D3E911542079AC
:10403000C8771A6C95F804C081F81CC0087752B193
:10404000B2F5004F23D32C4911442A4A1964D07683
:1040500082F81BC030BD19680F24D86C8C6540F203
:104060000134CA610C614FF47C544C610321046833
:10407000246883F83D10214B9C4226D1037F426087
:10408000022BC26026D18368BDE8304018472D68F6
:10409000E98B090422D492B2EA832168EC8BA4B2A2
:1040A000EC82CC8B240405D5CC8BC2F3080204F43B
:1040B0007E442243CA83CA8B92B2CA8200210D4A2F
:1040C0001964D07682F81BC030BD23461146BDE886
:1040D00030401847BDE8304001F0E6BCE98BC2F340
:1040E000080E92B201F47E4141EA0E01E983D4E761
:1040F000680D002000800E400180FFFFAD2300000E
:1041000043682DE9F04FD3E90041814D4FF0B80AE3
:1041100022684FF0020822EA01027E492260AA6961
:1041200011407D4A0A43AA6190F810E07B4A03EBF4
:104130000E0603EB8E0E317C02EB01118968C1F88B
:1041400000A090F811C003EB0C0503EB8C0C95F864
:10415000201002EB01118968C1F800A0817C03EBFB
:10416000010903EB810199F830B002EB0B1BDBF87E
:1041700008B0CBF800A0D4F800A05F684AEA070AAC
:10418000C4F800A0347CDEF814E002EB0414646888
:10419000C4F800E095F82040DCF824C002EB0414D9
:1041A0006468C4F800C0496B99F8304002EB04120F
:1041B00052681160DA6B99F838101160DA69317E53
:1041C000DB6A116095F828201A600F220368C3F893
:1041D00010809A65C27C002A31D072B6C37CDC079D
:1041E00008D54FF0E0214469D1F880212240826255
:1041F000C1F88021990708D54FF0E0218469D1F8F2
:1042000084212240C262C1F884215A0708D54FF0A8
:10421000E021C469D1F8882122400263C1F88821D5
:104220001F0708D54FF0E021046AD1F88C21224005
:104230004263C1F88C21DE0655D462B60368384C5F
:104240008268A24259D0324A846092693549C2F3E9
:104250000116C2F38262344D51F826100132B1FBCF
:10426000F2F2AA4231D80022C260002403211C616C
:104270000724596201211A641C661961C37C13B3B7
:10428000DD0704D5816A4FF0E022C2F800119C07D7
:1042900004D5C16A4FF0E022C2F80411590704D5D1
:1042A000016B4FF0E022C2F808111A0704D5416BE8
:1042B0004FF0E022C2F80C11DB0604D5826B4FF000
:1042C000E023C3F81021BDE8F08F1849A1FB02518B
:1042D000090DB2FBF1F2A24288BF0131B1F5817F35
:1042E0000DD3134AC0E74FF0E022416AD2F8903173
:1042F0000B408363C2F890319FE7C268B5E702299B
:10430000B1D902394C08220242EA04420A43ABE71F
:1043100000C00F40CFFFFFE310000008E0070020BF
:1043200000093D0048050020FF083D0083DE1B43D7
:10433000FF7F7F000BB1FFF745BE7047034B4FF483
:104340007A701B6803FB00F0704700BFC850002064
:104350000B6813B9014B01221A707047FD50002001
:1043600010B5104C94F90000431C00D110BD012180
:10437000C0B201F013FD0121207801F0D3FC0A2026
:1043800001F07CFC0021207801F0CCFC0A2001F037
:1043900075FC2078012101F0C5FC0A20BDE8104021
:1043A00001F06CBCFA50002010B50446FFF7D8FFAE
:1043B00000220C4904F1580000F000FC08B1002074
:1043C00010BD043401465422204604F073FF2046F9
:1043D00000F088FC0028F2D10146034800F07AFC86
:1043E000012010BD51270000F1270000704700BFD9
:1043F00010B5094C206800F075FD00B910BD2421EE
:10440000064802F0E3FE064801F008FC236800209D
:104410000021C3E9020110BDDC1800204004002087
:10442000B80D002038B54FF4FA74094D03E001F0DF
:1044300025FC013C08D0287801F09EFC03460120B1
:10444000002BF4D1002038BDFFF78AFF002038BDD3
:1044500001510020F0B54FF4FA7483B00E4D0F46B1
:10446000164603E001F00AFC013C10D0287801F068
:1044700083FC03460120002BF4D1084A39460093FF
:104480001068324603F002FC304603B0F0BDFFF77F
:1044900067FF204603B0F0BD01510020A04200207C
:1044A0002DE9F8434FF4FA741E4D0E46914603E091
:1044B00001F0E4FB013C2FD0287801F05DFC0346BD
:1044C0000120002BF4D1DFF8608004223146D8F8B7
:1044D000000003F037FC20B13088C0F30E07B94567
:1044E00002D20020BDE8F8834FF4FA7403E001F033
:1044F000C5FB013C10D0287801F03EFC03460120AA
:10450000002BF4D13A463146D8F8000003F01AFCEB
:104510000028E6D03846E5E7FFF722FF0020BDE897
:10452000F88300BF01510020A0420020024A034B43
:1045300002601970704700BF0C050020FA5000207F
:10454000704700BF2DE9F0430D461E4600211F4B6A
:1045500083B0DFF89890196004461D4B1046022185
:10456000DDF828801A7001F019FCD9F8007037B115
:10457000384603F011FB3846142101F0EBFC1420FF
:1045800001F0E6FC0C2369B2054600930123114AB1
:10459000019603F0D5FA2846C9F8005003F006FB4F
:1045A00088B10D4A41460D4B0D48C4E916230D4B09
:1045B0000D4AC4E9180323682046A2661B6803B0AD
:1045C000BDE8F043184703B0BDE8F0839C420020EB
:1045D0000151002040420F0025280000ED27000077
:1045E000A1280000552800003D270000A04200201F
:1045F000024B002218781A70704700BFFD5000204F
:104600009FED0B7B0C4B10B50C46196081ED027BC6
:1046100000F05AFBD4E90232134306D12078A0F10E
:104620002A00B0FA80F0400910BD012010BD00BF83
:104630000000000000000000DC180020074B0846C6
:1046400010B5002419469A601C609C80C3E903449D
:1046500000F05AFBB0FA80F0400910BDD4420020AF
:10466000704700BF0848094BD0F8BC2010B40124A3
:1046700019711C602AB11946D0F8C0005DF8044BCE
:1046800010475DF8044B7047F8450020A850002003
:1046900000B54FF4806183B04FF0F90C0223A0F80D
:1046A000AC1001AAC17A4068ADF804C001F092F9DB
:1046B00003B05DF804FB00BFD0F8A8301A78597831
:1046C000520030B5D2B287B0044609B142F00102BF
:1046D000997809B142F00402D97809B142F0080290
:1046E0000025019504958DF814508DF8062001AA37
:1046F000CDE902559988ADF807109968CDF80910F1
:10470000D3E903011123CDF8111094F8AC10CDF8C2
:104710000D008DF80510FD2160688DF80410E17A18
:1047200001F058F9C4E9285007B030BD00B585B094
:1047300090F8BA3080F8B8104FF0F20E8DF80610ED
:10474000591C80F8B93080F8BA108DF80530117A0C
:104750001368D2F804C001AACDF807300C238DF8F5
:104760000F10C17A40688DF804E0CDF80BC001F05D
:1047700031F905B05DF804FB10B500F1AB0290F81B
:10478000AA100446FFF7D2FF0023C4E9283010BD69
:104790002DE9F04F8BB0164604460F464FF0000C43
:1047A00000F11D02019304E00CF1010CBCF1400F7B
:1047B0002DD012F81C302A2BF6D104EB4C0C9CF8AF
:1047C0001E500EB34FF000091FFA85FB4FF02A0A66
:1047D000C846019B07EB08012A460DF112008DF82F
:1047E00011A0CDE9023901F019FBD4F8C42002A9C7
:1047F0008DF8105012B1D4F8C80090470BEB0803A5
:104800001FFA83F84645E4D80BB0BDE8F08F0025C9
:10481000D7E700BF002A7ED02DE9F04F4FF0000807
:104820008BB000F11D0407460E469A469146DFF80C
:10483000ECB0454600947119705D0023009C02E0C5
:104840000133402B5FD014F813208242F8D107EBDC
:10485000430300949A7F002A55D0FB2836D0FA28CB
:104860003AD0EF283DD091F802E0CB784FEA8E1E87
:104870000EF47C5E03EB0E0CDBF800309A45264B01
:104880003CD31B6803930CEB08038DF811006420E4
:10489000CBF800A000FB03A30DF11200CDE901232A
:1048A00001F0BCFA019AD7F8C4308DF8102092B20A
:1048B0002BB102A9D7F8C80001929847019A2A445F
:1048C00095B2A945B7D80BB0BDE8F08FD1F80180FB
:1048D00092B2C8F10008F2E7D1F8013092B29844E0
:1048E000EDE7D7F8A03092B2002BE8D09B68002B00
:1048F000E5D0384601929847019AE0E71C461B68CC
:1049000001332360BEE7D7F8F8310133C7F8F83137
:104910000BB0BDE8F08F7047605000203C50002085
:10492000FFF778BF802938B5044628D0812911D0F7
:1049300001B138BD164A1749406800F05BFF0346D5
:10494000154AA3721549606800F054FF0123E07214
:10495000637238BD812A18D85008EAD004F11D0CC2
:1049600000221E345D1C13F812100CF8121015F8FA
:10497000121004F8121001328242F4DB38BD1946DD
:104980000C30BDE8384004F049BF4020E6E700BFE6
:10499000B00A0020B80A0020C40A0020CC0A002077
:1049A000012A02D10B78012B05D0D0F8F031013368
:1049B000C0F8F031704710B407490024D0F8BC208B
:1049C00003720C6022B1D0F8C0005DF8044B1047B0
:1049D0005DF8044B704700BFA85000200B78F82BFF
:1049E00031D190F8AC3070B5D0F8A85065B390F8DC
:1049F000ADE0734528D24C781A01AC5405EB031294
:104A00008C785470CC7894704C6854608E68966042
:104A100091F80CC04E7B4CEA062CA2F80CC091F821
:104A20000EC082F80EC0C97BD1730A4A944203D1EA
:104A30000522964680F8AD200133DBB2734580F83D
:104A4000AC3001D270BD7047002285F85030C0E90B
:104A5000282270BD7FA69800F8B5194C054623683A
:104A60001A6918469047D4F8A07037BB06466B68A1
:104A70002046C4E928579847A8B9D4F8A0307BB19C
:104A800030462A68831B0AB19A420FD9606800F049
:104A9000E1FE206803699847D4F8A030002BF0D1DC
:104AA000D4F8A400F8BDC4E92870F8BD6FF0050380
:104AB00000221846C4E92823F8BD6FF00200F8BDB3
:104AC000F8450020FFF7A6BE2DE9F84F0646002A5C
:104AD00063D00F469146002500F11D04DFF8D8B0E1
:104AE00007EB0508795D002302E00133402B5BD022
:104AF00014F813208A42F8D106EB430393F81EA062
:104B0000BAF1000F50D0FC2911D0D6F8A0101FFA2E
:104B10008AFA29B18B681BB1524641463046984704
:104B20000AEB05039DB2A945DAD8BDE8F88FD6F89F
:104B3000BC20002AE9D00223D6F8C000CBF8003010
:104B400098F801108BF8041098F802C01A49CCF3B9
:104B5000400E8BF808E00CF0010E8BF809E0CCF366
:104B6000800ECCF3C00C8BF80AE08BF80BC098F8E1
:104B700003C098F804E04CEA0E2CABF80CC0D8F84F
:104B80000530CBF81030D8F80930CBF81430D8F80D
:104B90000D30CBF818309047B7E7D0F8F431013337
:104BA000C0F8F431BDE8F88FD6F8F8310133C6F813
:104BB000F831BDE8F88F00BFA850002000285ED073
:104BC000F0B5324C054683B00F46164600214FF42F
:104BD000FE72204604F06EFBFF2328462560E37238
:104BE000C4E92F7600F028FD606000284AD02246F4
:104BF000274900F0A5FD2346264A0221606800F0FF
:104C0000CFFD254B254A02216068009400F09CFDF1
:104C1000234B244A02216068009400F095FD224B4A
:104C2000224A02216068009400F08EFD204A022191
:104C3000204B6068009400F087FD23461E4A012146
:104C4000606800F0ADFD1D4B1D4A012160680094B5
:104C500000F07AFD20681B4E03699847054608E07E
:104C6000606800F0F7FD206803699847401BB04278
:104C700002D8237A002BF3D0002003B0F0BD6FF0F0
:104C8000010070474FF0FF30F7E700BFF845002004
:104C9000652A0000252D0000C92E0000C40A00204E
:104CA000212D0000280B0020C52E0000340B002011
:104CB000400B0020912B0000612A0000A12D000074
:104CC000B00A00203F0D0300014B586800F0C2BD40
:104CD000F84500200246024B0020C3E9312170470D
:104CE000F845002010B4064A044600230548C2E9EE
:104CF0002A43C2E92C335DF8044BFFF7ADBE00BF79
:104D0000F8450020600A002000B5074B86460022C7
:104D10000648C3E92A12C3E92C2283F8ACE05DF807
:104D200004EBFFF799BE00BFF8450020D80A002029
:104D300038B5274C0023054640F203222DED028BA7
:104D4000C4E92A339FED208BC4E92C3390ED007B1E
:104D500004F1AC00A4F8AA2027EE087BBDEEC77BC7
:104D600017EE103A99B200F0C5FA04F1AE0095EDD5
:104D7000027B27EE087BBDEEC77B17EE103A99B297
:104D800000F0B8FA04F1B00095ED047B27EE087B43
:104D9000BDEEC77B17EE103A99B200F0ABFA04F102
:104DA000B20095ED067B27EE087BBDEEC77B17EEC4
:104DB000103A99B200F09EFA0648BDEC028BBDE8AD
:104DC0003840FFF749BE00BF000000000000D0409F
:104DD000F8450020A40A002038B5044601F10E0071
:104DE0000D462DED028B00F08BFA07EE900A9FED39
:104DF0001D8A05F11000F8EEE77A67EE887AC4EDB7
:104E0000057A00F07DFA07EE900A05F11200F8EE3F
:104E1000E77A67EE887AC4ED067A00F071FA07EE59
:104E2000900A05F11400F8EEE77A67EE887AC4ED8F
:104E3000077A00F065FA07EE900A05F11600F8EE21
:104E4000E77A67EE887AC4ED087A00F059FA07EE3F
:104E5000900A0020FAEECA7ABDEC028BC4ED097A02
:104E600038BD00BF0000803838B5044601F10E009F
:104E70000D462DED028B00F043FA07EE900A9FEDF0
:104E8000188A05F11000F8EEE77A67EE887AC4ED2B
:104E9000057A00F035FA07EE900A05F11200F8EEF7
:104EA000E77A67EE887AC4ED067A00F029FA07EE11
:104EB000900A05F11400F8EEE77A67EE887AC4EDFF
:104EC000077A00F01DFA07EE900A0020F8EEE77A64
:104ED00067EE887ABDEC028BC4ED087A38BD00BF5E
:104EE0000000803870B52DED028B4B7A0D460446DC
:104EF00003702A2B91ED007B80ED027B40D0CA7AB3
:104F0000013B42700A7B02F0030282702A2B00F2FE
:104F1000C580DFE813F09400F600F10094009F01D3
:104F200094001501EB00DB01CF01C301B701AB0118
:104F3000C6006E01BF0061012B00BF00D2007901E5
:104F4000D200C60098012B002B002B002B00C300C1
:104F50000101BF002B002B002B002B00C300C3005E
:104F6000C300C3007301A501C300FB00002601F1CB
:104F70000E0000F0BDF9A0823046BDEC028B70BD82
:104F8000002601F10A00DFEDD48A6670A67000F0F9
:104F9000B7F907EE900A05F10C009FEDD08AF8EE04
:104FA000E77A67EEA87AC4ED057A00F0A9F907EE72
:104FB000900A05F10E00F8EEE77A67EEA87AC4EDE4
:104FC000067A00F09DF907EE900A05F11000F8EE60
:104FD000E77A67EEA87AC4ED077A00F091F907EE58
:104FE000900A05F11200F8EEE77A67EEA87AC4EDB0
:104FF000087A00F085F907EE900A05F11400F8EE42
:10500000E77A67EE887AC4ED097A00F079F907EE5D
:10501000900A05F11600F8EEE77A67EE887AC4ED9B
:105020000A7A00F06DF907EE900A3046F8EEE77A5A
:1050300067EE887ABDEC028BC4ED0B7A70BD01F18E
:105040000E009FEDA78A00F05BF907EE900A05F1CC
:1050500010000026F8EEE77A67EE887AC4ED057A4C
:1050600000F04EF907EE900A05F11200F8EEE77A2B
:1050700067EE887AC4ED067A00F042F907EE900AEE
:105080003046F8EEE77A67EE887ABDEC028BC4ED25
:10509000077A70BD8A7B002602756DE74FF0FF36F8
:1050A0006AE701F10E00002600F02AF907EE900AE7
:1050B000FAEEEC7AC4ED057A5EE701F10E00002607
:1050C00000F01EF9034605F11000A38200F018F964
:1050D000034605F11200E38200F012F9034605F1E0
:1050E0001600238300F010F9E06145E7BDEC028B68
:1050F000BDE87040FFF7B8BE01F10E009FED798A60
:10510000A1E701F10E009FED788A9CE78A7B0026DB
:105110000275CA7B42752FE78B7B01F1190203F000
:105120007F01DB090175437515F80F3F04F8163F41
:1051300015F8013FAA4204F8013FF9D100261BE708
:1051400001F10E009FED688A00F0DAF807EE900A90
:1051500005F110000026F8EEE77A67EE887AC4EDD4
:10516000057A00F0CDF807EE900A05F11200F8EE8E
:10517000E77A67EE887AC4ED067A00F0C1F807EEA8
:10518000900A05F11400F8EEE77A67EE887AC4ED2C
:10519000077A00F0B5F807EE900A05F11600F8EE70
:1051A000E77A67EE887AC4ED087A00F0A9F807EE8E
:1051B000900A05F11800F8EEE77A67EE887AC4EDF8
:1051C000097A00F09DF807EE900AF8EEE77A67EEAC
:1051D000887AC4ED0A7ACFE601F10E00002600F0CD
:1051E0008DF8034605F11200636100F087F8208313
:1051F000C2E601F10E009FED3B8AA5E7BDEC028BF4
:10520000BDE87040FFF7E8BD01F10E00002600F098
:1052100077F8034605F11000A38200F071F8034609
:1052200005F11200E38200F06BF8034605F114006B
:10523000238300F065F8034605F11600638300F050
:1052400063F8E06198E601F10E00002600F056F8E0
:10525000606191E6BDEC028BBDE87040FFF7BCBD1C
:10526000BDEC028BBDE87040FFF7FEBD01F10E0002
:10527000002600F045F807EE900AFAEECE7AC4ED6B
:10528000057A79E601F10E00002600F039F807EE04
:10529000900AFAEECC7AC4ED057A6DE601F10E00C3
:1052A000002600F031F807EE900AFAEECC7AC4ED51
:1052B000057A61E601F10E00002600F025F807EE00
:1052C000900AFAEEC67AC4ED057A55E6BDEC028B7B
:1052D000BDE87040FFF780BD000080380000803AD4
:1052E0000000803B0000803D0000003B00787047DC
:1052F000008870470B0A0170437070470068704760
:10530000B0F90000704700BF006870472DE9F84F02
:105310004FF00009074600F2245B00F2C4685BF816
:1053200004ACCBF82490BAF1FF3F1ED007F2BE6464
:10533000002503E001352C34082D16D0D4F8226066
:10534000002EF7D034F8023C9A45F3D12146584656
:1053500004F0FAF80028EDD12C23CBF8246003FBED
:105360000575D5F8E436CBF828300BF1340BC3457E
:10537000D5D1BDE8F88F00BF10B590F8DC447CB102
:1053800004EBC40E002300F5856C01E0734505D0E5
:105390005CF8232009338A42F8D110BD052CFCD0DB
:1053A00004EBC40204F1010C242300EB820280F818
:1053B000DCC4C2F8281440F22C41002213FB041371
:1053C000BDE81040C254FFF7A1BF00BF802900D044
:1053D000704738B5054618461C4604F091FA072870
:1053E00000D938BD421C214605F10C00BDE838400B
:1053F00000F014BD002A18BF00292FD02DE9F04F6E
:1054000097B00B78029313B117B0BDE8F08F029DEF
:105410000223012A80468DF818508DF8385080F804
:10542000243400F006810124894603950192631C0F
:10543000A61C19F804A09BB2B6B219F803B00AF181
:10544000FF3306EB0B044E44A4B2082B38D8DFE838
:1054500003F0B9AFAB9F948D866506007047314667
:105460000EA803F0ABFF029A0490072A28D8342133
:1054700040F2245011FB020301FB028731464344F2
:10548000C7F820551846059304F0C8F90021039B7E
:105490004046A7F81C1587F84435C7F84815C7F8E3
:1054A0004C15FFF733FF0EA9049A059B521AC7F853
:1054B00020551846013200F0B1FC039B87F84435B3
:1054C00043460022B3F8E0148D4200F0938001328D
:1054D0000C33052AF6D1019BA342A8D843460022EB
:1054E000B3F8E014A94207D001320C33052A8BD05F
:1054F000B3F8E014A942F7D1D3F8E444002CF3D078
:1055000002EB42020023A44608EB820819461A4621
:10551000D8F8E80417B0BDE8F04F604706AF314651
:10552000384603F04BFF98F8DCC4BCF1000FC7D03D
:105530004246002302E001336345C1D0D2F828146B
:105540002432A942F7D103EBC303C21B394608EB4F
:105550008303013203F22C4000F060FCB0E73046D8
:10556000FFF7C4FE012302900393A9E73046FFF73B
:10557000BDFE002302900393A2E73046FFF7B8FE7A
:10558000043883B2B3F5C07F9AD2A8F8183197E7F0
:105590003046FFF7ADFE043883B2FF2B88BF4FF4CF
:1055A0008073A8F816308BE73046FFF7A1FE87E737
:1055B0003046FFF79DFE043883B2FF2B80D8A8F851
:1055C00014307DE743460022B3F8E014A94221D00D
:1055D00001320C33052AF7D13046FFF78FFE05461E
:1055E00040462946FFF7C8FE00238DF818308DF895
:1055F000383065E7D3F8E474002F3FF468AF02EB6E
:10560000420033465A46514608EB8000D0F8E80481
:10561000B84760E7D3F8E474002FD9D002EB420218
:1056200008EB8203D3F8E80400231A461946B8476A
:10563000D2E7029D52E700BF70B53C4C0546217889
:10564000002968D0002D6ED0394C2668002E6AD112
:1056500040F634023146204603F02CFE4FF0012381
:105660003146204663612560FFF786FE314A04F229
:105670002453C4F8206584F84465A4F81C65C4F874
:105680004865C4F84C6592E8030083E803002046AF
:10569000FFF73CFE94F8DD34042B0DD85A1C03EBC5
:1056A000430384F8DD2404EB8303234AA3F8E06476
:1056B000C3F8E844C3F8E42494F82434022B02D15C
:1056C000002384F8243494F81C28072A1BD8511C82
:1056D0002C2384F81C1840F2BE6103FB024613FB26
:1056E00002130021134AA6F8BC1604EB030C03CAEC
:1056F000E050124BCCF804100D48C6F8E446C6F84A
:10570000E036FFF703FE0123284684F824342B6893
:105710009847074870BD40F63402054803F0CAFDBB
:10572000012323708EE7002070BD00BF08510020C8
:10573000084800204C0B0020CD370000F537000052
:10574000C0E90112704700BF32B38C46114670B5F4
:105750001E461378D3B1044690F81C08072818D8C1
:105760002C22431C02FB004584F81C3805F2BE6065
:10577000A5F8BCC604F052F8049B2046C5F8E066C4
:10578000C5F8E436FFF7C2FD002070BD6FF00100E0
:1057900070BD4FF0FF3070BD6FF00100704700BF6B
:1057A00090F8DDC4BCF1040F1BD800B50CEB4C0E17
:1057B0000CF1010C80F8DDC400EB8E0CACF8E014A9
:1057C000CCF8E424CCF8E83490F82434022B02D04E
:1057D00000205DF804FB002380F8243400205DF8ED
:1057E00004FB90F82434022B02D1002380F82434E7
:1057F000002070472DE9F84300260546894690466B
:1058000000F22C473846494603F09EFE24370446F2
:1058100028B10136052EF5D1FF20BDE8F88306EB4F
:10582000C60605EB8606D6F82864731CF4D005F28C
:1058300024552846414603F087FE18B955F8043C24
:10584000B34204D001343435082CF2D1E4E7E0B29D
:10585000BDE8F8832DE9F043002383B090F8245489
:10586000044601935DB1206801AB4FF4C07204F5AA
:1058700029718568A84778B903B0BDE8F083012293
:105880000223294680F82424514A00F0A3F8002876
:10589000E9D084F82454E6E780B2DDF804C0032898
:1058A0005FD994F8A51247F6FC7594F8A43294F8E1
:1058B000A62203EB012394F8A7622B429FB244D0A7
:1058C000072A56D894F81C38934252D9B4F81A31A2
:1058D000C7F30E08002B59D1B8F5C07F5CD8002360
:1058E0001746C4F8A0C284F81C21A4F89E32404593
:1058F00004F21D1904F52A7128BF4046054609EB3C
:1059000003002A1FA8EB050800F088FAB4F89E22CD
:105910001FFA88F3043AA4F81A31A81882B2A4F83E
:105920009E225BB9342303FB0743D3F848552DB1BE
:10593000D3F84C054946D4F8A032A84734230136A1
:1059400003FB074787F81D6596E7D4F8243862689B
:105950000133C4F82438002A8ED00121A068904772
:105960008AE7D4F824380133C4F8243803B0BDE8FA
:10597000F083D4F82C3862680133C4F82C38002A3C
:105980003FF47AAF0321A068904775E70B0610D467
:105990000023A4F81A319FE7D4F82838626801334D
:1059A000C4F82838002A3FF467AF0221A068904766
:1059B00062E794F81C719742EAD1342303FB074352
:1059C00093F81D35B342E3D1B4F89E328FE700BFA0
:1059D000BC0700202DE9F04F1E46838A83B0B342F6
:1059E00001925DD307298346894651D800274FF09D
:1059F000340808FB01083946002E45D0BBF81620B4
:105A0000043A92B2B24228BF3246141D9246A4B262
:105A1000230A8BF8184009B163F07F038BF8193023
:105A20005D468BF81A90A6EB0A0698F81C35019A89
:105A3000B6B2581CD119524688F81C050BF11C004F
:105A40008BF81B30574400F0E9F955F8180B224643
:105A5000BFB2C3682946984750B95846FFF7FAFEC7
:105A6000DBF8000022462946C36898470028F4D096
:105A700000284FF00101BFDADBF820380B44CBF8E7
:105A8000203803B0BDE8F08F304603B0BDE8F08F9A
:105A9000D0F830386FF001000133CBF83038F0E740
:105AA0006FF00100EDE700BFEFF3108272B6437FA5
:105AB0005BB9017F012930B40BD0032913D0012336
:105AC000437702B962B630BC70470AB962B6704714
:105AD0007047124C2168B1B1114943610B680860ED
:105AE00083615861EBE70F4D0F492C688CB143611E
:105AF0000B68836158614FF0E0234FF080540860D9
:105B0000C3F8044DDBE7064B20601860C0E90511BF
:105B1000D5E7C0E905442860EDE700BFA4420020B6
:105B2000B0420020AC420020A842002070B5EFF344
:105B3000108272B60C4C206880B10C4E002543696F
:105B4000236073B19D6102B962B683684577984757
:105B5000EFF3108272B620680028F0D102B962B665
:105B600070BD3360EFE700BFAC420020A8420020C8
:105B7000FFF7DCBF0449054A4968054B1960136803
:105B800001331360704700BF001000E0C8500020D0
:105B9000C4500020084601F003BB00BF012A70B5C5
:105BA00008BF0A228AB091B34FF0210E01E05FFADC
:105BB00086FE0EF1FF36B1FBF2F502FB15145FFA1B
:105BC00084FC092C0CF137040CF1300C98BF5FFAFF
:105BD0008CF40EF1280C88BFE4B29142EC442946C3
:105BE0000CF8244CE3D24BB10EF1FF3E2D225FFAAC
:105BF0008EFE0EF128036B4403F8242C036801A9E0
:105C0000CEF122025B68714498470AB070BD302221
:105C10004FF0210E8DF82520E5E700BF00B50368A1
:105C200083B040F60D2C022201A95B68ADF804C0D8
:105C3000984703B05DF804FB054B022888BF034674
:105C400010B41C68184663685DF8044B184700BF21
:105C5000B80D00205AB90368C9B2074A1B689342BD
:105C600000B506D108465DF804EB01F099BAFFF7DC
:105C700095BF5DF804EB1847953F000000B97047E9
:105C80002DE9F84F01218146214C224D224E54E846
:105C9000003F2A68306844E80013002BF7D11F4901
:105CA0004B684FF47A7BDFF878A01B1A01270BFBB7
:105CB00002F8DAF80020A3FB02325A4594BF904460
:105CC000D84454E8003F2A68306844E80073002B49
:105CD000F7D14B68DAF800C01B1A0BFB02F2A3FBEA
:105CE0000C3CBCF57A7F94BF624402F57A72A2EB59
:105CF0000802B2F57A7F06D3B9F1010908F57A787E
:105D0000DFD1BDE8F88F01F0DFFA0449D9E700BF21
:105D1000CC500020C8500020C4500020001000E0EB
:105D2000A4500020272816D80201104B03EB0010C6
:105D30009B5810B4C2685C68144205D061B95DF824
:105D4000044BC3F888207047836851B1084A5DF856
:105D5000044B1A60704770475DF8044BC3F8842009
:105D60007047044A5DF8044B1A607047E007002052
:105D700038F001003830010027280BD8064B02010B
:105D800003EB00109A58C36892681A4214BF0120AE
:105D90000020704700207047E0070020272829D8FE
:105DA000164B0201012903EB00109A5810B45368F6
:105DB000C4680ED004290CD023EA0403536083681E
:105DC000A9B1022917D003290CBF0D4A0D4A1A6048
:105DD00007E0234301295360836808D040F6380266
:105DE0001A60436815225DF8044B1A607047382228
:105DF0001A60F6E77047044A1A60F2E7E0070020ED
:105E0000383001003800010038F0010008B5FCF717
:105E1000F5FDFCF795FF01F057FAFAE7844641EAF1
:105E2000000313F003036DD1403A41D351F8043B12
:105E300040F8043B51F8043B40F8043B51F8043B64
:105E400040F8043B51F8043B40F8043B51F8043B54
:105E500040F8043B51F8043B40F8043B51F8043B44
:105E600040F8043B51F8043B40F8043B51F8043B34
:105E700040F8043B51F8043B40F8043B51F8043B24
:105E800040F8043B51F8043B40F8043B51F8043B14
:105E900040F8043B51F8043B40F8043B51F8043B04
:105EA00040F8043B51F8043B40F8043B403ABDD273
:105EB000303211D351F8043B40F8043B51F8043B15
:105EC00040F8043B51F8043B40F8043B51F8043BD4
:105ED00040F8043B103AEDD20C3205D351F8043BA4
:105EE00040F8043B043AF9D2043208D0D2071CBF70
:105EF00011F8013B00F8013B01D30B880380604699
:105F0000704700BF082A13D38B078DD010F003030E
:105F10008AD0C3F10403D21ADB071CBF11F8013B7E
:105F200000F8013B80D331F8023B20F8023B7BE7CD
:105F3000043AD9D3013A11F8013B00F8013BF9D2F8
:105F40000B7803704B7843708B7883706046704792
:105F500002F02CBB02F032BB01F1FF3C70B566468B
:105F6000002400E00134B0FBF2F502FB1503092B1D
:105F700003F1370E03F130035FFA8EFE98BF5FFA2C
:105F800083FE9042284606F801EFEBD2631C002204
:105F9000C818CA547CB162461CF8015F10F8016D44
:105FA000A1EB0C0302328CF80060013B521A057021
:105FB00023449A42EFDB084670BD00BF72B6EFF390
:105FC0000583524CC4F884301EF0040F0CBFEFF36D
:105FD0000882EFF309824FF0E0234D4E4D4DD3F888
:105FE000280DD3F82C1DC4E92201D3F8341DD3F8B1
:105FF000383DC4E924139369C4F89830D369C4F8D0
:106000009C3000F0D1F884ED280A01F0F9FB0B2157
:106010004FF0FF32C4F8A4000B46C4F880103E498C
:10602000301D5A40202402F00103013C01FB03F320
:1060300083EA5202F7D1A84202D073680646EFE71E
:10604000324BC3F8A820BFF34F8F4FF0E023304905
:10605000324AC3F8701FC3F8702FBFF34F8FBFF3DE
:106060006F8F2F4A02252F48D36E2F4943F4405398
:10607000D3660560D3692D4823F07F0343F04003C6
:10608000D3610B6883423DD8264D00214FF0E023B9
:106090004FF0FF3229600126C5F808112449C5F8E0
:1060A0000011C5F80861C3F88021C3F88421C3F842
:1060B0008821C3F88C21C3F8902101E000F066F933
:1060C000D5F80C31002BF9D00134C5F80C614F2CF8
:1060D000F4D9184B022018494FF00042C1F8400192
:1060E0005A63D5F80C313BB9144815490D4A016380
:1060F000D2F80C31002BFAD04FF0E023114AC3F84C
:106100000C2DFEE701F04CF9BEE700BF00FF272091
:1061100080FF2720A8FF27202083B8EDA0FF27209D
:1061200000C00F4000400840640D0020803DCD0BB2
:10613000009F240000900D4000002E4000800F4082
:10614000F100AD0B0400FA050A490A6838B108B538
:1061500013180948834204D810460B6008BD104646
:10616000704703F0BBF90C234FF0FF320360104679
:1061700008BD00BFCC0D0020000028200020704783
:106180004FF0FF30704700BF4FF4005300204B60CA
:10619000704700BF012070474FF0FF30704700BFCD
:1061A00030BFFDE7FFF70ABF124AD2F880305B0725
:1061B000FBD5D2F880301048C3F30B230F4990ED84
:1061C000007A07EE903A91ED006AB8EE477A0C4AF1
:1061D000F8EEE77A0B4BD2ED006A77EEC77A93EDD3
:1061E000007AB8EE477A67EE867A87EEA60A37EE2F
:1061F000400A704700810D40945000209C500020C0
:10620000A050002098500020836BF0B41BB153685D
:1062100043F40043536072B6446B3CB31A4B2260A4
:10622000D3F8B0410C421DD1184E776804E0746871
:10623000E41BB4F5166F0BD2D3F8404144F480440C
:10624000C3F84041D3F8B851D3F840416404EED5C7
:106250000D4007D10C4CC0E90225D4F8B0310B43F6
:10626000C4F8B031426362B6F0BC7047064DC0E975
:106270000224D5F8B0310B43C5F8B0310263426354
:1062800062B6F0BC704700BF00002E40001000E076
:1062900070B5056B9DB106462A46002403E01268DE
:1062A0000134012A0CD0536813F08003F7D0326315
:1062B0002CB12846B36B2D689847013CF9D170BDCD
:1062C000C6E90C33F4E700BF30B4D9B91F4C204BFA
:1062D0000021204A01254FF0011099601D60C4E99A
:1062E000023180245C60C2F8BC01D2F8B0311A4897
:1062F0002B43C2F8B0310160D2F8B031002BFBD192
:1063000030BC70470904154B104C012541F0800149
:106310009860104A596000F580511D60D96000F501
:106320000051A364196100F5405100F580405961A6
:1063300000219861E164D2F8B03143F48033C2F8AF
:10634000B031D2F8B031002BFBD1C0E70000002003
:10635000C016002000002E40FC470020E016002060
:10636000084901220B7802FA00F023EA00000870C5
:1063700030B9054AD2F8483123F08003C2F84831D9
:10638000704700BF0951002000002E402DE9F04F5A
:10639000974C83B0D4F84471FB07C4F8447153D5CB
:1063A000D4F8AC21002A4AD0924EDFF860A2DFF880
:1063B0007492DFF874B2DFF87482C4F8AC21D6E9C5
:1063C0000A20D4F8403143F40053C4F84031D4F8E3
:1063D00040319D04F5D5D4F8403123F40053C4F87E
:1063E00040314FF00113C4F8B431D4F8B45115F072
:1063F0000115FAD193B28446CAF80050B3F5086F7C
:1064000000F0CF8100F2DB8040F202318B4200F0DD
:10641000E78100F29A80822B00F0CB81B3F5817F77
:1064200040F08A8010F0780F83B200F003824FF0C2
:106430000113C4F8C031D4F8AC21002ABDD16C4A94
:10644000D2F8BC31002B42D17E0616D5684BD3F86A
:10645000AC21C3F8AC21D3F8BC21C3F8BC21D3F8DC
:10646000B041002CFBD14FF0FF32C3F8B421D3F878
:10647000843100F02DFD604B1C60FC0103D55F4BA7
:106480001B6803B19847B80103D55D4B1B6803B186
:106490009847790708D5564BD3F8843113F4007325
:1064A00047D0584B01221A70514BD3F848311A0685
:1064B0000AD53B0608D5544A13782BB1013BDBB211
:1064C0001370002B00F0728203B0BDE8F08F4F49CB
:1064D000C2F8BC310868034240F0D181464A1468D2
:1064E0001C40B1D05FEA144810D0424E4FF0010971
:1064F00098FAA8F5B5FA85F506EBC51009FA05F581
:106500004030FFF7C5FE38EA0508F1D1A4B2002CEF
:106510009AD0384E4FF0010894FAA4F5B5FA85F5F3
:1065200006EBC51008FA05F5FFF7B2FEAC43F3D150
:106530008AE7344A1370B7E7802B7FF478AF34488A
:1065400002210580FFF7C0FE75E7B3F5A06F00F0EC
:106550000B81A3F5D063012B3FF669AF2D4B5D682E
:10656000002D3FF464AF1FFA8CFC4FEA124E04E09A
:106570001D690C33002D3FF45AAF1A887245F7D1CC
:106580005A886245F4D14FEA1E22032A00F0A58101
:106590001A89000C824228BF0246BEF5007F40F0F7
:1065A000A181184B1C4918781C4B0192002818BF78
:1065B00019461B48FFF732FC194D019AE1E142F2FE
:1065C00021218B427CD033D942F221318B4200F021
:1065D00081804FF6C0018B427FF429AF10F47F4FCA
:1065E00083B27FF424AF43F46E4363F30F0CB5E73B
:1065F00000002E400000002000480020DC50002059
:10660000E05000200F51002010510020FC470020D6
:10661000585000209C0B00202C1B0060901B006039
:1066200000002020F44700205DCFC6B8C0012E40F6
:10663000B3F5106F66D042F221018B427FF4F7AEC2
:10664000030C072B7FF4F3AEB24BB349F560D9606E
:10665000B249B360C3F80890C1E9002001221A6072
:10666000AF4A5A60AF4A1A61D4F8B01141F0010143
:10667000C4F8B01102F5805102F5005259619A61D7
:10668000D4F8B031002BFBD1A74AF3649360012307
:10669000B264136048F2800353604FF00113C4F8F2
:1066A000BC31D4F8B03143F48033C4F8B0314FF486
:1066B0008033CAF80030D4F8B031002BFBD1BAE6F1
:1066C00080B238B9994BC2F307421968984B1960E8
:1066D000984B1A70944B00229A60F2640122B364C2
:1066E0001A6080225A604FF00113C4F8BC31D4F80C
:1066F000B03143F48033C4F8B031D4F8B031002B5A
:10670000FBD198E6C2F307428B4B1A708B4BC4F84F
:10671000C8318B4BC4F8CC318A4BC4F8D03100F06F
:10672000D9FB80222946884802F0C4FD874B80228D
:10673000C6F8A0B0C6F8E0307B4BF5645A60012281
:10674000B3649D601A604FF00113C4F8BC31D4F8F3
:10675000B03143F48033C4F8B031CAF80050D4F8F3
:10676000B031002BFBD166E66F4B0121F564196057
:1067700080219D60B36459604FF00113C4F8BC31AF
:10678000D4F8B03143F48033C4F8B031D4F8B03128
:10679000002BFBD1130C5B0643F08073C4F854311B
:1067A00049E6654B01216A481B780370FFF78CFDB1
:1067B00041E683B210F078007FF439AE03F07F0237
:1067C00058F82210624A1080180600F19E80CB070C
:1067D00001D50123137002215D48FFF775FD2AE6FC
:1067E00010F0780F83B27FF422AE03F07F0213F033
:1067F000800F58F8223014BF43F4803343F0010374
:1068000048F822300022484BF2649A600122B364B7
:106810001A6080225A604FF00113C4F8BC31D4F8DA
:10682000B03143F48033C4F8B031D4F8B031002B28
:10683000FBD100E603F07F0213F0800F58F82230FE
:1068400014BF23F4803323F0010348F822300022E0
:10685000354BF2649A600122B3641A6080225A6058
:106860004FF00113C4F8BC31D4F8B03143F4803395
:10687000C4F8B031D4F8B031002BFBD1DBE50020F7
:10688000086026490C88486842F221018C427FF456
:1068900025AE80B200287FF421AE2E492E4C03C9CC
:1068A000A18086284FEA11412060A1717FF416AEC5
:1068B00072B62A48017841F008010170D2F84811F7
:1068C0000D0605D480200143C2F84401C2F84811E6
:1068D00062B6234A5021117000E6000C2A788242E9
:1068E00028BF0246BEF5E06F44D11E4B1E4D1878FE
:1068F0001E491F4B0192002818BF19462846FFF772
:106900008DFA07236B70019A3BE0C9033FF561AF35
:1069100061E700BFE0160020F4570020C0180020F7
:1069200080000700F4670020C0160020C850002037
:10693000D85000200D5100200E5100200200CC0044
:10694000C80002000200C800800000201993D5741E
:1069500058500020F4470020D0500020095100205A
:10696000105100200F51002000002020901B0060DB
:106970002C1B00602946104D01922846FFF74EFA65
:10698000019A25F01F031544BFF34F8F4FF0E0210C
:10699000C1F8703F20339D42FAD8BFF34F8FBFF349
:1069A0006F8F05481146FFF78FFC44E50320FFF782
:1069B000D7FC08F049F900BF000020202DE9F0477E
:1069C0001F46831E022B01D9BDE8F087DFF84C90EB
:1069D00015460C463C2209EBC01806464FEAC01A81
:1069E000002108F10400240402F064FCB5FA85F2E9
:1069F0000123520944EA427449F80A40C8F8387041
:106A0000C8F80830002FDFD0034AB34011680B43A9
:106A10001360BDE8F08700BF0048002000000020A0
:106A20002DE9F0470D46811E022901D9BDE8F08706
:106A3000C701DFF84C909246044640373C220021C3
:106A40001E4609EB07082D0408F1040002F032FC91
:106A5000BAFA8AF2520945EA427249F8072001223D
:106A6000C8F83860C8F80820002EDFD0034B103477
:106A70001968A2400A431A60BDE8F0870048002068
:106A80000000002012048160C36101F5405342F010
:106A9000800210B40124426001F50052046001F547
:106AA000805401F58041C46081615DF8044BC0E908
:106AB00004237047831E0A46022B00D97047064BF9
:106AC00000F110014FF0010C03EBC0100CFA01F1C2
:106AD0004030FFF799BB00BF00000020831E0A462C
:106AE000022B00D970470121024B814003EBC010FB
:106AF000FFF78ABB0000002040687047124A134B22
:106B0000D2F8200220F07F40984210B584B002D223
:106B100000EB800040000E4C01A90A22FFF71CFA8E
:106B200001A90023204611F8012B01333AB10A2BA9
:106B300020F8022FF7D11623237004B010BD5B009C
:106B4000DBB2237004B010BD00441F408096980053
:106B5000B013002000F0DCBA00F0ACBA00F010BBBB
:106B600000F0CABA00F066BB00F03CBB0846114614
:106B700000F02CBBF8B5144C4FF0E025134E4FF449
:106B8000003204EB4024124F06EB40160346C5F8D2
:106B90008C2121463A883046FFF774FF3B88234416
:106BA000BFF34F8FC5F85C4F2034A342FAD8BFF330
:106BB0004F8FBFF36F8F03203146FFF78FFF4FF4E6
:106BC0000033C5F80C31F8BD8000202000170020EC
:106BD000F4500020244B2DE9F0411C884368C5691E
:106BE000C3F30E43E41A002C24DD204920480A7820
:106BF0000078D3B21F4E82421F4807D010F803809E
:106C000036F81870C7F50072944218D90133002283
:106C100026F81540082B194E88BF134626F8152074
:106C200098BFDAB2C554164B0A701A6814441C6037
:106C3000BDE8F0812846BDE8F041FFF79BBF07EBB8
:106C40004820104922462744084401EB4521FFF71C
:106C5000E5F80B4A284626F8187013682344BDE867
:106C6000F0411360FFF786BFF4500020065100206A
:106C700007510020685000208850002078500020E4
:106C800064500020800020201D4B1A78002A36D145
:106C900002F0FF031B4A12788AB32DE9F0411A4D26
:106CA0002A8852B3194EC2F50068194F3278194C30
:106CB00007EB421704EBC224424638462146FFF751
:106CC000E1FE04EB0802BFF34F8F4FF0E023C3F85F
:106CD000704F2034A242FAD8BFF34F8FBFF36F8FAB
:106CE00004203946FFF7E6FE33780133DBB2032B8D
:106CF00088BF0023337000232B80BDE8F0817047EC
:106D00000C5100200E510020F65000200B510020A5
:106D100000180020801020202DE9F04F85B0CDE92B
:106D20000110002900F0BF800023604CDFF898813B
:106D3000DFF898A15E4F009301235E4A23705E4BFB
:106D40001978B8F8003002EB4119002B40F0A78009
:106D50001E461D469B464846FFF7CEFE10F08000BB
:106D600000F08C80BFF34F8F9AF8003084F800B0A9
:106D700005B93E68002B7DD13B689B1B782B00F248
:106D800087804E4B1B78002B74D000F09DFA0122B7
:106D9000B8F8003015462270002BDCD0464AC3F507
:106DA000006011781A4600EBC120454DC902284405
:106DB000019D954217D20393DDE901512A46FFF761
:106DC0002DF8039B4FF040425B1BA8F800303D4B71
:106DD000C3F88420BFF34F8F00980023284423700A
:106DE00005B0BDE8F08F364BCD180299FFF716F8C5
:106DF00000234FF4006229464846FFF743FEBFF3E5
:106E00004F8F05F1200205F50063934234BF012343
:106E100040234FF0E02205EB4313C2F8705F2035AA
:106E2000AB42FAD1BFF34F8FBFF36F8F04204946B7
:106E3000FFF740FE204A13780133DBB2032B84BFF7
:106E400000231D4A1370B8F80030019AD11A009A35
:106E50001A4401910092029A1A4400230292194A9C
:106E6000A8F80030C2F88430BFF34F8F2370002998
:106E70007FF462AF009805B0BDE8F08F4FF4006278
:106E80000D4B8AF8000019781346A8F800208AE70D
:106E9000012300988AF8003005B0BDE8F08F1A464B
:106EA000C3F500607FE70198E5E700BF0C510020C3
:106EB000C8500020001800200B5100200E51002067
:106EC0008010202000002E40F65000200A510020A3
:106ED000704700BF2D4B002180222D4870B51B78D4
:106EE00000242C4D8B422C4E0CBF40234FF40073DA
:106EF0002B80338002F0DEF9284A2146284B14709B
:106F00004FF4807227481C8002F0D4F9264A1021E1
:106F1000264B0220C2E90044C2E90244244AC3E9E4
:106F200000441470234AC3E90244234B1C702346D7
:106F300014602246FFF774FD2246318803201F4B60
:106F4000FFF73CFD2346012229880420FFF768FD56
:106F500020460134FFF70EFE082CF9D1184B002112
:106F60004A221848184C0460C3F88410C3F88020E3
:106F7000D3F84821154942F08072C3F8482121B165
:106F8000134A137843F00103137070BD0F510020B2
:106F900000180020F8500020F45000200B51002071
:106FA000F650002000170020685000207850002084
:106FB000065100206450002007510020D54F0000EA
:106FC00000002E40DC50002089500000000000002E
:106FD000115100202DE9F04F4FF0E0234FF4003223
:106FE000DFF8C8A083B0C3F88C218B469AF8004024
:106FF00000294FD08046E4B20027DFF8B490264B3A
:10700000ABEB070225491B78A34204F101043FD0F2
:10701000092C234B404628BF00241E5D39F816C0BA
:107020000CEB462319441F4B33F81650A5EB0C0507
:10703000AA421CD20CEB462C18491B4C614401920D
:10704000FEF7ECFE216839F816505846019AA1EB7C
:107050000B012A44394429F8162021604FF0E0231F
:107060004FF40032C3F80C2103B0BDE8F08F2A467C
:107070002F44FEF7D3FE0C49E3B230460A68A84419
:10708000521B0A608AF80030FFF774FDBB45B6D882
:107090003846E3E70846E1E706510020800020205B
:1070A00088500020685000206450002007510020C4
:1070B000785000200B4B0C4A12781978D3B28A42D0
:1070C0000DD0013309480A4A092B0A4928BF002379
:1070D000C35C31F8131002EB4323585C70474FF048
:1070E000FF307047065100200751002088500020D3
:1070F0008000202078500020044B10B51C680CB193
:10710000204610BD00F0E0F8204610BD645000207D
:107110002DE9F84F144E154D33782A78934221D03B
:10712000DCB2DFF85090DFF850B0DFF85080104F3D
:107130000134082C5FFA84FA01D90024A24619F818
:107140000400DBF8003038F8102037F81010521A1D
:107150009B1ACBF80030FFF70DFD86F800A02B78C6
:10716000A342E5D1BDE8F88F075100200651002069
:107170007850002088500020645000206850002083
:1071800000B583B001210DF10700FFF723FF20B107
:107190009DF8070003B05DF804FB4FF0FF30F9E7FE
:1071A000094B00B583B01B788DF807003BB1012176
:1071B0000DF10700FFF7B0FD03B05DF804FB03F02D
:1071C000FF0003B05DF804FB0E510020044B1B7858
:1071D00003F0FF020BB1FFF79FBD1046704700BFE1
:1071E0000E5100202DE9F0410024DFF844800123F6
:1071F0000D4D27460D4E88F800303378284620354F
:10720000A34204F1010405D0FFF776FC030658BF42
:1072100007F50067042CF0D1BFF34F8F00233846E9
:1072200088F80030BDE8F081001800200B510020E4
:107230000C5100202DE9F8431D4B1B7813B11D4D57
:107240002A880AB9BDE8F8831B4EC2F500691B49BC
:1072500033784A461A4C01EB43181A4F04EBC32407
:10726000012340463B7021460023FFF70BFC04EB53
:107270000902BFF34F8F4FF0E023C3F8704F203463
:10728000A242FAD8BFF34F8FBFF36F8F042041465D
:10729000FFF710FC33780133DBB2032B88BF0023E8
:1072A000337000232B80BFF34F8F3B70BDE8F88312
:1072B0000E510020F65000200B5100200018002035
:1072C000801020200C5100202DE9F8432D4B1E7812
:1072D00066B12D4F3B784BB90123F1073B7043D486
:1072E000B20726D400233B70730701D4BDE8F883AE
:1072F000264B1A68002AF9D0EFF30582002AF5D14F
:10730000EFF3108572B61868002834D0204C21782D
:10731000002930D10122227042691A60002A2ED041
:10732000916105B962B60025836845779847257055
:10733000DCE7DFF8648098F80030002BD2D000251D
:10734000DFF858902B4659F8234001352368204632
:107350001B69984710B163699B68984798F80020AB
:10736000EBB29A42EFD8BDE7FFF7C6FE0028B7D0D0
:10737000AFF30080B4E7002DB8D162B6B6E7054B95
:107380001A60CEE71151002004510020A4420020D1
:1073900002510020B042002003510020B4420020DE
:1073A000A249A34B88422DE9F047A24C5E699A6935
:1073B000D4F80C801BD9A04B984240F20281C31A2A
:1073C0009E491B0AA1FB031340F22761DB0903EB73
:1073D000830303EB830303F2E2438B4228BF0B4694
:1073E000A3F54877964BA3FB0737FF0804E0954FBA
:1073F000B8428CBF0E2706278D4908F01F09D1F827
:107400008030B94543F0C003C1F880300CD228F079
:107410001F08A1F5F82148EA0708C1F80C800B689D
:10742000002BFCDA08F01F0916F0007324D18649FE
:107430000C698649A14300F0EA8082F48051344609
:107440004FF4805514F0605F04D026F060561E4360
:10745000774B5E6111F4405F07D022F440527449CB
:107460002A438A618B6C1A07FCD446F00076704A76
:107470005661936C9B06FCD4754CA04200F2CE8002
:107480004FF0010C0146634603FB011203F1010EAC
:107490000CF10105A24218D8BEF1080F4FF001030C
:1074A00040F08D80BCF1040F00F291800A18A242D6
:1074B00000F2A48005FB00F1AC4603F1010E03FBD2
:1074C00001120CF10105A242E6D90CF1FF318C0248
:1074D00086EA81215F4810445F4A90427FD9DFF8F5
:1074E000A4A16C225D48584DB0FBFEF0D5F800E039
:1074F000B0FBFCF0DFF890C10EEA0C0CD44509D0CB
:1075000042F400524FF4805CC5F800C02A602A683B
:10751000002AFCDA464A156905F007059D4203D0AA
:107520001361936CDD03FCD411F4E05F09D026F401
:10753000E05604F4E0543E4A26435661936C9907A2
:10754000FCD44749474A014491423CD8464BC909BB
:10755000A3FB0131090B4B1E1B0286EA030212F446
:10756000407F06D026F4407603F44073304A33431C
:1075700053612F4A536923F000735361936C9B0648
:10758000FCD43A4B4F45A3FB00234FF0FF324FEAA8
:107590009343B0FBF1F1B2FBF3F3354A1060354A87
:1075A0001160354A136008D228F01F08214A48EAC2
:1075B0000707D7601368002BFCDABDE8F087734635
:1075C00062E7122718E74FF440730421C5E70CF176
:1075D000FF31204807238C02104486EA8121274A84
:1075E000DFF8A8A0A2FB0020020D2548362A38BFEC
:1075F000362202FB00F042EA0A0A74E74FEA8C24C2
:10760000002386EA8C214FF0010EAC4662E71D464E
:1076100086F0C05411464FF0C05313E700244FF0DA
:10762000010C024631462346E64653E700A4781F84
:1076300000C00F40000008400046C32323B24C00A6
:107640001F85EB5100366E0100800D4040300080F8
:10765000FFB19F26808D5B00FF7EF64D00643F4D9D
:107660007FD1F0087F17B42C9F10E50083DE1B4309
:10767000640D0020600D0020A4500020819F5E1644
:10768000001BB7006C2000807F300180002000804C
:1076900000230F2248F2B82C194610B54FF470445D
:1076A0004FF4806EA0F88C414FF46044A0F88E2116
:1076B0000A46A0F89031B0F888319BB243F0F0034D
:1076C000A0F8883101EB4103013100EB4313042999
:1076D0009C80A3F806E05A841A865A805A81A3F83F
:1076E0000EC05A82DA825A83DA83EBD1B0F888313D
:1076F0009BB243F00F03A0F88831B0F888319BB2F9
:1077000043F47063A0F8883110BD00BF374B384A8E
:10771000996F384841F47F0170B5996741F20106CD
:10772000D3F8801045F6C05543F226040A43C3F847
:107730008020FFF7ADFF00F58040FFF7A9FF00F5BF
:107740008040FFF7A5FF00F58040FFF7A1FF002272
:10775000A0F503104FF00F0E114600EB42134FEA55
:10776000421C01329981042A5981A3F80EE09E82BD
:10777000DD8020F80C1019829C81EED100221E4879
:107780004FF00F0E41F20106114645F6C05543F287
:10779000260400EB42134FEA421C01329981042A6D
:1077A0005981A3F80EE09E82DD8020F80C1019822A
:1077B0009C81EED1002211480F2641F201051146AD
:1077C00045F6C05443F2260E00EB42134FEA421C2A
:1077D00001329981042A5981DE819D82DC8020F862
:1077E0000C101982A3F80CE0EED170BD00C00F4060
:1077F000000003FC00C03D4000001E4000401E4051
:10780000074A506A936A19468446506A936A9942B5
:10781000F9D18445F7D1DB0B43EA4040704700BF04
:1078200000400D4003460846194601F077BB00BFF3
:107830002DE9F04F8146007B0E7885B00028784D09
:10784000D9F808000CBF012380231E420293B5FB28
:10785000F0F50CBF4FF001084FF00008002A00F0CF
:10786000DC800B46013AEDB2DFF8BCB11344DFF81F
:10787000BCA101910393029C0027002D63D199F8CC
:107880000D3013F0F70F3CD1264299F9100014BFC8
:1078900001210021414505D0421C03D0C0B28846D9
:1078A000FEF740FA012199F80F00FEF73BFA002D90
:1078B0006FD199F91100431C04D0C0B2FEF75CFAF5
:1078C00000B12743002199F80F00FEF72BFA99F831
:1078D0000C3093B96400E4B2002CCED199F9113088
:1078E000013301D0019B1F70039A019B9A4200F063
:1078F000948013F8016F0193BDE76408002CBCD19C
:10790000ECE70C2B2FD199F91000411C04D0C0B228
:1079100006EA0401FEF706FA002199F80F00FEF7C7
:1079200001FA002D45D1012199F80F00FEF7FAF96F
:1079300099F91100431CCAD0C0B2FEF71DFA002805
:10794000C5D02743C3E7DBF80410364BDAF8002034
:10795000A3FB0232920C05FB02F2DBF804305B1A47
:107960009A42FAD88BE7012199F80F00FEF7DAF96D
:10797000002D42D199F91000421C04D0C0B206EA91
:107980000401FEF7CFF9002199F80F00FEF7CAF9BC
:10799000CEE7DBF80410234BDAF80020A3FB023219
:1079A000920C05FB02F2DBF804305B1A9A42FAD81B
:1079B0007FE7DBF804101B4BDAF80020A3FB023250
:1079C000920C05FB02F2DBF804305B1A9A42FAD8FB
:1079D000012199F80F00FEF7A5F9DBF80410114B0F
:1079E000DAF80020A3FB0232920C05FB02F2DBF86E
:1079F00004305B1A9A42FAD89AE7DBF80410094B74
:107A0000DAF80020A3FB0232920C05FB02F2DBF84D
:107A100004305B1A9A42FAD8ACE705B0BDE8F08FA3
:107A200020A1070083DE1B43001000E0640D00204E
:107A300030B482B00C4602AB03E90600C37C002BD5
:107A400030D072B6C37CDA0708D54FF0E021456923
:107A5000D1F880212A408262C1F880219D0708D593
:107A60004FF0E0218569D1F884212A40C262C1F833
:107A70008421590708D54FF0E021C569D1F8882144
:107A80002A400263C1F888211A0708D54FF0E02187
:107A9000056AD1F88C212A404263C1F88C21DB06AB
:107AA0002FD462B683689C4235D0224B84609B6998
:107AB000214AC3F30111C3F3826352F82110013349
:107AC000B1FBF3F2CCB1944227D8B2FBF4F3B2FB92
:107AD000F3F294422CD3B3F5817F20D3174CC460CA
:107AE000036803220020019918615A6201221C6474
:107AF00019661A6102B030BC70479942EFD3531C2B
:107B0000E9E74FF0E022416AD2F890310B408363FD
:107B1000C2F89031C5E7C468E2E70024DFE7022B32
:107B2000FBD9023B5A08140244EA02441C43D6E73C
:107B30001A46E4E700C00F4048050020FF7F7F00A1
:107B4000F8B504461D46079B16468173FF204FF685
:107B5000FF7123600023E073218208206360A37417
:107B60009DF81870FEF7F4F9002D0A4B066018BF57
:107B700007233A0748BF43F0004343607B0703D520
:107B8000436843F08043436025736773C4E901068B
:107B90002046F8BD0700800010B50446406810B1CB
:107BA0000821FEF7D7F9204610BD00BF10B50446E6
:107BB00090F90E00411C07D00121C0B2FEF7EEF88B
:107BC0000121A07BFEF7AEF8206820B1FCF798FAFF
:107BD0000120A07410BD0121E07BFEF7DFF8617B7E
:107BE000E07B11F0FB0118BF0121FEF79BF894F92F
:107BF0001000421C0AD194F91100431CE8D0002166
:107C0000C0B2FEF7CBF80120A07410BD0121C0B2B4
:107C1000FEF7C4F8207C0121FEF784F894F91100E6
:107C2000431CD5D0EBE700BF10B5044690F90E0019
:107C3000431C03D00121C0B2FEF774F8236823B3BC
:107C4000DA7C12B3D10704D5986A4FF0E021C1F86D
:107C50000001940704D5D86A4FF0E021C1F804016F
:107C6000500704D5186B4FF0E021C1F80801110747
:107C700004D5586B4FF0E021C1F80C01D20604D5B1
:107C80009A6B4FF0E023C3F8102110BD2DE9F047A7
:107C9000044682B000688A4690461E460A9D20B17E
:107CA000636893E80600FFF7C3FE94F90E00431CD7
:107CB00042D1D5B1013E06EB05090DF1070503E000
:107CC000FFF7B6FD4E4510D016F8013F0122276898
:107CD000294620468DF80730002FF1D0134638464C
:107CE0002A46FCF727FB4E45EED1B8F1000F1CD019
:107CF000D0440AF1FF360DF1070508F1FF3803E023
:107D0000FFF796FDB04510D016F8013F0122276815
:107D1000294620468DF80730002FF1D0134638460B
:107D20002A46FCF707FBB045EED12046FFF77CFF63
:107D3000012002B0BDE8F087C0B20021FDF7F2FFDC
:107D4000B7E700BF70B50E460446194615463046E3
:107D500001F0B0FA2068F0B1636893E80600FFF71D
:107D600067FE94F90E00421C19D1206848B92A46D2
:107D700031462046FFF75CFD2046FFF755FF012006
:107D800070BD2B4632463146FCF7D4FA2046FFF749
:107D90004BFF012070BD94F90E00431CE7D0C0B228
:107DA0000021FDF7BFFF20680028E0D0E9E700BF11
:107DB00008B52DED048BB0EE408B00F05DF8B4EE0D
:107DC000488BF1EE10FAB0EE409B0AD6B0EE480BAD
:107DD00000F01CF8B7EE007BB4EEC70BF1EE10FA22
:107DE00004DCB0EE490BBDEC048B08BD01F076FB62
:107DF000BDEC048B034621221A600248BDE808400E
:107E000000F032B86405002000F066B951EC100BA8
:107E100010EE102A21F0004343EC102B704700BFF6
:107E200008B52DED028BF0EE408AB0EE608A00F0CE
:107E300029FBF4EE488AF1EE10FA06D6DFED098A46
:107E4000B4EE688AF1EE10FA02D0BDEC028B08BDE8
:107E500001F044FB88EEA80ABDEC028B21230360ED
:107E600008BD00BF000000009FED010B704700BF80
:107E7000000000000000F87F38B510EE905A924BD9
:107E800025F000449C422DED0A8B1DDD10EE103ACA
:107E900004F1404404F580141C4308D030EE400B3C
:107EA00080EE007BBDEC0A8BB0EE470B38BDBDEC1D
:107EB0000A8B9FED677B9FED686B20EE077BA0EE42
:107EC000067BB0EE470B38BD804B9C420EDCB4F114
:107ED000795F80F28380B7EE006B9FED617B30EEBF
:107EE000077BB4EEC67BF1EE10FA74DCB6EE008BC5
:107EF000FFF78CFFB7EE007B9FED5B9B37EE400BEF
:107F000020EE088B9FED5AABB0EE480B9FED5A1B4D
:107F10009FED5B3BA8EE0A1B9FED5B4BA1EE083B80
:107F20009FED5B6BA3EE084B9FED5BCBA4EE086B64
:107F30009FED5B2BA6EE08CB2CEE08CB9FED5A5B9A
:107F4000A8EE092B9FED5ABBA2EE085BA5EE08BB7D
:107F5000ABEE087BB0EE479B00F024FB5C4B9C42F1
:107F60002ADCB0EE004B8CEE093B53EC102B9FED5E
:107F7000526B9FED377B002243EC122B30EE025BFD
:107F8000A2EE428B30EE000B88EE051BB0EE465B96
:107F9000A1EE447BA2EE445B90EE037B37EE457B83
:107FA00036EE477B002D3FF77DAFB1EE477BB0EE5D
:107FB000470BBDEC0A8B38BD9FED417B8CEE094B26
:107FC000B0EE005B9FED246BA0EE040BA0EE057BF2
:107FD00036EE477BE6E7B0EE407B63E79FED248B10
:107FE00020EE006B9FED245B9FED253BA6EE085B2A
:107FF0009FED254BA5EE063B9FED252BA3EE064BF3
:10800000BDEC0A8BA4EE062B9FED237B9FED161B88
:10801000A2EE067B27EE067B9FED215B9FED223BC8
:10802000A6EE015B9FED224BA5EE063BB7EE005B93
:10803000A3EE064BA4EE065B87EE056BB0EE407B2D
:10804000A0EE067BB0EE470B38BD00BFAFF300805B
:10805000075C143326A6913C182D4454FB21F93FAC
:108060009C7500883CE4377E82922EB1C5B8B33F40
:1080700009F7FD0DE13D023F88B20175E0EF493F90
:108080003B8F68B52882A4BF5544880E55C1C93FAF
:108090007D6FEB0312D6D4BF555555555555C53F89
:1080A00059018D1B6C06E6BFC88A599CE52A004021
:1080B0004B2D8A1C273A03C0182D4454FB21E93F5D
:1080C000075C143326A691BCFFFFEF3FFFFFDF3FA5
:1080D0003233EF3F000000002DE9F04151EC110B6D
:1080E0004342614C21F00046034346EAD37382B019
:1080F000A3428DED000B3CD8DDE900E7CEF1000393
:1081000043EA0E0327F0004848EAD373A34230D86D
:1081100001F1404303F58013034311EE102A3DD0D3
:108120008D1705F0020558EA0E0E45EAD77529D0DD
:10813000324338D0A64244D0A04534D0A8EB06083C
:10814000B8F1747F4FEA285338DA002945DA3C3316
:1081500043DA9FED370B012D53D0022D48D075B176
:108160009FED356B9FED367B30EE460B30EE470BC7
:1081700005E09DED006B41EC170B37EE060B02B0EE
:10818000BDE8F081022D16D09DED007B9FED2E0BFA
:10819000032D00FE070B02B0BDE8F08102B0BDE880
:1081A000F04100F069B89FED2A0B9FED2B7B002F6B
:1081B00020FE070BE3E79FED220BE0E79FED240B8A
:1081C000C9E7B04505F1FF3524D0022D2AD8274B49
:1081D00003EBC50393ED000BD1E79DED007B41EC74
:1081E000160B87EE060BFFF711FE00F045F8B2E71D
:1081F0009FED116B9FED127B30EE460B37EE400B7F
:10820000BDE710EE901A53EC102B01F1004343EC44
:10821000102BB4E7022D08D8154B03EBC50393EDE3
:10822000000BACE79FED020BA9E79FED0D0BA6E756
:108230000000000000000000075C143326A6A13CEB
:10824000182D4454FB210940182D4454FB2109C02A
:10825000182D4454FB21F93F182D4454FB21F9BF3C
:10826000182D4454FB21E93F0000F07F98020020C4
:10827000800200200000000038B5B0EE407B17EE11
:10828000905A794B25F000449C422DED0C8B16DD65
:10829000764B9C420EDC09D09FED577B9FED580B2F
:1082A000002D37FE000BBDEC0C8B38BD10EE103AE4
:1082B000002BF1D037EE070BBDEC0C8B38BD6C4BAF
:1082C0009C425CDCA3F1DE739C424CDD4FF0FF333B
:1082D0009FED4DAB27EE075B25EE056B9FED4C8BBD
:1082E0009FED4D1BA6EE0A8B9FED4D3BA8EE061BA6
:1082F0009FED4DBBA1EE063B9FED4DDBA3EE06BB14
:108300009FED4D9BABEE06DB2DEE05DB9FED4C0BA1
:108310009FED4D2BA6EE090B9FED4D4BA0EE062BCE
:108320009FED4DCBA2EE064B5A1CA4EE06CB2CEED5
:1083300006CB39D03DEE0CDB4E494F4A01EBC30171
:1083400002EBC30391ED006B93ED000B9DEE076B09
:1083500036EE477B002D30EE470BA4DAB1EE400B32
:10836000BDEC0C8B38BD9FED3E6BB7EE005B30EE85
:10837000066BB4EEC56BF1EE10FAA7DD93E7FFF7DD
:1083800045FD3E4B9C4218DCA3F550239C4229DC62
:10839000B0EE007BBFEE006B30EE075BA0EE076B2C
:1083A000002386EE057B93E73DEE0CDBADEE477BCD
:1083B000BDEC0C8BB0EE470B38BD314B9C420BDA59
:1083C000B7EE087BB7EE006B30EE475BA0EE076BB5
:1083D000022385EE067B7BE7BFEE006B032386EE70
:1083E000007B75E7B7EE007B012330EE475B30EE94
:1083F000070B85EE007B6BE7182D4454FB21F93FFA
:10840000182D4454FB21F9BF11DA22E33AAD903F15
:10841000EB0D76244B7BA93F513DD0A0660DB13FBB
:108420006E204CC5CD45B73FFF8300922449C23F23
:108430000D5555555555D53F2F6C6A2C44B4A2BFE8
:108440009AFDDE522DDEADBF6D9A74AFF2B0B3BFB0
:10845000711623FEC671BCBFC4EB98999999C9BF28
:108460009C7500883CE4377EFFFF0F440000F07FDE
:10847000FFFFDB3FC0030020A0030020FFFFF23F0F
:108480000080034030B583B0CDED010A019D35F089
:10849000004041D010EE10EA2EF00041B1F1FF4F44
:1084A0003ADAB0F1FF4F37DC81423BDB0EF000449B
:1084B0003AD01EF0FF4F56D10B02002B6FF07D0219
:1084C00004DD5B00002B02F1FF32FADC15F0FF4FF8
:1084D00058D103026FF07D0C03D45B000CF1FF3C1C
:1084E000FBD512F17E0F47DBCEF3160E4EF40003E0
:1084F0001CF17E0F3ADBC5F3160141F40000B2EB2C
:108500000C0204D117E00FD04B00013A13D0191A16
:108510000029F8DA5B00F8E7DDED017A60EE277AF2
:1085200087EEA70A03B030BD1D4B03EB547393EDE8
:10853000000A03B030BD181A58BF03461BB9F3E751
:108540005B000CF1FF3CB3F5000FF9DB1CF17E0F73
:108550001DDBA3F500030CF17F0C234343EACC534E
:1085600000EE103ADEE7CA157F3AAFE76FF07D0103
:10857000A1EB0C018840C2E76FF07D039B1A01FA62
:1085800003F3B5E74FEAE05CACF17F0CA9E76FF0CD
:108590007D02A2EB0C021341234300EE103AC1E727
:1085A00038040020B1EEC00B704700BF024B0146FB
:1085B000186800F00BB800BF5C130020024B0146A6
:1085C000186801F09FBA00BF5C1300202DE9F04F3E
:1085D00001F10B06162E83B0044624D8102900F2B0
:1085E000BA8000F0A3FA102618220220B54F3A44B0
:1085F000A2F1080153688B4200F0BA805A68D9682A
:1086000022F003021A449D68E9608D60516841F0D0
:1086100001012046516003F1080500F08DFA28465B
:1086200003B0BDE8F08F36F0070600F19480B14248
:1086300000F2918000F07AFAB6F5FC7FC0F09A81E2
:10864000730A00F08F80042B00F26F81B30903F1ED
:10865000390003F1380CC3009A4F3B44A3F10805DD
:108660005B689D4206D10CE0002980F22781DB681F
:108670009D4206D05A6822F00302911B0F29F3DDB8
:1086800060463D69DFF850C265457CD06A6822F0DB
:108690000302931B0F2B00F37B81002BC7E904CC53
:1086A00080F26C81B2F5007F80F01A81D30879687E
:1086B00001334FEA521E012202FA0EF20A4357F822
:1086C00033E0C5F808E007EBC3010839E9607A60D8
:1086D00047F83350CEF80C50831001219940914255
:1086E00057D8114206D120F003004900114200F191
:1086F0000400FAD007EBC0094D468646D5F80C8039
:10870000454508D11DE1002B80F22481D8F80C806A
:10871000454500F01681D8F8042022F00302931B8F
:108720000F2BF0DD2046D8E9025408EB060146F095
:108730000106C8F80460EC60A56043F00104C7E9D5
:108740000411C1E902CC4C6048F8023000F0F4F9A1
:1087500008F1080502E00C2323600025284603B039
:10876000BDE8F08F4FF4007340204FF03F0C73E7EB
:10877000D3689A4208BF02307FF440AF3D69DFF80A
:1087800058C1654582D17A68831001219940914290
:10879000A7D9BD686B6823F003094E4503D8A9EB40
:1087A00006030F2B7ADCDFF834B1474BDBF80020EF
:1087B0001B680132334405EB090A00F0338103F5ED
:1087C00080530F3323F47F6828F00F08414620467A
:1087D00000F05CFE411C024600F0F380824500F28E
:1087E000EE803A4B196841441960084600F04E810A
:1087F000DBF80010019301311BBFA2EB0A0109183D
:10880000CBF80020196012F0070B00F01781CBF1B4
:1088100008010A44CBF5805190440831A1EB0801CE
:10882000C1F30B0A51462046009200F02FFE421C75
:10883000DDE9002300F04F81801A00EB0A08196877
:10884000BA6048F001005144BD425060196000F028
:108850002981B9F10F0F40F227816868A9F10C0C4A
:108860002CF0070C00F0010040EA0C0068604FF0AB
:10887000050E05EB0C00BCF10F0FC0E901EE00F294
:10888000328150681546124B1A688A4238BF196007
:10889000104B1A688A4238BF196094E0AA1943F055
:1088A000010346F001066E602046BA60536000F096
:1088B00043F90835284603B0BDE8F08FD9681A445B
:1088C000A1E600BF400F0020B844002088440020EB
:1088D000B0440020B4440020480F0020481300207A
:1088E000B2F5206F4FEA522363D3142B00F2B78006
:1088F00003F15C01C9005B3307EB010E7958AEF15F
:10890000080E8E4500F091804B6823F003039342DC
:1089100002D989688E45F7D1D1F80CE07A68C5E9AB
:10892000021ECEF80850CD60D6E6142B59D9542B30
:1089300000F29D80330B03F16F0003F16E0CC30056
:108940008AE60EF1010E1EF0030F05F108057FF413
:10895000D5AE51E0424445465368D8F80C1043F078
:108960000103536055F8083F2046D9608B6000F042
:10897000E3F8F3E6F00806F1080237E62A44204659
:10898000536843F001035360083500F0D5F8E5E67D
:10899000A919204646F0010643F001046E60C7E9BC
:1089A0000411C1E902CC4C60AB5000F0C5F80835A9
:1089B000D4E6930903F13901C90038339CE7BD427D
:1089C0005FD0BD68686820F003084645A8EB060341
:1089D00002D80F2B3FF762AF204600F0ADF800251C
:1089E000BCE603F15C0003F15B0CC30034E659F80C
:1089F00008394B4540F0968010F0030F00F1FF302E
:108A0000F5D17B6823EA01037B60490099423FF678
:108A1000C0AE19B9BDE649000EF1040E1942FAD0F4
:108A2000704667E603F11008D0E69A104FF001088F
:108A30007B6808FA02F21A437A6070E702EB0801D9
:108A40004942C1F30B0A51462046009200F01EFD38
:108A5000431CDDE900237FF4EFAEDA46EFE6542B4A
:108A600025D8130B03F16F01C9006E3344E7B3F54A
:108A7000AA7F25D8F30B03F1780003F1770CC3002C
:108A8000EAE5294B186840441860B1E6CAF30B0CBC
:108A9000BCF1000F7FF4ACAEBD68C84448F00100E3
:108AA0006860F0E61546EEE60123536094E7B3F5FF
:108AB000AA7F23D8D30B03F17801C90077331BE7D2
:108AC00040F25452934223D8B30C03F17D0003F1DA
:108AD0007C0CC300C0E5ABF1080BD844A8EB02083E
:108AE0004FF0000AABE605F108012046009301F0C3
:108AF00009F8BD68009B68681968C4E640F25451E3
:108B00008B420BD8930C03F17D01C9007C33F3E653
:108B10004FF47E737F204FF07E0C9DE54FF47E7105
:108B20007E23E9E67B6870E788440020014800F076
:108B300003BD00BF80440020014800F0FFBC00BF1F
:108B4000804400202DE9F84F1746002900F0988056
:108B50000C4607F10B058046FFF7E8FF162D54F889
:108B6000041C5BD810252A46AF425CD821F00306CE
:108B70009642A4F1080962DABC4BD3F808C009EBAD
:108B80000600844500F09780D0F804C02CF0010363
:108B900003445B68DB0768D42CF0030C06EB0C0382
:108BA000934247DACB0710D454F8083CA9EB030AE8
:108BB000DAF8043023F003018C44B444944580F285
:108BC00011817318934280F2E88039464046FFF7DE
:108BD000FDFC0746E0B154F8043C23F001034B448C
:108BE000A0F10802934200F0D280321F242A00F242
:108BF000F580132A00F2AC80034622461168196002
:108C00005168596092689A602146404600F07AFFA8
:108C10004046FFF791FF3846BDE8F88F25F007057D
:108C2000002D2A46A0DA0C23C8F800300027384669
:108C3000BDE8F88F1E46D0E90223D3609A60731B0B
:108C40000F2B22D8D9F8043003F0010333434E44EC
:108C5000C9F80430736843F0010373604046274647
:108C6000FFF76AFF3846BDE8F88FC907ADD454F85E
:108C7000083CA9EB030ADAF8041021F00301A0E78D
:108C8000BDE8F84F1146FFF7A1BCD9F8042009EB65
:108C9000050102F001024E4443F001032A43C9F8E2
:108CA00004204B60736843F0010308317360404651
:108CB00000F028FFD2E7DCF8040020F0030B06EBFD
:108CC0000B0C05F1100084454DDAC9073FF57DAF67
:108CD00054F8081CA9EB010ADAF8041021F003018A
:108CE0008B44B34458453FF76CAF5746DAF80C1045
:108CF00057F8080F321F242AC160886000F2DB8019
:108D0000132A40F2D6802168CAF808106168CAF8B0
:108D10000C101B2A00F2DF8008340AF110022168CF
:108D2000116061685160A16891600AEB0501ABEBCD
:108D3000050242F0010299604A60DAF8043003F05B
:108D400001032B434046CAF80430FFF7F5FE6EE7F7
:108D500023680360636843601B2A68D804F1080233
:108D600000F108034AE709EB05029A60ACEB050342
:108D700043F00103536054F8043C03F001032B4318
:108D8000404644F8043CFFF7D7FE27464FE750F82B
:108D9000043C23F003031E4451E75746DAF80C1055
:108DA00057F8080F321F242AC16088604CD8132A54
:108DB00048D92168CAF808106168CAF80C101B2A43
:108DC00056D808340AF110021E46236813606368FF
:108DD0005360A3689360D1463C4630E7214600F0DB
:108DE000EDF911E7D0E902135746CB60996057F8C7
:108DF000081FDAF80C30CB60321F242A99602DD876
:108E0000132A29D92368CAF808306368CAF80C30D5
:108E10001B2A42D808340AF1100322681A606268DB
:108E20005A60A2689A606646D1463C4607E7A36846
:108E30008360E368C360242A26D004F1100200F1A5
:108E40001003DBE63A46BFE7214638461E46D146C8
:108E500000F0B4F93C46F2E63B46DEE721463846F0
:108E60006646D14600F0AAF93C46E8E6400F0020ED
:108E7000A168CAF81010E168CAF81410242A20D09A
:108E800010340AF118029FE72369036161694161A7
:108E900004F1180200F11803B0E6A368CAF8103014
:108EA000E368CAF81430242A21D010340AF11803D8
:108EB000B3E73A4633E72146384600F07FF9164BD0
:108EC00033E72269CAF818206269CAF81C201834EE
:108ED0000AF1200278E7A168CAF81010E168CAF820
:108EE0001410242A0DD010340AF1180217E7236950
:108EF000CAF818306369CAF81C3018340AF1200324
:108F00008BE72269CAF818206269CAF81C20183455
:108F10000AF1200203E700BF400F002013460A4673
:108F20000146022000F05ABD024A0349034800F0FE
:108F3000BBB800BF5013002015A40000400C002057
:108F40000C4B4168994210B5044601D003F062F819
:108F5000A168094B994202D0204603F05BF8E16812
:108F6000064B994204D02046BDE8104003F052B8A9
:108F700010BD00BFBC440020244500208C450020CB
:108F80002DE9F8432A4C2B4B2B48DFF8C090DFF833
:108F9000C0802A4F1860002504230822294604F1C6
:108FA0005C00274E6566C4E90253C4E90055C4E974
:108FB0000455A56100F07EF9224B6367082229461B
:108FC00004F1C400C4E90749C4E90987C4E91A5592
:108FD000C4E91E55C4F8CC502567C4F88050E66239
:108FE00000F068F9184BC4F8DC30294604F1680336
:108FF000082204F59670C4F88430C4E92298C4E9C4
:109000002476C4E93455C4E93855C4F83451C4F859
:10901000D850C4F8E85000F04DF904F1D003C4E989
:109020003C98C4E93E76C4F8EC30BDE8F88300BF54
:10903000BC440020F4450020297300009575000011
:10904000B575000009000100120002003175000032
:109050005575000010B504460A4800F06DFA636BC0
:1090600023B9094B094A1B68626323B1BDE810406C
:10907000044800F063BAFFF783FFBDE810400148E1
:1090800000F05CBA84440020F445002041730000E5
:10909000014800F051BA00BF84440020014800F0AC
:1090A0004DBA00BF844400202DE9F84380460F46A6
:1090B00016464FF00009D6E90154013D11D4A389A9
:1090C000012B05F1FF3508D9B4F90E3001332146E3
:1090D00003D04046B84749EA00096B1C04F1680414
:1090E000EDD13668002EE6D14846BDE8F88300BFD2
:1090F0000EB410B59DB06FF000411FABCDE9060175
:109100000491094953F8042B0290084C0868019314
:1091100002A9059401F0DCF9029B00221A701DB02F
:10912000BDE8104003B070475C1300200802FFFF49
:1091300010B50C46B1F90E1000F092F9002803DBCF
:10914000236D0344236510BDA38923F48053A381B9
:1091500010BD00BF2DE9F0410C46B1F90C101F46BF
:10916000CB05054616460BD421F48051A1813B4620
:10917000B4F90E1032462846BDE8F04100F098B927
:10918000B4F90E100223002200F054F9B4F90C10C7
:10919000EAE700BF10B50C46B1F90E1000F04AF92D
:1091A000A389421C0EBF23F4805343F480532065EF
:1091B000A38110BDB1F90E1000F02AB988420DD973
:1091C0008B1883420AD900EB020CBAB1624613F83D
:1091D00001CD02F801CD9942F9D170470F2A0ED87E
:1091E000034602F1FF3C4AB10CF1010C013B8C44F7
:1091F00011F8012B03F8012F6145F9D1704740EABE
:1092000001039B0750D1A2F1100370B501F1200CAE
:1092100023F00F0501F1100E00F11004AC441B09FE
:109220005EF8105C44F8105C5EF80C5C44F80C5C72
:109230005EF8085C44F8085C5EF8045C44F8045C82
:109240000EF1100EE64504F11004E9D1013312F0DD
:109250000C0F01EB031102F00F0400EB031327D0F6
:10926000043C24F003064FEA940C1E441C1F8E4657
:109270005EF8045B44F8045FB442F9D10CF10104D8
:1092800002F0030203EB840301EB840102F1FF3CD3
:109290004AB10CF1010C013B8C4411F8012B03F88D
:1092A000012F6145F9D170BD02F1FF3C03469BE7F8
:1092B0002246EBE7830730B548D0541E002A3FD042
:1092C000CAB2034601E0013C3AD303F8012B9D07E3
:1092D000F9D1032C2DD9CDB245EA05250F2C45EA4D
:1092E000054536D9A4F1100222F00F0C03F1200E2F
:1092F000E6444FEA121C03F1100242E9045542E928
:10930000025510327245F8D10CF1010214F00C0F25
:1093100003EB021204F00F0C13D0ACF1040323F0A2
:1093200003030433134442F8045B9342FBD10CF073
:1093300003042CB1C9B21C4403F8011B9C42FBD1AD
:1093400030BD64461346002CF4D1F9E703461446B9
:10935000BFE71A46A446E0E740EA01039B0730B5A1
:1093600001D1032A0FD8844601F1FF3E07E01EF821
:10937000011F03F8011B541EC1B19C4622466346DF
:10938000002AF4D130BD0B468446194653F8045BDD
:10939000A5F1013424EA050414F0803FE4D1043A35
:1093A000032A4CF8045B1946EFD8DDE79444002CFF
:1093B000E8D003F8011B6345FBD130BD41EA00034F
:1093C0009B0715D10B68A3F1013222EA030212F0C8
:1093D000803F0DD101F1040C40F8043B61465CF87C
:1093E000043BA3F1013222EA030212F0803FF3D0E2
:1093F000034611F8012B184603F8012B002AF8D177
:10940000704700BF014B93F828017047D40D00202E
:1094100038B5074D0022044608462A60FCF7B0FE26
:10942000431C00D038BD2B68002BFBD0236038BD17
:109430000448002038B50C46084D844611462046A5
:109440001A4600232B606446FCF7A6FE431C00D09E
:1094500038BD2B68002BFBD0236038BD04480020AA
:1094600038B50C46084D8446114620461A4600235E
:109470002B606446FCF782FE431C00D038BD2B688D
:10948000002BFBD0236038BD0448002038B5074DC1
:109490000022044608462A60FCF756FE431C00D012
:1094A00038BD2B68002BFBD0236038BD044800205A
:1094B00038B50C46084D8446114620461A4600230E
:1094C0002B606446FCF7B8FB431C00D038BD2B680A
:1094D000002BFBD0236038BD04480020014B1868E6
:1094E000704700BF5C13002070B50D4E0D4D761B0C
:1094F000B61006D0002455F8043B01349847A64224
:10950000F9D1094E094D761B05F09AFBB61006D02D
:10951000002455F8043B01349847A642F9D170BDA8
:10952000F01A0060F01A0060F81A0060F01A00608B
:10953000704700BF704700BF704700BF704700BF53
:10954000A2EB0300704700BF02780B78012A28BF06
:109550009A42F5D16DE9044540EA0104CDE902677C
:109560006FF0000C4FEA447212B380EA010414F069
:10957000070F6AD100F0070420F0070004F003058C
:1095800021F007014FEAC505F0E8042314F0040FA9
:10959000F1E804670CFA05F462EA040266EA0406DC
:1095A0000AD063EA0403624667EA0407664603E0FA
:1095B000F0E80423F1E8046782FA4CF582EA060435
:1095C000A4FA8CF46CBB83FA4CF583EA0705A5FA80
:1095D0008CF595B950E9022351E9026782FA4CF5FE
:1095E00082EA0604A4FA8CF483FA4CF583EA0705B0
:1095F000A5FA8CF52543DBD09CB92DBAB5FA85F4D4
:1096000024F0070427FA04F1DDE9026723FA04F3E2
:1096100003F0FF0001F0FF01FDE80445A0EB0100AD
:10962000704724BAB4FA84F424F0070426FA04F14B
:10963000DDE9026722FA04F202F0FF0001F0FF0107
:10964000FDE80445A0EB0100704714F0030F3CD186
:1096500010F0030428D150F8082B51F8083B82FA87
:109660004CF582EA0305A5FA8CF55DB950F8042C97
:1096700051F8043C82FA4CF582EA0305A5FA8CF510
:10968000002DE8D02DBAB5FA85F424F0070423FAAA
:1096900004F122FA04F202F0FF0001F0FF01FDE8FC
:1096A0000445A0EB010070474FEAC40420F003001A
:1096B00050F8082B21F0030151F8083B0CFA04F490
:1096C00062EA040263EA0403C9E710F003041AD053
:1096D000A1EB040120F00300E40750F8042B06D0AE
:1096E0000FD28B785FFAA2F4E41A06D12BB1CB78B3
:1096F0005FFAB2F4E41A00D11BB920465DF8104BB2
:10970000704701F1040150F8042BCC0721F003014C
:1097100051F8043B48D824D222F07F4482FA4CF519
:1097200094EA1325A5FA8CF50AD165B951F8043BE2
:1097300084EA0204B4EB036F0ED150F8042BEBE77C
:109740004FEA132355E035F07F454DD10878FDE809
:109750000445C0F1000070474FEA126203F0FF03B6
:1097600047E002EA1C4482FA4CF594EA1345A5FA54
:109770008CF50AD165B951F8043B84EA0204B4EBD4
:10978000034F0CD150F8042BEBE74FEA134330E0C2
:1097900015EA1C4528D10B884FEA124229E04FEA0E
:1097A000124203EA1C4324E002F0FF0482FA4CF563
:1097B00094EA1365A5FA8CF50AD165B951F8043B12
:1097C00084EA0204B4EB032F09D150F8042BEBE731
:1097D0004FEA13630DE015F0FF0F05D10B684FEA58
:1097E000122223F07F4304E04FF00000FDE804451F
:1097F000704712BA1BBA82FA4CF482EA0304A4FA44
:109800008CF5B5FA85F402FA04F203FA04F34FEA90
:109810001260FDE80445A0EB1360704780EA010286
:10982000844612F0030F4FD111F0030F32D14DF8DF
:10983000044D11F0040F51F8043B0BD0A3F1013299
:109840009A4312F0803F04BF4CF8043B51F8043BAC
:1098500016D100BF51F8044BA3F101329A4312F024
:10986000803FA4F101320BD14CF8043BA24312F02B
:10987000803F04BF51F8043B4CF8044BEAD0234628
:109880000CF8013B13F0FF0F4FEA3323F8D15DF8DA
:10989000044B704711F0010F06D011F8012B0CF8A2
:1098A000012B002A08BF704711F0020FBFD031F81A
:1098B000022B12F0FF0F16BF2CF8022B8CF80020A1
:1098C00012F47F4FB3D1704711F8012B0CF8012B24
:1098D000002AF9D1704700BF00000000000000001E
:1098E0000000000000000000000000000000000078
:1098F0000000000000000000000000000000000068
:1099000090F800F06DE9024520F007016FF0000CBF
:1099100010F0070491F820F040F049804FF0000467
:109920006FF00700D1E9002391F840F000F1080042
:1099300082FA4CF2A4FA8CF283FA4CF3A2FA8CF37A
:109940004BBBD1E9022382FA4CF200F10800A4FAE1
:109950008CF283FA4CF3A2FA8CF3E3B9D1E9042335
:1099600082FA4CF200F10800A4FA8CF283FA4CF36C
:10997000A2FA8CF37BB9D1E9062301F1200182FA26
:109980004CF200F10800A4FA8CF283FA4CF3A2FA2C
:109990008CF3002BC6D0002A04BF04301A4612BA3A
:1099A000B2FA82F2FDE8024500EBD2007047D1E93D
:1099B000002304F00305C4F100004FEAC50514F0CC
:1099C000040F91F840F00CFA05F562EA05021CBF9D
:1099D00063EA050362464FF00004A9E72DE9F0476A
:1099E000DFF87CA00646DAF8000098460F4691465C
:1099F000FFF7A2FD184B1C6824B365681F2D24DCFB
:109A00005EB96B1C0235DAF80000636044F825701B
:109A1000FFF794FD0020BDE8F08704EB85010123EA
:109A2000C1F88890D4F88821AB401A43022EC4F8BC
:109A30008821C1F80881E4D1D4F88C211A43C4F8F4
:109A40008C21DEE7054C1C60D7E7DAF80000FFF751
:109A500075FD4FF0FF30DEE7E8420020EC420020C9
:109A6000C80D0020F8B5244F0C460646FFF75EF8F7
:109A7000BB685D68C4F57E610F3125F003054B19A5
:109A800023F47F6323F00F03A3F58054B4F5805FC4
:109A900007DB00213046FFF7F9FCBB682B449842F6
:109AA00004D03046FFF748F80020F8BD6142304648
:109AB000FFF7ECFC01300DD0104ABB682D1B45F0C0
:109AC00001055D60136830461B1B1360FFF734F817
:109AD0000120F8BD00213046FFF7D8FCBA68831A90
:109AE0000F2BDEDD43F001035360054B03491B6878
:109AF000C01A0860D5E700BF400F0020884400204E
:109B000048130020002961D0F8B50C460646FFF73F
:109B10000DF854F8042C7B4FA4F1080522F0010144
:109B200005EB010CB868DCF80430604523F0030352
:109B300000F08B80D207CCF8043032D454F8082CD3
:109B4000AD1A1144AA6807F1080082426AD00CEBF2
:109B50000304D4F804E0EC68D4601EF0010FA260A6
:109B600000F0978041F001036B60CCF80010B1F574
:109B7000007F35D27868CB080122490901338A4039
:109B8000024357F833107A6007EBC302083AC5E97D
:109B9000021247F83350CD603046BDE8F840FEF77A
:109BA000CBBF0CEB03025268D00710D4194407F165
:109BB0000800DCF80830834273D0DCF80C20DA604F
:109BC000936041F001036B606950D0E7704741F04A
:109BD0000103B1F5007F44F8043CCCF80010C9D370
:109BE000B1F5206F4FEA512348D28B0903F13900B8
:109BF00003F13802C300F818FB580838984259D0CE
:109C00005A6822F003028A4202D99B689842F7D12F
:109C1000D868C5E902308560DD603046BDE8F840AF
:109C2000FEF78ABF0CEB03025268D20763D40B44E1
:109C3000DCE90212CA60916043F001026A603046BA
:109C4000EB50BDE8F840FEF777BF0B44D10707D4CF
:109C500054F8082CAD1A1344D5E90212CA60916079
:109C600043F001026A60284ABD6012689A4293D8A4
:109C7000264B30461968FFF7F5FE8DE7142B0AD9FD
:109C8000542B1FD80B0B03F16F0003F16E02C300BE
:109C9000B1E719448DE703F15C0003F15B02C300F7
:109CA000A9E741F00103C7E90455C5E902006B606B
:109CB000695071E779689210012404FA02F20A43AC
:109CC0007A60A6E7B3F5AA7F06D8CB0B03F178003C
:109CD00003F17702C3008EE740F25452934206D854
:109CE0008B0C03F17D0003F17C02C30083E74FF48A
:109CF0007E737E227FE741F001036B60CCF8001099
:109D00004AE700BF400F00204C130020B844002059
:109D100082B049B15AB16BB113780B601278101E42
:109D200018BF012002B0704701A9002AF3D11046E4
:109D300002B070476FF00100F4E700BF436C70B5EC
:109D400005460C464BB153F8240080B1026843F835
:109D500024200023C0E9033370BD2122042102F036
:109D600033FB034668640028EDD1002070BD01215B
:109D700001FA04F6721D9200284602F025FB002825
:109D8000F3D0C0E90146E4E731B1436C4A6853F8C7
:109D90002200086043F82210704700BF2DE9F0410F
:109DA0000E6980460F461D4601F1140E0020DEF8B4
:109DB00000108CB202FB0453090C4FEA134C02FB57
:109DC00001CC01309CB204EB0C4486424EF8044BAB
:109DD0004FEA1C45EBDC3DB1BB68B34207DD07EB46
:109DE000860301365D613E613846BDE8F0817968E1
:109DF00040460131FFF7A2FF0446B0B13A69023292
:109E000007F10C0192000C30FCF708F8D8F8443048
:109E10007A6853F82210396043F82270274607EB1E
:109E2000860301365D613E61DEE7034B034822464F
:109E3000BA2102F0A9FA00BF98050020AC05002065
:109E4000030C1B04D3B90004102310F07F4F04BF90
:109E50000002083310F0704F04BF0001043310F00B
:109E6000404F04BF80000233002805DB10F0804F14
:109E700003F1010308BF2023184670470023E4E7DD
:109E8000036813F0070208D0D9071FD49A0722D518
:109E90005B08036001221046704799B209B91B0C98
:109EA0001022D9B209B908321B0A190704BF1B09CD
:109EB0000432990704BF9B080232D90703D45B0818
:109EC00002F1010205D003601046704700221046DF
:109ED00070472022DFE79B0802220360104670478C
:109EE00038B5436C04460D464BB15868B0B10268B2
:109EF0005A6000220123C0E90435C26038BD212226
:109F0000042102F061FA034660640028EDD1094B98
:109F10000948002240F2451102F036FA1C220121C4
:109F2000204602F051FA0028F1D001220223C0E9B4
:109F30000123DEE798050020AC0500202DE9F04F55
:109F40000E691569AE4285B08846144605DB2A467F
:109F5000234635460C4616469846A3686168AF19F5
:109F6000BB42B8BF0131FFF7E9FE0190002800F0C5
:109F70008780019B03F1140909EB870AD14505D2BB
:109F80004B46002243F8042B9A45FBD808F11408ED
:109F900008EB860B04F11403D8451A4603EB85053C
:109FA0005FD22B1B153B23F0030304331534A5426A
:109FB00038BF0423CDE902A7AC461F46924605E010
:109FC000090C29D1C34509F1040948D958F8041BE3
:109FD0008DB2002DF4D056464C46002356F8041B93
:109FE00022681FFA81FE90B2090C05FB0E00120CCC
:109FF000034405FB012202EB13429BB243EA0243F6
:10A00000B44544F8043B4FEA1243E7D849F8073017
:10A0100058F8041C090CD5D0D9F8003050461A461F
:10A020004C4600260588120C01FB052216449BB203
:10A0300043EA064344F8043B50F8045B22682D0CC5
:10A0400093B201FB053303EB164384454FEA1346F5
:10A05000E8D8C34549F8073009F10409B6D8DDE965
:10A0600002A7002F02DC05E0013F03D05AF8043DAF
:10A07000002BF9D0019B18461F6105B0BDE8F08F99
:10A08000034B0448019A4FF4B17102F07DF900BF0F
:10A0900098050020AC05002012F003032DE9F041E3
:10A0A0001446064632D10D46A41020D0D6F8408082
:10A0B000B8F1000F33D0E3074FF0000707D4641066
:10A0C00015D0D8F80000A8B18046E307F7D542467E
:10A0D00029463046FFF732FFB5B16968736C6410EA
:10A0E00053F821202A6043F821500546E9D128463B
:10A0F000BDE8F081424641463046FFF71FFFC8F8F1
:10A10000000007608046E0E70546D8E7013B0F4ABC
:10A1100052F823200023FFF741FE0546C4E7012142
:10A120003046FFF70BFE804640B1012340F271221A
:10A13000C0E90432002330640360BCE7044B0548E7
:10A14000424640F2451102F01FF900BF980A002074
:10A1500098050020AC0500202DE9F0470D46144677
:10A160002F69AB68496807EB62177E1C9E428046E8
:10A170004FEA621904DD5B009E4201F10101FADC45
:10A180004046FFF7DBFD8446002852D0B9F1000FAE
:10A1900000F114020EDD09F105014FEA810E1346AC
:10A1A00000EB8101002043F8040B8B42FBD1AEF1A0
:10A1B00014031A44296905F1140314F01F0E03EB6C
:10A1C00081012ED0CEF1200910464FF0000A1C6804
:10A1D00004FA0EF444EA0A0440F8044B53F8044B22
:10A1E000994224FA09FAF2D84B1B153B23F00303DA
:10A1F000043305F11500814238BF0423BAF1000F82
:10A2000018BF374642F803A0D8F844306A68CCF843
:10A21000107053F822102960604643F82250BDE8C0
:10A22000F087043A53F8040B42F8040F9942F9D826
:10A23000EAE7034B034862464FF4EF7102F0A4F8DB
:10A2400098050020AC0500200B6984460069C01AFF
:10A2500016D10CF1140C14310CEB830210B401EB89
:10A26000830301E0944508D252F8044D53F8041DCD
:10A270008C42F7D005D24FF0FF305DF8044B7047A9
:10A28000704701205DF8044B704700BF2DE9F84F7F
:10A290000F691369FF1A002F0E4690467FD101F116
:10A2A0001405143202EB830205EB830301E09D42A7
:10A2B00078D253F8041D52F8044DA142F7D069D367
:10A2C0007168FFF73BFD8146002877D03569D8F8E3
:10A2D0001020C76008F1140E06F1140009F1140AE9
:10A2E00006F110010EEB820200EB850756464FF097
:10A2F000000C5EF8044B51F804BFA3B21CFA8BFCAF
:10A30000ACEB03034FEA144CCCEB1B4C0CEB234C93
:10A310009BB243EA0C43724546F8043B4FEA2C4C8F
:10A32000E7D8A2EB0801153908F11508424521F0DC
:10A33000030404F1040438BF0424204421F0030280
:10A3400038BF002287425244544418D92646014659
:10A3500051F8043B1CFA83FC4FEA2C4202EB1342F7
:10A360001FFA8CFC4CEA02438F4246F8043B4FEA4A
:10A37000224CEDD8013F3F1A27F00307E21923B919
:10A3800052F8043D013D002BFAD0C9F81050484660
:10A39000BDE8F88F334601274646984690E7F9DB3B
:10A3A00000278DE70021FFF7C9FC814668B1012233
:10A3B0000023C9E904234846BDE8F88F064B074847
:10A3C0004A4640F2452101F0DFFF034B03484A466D
:10A3D00040F2372101F0D8FF98050020AC0500209D
:10A3E0002DE9F043884683B0012157EC106B1546E8
:10A3F000FFF7A4FC0446002851D0C7F30A59C7F35D
:10A400001303B9F1000F01D043F48013002E019320
:10A4100018D101A8FFF734FD019A6261012200F111
:10A4200020032261B9F1000F25D0A9F2334909EBCD
:10A4300003022046C3F13503C8F800202B6003B0A7
:10A44000BDE8F08368460096FFF71AFD034610B397
:10A45000DDE90002C3F1200102FA01F10143DA4013
:10A4600061610192002AA26114BF022201222261CD
:10A47000B9F1000FD9D1A3F23243C8F8003004EB90
:10A4800082031869FFF7DCFCC0EB421320462B6007
:10A4900003B0BDE8F083009A6261019AE2E7034BE2
:10A4A0000348224640F20F3101F06EFF980500206C
:10A4B000AC05002049B1FF2A02D80A70012070477C
:10A4C0008A2303604FF0FF3070470846704700BF93
:10A4D0002DE9F04F2DED088BD1B00C460BEE101A84
:10A4E00090460893834601F0BBFE0368129318461A
:10A4F000FFF706FA20AF1090082200213846FEF739
:10A50000D9FEA3891B0603D52369002B00F05587CC
:10A5100000239FED838B9FED849BCDE92533CDE90F
:10A520001333CDE9153327AA0E9324929246119343
:10A5300004934446A1467E4BD3F8E450FEF762FFF5
:10A540004A4603461CA900975846A847002800F031
:10A55000B080C0F2A6801C9A252A034601D09944F7
:10A56000E9E7B9EB0405064640F0A78000234FF069
:10A57000FF328DF867309846069309F1010999F882
:10A58000003003922B25202609F10109A3F12002B6
:10A590005A2A00F2CF80DFE812F0E802CD00CD00A9
:10A5A000E302CD00CD00CD006A00CD00CD00050254
:10A5B0008402CD001002C902CD00BD025B005B0029
:10A5C0005B005B005B005B005B005B005B00CD0041
:10A5D000CD00CD00CD00CD00CD00CD005301CD008C
:10A5E00083011A02530153015301CD00CD00CD0068
:10A5F000CD001502CD00CD009602CD00CD00CD00DE
:10A60000AB01CD00AA02CD00CD00E306CD00CD0008
:10A61000CD00CD00CD00CD00CD00CD005301CD004B
:10A620008301DE015301530153017702DE017F00F4
:10A63000CD008902CD005F02E0062F027F00CD0031
:10A64000AB017C00B806CD00CD00BD06CD007C007E
:10A65000A3F13002002119F8013B01EB810102EB6B
:10A660004101A3F13002092AF5D906918EE7584637
:10A6700001F0F6FD436815931846FFF741F916906F
:10A68000584601F0EDFD83681393169B002B40F0B4
:10A690002D8699F8003077E799F8003048F02008C7
:10A6A00072E7082200213846FEF704FE0123994490
:10A6B00041E7B9EB0405064611D0269B2B442693AF
:10A6C000259B0133072BCAE9004525931CDC0AF1C1
:10A6D000080A049B2B440493002E7FF447AF269B6B
:10A6E000002B41F00B821BEE103AB3F90C3013F043
:10A6F000400F049B18BF4FF0FF330493049851B0F0
:10A70000BDEC088BBDE8F08F1BEE101A24AA58464A
:10A7100002F0E6FD0028E6D10DF19C0AD9E700BF62
:10A720000000000000000000FFFFFFFFFFFFEF7FC1
:10A73000D40D00200B93002BD1D00021CDE90C11BA
:10A740008DF8DC3001238DF8671002930791059393
:10A7500003910F9137AC18F00203099302D0029BCA
:10A760000233029318F084030A9305D1069B029AE0
:10A770009D1A002D00F36983269A89B125990DF160
:10A78000670001310132CAF8000007294FF00100CB
:10A7900026922591CAF8040000F3A2830AF1080A60
:10A7A000099B83B1259B1AA901330232CAF8001014
:10A7B000072B4FF0020126922593CAF8041000F3EC
:10A7C000A3830AF1080A0A9B802B00F06C82039B8A
:10A7D00005995D1A002D00F3A58218F4807F40F0E2
:10A7E0000D82059BCAF804301A44259BCAF8004024
:10A7F0000133072B2692259300F31B830AF1080AE5
:10A8000018F0040F05D0069B02995C1A002C00F387
:10A810008883049B069902988142ACBF5B181B1881
:10A820000493002A40F0B08200232593079B1BB1BC
:10A8300007995846FFF766F90DF19C0A4C4679E6F0
:10A840000B93089B073323F00703B3EC028BB0EEA6
:10A85000C87BB4EE497BF1EE10FA089340F3E9842B
:10A86000B5EEC08BF1EE10FA01F159809DF867103A
:10A87000AB4CAC4B28F080080B9A472AC8BF1C464B
:10A880000023CDE90C330322079302920592039330
:10A890000F9300293FF45FAF029B013302935AE705
:10A8A000432B0B9303D018F0100F00F05D85089D2B
:10A8B0000822002122A837ACFEF7FCFC22AB55F899
:10A8C000042B2146584602F0C5FC0346013305908F
:10A8D00001F0EE82059B089523EAE37302930021C1
:10A8E000CDE90C118DF86710079103910F9132E7B4
:10A8F0000B93089B1A4600238DF86730134653F8D4
:10A90000044B0893002C00F048850B9B532B00F060
:10A91000EC8618F010030C9340F0E786039B5D1C57
:10A9200001F0E5800C991A46204601F0A1FC079041
:10A93000002801F02883079B1A1B05920C9B0393A8
:10A9400022EAE2720F930D93079373239DF8671029
:10A9500002920B939DE718F0200F0B93089B3DD0BC
:10A96000073323F007031A4611465B6851F8082B9A
:10A9700008911946002BC0F20C84039B013300F0B0
:10A980009E8228F0800052EA0103029040F09982F2
:10A99000039B002B40F09A8280460023039305938B
:10A9A00050AC06E1089B53F8042B0692002A80F273
:10A9B0001984069A08935242069299F8003048F09A
:10A9C0000408E1E599F8003048F00808DCE548F0B3
:10A9D000100818F0200F0B93089BC1D118F0100F2E
:10A9E00040F00B8418F0400F00F0038433F9042B7F
:10A9F0000893D1170B46BDE7089B48F0020202926C
:10AA000053F8042B089347F63003ADF868307820EC
:10AA1000454B1193002102230B900020039C8DF8DD
:10AA20006700601C00F0AD80029820F0800852EAB8
:10AA3000010040F0A480002C40F0AE86002BACD189
:10AA4000029B13F00103059300F0D18330238DF8AE
:10AA50003F310DF23F14ACE018F0200F40F0D483EA
:10AA600018F0100F40F09F8618F0400F40F09787C5
:10AA700018F4007F00F09786089B049953F8042B84
:10AA8000089311704C4655E599F80030682B03BFC8
:10AA900099F8013048F4007809F1010948F04008BC
:10AAA00072E599F800308DF867506DE599F800303F
:10AAB0006C2B03BF99F8013048F0200809F1010917
:10AAC00048F0100860E50B9348F0100818F02001DA
:10AAD00000F05183089B073323F00703596853F8AC
:10AAE000082B089328F480630293002395E70B93C7
:10AAF00048F010030293029B13F0200100F0298319
:10AB0000089B073323F00703596853F8082B089371
:10AB1000012382E799F8003048F0800834E500BF4F
:10AB2000780700207C07002088070020494611F89C
:10AB3000013B2A2B01F04982A3F13002092A894600
:10AB400098BF002101F2448119F8013B01EB81011A
:10AB500002EB4101A3F13002092AF5D9039115E571
:10AB600099F8003048F001080EE59DF86730002B99
:10AB70007FF48FAD99F800308DF8676004E5CDF86B
:10AB80000880012B00F09D81022B50AC20D1119840
:10AB900002F00F031209C35C04F8013D42EA01729E
:10ABA000090952EA0103F3D150AB1B1BDDF8088001
:10ABB0000593059A03989DF8671082424FF00003B1
:10ABC000B8BF0246CDE90C33079302920F9360E6BB
:10ABD00002F00703D20842EA4172C908303352EA50
:10ABE0000105204604F8013DF2D1029AD10700F197
:10ABF0004D8250AB1B1B90460593DAE70B9B652BF0
:10AC000040F3D480B5EE408BF1EE10FA40F0C181F4
:10AC1000259BBA49CAF80010013301320121072BE4
:10AC200026922593CAF8041000F351850AF1080A08
:10AC30001B9B0E998B4280F2D082109B12991A4472
:10AC4000CAE90013259B26920133072B259300F3B5
:10AC500097830AF1080A0E9B5C1E002C7FF7D0AD8B
:10AC6000102C259B40F36E851BEE106A102505E025
:10AC70000AF1080A103C102C40F364850133A04906
:10AC80001032072BCAE90015CDE92532F0DD24AAE0
:10AC90003146584602F024FB00287ED1DDE92532FA
:10ACA0000DF19C0AE6E7069B02995D1A002D7FF7DD
:10ACB0008EAD102D259B21DD099410261BEE104A28
:10ACC00004E0103D102D0AF1080A16DD01338C490D
:10ACD0001032072BCAE90016CDE92532F1DD24AA8E
:10ACE000214658460DF19C0A02F0FAFA002854D188
:10ACF000103D102DDDE92532E8DC099C8049CAF8B9
:10AD0000045001332A44072BCDE92532CAF800103C
:10AD100000F32685039B05995D1A002D0AF1080AA8
:10AD20007FF75BAD102D259B1FDD514610261BEED6
:10AD300010AA04E0103D102D01F1080114DD0133CB
:10AD40006F481032072BC1E90006CDE92532F1DD4D
:10AD500024AA5146584602F0C3FAF0B9103D102D0E
:10AD6000DDE9253227A9EADC8A4601336449CAF8BD
:10AD700004502A44072BCDE92532CAF8001000F30D
:10AD8000DA810AF1080A28E51BEE101A24AA5846AF
:10AD900002F0A6FA00283FF447AD079B002B3FF4D2
:10ADA000A2AC07995846FEF7ADFE9CE40E9B012B22
:10ADB00040F37A81259BCAF800400133013201211A
:10ADC000072B26922593CAF8041000F3F8810AF1A4
:10ADD000080A1099129801330A44072BCAE90001A6
:10ADE000CDE9253200F3DD810AF1080AB5EE408B8A
:10ADF000F1EE10FA00F077810E9901330139013438
:10AE00000A44072BCAF800402593CAF8041026927A
:10AE100000F35B810AF1080A1499CAF8041001339F
:10AE20000A44072B1EA9CDE92532CAF800107FF786
:10AE3000E5AC1BEE101A24AA584602F051FA00287D
:10AE4000ABD1269A0DF19C0ADAE4102DDDE925122A
:10AE50002C4E24DD179410231BEE104A084604E004
:10AE6000103D102D0AF1080A17DD013010320728B5
:10AE7000CAE90063CDE92502F2DD24AA214658463D
:10AE80000DF19C0A02F02CFA002886D1103D102DFD
:10AE9000DDE925024FF01003E7DC179C0146013184
:10AEA0002A440729CDE92512CAF80060CAF80450DF
:10AEB00000F3BD839DF867100AF1080A5DE4CDF840
:10AEC00008800A2A71F1000380F0458330320123A3
:10AED000DDF808808DF83F2105930DF23F1468E6F8
:10AEE0001BEE101A24AA584602F0FAF900287FF443
:10AEF00054AF269A0DF19C0A52E400BFB807002017
:10AF0000200C0020C00700201BEE101A24AA58466F
:10AF100002F0E6F900287FF440AF269A0DF19C0A72
:10AF200051E4102C259BBE4E1FDD1BEE108A102510
:10AF300004E0103C102C0AF1080A16DD013310322F
:10AF4000072BCAE90065CDE92532F2DD24AA414686
:10AF500058460DF19C0A02F0C3F900287FF41DAF9A
:10AF6000103C102CDDE92532E8DC01332244072BAC
:10AF7000CAE90064CDE925327FF74BAC1BEE101A0D
:10AF800024AA584602F0ACF900287FF406AF269AAE
:10AF90003FE41B99002940F35A830C9E0E9B9E426E
:10AFA000A8BF1E46002E0BDD259B01333244072B24
:10AFB000CAE900462692259300F389860AF1080A19
:10AFC0000C9D002EA8BFAD1B002D00F303820C9B2F
:10AFD00018F4806F2344059340F01F821B9B0E9949
:10AFE0008B4203DB18F0010F00F0CF841099129808
:10AFF0000A44CAE9000125992692013107292591C1
:10B0000000F3A5860AF1080A0E996518CC1A059B6B
:10B01000ED1AA542A8BF2546002D0DDDCAF8003067
:10B02000259BCAF8045001332A44072B2692259306
:10B0300000F3BB860AF1080A002DA8BF641B002C90
:10B040007FF7DEAB102C259B40F37C831BEE106A50
:10B05000102505E00AF1080A103C102C40F3728319
:10B06000013370491032072BCAE90015CDE92532AA
:10B07000F0DD24AA3146584602F032F900287FF468
:10B080008CAEDDE925320DF19C0AE5E7302B3FF46B
:10B090008BAD3023023804F8013C50AB1B1ADDF8AD
:10B0A00008800593044684E518F0010F7FF482AE12
:10B0B000259BCAF80040013301320121072B26925B
:10B0C0002593CAF804107FF7A5AE1BEE101A24AA28
:10B0D000584602F005F900287FF45FAEDDE925321D
:10B0E0000DF19C0A98E60E994C1E002C7FF794AE49
:10B0F000102C40F361831BEE106A102505E00AF165
:10B10000080A103C102C40F3578301334549103294
:10B11000072BCAE90015CDE92532F0DD24AA314616
:10B12000584602F0DDF800287FF437AEDDE925321D
:10B130000DF19C0AE5E71BEE101A24AA584602F00E
:10B14000CFF800287FF429AE269A0DF19C0AFFF76C
:10B1500044BB029B13F0100340F0C180029A12F02E
:10B16000400200F07A83089850F8042B08901946A2
:10B1700092B2012351E418F0100355D118F04002A7
:10B1800000F05D83089850F8042B0890194692B29D
:10B19000A8E4524261EB4101CDF808802D20012343
:10B1A0003CE41BEE101A24AA584602F099F8002835
:10B1B0007FF4F3ADDDE925320DF19C0A16E61BEEB6
:10B1C000101A24AA584602F08BF800287FF4E5AD47
:10B1D000DDE925320DF19C0AFBE518F0010F3FF483
:10B1E0000FAB2AE5089399F80030FFF7CDB950ACC2
:10B1F000DFE418F4007F40F0DB8353F8042B08935E
:10B20000D1170B46FFF7B6BB089B049853F8041BF5
:10B210000893C217C1E900024C46FFF78BB900BF83
:10B22000C0070020200C0020089B53F8042B089333
:10B2300058E4B4EE488BF1EE10FA80F194860B9B43
:10B24000612B00F05285412B00F0C085039B013338
:10B250000B9B23F0200500F08084472D04D1039B35
:10B26000002B08BF0123039318EE903A002B48F4FB
:10B2700080724646C0F21886B0EE48AB0023904676
:10B28000099307930B9B413B252B00F29883DFE842
:10B2900013F06F0496039603960368046C049603F8
:10B2A00096039603960396039603960396039603D6
:10B2B00096039603960396039603960396039603C6
:10B2C00096039603960396039603960396039603B6
:10B2D0009603960396039603960368046C04089BF2
:10B2E00053F8042B08930123FFF797BB139B002B04
:10B2F0003FF4CFA9139B1B78002B3FF4CAA999F800
:10B30000003048F48068FFF73FB90B93CDF8088010
:10B31000FFF7F1BB0B939A4B119318F0200100F04B
:10B320000581089B073323F00703596853F8082B5E
:10B33000089318F0010F0AD052EA010307D00B9BC3
:10B340008DF86930302348F002088DF8683028F411
:10B35000806302930223FFF760BB0B93FFF7B6BB3A
:10B360000B93884B1193D8E7089B012153F8042BCA
:10B3700002918DF8DC200893059137ACFFF7AFBA46
:10B380001BEE101A24AA584601F0AAFF00287FF4E9
:10B3900004AD269A0DF19C0A5DE4039B0794062BED
:10B3A000224628BF062303942146CDE90C22764C81
:10B3B000029305930F92FFF76CBA40215846FDF7B0
:10B3C00005F920602061002800F00F8640236361AA
:10B3D000FFF79EB8102D259B40F35D825146102645
:10B3E0001BEE10AA04E00831103D102D40F35282EC
:10B3F000013366481032072BC1E90006CDE925323A
:10B40000F1DD24AA5146584601F06AFF00287FF476
:10B41000C4ACDDE9253227A9E6E70E9BCDF82490E0
:10B42000E31803930D9BCDF82880139E059DDDF84E
:10B430005890DDF83C800B941BEE101A5046002B00
:10B4400034D0B8F1000F35D10D9B013B013E0D9377
:10B45000159BC0E90039259B01334A44072B2692EE
:10B4600025936CDC0830039B96F800C05B1B63459A
:10B47000A8BF6346002B9A460CDD259C01341A4474
:10B48000072CC0E900532692259400F3778196F8A3
:10B4900000C00830BAF1000FACBFACEB0A04644640
:10B4A000002C0ADC65440D9B002BCAD1B8F1000FBB
:10B4B00000F0AC8308F1FF38CAE7102CDDF894C027
:10B4C00024DD05954FF0100A63460D4604E0103C5C
:10B4D000102C00F1080016DD01332C491032072B27
:10B4E000C0E9001ACDE92532F1DD24AA29465846E3
:10B4F00001F0F6FE00287FF450AC103C102CDDE982
:10B50000253227A8E8DC2946059D9C460CF101035D
:10B5100022444460072B1D4C0460CDE9253200F322
:10B52000C68396F800C008306544BCE718F01003E5
:10B5300000F0C280089B53F8042B0893F9E624AA74
:10B540005846059101F0CCFE00287FF426AC269ADF
:10B55000059927A887E70298CDF81CA050AC00F405
:10B56000806000250AEE10BA094BDDF84CA0CDF83A
:10B570001490A3464FF00508AC46044610E000BF07
:10B58000880700209C070020B0070020200C002026
:10B59000CDCCCCCC0A2A71F1000136D34A463146D3
:10B5A000501840F10000A3FB005626F0030505EB00
:10B5B0009605401B151A4FF0CC3661F1000E06FBC4
:10B5C00005F6A5FB039503FB0E6609F0010E2E445C
:10B5D000AEFB085E2D184FEA590930350BF8015CB7
:10B5E00049EAC6790CF1010C0BF1FF3B7608002CFF
:10B5F000D0D09AF800008445CCD1BCF1FF0FC9D05F
:10B600000A2A71F1000180F08F815C4650AB1B1B50
:10B61000DDF81490CDF84CA01AEE10BADDF81CA09D
:10B62000DDF80880CDF838C00593FFF7C2BA1BEEED
:10B63000101A24AA584601F053FE00287FF4ADAB3F
:10B640009DF86710269A0DF19C0AFFF796B8259B86
:10B65000BE48CAF80000013301320120072B2692B0
:10B660002593CAF8040000F377810AF1080A00293B
:10B6700040F0AF800E9908F001030B433FF4C0A8DF
:10B68000109B12991A44CAE90013259B2692013394
:10B69000072B259300F352820AF1080A0E99CAF883
:10B6A000004001330A44072BCDE92532CAF80410C3
:10B6B0007FF7A4A8FFF7BDBB18F0400200F0DD80C3
:10B6C000089850F8042B0890194692B231E61BEE08
:10B6D000101A24AA584601F003FE00287FF45DAB3F
:10B6E000269A0DF19C0AFFF7A3BA22AE0822002188
:10B6F00030461D94FDF7DEFD039B5A1C00F0DB80F5
:10B700000025CDF80890CDF81C809946A8460CE09D
:10B7100037A9584601F09EFD431C404400F0C88301
:10B72000484508DC00F0188480461D9A525933467B
:10B730000435002AECD1CDF81480DDF80890DDF84E
:10B740001C80C5E001338249CAF804402244072B1B
:10B75000CAF80010CDE925327FF750A8FFF769BB82
:10B760001BEE101A24AA584601F0BAFD00287FF4F7
:10B7700014AB269A0DF19C0AFFF729B824AA584663
:10B78000059101F0ADFD00287FF407AB96F800C0ED
:10B79000269A059927A87DE6012BCDF808807FF42D
:10B7A000F3A9FFF793BB089B049953F8042B4C466D
:10B7B00011600893FEF7BEBE01336549CAF8044024
:10B7C0002244072BCDE92532CAF800107FF722ABBF
:10B7D0007BE4109B12981A44CAE90003259B269229
:10B7E0000133072B259300F3A9810AF1080A0029E8
:10B7F000BFF654AF4D42103180F20F831BEE101A8A
:10B80000102605E00AF1080A103D102D40F30583CB
:10B8100001334F481032072BCAE90006CDE9253223
:10B82000F0DD24AA5846039101F05AFD00287FF468
:10B83000B4AADDE9253203990DF19C0AE4E7089BDF
:10B8400018F400711ABF114653F8042B53F8042B57
:10B85000089318BFD2B2FFF745B9029B13F40071E9
:10B86000089B1ABF114653F8042B53F8042B089376
:10B8700018BFD2B20123FFF7D0B8089B18F40071AB
:10B880001ABF114653F8042B53F8042B089318BF22
:10B89000D2B24EE58A4601332D49CAF804502A44F3
:10B8A000072BCDE92532CAF8001000F339810AF1DF
:10B8B000080AFFF78CBB0023194600961DAA5846BC
:10B8C00001F0EEFC03460133059000F0F1821D9477
:10B8D000059B002B4ED0632B00F3188100230793A8
:10B8E00037AC082200213046FDF7E4FC059D0096A8
:10B8F0002B461DAA2146584601F0D2FC854240F055
:10B900007C83059A0023A35422EAE272CDE90C332A
:10B910009DF86710039302920F93FEF7BABF2D2193
:10B920008DF86710FEF7A4BF169B1599ABEB030BC0
:10B930001A465846FDF710FD9AF80120054B0AB14A
:10B940000AF1010A4FF0000C28E600BFB8070020FA
:10B95000200C0020CDCCCCCC1BEE101A24AA5846CB
:10B9600001F0BEFC00287FF418AA1B99269A0DF15D
:10B970009C0A7CE6059B9DF867100F93CDE9023386
:10B98000CDE90C330793FEF784BF0E99059865182F
:10B990002D1ACC1AA542A8BF2546FFF74DBB089B20
:10B9A000049953F8042B089311804C46FEF7C2BD4E
:10B9B00013F9042B0893D1170B46FEF7DBBF039A4C
:10B9C000022122AB01931DAB009358461BABB0EE96
:10B9D0004A0B029200F0C8FD472D029A044600F07F
:10B9E0006181462D104405D12378302B00F06F8201
:10B9F0001B9A1044B5EE40ABF1EE10FA40F04681D0
:10BA000003461B1B0E93472D00F01081462D00F0BE
:10BA1000B5811B9B0C930C9B412D03F1FF331B93B2
:10BA200000F0E5819DF82C200021002BB8BF0C9B75
:10BA30008DF87820BABFC3F101032D222B22092BE8
:10BA40008DF8792040F3DA810DF18F05DFF81CC401
:10BA50002A4610468CFB0321DA17C2EBA10202EB47
:10BA60008201A3EB4101303100F8011C1946632922
:10BA7000134600F1FF32ECDC3033D9B2831E9D4215
:10BA800002F8011C40F28B8213460DF17A0201E0AC
:10BA900013F8011B02F8011B9D42F9D10DF191032E
:10BAA0000DF17A021B1A13441EAA9B1A14930E9BC3
:10BAB000149A012B1A44059240F30382059B109AB5
:10BAC0001344059326F48063059A43F48078002399
:10BAD000CDE90C3322EAE2720F930292099B002B0C
:10BAE00040F0B1809DF867100393FEF7D2BE204668
:10BAF000FDF706FF02460590FEF720BF1BEE101A69
:10BB000024AA584601F0ECFBFEF7EDBD591C58463F
:10BB1000FCF75CFD0446002800F0CA810790E0E6CF
:10BB20001BEE101A24AA584601F0DAFB00287FF415
:10BB300034A9269A0DF19C0AFFF749BA1BEE101A98
:10BB400024AA584601F0CCFB00287FF426A9DDE9A1
:10BB500025321B990DF19C0A49E606230393FFF752
:10BB600083BB039B02215A1C2BE7039A032128E77E
:10BB70001BA8B0EE4A0B00F0CBFBB4EE007B20EE2E
:10BB8000070BB5EE400BF1EE10FA01D101231B9328
:10BB9000B348039BB3EE005B013B224604E0B5EEE5
:10BBA000400BF1EE10FA13D020EE050BFDEEC07B3A
:10BBB000B3F1FF3F17EE901A415CB8EEE76B944685
:10BBC00030EE460B02F8011B194603F1FF33E6D1B4
:10BBD000B6EE006BB4EEC60BF1EE10FA00F348813E
:10BBE000B4EE460BF1EE10FA04D117EE903ADB07F3
:10BBF00000F13E81002906DB4B1C1344302102F882
:10BC0000011B9342FBD1131B0E93FCE60B9C0E9B76
:10BC1000DDF82490DDF828801396E3189D4229462C
:10BC200028BF194682460591FFF7D8B91B9B0C9394
:10BC3000DA1C02DB039A93420CDD0B9B023B0B9355
:10BC400023F02005E7E62D2100238DF867100393EC
:10BC5000FEF722BE0C9B0E9A9342C0F2BD80F00705
:10BC60000C9B40F13281109A13440593710503D562
:10BC70000C9B002B00F33581059B23EAE3730293B1
:10BC800067230B9300230F930D9327E7229B834297
:10BC9000BFF4B7AE30215A1C22921970229B9842F1
:10BCA000F9D8AEE6F30700F1A780229BA9E624AA03
:10BCB0005846059101F014FB00287FF46EA896F811
:10BCC00000C0269A059927A86544FFF7ECBB1BEE38
:10BCD000101A24AA584601F003FB00287FF45DA83F
:10BCE000269A0DF19C0AFFF76BB978238DF869301D
:10BCF00030238DF86830039B632B48F0020600F375
:10BD0000A6800023079337AC18EE903A002B48F436
:10BD100081782BDBB0EE48AB0B9B23F02005002392
:10BD200009930B9B612B7FF4ADAAB0EE4A0B1BA8C5
:10BD300000F0EEFAB4EE007B20EE070BB5EE400B00
:10BD4000F1EE10FA01D101231B93464821E71BEEC7
:10BD5000101A24AA584601F0C3FA00287FF41DA83F
:10BD60001B9B269A0DF19C0AFFF74EB90B9B23F003
:10BD700020052D230993B1EE48ABD2E71B9A0C9214
:10BD8000002A06F0010340F30D8103990B4340F0B4
:10BD9000CF800C9B059366230B93720500F1A38063
:10BDA000059B23EAE37302936CE71BEE101A24AAA7
:10BDB000584601F095FA00287EF4EFAF1B9C0E9BCD
:10BDC000269A1C1B0DF19C0AFFF736B958238DE704
:10BDD00000220392FEF7DABB0E9B109A9A180C9B76
:10BDE0000592002B40F3AB8067230B93D5E70B9AAA
:10BDF0000F32D2B2012118E6A018FBE5002940F06D
:10BE0000A88030228DF87A200DF17B02303302F8C1
:10BE1000013B1EABD31A149349E601331249CAF809
:10BE200004502A44072BCDE92532CAF800107FF7C9
:10BE300033AC1BEE101A24AA584601F051FA002820
:10BE40007EF4ABAFDDE925320DF19C0A26E4591CE6
:10BE50005846FCF7BBFB044650B3079054E700BFBD
:10BE60009C07002088070020200C0020676666667B
:10BE7000CDF888C012F8011C90F80FC06145134638
:10BE80000AD14FF0300E03F801EC229B591E22918B
:10BE900013F8011C8C45F6D0392916BF0131817A7F
:10BEA000C9B203F8011CAEE600239046079360E791
:10BEB0001BEE102AB2F90C3043F040039381FEF7D9
:10BEC00016BCF5077FF5FEADF8E50593CEE6B5EEB9
:10BED00040ABF1EE10FA3FF48BADC2F101021B92C0
:10BEE00087E567230B9313990B78FF2B79D00025F7
:10BEF0000C9A284603E001300131FF2B08D0934211
:10BF000006DAD21A4B78002BF5D10B780135F4E71D
:10BF10000C9213910D900F950F9A0D9B1699134447
:10BF2000059A01FB0323059323EAE3730293D5E506
:10BF3000109BD3181944662305910B932DE7C3F189
:10BF400001031A4422EAE2730293672305920B93DA
:10BF500098E60DF17A0259E7039BDDF80890DDF8C9
:10BF60001C800593B4E418EE903A002BB4BF2D2149
:10BF70009DF86710254C264BB8BF8DF8671028F048
:10BF80008008FEF779BC039B0293059373239DF809
:10BF9000671003900F900D900B93FEF77ABC02236D
:10BFA000149384E5039A134305D101236622029377
:10BFB0000B92059366E6109B01331A4422EAE27362
:10BFC0000293662305920B935CE6089A99F8013078
:10BFD000894652F8041B089241EAE1710391FEF789
:10BFE000D3BA00230F930D9396E70C23CBF80030C0
:10BFF0004FF0FF330493FEF781BB1BEE102A9389A9
:10C0000043F040039381FEF7C8BE00BF80070020C5
:10C010008407002070B500294BD006460C4610B1AD
:10C02000436B002B48D0636ED80734D5B4F90C307D
:10C03000002B3ED02146304600F050F8E36A05461A
:10C0400033B1E169304698470028B8BF4FF0FF355B
:10C05000A3891A063CD4216B41B104F140039942F3
:10C0600002D03046FDF74EFD00232363616C21B101
:10C070003046FDF747FD00236364FDF709F8636E62
:10C080000022DB07A2811FD5A06DFDF753FAFDF753
:10C0900005F8284670BDA3899905CBD4A06DFDF79E
:10C0A0004BFAB4F90C30002BC4D1656E15F00105C4
:10C0B00005D00025284670BDFCF7CCFFB3E7A06D86
:10C0C000FDF73CFA284670BDA06DFDF737FADBE7B7
:10C0D00021693046FDF716FDBDE700BFB1F90C2020
:10C0E0002DE9F0410C461107804647D4636842F4BD
:10C0F0000062002BA2815EDDA56A002D58D00023CE
:10C10000D8F80060C8F8003093B212F4805256D1CB
:10C110000123E1694046A847431C67D0A389A56A6B
:10C120005F0705D56368C01A236B0BB1E36BC01AB8
:10C13000E169024600234046A847411C41D1D8F896
:10C140000030002B3DD01D2B01D0162B56D1A389DA
:10C150002269226023F4006300216160A381216BC6
:10C16000C8F8006021B304F14003994202D0404670
:10C17000FDF7C8FC00202063BDE8F0812669BEB150
:10C1800093B2256826609A070CBF63690023AD1B34
:10C19000A3600BE02B463246E169676A4046B84728
:10C1A000B0F1000CA5EB0C05664417DD002DF1DCA9
:10C1B0000020BDE8F081E36B002B9DDCF8E7206DEB
:10C1C000AEE7B4F90C302269226023F40063A38146
:10C1D0000022DB046260C2D52065C0E7A38943F07A
:10C1E00040034FF0FF30A381BDE8F081D8F8003064
:10C1F000002B93D01D2B06D0162B04D0A38943F01F
:10C200004003A381D5E7C8F80060D1E738B50C46F4
:10C21000054608B1436B03B3B4F90C0088B1636EF3
:10C22000DB0701D481050FD528462146FFF756FFCD
:10C23000636EDA07054602D4A3899B0508D5284614
:10C2400038BD0546284638BDA06DFDF775F9EBE70A
:10C25000A06DFDF773F9284638BDFCF7FBFEDBE760
:10C2600000487047C40E00200000000000000000DD
:10C2700001F0FF01102A2BDB10F0070F08D010F897
:10C28000013B013A8B422DD010F0070F42B3F6D19B
:10C29000F0B441EA012141EA014122F007047FF0B4
:10C2A00000070023F0E80256083C85EA010586EA0B
:10C2B000010685FA47F5A3FA87F586FA47F6A5FA47
:10C2C00087F68EB9EED1F0BC01F0FF0102F0070253
:10C2D00032B110F8013B013A83EA010313B1F8D1FE
:10C2E0000020704701387047002D06BF35460338DF
:10C2F000073815F0010F07D1013015F4807F02BF18
:10C30000013015F4C03F0130F0BC0138704700BF68
:10C3100030B482B08DED000B019A194C22F000432D
:10C320000021A342016021DC009C1C431ED0154C5F
:10C33000144054B99FED107B20EE077B8DED007B00
:10C34000019A6FF0350122F0004322F0FF42DDE94F
:10C35000004522F4E00242F07F551B1545F400151C
:10C36000A3F2FE33CDE900450B4403609DED000BC5
:10C3700002B030BC704700BF000000000000504316
:10C38000FFFFEF7F0000F07F00B50B4C25681446DF
:10C39000EE681A4685B003460D464CB10749009534
:10C3A000CDE901143046064900F086FFF9F7F8FEA2
:10C3B00004490C46F3E700BF5C1300205805002039
:10C3C000680500206405002038B5A1FB02148CBB71
:10C3D000FCF7FCF80546E0B150F8042C22F003020B
:10C3E000043A242A17D8132A1AD91B2AC0E9004470
:10C3F0001DD9242A14BF00F1100200F118024FF0D9
:10C400000003C0E9024404BF04614461C2E900338F
:10C410009360284638BD2146FCF74CFF284638BDBE
:10C4200002460023C2E900339360284638BD00F17C
:10C430000802F6E7FDF752F80C2300250360E8E751
:10C440002DE9F04F03690C69A34283B0C0F28780E5
:10C45000013C01F11405A30000F11408009355F804
:10C46000243058F82420013381469A4208EB840096
:10C4700005EB84070190B2FBF3F63BD34FF0000CC1
:10C48000AE464046E24663465EF804BB02681FFAC9
:10C490008BFC06FB0C334FEA134C4FEA1B4B06FB9D
:10C4A0000BCC9BB2AAEB03031FFA8CFA13FA82F3AC
:10C4B000CAEB124202EB23429BB243EA02437745A6
:10C4C00040F8043B4FEA224A4FEA1C43DCD2009B6F
:10C4D00058F8033073B9019B043B984504D307E037
:10C4E000984504F1FF3403D253F80429002AF7D009
:10C4F000C9F810404846FDF7A7FE00282BDB01369F
:10C500004146002355F8040BD1F800C082B29A1AB4
:10C51000030C12FA8CF2C3EB1C4303EB224392B2DE
:10C5200042EA0342AF4241F8042B4FEA2343E9D2E7
:10C5300058F8242008EB84036AB9043B984504D3D7
:10C5400007E0984504F1FF3403D253F80429002A88
:10C55000F7D0C9F81040304603B0BDE8F08F002096
:10C5600003B0BDE8F08F00BF2DE9F04F2DED028B39
:10C570008FB08DED020B0191816B1A9D059357ECE5
:10C58000106B0446934641B1C26B4A60012393404D
:10C590008B60FDF7F9FB0023A363B7F10008B4BF7C
:10C5A000012300232B60BE4BBCBF28F00048CDF810
:10C5B0000C8033EA080300F09F809DED028BB5EEFE
:10C5C000408BF1EE10FA11D1059A012313601B9BE9
:10C5D000002B00F03F82B34B1B9A1360013B00938A
:10C5E00000980FB0BDEC028BBDE8F08F0CAA0DA92E
:10C5F0002046B0EE480BFDF7F3FE5FEA1853054600
:10C6000040F09280DDE90C130B4403F23242202A01
:10C6100040F3FA82C2F1400208FA02F803F2124231
:10C62000D64048EA060207EE102AB8EE477B581EAD
:10C6300017EE906A53EC172B4FF0010AA6F1F8732E
:10C640009FED913B9FED927B9FED935B06EE900AF1
:10C6500043EC122BB8EEE64BB7EE086B32EE466BAE
:10C66000A6EE037BA4EE057BFDEEC76BB5EEC07BAB
:10C67000F1EE10FA16EE907A08D5B8EEE66BB4EE4D
:10C68000476BF1EE10FA18BF07F1FF37162F00F2D3
:10C690004581854B03EBC70393ED007BB4EEC78B5D
:10C6A000F1EE10FA57D5091A0023B1F1010807F18C
:10C6B000FF370A9300F1398100230693002F52DAE5
:10C6C000069B0497DB1B06937B420893019B092B77
:10C6D0004FF000074ED8052B40F39D82043B019399
:10C6E0000026019B9A1E032A00F22581DFE812F042
:10C6F000AA03A7039D037E03059AC8F3130842F219
:10C700000F7358EA060813601ED11B9B002B00F024
:10C710009185664B009308331B9A009813600FB005
:10C72000BDEC028BBDE8F08F18EE906AC6F31306DD
:10C73000A3F2FF3053EC182B46F07F530C994FF0C7
:10C74000000A43F440137BE71B9B002B40F03B8324
:10C75000574B009344E7091A0023B1F101080A93EB
:10C7600000F1E380069300230893019B0497092BB3
:10C77000B844B0D900230126019307964FF0FF3942
:10C780009B460021E163CDF82C902046FDF7D6FAB8
:10C790000090002800F04085009BA363B9F10E0FC4
:10C7A00000F2DC80002E00F0D980049B002B40F3C7
:10C7B000DE833D4A03F00F0102EBC10292ED007BE4
:10C7C0001A11DB0540F182833A4991ED086B02F0C2
:10C7D0000F02032088EE065B5AB13649D60704D50E
:10C7E00091ED006B013027EE067B521001F108013C
:10C7F000F4D185EE076B0A9B3BB1B7EE007BB4EE3C
:10C80000C76BF1EE10FA00F1AE8407EE900AB8EEB5
:10C81000E75BB1EE0C7BA5EE067B17EE902A51ECA0
:10C82000170BA2F15071B9F1000F00F08883049E3C
:10C830004A46079B002B00F04784B6EE003B1A4B9C
:10C84000FDEEC64B03EBC20CB8EEE47B36EE477B45
:10C850001CED026B83EE065B41EC160B14EE900AA6
:10C8600035EE465B0099B4EEC75B3030F1EE10FA5E
:10C8700001F8010B00F3AC84B7EE002BB2EE044BD1
:10C880004FF0000C31E000BF61436F63A787D23FD8
:10C89000B3C8608B288AC63FFB799F501344D33FAF
:10C8A0000000F07FB9070020D80200200C0700200C
:10C8B00018070020B00200200CF1010C94454DDA5D
:10C8C00027EE047B25EE045BFDEEC76B16EE903A77
:10C8D000B8EEE63B303337EE437BB4EEC57BF1EE8A
:10C8E00010FA01F8013B00F1738432EE476BB4EEAD
:10C8F000C56BF1EE10FADFD5009A049602E08A4289
:10C9000000F05084894611F8013D392BF7D00133EE
:10C91000DBB20B70049B0133049355E1091A012328
:10C92000B1F101080A937FF5C7AEC1F10103069387
:10C930004FF00008C2E60026E66331462046FDF7C8
:10C94000FDF90090002800F06784009BA3634FF07E
:10C95000FF330B9399460123B34607930D9A002AA0
:10C9600055DB04990E2952DCB74BBBF1000F03EBEA
:10C97000C10393ED006B15DAB9F1000F12DC40F042
:10C98000F282B1EE047B26EE077BB4EEC78BF1EEAC
:10C9900010FACA464E4600F26D82DDF800806FEA5A
:10C9A0000B0B70E288EE067BBDEEC77B009917EE9D
:10C9B000103AB9F1010F03F13003B8EEC75B01F88B
:10C9C000013BA5EE468B00F03483B2EE044B01230D
:10C9D00011E088EE067BBDEEC77B013317EE102A0F
:10C9E0004B4502F13002B8EEC75B01F8012BA5EE12
:10C9F000468B00F01E8328EE048BB5EE408BF1EEE3
:10CA000010FAE6D1049B013304938946DCE0079BCE
:10CA100043B3019B012B40F37682089B09F1FF3A57
:10CA2000534580F23F82089BCDF820A0AAEB030279
:10CA300017444FF0000AB9F1000FC0F22583069B9E
:10CA400009934B44C844069301212046FDF748FA58
:10CA500006460CE07D4B009300980FB0BDEC028BB6
:10CA6000BDE8F08F069BDDF820A0079E0993099B87
:10CA70006BB1B8F1000F0ADD434506991A46A8BF0D
:10CA80004246891A9B1A06910993A8EB0208089B53
:10CA900063B1079B002B00F0A782BAF1000F00F3EF
:10CAA0000482089BB3EB0A0240F0FF82012120467A
:10CAB000FDF716FA002F824600F3AF80019B012B91
:10CAC00040F38781002308930120002F40F0B180BC
:10CAD000404410F01F0000F07A81C0F12002042AC7
:10CAE00000F3888040F0F681069B002B05DD294687
:10CAF0001A462046FDF730FB0546B8F1000F05DD6C
:10CB0000514642462046FDF727FB82460A9B002BF2
:10CB100040F03F81B9F1000F40F32581079B002BC6
:10CB200040F0A380049B01330493DDF800800127CB
:10CB300007E0294600230A222046FDF72FF9013796
:10CB4000054651462846FFF77BFCB94500F1300009
:10CB500008F8010BEDDCB9F1000F009ACCBFCB4611
:10CB60004FF0010B0346934400272946012220463B
:10CB70000193FDF7F1FA51460546FDF765FB0028E4
:10CB800040F3AF811BF8013C009A0BF1FF3B04E03E
:10CB90005A4500F0B1811BF8013D392B0BF1010919
:10CBA000F6D001338BF8003051462046FDF7ECF803
:10CBB00056B12FB1B74203D039462046FDF7E4F80D
:10CBC00031462046FDF7E0F829462046FDF7DCF81F
:10CBD000002389F80030DDE904231A601B9B002B39
:10CBE0003FF4FEAC0098C3F800900FB0BDEC028B90
:10CBF000BDE8F08FC0F11C00069B03440693099B1F
:10CC00000344099380446FE7C2F1200206FA02F25E
:10CC100007EE102A09E5012663E501463A4620465B
:10CC2000FDF73AFA019B012B824640F3C5810023B0
:10CC30000893DAF810200AEB82021069FDF700F978
:10CC4000C0F1200044E700BFD8020020B807002050
:10CC5000314600230A222046FDF7A0F80B9B002B4B
:10CC6000064640F3CE8204979946099B002B05DDCA
:10CC700031461A462046FDF76FFA0646089B002B00
:10CC800040F0EB81B046029B009F03F001027B1E47
:10CC90004B440893019B0A9213430993514628463B
:10CCA000FFF7CEFB314683462846FDF7CDFA4246D4
:10CCB000514681462046FDF7E9FAC26801460BF16C
:10CCC0003003002A42D1CDE906032846FDF7BCFA1D
:10CCD000069902902046FDF757F8029A079B1AB969
:10CCE0000999002900F07E82B9F1000FC0F283811A
:10CCF000019949EA01090A9951EA090900F07B8181
:10CD0000002A00F3C681089A3B7007F10109974297
:10CD1000CB4600F0C481294600230A222046FDF7B5
:10CD20003DF84645054631464FF000034FF00A02F4
:10CD3000204612D0FDF732F84146064600230A226B
:10CD40002046FDF72BF84F468046A7E72046029382
:10CD5000FDF71AF8029B0122C6E7FDF71FF84F46C0
:10CD6000064680469AE7019B022B71DC079B002B4D
:10CD70007FF47BAF049B5146013328460493FFF7B1
:10CD80005FFBDDF800B000F130030BF8013B00273A
:10CD9000EBE651462846FDF757FA0028BFF6BAAE33
:10CDA000294600230A222046FCF7F8FF049B5F1E59
:10CDB000079B0546002B7FF44BAF0B9B002B40F3EA
:10CDC00018829946B1E6BC4B00930333A4E41C20BF
:10CDD00012E7DDE9020100287FF474AEC1F313020B
:10CDE000002A00F0F480029B08936DE6012307936C
:10CDF000049B5B4403F10109B9F1010FCC460B938D
:10CE0000B8BF4FF0010C0021BCF1170FE1637FF7B1
:10CE1000BCAC01200422520002F114036345014618
:10CE200000F10100F7D9E163AFE401230793BBF1FF
:10CE3000000F52DDCDF82CB0D946DC46E3E70023E5
:10CE40000793D5E700230793F1E7DDF82C900497CB
:10CE5000B9F1000F7FF4A1AD51464B4605222046A3
:10CE6000FCF79CFF014682462846FDF7EDF90028B5
:10CE70007FF793AD049B03F1010B009B3122984691
:10CE800003F8012B009351462046FCF77DFF0BF180
:10CE90000103DDF800900493CDF80080002E7FF4AC
:10CEA0008FAE91E6A3EB0A0AC5E53146524620460D
:10CEB000FDF7F2F82A46014606462046FDF73EF801
:10CEC000294605462046FCF75FFFEAE50220B0EE62
:10CED000485B81E4C0F13C008EE64FF0010BD9467F
:10CEE0004FE403D1019BDB073FF54CAED9461BF85D
:10CEF000013D302BFAD057E6049B009A013304938E
:10CF00003123137050E6BAF1000F00F0238102F2D2
:10CF10003342069B09931344DDF820A00693904406
:10CF200092E507EE900AB1EE0C5BB8EEE77BA6EE59
:10CF3000075B15EE902A51EC150BA2F1507141ECF4
:10CF4000150BB1EE047B36EE477BB4EEC57BF1EEFC
:10CF500010FA00F33781B1EE455BB4EEC57BF1EE1C
:10CF600010FA7FF5FBAC4FF0000A564615E500F0CD
:10CF7000F580049B51495A4202F00F0001EBC001B9
:10CF800091ED006B121128EE066B00F04281B0EEBD
:10CF9000467B4B4900260220D30705D591ED005B67
:10CFA0000130012627EE057B521001F10801F3D173
:10CFB000002E06FE076B1EE4029B002B7FF437AEAB
:10CFC000DDE90201C1F31302002A40F037813D4A36
:10CFD0000A40002A00F0FA80069B013306930123E1
:10CFE00008F1010808936FE52946089A2046FDF7E5
:10CFF00053F805465AE5002A12DD2946012220464B
:10D000000193FDF7A9F851460546FDF71DF90028E3
:10D01000019B40F3E180392B00F0CA800BF1310312
:10D02000B94609F8013B049B013337460493464651
:10D03000BAE538EE088BB4EEC68BF1EE10FA0ADCD6
:10D04000B4EE468BF1EE10FA7FF4DCAC17EE103A3A
:10D05000D8077FF5D7AC009A54E471682046FCF7F6
:10D060006DFE0746002800F0DE80336902339A0027
:10D0700006F10C010C30F8F7D1FE394601222046AA
:10D08000FDF76AF88046FEE5069BA3EB09030993CA
:10D09000DAE4392B00F08C80B9460133C1E7049AF9
:10D0A00001323746049246465FE529462046FCF7A2
:10D0B000F3FF0546FAE400BF18070020D80200205D
:10D0C000B00200200000F07F5E4BFDEEC65B03EB7C
:10D0D000C20C1CED023BB8EEE57B36EE477B41EC23
:10D0E000160B15EE901A23EE063B00983031012AFC
:10D0F00000F8011B00F08380B2EE044B009B9918EE
:10D1000027EE047BFDEEC76B16EE903A303300F845
:10D11000013B8142B8EEE65B37EE457BF0D1B6EEDF
:10D12000006B33EE065BB4EEC75BF1EE10FA3FF531
:10D13000E3AB36EE436BB4EEC76BF1EE10FA7FF75C
:10D140000DAC8946013919F8013C302BF9D0731C1C
:10D15000049339E50C9AC2F13602DAE60220B0EE09
:10D16000486BFFF748BBB9F1000F3FF4DAAE0B9AFA
:10D17000002A7FF7F3ABB2EE044B26EE046B0130CE
:10D1800007EE900A049BB8EEE75BB1EE0C7BA6EECF
:10D19000057B17EE90CA51EC170B5E1EACF1507177
:10D1A000FFF747BB049B013304933123FFF7B1BB67
:10D1B000049BBB4601330493392337460BF8013BEC
:10D1C0004646E1E44FF0000A564653E608927BE4F7
:10D1D000731C04938946F7E47FF422AFDA077FF5E6
:10D1E0001FAF18E7392BE3D0B9F1000F3FF716AFA7
:10D1F00016E7019B022B3FF728AE0497BAE50146DC
:10D200008DE7019B022B3FF720AEDDF82C900497B1
:10D210002BE50220FFF7EFBA0B4B0C48002240F23F
:10D22000AF11FFF7B1F8084B08483A4640F2EF213A
:10D23000FFF7AAF8064B0093FFF7D2B9029B0893B9
:10D24000F7E400BFD8020020980500201C0700204A
:10D250000C07002070B5054684B05BB11C4669B16F
:10D260000E4B2846D3F8E0602346B047431C0FD04E
:10D2700004B070BD00F582740029F1D1074A23463D
:10D28000D2F8E06028460A4601A9B047431CEFD116
:10D2900000228A2322602B6004B070BDD40D0020D0
:10D2A00010B582B0049CCDE900344FF0FF3301F09B
:10D2B000C7FB02B010BD00BF0EB410B583B005AB04
:10D2C000064C53F8042B01930146206800F0C4F883
:10D2D00003B0BDE8104003B0704700BF5C130020EE
:10D2E0002DE9F04F9368176883B09246002B70D0F9
:10D2F00081468A6808680C46083743E0A38913F41E
:10D30000906F2ED0D4E90416A0EB010806EB460678
:10D3100006EBD67608F1010076102844B04232467A
:10D3200084BF064632465B0537D511464846FBF7B3
:10D330004DF9019000283AD042462169F8F76EFD78
:10D34000A289019B22F4906242F08002A281A6EBA6
:10D35000080203EB08006661A260236120602E468C
:10D36000A84642465946FBF729FFDAF80830A2687A
:10D370002068921B40445B1BA2602060CAF8083002
:10D380003BB3083757E902B5002DFAD0AA4216463A
:10D390009046B3D92E46A846E3E74846FBF7D2FBB2
:10D3A00003460028D3D121694846FCF7ABFBA3898B
:10D3B0000C2243F04003C9F800204FF0FF30A38156
:10D3C00000220023CAF80820CAF8043003B0BDE8E0
:10D3D000F08F00200023CAF8043003B0BDE8F08FBE
:10D3E0002DE9F84F4B6E9C0490462DD5936812683A
:10D3F00043B38B46064602F1080959E9025A5FEA2F
:10D400009A0715D0043D002401E0A7420ED055F83C
:10D41000041F5A46304601F05BFA431C04F1010434
:10D42000F3D10023C8E90133BDE8F88FD8F80830FC
:10D430002AF0030AA3EB0A03C8F8083009F1080927
:10D44000002BDAD10020ECE701F00CF80023C8E94A
:10D450000133BDE8F88F00BF2DE9F04F2DED028BB1
:10D46000C5B00DF1500A834608EE101A1646002189
:10D47000082250461C460793FBF71CFFBBF1000F28
:10D4800004D0DBF83430002B00F0A08618EE102A10
:10D49000536EDB0740F11385B2F90C108AB2950484
:10D4A0000BD418EE103A41F4005199815B6E8AB2A8
:10D4B00018EE101A23F400534B66100740F1058153
:10D4C00018EE103A1B69002B00F0FF8002F01A03DF
:10D4D0000A2B00F00A810023CDE91933CDE90D3381
:10D4E0001BAA0C93189291460B930593B0464446A1
:10D4F000A84BD3F8E450FBF785FF2246034612A958
:10D50000CDF800A05846A847002800F04581C0F299
:10D510003981129A252A034601D01C44E8E7B4EB6E
:10D520000806054640F03C81002361788DF84330C1
:10D5300004F1010806934FF0FF371E462B2408F133
:10D540000108A1F120035A2B00F27881DFE813F0E3
:10D55000B50276017601B0027601760176016A00A5
:10D56000760176017D028D027601880297027601AE
:10D5700092025B005B005B005B005B005B005B009A
:10D580005B005B007601760176017601760176011B
:10D590007601760176015C028400760176017601DF
:10D5A0007601760176017601760176017601E80052
:10D5B00076017601760133027601DA027601760190
:10D5C0008B0576017601760176017601760176018A
:10D5D0007601760176015C0286007601760176019D
:10D5E000CD0286007F007601C0027601FD02EA00CE
:10D5F000ED027F00760133027C0069057601760139
:10D600006B0576017C00A1F13003002218F8011BA4
:10D6100002EB820203EB4202A1F13003092BF5D9A0
:10D6200006928EE75846FEF71BFE43680D93184698
:10D63000FCF766F90E9005465846FEF711FE836822
:10D640000B93002D40F0D68498F8001077E798F8F7
:10D65000001046F0200672E746F01006B40640F1CE
:10D660008E81079B073323F007031A46596852F847
:10D67000083B07920A460029C0F27084791C00F02A
:10D68000A28526F08001039153EA020100F03F8455
:10D690000A2B72F1000180F0418530338DF80F3193
:10D6A000039E012304930DF20F14049BBB42B8BFE9
:10D6B0003B460393002308939DF84330002B00F072
:10D6C000CB80039B01330393C6E018EE101A584633
:10D6D00018EE105A01F040F8002840F05286AA894E
:10D6E00002F01A030A2B7FF4F6AE18EE101AB1F905
:10D6F0000E30002BFFF6EFAE4B6EDB0702D4970522
:10D7000040F1128618EE101A23463246584600F0B1
:10D7100069FE0590059845B0BDEC028BBDE8F08F21
:10D7200046F0100616F0200200F03681079B073302
:10D7300023F0070319465A6851F8083B079126F46D
:10D7400080610391002100208DF84300781C00F0D7
:10D750001082039820F0800653EA020040F008820D
:10D76000002F40F03885002940F0D583039B13F04B
:10D770000103049300F0118430238DF80F310DF272
:10D780000F1492E7082200215046FBF793FD012376
:10D790001C44ADE6D40D0020B4EB080605461BD0B2
:10D7A000199B1A9A01333244072BC9E900861A9251
:10D7B00019931CDD002A00F0A68318EE101A18AA8F
:10D7C0005846FFF70DFE20BB0DF16C09059B334455
:10D7D0000593002D7FF4A8AE1A9B002B40F0C18565
:10D7E00018EE103A0022B3F90C30199215E009F145
:10D7F0000809EBE718EE101A18AA5846FFF7F0FDD3
:10D80000002800F0A680089B1BB108995846FCF739
:10D8100079F918EE103AB3F90C3018EE102A526E5E
:10D8200012F0010F9AB200F0A080500600F1B2850C
:10D83000059845B0BDEC028BBDE8F08F0029CBD038
:10D8400000238DF843300123CDE903338DF8AC106C
:10D850002BAC002308931F4616F00203099302D055
:10D86000039B0233039316F084030A9305D1069BAE
:10D87000039A9D1A002D00F37B82DDE91903411CF8
:10D880009DF8432082B101220133C9F80420072901
:10D890000DF14302CDE91913C9F8002000F34A82C3
:10D8A000084609F108090131099AE2B111AA0233C7
:10D8B000C9F8002007294FF00202CDE91913C9F871
:10D8C000042040F35082002B00F0438318EE101A1E
:10D8D00018AA5846FFF784FD002894D1DDE9190302
:10D8E0000DF16C09411C0A9A802A00F08481049A87
:10D8F000BD1A002D00F3D781049AC9F800401344E3
:10D900000729CDE91913C9F8042040F36E81002BD3
:10D9100000F0758218EE101A18AA5846FFF760FD3D
:10D9200000287FF470AF1A9B0DF16C09750705D5BF
:10D93000069A0399541A002C00F36B82DDE9052145
:10D9400003988142ACBF521812180592002B7FF445
:10D9500051AF089900231993002900F049815846D6
:10D96000FCF7D0F80DF16C09C1E59C053FF55DAF02
:10D9700018EE104AA06DFBF7E1FDA28955E7F0060D
:10D98000079A00F11F83710640F1198332F9043BB5
:10D990000792DA1711466EE616F01003079940F069
:10D9A000098316F0400000F001831A4651F8043B49
:10D9B00007919BB2C3E6079B1A4600238DF84330BC
:10D9C000134653F8044B0393002C00F012845329A0
:10D9D00000F0658316F0100540F061837B1C00F0B9
:10D9E000B3843A4629462046FEF742FC08900028B8
:10D9F00000F09F84031B039A049323EAE3732F46EA
:10DA000007920393089557E6432902D0F50640F1A3
:10DA10002D83079D0822002116A82BACFBF74AFC9A
:10DA200016AB55F8042B21465846FFF713FC034666
:10DA30000133049000F0B384049B079523EAE37359
:10DA4000039300238DF8433003E7079B53F8042B1F
:10DA50000692002A80F29C82069A5242CDE9062361
:10DA600098F8001046F0040669E598F800108DF863
:10DA7000434064E598F8001046F080065FE54246B2
:10DA800012F8011B2A2900F09684A1F13003092B1A
:10DA900090464FF000073FF654AD18F8011B07EB16
:10DAA000870703EB4707A1F13003092BF5D948E5B8
:10DAB00098F8001046F0010641E59DF84330002B30
:10DAC0007FF4C2AD202398F800108DF8433036E57E
:10DAD00098F800106C2903BF98F8011046F0200652
:10DAE00008F1010846F0100629E598F800106829A9
:10DAF00003BF98F8011046F4007608F1010846F0DB
:10DB000040061CE546F010030393039B13F020022C
:10DB100000F00682079B073323F0070319465A6873
:10DB200051F8083B079101210DE6079A46F00203E0
:10DB3000039352F8043B079247F63002ADF84420B5
:10DB4000B84A0C9202210022FDE5B70600F1488296
:10DB5000F50600F14683740600F1D583B00540F167
:10DB60004083079B059953F8042B07931170BEE47B
:10DB7000039601293FF48CAD022944AC11D10C98D5
:10DB800003F00F011B09415C04F8011D43EA027315
:10DB9000120953EA0201F3D1039E44AB1B1B049309
:10DBA00083E503F00701DB0843EA4273D208303112
:10DBB00053EA0205204604F8011DF2D1039EF30743
:10DBC000EBD53029E8D03023023804F8013C44ABCF
:10DBD0001B1A039E0493044667E5049B1B940122D1
:10DBE0001C931A9319920DF16C0909F108099DE62D
:10DBF0000DF16C097BE4069A039D551B002D7FF700
:10DC000076AE102D40F3BB83099418EE104A07E05E
:10DC100000F1020C09F108091046103D102D1EDD1F
:10DC20008149C9F80010421C10331021072ACDE9A0
:10DC30001923C9F80410EBDD18AA002B74D0214673
:10DC400058460DF16C09FFF7CBFB00287FF4DBADE4
:10DC5000DDE91903103D102D00F1010CE0DC099CF9
:10DC6000714AC9F804502B44BCF1070FCDE919C320
:10DC7000C9F8002040F39481002B00F01F8318EEB8
:10DC8000101A18AA5846FFF7ABFB00287FF4BBAD6B
:10DC9000049ADDE91903BD1A002D00F101010DF10F
:10DCA0006C097FF729AE102D29DD0994102718EE95
:10DCB000104A07E000F1020C09F108091046103D76
:10DCC000102D1ADD421C58491033072AC9E90017E4
:10DCD000CDE91923EEDD18AA03B3214658460DF10C
:10DCE0006C09FFF77DFB00287FF48DADDDE919039A
:10DCF000103D102D00F1010CE4DC099C61464A4AFC
:10DD0000C9F804502B440729CDE91913C9F800209C
:10DD100000F3E78009F108090131EDE54FF0010C4E
:10DD200018460DF16C09CAE74FF0010C18460DF1C9
:10DD30006C0972E7002B00F0048118EE101A18AA83
:10DD40005846FFF74DFB00287FF45DADDDE9190370
:10DD50000DF16C09411CA7E5022311AA1C931B922B
:10DD600001210DF16C09084609F10809411CBAE5C9
:10DD7000102D40F3E582DDE919130F94084618EEE3
:10DD8000104A07E000F1020C09F108091046103DA5
:10DD9000102D1DDD2549C9F80010421C103310213B
:10DDA000072ACDE91923C9F80410EBDD18AA03B33B
:10DDB000214658460DF16C09FFF712FB00287FF44D
:10DDC00022ADDDE91903103D102D00F1010CE1DC5D
:10DDD0000F9C6046154AC9F804502B440728CDE92A
:10DDE0001903C9F8002000F3C18009F10809411C9A
:10DDF00046E518464FF0010C0DF16C09C7E77607B0
:10DE0000199353D5069A0399541A002C4EDD0DF13F
:10DE10006C09102C40F3B082199918EE106A102585
:10DE20000DE000BF88070020300C0020D007002044
:10DE3000881C09F108091146103C102C1ADD4A1CF7
:10DE4000B3481033072AC9E90005CDE91923EFDDEE
:10DE500018AA33B331465846FFF7C2FA00287FF4B8
:10DE6000D2ACDDE91913103C102C01F101000DF1C9
:10DE70006C09E4DCA64AC9F8044023440728CDE92C
:10DE80001903C9F800207FF759AD7BB118EE101ABD
:10DE900018AA5846FFF7A4FA00287FF4B4AC1A9BDE
:10DEA0004CE5012019460DF16C09C5E7DDE90532A5
:10DEB00003998A42ACBF9B185B18059349E5B2F9F8
:10DEC0000C108F0518EE103A8AB23FF5E8AA18EE4A
:10DED000105A986DFBF730FBB5F90C108AB2FFF7BA
:10DEE000DEBA002B3FF479AE18EE101A18AA584685
:10DEF000FFF776FA00287FF486AC19991A9B013156
:10DF00000DF16C09F8E419920DF16C095EE4002F33
:10DF10007FF4C3AB039E0027049744ACFFF7C5BB57
:10DF2000039B13F0100354D1039A12F0400000F049
:10DF30006B8107991A4651F8043B07919BB2012166
:10DF400001E4099A002A64D1184601210DF16C09F7
:10DF5000C9E4012118460DF16C09C4E45B4262EB8F
:10DF6000420203962D200121FFF7EEBB002B00F0AB
:10DF7000888018EE101A18AA5846FFF731FA0028C0
:10DF80007FF441ACDDE919030DF16C09411C77E424
:10DF900098F800100793FFF7D2BA44ACFFF785BB9F
:10DFA00009F108090CF101016046A0E416F40072C1
:10DFB00040F0978151F8043B0791FFF7C0BBB305D0
:10DFC00000F1888152F8043B0792DA171146FFF7F7
:10DFD00052BB079951F8043B07910121FFF7B3BBEE
:10DFE000079B059853F8041B0793C217C1E9000269
:10DFF000FFF77DBA0B9B002B3FF426AB0B9B1B78E6
:10E00000002B3FF421AB98F8001046F48066FFF730
:10E0100096BA022311AA1C931B9201200DF16C09E0
:10E02000A2E6039671E53B4B0C9316F0200259D003
:10E03000079B073323F0070318465A6850F8083B3C
:10E040000790F40709D553EA020006D08DF8451071
:10E05000302146F002068DF8441026F480610391C9
:10E060000221FFF770BB2C4B0C93DEE7079B0121CD
:10E0700053F8042B03918DF8AC20079304912BAC3B
:10E08000DFE49DF84320002A40F03281099A002AFB
:10E090007FF462AE184601210DF16C0927E40021DE
:10E0A000082216A81394FBF705F9791C00F0BC8030
:10E0B000002507942C460CE02BA95846FFF7CAF818
:10E0C000421C204400F06B81B84208DC00F07081F3
:10E0D0000446139A525916AB0435002AECD1049425
:10E0E000079CAFE016F0100307980CD116F040041F
:10E0F00005D01A4650F8043B07909BB2A1E716F4EE
:10E10000007240F0E18050F8043B079099E700BFAF
:10E11000D0070020880700209C070020039904975F
:10E1200044AC9E4608EE90BA01F480664FF0000CB5
:10E13000234606E0BEF10A0F72F1000239D3A6466B
:10E140002A46A6491EEB020040F100000F46A1FB43
:10E15000001424F0030101EB9401401ABEEB00010E
:10E160004FF0CC3562F1000405FB01F507FB0455C7
:10E17000A1FB07410D44052704F00101A1FB071B8A
:10E1800009186408303103F8011C44EAC5740CF125
:10E19000010C013B6D08002ECCD00B99097861452C
:10E1A000C8D1BCF1FF0FC5D0BEF10A0F72F1000259
:10E1B0006CD21C4644AB1B1B049F039E049318EEB9
:10E1C00090BAFFF772BA0396FFF762BA5846FAF7A9
:10E1D00041FFFFF75BB9012903967FF4CDACFFF750
:10E1E0005CBA079B059953F8042B11600793FFF75E
:10E1F0007EB9062F3B46039A794C079228BF062327
:10E2000004930393FFF725BB039B079913F4007254
:10E2100014BF51F8043B51F8043B07911CBF024660
:10E22000DBB20121FFF78FBA16AB0093002319462A
:10E2300013AA5846FFF734F803460133049000F060
:10E24000AE801394049B002B30D0632B63DC00233F
:10E2500008932BAC0822002116A8FBF72BF8049D8D
:10E2600016AB009313AA2B4621465846FFF718F821
:10E27000854240F0AB80039B049A07930023A3548C
:10E280001F4622EAE2730393FFF716BA0E9A0D991E
:10E290009B1A18460893FBF75FF80B99089B4A787E
:10E2A0000AB101310B914FF0000C48E7039B079333
:10E2B000049B03931F460893FFF7FEB901211846FC
:10E2C0000DF16C09FFF713BB50F8043B0790224691
:10E2D000DBB2B6E612F9043B0792DA171146FFF7F4
:10E2E000CAB951F8043B07910246DBB2FFF727BADF
:10E2F00001231C9301210DF143031B930DF16C09C4
:10E300000B46FFF7CDBA079B059953F8042B0793EB
:10E310001180FFF7ECB8591C5846FAF757F9044634
:10E3200000283CD0089095E7886DFBF707F9FFF7C8
:10E33000E9B9039B0793CDE90377089FFFF7BCB9C1
:10E3400019981A9B013045E5039B07932046FBF77C
:10E35000D7FA20EAE0732F46049003930895FFF75D
:10E36000ABB918EE101A18AA5846FFF739F800286A
:10E370003FF436AAFFF74DBA199801307AE58C467A
:10E380006EE46B6ED90705D4AB899A0502D4A86DEB
:10E39000FBF7D4F84FF0FF330593FFF749BA18EEB7
:10E3A000102AB2F90C3043F040039381FFF735BADD
:10E3B000079C049746E7079B98F8011053F8047BE5
:10E3C0000793904647EAE777FFF7B9B818EE102AA7
:10E3D000938943F040039381FFF715BACDCCCCCCA1
:10E3E000B007002070B50C468989ADF58E6D21F01F
:10E3F0000201ADF81410616E1B91E189ADF81610A1
:10E40000E1690991616A0B911CA9029106914FF48F
:10E41000806106460491079118A80021CDE90032D9
:10E420000891FBF785F8DDE9003202A93046FFF7D5
:10E4300013F8051E07DB02A93046FDF7E7FE0028AA
:10E4400018BF4FF0FF35BDF814305B0603D5A38924
:10E4500043F04003A3811898FBF76CF828460DF5AC
:10E460008E6D70BD9368002B00F085802DE9F04F14
:10E47000B1F90C300C461907804683B0174698B2A4
:10E4800025D523691BB310F002033D682DD04FF052
:10E49000000ADFF8C0B25646B9465E4533465246DA
:10E4A00028BF5B464046002E52D0E169676AB847F4
:10E4B000002856DDD9F808301B1A8244361AC9F8EC
:10E4C0000830002BE9D1002003B0BDE8F08F2146D1
:10E4D000404600F041F9002840F03881B4F90C3092
:10E4E0003D6898B210F00203D1D110F0010944D177
:10E4F0004E46009746B38205D4F808B040F18580B7
:10E50000B3455A4600F2B48010F4906F40F0C180D9
:10E51000206801924946FAF751FEA368019AA3EBDD
:10E520000B012368A1601344B24623600026009AC1
:10E530009368A3EB0A03D1449360002BC3D0B4F9D2
:10E540000C0080B2002ED6D1D5E900960835D1E76F
:10E55000D5E900A60835A0E721464046FDF756FE5E
:10E5600088B3B4F90C3043F040034FF0FF30A3817F
:10E5700003B0BDE8F08F002070471E46BA469946AA
:10E58000184600951F4666B3002832D04A46D4E9A3
:10E5900004132068A568B24228BF3246884204D9D5
:10E5A00005EB030B5A4500F3A780934264DCE16955
:10E5B000656A3A464046A847B0F1000BD1DDB9EB99
:10E5C0000B09C9D00120DAF80830A3EB0B035F4434
:10E5D000A6EB0B06CAF80830002B3FF474AF002EF0
:10E5E000D2D1009A5668134608320092002EF8D015
:10E5F0001F6832460A213846FDF73AFE002800F02F
:10E600009C800130A0EB0709C0E72068236998428D
:10E6100016D86269B24213D86FF00043B34228BFE4
:10E620003346E16993FBF2F3676A02FB03F340466A
:10E630004A46B847B0F1000A93DDA6EB0A0676E732
:10E64000B345DA4628BFB24652464946FAF7B6FD08
:10E65000A3682268A3EB0A035244A3602260002B44
:10E66000EBD121464046FDF7D1FD0028E5D078E703
:10E670002068B34632464CE739460192FAF79EFDD0
:10E68000019AA3689B1AA3602368134423609346EE
:10E6900095E723682169A3EB010B636903EB430A48
:10E6A0000AEBDA7A0BF101034FEA6A0A3344534565
:10E6B000524684BF9A46524643052CD511464046E1
:10E6C000F9F784FF00283BD05A4621690190F7F7FB
:10E6D000A5FBA289019B22F4906242F08002A281F4
:10E6E00003EB0B002361AAEB0B03C4F814A0A36097
:10E6F0002060B34632460CE739465A46FAF75EFDCB
:10E7000023685B44236021464046FDF77FFD0028D7
:10E710003FF455AF25E74046FAF714FA03460028C0
:10E72000DED121694046FBF7EDF9B4F90C300C223B
:10E7300023F08003C8F8002015E7721C914626E7F5
:10E740000C22B4F90C30C8F800200CE74FF0FF3071
:10E75000BAE600BF00FCFF7F38B5314B1B680546A9
:10E760000C4613B15A6B002A4ED0B4F90C3018077E
:10E770009AB21CD5216929B312F0010007D00020FC
:10E78000A06060694042A06139B1002038BD9507A2
:10E7900058BF6069A0600029F7D1120658BF08462B
:10E7A000F4D543F04003A3814FF0FF3038BDD106CC
:10E7B0002ED5520714D4216943F00803A3819AB2DD
:10E7C0000029D9D102F42070B0F5007FD4D02146C1
:10E7D000284600F047F9B4F90C3021699AB2CBE72A
:10E7E000216B51B104F14002914204D02846FBF75D
:10E7F00089F9B4F90C300022226321690022C4E9AE
:10E80000001223F02403D7E71846FAF723FCACE7FD
:10E81000092243F040032A604FF0FF30A38138BD46
:10E820005C1300202DE9F04782B0824688461446EA
:10E83000FAF7E8FD012803D108F1FF33FE2B36D9A2
:10E840000DF10409424604F15C0349465046FEF7C7
:10E8500001FD421C064632D020B39DF804C00025BD
:10E8600009E023685A1C226083F800C00135B542D4
:10E8700018D219F801CFA368013B002BA360F0DA8E
:10E88000A769BB4261462246504602DBBCF10A0F33
:10E89000E7D100F053F9431CE8D10646304602B0F8
:10E8A000BDE8F0874646304602B0BDE8F0875FFA23
:10E8B00088FC8DF804C006460DF10409CFE7A38952
:10E8C000304643F04003A38102B0BDE8F08700BFAB
:10E8D00030B5536E13F0010FB2F90C30144683B00B
:10E8E00005469AB201D198051CD5900406D4626EF3
:10E8F00043F4005342F40052A38162662246284644
:10E90000FFF790FF636EDA07054602D4A3899B05E3
:10E9100002D5284603B030BDA06DFAF70FFE284699
:10E9200003B030BDA06D0191FAF706FEB4F90C30CA
:10E9300001999AB2D9E700BF2DE9F04F8BB0DDE91C
:10E94000158A149F0391814605921E46B8F1000F67
:10E950005CD0039B002B5ED0059B1D68002F6AD006
:10E96000741E4EB3039B0493043D002601950BE0F7
:10E97000039B2BBB019B1A68002A3AD0BC455CD292
:10E98000013C631C664617D0D8F800300293019B07
:10E99000DAF8E05053F8042F019307A9434648469C
:10E9A000D8F804B0A847421C3AD000EB060CBC458E
:10E9B000DED9029BC8E9003B30460BB0BDE8F08FC2
:10E9C00000280EDD049B019D18445A1E07A900F182
:10E9D000FF3E11F8013B02F8013F7245F9D1019564
:10E9E0000490059B1A6804321A60019B1A68002A79
:10E9F000C4D1039B0BB1059B1A600CF1FF360022BA
:10EA00003046C8F800200BB0BDE8F08F039B00F53E
:10EA10008678002BA0D1059B4FF0FF371D689FE73C
:10EA200006468A2100223046C9F80010C8F80020A6
:10EA30000BB0BDE8F08F3E46BEE76646BCE700BFC0
:10EA400010B584B0054C06980090079801900448D2
:10EA500000680294FFF770FF04B010BDD40D0020D1
:10EA60005C1300202DE9F0418B890C46990796B084
:10EA700008D504F143030122C4E90432236016B02F
:10EA8000BDE8F081B4F90E100029064625DB6A4680
:10EA900000F0ACF800281FDB019D05F47045A5F5DA
:10EAA0000055B5FA85F54FF480686D094FF400679D
:10EAB00041463046F9F78AFDE0B1B4F90C30C4F8AC
:10EAC000148043F0800320602061A38135BB3B4369
:10EAD000A38116B0BDE8F081A38913F0800519D099
:10EAE0004FF040080025414630462F46F9F76EFDAD
:10EAF0000028E2D1B4F90C309A05C0D423F0030306
:10EB000004F1430243F002030121C4E90421A3817B
:10EB10002260B4E74FF480682F46C9E7B4F90E10BD
:10EB2000304600F079F810B9B4F90C30CFE7A3897A
:10EB300023F0030343F001031BB2C8E7F8B50D4609
:10EB40001446064610B1436B002B4CD0B4F90C2090
:10EB5000A369A360170790B21BD52369CBB1EDB2AF
:10EB600081042F4622D522686169D31A994229DD92
:10EB70000133A1680139A160511C216015706269DF
:10EB80009A4227D0A389DB0701D50A2D22D0384627
:10EB9000F8BD21463046FFF7DFFD08BBB4F90C2075
:10EBA000236990B2EDB281042F46DCD442F40052C6
:10EBB000A281626E616922F4005262662268D31AF1
:10EBC0009942D5DC21463046FDF720FB40B922684A
:10EBD0000123CEE721463046FDF718FB0028D6D0AA
:10EBE0004FF0FF37D3E7FAF735FAAFE770B50C46C9
:10EBF000084D03460026204611461C462E60F7F7B6
:10EC0000C3FA431C00D070BD2B68002BFBD02360DF
:10EC100070BD00BF0448002038B5074D00220446EF
:10EC200008462A60F7F7B6FA431C00D038BD2B68B7
:10EC3000002BFBD0236038BD0448002000000000FA
:10EC40005FF800F0AD1A00605FF800F0051A006090
:04EC5000F8B500BF54
:08EC5400D08BFF7F01000000DE
:10EC5C0000000000000000000000000000000000A8
:10EC6C000000000000000000000000000000000098
:10EC7C000000000000000000000000000000000088
:10EC8C000000000000000000000000000000000078
:10EC9C000000000000000000000000000000000068
:10ECAC000000000000000000000000000000000058
:10ECBC000000000000000000000000000000000048
:10ECCC000000000000000000000000000000000038
:10ECDC000000000000000000000000000000000028
:10ECEC000000000000000000000000000000000018
:10ECFC000000000000000000000000000000000008
:10ED0C0000000000000000000000000000000000F7
:10ED1C0000000000000000000000000000000000E7
:10ED2C0000000000000000000000000000000000D7
:10ED3C0000000000000000000000000000000000C7
:10ED4C0000000000000000000000000000000000B7
:10ED5C0000000000000000000000000000000000A7
:10ED6C000000000000000000000000000000000097
:10ED7C000000000000000000000000000000000087
:10ED8C000000000000000000000000000000000077
:10ED9C000000000000000000000000000000000067
:10EDAC000000000000000000000000000000000057
:10EDBC000000000000000000000000000000000047
:10EDCC000000000000000000000000000000000037
:10EDDC000000000000000000000000000000000027
:10EDEC000000000000000000000000000000000017
:10EDFC000000000000000000000000000000000007
:10EE0C0000000000000000000000000000000000F6
:10EE1C0000000000000000000000000000000000E6
:10EE2C0000000000000000000000000000000000D6
:10EE3C0000000000000000000000000000000000C6
:10EE4C0000000000000000000000000000000000B6
:10EE5C0000000000000000000000000000000000A6
:10EE6C000000000000000000000000000000000096
:10EE7C000000000000000000000000000000000086
:10EE8C000000000000000000000000000000000076
:10EE9C000000000000000000000000000000000066
:10EEAC000000000000000000000000000000000056
:10EEBC000000000000000000000000000000000046
:10EECC000000000000000000000000000000000036
:10EEDC00182D4454FB21E9BFD221337F7CD9024049
:10EEEC00D221337F7CD902C00000000000000080DA
:10EEFC00182D4454FB210940182D4454FB2109C002
:10EF0C000080E03779C34143176E05B5B5B8934619
:10EF1C00F5F93FE9034F384D321D30F94877825AE5
:10EF2C003CBF737FDD4F1575000000000000F03F03
:10EF3C0000000000000024400000000000005940C8
:10EF4C000000000000408F40000000000088C3401B
:10EF5C0000000000006AF8400000000080842E4190
:10EF6C0000000000D01263410000000084D79741DC
:10EF7C000000000065CDCD41000000205FA00242E2
:10EF8C00000000E876483742000000A2941A6D4257
:10EF9C00000040E59C30A2420000901EC4BCD6424A
:10EFAC0000003426F56B0C430080E03779C34143F5
:10EFBC0000A0D8855734764300C84E676DC1AB436B
:10EFCC00003D9160E458E143408CB5781DAF154489
:10EFDC0050EFE2D6E41A4B4492D54D06CFF0804464
:10EFEC00F64AE1C7022DB544B49DD9794378EA4479
:10EFFC004FBB610567ACDD3F182D4454FB21E93F45
:10F00C009BF681D20B73EF3F182D4454FB21F93F33
:10F01C00E2652F227F2B7A3C075C143326A6813CB9
:10F02C00BDCBF07A8807703C075C143326A6913C64
:10F03C0000000101000101010102010102020102B3
:10F04C000301020302020402020502020503020686
:10F05C00030207030207040307040307050407055B
:10F06C000407060507060607060607070707070035
:10F07C00000000000000000000000008000000007C
:10F08C0000000000000000000000000000000080F4
:10F09C00424E4F303878202D204572726F722064AA
:10F0AC0065636F64696E672073656E736F7220653C
:10F0BC0076656E74000000007368325F736574527D
:10F0CC00656F7269656E746174696F6E28696465C9
:10F0DC006E7469747929206661696C65640000003E
:10F0EC006CC00F40C0000000504F000025240000F1
:10F0FC000C000000130000000000000024851F40DD
:10F10C000B000000130000000000000028851F40C9
:10F11C000D000000130000000000000020851F40BF
:10F12C000A00000013000000010000001C851F40B5
:10F13C0000000000000000002D1C000081000000F9
:10F14C00F90B000039020000990A00003D02000092
:10F15C00410200000000000000000000A927000090
:10F16C000000000000000000953F00006D4F000003
:10F17C00694F0000654F0000614F00005D4F0000BB
:10F18C00594F0000554F0000000000000000000027
:10F19C00FD0100001D020000D8399D270054EA2A09
:10F1AC0000A4781F007B9A172C2066756E63746917
:10F1BC006F6E3A2000000000617373657274696FA2
:10F1CC006E2022257322206661696C65643A206684
:10F1DC00696C6520222573222C206C696E652025B4
:10F1EC0064257325730A000042616C6C6F63207395
:10F1FC007563636565646564000000002F64617469
:10F20C00612F6A656E6B696E732F776F726B73709B
:10F21C006163652F474E552D746F6F6C6368616920
:10F22C006E2F61726D2D31312F7372632F6E657776
:10F23C006C69622D63796777696E2F6E65776C697F
:10F24C00622F6C6962632F7374646C69622F6D70CA
:10F25C007265632E630000000020202020202020F7
:10F26C00202028282828282020202020202020206A
:10F27C00202020202020202020881010101010107A
:10F28C0010101010101010101004040404040404C6
:10F29C000404041010101010101041414141414160
:10F2AC000101010101010101010101010101010142
:10F2BC000101010110101010101042424242424252
:10F2CC000202020202020202020202020202020212
:10F2DC0002020202101010102000000000000000BA
:10F2EC000000000000000000000000000000000012
:10F2FC000000000000000000000000000000000002
:10F30C0000000000000000000000000000000000F1
:10F31C0000000000000000000000000000000000E1
:10F32C0000000000000000000000000000000000D1
:10F33C0000000000000000000000000000000000C1
:10F34C0000000000000000000000000000000000B1
:10F35C00000000000000000000000000496E66691B
:10F36C006E697479000000004E614E002F64617468
:10F37C00612F6A656E6B696E732F776F726B73702A
:10F38C006163652F474E552D746F6F6C63686169AF
:10F39C006E2F61726D2D31312F7372632F6E657705
:10F3AC006C69622D63796777696E2F6E65776C690E
:10F3BC00622F6C6962632F7374646C69622F64745E
:10F3CC006F612E6300000000494E4600696E6600B6
:10F3DC004E414E006E616E0030313233343536376B
:10F3EC003839616263646566000000003031323385
:10F3FC003435363738394142434445460000000025
:10F40C00286E756C6C2900003000000000010000B3
:10F41C0020202020202020202020202020202020E0
:10F42C0020202020202020202020202020202020D0
:10F43C0000000042C8801F40B8821F400800000036
:10F44C0000000042C4801F40B4821F400400000032
:10F45C0000C0004224801F4014821F401000000096
:10F46C0000C0004228801F4018821F40200000006E
:10F47C0000C000422C801F401C821F404000000036
:10F48C0000C0004234801F4024821F400001000055
:10F49C000040004264811F4054831F400004000060
:10F4AC000040004280811F4070831F40000002001A
:10F4BC00004000427C811F406C831F400000010013
:10F4CC000040004268811F4058831F400008000024
:10F4DC00004000423C811F402C831F400100000073
:10F4EC000040004244811F4034831F400400000050
:10F4FC000040004240811F4030831F40020000004A
:10F50C000040004248811F4038831F400800000023
:10F51C000000004204811F40F4821F4000000400E0
:10F52C000000004208811F40F8821F4000000800C4
:10F53C000000004218811F4008831F40000080001B
:10F54C000000004214811F4004831F400000400053
:10F55C000000004200811F40F0821F4000000200AA
:10F56C0000000042FC801F40EC821F4000000100A4
:10F57C000000004224811F4014831F40000000043F
:10F58C000000004228811F4018831F400000000823
:10F59C00000000421C811F400C831F400000000132
:10F5AC000000004220811F4010831F400000000219
:10F5BC0000000042EC801F40DC821F400010000065
:10F5CC0000000042F0801F40E0821F40002000003D
:10F5DC000000004234811F4024831F400000004083
:10F5EC000000004238811F4028831F40000000802B
:10F5FC000080004294801F4084821F400000040061
:10F60C0000C0004290801F4080821F40000000809C
:10F61C0000800042A8801F4098821F40000080009C
:10F62C0000800042A4801F4094821F4000004000D4
:10F63C00004000426C811F405C831F4000100000A2
:10F64C0000C0004230801F4020821F40800000001C
:10F65C0000800042C8811F40B8831F40008000001A
:10F66C0000800042C4811F40B4831F400040000052
:10F67C0000800042C0811F40B0831F40002000006A
:10F68C0000800042BC811F40AC831F400010000072
:10F69C0000800042D0811F40C0831F400000020048
:10F6AC0000800042CC811F40BC831F400000010041
:10F6BC0000000000912A0000DD2D000053656E73E0
:10F6CC006F7220776173207265736574000000009F
:10F6DC00252E326620252E326620252E32662025D8
:10F6EC002E32662025640000050000001900000081
:10F6FC007D00000000000000792B000000000000DD
:10F70C00646576696365000065786563757461622C
:10F71C006C650000636F6E74726F6C0073656E7352
:10F72C006F7268756200000000000000B92A0000CA
:10F73C000000000054616E64656D204C6576656C4C
:10F74C006C657220494D550043414E204E4F444547
:10F75C005F49443D3078000020205250444F322005
:10F76C006F7269656E746174696F6E20434F422DC0
:10F77C0049443D3078000000696E7075744E6F72AC
:10F78C006D616C00696E70757457616B650000007B
:10F79C00696E7075744779726F527600636F6D6D18
:10F7AC00616E64002E0000004C435F434F4C4C4193
:10F7BC00544500004C435F43545950450000000031
:10F7CC004C435F4D4F4E4554415259004C435F4E94
:10F7DC00554D4552494300004C435F54494D45003B
:10F7EC004C435F4D455353414745530000010000C6
:10F7FC00601300201200000000060000F41B0060E3
:10F80C000A00000000020000901B00606200000073
:10F81C00000700002C1B006062000000EE030000DB
:10F82C009C13002012000000000004EE7413002052
:10F83C002800000000030000281B006000000000EE
:10F84C0001030904101B00600000000002030904FE
:10F85C00F81A00600000000003030904B013002034
:10F86C00000000000000000000000000000000008C
:10F87C00303030303030303030303030303030307C
:10F88C00303030303030303030303030303030306C
:10F89C0000000000BC440020244500208C450020C2
:10F8AC00000000000000000000000000000000004C
:10F8BC00000000000000000000000000000000003C
:10F8CC00000000000000000000000000000000002C
:10F8DC00000000000000000000000000000000001C
:10F8EC00000000000000000000000000000000000C
:10F8FC0000000000000000000000000000000000FC
:10F90C0000000000000000000000000000000000EB
:10F91C0000000000000000000000000000000000DB
:10F92C0000000000000000000100000000000000CA
:10F93C000E33CDAB34126DE6ECDE05000B0000008F
:10F94C0000000000000000000000000000000000AB
:10F95C00000000000000000000000000000000009B
:10F96C00000000000000000000000000000000008B
:10F97C00000000000000000000000000000000007B
:10F98C00000000000000000000000000000000006B
:10F99C00000000000000000000000000000000005B
:10F9AC00000000000000000000000000000000004B
:10F9BC000029DE07007B9A1700003A4090040020D3
:10F9CC00000000000000000000000000000000002B
:10F9DC00000000000000000000000000000000001B
:10F9EC00000000000000000000000000000000000B
:10F9FC0000000000000000000000000000000000FB
:10FA0C0000000000000000001805002000000000AD
:10FA1C00E8030000000000007C440020803020201F
:10FA2C000000000043000000000000000000000087
:10FA3C0000000000000000000000000000000000BA
:10FA4C000000000043000000000000000000000067
:10FA5C00000000000000000000000000000000009A
:10FA6C000000000043000000000000000000000047
:10FA7C00000000000000000000000000000000007A
:10FA8C000000000043000000000000000000000027
:10FA9C00000000000000000000000000000000005A
:10FAAC000000000043000000000000000000000007
:10FABC00000000000000000000000000000000003A
:10FACC0000000000430000000000000000000000E7
:10FADC00000000000000000000000000000000001A
:10FAEC0000000000430000000000000000000000C7
:10FAFC0000000000000000000000000000000000FA
:10FB0C0000000000B588000011810000000000001A
:10FB1C0008060020540B002064050020640500201A
:10FB2C0064050020640500206405002064050020A5
:10FB3C00640500206405002064050020FFFFFFFF22
:10FB4C00FFFFFFFFFFFFFFFFFFFF0000010041531E
:10FB5C0043494900000000000000000000000000C4
:10FB6C0000000000000000000000000000004153F5
:10FB7C0043494900000000000000000000000000A4
:10FB8C000000000000000000000000000000000069
:10FB9C000000000000000000400F0020400F00207B
:10FBAC00480F0020480F0020500F0020500F00205D
:10FBBC00580F0020580F0020600F0020600F00200D
:10FBCC00680F0020680F0020700F0020700F0020BD
:10FBDC00780F0020780F0020800F0020800F00206D
:10FBEC00880F0020880F0020900F0020900F00201D
:10FBFC00980F0020980F0020A00F0020A00F0020CD
:10FC0C00A80F0020A80F0020B00F0020B00F00207C
:10FC1C00B80F0020B80F0020C00F0020C00F00202C
:10FC2C00C80F0020C80F0020D00F0020D00F0020DC
:10FC3C00D80F0020D80F0020E00F0020E00F00208C
:10FC4C00E80F0020E80F0020F00F0020F00F00203C
:10FC5C00F80F0020F80F00200010002000100020EA
:10FC6C000810002008100020101000201010002098
:10FC7C001810002018100020201000202010002048
:10FC8C0028100020281000203010002030100020F8
:10FC9C0038100020381000204010002040100020A8
:10FCAC004810002048100020501000205010002058
:10FCBC005810002058100020601000206010002008
:10FCCC0068100020681000207010002070100020B8
:10FCDC007810002078100020801000208010002068
:10FCEC008810002088100020901000209010002018
:10FCFC009810002098100020A0100020A0100020C8
:10FD0C00A8100020A8100020B0100020B010002077
:10FD1C00B8100020B8100020C0100020C010002027
:10FD2C00C8100020C8100020D0100020D0100020D7
:10FD3C00D8100020D8100020E0100020E010002087
:10FD4C00E8100020E8100020F0100020F010002037
:10FD5C00F8100020F81000200011002000110020E5
:10FD6C000811002008110020101100201011002093
:10FD7C001811002018110020201100202011002043
:10FD8C0028110020281100203011002030110020F3
:10FD9C0038110020381100204011002040110020A3
:10FDAC004811002048110020501100205011002053
:10FDBC005811002058110020601100206011002003
:10FDCC0068110020681100207011002070110020B3
:10FDDC007811002078110020801100208011002063
:10FDEC008811002088110020901100209011002013
:10FDFC009811002098110020A0110020A0110020C3
:10FE0C00A8110020A8110020B0110020B011002072
:10FE1C00B8110020B8110020C0110020C011002022
:10FE2C00C8110020C8110020D0110020D0110020D2
:10FE3C00D8110020D8110020E0110020E011002082
:10FE4C00E8110020E8110020F0110020F011002032
:10FE5C00F8110020F81100200012002000120020E0
:10FE6C00081200200812002010120020101200208E
:10FE7C00181200201812002020120020201200203E
:10FE8C0028120020281200203012002030120020EE
:10FE9C00381200203812002040120020401200209E
:10FEAC00481200204812002050120020501200204E
:10FEBC0058120020581200206012002060120020FE
:10FECC0068120020681200207012002070120020AE
:10FEDC00781200207812002080120020801200205E
:10FEEC00881200208812002090120020901200200E
:10FEFC009812002098120020A0120020A0120020BE
:10FF0C00A8120020A8120020B0120020B01200206D
:10FF1C00B8120020B8120020C0120020C01200201D
:10FF2C00C8120020C8120020D0120020D0120020CD
:10FF3C00D8120020D8120020E0120020E01200207D
:10FF4C00E8120020E8120020F0120020F01200202D
:10FF5C00F8120020F81200200013002000130020DB
:10FF6C000813002008130020101300201013002089
:10FF7C001813002018130020201300202013002039
:10FF8C0028130020281300203013002030130020E9
:10FF9C003813002038130020FFFFFFFF0000020081
:10FFAC000000000003000000BC440020400C0020B6
:10FFBC0012010002EF020140C01683047902010213
:10FFCC0003010000280000000001040001000000F3
:10FFDC0000000000020157494E555342000000003A
:10FFEC0000000000000000000000000012034D00A3
:04FFFC005300460068
:02000004600199
:100000005400310030003000F80000000C03000004
:1000100000000000000000000000000000000000E0
:1000200000000000000000000000000000000000D0
:1000300000000000000000000000000000000000C0
:1000400000000000000000000000000000000000B0
:1000500000000000000000000000000000000000A0
:100060000000000000000000000000000000000090
:100070000000000000000000000000000000000080
:100080000000000000000000000000000000000070
:100090000000000000000000000000000000000060
:1000A0000000000000000000000000000000000050
:1000B0000000000000000000000000000000000040
:1000C0000000000000000000000000000000000030
:1000D0000000000000000000000000000000000020
:1000E0000000000000000000000000000000000010
:1000F0000000000000000000000000000000000000
:1001000000000000000000000000000000000000EF
:1001100000000000000000000000000000000000DF
:1001200000000000000000000000000000000000CF
:1001300000000000000000000000000000000000BF
:1001400000000000000000000000000000000000AF
:10015000000000000000000000000000000000009F
:10016000000000000000000000000000000000008F
:10017000000000000000000000000000000000007F
:10018000000000000000000000000000000000006F
:10019000000000000000000000000000000000005F
:1001A000000000000000000000000000000000004F
:1001B000000000000000000000000000000000003F
:1001C000000000000000000000000000000000002F
:1001D000000000000000000000000000000000001F
:1001E000000000000000000000000000000000000F
:1001F00000000000000000000000000000000000FF
:1002000000000000000000000000000000000000EE
:1002100000000000000000000000000000000000DE
:1002200000000000000000000000000000000000CE
:1002300000000000000000000000000000000000BE
:1002400000000000000000000000000000000000AE
:10025000000000000000000000000000000000009E
:10026000000000000000000000000000000000008E
:10027000000000000000000000000000000000007E
:10028000000000000000000000000000000000006E
:10029000000000000000000000000000000000005E
:1002A000000000000000000000000000000000004E
:1002B000000000000000000000000000000000003E
:1002C000000000000000000000000000000000002E
:1002D000000000000000000000000000000000001E
:1002E000000000000000000000000000000000000E
:1002F00000000000000000000000000000000000FE
:1003000000000000000000000000000000000000ED
:0C031000000000000000000000000000E1
:10031C00FFFFFFFFFFFFFFFFFFFFFFFFFFFFFFFFE1
:10032C00FFFFFFFFFFFFFFFFFFFFFFFFFFFFFFFFD1
:10033C00FFFFFFFFFFFFFFFFFFFFFFFFFFFFFFFFC1
:10034C00FFFFFFFFFFFFFFFFFFFFFFFFFFFFFFFFB1
:10035C00FFFFFFFFFFFFFFFFFFFFFFFFFFFFFFFFA1
:10036C00FFFFFFFFFFFFFFFFFFFFFFFFFFFFFFFF91
:10037C00FFFFFFFFFFFFFFFFFFFFFFFFFFFFFFFF81
:10038C00FFFFFFFFFFFFFFFFFFFFFFFFFFFFFFFF71
:10039C00FFFFFFFFFFFFFFFFFFFFFFFFFFFFFFFF61
:1003AC00FFFFFFFFFFFFFFFFFFFFFFFFFFFFFFFF51
:1003BC00FFFFFFFFFFFFFFFFFFFFFFFFFFFFFFFF41
:1003CC00FFFFFFFFFFFFFFFFFFFFFFFFFFFFFFFF31
:1003DC00FFFFFFFFFFFFFFFFFFFFFFFFFFFFFFFF21
:1003EC00FFFFFFFFFFFFFFFFFFFFFFFFFFFFFFFF11
:1003FC00FFFFFFFF000000000000000000000000F5
:10040C0000000000000000000000000000000000E0
:10041C0000000000000000000000000000000000D0
:10042C0000000000000000000000000000000000C0
:10043C0000000000000000000000000000000000B0
:10044C0000000000000000000000000000000000A0
:10045C000000000000000000000000000000000090
:10046C000000000000000000000000000000000080
:10047C000000000000000000000000000000000070
:10048C000000000000000000000000000000000060
:10049C000000000000000000000000000000000050
:1004AC000000000000000000000000000000000040
:1004BC000000000000000000000000000000000030
:1004CC000000000000000000000000000000000020
:1004DC000000000000000000000000000000000010
:1004EC000000000000000000000000000000000000
:1004FC0000000000000000000000000000000000F0
:10050C0000000000000000000000000000000000DF
:10051C0000000000000000000000000000000000CF
:10052C0000000000000000000000000000000000BF
:10053C0000000000000000000000000000000000AF
:10054C00000000000000000000000000000000009F
:10055C00000000000000000000000000000000008F
:10056C00000000000000000000000000000000007F
:10057C00000000000000000000000000000000006F
:10058C00000000000000000000000000000000005F
:10059C00000000000000000000000000000000004F
:1005AC00000000000000000000000000000000003F
:1005BC00000000000000000000000000000000002F
:1005CC00000000000000000000000000000000001F
:1005DC00000000000000000000000000000000000F
:1005EC0000000000000000000000000000000000FF
:1005FC0000000000000000000000000000000000EF
:10060C0000000000000000000000000000000000DE
:10061C0000000000000000000000000000000000CE
:10062C0000000000000000000000000000000000BE
:10063C0000000000000000000000000000000000AE
:10064C00000000000000000000000000000000009E
:10065C00000000000000000000000000000000008E
:10066C00000000000000000000000000000000007E
:10067C00000000000000000000000000000000006E
:10068C00000000000000000000000000000000005E
:10069C00000000000000000000000000000000004E
:1006AC00000000000000000000000000000000003E
:1006BC00000000000000000000000000000000002E
:1006CC00000000000000000000000000000000001E
:1006DC00000000000000000000000000000000000E
:1006EC0000000000000000000000000000000000FE
:1006FC0000000000000000000000000000000000EE
:10070C0000000000000000000000000000000000DD
:10071C0000000000000000000000000000000000CD
:10072C0000000000000000000000000000000000BD
:10073C0000000000000000000000000000000000AD
:10074C00000000000000000000000000000000009D
:10075C00000000000000000000000000000000008D
:10076C00000000000000000000000000000000007D
:10077C00000000000000000000000000000000006D
:10078C00000000000000000000000000000000005D
:10079C00000000000000000000000000000000004D
:1007AC00000000000000000000000000000000003D
:1007BC00000000000000000000000000000000002D
:1007CC00000000000000000000000000000000001D
:1007DC00000000000000000000000000000000000D
:1007EC0000000000000000000000000000000000FD
:1007FC0000000000000000000000000000000000ED
:10080C0000000000000000000000000000000000DC
:10081C0000000000000000000000000000000000CC
:10082C0000000000000000000000000000000000BC
:10083C0000000000000000000000000000000000AC
:10084C00000000000000000000000000000000009C
:10085C00000000000000000000000000000000008C
:10086C00000000000000000000000000000000007C
:10087C00000000000000000000000000000000006C
:10088C00000000000000000000000000000000005C
:10089C00000000000000000000000000000000004C
:1008AC00000000000000000000000000000000003C
:1008BC00000000000000000000000000000000002C
:1008CC00000000000000000000000000000000001C
:1008DC00000000000000000000000000000000000C
:1008EC0000000000000000000000000000000000FC
:1008FC0000000000000000000000000000000000EC
:10090C0000000000000000000000000000000000DB
:10091C0000000000000000000000000000000000CB
:10092C0000000000000000000000000000000000BB
:10093C0000000000000000000000000000000000AB
:10094C00000000000000000000000000000000009B
:10095C00000000000000000000000000000000008B
:10096C00000000000000000000000000000000007B
:10097C00000000000000000000000000000000006B
:10098C00000000000000000000000000000000005B
:10099C00000000000000000000000000000000004B
:1009AC00000000000000000000000000000000003B
:1009BC00000000000000000000000000000000002B
:1009CC00000000000000000000000000000000001B
:1009DC00000000000000000000000000000000000B
:1009EC0000000000000000000000000000000000FB
:1009FC0000000000000000000000000000000000EB
:100A0C0000000000000000000000000000000000DA
:100A1C0000000000000000000000000000000000CA
:100A2C0000000000000000000000000000000000BA
:100A3C0000000000000000000000000000000000AA
:100A4C00000000000000000000000000000000009A
:100A5C00000000000000000000000000000000008A
:100A6C00000000000000000000000000000000007A
:100A7C00000000000000000000000000000000006A
:100A8C00000000000000000000000000000000005A
:100A9C00000000000000000000000000000000004A
:100AAC00000000000000000000000000000000003A
:100ABC00000000000000000000000000000000002A
:100ACC00000000000000000000000000000000001A
:100ADC00000000000000000000000000000000000A
:100AEC0000000000000000000000000000000000FA
:100AFC0000000000000000000000000000000000EA
:100B0C0000000000000000000000000000000000D9
:100B1C0000000000000000000000000000000000C9
:100B2C0000000000000000000000000000000000B9
:100B3C0000000000000000000000000000000000A9
:100B4C000000000000000000000000000000000099
:100B5C000000000000000000000000000000000089
:100B6C000000000000000000000000000000000079
:100B7C000000000000000000000000000000000069
:100B8C000000000000000000000000000000000059
:100B9C000000000000000000000000000000000049
:100BAC000000000000000000000000000000000039
:100BBC000000000000000000000000000000000029
:100BCC000000000000000000000000000000000019
:100BDC000000000000000000000000000000000009
:100BEC0000000000000000000000000000000000F9
:100BFC0000000000000000000000000000000000E9
:100C0C0000000000000000000000000000000000D8
:100C1C0000000000000000000000000000000000C8
:100C2C0000000000000000000000000000000000B8
:100C3C0000000000000000000000000000000000A8
:100C4C000000000000000000000000000000000098
:100C5C000000000000000000000000000000000088
:100C6C000000000000000000000000000000000078
:100C7C000000000000000000000000000000000068
:100C8C000000000000000000000000000000000058
:100C9C000000000000000000000000000000000048
:100CAC000000000000000000000000000000000038
:100CBC000000000000000000000000000000000028
:100CCC000000000000000000000000000000000018
:100CDC000000000000000000000000000000000008
:100CEC0000000000000000000000000000000000F8
:100CFC0000000000000000000000000000000000E8
:100D0C0000000000000000000000000000000000D7
:100D1C0000000000000000000000000000000000C7
:100D2C0000000000000000000000000000000000B7
:100D3C0000000000000000000000000000000000A7
:100D4C000000000000000000000000000000000097
:100D5C000000000000000000000000000000000087
:100D6C000000000000000000000000000000000077
:100D7C000000000000000000000000000000000067
:100D8C000000000000000000000000000000000057
:100D9C000000000000000000000000000000000047
:100DAC000000000000000000000000000000000037
:100DBC000000000000000000000000000000000027
:100DCC000000000000000000000000000000000017
:100DDC000000000000000000000000000000000007
:100DEC0000000000000000000000000000000000F7
:100DFC0000000000000000000000000000000000E7
:100E0C0000000000000000000000000000000000D6
:100E1C0000000000000000000000000000000000C6
:100E2C0000000000000000000000000000000000B6
:100E3C0000000000000000000000000000000000A6
:100E4C000000000000000000000000000000000096
:100E5C000000000000000000000000000000000086
:100E6C000000000000000000000000000000000076
:100E7C000000000000000000000000000000000066
:100E8C000000000000000000000000000000000056
:100E9C000000000000000000000000000000000046
:100EAC000000000000000000000000000000000036
:100EBC000000000000000000000000000000000026
:100ECC000000000000000000000000000000000016
:100EDC000000000000000000000000000000000006
:100EEC0000000000000000000000000000000000F6
:100EFC0000000000000000000000000000000000E6
:100F0C0000000000000000000000000000000000D5
:100F1C0000000000000000000000000000000000C5
:100F2C0000000000000000000000000000000000B5
:100F3C0000000000000000000000000000000000A5
:100F4C000000000000000000000000000000000095
:100F5C000000000000000000000000000000000085
:100F6C000000000000000000000000000000000075
:100F7C000000000000000000000000000000000065
:100F8C000000000000000000000000000000000055
:100F9C000000000000000000000000000000000045
:100FAC000000000000000000000000000000000035
:100FBC000000000000000000000000000000000025
:100FCC000000000000000000000000000000000015
:100FDC000000000000000000000000000000000005
:100FEC0000000000000000000000000000000000F5
:040FFC0000000000F1
:040000056000100087
:00000001FF
