ISO-10303-21;
HEADER;

/* File generated by HOOPS Exchange Version 24.2.0 */

FILE_DESCRIPTION(('HOOPS Exchange Step'),'2;1');

FILE_NAME('C:\\Users\\andy\\OneDrive\\Desktop\\Scraper CAD\\Front Scraper\\Cylinder.stp',
'2026-05-10T19:01:20+19:00',
('andy'),
('Unknown organisation'),
'HOOPS Exchange 2024.2',
'HOOPS Exchange',
'Unknown authorisation');

FILE_SCHEMA( ('AP203_CONFIGURATION_CONTROLLED_3D_DESIGN_OF_MECHANICAL_PARTS_AND_ASSEMBLIES_MIM_LF') );

ENDSEC;

DATA;
#3=(NAMED_UNIT(*)PLANE_ANGLE_UNIT()SI_UNIT($,.RADIAN.));
#4=PLANE_ANGLE_MEASURE_WITH_UNIT(PLANE_ANGLE_MEASURE(0.0174532925),#3);
#5=(CONVERSION_BASED_UNIT('DEGREE',#4)NAMED_UNIT(#6)PLANE_ANGLE_UNIT());
#6=DIMENSIONAL_EXPONENTS(0.,0.,0.,0.,0.,0.,0.);
#7=(NAMED_UNIT(*)SI_UNIT($,.STERADIAN.)SOLID_ANGLE_UNIT());
#8=(LENGTH_UNIT()NAMED_UNIT(*)SI_UNIT(.MILLI.,.METRE.));
#9=UNCERTAINTY_MEASURE_WITH_UNIT(LENGTH_MEASURE(1.000000E-05),#8,'DISTANCE_ACCURACY_VALUE','Maximum Tolerance applied to model');
#10=(GEOMETRIC_REPRESENTATION_CONTEXT(3)GLOBAL_UNCERTAINTY_ASSIGNED_CONTEXT((#9))GLOBAL_UNIT_ASSIGNED_CONTEXT((#8,#5,#7))REPRESENTATION_CONTEXT('','root'));
#12=CARTESIAN_POINT('',(0.,0.,0.));
#13=DIRECTION('',(0.,0.,1.));
#14=DIRECTION('',(1.,0.,0.));
#15=AXIS2_PLACEMENT_3D('',#12,#13,#14);
#27=CARTESIAN_POINT('',(18.478412665,390.911816223,-4.106929774));
#28=CARTESIAN_POINT('',(13.763205951,389.601972029,12.566366575));
#29=CARTESIAN_POINT('',(10.461866028,377.205585158,24.240132373));
#30=CARTESIAN_POINT('',(10.185516688,359.922381593,25.217322711));
#31=CARTESIAN_POINT('',(50.242558403,390.911816223,4.875967796));
#32=CARTESIAN_POINT('',(45.527351689,389.601972029,21.549264144));
#33=CARTESIAN_POINT('',(42.226011767,377.205585158,33.223029943));
#34=CARTESIAN_POINT('',(41.949662427,359.922381593,34.200220281));
#35=CARTESIAN_POINT('',(49.565431233,423.827798693,7.270336198));
#36=CARTESIAN_POINT('',(40.136491528,421.208519694,40.611717713));
#37=CARTESIAN_POINT('',(33.534843506,396.419620399,63.955600715));
#38=CARTESIAN_POINT('',(32.982231197,361.858615076,65.909675973));
#39=CARTESIAN_POINT('',(17.801285495,423.827798693,-1.712561371));
#40=CARTESIAN_POINT('',(8.372345789,421.208519694,31.628820143));
#41=CARTESIAN_POINT('',(1.770697767,396.419620399,54.972703145));
#42=CARTESIAN_POINT('',(1.218085459,361.858615076,56.926778404));
#43=CARTESIAN_POINT('',(-13.962860244,423.827798693,-10.695458941));
#44=CARTESIAN_POINT('',(-23.39179995,421.208519694,22.645922573));
#45=CARTESIAN_POINT('',(-29.993447972,396.419620399,45.989805575));
#46=CARTESIAN_POINT('',(-30.54606028,361.858615076,47.943880834));
#47=CARTESIAN_POINT('',(-13.285733074,390.911816223,-13.089827343));
#48=CARTESIAN_POINT('',(-18.000939788,389.601972029,3.583469005));
#49=CARTESIAN_POINT('',(-21.30227971,377.205585158,15.257234803));
#50=CARTESIAN_POINT('',(-21.57862905,359.922381593,16.234425142));
#51=CARTESIAN_POINT('',(18.478412665,390.911816223,-4.106929774));
#52=CARTESIAN_POINT('',(13.763205951,389.601972029,12.566366575));
#53=CARTESIAN_POINT('',(10.461866028,377.205585158,24.240132373));
#54=CARTESIAN_POINT('',(10.185516688,359.922381593,25.217322711));
#55=(BOUNDED_SURFACE()
B_SPLINE_SURFACE(3,3,((#27,#28,#29,#30),(#31,#32,#33,#34),(#35,#36,#37,#38),(#39,#40,#41,#42),(#43,#44,#45,#46),(#47,#48,#49,#50),(#51,#52,#53,#54)),.UNSPECIFIED.,.T.,.F.,.U.)
B_SPLINE_SURFACE_WITH_KNOTS((4,3,4),(4,4),(0.,0.5,1.),(0.018261075,1.),.UNSPECIFIED.)
GEOMETRIC_REPRESENTATION_ITEM()
RATIONAL_B_SPLINE_SURFACE(((0.990849549,0.829919684,0.832969835,1.),(0.330283183,0.276639895,0.277656612,0.333333333),(0.330283183,0.276639895,0.277656612,0.333333333),(0.990849549,0.829919684,0.832969835,1.),(0.330283183,0.276639895,0.277656612,0.333333333),(0.330283183,0.276639895,0.277656612,0.333333333),(0.990849549,0.829919684,0.832969835,1.)))
REPRESENTATION_ITEM('')
SURFACE()
);
#56=CARTESIAN_POINT('',(10.185516688,359.922381593,25.217322711));
#57=VERTEX_POINT('',#56);
#58=CARTESIAN_POINT('',(14.037762032,385.126272581,11.595517322));
#59=VERTEX_POINT('',#58);
#60=CARTESIAN_POINT('',(10.185516688,359.922381593,25.217322711));
#61=CARTESIAN_POINT('',(10.346584088,369.995720866,24.64777727));
#62=CARTESIAN_POINT('',(11.674413407,379.108148412,19.952481163));
#63=CARTESIAN_POINT('',(14.037762032,385.126272581,11.595517322));
#64=(BOUNDED_CURVE()
B_SPLINE_CURVE(3,(#60,#61,#62,#63),.UNSPECIFIED.,.F.,.F.)
B_SPLINE_CURVE_WITH_KNOTS((4,4),(0.,0.615052363),.UNSPECIFIED.)
CURVE()
GEOMETRIC_REPRESENTATION_ITEM()
RATIONAL_B_SPLINE_CURVE((1.,0.895356805,0.855074654,0.879153548))
REPRESENTATION_ITEM(''));
#65=EDGE_CURVE('',#57,#59,#64,.T.);
#66=ORIENTED_EDGE('',*,*,#65,.T.);
#67=CARTESIAN_POINT('',(14.037762032,385.126272581,11.595517322));
#68=CARTESIAN_POINT('',(14.450586409,384.917112947,12.02593874));
#69=CARTESIAN_POINT('',(14.874706541,384.733803335,12.453165851));
#70=CARTESIAN_POINT('',(15.312106557,384.583569385,12.877525931));
#71=CARTESIAN_POINT('',(15.749506573,384.433335435,13.301886011));
#72=CARTESIAN_POINT('',(16.20015365,384.316063214,13.723375499));
#73=CARTESIAN_POINT('',(16.666975963,384.242345451,14.142453943));
#74=CARTESIAN_POINT('',(16.900387119,384.205486569,14.351993165));
#75=CARTESIAN_POINT('',(17.138156549,384.179678431,14.561147538));
#76=CARTESIAN_POINT('',(17.37653973,384.166597939,14.766459176));
#77=CARTESIAN_POINT('',(17.614922911,384.153517447,14.971770814));
#78=CARTESIAN_POINT('',(17.854780881,384.152988952,15.174026748));
#79=CARTESIAN_POINT('',(18.096093135,384.166064517,15.373147098));
#80=CARTESIAN_POINT('',(18.578717642,384.192215648,15.7713878));
#81=CARTESIAN_POINT('',(19.067160274,384.272666738,16.157096553));
#82=CARTESIAN_POINT('',(19.56124938,384.416989491,16.529528363));
#83=CARTESIAN_POINT('',(20.055338486,384.561312245,16.901960174));
#84=CARTESIAN_POINT('',(20.537593977,384.764630437,17.24793986));
#85=CARTESIAN_POINT('',(21.006712482,385.023522742,17.569422957));
#86=CARTESIAN_POINT('',(21.241271734,385.152968895,17.730164505));
#87=CARTESIAN_POINT('',(21.472634334,385.296345046,17.884839059));
#88=CARTESIAN_POINT('',(21.700766915,385.453322496,18.033747051));
#89=CARTESIAN_POINT('',(21.928899496,385.610299946,18.182655043));
#90=CARTESIAN_POINT('',(22.154970527,385.781901744,18.326510165));
#91=CARTESIAN_POINT('',(22.374374645,385.963955192,18.462776334));
#92=CARTESIAN_POINT('',(22.81318288,386.328062089,18.735308673));
#93=CARTESIAN_POINT('',(23.225281913,386.732621465,18.977782755));
#94=CARTESIAN_POINT('',(23.614598221,387.170700513,19.196489986));
#95=CARTESIAN_POINT('',(24.00391453,387.608779561,19.415197217));
#96=CARTESIAN_POINT('',(24.371149059,388.081541401,19.610439178));
#97=CARTESIAN_POINT('',(24.716066519,388.581671283,19.784966252));
#98=CARTESIAN_POINT('',(25.06098398,389.081801164,19.959493327));
#99=CARTESIAN_POINT('',(25.37805646,389.600884932,20.11058181));
#100=CARTESIAN_POINT('',(25.671359884,390.135838123,20.243099104));
#101=CARTESIAN_POINT('',(25.964663308,390.670791314,20.375616399));
#102=CARTESIAN_POINT('',(26.234127059,391.221665429,20.489487163));
#103=CARTESIAN_POINT('',(26.481748381,391.786850738,20.587552006));
#104=CARTESIAN_POINT('',(26.729369702,392.352036048,20.68561685));
#105=CARTESIAN_POINT('',(26.955265526,392.931986724,20.767890731));
#106=CARTESIAN_POINT('',(27.159638573,393.524720043,20.835827331));
#107=CARTESIAN_POINT('',(27.36401162,394.117453362,20.903763932));
#108=CARTESIAN_POINT('',(27.544197289,394.71511959,20.95649505));
#109=CARTESIAN_POINT('',(27.701844662,395.317360084,20.995934184));
#110=CARTESIAN_POINT('',(28.017139408,396.521841072,21.074812454));
#111=CARTESIAN_POINT('',(28.242951264,397.744478575,21.101095267));
#112=CARTESIAN_POINT('',(28.381036366,398.984801695,21.080315366));
#113=CARTESIAN_POINT('',(28.450078917,399.604963255,21.069925415));
#114=CARTESIAN_POINT('',(28.49702035,400.230165867,21.047574839));
#115=CARTESIAN_POINT('',(28.520978804,400.858796788,21.01316416));
#116=CARTESIAN_POINT('',(28.544937258,401.487427709,20.97875348));
#117=CARTESIAN_POINT('',(28.545662862,402.112004975,20.932711888));
#118=CARTESIAN_POINT('',(28.523636871,402.732613138,20.875284756));
#119=CARTESIAN_POINT('',(28.47958489,403.973829465,20.760430494));
#120=CARTESIAN_POINT('',(28.344950367,405.199274936,20.60048701));
#121=CARTESIAN_POINT('',(28.117797338,406.408248626,20.391718595));
#122=CARTESIAN_POINT('',(28.004220823,407.01273547,20.287334387));
#123=CARTESIAN_POINT('',(27.867317523,407.613406077,20.17056061));
#124=CARTESIAN_POINT('',(27.706429801,408.209006233,20.040397504));
#125=CARTESIAN_POINT('',(27.54554208,408.80460639,19.910234397));
#126=CARTESIAN_POINT('',(27.362996502,409.386606599,19.768549028));
#127=CARTESIAN_POINT('',(27.159590441,409.955200843,19.614843145));
#128=CARTESIAN_POINT('',(26.752778317,411.092389331,19.307431379));
#129=CARTESIAN_POINT('',(26.26284352,412.176233022,18.952343746));
#130=CARTESIAN_POINT('',(25.692022815,413.204873607,18.54095719));
#131=CARTESIAN_POINT('',(25.406612462,413.719193899,18.335263912));
#132=CARTESIAN_POINT('',(25.100900825,414.219645629,18.115400301));
#133=CARTESIAN_POINT('',(24.774649934,414.705532581,17.87959531));
#134=CARTESIAN_POINT('',(24.448399042,415.191419533,17.643790318));
#135=CARTESIAN_POINT('',(24.106777677,415.655010399,17.39575564));
#136=CARTESIAN_POINT('',(23.751478764,416.096298083,17.135080317));
#137=CARTESIAN_POINT('',(23.04088094,416.97887345,16.613729671));
#138=CARTESIAN_POINT('',(22.275248684,417.773578173,16.041695308));
#139=CARTESIAN_POINT('',(21.460969892,418.479918199,15.409821581));
#140=CARTESIAN_POINT('',(21.257400194,418.656503205,15.251853149));
#141=CARTESIAN_POINT('',(21.050768421,418.82752756,15.090120212));
#142=CARTESIAN_POINT('',(20.841132525,418.992907005,14.924427516));
#143=CARTESIAN_POINT('',(20.631496629,419.15828645,14.758734819));
#144=CARTESIAN_POINT('',(20.418310282,419.318383138,14.588635652));
#145=CARTESIAN_POINT('',(20.204272939,419.471253811,14.416068809));
#146=CARTESIAN_POINT('',(19.776198254,419.776995155,14.070935121));
#147=CARTESIAN_POINT('',(19.343550915,420.054968965,13.7150362));
#148=CARTESIAN_POINT('',(18.907306183,420.30619562,13.347837835));
#149=CARTESIAN_POINT('',(18.034816717,420.808648931,12.613441104));
#150=CARTESIAN_POINT('',(17.148100515,421.2047519,11.834027553));
#151=CARTESIAN_POINT('',(16.252586088,421.494726498,11.003472522));
#152=CARTESIAN_POINT('',(16.028707481,421.567220148,10.795833764));
#153=CARTESIAN_POINT('',(15.803745343,421.633160627,10.584486792));
#154=CARTESIAN_POINT('',(15.579564434,421.691984312,10.371028947));
#155=CARTESIAN_POINT('',(15.355383525,421.750807997,10.157571101));
#156=CARTESIAN_POINT('',(15.132488639,421.802417884,9.942497612));
#157=CARTESIAN_POINT('',(14.910910455,421.846998448,9.725788944));
#158=CARTESIAN_POINT('',(14.467754087,421.936159575,9.292371609));
#159=CARTESIAN_POINT('',(14.029865675,421.997230089,8.85241388));
#160=CARTESIAN_POINT('',(13.597458073,422.031033935,8.405755904));
#161=CARTESIAN_POINT('',(12.732642869,422.098641627,7.512439953));
#162=CARTESIAN_POINT('',(11.889233288,422.05788248,6.591725951));
#163=CARTESIAN_POINT('',(11.0702164,421.906071521,5.644019438));
#164=CARTESIAN_POINT('',(10.251199512,421.754260561,4.696312925));
#165=CARTESIAN_POINT('',(9.480518368,421.496109741,3.749414729));
#166=CARTESIAN_POINT('',(8.754026805,421.134650182,2.805461514));
#167=CARTESIAN_POINT('',(8.390781024,420.953920403,2.333484906));
#168=CARTESIAN_POINT('',(8.038625365,420.74714949,1.862288704));
#169=CARTESIAN_POINT('',(7.69727377,420.513305638,1.392469789));
#170=CARTESIAN_POINT('',(7.526597973,420.396383712,1.157560332));
#171=CARTESIAN_POINT('',(7.358625415,420.272677805,0.922999166));
#172=CARTESIAN_POINT('',(7.193334187,420.141950283,0.688889454));
#173=CARTESIAN_POINT('',(7.028042958,420.011222762,0.454779742));
#174=CARTESIAN_POINT('',(6.865687797,419.87361655,0.221462098));
#175=CARTESIAN_POINT('',(6.7077158,419.730395913,-0.008718187));
#176=CARTESIAN_POINT('',(6.075827813,419.157513366,-0.929439328));
#177=CARTESIAN_POINT('',(5.506448714,418.490818576,-1.810853939));
#178=CARTESIAN_POINT('',(4.99364027,417.721010209,-2.641315102));
#179=CARTESIAN_POINT('',(4.737236048,417.336106025,-3.056545683));
#180=CARTESIAN_POINT('',(4.495070509,416.92516518,-3.458881116));
#181=CARTESIAN_POINT('',(4.267083264,416.484744736,-3.845375309));
#182=CARTESIAN_POINT('',(4.153089641,416.264534513,-4.038622406));
#183=CARTESIAN_POINT('',(4.042285808,416.036081551,-4.228521832));
#184=CARTESIAN_POINT('',(3.936262469,415.80225129,-4.411870956));
#185=CARTESIAN_POINT('',(3.830239129,415.568421028,-4.595220079));
#186=CARTESIAN_POINT('',(3.728894729,415.329142218,-4.772175631));
#187=CARTESIAN_POINT('',(3.632137063,415.084201677,-4.942331793));
#188=CARTESIAN_POINT('',(3.438621733,414.594320594,-5.282644119));
#189=CARTESIAN_POINT('',(3.263380234,414.081914064,-5.595919084));
#190=CARTESIAN_POINT('',(3.106401561,413.544170657,-5.877486192));
#191=CARTESIAN_POINT('',(3.027912224,413.275298953,-6.018269745));
#192=CARTESIAN_POINT('',(2.954003994,413.000068918,-6.15109504));
#193=CARTESIAN_POINT('',(2.884788314,412.717944346,-6.275135504));
#194=CARTESIAN_POINT('',(2.815572633,412.435819773,-6.399175968));
#195=CARTESIAN_POINT('',(2.751059203,412.146524578,-6.514403883));
#196=CARTESIAN_POINT('',(2.692382525,411.854961054,-6.61817334));
#197=CARTESIAN_POINT('',(2.575029169,411.271834006,-6.825712253));
#198=CARTESIAN_POINT('',(2.47968286,410.674935548,-6.989775913));
#199=CARTESIAN_POINT('',(2.40619568,410.06332567,-7.106404268));
#200=CARTESIAN_POINT('',(2.369452091,409.75752073,-7.164718445));
#201=CARTESIAN_POINT('',(2.338194408,409.448028875,-7.211149191));
#202=CARTESIAN_POINT('',(2.312538663,409.134675488,-7.245047203));
#203=CARTESIAN_POINT('',(2.286882918,408.8213221,-7.278945214));
#204=CARTESIAN_POINT('',(2.266920124,408.504251722,-7.300117176));
#205=CARTESIAN_POINT('',(2.252898499,408.189816322,-7.308216805));
#206=CARTESIAN_POINT('',(2.224855248,407.560945521,-7.324416062));
#207=CARTESIAN_POINT('',(2.219887223,406.936070557,-7.28923531));
#208=CARTESIAN_POINT('',(2.236410632,406.314938201,-7.205928642));
#209=CARTESIAN_POINT('',(2.244672337,406.004372022,-7.164275309));
#210=CARTESIAN_POINT('',(2.258326328,405.694742032,-7.11058388));
#211=CARTESIAN_POINT('',(2.277274048,405.386018284,-7.045240644));
#212=CARTESIAN_POINT('',(2.296221769,405.077294536,-6.979897409));
#213=CARTESIAN_POINT('',(2.320484847,404.769997667,-6.902897883));
#214=CARTESIAN_POINT('',(2.349352095,404.468776545,-6.816439761));
#215=CARTESIAN_POINT('',(2.40708659,403.866334302,-6.643523517));
#216=CARTESIAN_POINT('',(2.48346091,403.282565458,-6.431823933));
#217=CARTESIAN_POINT('',(2.576152618,402.714020713,-6.188930485));
#218=CARTESIAN_POINT('',(2.668844327,402.145475967,-5.946037037));
#219=CARTESIAN_POINT('',(2.777885903,401.592178367,-5.671905451));
#220=CARTESIAN_POINT('',(2.901861396,401.051497034,-5.372459389));
#221=CARTESIAN_POINT('',(2.963849142,400.781156368,-5.222736358));
#222=CARTESIAN_POINT('',(3.029606418,400.513990303,-5.066621208));
#223=CARTESIAN_POINT('',(3.098272216,400.252222124,-4.906411875));
#224=CARTESIAN_POINT('',(3.166938014,399.990453944,-4.746202543));
#225=CARTESIAN_POINT('',(3.238668623,399.733371429,-4.581515545));
#226=CARTESIAN_POINT('',(3.313291548,399.480425199,-4.41296681));
#227=CARTESIAN_POINT('',(3.462537398,398.974532737,-4.075869339));
#228=CARTESIAN_POINT('',(3.623325013,398.485117204,-3.723398431));
#229=CARTESIAN_POINT('',(3.794698215,398.008820969,-3.359366146));
#230=CARTESIAN_POINT('',(4.137444621,397.056228499,-2.631301576));
#231=CARTESIAN_POINT('',(4.522302394,396.155522005,-1.857632266));
#232=CARTESIAN_POINT('',(4.945788784,395.290367627,-1.057471577));
#233=CARTESIAN_POINT('',(5.157531978,394.857790437,-0.657391232));
#234=CARTESIAN_POINT('',(5.37944216,394.433507779,-0.249724239));
#235=CARTESIAN_POINT('',(5.609741701,394.019280262,0.161065484));
#236=CARTESIAN_POINT('',(5.840041242,393.605052745,0.571855207));
#237=CARTESIAN_POINT('',(6.078628816,393.20094003,0.985644331));
#238=CARTESIAN_POINT('',(6.325434902,392.805748409,1.401463643));
#239=CARTESIAN_POINT('',(6.819047075,392.015365165,2.233102265));
#240=CARTESIAN_POINT('',(7.34534604,391.260225116,3.072612824));
#241=CARTESIAN_POINT('',(7.905958417,390.53681489,3.915902711));
#242=CARTESIAN_POINT('',(8.466570794,389.813404664,4.759192597));
#243=CARTESIAN_POINT('',(9.061375808,389.121651048,5.606281258));
#244=CARTESIAN_POINT('',(9.695799315,388.465725655,6.457046293));
#245=CARTESIAN_POINT('',(10.013011069,388.137762959,6.882428811));
#246=CARTESIAN_POINT('',(10.340194205,387.818878792,7.308788637));
#247=CARTESIAN_POINT('',(10.678618805,387.510551276,7.736524195));
#248=CARTESIAN_POINT('',(11.017043405,387.20222376,8.164259753));
#249=CARTESIAN_POINT('',(11.367489612,386.90384345,8.594289597));
#250=CARTESIAN_POINT('',(11.728577682,386.6203299,9.023529275));
#251=CARTESIAN_POINT('',(12.089665753,386.33681635,9.452768954));
#252=CARTESIAN_POINT('',(12.461411253,386.06802989,9.881311132));
#253=CARTESIAN_POINT('',(12.845556966,385.817534963,10.309729656));
#254=CARTESIAN_POINT('',(13.229702679,385.567040037,10.73814818));
#255=CARTESIAN_POINT('',(13.626221488,385.334781755,11.166434461));
#256=CARTESIAN_POINT('',(14.037762032,385.126272581,11.595517322));
#257=B_SPLINE_CURVE_WITH_KNOTS('',3,(#67,#68,#69,#70,#71,#72,#73,#74,#75,#76,#77,#78,#79,#80,#81,#82,#83,#84,#85,#86,#87,#88,#89,#90,#91,#92,
#93,#94,#95,#96,#97,#98,#99,#100,#101,#102,#103,#104,#105,#106,#107,#108,#109,#110,#111,#112,#113,#114,#115,#116,#117,
#118,#119,#120,#121,#122,#123,#124,#125,#126,#127,#128,#129,#130,#131,#132,#133,#134,#135,#136,#137,#138,#139,#140,#141,#142,
#143,#144,#145,#146,#147,#148,#149,#150,#151,#152,#153,#154,#155,#156,#157,#158,#159,#160,#161,#162,#163,#164,#165,#166,#167,
#168,#169,#170,#171,#172,#173,#174,#175,#176,#177,#178,#179,#180,#181,#182,#183,#184,#185,#186,#187,#188,#189,#190,#191,#192,
#193,#194,#195,#196,#197,#198,#199,#200,#201,#202,#203,#204,#205,#206,#207,#208,#209,#210,#211,#212,#213,#214,#215,#216,#217,
#218,#219,#220,#221,#222,#223,#224,#225,#226,#227,#228,#229,#230,#231,#232,#233,#234,#235,#236,#237,#238,#239,#240,#241,#242,
#243,#244,#245,#246,#247,#248,#249,#250,#251,#252,#253,#254,#255,#256),.UNSPECIFIED.,.T.,.F.,(4,3,3,3,3,3,3,3,3,3,3,3,3,3,3,3,3,3,3,3,3,3,3,3,3,3,
3,3,3,3,3,3,3,3,3,3,3,3,3,3,3,3,3,3,3,3,3,3,3,3,3,
3,3,3,3,3,3,3,3,3,3,3,3,4),(0.,0.001882745,0.00376549,0.004706863,0.005648236,0.007530981,0.009413726,0.010355099,0.011296471,0.013179217,0.015061962,0.016944707,0.018827452,0.020710198,0.022592943,0.026358433,0.028241178,0.030123924,0.033889414,0.035772159,0.037654905,0.041420395,0.04330314,0.045185885,0.048951376,0.049892749,
0.050834121,0.052716866,0.056482357,0.057423729,0.058365102,0.060247847,0.064013338,0.067778828,0.069661573,0.070602946,0.071544319,0.075309809,0.077192554,0.078133927,0.0790753,0.080958045,0.081899417,0.08284079,0.084723535,0.085664908,0.08660628,0.088489026,0.089430398,0.090371771,0.092254516,
0.094137261,0.095078634,0.096020007,0.097902752,0.101668242,0.103550988,0.105433733,0.109199223,0.112964714,0.114847459,0.116730204,0.118612949,0.120495695),.UNSPECIFIED.);
#258=EDGE_CURVE('',#59,#59,#257,.T.);
#259=ORIENTED_EDGE('',*,*,#258,.T.);
#260=ORIENTED_EDGE('',*,*,#65,.F.);
#261=CARTESIAN_POINT('',(5.701801074,360.890498335,41.072050557));
#262=DIRECTION('',(-0.015961944,-0.998278246,0.056442537));
#263=DIRECTION('',(0.271658854,-0.058656148,-0.960604457));
#264=AXIS2_PLACEMENT_3D('',#261,#262,#263);
#265=CIRCLE('',#264,16.504949282);
#266=EDGE_CURVE('',#57,#57,#265,.T.);
#267=ORIENTED_EDGE('',*,*,#266,.F.);
#268=EDGE_LOOP('',(#66,#259,#260,#267));
#269=FACE_BOUND('',#268,.T.);
#270=ADVANCED_FACE('',(#269),#55,.T.);
#271=CARTESIAN_POINT('',(5.701801074,360.890498335,41.072050557));
#272=DIRECTION('',(-0.015961944,-0.998278246,0.056442537));
#273=DIRECTION('',(0.271658854,-0.058656148,-0.960604457));
#274=AXIS2_PLACEMENT_3D('',#271,#272,#273);
#275=PLANE('',#274);
#276=ORIENTED_EDGE('',*,*,#266,.T.);
#277=EDGE_LOOP('',(#276));
#278=FACE_BOUND('',#277,.T.);
#279=CARTESIAN_POINT('',(5.800447237,361.737480916,56.080214877));
#280=VERTEX_POINT('',#279);
#281=CARTESIAN_POINT('',(-3.454217735,360.339667767,28.740393028));
#282=VERTEX_POINT('',#281);
#283=CARTESIAN_POINT('',(12.022800575,359.990836899,26.947650067));
#284=CARTESIAN_POINT('',(12.785476586,359.997926185,27.288720361));
#285=CARTESIAN_POINT('',(13.509714859,360.008875865,27.687197811));
#286=CARTESIAN_POINT('',(14.197137629,360.023523013,28.140659594));
#287=CARTESIAN_POINT('',(14.884560398,360.038170162,28.594121377));
#288=CARTESIAN_POINT('',(15.535164729,360.056515073,29.102571874));
#289=CARTESIAN_POINT('',(16.147574619,360.078695943,29.668066161));
#290=CARTESIAN_POINT('',(16.453779564,360.089786377,29.950813305));
#291=CARTESIAN_POINT('',(16.748242275,360.101771881,30.24607049));
#292=CARTESIAN_POINT('',(17.028220051,360.11451071,30.550555133));
#293=CARTESIAN_POINT('',(17.308197826,360.127249539,30.855039777));
#294=CARTESIAN_POINT('',(17.574675519,360.140776273,31.169641985));
#295=CARTESIAN_POINT('',(17.827837786,360.155080136,31.49422337));
#296=CARTESIAN_POINT('',(18.33416232,360.183687861,32.143386138));
#297=CARTESIAN_POINT('',(18.78751538,360.21538716,32.832248098));
#298=CARTESIAN_POINT('',(19.186227091,360.250275491,33.562060729));
#299=CARTESIAN_POINT('',(19.285905019,360.258997574,33.744513886));
#300=CARTESIAN_POINT('',(19.382338191,360.267940411,33.929953826));
#301=CARTESIAN_POINT('',(19.47453883,360.277013911,34.116507801));
#302=CARTESIAN_POINT('',(19.566739469,360.286087412,34.303061777));
#303=CARTESIAN_POINT('',(19.654831094,360.295300001,34.490913728));
#304=CARTESIAN_POINT('',(19.738879343,360.304649456,34.68004292));
#305=CARTESIAN_POINT('',(19.906975841,360.323348367,35.058301304));
#306=CARTESIAN_POINT('',(20.058920213,360.34259402,35.441661901));
#307=CARTESIAN_POINT('',(20.194985966,360.362377158,35.830038312));
#308=CARTESIAN_POINT('',(20.467117472,360.401943433,36.606791134));
#309=CARTESIAN_POINT('',(20.676054401,360.443648818,37.403506166));
#310=CARTESIAN_POINT('',(20.820184176,360.487547896,38.220692796));
#311=CARTESIAN_POINT('',(20.892249064,360.509497436,38.629286111));
#312=CARTESIAN_POINT('',(20.947978892,360.532057774,39.044062842));
#313=CARTESIAN_POINT('',(20.98630881,360.554769281,39.456592558));
#314=CARTESIAN_POINT('',(21.024638728,360.577480788,39.869122275));
#315=CARTESIAN_POINT('',(21.045961872,360.600434471,40.281125736));
#316=CARTESIAN_POINT('',(21.05061526,360.623625529,40.692613371));
#317=CARTESIAN_POINT('',(21.059922036,360.670007645,41.51558864));
#318=CARTESIAN_POINT('',(21.00287806,360.717334591,42.336510761));
#319=CARTESIAN_POINT('',(20.878177862,360.765624955,43.155339337));
#320=CARTESIAN_POINT('',(20.815827763,360.789770137,43.564753625));
#321=CARTESIAN_POINT('',(20.735979071,360.81426519,43.975407349));
#322=CARTESIAN_POINT('',(20.6401425,360.83861951,44.379050624));
#323=CARTESIAN_POINT('',(20.544305929,360.862973831,44.782693899));
#324=CARTESIAN_POINT('',(20.432512964,360.887235662,45.180188889));
#325=CARTESIAN_POINT('',(20.305125703,360.911407104,45.571675117));
#326=CARTESIAN_POINT('',(20.050351182,360.959749987,46.354647573));
#327=CARTESIAN_POINT('',(19.733501771,361.007733062,47.113701459));
#328=CARTESIAN_POINT('',(19.353720835,361.055351363,47.8485067));
#329=CARTESIAN_POINT('',(19.258775601,361.067255938,48.03220801));
#330=CARTESIAN_POINT('',(19.159872468,361.079137572,48.21438427));
#331=CARTESIAN_POINT('',(19.056948154,361.090995898,48.395011097));
#332=CARTESIAN_POINT('',(18.95402384,361.102854224,48.575637924));
#333=CARTESIAN_POINT('',(18.846897494,361.114706648,48.754972038));
#334=CARTESIAN_POINT('',(18.736683844,361.126430377,48.931156894));
#335=CARTESIAN_POINT('',(18.516256543,361.149877837,49.283526606));
#336=CARTESIAN_POINT('',(18.282733041,361.172904898,49.624757283));
#337=CARTESIAN_POINT('',(18.036450735,361.195522392,49.955135901));
#338=CARTESIAN_POINT('',(17.543886123,361.240757379,50.615893136));
#339=CARTESIAN_POINT('',(17.000521372,361.284361642,51.233442077));
#340=CARTESIAN_POINT('',(16.405964362,361.326322593,51.807449206));
#341=CARTESIAN_POINT('',(16.108685857,361.347303068,52.09445277));
#342=CARTESIAN_POINT('',(15.797654881,361.367925488,52.371234333));
#343=CARTESIAN_POINT('',(15.475288055,361.387999046,52.63510262));
#344=CARTESIAN_POINT('',(15.15292123,361.408072605,52.898970908));
#345=CARTESIAN_POINT('',(14.821835149,361.427441526,53.147910726));
#346=CARTESIAN_POINT('',(14.482278821,361.446125933,53.382348404));
#347=CARTESIAN_POINT('',(13.803166165,361.483494746,53.85122376));
#348=CARTESIAN_POINT('',(13.090334799,361.518138615,54.262368407));
#349=CARTESIAN_POINT('',(12.343715172,361.550051921,54.615663263));
#350=CARTESIAN_POINT('',(11.597095545,361.581965227,54.968958118));
#351=CARTESIAN_POINT('',(10.810426342,361.611299501,55.26531257));
#352=CARTESIAN_POINT('',(10.015764127,361.636854358,55.49256146));
#353=CARTESIAN_POINT('',(9.221101912,361.662409215,55.71981035));
#354=CARTESIAN_POINT('',(8.413717048,361.684445913,55.881236894));
#355=CARTESIAN_POINT('',(7.593657875,361.702977818,55.977091178));
#356=CARTESIAN_POINT('',(7.183628288,361.712243771,56.025018321));
#357=CARTESIAN_POINT('',(6.770414668,361.720629251,56.056472437));
#358=CARTESIAN_POINT('',(6.353926868,361.728109332,56.070987136));
#359=CARTESIAN_POINT('',(5.937439067,361.735589412,56.085501834));
#360=CARTESIAN_POINT('',(5.519449512,361.742126457,56.082912709));
#361=CARTESIAN_POINT('',(5.103595489,361.747666628,56.063296191));
#362=CARTESIAN_POINT('',(4.687741465,361.7532068,56.043679674));
#363=CARTESIAN_POINT('',(4.272928696,361.757770633,56.007089496));
#364=CARTESIAN_POINT('',(3.859164179,361.761351568,55.953411588));
#365=CARTESIAN_POINT('',(3.445399661,361.764932502,55.89973368));
#366=CARTESIAN_POINT('',(3.034152164,361.767511722,55.829050636));
#367=CARTESIAN_POINT('',(2.629311205,361.769087602,55.742433646));
#368=CARTESIAN_POINT('',(1.819629287,361.772239361,55.569199667));
#369=CARTESIAN_POINT('',(1.030691949,361.771441104,55.331969776));
#370=CARTESIAN_POINT('',(0.262277555,361.766735032,55.031427715));
#371=CARTESIAN_POINT('',(-0.121929642,361.764381997,54.881156684));
#372=CARTESIAN_POINT('',(-0.500981367,361.761047298,54.714981303));
#373=CARTESIAN_POINT('',(-0.874748955,361.756706435,54.532504642));
#374=CARTESIAN_POINT('',(-1.248516543,361.752365573,54.350027981));
#375=CARTESIAN_POINT('',(-1.616936909,361.747006353,54.151052186));
#376=CARTESIAN_POINT('',(-1.973297249,361.740737124,53.939391987));
#377=CARTESIAN_POINT('',(-2.686017929,361.728198667,53.516071591));
#378=CARTESIAN_POINT('',(-3.357823256,361.711970606,53.039065404));
#379=CARTESIAN_POINT('',(-3.989371705,361.69211232,52.509237421));
#380=CARTESIAN_POINT('',(-4.30514593,361.682183178,52.24432343));
#381=CARTESIAN_POINT('',(-4.610807406,361.671342103,51.966140314));
#382=CARTESIAN_POINT('',(-4.906134821,361.659569138,51.674397686));
#383=CARTESIAN_POINT('',(-5.201462236,361.647796174,51.382655057));
#384=CARTESIAN_POINT('',(-5.487230346,361.635041861,51.076259059));
#385=CARTESIAN_POINT('',(-5.757568619,361.621570079,50.761536995));
#386=CARTESIAN_POINT('',(-6.298245166,361.594626514,50.132092869));
#387=CARTESIAN_POINT('',(-6.782302739,361.564670486,49.465380251));
#388=CARTESIAN_POINT('',(-7.210972409,361.531767494,48.762209477));
#389=CARTESIAN_POINT('',(-7.425307244,361.515315998,48.41062409));
#390=CARTESIAN_POINT('',(-7.625728428,361.498124214,48.049880275));
#391=CARTESIAN_POINT('',(-7.81197108,361.480178048,47.679803679));
#392=CARTESIAN_POINT('',(-7.998213733,361.462231882,47.309727084));
#393=CARTESIAN_POINT('',(-8.170936693,361.443440158,46.928518784));
#394=CARTESIAN_POINT('',(-8.326674124,361.424162218,46.543514471));
#395=CARTESIAN_POINT('',(-8.638148986,361.385606338,45.773505846));
#396=CARTESIAN_POINT('',(-8.88354653,361.345059652,44.986973211));
#397=CARTESIAN_POINT('',(-9.064675333,361.302576647,44.184368841));
#398=CARTESIAN_POINT('',(-9.155239734,361.281335145,43.783066656));
#399=CARTESIAN_POINT('',(-9.229656148,361.259607129,43.37772633));
#400=CARTESIAN_POINT('',(-9.287666276,361.237384817,42.968283271));
#401=CARTESIAN_POINT('',(-9.31667134,361.226273661,42.763561742));
#402=CARTESIAN_POINT('',(-9.341569781,361.215038779,42.557813266));
#403=CARTESIAN_POINT('',(-9.362297396,361.203678237,42.351021788));
#404=CARTESIAN_POINT('',(-9.383025012,361.192317694,42.14423031));
#405=CARTESIAN_POINT('',(-9.399593804,361.180808121,41.935979096));
#406=CARTESIAN_POINT('',(-9.411826347,361.169268266,41.728418599));
#407=CARTESIAN_POINT('',(-9.460756519,361.123108847,40.898176608));
#408=CARTESIAN_POINT('',(-9.441492499,361.0762141,40.074214446));
#409=CARTESIAN_POINT('',(-9.356280713,361.028608247,39.256325243));
#410=CARTESIAN_POINT('',(-9.31367482,361.00480532,38.847380642));
#411=CARTESIAN_POINT('',(-9.254497651,360.980823708,38.439962047));
#412=CARTESIAN_POINT('',(-9.178532274,360.956661071,38.034089434));
#413=CARTESIAN_POINT('',(-9.102566896,360.932498434,37.628216822));
#414=CARTESIAN_POINT('',(-9.009593321,360.908105906,37.223088135));
#415=CARTESIAN_POINT('',(-8.899741394,360.883630822,36.821272505));
#416=CARTESIAN_POINT('',(-8.680037539,360.834680654,36.017641244));
#417=CARTESIAN_POINT('',(-8.397676073,360.786347774,35.242647303));
#418=CARTESIAN_POINT('',(-8.055076928,360.738608343,34.495184667));
#419=CARTESIAN_POINT('',(-7.712477784,360.690868911,33.747722031));
#420=CARTESIAN_POINT('',(-7.30963858,360.643722951,33.027791787));
#421=CARTESIAN_POINT('',(-6.844076183,360.597194926,32.336528837));
#422=CARTESIAN_POINT('',(-6.611294984,360.573930913,31.990897362));
#423=CARTESIAN_POINT('',(-6.365064803,360.551059164,31.656007084));
#424=CARTESIAN_POINT('',(-6.106958972,360.528684923,31.333274479));
#425=CARTESIAN_POINT('',(-5.84885314,360.506310682,31.010541874));
#426=CARTESIAN_POINT('',(-5.578485701,360.484395654,30.699398778));
#427=CARTESIAN_POINT('',(-5.295985272,360.462935022,30.399723625));
#428=CARTESIAN_POINT('',(-4.730984415,360.420013758,29.80037332));
#429=CARTESIAN_POINT('',(-4.117701058,360.378900736,29.246659));
#430=CARTESIAN_POINT('',(-3.454217735,360.339667767,28.740393028));
#431=B_SPLINE_CURVE_WITH_KNOTS('',3,(#283,#284,#285,#286,#287,#288,#289,#290,#291,#292,#293,#294,#295,#296,#297,#298,#299,#300,#301,#302,#303,#304,#305,#306,#307,#308,
#309,#310,#311,#312,#313,#314,#315,#316,#317,#318,#319,#320,#321,#322,#323,#324,#325,#326,#327,#328,#329,#330,#331,#332,#333,
#334,#335,#336,#337,#338,#339,#340,#341,#342,#343,#344,#345,#346,#347,#348,#349,#350,#351,#352,#353,#354,#355,#356,#357,#358,
#359,#360,#361,#362,#363,#364,#365,#366,#367,#368,#369,#370,#371,#372,#373,#374,#375,#376,#377,#378,#379,#380,#381,#382,#383,
#384,#385,#386,#387,#388,#389,#390,#391,#392,#393,#394,#395,#396,#397,#398,#399,#400,#401,#402,#403,#404,#405,#406,#407,#408,
#409,#410,#411,#412,#413,#414,#415,#416,#417,#418,#419,#420,#421,#422,#423,#424,#425,#426,#427,#428,#429,#430),.UNSPECIFIED.,.F.,.F.,(4,3,3,3,3,3,3,3,3,3,3,3,3,3,3,3,3,3,3,3,3,3,3,3,3,3,
3,3,3,3,3,3,3,3,3,3,3,3,3,3,3,3,3,3,3,3,3,3,3,4),(0.,0.002470894,0.004941789,0.006177236,0.007412683,0.009883578,0.010501301,0.011119025,0.012354472,0.014825367,0.016060814,0.017296261,0.019767156,0.021002603,0.02223805,0.024708945,0.025326668,0.025944392,0.027179839,0.029650733,0.030886181,0.032121628,0.034592522,0.037063417,0.039534311,0.040769759,
0.042005206,0.043240653,0.0444761,0.046946995,0.048182442,0.049417889,0.051888784,0.053124231,0.054359678,0.056830573,0.05806602,0.059301467,0.061772361,0.063007809,0.063625532,0.064243256,0.06671415,0.067949598,0.069185045,0.071655939,0.074126834,0.075362281,0.076597728,0.079068623),.UNSPECIFIED.);
#432=EDGE_CURVE('',#280,#282,#431,.T.);
#433=ORIENTED_EDGE('',*,*,#432,.F.);
#434=CARTESIAN_POINT('',(12.022800575,359.990836899,26.947650067));
#435=VERTEX_POINT('',#434);
#436=CARTESIAN_POINT('',(12.022800575,359.990836899,26.947650067));
#437=CARTESIAN_POINT('',(12.785476586,359.997926185,27.288720361));
#438=CARTESIAN_POINT('',(13.509714859,360.008875865,27.687197811));
#439=CARTESIAN_POINT('',(14.197137629,360.023523013,28.140659594));
#440=CARTESIAN_POINT('',(14.884560398,360.038170162,28.594121377));
#441=CARTESIAN_POINT('',(15.535164729,360.056515073,29.102571874));
#442=CARTESIAN_POINT('',(16.147574619,360.078695943,29.668066161));
#443=CARTESIAN_POINT('',(16.453779564,360.089786377,29.950813305));
#444=CARTESIAN_POINT('',(16.748242275,360.101771881,30.24607049));
#445=CARTESIAN_POINT('',(17.028220051,360.11451071,30.550555133));
#446=CARTESIAN_POINT('',(17.308197826,360.127249539,30.855039777));
#447=CARTESIAN_POINT('',(17.574675519,360.140776273,31.169641985));
#448=CARTESIAN_POINT('',(17.827837786,360.155080136,31.49422337));
#449=CARTESIAN_POINT('',(18.33416232,360.183687861,32.143386138));
#450=CARTESIAN_POINT('',(18.78751538,360.21538716,32.832248098));
#451=CARTESIAN_POINT('',(19.186227091,360.250275491,33.562060729));
#452=CARTESIAN_POINT('',(19.285905019,360.258997574,33.744513886));
#453=CARTESIAN_POINT('',(19.382338191,360.267940411,33.929953826));
#454=CARTESIAN_POINT('',(19.47453883,360.277013911,34.116507801));
#455=CARTESIAN_POINT('',(19.566739469,360.286087412,34.303061777));
#456=CARTESIAN_POINT('',(19.654831094,360.295300001,34.490913728));
#457=CARTESIAN_POINT('',(19.738879343,360.304649456,34.68004292));
#458=CARTESIAN_POINT('',(19.906975841,360.323348367,35.058301304));
#459=CARTESIAN_POINT('',(20.058920213,360.34259402,35.441661901));
#460=CARTESIAN_POINT('',(20.194985966,360.362377158,35.830038312));
#461=CARTESIAN_POINT('',(20.467117472,360.401943433,36.606791134));
#462=CARTESIAN_POINT('',(20.676054401,360.443648818,37.403506166));
#463=CARTESIAN_POINT('',(20.820184176,360.487547896,38.220692796));
#464=CARTESIAN_POINT('',(20.892249064,360.509497436,38.629286111));
#465=CARTESIAN_POINT('',(20.947978892,360.532057774,39.044062842));
#466=CARTESIAN_POINT('',(20.98630881,360.554769281,39.456592558));
#467=CARTESIAN_POINT('',(21.024638728,360.577480788,39.869122275));
#468=CARTESIAN_POINT('',(21.045961872,360.600434471,40.281125736));
#469=CARTESIAN_POINT('',(21.05061526,360.623625529,40.692613371));
#470=CARTESIAN_POINT('',(21.059922036,360.670007645,41.51558864));
#471=CARTESIAN_POINT('',(21.00287806,360.717334591,42.336510761));
#472=CARTESIAN_POINT('',(20.878177862,360.765624955,43.155339337));
#473=CARTESIAN_POINT('',(20.815827763,360.789770137,43.564753625));
#474=CARTESIAN_POINT('',(20.735979071,360.81426519,43.975407349));
#475=CARTESIAN_POINT('',(20.6401425,360.83861951,44.379050624));
#476=CARTESIAN_POINT('',(20.544305929,360.862973831,44.782693899));
#477=CARTESIAN_POINT('',(20.432512964,360.887235662,45.180188889));
#478=CARTESIAN_POINT('',(20.305125703,360.911407104,45.571675117));
#479=CARTESIAN_POINT('',(20.050351182,360.959749987,46.354647573));
#480=CARTESIAN_POINT('',(19.733501771,361.007733062,47.113701459));
#481=CARTESIAN_POINT('',(19.353720835,361.055351363,47.8485067));
#482=CARTESIAN_POINT('',(19.258775601,361.067255938,48.03220801));
#483=CARTESIAN_POINT('',(19.159872468,361.079137572,48.21438427));
#484=CARTESIAN_POINT('',(19.056948154,361.090995898,48.395011097));
#485=CARTESIAN_POINT('',(18.95402384,361.102854224,48.575637924));
#486=CARTESIAN_POINT('',(18.846897494,361.114706648,48.754972038));
#487=CARTESIAN_POINT('',(18.736683844,361.126430377,48.931156894));
#488=CARTESIAN_POINT('',(18.516256543,361.149877837,49.283526606));
#489=CARTESIAN_POINT('',(18.282733041,361.172904898,49.624757283));
#490=CARTESIAN_POINT('',(18.036450735,361.195522392,49.955135901));
#491=CARTESIAN_POINT('',(17.543886123,361.240757379,50.615893136));
#492=CARTESIAN_POINT('',(17.000521372,361.284361642,51.233442077));
#493=CARTESIAN_POINT('',(16.405964362,361.326322593,51.807449206));
#494=CARTESIAN_POINT('',(16.108685857,361.347303068,52.09445277));
#495=CARTESIAN_POINT('',(15.797654881,361.367925488,52.371234333));
#496=CARTESIAN_POINT('',(15.475288055,361.387999046,52.63510262));
#497=CARTESIAN_POINT('',(15.15292123,361.408072605,52.898970908));
#498=CARTESIAN_POINT('',(14.821835149,361.427441526,53.147910726));
#499=CARTESIAN_POINT('',(14.482278821,361.446125933,53.382348404));
#500=CARTESIAN_POINT('',(13.803166165,361.483494746,53.85122376));
#501=CARTESIAN_POINT('',(13.090334799,361.518138615,54.262368407));
#502=CARTESIAN_POINT('',(12.343715172,361.550051921,54.615663263));
#503=CARTESIAN_POINT('',(11.597095545,361.581965227,54.968958118));
#504=CARTESIAN_POINT('',(10.810426342,361.611299501,55.26531257));
#505=CARTESIAN_POINT('',(10.015764127,361.636854358,55.49256146));
#506=CARTESIAN_POINT('',(9.221101912,361.662409215,55.71981035));
#507=CARTESIAN_POINT('',(8.413717048,361.684445913,55.881236894));
#508=CARTESIAN_POINT('',(7.593657875,361.702977818,55.977091178));
#509=CARTESIAN_POINT('',(7.183628288,361.712243771,56.025018321));
#510=CARTESIAN_POINT('',(6.770414668,361.720629251,56.056472437));
#511=CARTESIAN_POINT('',(6.353926868,361.728109332,56.070987136));
#512=CARTESIAN_POINT('',(5.937439067,361.735589412,56.085501834));
#513=CARTESIAN_POINT('',(5.519449512,361.742126457,56.082912709));
#514=CARTESIAN_POINT('',(5.103595489,361.747666628,56.063296191));
#515=CARTESIAN_POINT('',(4.687741465,361.7532068,56.043679674));
#516=CARTESIAN_POINT('',(4.272928696,361.757770633,56.007089496));
#517=CARTESIAN_POINT('',(3.859164179,361.761351568,55.953411588));
#518=CARTESIAN_POINT('',(3.445399661,361.764932502,55.89973368));
#519=CARTESIAN_POINT('',(3.034152164,361.767511722,55.829050636));
#520=CARTESIAN_POINT('',(2.629311205,361.769087602,55.742433646));
#521=CARTESIAN_POINT('',(1.819629287,361.772239361,55.569199667));
#522=CARTESIAN_POINT('',(1.030691949,361.771441104,55.331969776));
#523=CARTESIAN_POINT('',(0.262277555,361.766735032,55.031427715));
#524=CARTESIAN_POINT('',(-0.121929642,361.764381997,54.881156684));
#525=CARTESIAN_POINT('',(-0.500981367,361.761047298,54.714981303));
#526=CARTESIAN_POINT('',(-0.874748955,361.756706435,54.532504642));
#527=CARTESIAN_POINT('',(-1.248516543,361.752365573,54.350027981));
#528=CARTESIAN_POINT('',(-1.616936909,361.747006353,54.151052186));
#529=CARTESIAN_POINT('',(-1.973297249,361.740737124,53.939391987));
#530=CARTESIAN_POINT('',(-2.686017929,361.728198667,53.516071591));
#531=CARTESIAN_POINT('',(-3.357823256,361.711970606,53.039065404));
#532=CARTESIAN_POINT('',(-3.989371705,361.69211232,52.509237421));
#533=CARTESIAN_POINT('',(-4.30514593,361.682183178,52.24432343));
#534=CARTESIAN_POINT('',(-4.610807406,361.671342103,51.966140314));
#535=CARTESIAN_POINT('',(-4.906134821,361.659569138,51.674397686));
#536=CARTESIAN_POINT('',(-5.201462236,361.647796174,51.382655057));
#537=CARTESIAN_POINT('',(-5.487230346,361.635041861,51.076259059));
#538=CARTESIAN_POINT('',(-5.757568619,361.621570079,50.761536995));
#539=CARTESIAN_POINT('',(-6.298245166,361.594626514,50.132092869));
#540=CARTESIAN_POINT('',(-6.782302739,361.564670486,49.465380251));
#541=CARTESIAN_POINT('',(-7.210972409,361.531767494,48.762209477));
#542=CARTESIAN_POINT('',(-7.425307244,361.515315998,48.41062409));
#543=CARTESIAN_POINT('',(-7.625728428,361.498124214,48.049880275));
#544=CARTESIAN_POINT('',(-7.81197108,361.480178048,47.679803679));
#545=CARTESIAN_POINT('',(-7.998213733,361.462231882,47.309727084));
#546=CARTESIAN_POINT('',(-8.170936693,361.443440158,46.928518784));
#547=CARTESIAN_POINT('',(-8.326674124,361.424162218,46.543514471));
#548=CARTESIAN_POINT('',(-8.638148986,361.385606338,45.773505846));
#549=CARTESIAN_POINT('',(-8.88354653,361.345059652,44.986973211));
#550=CARTESIAN_POINT('',(-9.064675333,361.302576647,44.184368841));
#551=CARTESIAN_POINT('',(-9.155239734,361.281335145,43.783066656));
#552=CARTESIAN_POINT('',(-9.229656148,361.259607129,43.37772633));
#553=CARTESIAN_POINT('',(-9.287666276,361.237384817,42.968283271));
#554=CARTESIAN_POINT('',(-9.31667134,361.226273661,42.763561742));
#555=CARTESIAN_POINT('',(-9.341569781,361.215038779,42.557813266));
#556=CARTESIAN_POINT('',(-9.362297396,361.203678237,42.351021788));
#557=CARTESIAN_POINT('',(-9.383025012,361.192317694,42.14423031));
#558=CARTESIAN_POINT('',(-9.399593804,361.180808121,41.935979096));
#559=CARTESIAN_POINT('',(-9.411826347,361.169268266,41.728418599));
#560=CARTESIAN_POINT('',(-9.460756519,361.123108847,40.898176608));
#561=CARTESIAN_POINT('',(-9.441492499,361.0762141,40.074214446));
#562=CARTESIAN_POINT('',(-9.356280713,361.028608247,39.256325243));
#563=CARTESIAN_POINT('',(-9.31367482,361.00480532,38.847380642));
#564=CARTESIAN_POINT('',(-9.254497651,360.980823708,38.439962047));
#565=CARTESIAN_POINT('',(-9.178532274,360.956661071,38.034089434));
#566=CARTESIAN_POINT('',(-9.102566896,360.932498434,37.628216822));
#567=CARTESIAN_POINT('',(-9.009593321,360.908105906,37.223088135));
#568=CARTESIAN_POINT('',(-8.899741394,360.883630822,36.821272505));
#569=CARTESIAN_POINT('',(-8.680037539,360.834680654,36.017641244));
#570=CARTESIAN_POINT('',(-8.397676073,360.786347774,35.242647303));
#571=CARTESIAN_POINT('',(-8.055076928,360.738608343,34.495184667));
#572=CARTESIAN_POINT('',(-7.712477784,360.690868911,33.747722031));
#573=CARTESIAN_POINT('',(-7.30963858,360.643722951,33.027791787));
#574=CARTESIAN_POINT('',(-6.844076183,360.597194926,32.336528837));
#575=CARTESIAN_POINT('',(-6.611294984,360.573930913,31.990897362));
#576=CARTESIAN_POINT('',(-6.365064803,360.551059164,31.656007084));
#577=CARTESIAN_POINT('',(-6.106958972,360.528684923,31.333274479));
#578=CARTESIAN_POINT('',(-5.84885314,360.506310682,31.010541874));
#579=CARTESIAN_POINT('',(-5.578485701,360.484395654,30.699398778));
#580=CARTESIAN_POINT('',(-5.295985272,360.462935022,30.399723625));
#581=CARTESIAN_POINT('',(-4.730984415,360.420013758,29.80037332));
#582=CARTESIAN_POINT('',(-4.117701058,360.378900736,29.246659));
#583=CARTESIAN_POINT('',(-3.454217735,360.339667767,28.740393028));
#584=B_SPLINE_CURVE_WITH_KNOTS('',3,(#436,#437,#438,#439,#440,#441,#442,#443,#444,#445,#446,#447,#448,#449,#450,#451,#452,#453,#454,#455,#456,#457,#458,#459,#460,#461,
#462,#463,#464,#465,#466,#467,#468,#469,#470,#471,#472,#473,#474,#475,#476,#477,#478,#479,#480,#481,#482,#483,#484,#485,#486,
#487,#488,#489,#490,#491,#492,#493,#494,#495,#496,#497,#498,#499,#500,#501,#502,#503,#504,#505,#506,#507,#508,#509,#510,#511,
#512,#513,#514,#515,#516,#517,#518,#519,#520,#521,#522,#523,#524,#525,#526,#527,#528,#529,#530,#531,#532,#533,#534,#535,#536,
#537,#538,#539,#540,#541,#542,#543,#544,#545,#546,#547,#548,#549,#550,#551,#552,#553,#554,#555,#556,#557,#558,#559,#560,#561,
#562,#563,#564,#565,#566,#567,#568,#569,#570,#571,#572,#573,#574,#575,#576,#577,#578,#579,#580,#581,#582,#583),.UNSPECIFIED.,.F.,.F.,(4,3,3,3,3,3,3,3,3,3,3,3,3,3,3,3,3,3,3,3,3,3,3,3,3,3,
3,3,3,3,3,3,3,3,3,3,3,3,3,3,3,3,3,3,3,3,3,3,3,4),(0.,0.002470894,0.004941789,0.006177236,0.007412683,0.009883578,0.010501301,0.011119025,0.012354472,0.014825367,0.016060814,0.017296261,0.019767156,0.021002603,0.02223805,0.024708945,0.025326668,0.025944392,0.027179839,0.029650733,0.030886181,0.032121628,0.034592522,0.037063417,0.039534311,0.040769759,
0.042005206,0.043240653,0.0444761,0.046946995,0.048182442,0.049417889,0.051888784,0.053124231,0.054359678,0.056830573,0.05806602,0.059301467,0.061772361,0.063007809,0.063625532,0.064243256,0.06671415,0.067949598,0.069185045,0.071655939,0.074126834,0.075362281,0.076597728,0.079068623),.UNSPECIFIED.);
#585=EDGE_CURVE('',#435,#280,#584,.T.);
#586=ORIENTED_EDGE('',*,*,#585,.F.);
#587=CARTESIAN_POINT('',(12.022800575,359.990836899,26.947650067));
#588=DIRECTION('',(-0.993109294,0.022383328,0.115034412));
#589=VECTOR('',#588,15.584405862);
#590=LINE('',#587,#589);
#591=EDGE_CURVE('',#435,#282,#590,.T.);
#592=ORIENTED_EDGE('',*,*,#591,.T.);
#593=EDGE_LOOP('',(#433,#586,#592));
#594=FACE_BOUND('',#593,.T.);
#595=ADVANCED_FACE('',(#278,#594),#275,.T.);
#596=CARTESIAN_POINT('',(5.812110462,361.327479279,40.807766576));
#597=DIRECTION('',(-0.011940057,-0.995808186,0.090683468));
#598=DIRECTION('',(-0.,-0.090689933,-0.995879177));
#599=AXIS2_PLACEMENT_3D('',#596,#597,#598);
#600=PLANE('',#599);
#601=ORIENTED_EDGE('',*,*,#591,.F.);
#602=CARTESIAN_POINT('',(5.812110462,361.327479279,40.807766576));
#603=DIRECTION('',(-0.011940057,-0.995808186,0.090683468));
#604=DIRECTION('',(0.,0.090689933,0.995879177));
#605=AXIS2_PLACEMENT_3D('',#602,#603,#604);
#606=CIRCLE('',#605,15.246708306);
#607=EDGE_CURVE('',#282,#435,#606,.T.);
#608=ORIENTED_EDGE('',*,*,#607,.F.);
#609=EDGE_LOOP('',(#601,#608));
#610=FACE_BOUND('',#609,.T.);
#611=ADVANCED_FACE('',(#610),#600,.F.);
#612=CARTESIAN_POINT('',(5.206590106,310.826705847,45.406629413));
#613=DIRECTION('',(-0.011940057,-0.995808186,0.090683468));
#614=DIRECTION('',(-0.,-0.090689933,-0.995879177));
#615=AXIS2_PLACEMENT_3D('',#612,#613,#614);
#616=PLANE('',#615);
#617=CARTESIAN_POINT('',(5.206590106,312.209428796,60.59050874));
#618=VERTEX_POINT('',#617);
#619=CARTESIAN_POINT('',(5.206590106,310.826705847,45.406629413));
#620=DIRECTION('',(-0.011940057,-0.995808186,0.090683468));
#621=DIRECTION('',(0.,0.090689933,0.995879177));
#622=AXIS2_PLACEMENT_3D('',#619,#620,#621);
#623=CIRCLE('',#622,15.246708306);
#624=EDGE_CURVE('',#618,#618,#623,.T.);
#625=ORIENTED_EDGE('',*,*,#624,.T.);
#626=EDGE_LOOP('',(#625));
#627=FACE_BOUND('',#626,.T.);
#628=ADVANCED_FACE('',(#627),#616,.T.);
#629=CARTESIAN_POINT('',(5.812110462,362.710202228,55.991645903));
#630=CARTESIAN_POINT('',(5.206590106,312.209428796,60.59050874));
#631=CARTESIAN_POINT('',(-24.679132426,363.072795006,55.95862632));
#632=CARTESIAN_POINT('',(-25.284652782,312.572021573,60.557489157));
#633=CARTESIAN_POINT('',(-24.679132426,360.307349108,25.590867666));
#634=CARTESIAN_POINT('',(-25.284652782,309.806575676,30.189730503));
#635=CARTESIAN_POINT('',(5.812110462,359.944756331,25.623887249));
#636=CARTESIAN_POINT('',(5.206590106,309.443982898,30.222750086));
#637=CARTESIAN_POINT('',(36.30335335,359.582163553,25.656906831));
#638=CARTESIAN_POINT('',(35.697832994,309.08139012,30.255769668));
#639=CARTESIAN_POINT('',(36.30335335,362.34760945,56.024665485));
#640=CARTESIAN_POINT('',(35.697832994,311.846836018,60.623528322));
#641=CARTESIAN_POINT('',(5.812110462,362.710202228,55.991645903));
#642=CARTESIAN_POINT('',(5.206590106,312.209428796,60.59050874));
#643=(BOUNDED_SURFACE()
B_SPLINE_SURFACE(3,1,((#629,#630),(#631,#632),(#633,#634),(#635,#636),(#637,#638),(#639,#640),(#641,#642)),.UNSPECIFIED.,.T.,.F.,.U.)
B_SPLINE_SURFACE_WITH_KNOTS((4,3,4),(2,2),(0.,0.5,1.),(0.,1.),.UNSPECIFIED.)
GEOMETRIC_REPRESENTATION_ITEM()
RATIONAL_B_SPLINE_SURFACE(((1.,1.),(0.333333333,0.333333333),(0.333333333,0.333333333),(1.,1.),(0.333333333,0.333333333),(0.333333333,0.333333333),(1.,1.)))
REPRESENTATION_ITEM('')
SURFACE()
);
#644=CARTESIAN_POINT('',(5.206590106,312.209428796,60.59050874));
#645=CARTESIAN_POINT('',(5.800447237,361.737482007,56.08022686));
#646=B_SPLINE_CURVE_WITH_KNOTS('',1,(#644,#645),.UNSPECIFIED.,.F.,.F.,(2,2),(0.,0.980738508),.UNSPECIFIED.);
#647=EDGE_CURVE('',#618,#280,#646,.T.);
#648=ORIENTED_EDGE('',*,*,#647,.T.);
#649=ORIENTED_EDGE('',*,*,#432,.T.);
#650=ORIENTED_EDGE('',*,*,#607,.T.);
#651=ORIENTED_EDGE('',*,*,#585,.T.);
#652=ORIENTED_EDGE('',*,*,#647,.F.);
#653=ORIENTED_EDGE('',*,*,#624,.F.);
#654=EDGE_LOOP('',(#648,#649,#650,#651,#652,#653));
#655=FACE_BOUND('',#654,.T.);
#656=ADVANCED_FACE('',(#655),#643,.T.);
#657=CARTESIAN_POINT('',(90.535485712,418.123456252,-78.612027498));
#658=DIRECTION('',(0.,0.094507064,0.995524191));
#659=DIRECTION('',(0.,-0.995524191,0.094507064));
#660=AXIS2_PLACEMENT_3D('',#657,#658,#659);
#661=PLANE('',#660);
#662=CARTESIAN_POINT('',(72.723913229,418.846053426,-78.680625064));
#663=VERTEX_POINT('',#662);
#664=CARTESIAN_POINT('',(72.723913229,507.828773421,-87.127929163));
#665=VERTEX_POINT('',#664);
#666=CARTESIAN_POINT('',(72.723913229,418.846053426,-78.680625064));
#667=DIRECTION('',(0.,0.995524191,-0.094507064));
#668=VECTOR('',#667,89.382780245);
#669=LINE('',#666,#668);
#670=EDGE_CURVE('',#663,#665,#669,.T.);
#671=ORIENTED_EDGE('',*,*,#670,.F.);
#672=CARTESIAN_POINT('',(44.266604621,418.846053426,-78.680625064));
#673=VERTEX_POINT('',#672);
#674=CARTESIAN_POINT('',(72.723913229,418.846053426,-78.680625064));
#675=DIRECTION('',(-1.,-0.,0.));
#676=VECTOR('',#675,28.457308608);
#677=LINE('',#674,#676);
#678=EDGE_CURVE('',#663,#673,#677,.T.);
#679=ORIENTED_EDGE('',*,*,#678,.T.);
#680=CARTESIAN_POINT('',(44.266604621,507.828773421,-87.127929163));
#681=VERTEX_POINT('',#680);
#682=CARTESIAN_POINT('',(44.266604621,418.846053426,-78.680625064));
#683=DIRECTION('',(0.,0.995524191,-0.094507064));
#684=VECTOR('',#683,89.382780245);
#685=LINE('',#682,#684);
#686=EDGE_CURVE('',#673,#681,#685,.T.);
#687=ORIENTED_EDGE('',*,*,#686,.T.);
#688=CARTESIAN_POINT('',(72.723913229,507.828773421,-87.127929163));
#689=DIRECTION('',(-1.,0.,0.));
#690=VECTOR('',#689,28.457308608);
#691=LINE('',#688,#690);
#692=EDGE_CURVE('',#665,#681,#691,.T.);
#693=ORIENTED_EDGE('',*,*,#692,.F.);
#694=EDGE_LOOP('',(#671,#679,#687,#693));
#695=FACE_BOUND('',#694,.T.);
#696=ADVANCED_FACE('',(#695),#661,.F.);
#697=CARTESIAN_POINT('',(90.535485712,507.828773421,-87.127929163));
#698=DIRECTION('',(0.,-0.399389801,0.91678121));
#699=DIRECTION('',(0.,-0.91678121,-0.399389801));
#700=AXIS2_PLACEMENT_3D('',#697,#698,#699);
#701=PLANE('',#700);
#702=ORIENTED_EDGE('',*,*,#692,.T.);
#703=CARTESIAN_POINT('',(44.266604621,589.797729911,-51.418683783));
#704=VERTEX_POINT('',#703);
#705=CARTESIAN_POINT('',(44.266604621,507.828773421,-87.127929163));
#706=DIRECTION('',(0.,0.91678121,0.399389801));
#707=VECTOR('',#706,89.409507512);
#708=LINE('',#705,#707);
#709=EDGE_CURVE('',#681,#704,#708,.T.);
#710=ORIENTED_EDGE('',*,*,#709,.T.);
#711=CARTESIAN_POINT('',(72.723913229,589.797729911,-51.418683783));
#712=VERTEX_POINT('',#711);
#713=CARTESIAN_POINT('',(72.723913229,589.797729911,-51.418683783));
#714=DIRECTION('',(-1.,0.,0.));
#715=VECTOR('',#714,28.457308608);
#716=LINE('',#713,#715);
#717=EDGE_CURVE('',#712,#704,#716,.T.);
#718=ORIENTED_EDGE('',*,*,#717,.F.);
#719=CARTESIAN_POINT('',(72.723913229,507.828773421,-87.127929163));
#720=DIRECTION('',(0.,0.91678121,0.399389801));
#721=VECTOR('',#720,89.409507512);
#722=LINE('',#719,#721);
#723=EDGE_CURVE('',#665,#712,#722,.T.);
#724=ORIENTED_EDGE('',*,*,#723,.F.);
#725=EDGE_LOOP('',(#702,#710,#718,#724));
#726=FACE_BOUND('',#725,.T.);
#727=ADVANCED_FACE('',(#726),#701,.F.);
#728=CARTESIAN_POINT('',(72.723913229,589.797729911,-51.418683783));
#729=CARTESIAN_POINT('',(44.266604621,589.797729911,-51.418683783));
#730=CARTESIAN_POINT('',(72.723913229,611.705464728,-39.653726657));
#731=CARTESIAN_POINT('',(44.266604621,611.705464728,-39.653726657));
#732=CARTESIAN_POINT('',(72.723913229,597.820035632,10.787219855));
#733=CARTESIAN_POINT('',(44.266604621,597.820035632,10.787219855));
#734=CARTESIAN_POINT('',(72.723913229,548.407485353,10.666711498));
#735=CARTESIAN_POINT('',(44.266604621,548.407485353,10.666711498));
#736=B_SPLINE_SURFACE_WITH_KNOTS('',3,1,((#728,#729),(#730,#731),(#732,#733),(#734,#735)),.UNSPECIFIED.,.F.,.F.,.U.,(4,4),(2,2),(0.,1.),(0.218144018,0.566669767),.UNSPECIFIED.);
#737=ORIENTED_EDGE('',*,*,#717,.T.);
#738=CARTESIAN_POINT('',(44.266604621,548.407485353,10.666711498));
#739=VERTEX_POINT('',#738);
#740=CARTESIAN_POINT('',(44.266604621,589.797729911,-51.418683783));
#741=CARTESIAN_POINT('',(44.266604621,590.247543708,-51.177123435));
#742=CARTESIAN_POINT('',(44.266604621,590.687043375,-50.91671257));
#743=CARTESIAN_POINT('',(44.266604621,591.115853304,-50.636764717));
#744=CARTESIAN_POINT('',(44.266604621,591.330258268,-50.49679079));
#745=CARTESIAN_POINT('',(44.266604621,591.54198916,-50.351929621));
#746=CARTESIAN_POINT('',(44.266604621,591.750989275,-50.202077576));
#747=CARTESIAN_POINT('',(44.266604621,591.959989389,-50.05222553));
#748=CARTESIAN_POINT('',(44.266604621,592.166397863,-49.897232059));
#749=CARTESIAN_POINT('',(44.266604621,592.368005916,-49.738788115));
#750=CARTESIAN_POINT('',(44.266604621,593.174438128,-49.10501234));
#751=CARTESIAN_POINT('',(44.266604621,593.912696367,-48.410448724));
#752=CARTESIAN_POINT('',(44.266604621,594.587156004,-47.6589986));
#753=CARTESIAN_POINT('',(44.266604621,595.261615641,-46.907548476));
#754=CARTESIAN_POINT('',(44.266604621,595.87225854,-46.099195672));
#755=CARTESIAN_POINT('',(44.266604621,596.420875195,-45.235536695));
#756=CARTESIAN_POINT('',(44.266604621,596.695183522,-44.803707207));
#757=CARTESIAN_POINT('',(44.266604621,596.954327052,-44.356890284));
#758=CARTESIAN_POINT('',(44.266604621,597.193678885,-43.90502077));
#759=CARTESIAN_POINT('',(44.266604621,597.433030718,-43.453151256));
#760=CARTESIAN_POINT('',(44.266604621,597.653947082,-42.99429089));
#761=CARTESIAN_POINT('',(44.266604621,597.857717868,-42.528928808));
#762=CARTESIAN_POINT('',(44.266604621,598.26525944,-41.598204644));
#763=CARTESIAN_POINT('',(44.266604621,598.604451569,-40.64156192));
#764=CARTESIAN_POINT('',(44.266604621,598.882215594,-39.661625252));
#765=CARTESIAN_POINT('',(44.266604621,599.021097606,-39.171656919));
#766=CARTESIAN_POINT('',(44.266604621,599.144560782,-38.67584166));
#767=CARTESIAN_POINT('',(44.266604621,599.253147109,-38.174385002));
#768=CARTESIAN_POINT('',(44.266604621,599.361733435,-37.672928344));
#769=CARTESIAN_POINT('',(44.266604621,599.45471966,-37.168964586));
#770=CARTESIAN_POINT('',(44.266604621,599.53278415,-36.665199618));
#771=CARTESIAN_POINT('',(44.266604621,599.688913131,-35.657669682));
#772=CARTESIAN_POINT('',(44.266604621,599.78630453,-34.64760327));
#773=CARTESIAN_POINT('',(44.266604621,599.83183742,-33.635297443));
#774=CARTESIAN_POINT('',(44.266604621,599.87737031,-32.622991617));
#775=CARTESIAN_POINT('',(44.266604621,599.870965709,-31.608442964));
#776=CARTESIAN_POINT('',(44.266604621,599.816595175,-30.591822991));
#777=CARTESIAN_POINT('',(44.266604621,599.789409908,-30.083513004));
#778=CARTESIAN_POINT('',(44.266604621,599.750196025,-29.574683583));
#779=CARTESIAN_POINT('',(44.266604621,599.699250691,-29.065347561));
#780=CARTESIAN_POINT('',(44.266604621,599.648305357,-28.556011539));
#781=CARTESIAN_POINT('',(44.266604621,599.585811057,-28.048321454));
#782=CARTESIAN_POINT('',(44.266604621,599.512675988,-27.544573215));
#783=CARTESIAN_POINT('',(44.266604621,599.36640585,-26.537076737));
#784=CARTESIAN_POINT('',(44.266604621,599.177389835,-25.542221093));
#785=CARTESIAN_POINT('',(44.266604621,598.949345799,-24.558906838));
#786=CARTESIAN_POINT('',(44.266604621,598.493257727,-22.592278328));
#787=CARTESIAN_POINT('',(44.266604621,597.882065333,-20.671517355));
#788=CARTESIAN_POINT('',(44.266604621,597.12851097,-18.792855744));
#789=CARTESIAN_POINT('',(44.266604621,596.374956607,-16.914194133));
#790=CARTESIAN_POINT('',(44.266604621,595.473449956,-15.070762519));
#791=CARTESIAN_POINT('',(44.266604621,594.448882752,-13.30372902));
#792=CARTESIAN_POINT('',(44.266604621,594.192740951,-12.861970645));
#793=CARTESIAN_POINT('',(44.266604621,593.928382799,-12.423984934));
#794=CARTESIAN_POINT('',(44.266604621,593.657189747,-11.991841186));
#795=CARTESIAN_POINT('',(44.266604621,593.385996695,-11.559697437));
#796=CARTESIAN_POINT('',(44.266604621,593.108107407,-11.133560123));
#797=CARTESIAN_POINT('',(44.266604621,592.823684685,-10.713283214));
#798=CARTESIAN_POINT('',(44.266604621,592.254839241,-9.872729394));
#799=CARTESIAN_POINT('',(44.266604621,591.659894495,-9.055586302));
#800=CARTESIAN_POINT('',(44.266604621,591.039761136,-8.261037062));
#801=CARTESIAN_POINT('',(44.266604621,589.799494417,-6.671938583));
#802=CARTESIAN_POINT('',(44.266604621,588.458803969,-5.172918858));
#803=CARTESIAN_POINT('',(44.266604621,587.020138185,-3.76178171));
#804=CARTESIAN_POINT('',(44.266604621,586.300805293,-3.056213135));
#805=CARTESIAN_POINT('',(44.266604621,585.556890068,-2.372694588));
#806=CARTESIAN_POINT('',(44.266604621,584.788222466,-1.711378595));
#807=CARTESIAN_POINT('',(44.266604621,584.403888666,-1.380720598));
#808=CARTESIAN_POINT('',(44.266604621,584.013362656,-1.05561693));
#809=CARTESIAN_POINT('',(44.266604621,583.616596499,-0.736110592));
#810=CARTESIAN_POINT('',(44.266604621,583.219830341,-0.416604255));
#811=CARTESIAN_POINT('',(44.266604621,582.816351918,-0.102373676));
#812=CARTESIAN_POINT('',(44.266604621,582.40955318,0.20402273));
#813=CARTESIAN_POINT('',(44.266604621,580.782358229,1.429608355));
#814=CARTESIAN_POINT('',(44.266604621,579.092078497,2.538816361));
#815=CARTESIAN_POINT('',(44.266604621,577.342880206,3.539332514));
#816=CARTESIAN_POINT('',(44.266604621,575.593681915,4.539848668));
#817=CARTESIAN_POINT('',(44.266604621,573.785505465,5.43156302));
#818=CARTESIAN_POINT('',(44.266604621,571.920480862,6.218404968));
#819=CARTESIAN_POINT('',(44.266604621,570.98796856,6.611825942));
#820=CARTESIAN_POINT('',(44.266604621,570.041218105,6.978980637));
#821=CARTESIAN_POINT('',(44.266604621,569.080360413,7.320110566));
#822=CARTESIAN_POINT('',(44.266604621,568.599931567,7.490675531));
#823=CARTESIAN_POINT('',(44.266604621,568.117244845,7.654261333));
#824=CARTESIAN_POINT('',(44.266604621,567.634281477,7.810427932));
#825=CARTESIAN_POINT('',(44.266604621,567.151318109,7.966594531));
#826=CARTESIAN_POINT('',(44.266604621,566.667483026,8.115554764));
#827=CARTESIAN_POINT('',(44.266604621,566.182804667,8.257543718));
#828=CARTESIAN_POINT('',(44.266604621,564.244091232,8.825499532));
#829=CARTESIAN_POINT('',(44.266604621,562.29192398,9.282234068));
#830=CARTESIAN_POINT('',(44.266604621,560.327778893,9.639949098));
#831=CARTESIAN_POINT('',(44.266604621,558.363633805,9.997664127));
#832=CARTESIAN_POINT('',(44.266604621,556.387499451,10.256265153));
#833=CARTESIAN_POINT('',(44.266604621,554.400466048,10.424764897));
#834=CARTESIAN_POINT('',(44.266604621,552.413432645,10.59326464));
#835=CARTESIAN_POINT('',(44.266604621,550.41549361,10.67160867));
#836=CARTESIAN_POINT('',(44.266604621,548.407485353,10.666711498));
#837=B_SPLINE_CURVE_WITH_KNOTS('',3,(#740,#741,#742,#743,#744,#745,#746,#747,#748,#749,#750,#751,#752,#753,#754,#755,#756,#757,#758,#759,#760,#761,#762,#763,#764,#765,
#766,#767,#768,#769,#770,#771,#772,#773,#774,#775,#776,#777,#778,#779,#780,#781,#782,#783,#784,#785,#786,#787,#788,#789,#790,
#791,#792,#793,#794,#795,#796,#797,#798,#799,#800,#801,#802,#803,#804,#805,#806,#807,#808,#809,#810,#811,#812,#813,#814,#815,
#816,#817,#818,#819,#820,#821,#822,#823,#824,#825,#826,#827,#828,#829,#830,#831,#832,#833,#834,#835,#836),.UNSPECIFIED.,.F.,.F.,(4,3,3,3,3,3,3,3,3,3,3,3,3,3,3,3,3,3,3,3,3,3,3,3,3,3,
3,3,3,3,3,3,4),(0.314881994,0.316388005,0.31714101,0.317894015,0.320906037,0.323918058,0.325424069,0.326930079,0.329942101,0.331448111,0.332954122,0.335966143,0.338978165,0.340484175,0.341990186,0.345002207,0.35102625,0.357050293,0.358556303,0.360062314,0.363074335,0.369098378,0.372110399,0.37361641,0.375122421,0.381146463,
0.387170506,0.390182527,0.391688538,0.393194549,0.399218592,0.405242634,0.411266677),.UNSPECIFIED.);
#838=EDGE_CURVE('',#704,#739,#837,.T.);
#839=ORIENTED_EDGE('',*,*,#838,.T.);
#840=CARTESIAN_POINT('',(72.723913229,548.407485353,10.666711498));
#841=VERTEX_POINT('',#840);
#842=CARTESIAN_POINT('',(72.723913229,548.407485353,10.666711498));
#843=DIRECTION('',(-1.,0.,0.));
#844=VECTOR('',#843,28.457308608);
#845=LINE('',#842,#844);
#846=EDGE_CURVE('',#841,#739,#845,.T.);
#847=ORIENTED_EDGE('',*,*,#846,.F.);
#848=CARTESIAN_POINT('',(72.723913229,589.797729911,-51.418683783));
#849=CARTESIAN_POINT('',(72.723913229,590.247543708,-51.177123435));
#850=CARTESIAN_POINT('',(72.723913229,590.687043375,-50.91671257));
#851=CARTESIAN_POINT('',(72.723913229,591.115853304,-50.636764717));
#852=CARTESIAN_POINT('',(72.723913229,591.330258268,-50.49679079));
#853=CARTESIAN_POINT('',(72.723913229,591.54198916,-50.351929621));
#854=CARTESIAN_POINT('',(72.723913229,591.750989275,-50.202077576));
#855=CARTESIAN_POINT('',(72.723913229,591.959989389,-50.05222553));
#856=CARTESIAN_POINT('',(72.723913229,592.166397863,-49.897232059));
#857=CARTESIAN_POINT('',(72.723913229,592.368005916,-49.738788115));
#858=CARTESIAN_POINT('',(72.723913229,593.174438128,-49.10501234));
#859=CARTESIAN_POINT('',(72.723913229,593.912696367,-48.410448724));
#860=CARTESIAN_POINT('',(72.723913229,594.587156004,-47.6589986));
#861=CARTESIAN_POINT('',(72.723913229,595.261615641,-46.907548476));
#862=CARTESIAN_POINT('',(72.723913229,595.87225854,-46.099195672));
#863=CARTESIAN_POINT('',(72.723913229,596.420875195,-45.235536695));
#864=CARTESIAN_POINT('',(72.723913229,596.695183522,-44.803707207));
#865=CARTESIAN_POINT('',(72.723913229,596.954327052,-44.356890284));
#866=CARTESIAN_POINT('',(72.723913229,597.193678885,-43.90502077));
#867=CARTESIAN_POINT('',(72.723913229,597.433030718,-43.453151256));
#868=CARTESIAN_POINT('',(72.723913229,597.653947082,-42.99429089));
#869=CARTESIAN_POINT('',(72.723913229,597.857717868,-42.528928808));
#870=CARTESIAN_POINT('',(72.723913229,598.26525944,-41.598204644));
#871=CARTESIAN_POINT('',(72.723913229,598.604451569,-40.64156192));
#872=CARTESIAN_POINT('',(72.723913229,598.882215594,-39.661625252));
#873=CARTESIAN_POINT('',(72.723913229,599.021097606,-39.171656919));
#874=CARTESIAN_POINT('',(72.723913229,599.144560782,-38.67584166));
#875=CARTESIAN_POINT('',(72.723913229,599.253147109,-38.174385002));
#876=CARTESIAN_POINT('',(72.723913229,599.361733435,-37.672928344));
#877=CARTESIAN_POINT('',(72.723913229,599.45471966,-37.168964586));
#878=CARTESIAN_POINT('',(72.723913229,599.53278415,-36.665199618));
#879=CARTESIAN_POINT('',(72.723913229,599.688913131,-35.657669681));
#880=CARTESIAN_POINT('',(72.723913229,599.78630453,-34.64760327));
#881=CARTESIAN_POINT('',(72.723913229,599.83183742,-33.635297443));
#882=CARTESIAN_POINT('',(72.723913229,599.87737031,-32.622991617));
#883=CARTESIAN_POINT('',(72.723913229,599.870965709,-31.608442964));
#884=CARTESIAN_POINT('',(72.723913229,599.816595175,-30.591822991));
#885=CARTESIAN_POINT('',(72.723913229,599.789409908,-30.083513004));
#886=CARTESIAN_POINT('',(72.723913229,599.750196025,-29.574683583));
#887=CARTESIAN_POINT('',(72.723913229,599.699250691,-29.065347561));
#888=CARTESIAN_POINT('',(72.723913229,599.648305357,-28.556011539));
#889=CARTESIAN_POINT('',(72.723913229,599.585811057,-28.048321454));
#890=CARTESIAN_POINT('',(72.723913229,599.512675988,-27.544573215));
#891=CARTESIAN_POINT('',(72.723913229,599.36640585,-26.537076737));
#892=CARTESIAN_POINT('',(72.723913229,599.177389835,-25.542221093));
#893=CARTESIAN_POINT('',(72.723913229,598.949345799,-24.558906838));
#894=CARTESIAN_POINT('',(72.723913229,598.493257727,-22.592278328));
#895=CARTESIAN_POINT('',(72.723913229,597.882065333,-20.671517355));
#896=CARTESIAN_POINT('',(72.723913229,597.12851097,-18.792855744));
#897=CARTESIAN_POINT('',(72.723913229,596.374956607,-16.914194133));
#898=CARTESIAN_POINT('',(72.723913229,595.473449956,-15.070762519));
#899=CARTESIAN_POINT('',(72.723913229,594.448882752,-13.30372902));
#900=CARTESIAN_POINT('',(72.723913229,594.192740951,-12.861970645));
#901=CARTESIAN_POINT('',(72.723913229,593.928382799,-12.423984934));
#902=CARTESIAN_POINT('',(72.723913229,593.657189747,-11.991841186));
#903=CARTESIAN_POINT('',(72.723913229,593.385996695,-11.559697437));
#904=CARTESIAN_POINT('',(72.723913229,593.108107407,-11.133560123));
#905=CARTESIAN_POINT('',(72.723913229,592.823684685,-10.713283214));
#906=CARTESIAN_POINT('',(72.723913229,592.254839241,-9.872729394));
#907=CARTESIAN_POINT('',(72.723913229,591.659894495,-9.055586302));
#908=CARTESIAN_POINT('',(72.723913229,591.039761136,-8.261037062));
#909=CARTESIAN_POINT('',(72.723913229,589.799494417,-6.671938583));
#910=CARTESIAN_POINT('',(72.723913229,588.458803969,-5.172918858));
#911=CARTESIAN_POINT('',(72.723913229,587.020138185,-3.76178171));
#912=CARTESIAN_POINT('',(72.723913229,586.300805293,-3.056213135));
#913=CARTESIAN_POINT('',(72.723913229,585.556890068,-2.372694588));
#914=CARTESIAN_POINT('',(72.723913229,584.788222466,-1.711378595));
#915=CARTESIAN_POINT('',(72.723913229,584.403888666,-1.380720598));
#916=CARTESIAN_POINT('',(72.723913229,584.013362656,-1.05561693));
#917=CARTESIAN_POINT('',(72.723913229,583.616596499,-0.736110592));
#918=CARTESIAN_POINT('',(72.723913229,583.219830341,-0.416604255));
#919=CARTESIAN_POINT('',(72.723913229,582.816351918,-0.102373676));
#920=CARTESIAN_POINT('',(72.723913229,582.40955318,0.20402273));
#921=CARTESIAN_POINT('',(72.723913229,580.782358229,1.429608355));
#922=CARTESIAN_POINT('',(72.723913229,579.092078497,2.538816361));
#923=CARTESIAN_POINT('',(72.723913229,577.342880206,3.539332514));
#924=CARTESIAN_POINT('',(72.723913229,575.593681915,4.539848668));
#925=CARTESIAN_POINT('',(72.723913229,573.785505465,5.43156302));
#926=CARTESIAN_POINT('',(72.723913229,571.920480862,6.218404968));
#927=CARTESIAN_POINT('',(72.723913229,570.98796856,6.611825942));
#928=CARTESIAN_POINT('',(72.723913229,570.041218105,6.978980637));
#929=CARTESIAN_POINT('',(72.723913229,569.080360413,7.320110566));
#930=CARTESIAN_POINT('',(72.723913229,568.599931567,7.490675531));
#931=CARTESIAN_POINT('',(72.723913229,568.117244845,7.654261333));
#932=CARTESIAN_POINT('',(72.723913229,567.634281477,7.810427932));
#933=CARTESIAN_POINT('',(72.723913229,567.151318109,7.966594531));
#934=CARTESIAN_POINT('',(72.723913229,566.667483026,8.115554764));
#935=CARTESIAN_POINT('',(72.723913229,566.182804667,8.257543718));
#936=CARTESIAN_POINT('',(72.723913229,564.244091232,8.825499532));
#937=CARTESIAN_POINT('',(72.723913229,562.29192398,9.282234068));
#938=CARTESIAN_POINT('',(72.723913229,560.327778893,9.639949098));
#939=CARTESIAN_POINT('',(72.723913229,558.363633805,9.997664127));
#940=CARTESIAN_POINT('',(72.723913229,556.387499451,10.256265153));
#941=CARTESIAN_POINT('',(72.723913229,554.400466048,10.424764897));
#942=CARTESIAN_POINT('',(72.723913229,552.413432645,10.59326464));
#943=CARTESIAN_POINT('',(72.723913229,550.41549361,10.67160867));
#944=CARTESIAN_POINT('',(72.723913229,548.407485353,10.666711498));
#945=B_SPLINE_CURVE_WITH_KNOTS('',3,(#848,#849,#850,#851,#852,#853,#854,#855,#856,#857,#858,#859,#860,#861,#862,#863,#864,#865,#866,#867,#868,#869,#870,#871,#872,#873,
#874,#875,#876,#877,#878,#879,#880,#881,#882,#883,#884,#885,#886,#887,#888,#889,#890,#891,#892,#893,#894,#895,#896,#897,#898,
#899,#900,#901,#902,#903,#904,#905,#906,#907,#908,#909,#910,#911,#912,#913,#914,#915,#916,#917,#918,#919,#920,#921,#922,#923,
#924,#925,#926,#927,#928,#929,#930,#931,#932,#933,#934,#935,#936,#937,#938,#939,#940,#941,#942,#943,#944),.UNSPECIFIED.,.F.,.F.,(4,3,3,3,3,3,3,3,3,3,3,3,3,3,3,3,3,3,3,3,3,3,3,3,3,3,
3,3,3,3,3,3,4),(0.314881994,0.316388005,0.31714101,0.317894015,0.320906037,0.323918058,0.325424069,0.326930079,0.329942101,0.331448111,0.332954122,0.335966143,0.338978165,0.340484175,0.341990186,0.345002207,0.35102625,0.357050293,0.358556303,0.360062314,0.363074335,0.369098378,0.372110399,0.37361641,0.375122421,0.381146463,
0.387170506,0.390182527,0.391688538,0.393194549,0.399218592,0.405242634,0.411266677),.UNSPECIFIED.);
#946=EDGE_CURVE('',#712,#841,#945,.T.);
#947=ORIENTED_EDGE('',*,*,#946,.F.);
#948=EDGE_LOOP('',(#737,#839,#847,#947));
#949=FACE_BOUND('',#948,.T.);
#950=ADVANCED_FACE('',(#949),#736,.F.);
#951=CARTESIAN_POINT('',(90.535485712,548.407485353,10.666711498));
#952=DIRECTION('',(0.,-0.003005528,-0.999995483));
#953=DIRECTION('',(0.,0.999995483,-0.003005528));
#954=AXIS2_PLACEMENT_3D('',#951,#952,#953);
#955=PLANE('',#954);
#956=ORIENTED_EDGE('',*,*,#846,.T.);
#957=CARTESIAN_POINT('',(44.266604621,425.512949456,11.036076077));
#958=VERTEX_POINT('',#957);
#959=CARTESIAN_POINT('',(44.266604621,548.407485353,10.666711498));
#960=DIRECTION('',(0.,-0.999995483,0.003005528));
#961=VECTOR('',#960,122.895090965);
#962=LINE('',#959,#961);
#963=EDGE_CURVE('',#739,#958,#962,.T.);
#964=ORIENTED_EDGE('',*,*,#963,.T.);
#965=CARTESIAN_POINT('',(72.723913229,425.512949456,11.036076077));
#966=VERTEX_POINT('',#965);
#967=CARTESIAN_POINT('',(72.723913229,425.512949456,11.036076077));
#968=DIRECTION('',(-1.,0.,0.));
#969=VECTOR('',#968,28.457308608);
#970=LINE('',#967,#969);
#971=EDGE_CURVE('',#966,#958,#970,.T.);
#972=ORIENTED_EDGE('',*,*,#971,.F.);
#973=CARTESIAN_POINT('',(72.723913229,548.407485353,10.666711498));
#974=DIRECTION('',(0.,-0.999995483,0.003005528));
#975=VECTOR('',#974,122.895090965);
#976=LINE('',#973,#975);
#977=EDGE_CURVE('',#841,#966,#976,.T.);
#978=ORIENTED_EDGE('',*,*,#977,.F.);
#979=EDGE_LOOP('',(#956,#964,#972,#978));
#980=FACE_BOUND('',#979,.T.);
#981=ADVANCED_FACE('',(#980),#955,.F.);
#982=CARTESIAN_POINT('',(90.535485712,425.512949456,11.036076077));
#983=DIRECTION('',(0.,0.996620045,-0.082149167));
#984=DIRECTION('',(0.,0.082149167,0.996620045));
#985=AXIS2_PLACEMENT_3D('',#982,#983,#984);
#986=PLANE('',#985);
#987=CARTESIAN_POINT('',(72.723913229,422.109796328,-30.250412147));
#988=VERTEX_POINT('',#987);
#989=CARTESIAN_POINT('',(72.723913229,421.848053472,-33.42583298));
#990=VERTEX_POINT('',#989);
#991=CARTESIAN_POINT('',(72.723913229,422.109796328,-30.250412147));
#992=DIRECTION('',(0.,-0.082149167,-0.996620045));
#993=VECTOR('',#992,3.186190011);
#994=LINE('',#991,#993);
#995=EDGE_CURVE('',#988,#990,#994,.T.);
#996=ORIENTED_EDGE('',*,*,#995,.F.);
#997=CARTESIAN_POINT('',(44.266604621,423.19168931,-17.125066272));
#998=VERTEX_POINT('',#997);
#999=CARTESIAN_POINT('',(54.710768017,421.9789249,-31.838122563));
#1000=DIRECTION('',(-0.,-0.996620045,0.082149167));
#1001=DIRECTION('',(0.,-0.082149167,-0.996620045));
#1002=AXIS2_PLACEMENT_3D('',#999,#1000,#1001);
#1003=ELLIPSE('',#1002,18.084039151,18.083450637);
#1004=EDGE_CURVE('',#988,#998,#1003,.T.);
#1005=ORIENTED_EDGE('',*,*,#1004,.T.);
#1006=CARTESIAN_POINT('',(44.266604621,420.766160489,-46.551178855));
#1007=VERTEX_POINT('',#1006);
#1008=CARTESIAN_POINT('',(44.266604621,423.19168931,-17.125066272));
#1009=DIRECTION('',(0.,-0.082149167,-0.996620045));
#1010=VECTOR('',#1009,29.525908822);
#1011=LINE('',#1008,#1010);
#1012=EDGE_CURVE('',#998,#1007,#1011,.T.);
#1013=ORIENTED_EDGE('',*,*,#1012,.T.);
#1014=CARTESIAN_POINT('',(54.710768017,420.493336143,-49.861038478));
#1015=VERTEX_POINT('',#1014);
#1016=CARTESIAN_POINT('',(54.710768017,421.9789249,-31.838122563));
#1017=DIRECTION('',(-0.,-0.996620045,0.082149167));
#1018=DIRECTION('',(0.,-0.082149167,-0.996620045));
#1019=AXIS2_PLACEMENT_3D('',#1016,#1017,#1018);
#1020=ELLIPSE('',#1019,18.084039151,18.083450637);
#1021=EDGE_CURVE('',#1007,#1015,#1020,.T.);
#1022=ORIENTED_EDGE('',*,*,#1021,.T.);
#1023=CARTESIAN_POINT('',(54.710768017,421.9789249,-31.838122563));
#1024=DIRECTION('',(-0.,-0.996620045,0.082149167));
#1025=DIRECTION('',(0.,-0.082149167,-0.996620045));
#1026=AXIS2_PLACEMENT_3D('',#1023,#1024,#1025);
#1027=ELLIPSE('',#1026,18.084039151,18.083450637);
#1028=EDGE_CURVE('',#1015,#990,#1027,.T.);
#1029=ORIENTED_EDGE('',*,*,#1028,.T.);
#1030=EDGE_LOOP('',(#996,#1005,#1013,#1022,#1029));
#1031=FACE_BOUND('',#1030,.T.);
#1032=ADVANCED_FACE('',(#1031),#986,.F.);
#1033=CARTESIAN_POINT('',(72.723913229,503.960593081,-69.273306473));
#1034=DIRECTION('',(1.,0.,0.));
#1035=DIRECTION('',(0.,0.,-1.));
#1036=AXIS2_PLACEMENT_3D('',#1033,#1034,#1035);
#1037=PLANE('',#1036);
#1038=CARTESIAN_POINT('',(72.723913229,422.206979214,-33.452504944));
#1039=VERTEX_POINT('',#1038);
#1040=CARTESIAN_POINT('',(72.723913229,422.206979214,-33.452504944));
#1041=DIRECTION('',(0.,-0.997250355,0.074106207));
#1042=VECTOR('',#1041,0.359915382);
#1043=LINE('',#1040,#1042);
#1044=EDGE_CURVE('',#1039,#990,#1043,.T.);
#1045=ORIENTED_EDGE('',*,*,#1044,.F.);
#1046=CARTESIAN_POINT('',(72.723913229,418.846053426,-78.680625064));
#1047=DIRECTION('',(0.,0.074106207,0.997250355));
#1048=VECTOR('',#1047,45.352824298);
#1049=LINE('',#1046,#1048);
#1050=EDGE_CURVE('',#663,#1039,#1049,.T.);
#1051=ORIENTED_EDGE('',*,*,#1050,.F.);
#1052=ORIENTED_EDGE('',*,*,#670,.T.);
#1053=ORIENTED_EDGE('',*,*,#723,.T.);
#1054=ORIENTED_EDGE('',*,*,#946,.T.);
#1055=ORIENTED_EDGE('',*,*,#977,.T.);
#1056=CARTESIAN_POINT('',(72.723913229,422.443087987,-30.275179229));
#1057=VERTEX_POINT('',#1056);
#1058=CARTESIAN_POINT('',(72.723913229,422.443087987,-30.275179229));
#1059=DIRECTION('',(0.,0.074106207,0.997250355));
#1060=VECTOR('',#1059,41.425159799);
#1061=LINE('',#1058,#1060);
#1062=EDGE_CURVE('',#1057,#966,#1061,.T.);
#1063=ORIENTED_EDGE('',*,*,#1062,.F.);
#1064=CARTESIAN_POINT('',(72.723913229,422.109796328,-30.250412147));
#1065=DIRECTION('',(-0.,0.997250355,-0.074106207));
#1066=VECTOR('',#1065,0.33421062);
#1067=LINE('',#1064,#1066);
#1068=EDGE_CURVE('',#988,#1057,#1067,.T.);
#1069=ORIENTED_EDGE('',*,*,#1068,.F.);
#1070=ORIENTED_EDGE('',*,*,#995,.T.);
#1071=EDGE_LOOP('',(#1045,#1051,#1052,#1053,#1054,#1055,#1063,#1069,#1070));
#1072=FACE_BOUND('',#1071,.T.);
#1073=CARTESIAN_POINT('',(72.723913229,451.28942278,-48.69796481));
#1074=VERTEX_POINT('',#1073);
#1075=CARTESIAN_POINT('',(72.723913229,474.013490048,-71.422032078));
#1076=VERTEX_POINT('',#1075);
#1077=CARTESIAN_POINT('',(72.723913229,474.013490048,-48.69796481));
#1078=DIRECTION('',(1.,0.,0.));
#1079=DIRECTION('',(0.,0.,-1.));
#1080=AXIS2_PLACEMENT_3D('',#1077,#1078,#1079);
#1081=CIRCLE('',#1080,22.724067268);
#1082=EDGE_CURVE('',#1074,#1076,#1081,.T.);
#1083=ORIENTED_EDGE('',*,*,#1082,.F.);
#1084=CARTESIAN_POINT('',(72.723913229,474.013490048,-48.69796481));
#1085=DIRECTION('',(1.,0.,0.));
#1086=DIRECTION('',(0.,0.,-1.));
#1087=AXIS2_PLACEMENT_3D('',#1084,#1085,#1086);
#1088=CIRCLE('',#1087,22.724067268);
#1089=EDGE_CURVE('',#1076,#1074,#1088,.T.);
#1090=ORIENTED_EDGE('',*,*,#1089,.F.);
#1091=EDGE_LOOP('',(#1083,#1090));
#1092=FACE_BOUND('',#1091,.T.);
#1093=ADVANCED_FACE('',(#1072,#1092),#1037,.T.);
#1094=CARTESIAN_POINT('',(44.266604621,503.960593081,-69.273306473));
#1095=DIRECTION('',(1.,0.,0.));
#1096=DIRECTION('',(0.,0.,-1.));
#1097=AXIS2_PLACEMENT_3D('',#1094,#1095,#1096);
#1098=PLANE('',#1097);
#1099=CARTESIAN_POINT('',(44.266604621,474.013490048,-71.422032078));
#1100=VERTEX_POINT('',#1099);
#1101=CARTESIAN_POINT('',(44.266604621,451.28942278,-48.69796481));
#1102=VERTEX_POINT('',#1101);
#1103=CARTESIAN_POINT('',(44.266604621,474.013490048,-48.69796481));
#1104=DIRECTION('',(1.,0.,0.));
#1105=DIRECTION('',(0.,0.,-1.));
#1106=AXIS2_PLACEMENT_3D('',#1103,#1104,#1105);
#1107=CIRCLE('',#1106,22.724067268);
#1108=EDGE_CURVE('',#1100,#1102,#1107,.T.);
#1109=ORIENTED_EDGE('',*,*,#1108,.T.);
#1110=CARTESIAN_POINT('',(44.266604621,474.013490048,-48.69796481));
#1111=DIRECTION('',(1.,0.,0.));
#1112=DIRECTION('',(0.,0.,-1.));
#1113=AXIS2_PLACEMENT_3D('',#1110,#1111,#1112);
#1114=CIRCLE('',#1113,22.724067268);
#1115=EDGE_CURVE('',#1102,#1100,#1114,.T.);
#1116=ORIENTED_EDGE('',*,*,#1115,.T.);
#1117=EDGE_LOOP('',(#1109,#1116));
#1118=FACE_BOUND('',#1117,.T.);
#1119=CARTESIAN_POINT('',(44.266604621,421.231042647,-46.585724497));
#1120=VERTEX_POINT('',#1119);
#1121=CARTESIAN_POINT('',(44.266604621,418.846053426,-78.680625064));
#1122=DIRECTION('',(0.,0.074106207,0.997250355));
#1123=VECTOR('',#1122,32.183393482);
#1124=LINE('',#1121,#1123);
#1125=EDGE_CURVE('',#673,#1120,#1124,.T.);
#1126=ORIENTED_EDGE('',*,*,#1125,.T.);
#1127=CARTESIAN_POINT('',(44.266604621,421.231042647,-46.585724497));
#1128=DIRECTION('',(0.,-0.997250355,0.074106207));
#1129=VECTOR('',#1128,0.466163944);
#1130=LINE('',#1127,#1129);
#1131=EDGE_CURVE('',#1120,#1007,#1130,.T.);
#1132=ORIENTED_EDGE('',*,*,#1131,.T.);
#1133=ORIENTED_EDGE('',*,*,#1012,.F.);
#1134=CARTESIAN_POINT('',(44.266604621,423.419024554,-17.141959676));
#1135=VERTEX_POINT('',#1134);
#1136=CARTESIAN_POINT('',(44.266604621,423.19168931,-17.125066272));
#1137=DIRECTION('',(-0.,0.997250355,-0.074106207));
#1138=VECTOR('',#1137,0.227962058);
#1139=LINE('',#1136,#1138);
#1140=EDGE_CURVE('',#998,#1135,#1139,.T.);
#1141=ORIENTED_EDGE('',*,*,#1140,.T.);
#1142=CARTESIAN_POINT('',(44.266604621,423.419024554,-17.141959676));
#1143=DIRECTION('',(0.,0.074106207,0.997250355));
#1144=VECTOR('',#1143,28.255728983);
#1145=LINE('',#1142,#1144);
#1146=EDGE_CURVE('',#1135,#958,#1145,.T.);
#1147=ORIENTED_EDGE('',*,*,#1146,.T.);
#1148=ORIENTED_EDGE('',*,*,#963,.F.);
#1149=ORIENTED_EDGE('',*,*,#838,.F.);
#1150=ORIENTED_EDGE('',*,*,#709,.F.);
#1151=ORIENTED_EDGE('',*,*,#686,.F.);
#1152=EDGE_LOOP('',(#1126,#1132,#1133,#1141,#1147,#1148,#1149,#1150,#1151));
#1153=FACE_BOUND('',#1152,.T.);
#1154=ADVANCED_FACE('',(#1118,#1153),#1098,.F.);
#1155=CARTESIAN_POINT('',(371.8344098,474.013490048,-48.69796481));
#1156=DIRECTION('',(-1.,0.,0.));
#1157=DIRECTION('',(-0.,-1.,0.));
#1158=AXIS2_PLACEMENT_3D('',#1155,#1156,#1157);
#1159=CYLINDRICAL_SURFACE('',#1158,22.724067268);
#1160=CARTESIAN_POINT('',(44.266604621,451.28942278,-48.69796481));
#1161=DIRECTION('',(1.,-0.,-0.));
#1162=VECTOR('',#1161,28.457308608);
#1163=LINE('',#1160,#1162);
#1164=EDGE_CURVE('',#1102,#1074,#1163,.T.);
#1165=ORIENTED_EDGE('',*,*,#1164,.F.);
#1166=ORIENTED_EDGE('',*,*,#1108,.F.);
#1167=ORIENTED_EDGE('',*,*,#1115,.F.);
#1168=ORIENTED_EDGE('',*,*,#1164,.T.);
#1169=ORIENTED_EDGE('',*,*,#1082,.T.);
#1170=ORIENTED_EDGE('',*,*,#1089,.T.);
#1171=EDGE_LOOP('',(#1165,#1166,#1167,#1168,#1169,#1170));
#1172=FACE_BOUND('',#1171,.T.);
#1173=ADVANCED_FACE('',(#1172),#1159,.F.);
#1174=CARTESIAN_POINT('',(54.710768017,196.186809653,-15.059389756));
#1175=DIRECTION('',(0.,-0.997250355,0.074106207));
#1176=DIRECTION('',(-0.,-0.074106207,-0.997250355));
#1177=AXIS2_PLACEMENT_3D('',#1174,#1175,#1176);
#1178=CYLINDRICAL_SURFACE('',#1177,18.083450637);
#1179=CARTESIAN_POINT('',(54.710768017,-45.948759574,-15.199476953));
#1180=VERTEX_POINT('',#1179);
#1181=CARTESIAN_POINT('',(54.710768017,-45.948759574,-15.199476953));
#1182=DIRECTION('',(-0.,0.997250355,-0.074106207));
#1183=VECTOR('',#1182,467.728182286);
#1184=LINE('',#1181,#1183);
#1185=EDGE_CURVE('',#1180,#1015,#1184,.T.);
#1186=ORIENTED_EDGE('',*,*,#1185,.F.);
#1187=CARTESIAN_POINT('',(54.710768017,-43.2685677,20.867978174));
#1188=VERTEX_POINT('',#1187);
#1189=CARTESIAN_POINT('',(54.710768017,-44.608663637,2.83425061));
#1190=DIRECTION('',(-0.,0.997250355,-0.074106207));
#1191=DIRECTION('',(0.,0.074106207,0.997250355));
#1192=AXIS2_PLACEMENT_3D('',#1189,#1190,#1191);
#1193=CIRCLE('',#1192,18.083450637);
#1194=EDGE_CURVE('',#1188,#1180,#1193,.T.);
#1195=ORIENTED_EDGE('',*,*,#1194,.F.);
#1196=CARTESIAN_POINT('',(54.710768017,-44.608663637,2.83425061));
#1197=DIRECTION('',(-0.,0.997250355,-0.074106207));
#1198=DIRECTION('',(0.,0.074106207,0.997250355));
#1199=AXIS2_PLACEMENT_3D('',#1196,#1197,#1198);
#1200=CIRCLE('',#1199,18.083450637);
#1201=EDGE_CURVE('',#1180,#1188,#1200,.T.);
#1202=ORIENTED_EDGE('',*,*,#1201,.F.);
#1203=ORIENTED_EDGE('',*,*,#1185,.T.);
#1204=ORIENTED_EDGE('',*,*,#1021,.F.);
#1205=ORIENTED_EDGE('',*,*,#1131,.F.);
#1206=CARTESIAN_POINT('',(54.710768017,422.3250336,-31.863842086));
#1207=DIRECTION('',(-0.,0.997250355,-0.074106207));
#1208=DIRECTION('',(0.,0.074106207,0.997250355));
#1209=AXIS2_PLACEMENT_3D('',#1206,#1207,#1208);
#1210=CIRCLE('',#1209,18.083450637);
#1211=EDGE_CURVE('',#1120,#1135,#1210,.T.);
#1212=ORIENTED_EDGE('',*,*,#1211,.T.);
#1213=ORIENTED_EDGE('',*,*,#1140,.F.);
#1214=ORIENTED_EDGE('',*,*,#1004,.F.);
#1215=ORIENTED_EDGE('',*,*,#1068,.T.);
#1216=CARTESIAN_POINT('',(54.710768017,422.3250336,-31.863842086));
#1217=DIRECTION('',(-0.,0.997250355,-0.074106207));
#1218=DIRECTION('',(0.,0.074106207,0.997250355));
#1219=AXIS2_PLACEMENT_3D('',#1216,#1217,#1218);
#1220=CIRCLE('',#1219,18.083450637);
#1221=EDGE_CURVE('',#1057,#1039,#1220,.T.);
#1222=ORIENTED_EDGE('',*,*,#1221,.T.);
#1223=ORIENTED_EDGE('',*,*,#1044,.T.);
#1224=ORIENTED_EDGE('',*,*,#1028,.F.);
#1225=EDGE_LOOP('',(#1186,#1195,#1202,#1203,#1204,#1205,#1212,#1213,#1214,#1215,#1222,#1223,#1224));
#1226=FACE_BOUND('',#1225,.T.);
#1227=ADVANCED_FACE('',(#1226),#1178,.F.);
#1228=CARTESIAN_POINT('',(54.710768017,196.186809653,-15.059389756));
#1229=DIRECTION('',(0.,-0.997250355,0.074106207));
#1230=DIRECTION('',(-0.,-0.074106207,-0.997250355));
#1231=AXIS2_PLACEMENT_3D('',#1228,#1229,#1230);
#1232=CYLINDRICAL_SURFACE('',#1231,57.456851124);
#1233=CARTESIAN_POINT('',(54.710768017,-46.825740189,-54.616269929));
#1234=VERTEX_POINT('',#1233);
#1235=CARTESIAN_POINT('',(54.710768017,418.067124294,-89.162707253));
#1236=VERTEX_POINT('',#1235);
#1237=CARTESIAN_POINT('',(54.710768017,-46.825740189,-54.616269929));
#1238=DIRECTION('',(-0.,0.997250355,-0.074106207));
#1239=VECTOR('',#1238,466.17467947);
#1240=LINE('',#1237,#1239);
#1241=EDGE_CURVE('',#1234,#1236,#1240,.T.);
#1242=ORIENTED_EDGE('',*,*,#1241,.T.);
#1243=CARTESIAN_POINT('',(54.710768017,426.582942907,25.435023081));
#1244=VERTEX_POINT('',#1243);
#1245=CARTESIAN_POINT('',(54.710768017,422.3250336,-31.863842086));
#1246=DIRECTION('',(-0.,0.997250355,-0.074106207));
#1247=DIRECTION('',(0.,0.074106207,0.997250355));
#1248=AXIS2_PLACEMENT_3D('',#1245,#1246,#1247);
#1249=CIRCLE('',#1248,57.456851124);
#1250=EDGE_CURVE('',#1244,#1236,#1249,.T.);
#1251=ORIENTED_EDGE('',*,*,#1250,.F.);
#1252=CARTESIAN_POINT('',(54.710768017,422.3250336,-31.863842086));
#1253=DIRECTION('',(-0.,0.997250355,-0.074106207));
#1254=DIRECTION('',(0.,0.074106207,0.997250355));
#1255=AXIS2_PLACEMENT_3D('',#1252,#1253,#1254);
#1256=CIRCLE('',#1255,57.456851124);
#1257=EDGE_CURVE('',#1236,#1244,#1256,.T.);
#1258=ORIENTED_EDGE('',*,*,#1257,.F.);
#1259=ORIENTED_EDGE('',*,*,#1241,.F.);
#1260=CARTESIAN_POINT('',(54.710768017,-38.309921576,59.981460404));
#1261=VERTEX_POINT('',#1260);
#1262=CARTESIAN_POINT('',(54.710768017,-42.567830882,2.682595237));
#1263=DIRECTION('',(-0.,0.997250355,-0.074106207));
#1264=DIRECTION('',(0.,0.074106207,0.997250355));
#1265=AXIS2_PLACEMENT_3D('',#1262,#1263,#1264);
#1266=CIRCLE('',#1265,57.456851124);
#1267=EDGE_CURVE('',#1234,#1261,#1266,.T.);
#1268=ORIENTED_EDGE('',*,*,#1267,.T.);
#1269=CARTESIAN_POINT('',(54.710768017,-42.567830882,2.682595237));
#1270=DIRECTION('',(-0.,0.997250355,-0.074106207));
#1271=DIRECTION('',(0.,0.074106207,0.997250355));
#1272=AXIS2_PLACEMENT_3D('',#1269,#1270,#1271);
#1273=CIRCLE('',#1272,57.456851124);
#1274=EDGE_CURVE('',#1261,#1234,#1273,.T.);
#1275=ORIENTED_EDGE('',*,*,#1274,.T.);
#1276=EDGE_LOOP('',(#1242,#1251,#1258,#1259,#1268,#1275));
#1277=FACE_BOUND('',#1276,.T.);
#1278=ORIENTED_EDGE('',*,*,#258,.F.);
#1279=EDGE_LOOP('',(#1278));
#1280=FACE_BOUND('',#1279,.T.);
#1281=CARTESIAN_POINT('',(24.105467846,52.943606414,44.346373339));
#1282=VERTEX_POINT('',#1281);
#1283=CARTESIAN_POINT('',(24.105467846,52.943606414,44.346373339));
#1284=CARTESIAN_POINT('',(23.599180019,52.794482151,44.037925611));
#1285=CARTESIAN_POINT('',(23.118015856,52.590190277,43.738448659));
#1286=CARTESIAN_POINT('',(22.65619298,52.343922589,43.445444218));
#1287=CARTESIAN_POINT('',(22.194370104,52.0976549,43.152439778));
#1288=CARTESIAN_POINT('',(21.751951278,51.809274583,42.865929378));
#1289=CARTESIAN_POINT('',(21.325132784,51.487449494,42.584278285));
#1290=CARTESIAN_POINT('',(21.111723537,51.32653695,42.443452738));
#1291=CARTESIAN_POINT('',(20.901617717,51.156653007,42.303432796));
#1292=CARTESIAN_POINT('',(20.696937495,50.980766676,42.165745037));
#1293=CARTESIAN_POINT('',(20.492257273,50.804880345,42.028057279));
#1294=CARTESIAN_POINT('',(20.292949914,50.623054685,41.892678527));
#1295=CARTESIAN_POINT('',(20.098342851,50.436047014,41.759296807));
#1296=CARTESIAN_POINT('',(19.709128724,50.062031673,41.492533366));
#1297=CARTESIAN_POINT('',(19.338606926,49.667416595,41.233698047));
#1298=CARTESIAN_POINT('',(18.983076165,49.25630297,40.981184184));
#1299=CARTESIAN_POINT('',(18.272014644,48.43407572,40.476156457));
#1300=CARTESIAN_POINT('',(17.620214215,47.546724552,39.995958126));
#1301=CARTESIAN_POINT('',(17.013069726,46.609180294,39.536324851));
#1302=CARTESIAN_POINT('',(16.709497481,46.140408164,39.306508214));
#1303=CARTESIAN_POINT('',(16.418654784,45.66078326,39.082977648));
#1304=CARTESIAN_POINT('',(16.141004201,45.174293593,38.866976579));
#1305=CARTESIAN_POINT('',(15.863353617,44.687803925,38.650975509));
#1306=CARTESIAN_POINT('',(15.598278389,44.193471945,38.442033548));
#1307=CARTESIAN_POINT('',(15.344829354,43.691663778,38.240273581));
#1308=CARTESIAN_POINT('',(14.837931285,42.688047443,37.836753647));
#1309=CARTESIAN_POINT('',(14.37720065,41.654778815,37.461650119));
#1310=CARTESIAN_POINT('',(13.960319977,40.591073763,37.120135942));
#1311=CARTESIAN_POINT('',(13.543439304,39.52736871,36.778621766));
#1312=CARTESIAN_POINT('',(13.170432799,38.43323748,36.470636939));
#1313=CARTESIAN_POINT('',(12.8444779,37.303645099,36.206831979));
#1314=CARTESIAN_POINT('',(12.68150045,36.738848908,36.074929499));
#1315=CARTESIAN_POINT('',(12.530142329,36.163801595,35.954003392));
#1316=CARTESIAN_POINT('',(12.39331481,35.586667562,35.847499545));
#1317=CARTESIAN_POINT('',(12.256487292,35.009533529,35.740995698));
#1318=CARTESIAN_POINT('',(12.133667489,34.428733302,35.648482185));
#1319=CARTESIAN_POINT('',(12.025521087,33.843994626,35.571579605));
#1320=CARTESIAN_POINT('',(11.809228282,32.674517273,35.417774445));
#1321=CARTESIAN_POINT('',(11.651068707,31.489423662,35.325942275));
#1322=CARTESIAN_POINT('',(11.561802607,30.285200333,35.313627519));
#1323=CARTESIAN_POINT('',(11.517169557,29.683088669,35.307470142));
#1324=CARTESIAN_POINT('',(11.490066156,29.074772017,35.321610482));
#1325=CARTESIAN_POINT('',(11.482456048,28.473296514,35.357590955));
#1326=CARTESIAN_POINT('',(11.47484594,27.871821011,35.393571427));
#1327=CARTESIAN_POINT('',(11.4864253,27.274419992,35.451256663));
#1328=CARTESIAN_POINT('',(11.518451668,26.681342188,35.531936598));
#1329=CARTESIAN_POINT('',(11.550478035,26.088264385,35.612616533));
#1330=CARTESIAN_POINT('',(11.602936852,25.499507792,35.71628257));
#1331=CARTESIAN_POINT('',(11.67777272,24.915399063,35.844509395));
#1332=CARTESIAN_POINT('',(11.715190654,24.623344699,35.908622807));
#1333=CARTESIAN_POINT('',(11.758214813,24.332453688,35.978881598));
#1334=CARTESIAN_POINT('',(11.807174495,24.042777177,36.055522214));
#1335=CARTESIAN_POINT('',(11.856134178,23.753100665,36.13216283));
#1336=CARTESIAN_POINT('',(11.910861025,23.465864533,36.214902232));
#1337=CARTESIAN_POINT('',(11.970951961,23.183594566,36.302943544));
#1338=CARTESIAN_POINT('',(12.211315702,22.054514695,36.655108792));
#1339=CARTESIAN_POINT('',(12.538607363,20.992118974,37.094930969));
#1340=CARTESIAN_POINT('',(12.961251914,19.9969174,37.617115523));
#1341=CARTESIAN_POINT('',(13.066913052,19.748117006,37.747661661));
#1342=CARTESIAN_POINT('',(13.178595008,19.503547471,37.883380689));
#1343=CARTESIAN_POINT('',(13.296563867,19.263284999,38.024244609));
#1344=CARTESIAN_POINT('',(13.414532727,19.023022528,38.165108528));
#1345=CARTESIAN_POINT('',(13.539246852,18.786322319,38.311636896));
#1346=CARTESIAN_POINT('',(13.668875142,18.556936406,38.461357292));
#1347=CARTESIAN_POINT('',(13.928131723,18.098164579,38.760798082));
#1348=CARTESIAN_POINT('',(14.207708552,17.666662074,39.073888745));
#1349=CARTESIAN_POINT('',(14.507848859,17.261090345,39.398791933));
#1350=CARTESIAN_POINT('',(14.807989166,16.855518616,39.723695122));
#1351=CARTESIAN_POINT('',(15.128692742,16.475883018,40.060417469));
#1352=CARTESIAN_POINT('',(15.470922554,16.121787655,40.407577195));
#1353=CARTESIAN_POINT('',(15.64203746,15.944739974,40.581157058));
#1354=CARTESIAN_POINT('',(15.818548031,15.774094846,40.757354018));
#1355=CARTESIAN_POINT('',(16.000646964,15.609890183,40.936032324));
#1356=CARTESIAN_POINT('',(16.182745898,15.445685519,41.114710631));
#1357=CARTESIAN_POINT('',(16.370237515,15.288187514,41.295652663));
#1358=CARTESIAN_POINT('',(16.561040167,15.138991907,41.476630097));
#1359=CARTESIAN_POINT('',(17.324250774,14.542209478,42.200539834));
#1360=CARTESIAN_POINT('',(18.148795714,14.068386247,42.933523124));
#1361=CARTESIAN_POINT('',(19.038631617,13.710805554,43.666764829));
#1362=CARTESIAN_POINT('',(19.483549568,13.532015207,44.033385681));
#1363=CARTESIAN_POINT('',(19.947222416,13.382317767,44.401784905));
#1364=CARTESIAN_POINT('',(20.417579337,13.265148564,44.761344221));
#1365=CARTESIAN_POINT('',(20.887936257,13.147979361,45.120903537));
#1366=CARTESIAN_POINT('',(21.366896147,13.06224653,45.473332913));
#1367=CARTESIAN_POINT('',(21.854572661,13.006979825,45.818315733));
#1368=CARTESIAN_POINT('',(22.342249175,12.951713121,46.163298553));
#1369=CARTESIAN_POINT('',(22.838641611,12.926916732,46.500836483));
#1370=CARTESIAN_POINT('',(23.344020087,12.932888043,46.830594946));
#1371=CARTESIAN_POINT('',(23.849398563,12.938859355,47.160353408));
#1372=CARTESIAN_POINT('',(24.366194364,12.976185732,47.483669519));
#1373=CARTESIAN_POINT('',(24.880489019,13.043759224,47.791923658));
#1374=CARTESIAN_POINT('',(25.909078328,13.17890621,48.408431938));
#1375=CARTESIAN_POINT('',(26.936976845,13.43291357,48.971379143));
#1376=CARTESIAN_POINT('',(27.962104159,13.806209999,49.484366641));
#1377=CARTESIAN_POINT('',(28.218385988,13.899534107,49.612613515));
#1378=CARTESIAN_POINT('',(28.474481389,14.000402664,49.737721064));
#1379=CARTESIAN_POINT('',(28.730329487,14.109004951,49.859713156));
#1380=CARTESIAN_POINT('',(28.986177585,14.217607239,49.981705248));
#1381=CARTESIAN_POINT('',(29.240807306,14.333571147,50.100104544));
#1382=CARTESIAN_POINT('',(29.492240976,14.45593547,50.214170153));
#1383=CARTESIAN_POINT('',(29.995108316,14.700664117,50.442301371));
#1384=CARTESIAN_POINT('',(30.48758937,14.971926981,50.654259289));
#1385=CARTESIAN_POINT('',(30.969358362,15.26939888,50.851360457));
#1386=CARTESIAN_POINT('',(31.451127354,15.566870779,51.048461626));
#1387=CARTESIAN_POINT('',(31.922184607,15.890554991,51.230700081));
#1388=CARTESIAN_POINT('',(32.381774507,16.24102704,51.399034118));
#1389=CARTESIAN_POINT('',(32.611569457,16.416263064,51.483201137));
#1390=CARTESIAN_POINT('',(32.83849097,16.59820947,51.563887188));
#1391=CARTESIAN_POINT('',(33.062401501,16.787023924,51.64118335));
#1392=CARTESIAN_POINT('',(33.286312033,16.975838378,51.718479511));
#1393=CARTESIAN_POINT('',(33.507443517,17.171797624,51.79244714));
#1394=CARTESIAN_POINT('',(33.72285839,17.372354777,51.862304669));
#1395=CARTESIAN_POINT('',(34.584517883,18.174583387,52.141734788));
#1396=CARTESIAN_POINT('',(35.365974692,19.05809124,52.359763477));
#1397=CARTESIAN_POINT('',(36.064918539,20.022001311,52.528594781));
#1398=CARTESIAN_POINT('',(36.239654501,20.262978828,52.570802607));
#1399=CARTESIAN_POINT('',(36.409191639,20.509024277,52.609901588));
#1400=CARTESIAN_POINT('',(36.57341092,20.760208012,52.646018879));
#1401=CARTESIAN_POINT('',(36.737630201,21.011391746,52.68213617));
#1402=CARTESIAN_POINT('',(36.896958619,21.268464036,52.715353483));
#1403=CARTESIAN_POINT('',(37.049584024,21.528627874,52.745457588));
#1404=CARTESIAN_POINT('',(37.354834835,22.04895555,52.805665797));
#1405=CARTESIAN_POINT('',(37.633248272,22.581094318,52.853502552));
#1406=CARTESIAN_POINT('',(37.885727001,23.124580432,52.890651588));
#1407=CARTESIAN_POINT('',(38.390684458,24.211552662,52.964949662));
#1408=CARTESIAN_POINT('',(38.792313091,25.34372405,52.996872475));
#1409=CARTESIAN_POINT('',(39.091759292,26.520206232,52.994267103));
#1410=CARTESIAN_POINT('',(39.391205494,27.696688414,52.991661731));
#1411=CARTESIAN_POINT('',(39.580158508,28.885147467,52.954617963));
#1412=CARTESIAN_POINT('',(39.670424952,30.081159262,52.890291705));
#1413=CARTESIAN_POINT('',(39.715558175,30.679165159,52.858128577));
#1414=CARTESIAN_POINT('',(39.735953816,31.279354885,52.819033665));
#1415=CARTESIAN_POINT('',(39.732514461,31.881652713,52.773345324));
#1416=CARTESIAN_POINT('',(39.729075106,32.483950541,52.727656983));
#1417=CARTESIAN_POINT('',(39.701517738,33.089205174,52.675233126));
#1418=CARTESIAN_POINT('',(39.651899229,33.68664212,52.617324522));
#1419=CARTESIAN_POINT('',(39.552662211,34.88151601,52.501507313));
#1420=CARTESIAN_POINT('',(39.365939042,36.055327551,52.363309614));
#1421=CARTESIAN_POINT('',(39.103235887,37.210504529,52.203114835));
#1422=CARTESIAN_POINT('',(38.840532732,38.365681507,52.042920055));
#1423=CARTESIAN_POINT('',(38.5017909,39.502209152,51.860708395));
#1424=CARTESIAN_POINT('',(38.091520661,40.620592509,51.65329018));
#1425=CARTESIAN_POINT('',(37.886385542,41.179784188,51.549581073));
#1426=CARTESIAN_POINT('',(37.664450567,41.730987791,51.44011939));
#1427=CARTESIAN_POINT('',(37.427754918,42.271261972,51.325109965));
#1428=CARTESIAN_POINT('',(37.191059269,42.811536154,51.21010054));
#1429=CARTESIAN_POINT('',(36.93922975,43.341915448,51.089355911));
#1430=CARTESIAN_POINT('',(36.672584441,43.862413633,50.962265174));
#1431=CARTESIAN_POINT('',(36.139293822,44.903410004,50.7080837));
#1432=CARTESIAN_POINT('',(35.547508802,45.905414189,50.428920678));
#1433=CARTESIAN_POINT('',(34.892165295,46.86335936,50.116243481));
#1434=CARTESIAN_POINT('',(34.564493541,47.342331946,49.959904883));
#1435=CARTESIAN_POINT('',(34.220005794,47.811134629,49.794737503));
#1436=CARTESIAN_POINT('',(33.85901503,48.265015656,49.620028947));
#1437=CARTESIAN_POINT('',(33.498024267,48.718896683,49.445320392));
#1438=CARTESIAN_POINT('',(33.122947701,49.154980372,49.262244209));
#1439=CARTESIAN_POINT('',(32.731971799,49.570643917,49.069039752));
#1440=CARTESIAN_POINT('',(32.340995897,49.986307462,48.875835295));
#1441=CARTESIAN_POINT('',(31.934172071,50.381618769,48.672539178));
#1442=CARTESIAN_POINT('',(31.508113602,50.751954428,48.456429622));
#1443=CARTESIAN_POINT('',(31.295084367,50.937122258,48.348374845));
#1444=CARTESIAN_POINT('',(31.076712264,51.116392619,48.236838108));
#1445=CARTESIAN_POINT('',(30.854031502,51.287606287,48.122200265));
#1446=CARTESIAN_POINT('',(30.631350739,51.458819956,48.007562422));
#1447=CARTESIAN_POINT('',(30.405190661,51.621383105,47.890253659));
#1448=CARTESIAN_POINT('',(30.17522492,51.774442957,47.769979345));
#1449=CARTESIAN_POINT('',(29.715293436,52.080562663,47.529430716));
#1450=CARTESIAN_POINT('',(29.240255073,52.348957449,47.277109202));
#1451=CARTESIAN_POINT('',(28.746317646,52.569902551,47.009787855));
#1452=CARTESIAN_POINT('',(28.499348932,52.680375101,46.876127182));
#1453=CARTESIAN_POINT('',(28.246785821,52.779190878,46.738231207));
#1454=CARTESIAN_POINT('',(27.990670586,52.863760785,46.597036919));
#1455=CARTESIAN_POINT('',(27.734555351,52.948330692,46.455842632));
#1456=CARTESIAN_POINT('',(27.477311388,53.017926255,46.31269255));
#1457=CARTESIAN_POINT('',(27.218903789,53.071926362,46.167484557));
#1458=CARTESIAN_POINT('',(26.702088591,53.179926574,45.877068572));
#1459=CARTESIAN_POINT('',(26.180609893,53.225522381,45.578430782));
#1460=CARTESIAN_POINT('',(25.654222462,53.203565097,45.270646911));
#1461=CARTESIAN_POINT('',(25.127835031,53.181607813,44.962863041));
#1462=CARTESIAN_POINT('',(24.611099158,53.092537305,44.654421097));
#1463=CARTESIAN_POINT('',(24.105467846,52.943606414,44.346373339));
#1464=B_SPLINE_CURVE_WITH_KNOTS('',3,(#1283,#1284,#1285,#1286,#1287,#1288,#1289,#1290,#1291,#1292,#1293,#1294,#1295,#1296,#1297,#1298,#1299,#1300,#1301,#1302,#1303,#1304,#1305,#1306,#1307,#1308,
#1309,#1310,#1311,#1312,#1313,#1314,#1315,#1316,#1317,#1318,#1319,#1320,#1321,#1322,#1323,#1324,#1325,#1326,#1327,#1328,#1329,#1330,#1331,#1332,#1333,
#1334,#1335,#1336,#1337,#1338,#1339,#1340,#1341,#1342,#1343,#1344,#1345,#1346,#1347,#1348,#1349,#1350,#1351,#1352,#1353,#1354,#1355,#1356,#1357,#1358,
#1359,#1360,#1361,#1362,#1363,#1364,#1365,#1366,#1367,#1368,#1369,#1370,#1371,#1372,#1373,#1374,#1375,#1376,#1377,#1378,#1379,#1380,#1381,#1382,#1383,
#1384,#1385,#1386,#1387,#1388,#1389,#1390,#1391,#1392,#1393,#1394,#1395,#1396,#1397,#1398,#1399,#1400,#1401,#1402,#1403,#1404,#1405,#1406,#1407,#1408,
#1409,#1410,#1411,#1412,#1413,#1414,#1415,#1416,#1417,#1418,#1419,#1420,#1421,#1422,#1423,#1424,#1425,#1426,#1427,#1428,#1429,#1430,#1431,#1432,#1433,
#1434,#1435,#1436,#1437,#1438,#1439,#1440,#1441,#1442,#1443,#1444,#1445,#1446,#1447,#1448,#1449,#1450,#1451,#1452,#1453,#1454,#1455,#1456,#1457,#1458,
#1459,#1460,#1461,#1462,#1463),.UNSPECIFIED.,.T.,.F.,(4,3,3,3,3,3,3,3,3,3,3,3,3,3,3,3,3,3,3,3,3,3,3,3,3,3,
3,3,3,3,3,3,3,3,3,3,3,3,3,3,3,3,3,3,3,3,3,3,3,3,3,
3,3,3,3,3,3,3,3,3,4),(0.,0.001799172,0.003598344,0.00449793,0.005397516,0.007196687,0.010795031,0.012594203,0.014393375,0.017991719,0.021590062,0.023389234,0.025188406,0.02878675,0.030585922,0.032385093,0.034184265,0.035083851,0.035983437,0.039581781,0.040481367,0.041380953,0.043180125,0.044979296,0.045878882,0.046778468,
0.050376812,0.052175984,0.053975156,0.055774328,0.057573499,0.061171843,0.062071429,0.062971015,0.064770187,0.066569359,0.067468945,0.06836853,0.071966874,0.07286646,0.073766046,0.075565218,0.079163562,0.082761905,0.084561077,0.086360249,0.089958593,0.093556936,0.095356108,0.09715528,0.100753624,
0.102552796,0.104351968,0.106151139,0.107050725,0.107950311,0.109749483,0.110649069,0.111548655,0.113347827,0.115146999),.UNSPECIFIED.);
#1465=EDGE_CURVE('',#1282,#1282,#1464,.T.);
#1466=ORIENTED_EDGE('',*,*,#1465,.F.);
#1467=EDGE_LOOP('',(#1466));
#1468=FACE_BOUND('',#1467,.T.);
#1469=ADVANCED_FACE('',(#1277,#1280,#1468),#1232,.T.);
#1470=CARTESIAN_POINT('',(54.710768017,422.3250336,-31.863842086));
#1471=DIRECTION('',(-0.,0.997250355,-0.074106207));
#1472=DIRECTION('',(0.,0.074106207,0.997250355));
#1473=AXIS2_PLACEMENT_3D('',#1470,#1471,#1472);
#1474=PLANE('',#1473);
#1475=ORIENTED_EDGE('',*,*,#1221,.F.);
#1476=ORIENTED_EDGE('',*,*,#1062,.T.);
#1477=ORIENTED_EDGE('',*,*,#971,.T.);
#1478=ORIENTED_EDGE('',*,*,#1146,.F.);
#1479=ORIENTED_EDGE('',*,*,#1211,.F.);
#1480=ORIENTED_EDGE('',*,*,#1125,.F.);
#1481=ORIENTED_EDGE('',*,*,#678,.F.);
#1482=ORIENTED_EDGE('',*,*,#1050,.T.);
#1483=EDGE_LOOP('',(#1475,#1476,#1477,#1478,#1479,#1480,#1481,#1482));
#1484=FACE_BOUND('',#1483,.T.);
#1485=ORIENTED_EDGE('',*,*,#1250,.T.);
#1486=ORIENTED_EDGE('',*,*,#1257,.T.);
#1487=EDGE_LOOP('',(#1485,#1486));
#1488=FACE_BOUND('',#1487,.T.);
#1489=ADVANCED_FACE('',(#1484,#1488),#1474,.T.);
#1490=CARTESIAN_POINT('',(54.710768017,-44.608663637,2.83425061));
#1491=DIRECTION('',(-0.,0.997250355,-0.074106207));
#1492=DIRECTION('',(0.,0.074106207,0.997250355));
#1493=AXIS2_PLACEMENT_3D('',#1490,#1491,#1492);
#1494=PLANE('',#1493);
#1495=CARTESIAN_POINT('',(54.710768017,-40.502409704,58.092283022));
#1496=VERTEX_POINT('',#1495);
#1497=CARTESIAN_POINT('',(54.710768017,-44.608663637,2.83425061));
#1498=DIRECTION('',(0.,-0.997250355,0.074106207));
#1499=DIRECTION('',(0.,0.074106207,0.997250355));
#1500=AXIS2_PLACEMENT_3D('',#1497,#1498,#1499);
#1501=CIRCLE('',#1500,55.410391331);
#1502=EDGE_CURVE('',#1496,#1496,#1501,.T.);
#1503=ORIENTED_EDGE('',*,*,#1502,.T.);
#1504=EDGE_LOOP('',(#1503));
#1505=FACE_BOUND('',#1504,.T.);
#1506=ORIENTED_EDGE('',*,*,#1194,.T.);
#1507=ORIENTED_EDGE('',*,*,#1201,.T.);
#1508=EDGE_LOOP('',(#1506,#1507));
#1509=FACE_BOUND('',#1508,.T.);
#1510=ADVANCED_FACE('',(#1505,#1509),#1494,.F.);
#1511=CARTESIAN_POINT('',(54.710768017,-42.567830882,2.682595237));
#1512=DIRECTION('',(-0.,0.997250355,-0.074106207));
#1513=DIRECTION('',(0.,0.074106207,0.997250355));
#1514=AXIS2_PLACEMENT_3D('',#1511,#1512,#1513);
#1515=TOROIDAL_SURFACE('',#1514,55.410391331,2.046459793);
#1516=CARTESIAN_POINT('',(54.710768017,-38.461576949,57.940627649));
#1517=DIRECTION('',(1.,0.,-0.));
#1518=DIRECTION('',(0.,0.074106207,0.997250355));
#1519=AXIS2_PLACEMENT_3D('',#1516,#1517,#1518);
#1520=CIRCLE('',#1519,2.046459793);
#1521=EDGE_CURVE('',#1261,#1496,#1520,.T.);
#1522=ORIENTED_EDGE('',*,*,#1521,.T.);
#1523=ORIENTED_EDGE('',*,*,#1502,.F.);
#1524=ORIENTED_EDGE('',*,*,#1521,.F.);
#1525=ORIENTED_EDGE('',*,*,#1267,.F.);
#1526=ORIENTED_EDGE('',*,*,#1274,.F.);
#1527=EDGE_LOOP('',(#1522,#1523,#1524,#1525,#1526));
#1528=FACE_BOUND('',#1527,.T.);
#1529=ADVANCED_FACE('',(#1528),#1515,.T.);
#1530=CARTESIAN_POINT('',(29.667300425,42.18703293,33.027327829));
#1531=CARTESIAN_POINT('',(24.204107825,48.478100879,44.739187673));
#1532=CARTESIAN_POINT('',(20.886374697,60.914890767,50.655265789));
#1533=CARTESIAN_POINT('',(20.682590152,74.786713871,49.198575576));
#1534=CARTESIAN_POINT('',(-0.566576058,40.364696921,19.90310566));
#1535=CARTESIAN_POINT('',(-6.029768658,46.655764871,31.614965504));
#1536=CARTESIAN_POINT('',(-9.347501786,59.092554758,37.53104362));
#1537=CARTESIAN_POINT('',(-9.551286331,72.964377863,36.074353406));
#1538=CARTESIAN_POINT('',(-4.826032256,10.740660519,33.828869674));
#1539=CARTESIAN_POINT('',(-15.750709953,23.320830166,57.248928861));
#1540=CARTESIAN_POINT('',(-22.385139264,48.190522865,69.079236043));
#1541=CARTESIAN_POINT('',(-22.792644661,75.929833484,66.1663109));
#1542=CARTESIAN_POINT('',(25.407844227,12.562996527,46.953091844));
#1543=CARTESIAN_POINT('',(14.48316653,25.143166174,70.37315103));
#1544=CARTESIAN_POINT('',(7.848737219,50.012858873,82.203458212));
#1545=CARTESIAN_POINT('',(7.441231822,77.752169492,79.290533069));
#1546=CARTESIAN_POINT('',(55.64172071,14.385332536,60.077314013));
#1547=CARTESIAN_POINT('',(44.717043012,26.965502183,83.4973732));
#1548=CARTESIAN_POINT('',(38.082613702,51.835194882,95.327680382));
#1549=CARTESIAN_POINT('',(37.675108304,79.5745055,92.414755239));
#1550=CARTESIAN_POINT('',(59.901176908,44.009368938,46.151549999));
#1551=CARTESIAN_POINT('',(54.437984308,50.300436887,57.863409843));
#1552=CARTESIAN_POINT('',(51.120251179,62.737226775,63.779487959));
#1553=CARTESIAN_POINT('',(50.916466635,76.60904988,62.322797746));
#1554=CARTESIAN_POINT('',(29.667300425,42.18703293,33.027327829));
#1555=CARTESIAN_POINT('',(24.204107825,48.478100879,44.739187673));
#1556=CARTESIAN_POINT('',(20.886374697,60.914890767,50.655265789));
#1557=CARTESIAN_POINT('',(20.682590152,74.786713871,49.198575576));
#1558=(BOUNDED_SURFACE()
B_SPLINE_SURFACE(3,3,((#1530,#1531,#1532,#1533),(#1534,#1535,#1536,#1537),(#1538,#1539,#1540,#1541),(#1542,#1543,#1544,#1545),(#1546,#1547,#1548,#1549),(#1550,#1551,#1552,#1553),(#1554,#1555,#1556,#1557)),.UNSPECIFIED.,.T.,.F.,.U.)
B_SPLINE_SURFACE_WITH_KNOTS((4,3,4),(4,4),(0.,0.5,1.),(0.182456401,1.),.UNSPECIFIED.)
GEOMETRIC_REPRESENTATION_ITEM()
RATIONAL_B_SPLINE_SURFACE(((0.923863978,0.835526869,0.860905543,1.),(0.307954659,0.278508956,0.286968514,0.333333333),(0.307954659,0.278508956,0.286968514,0.333333333),(0.923863978,0.835526869,0.860905543,1.),(0.307954659,0.278508956,0.286968514,0.333333333),(0.307954659,0.278508956,0.286968514,0.333333333),(0.923863978,0.835526869,0.860905543,1.)))
REPRESENTATION_ITEM('')
SURFACE()
);
#1559=CARTESIAN_POINT('',(20.682590152,74.786713871,49.198575576));
#1560=VERTEX_POINT('',#1559);
#1561=CARTESIAN_POINT('',(20.682590152,74.786713871,49.198575576));
#1562=CARTESIAN_POINT('',(20.794709076,67.15466363,50.000022712));
#1563=CARTESIAN_POINT('',(21.93681216,59.531002664,48.427561394));
#1564=CARTESIAN_POINT('',(24.105467846,52.943606414,44.346373339));
#1565=(BOUNDED_CURVE()
B_SPLINE_CURVE(3,(#1561,#1562,#1563,#1564),.UNSPECIFIED.,.F.,.F.)
B_SPLINE_CURVE_WITH_KNOTS((4,4),(0.,0.479819999),.UNSPECIFIED.)
CURVE()
GEOMETRIC_REPRESENTATION_ITEM()
RATIONAL_B_SPLINE_CURVE((1.,0.91836484,0.875899863,0.872605068))
REPRESENTATION_ITEM(''));
#1566=EDGE_CURVE('',#1560,#1282,#1565,.T.);
#1567=ORIENTED_EDGE('',*,*,#1566,.T.);
#1568=ORIENTED_EDGE('',*,*,#1465,.T.);
#1569=ORIENTED_EDGE('',*,*,#1566,.F.);
#1570=CARTESIAN_POINT('',(3.049177469,77.393215531,76.486702158));
#1571=VERTEX_POINT('',#1570);
#1572=CARTESIAN_POINT('',(14.061910987,76.269441682,64.244554323));
#1573=DIRECTION('',(-0.014608645,0.99442543,-0.104425336));
#1574=DIRECTION('',(0.40113296,-0.089835345,-0.911604058));
#1575=AXIS2_PLACEMENT_3D('',#1572,#1573,#1574);
#1576=CIRCLE('',#1575,16.504949282);
#1577=EDGE_CURVE('',#1571,#1560,#1576,.T.);
#1578=ORIENTED_EDGE('',*,*,#1577,.F.);
#1579=CARTESIAN_POINT('',(5.498461631,74.417334463,78.505768391));
#1580=VERTEX_POINT('',#1579);
#1581=CARTESIAN_POINT('',(5.498461631,74.417334463,78.505768391));
#1582=CARTESIAN_POINT('',(5.249428152,74.63228827,78.344675577));
#1583=CARTESIAN_POINT('',(5.007483044,74.849878795,78.177826188));
#1584=CARTESIAN_POINT('',(4.77413513,75.072697734,78.006706331));
#1585=CARTESIAN_POINT('',(4.540787216,75.295516672,77.835586474));
#1586=CARTESIAN_POINT('',(4.315938456,75.523402364,77.660108591));
#1587=CARTESIAN_POINT('',(4.102569225,75.761410777,77.483123511));
#1588=CARTESIAN_POINT('',(3.99588461,75.880414983,77.394630971));
#1589=CARTESIAN_POINT('',(3.892097847,76.001997065,77.305788046));
#1590=CARTESIAN_POINT('',(3.791927159,76.127358275,77.217258836));
#1591=CARTESIAN_POINT('',(3.691756472,76.252719484,77.128729625));
#1592=CARTESIAN_POINT('',(3.595090079,76.38204245,77.040393442));
#1593=CARTESIAN_POINT('',(3.50433321,76.515528354,76.954518264));
#1594=CARTESIAN_POINT('',(3.413576341,76.649014259,76.868643086));
#1595=CARTESIAN_POINT('',(3.32843637,76.78689416,76.784981897));
#1596=CARTESIAN_POINT('',(3.251375884,76.931874667,76.705895708));
#1597=CARTESIAN_POINT('',(3.174315398,77.076855174,76.626809519));
#1598=CARTESIAN_POINT('',(3.105148648,77.228748692,76.552149759));
#1599=CARTESIAN_POINT('',(3.049177469,77.393215531,76.486702158));
#1600=B_SPLINE_CURVE_WITH_KNOTS('',3,(#1581,#1582,#1583,#1584,#1585,#1586,#1587,#1588,#1589,#1590,#1591,#1592,#1593,#1594,#1595,#1596,#1597,#1598,#1599),.UNSPECIFIED.,.F.,.F.,(4,3,3,3,3,3,4),(0.,0.001095169,0.002190337,0.002737922,0.003285506,0.00383309,0.004380675),.UNSPECIFIED.);
#1601=EDGE_CURVE('',#1580,#1571,#1600,.T.);
#1602=ORIENTED_EDGE('',*,*,#1601,.F.);
#1603=CARTESIAN_POINT('',(-2.330135227,73.316663379,65.661193202));
#1604=VERTEX_POINT('',#1603);
#1605=CARTESIAN_POINT('',(-2.330135227,73.316663379,65.661193202));
#1606=CARTESIAN_POINT('',(-2.284294174,73.376656066,66.306376208));
#1607=CARTESIAN_POINT('',(-2.200370324,73.43581636,66.948190359));
#1608=CARTESIAN_POINT('',(-2.077806951,73.494132091,67.586586407));
#1609=CARTESIAN_POINT('',(-2.016525265,73.523289957,67.90578443));
#1610=CARTESIAN_POINT('',(-1.945556975,73.552236099,68.224125564));
#1611=CARTESIAN_POINT('',(-1.864674865,73.580965549,68.541589708));
#1612=CARTESIAN_POINT('',(-1.783792755,73.609694999,68.859053852));
#1613=CARTESIAN_POINT('',(-1.693265699,73.638089889,69.174347619));
#1614=CARTESIAN_POINT('',(-1.594034902,73.665909021,69.484767927));
#1615=CARTESIAN_POINT('',(-1.197111714,73.777185546,70.726449159));
#1616=CARTESIAN_POINT('',(-0.659439892,73.880568692,71.904406863));
#1617=CARTESIAN_POINT('',(0.018906651,73.976062602,73.018674503));
#1618=CARTESIAN_POINT('',(0.188493287,73.999936079,73.297241413));
#1619=CARTESIAN_POINT('',(0.367417237,74.023361117,73.572381426));
#1620=CARTESIAN_POINT('',(0.554523764,74.046156876,73.842003166));
#1621=CARTESIAN_POINT('',(0.741630291,74.068952636,74.111624905));
#1622=CARTESIAN_POINT('',(0.935925886,74.091005757,74.374378483));
#1623=CARTESIAN_POINT('',(1.137243434,74.112333502,74.630423556));
#1624=CARTESIAN_POINT('',(1.539878528,74.154988994,75.142513701));
#1625=CARTESIAN_POINT('',(1.970529601,74.194750405,75.627838449));
#1626=CARTESIAN_POINT('',(2.428783299,74.231660435,76.086792702));
#1627=CARTESIAN_POINT('',(2.887036998,74.268570465,76.545746955));
#1628=CARTESIAN_POINT('',(3.372893488,74.302629096,76.978330553));
#1629=CARTESIAN_POINT('',(3.887109339,74.333758175,77.3838207));
#1630=CARTESIAN_POINT('',(4.144217264,74.349322715,77.586565773));
#1631=CARTESIAN_POINT('',(4.409250825,74.364189765,77.783029467));
#1632=CARTESIAN_POINT('',(4.678232335,74.378134968,77.970250124));
#1633=CARTESIAN_POINT('',(4.947213846,74.392080171,78.15747078));
#1634=CARTESIAN_POINT('',(5.220653575,74.405140723,78.335917901));
#1635=CARTESIAN_POINT('',(5.498461631,74.417334463,78.505768391));
#1636=B_SPLINE_CURVE_WITH_KNOTS('',3,(#1605,#1606,#1607,#1608,#1609,#1610,#1611,#1612,#1613,#1614,#1615,#1616,#1617,#1618,#1619,#1620,#1621,#1622,#1623,#1624,#1625,#1626,#1627,#1628,#1629,#1630,
#1631,#1632,#1633,#1634,#1635),.UNSPECIFIED.,.F.,.F.,(4,3,3,3,3,3,3,3,3,3,4),(0.019179441,0.02112786,0.022102069,0.023076278,0.026973115,0.027947325,0.028921534,0.030869952,0.032818371,0.03379258,0.03476679),.UNSPECIFIED.);
#1637=EDGE_CURVE('',#1604,#1580,#1636,.T.);
#1638=ORIENTED_EDGE('',*,*,#1637,.F.);
#1639=CARTESIAN_POINT('',(-1.808598067,76.511539176,68.770223554));
#1640=VERTEX_POINT('',#1639);
#1641=CARTESIAN_POINT('',(-1.808598067,76.511539176,68.770223554));
#1642=CARTESIAN_POINT('',(-1.87888198,76.222346684,68.539223747));
#1643=CARTESIAN_POINT('',(-1.945584292,75.949032845,68.291306042));
#1644=CARTESIAN_POINT('',(-2.005173221,75.681033851,68.036733477));
#1645=CARTESIAN_POINT('',(-2.064762149,75.413034856,67.782160911));
#1646=CARTESIAN_POINT('',(-2.117405058,75.150804443,67.520495295));
#1647=CARTESIAN_POINT('',(-2.161918364,74.889664066,67.256345812));
#1648=CARTESIAN_POINT('',(-2.250944976,74.367383312,66.728046845));
#1649=CARTESIAN_POINT('',(-2.307174234,73.849101666,66.19013662));
#1650=CARTESIAN_POINT('',(-2.330135227,73.316663379,65.661193202));
#1651=B_SPLINE_CURVE_WITH_KNOTS('',3,(#1641,#1642,#1643,#1644,#1645,#1646,#1647,#1648,#1649,#1650),.UNSPECIFIED.,.F.,.F.,(4,3,3,4),(0.,0.001122088,0.002244176,0.004488352),.UNSPECIFIED.);
#1652=EDGE_CURVE('',#1640,#1604,#1651,.T.);
#1653=ORIENTED_EDGE('',*,*,#1652,.F.);
#1654=CARTESIAN_POINT('',(14.061910987,76.269441682,64.244554323));
#1655=DIRECTION('',(-0.014608645,0.99442543,-0.104425336));
#1656=DIRECTION('',(0.40113296,-0.089835345,-0.911604058));
#1657=AXIS2_PLACEMENT_3D('',#1654,#1655,#1656);
#1658=CIRCLE('',#1657,16.504949282);
#1659=EDGE_CURVE('',#1560,#1640,#1658,.T.);
#1660=ORIENTED_EDGE('',*,*,#1659,.F.);
#1661=EDGE_LOOP('',(#1567,#1568,#1569,#1578,#1602,#1638,#1653,#1660));
#1662=FACE_BOUND('',#1661,.T.);
#1663=ADVANCED_FACE('',(#1662),#1558,.T.);
#1664=CARTESIAN_POINT('',(14.061910987,76.269441682,64.244554323));
#1665=DIRECTION('',(-0.014608645,0.99442543,-0.104425336));
#1666=DIRECTION('',(0.40113296,-0.089835345,-0.911604058));
#1667=AXIS2_PLACEMENT_3D('',#1664,#1665,#1666);
#1668=PLANE('',#1667);
#1669=CARTESIAN_POINT('',(12.959914203,77.91924876,80.109562307));
#1670=VERTEX_POINT('',#1669);
#1671=CARTESIAN_POINT('',(3.049177469,77.393215531,76.486702158));
#1672=CARTESIAN_POINT('',(3.390210714,77.428597763,76.775932325));
#1673=CARTESIAN_POINT('',(3.744209218,77.462614479,77.050345127));
#1674=CARTESIAN_POINT('',(4.111359456,77.495246039,77.309727449));
#1675=CARTESIAN_POINT('',(4.294934575,77.511561819,77.439418609));
#1676=CARTESIAN_POINT('',(4.481802621,77.527530785,77.565346443));
#1677=CARTESIAN_POINT('',(4.672016363,77.543147378,77.687450644));
#1678=CARTESIAN_POINT('',(4.862230104,77.558763971,77.809554845));
#1679=CARTESIAN_POINT('',(5.056263989,77.574062301,77.928093862));
#1680=CARTESIAN_POINT('',(5.25199,77.588872778,78.041750412));
#1681=CARTESIAN_POINT('',(6.034894044,77.648114687,78.496376611));
#1682=CARTESIAN_POINT('',(6.847864212,77.699921101,78.875989691));
#1683=CARTESIAN_POINT('',(7.689928403,77.744532426,79.183014982));
#1684=CARTESIAN_POINT('',(8.110960498,77.766838088,79.336527627));
#1685=CARTESIAN_POINT('',(8.539309809,77.787334169,79.471784271));
#1686=CARTESIAN_POINT('',(8.975115961,77.805986137,79.588436559));
#1687=CARTESIAN_POINT('',(9.410922112,77.824638105,79.705088847));
#1688=CARTESIAN_POINT('',(9.855981521,77.841497064,79.803372114));
#1689=CARTESIAN_POINT('',(10.302562527,77.856241537,79.881306605));
#1690=CARTESIAN_POINT('',(11.195724538,77.885730483,80.037175587));
#1691=CARTESIAN_POINT('',(12.098119765,77.907000789,80.113488126));
#1692=CARTESIAN_POINT('',(13.007529755,77.919933618,80.109422893));
#1693=CARTESIAN_POINT('',(13.916939746,77.932866447,80.105357661));
#1694=CARTESIAN_POINT('',(14.812640028,77.937182104,80.021150428));
#1695=CARTESIAN_POINT('',(15.69518,77.93322591,79.860012788));
#1696=CARTESIAN_POINT('',(16.136449987,77.931247813,79.779443969));
#1697=CARTESIAN_POINT('',(16.574409747,77.92718909,79.679524765));
#1698=CARTESIAN_POINT('',(17.009009546,77.921018478,79.559964439));
#1699=CARTESIAN_POINT('',(17.226309445,77.917933172,79.500184275));
#1700=CARTESIAN_POINT('',(17.442768242,77.914319196,79.435487336));
#1701=CARTESIAN_POINT('',(17.658371679,77.910167586,79.365790268));
#1702=CARTESIAN_POINT('',(17.873975116,77.906015977,79.296093199));
#1703=CARTESIAN_POINT('',(18.089187677,77.901313921,79.221208992));
#1704=CARTESIAN_POINT('',(18.301587581,77.896112968,79.141967364));
#1705=CARTESIAN_POINT('',(19.151187196,77.87530916,78.825000852));
#1706=CARTESIAN_POINT('',(19.961472323,77.8465218,78.437508193));
#1707=CARTESIAN_POINT('',(20.733667069,77.809999464,77.981685308));
#1708=CARTESIAN_POINT('',(21.119764442,77.791738296,77.753773865));
#1709=CARTESIAN_POINT('',(21.496283125,77.771531993,77.508679239));
#1710=CARTESIAN_POINT('',(21.863032373,77.749341821,77.246059249));
#1711=CARTESIAN_POINT('',(22.22978162,77.727151649,76.983439259));
#1712=CARTESIAN_POINT('',(22.588333752,77.702845106,76.701812147));
#1713=CARTESIAN_POINT('',(22.930761767,77.676944263,76.407258482));
#1714=CARTESIAN_POINT('',(23.615617795,77.625142578,75.818151152));
#1715=CARTESIAN_POINT('',(24.240285457,77.566869766,75.175840413));
#1716=CARTESIAN_POINT('',(24.806099594,77.502269339,74.481506195));
#1717=CARTESIAN_POINT('',(25.089006663,77.469969126,74.134339085));
#1718=CARTESIAN_POINT('',(25.357117951,77.436078151,73.77409327));
#1719=CARTESIAN_POINT('',(25.61006904,77.400557233,73.40044662));
#1720=CARTESIAN_POINT('',(25.863020129,77.365036314,73.026799971));
#1721=CARTESIAN_POINT('',(26.100946034,77.327812697,72.639040754));
#1722=CARTESIAN_POINT('',(26.318902776,77.289689901,72.2455124));
#1723=CARTESIAN_POINT('',(26.75481626,77.213444308,71.458455692));
#1724=CARTESIAN_POINT('',(27.116639578,77.132941848,70.641226418));
#1725=CARTESIAN_POINT('',(27.405368645,77.048239741,69.794230158));
#1726=CARTESIAN_POINT('',(27.549733178,77.005888688,69.370732028));
#1727=CARTESIAN_POINT('',(27.675719016,76.962481682,68.939749336));
#1728=CARTESIAN_POINT('',(27.782790927,76.917987973,68.501064115));
#1729=CARTESIAN_POINT('',(27.836326883,76.895741118,68.281721505));
#1730=CARTESIAN_POINT('',(27.885127772,76.873205736,68.06029371));
#1731=CARTESIAN_POINT('',(27.928695121,76.850623605,67.83915288));
#1732=CARTESIAN_POINT('',(27.97226247,76.828041473,67.61801205));
#1733=CARTESIAN_POINT('',(28.010740834,76.805357442,67.396612772));
#1734=CARTESIAN_POINT('',(28.044210654,76.782573123,67.174959133));
#1735=CARTESIAN_POINT('',(28.178089938,76.691435843,66.288344576));
#1736=CARTESIAN_POINT('',(28.232414973,76.598705604,65.39768981));
#1737=CARTESIAN_POINT('',(28.207542295,76.504389543,64.503012941));
#1738=CARTESIAN_POINT('',(28.182669617,76.410073483,63.608336072));
#1739=CARTESIAN_POINT('',(28.076021586,76.313438213,62.703013759));
#1740=CARTESIAN_POINT('',(27.892356434,76.218764782,61.827148081));
#1741=CARTESIAN_POINT('',(27.708691283,76.124091352,60.951282403));
#1742=CARTESIAN_POINT('',(27.448944802,76.030638343,60.097682046));
#1743=CARTESIAN_POINT('',(27.112764761,75.938411406,59.26645009));
#1744=CARTESIAN_POINT('',(27.028719751,75.915354672,59.058642101));
#1745=CARTESIAN_POINT('',(26.939862416,75.892375133,58.852242447));
#1746=CARTESIAN_POINT('',(26.846115664,75.869474024,58.647273688));
#1747=CARTESIAN_POINT('',(26.752368912,75.846572916,58.442304929));
#1748=CARTESIAN_POINT('',(26.653470355,75.823695551,58.238282993));
#1749=CARTESIAN_POINT('',(26.550479826,75.801091657,58.037437718));
#1750=CARTESIAN_POINT('',(26.344498769,75.755883868,57.635747168));
#1751=CARTESIAN_POINT('',(26.121917527,75.711677845,57.245918557));
#1752=CARTESIAN_POINT('',(25.883204747,75.668445305,56.867617007));
#1753=CARTESIAN_POINT('',(25.405779188,75.581980226,56.111013906));
#1754=CARTESIAN_POINT('',(24.864189937,75.499387209,55.400260045));
#1755=CARTESIAN_POINT('',(24.257551542,75.42071969,54.735988137));
#1756=CARTESIAN_POINT('',(23.954232345,75.38138593,54.403852184));
#1757=CARTESIAN_POINT('',(23.632847203,75.342863506,54.081969792));
#1758=CARTESIAN_POINT('',(23.3002007,75.305987778,53.777344038));
#1759=CARTESIAN_POINT('',(22.967554196,75.269112051,53.472718284));
#1760=CARTESIAN_POINT('',(22.623271107,75.233800323,53.184614159));
#1761=CARTESIAN_POINT('',(22.267626068,75.200015684,52.912641731));
#1762=CARTESIAN_POINT('',(21.556335992,75.132446406,52.368696875));
#1763=CARTESIAN_POINT('',(20.799860585,75.070950205,51.888906162));
#1764=CARTESIAN_POINT('',(19.997151505,75.01566798,51.47475803));
#1765=CARTESIAN_POINT('',(19.595796965,74.988026868,51.267683964));
#1766=CARTESIAN_POINT('',(19.181827263,74.961915674,51.07694386));
#1767=CARTESIAN_POINT('',(18.764299177,74.937891584,50.906576711));
#1768=CARTESIAN_POINT('',(18.34677109,74.913867493,50.736209561));
#1769=CARTESIAN_POINT('',(17.923789496,74.891788349,50.58512674));
#1770=CARTESIAN_POINT('',(17.495457908,74.871617235,50.452962209));
#1771=CARTESIAN_POINT('',(16.638794733,74.831275005,50.188633149));
#1772=CARTESIAN_POINT('',(15.760858292,74.798519703,49.99952919));
#1773=CARTESIAN_POINT('',(14.860952242,74.773599672,49.888112698));
#1774=CARTESIAN_POINT('',(14.63597573,74.767369664,49.860258574));
#1775=CARTESIAN_POINT('',(14.409299066,74.761628439,49.837296892));
#1776=CARTESIAN_POINT('',(14.183454941,74.756438719,49.819470635));
#1777=CARTESIAN_POINT('',(13.957610815,74.751248999,49.801644378));
#1778=CARTESIAN_POINT('',(13.732087951,74.746595157,49.788876257));
#1779=CARTESIAN_POINT('',(13.506881123,74.742468475,49.781083975));
#1780=CARTESIAN_POINT('',(13.056467467,74.73421511,49.765499413));
#1781=CARTESIAN_POINT('',(12.607316315,74.728067651,49.769792433));
#1782=CARTESIAN_POINT('',(12.159409303,74.723995465,49.793673891));
#1783=CARTESIAN_POINT('',(11.263595278,74.715851093,49.841436807));
#1784=CARTESIAN_POINT('',(10.372727589,74.715957402,49.967077634));
#1785=CARTESIAN_POINT('',(9.487016255,74.724664711,50.173903028));
#1786=CARTESIAN_POINT('',(8.601304921,74.73337202,50.380728423));
#1787=CARTESIAN_POINT('',(7.745975467,74.750447569,50.662992911));
#1788=CARTESIAN_POINT('',(6.922039173,74.775508572,51.016909817));
#1789=CARTESIAN_POINT('',(6.510071026,74.788039074,51.19386827));
#1790=CARTESIAN_POINT('',(6.105800922,74.802580198,51.388896623));
#1791=CARTESIAN_POINT('',(5.709332626,74.819159045,51.602238448));
#1792=CARTESIAN_POINT('',(5.511098479,74.827448469,51.70890936));
#1793=CARTESIAN_POINT('',(5.314817454,74.836248021,51.82016491));
#1794=CARTESIAN_POINT('',(5.120520814,74.845565867,51.936078479));
#1795=CARTESIAN_POINT('',(4.926224174,74.854883713,52.051992049));
#1796=CARTESIAN_POINT('',(4.733433421,74.864746697,52.172886211));
#1797=CARTESIAN_POINT('',(4.544081023,74.875060511,52.297592549));
#1798=CARTESIAN_POINT('',(3.786671428,74.916315769,52.7964179));
#1799=CARTESIAN_POINT('',(3.084014334,74.9646539,53.355032664));
#1800=CARTESIAN_POINT('',(2.434234764,75.019832354,53.971389378));
#1801=CARTESIAN_POINT('',(2.10934498,75.047421582,54.279567736));
#1802=CARTESIAN_POINT('',(1.797753853,75.076731145,54.602268151));
#1803=CARTESIAN_POINT('',(1.499703118,75.107792316,54.939754595));
#1804=CARTESIAN_POINT('',(1.35067775,75.123322901,55.108497816));
#1805=CARTESIAN_POINT('',(1.205041792,75.139291946,55.280942254));
#1806=CARTESIAN_POINT('',(1.062857424,75.155707495,55.457155809));
#1807=CARTESIAN_POINT('',(0.920673057,75.172123043,55.633369363));
#1808=CARTESIAN_POINT('',(0.782065698,75.188975843,55.813246382));
#1809=CARTESIAN_POINT('',(0.648295608,75.206105575,55.995083878));
#1810=CARTESIAN_POINT('',(0.113215247,75.274624507,56.722433858));
#1811=CARTESIAN_POINT('',(-0.350778962,75.348186587,57.487864284));
#1812=CARTESIAN_POINT('',(-0.74549185,75.426663773,58.290408318));
#1813=CARTESIAN_POINT('',(-0.942848294,75.465902367,58.691680335));
#1814=CARTESIAN_POINT('',(-1.122783305,75.50637691,59.102284914));
#1815=CARTESIAN_POINT('',(-1.284899593,75.548115587,59.522434882));
#1816=CARTESIAN_POINT('',(-1.447015881,75.589854265,59.942584849));
#1817=CARTESIAN_POINT('',(-1.591507527,75.63299511,60.373621823));
#1818=CARTESIAN_POINT('',(-1.715221858,75.67657482,60.805931374));
#1819=CARTESIAN_POINT('',(-1.962650519,75.763734239,61.670550477));
#1820=CARTESIAN_POINT('',(-2.130812118,75.853362935,62.547594977));
#1821=CARTESIAN_POINT('',(-2.221017481,75.945420072,63.4368594));
#1822=CARTESIAN_POINT('',(-2.266120162,75.99144864,63.881491611));
#1823=CARTESIAN_POINT('',(-2.291620634,76.038087844,64.32919654));
#1824=CARTESIAN_POINT('',(-2.296980521,76.085354454,64.780058578));
#1825=CARTESIAN_POINT('',(-2.299660465,76.108987759,65.005489596));
#1826=CARTESIAN_POINT('',(-2.297264202,76.132825279,65.232155174));
#1827=CARTESIAN_POINT('',(-2.28981753,76.156597037,65.45748799));
#1828=CARTESIAN_POINT('',(-2.282370859,76.180368795,65.682820805));
#1829=CARTESIAN_POINT('',(-2.269898583,76.204118327,65.907238904));
#1830=CARTESIAN_POINT('',(-2.252484098,76.227846001,66.130757466));
#1831=CARTESIAN_POINT('',(-2.18282616,76.3227567,67.024831713));
#1832=CARTESIAN_POINT('',(-2.034667039,76.417320219,67.904617866));
#1833=CARTESIAN_POINT('',(-1.808598067,76.511539176,68.770223554));
#1834=B_SPLINE_CURVE_WITH_KNOTS('',3,(#1671,#1672,#1673,#1674,#1675,#1676,#1677,#1678,#1679,#1680,#1681,#1682,#1683,#1684,#1685,#1686,#1687,#1688,#1689,#1690,#1691,#1692,#1693,#1694,#1695,#1696,
#1697,#1698,#1699,#1700,#1701,#1702,#1703,#1704,#1705,#1706,#1707,#1708,#1709,#1710,#1711,#1712,#1713,#1714,#1715,#1716,#1717,#1718,#1719,#1720,#1721,
#1722,#1723,#1724,#1725,#1726,#1727,#1728,#1729,#1730,#1731,#1732,#1733,#1734,#1735,#1736,#1737,#1738,#1739,#1740,#1741,#1742,#1743,#1744,#1745,#1746,
#1747,#1748,#1749,#1750,#1751,#1752,#1753,#1754,#1755,#1756,#1757,#1758,#1759,#1760,#1761,#1762,#1763,#1764,#1765,#1766,#1767,#1768,#1769,#1770,#1771,
#1772,#1773,#1774,#1775,#1776,#1777,#1778,#1779,#1780,#1781,#1782,#1783,#1784,#1785,#1786,#1787,#1788,#1789,#1790,#1791,#1792,#1793,#1794,#1795,#1796,
#1797,#1798,#1799,#1800,#1801,#1802,#1803,#1804,#1805,#1806,#1807,#1808,#1809,#1810,#1811,#1812,#1813,#1814,#1815,#1816,#1817,#1818,#1819,#1820,#1821,
#1822,#1823,#1824,#1825,#1826,#1827,#1828,#1829,#1830,#1831,#1832,#1833),.UNSPECIFIED.,.F.,.F.,(4,3,3,3,3,3,3,3,3,3,3,3,3,3,3,3,3,3,3,3,3,3,3,3,3,3,
3,3,3,3,3,3,3,3,3,3,3,3,3,3,3,3,3,3,3,3,3,3,3,3,3,
3,3,3,4),(0.084658079,0.086003697,0.086676506,0.087349315,0.090040551,0.091386169,0.092731787,0.095423023,0.098114258,0.099459876,0.100132685,0.100805494,0.10349673,0.104842348,0.106187966,0.108879202,0.11022482,0.111570438,0.114261674,0.115607292,0.116280101,0.11695291,0.119644145,0.122335381,0.125026617,0.125699426,
0.126372235,0.127717853,0.130409089,0.131754707,0.133100325,0.135791561,0.137137179,0.138482797,0.141174033,0.141846842,0.142519651,0.143865268,0.146556504,0.14924774,0.150593358,0.151266167,0.151938976,0.154630212,0.15597583,0.156648639,0.157321448,0.160012684,0.161358302,0.16270392,0.165395156,
0.166740774,0.167413582,0.168086391,0.170777627),.UNSPECIFIED.);
#1835=EDGE_CURVE('',#1670,#1640,#1834,.T.);
#1836=ORIENTED_EDGE('',*,*,#1835,.F.);
#1837=CARTESIAN_POINT('',(3.049177469,77.393215531,76.486702158));
#1838=CARTESIAN_POINT('',(3.390210714,77.428597763,76.775932325));
#1839=CARTESIAN_POINT('',(3.744209218,77.462614479,77.050345127));
#1840=CARTESIAN_POINT('',(4.111359456,77.495246039,77.309727449));
#1841=CARTESIAN_POINT('',(4.294934575,77.511561819,77.439418609));
#1842=CARTESIAN_POINT('',(4.481802621,77.527530785,77.565346443));
#1843=CARTESIAN_POINT('',(4.672016363,77.543147378,77.687450644));
#1844=CARTESIAN_POINT('',(4.862230104,77.558763971,77.809554845));
#1845=CARTESIAN_POINT('',(5.056263989,77.574062301,77.928093862));
#1846=CARTESIAN_POINT('',(5.25199,77.588872778,78.041750412));
#1847=CARTESIAN_POINT('',(6.034894044,77.648114687,78.496376611));
#1848=CARTESIAN_POINT('',(6.847864212,77.699921101,78.875989691));
#1849=CARTESIAN_POINT('',(7.689928403,77.744532426,79.183014982));
#1850=CARTESIAN_POINT('',(8.110960498,77.766838088,79.336527627));
#1851=CARTESIAN_POINT('',(8.539309809,77.787334169,79.471784271));
#1852=CARTESIAN_POINT('',(8.975115961,77.805986137,79.588436559));
#1853=CARTESIAN_POINT('',(9.410922112,77.824638105,79.705088847));
#1854=CARTESIAN_POINT('',(9.855981521,77.841497064,79.803372114));
#1855=CARTESIAN_POINT('',(10.302562527,77.856241537,79.881306605));
#1856=CARTESIAN_POINT('',(11.195724538,77.885730483,80.037175587));
#1857=CARTESIAN_POINT('',(12.098119765,77.907000789,80.113488126));
#1858=CARTESIAN_POINT('',(13.007529755,77.919933618,80.109422893));
#1859=CARTESIAN_POINT('',(13.916939746,77.932866447,80.105357661));
#1860=CARTESIAN_POINT('',(14.812640028,77.937182104,80.021150428));
#1861=CARTESIAN_POINT('',(15.69518,77.93322591,79.860012788));
#1862=CARTESIAN_POINT('',(16.136449987,77.931247813,79.779443969));
#1863=CARTESIAN_POINT('',(16.574409747,77.92718909,79.679524765));
#1864=CARTESIAN_POINT('',(17.009009546,77.921018478,79.559964439));
#1865=CARTESIAN_POINT('',(17.226309445,77.917933172,79.500184275));
#1866=CARTESIAN_POINT('',(17.442768242,77.914319196,79.435487336));
#1867=CARTESIAN_POINT('',(17.658371679,77.910167586,79.365790268));
#1868=CARTESIAN_POINT('',(17.873975116,77.906015977,79.296093199));
#1869=CARTESIAN_POINT('',(18.089187677,77.901313921,79.221208992));
#1870=CARTESIAN_POINT('',(18.301587581,77.896112968,79.141967364));
#1871=CARTESIAN_POINT('',(19.151187196,77.87530916,78.825000852));
#1872=CARTESIAN_POINT('',(19.961472323,77.8465218,78.437508193));
#1873=CARTESIAN_POINT('',(20.733667069,77.809999464,77.981685308));
#1874=CARTESIAN_POINT('',(21.119764442,77.791738296,77.753773865));
#1875=CARTESIAN_POINT('',(21.496283125,77.771531993,77.508679239));
#1876=CARTESIAN_POINT('',(21.863032373,77.749341821,77.246059249));
#1877=CARTESIAN_POINT('',(22.22978162,77.727151649,76.983439259));
#1878=CARTESIAN_POINT('',(22.588333752,77.702845106,76.701812147));
#1879=CARTESIAN_POINT('',(22.930761767,77.676944263,76.407258482));
#1880=CARTESIAN_POINT('',(23.615617795,77.625142578,75.818151152));
#1881=CARTESIAN_POINT('',(24.240285457,77.566869766,75.175840413));
#1882=CARTESIAN_POINT('',(24.806099594,77.502269339,74.481506195));
#1883=CARTESIAN_POINT('',(25.089006663,77.469969126,74.134339085));
#1884=CARTESIAN_POINT('',(25.357117951,77.436078151,73.77409327));
#1885=CARTESIAN_POINT('',(25.61006904,77.400557233,73.40044662));
#1886=CARTESIAN_POINT('',(25.863020129,77.365036314,73.026799971));
#1887=CARTESIAN_POINT('',(26.100946034,77.327812697,72.639040754));
#1888=CARTESIAN_POINT('',(26.318902776,77.289689901,72.2455124));
#1889=CARTESIAN_POINT('',(26.75481626,77.213444308,71.458455692));
#1890=CARTESIAN_POINT('',(27.116639578,77.132941848,70.641226418));
#1891=CARTESIAN_POINT('',(27.405368645,77.048239741,69.794230158));
#1892=CARTESIAN_POINT('',(27.549733178,77.005888688,69.370732028));
#1893=CARTESIAN_POINT('',(27.675719016,76.962481682,68.939749336));
#1894=CARTESIAN_POINT('',(27.782790927,76.917987973,68.501064115));
#1895=CARTESIAN_POINT('',(27.836326883,76.895741118,68.281721505));
#1896=CARTESIAN_POINT('',(27.885127772,76.873205736,68.06029371));
#1897=CARTESIAN_POINT('',(27.928695121,76.850623605,67.83915288));
#1898=CARTESIAN_POINT('',(27.97226247,76.828041473,67.61801205));
#1899=CARTESIAN_POINT('',(28.010740834,76.805357442,67.396612772));
#1900=CARTESIAN_POINT('',(28.044210654,76.782573123,67.174959133));
#1901=CARTESIAN_POINT('',(28.178089938,76.691435843,66.288344576));
#1902=CARTESIAN_POINT('',(28.232414973,76.598705604,65.39768981));
#1903=CARTESIAN_POINT('',(28.207542295,76.504389543,64.503012941));
#1904=CARTESIAN_POINT('',(28.182669617,76.410073483,63.608336072));
#1905=CARTESIAN_POINT('',(28.076021586,76.313438213,62.703013759));
#1906=CARTESIAN_POINT('',(27.892356434,76.218764782,61.827148081));
#1907=CARTESIAN_POINT('',(27.708691283,76.124091352,60.951282403));
#1908=CARTESIAN_POINT('',(27.448944802,76.030638343,60.097682046));
#1909=CARTESIAN_POINT('',(27.112764761,75.938411406,59.26645009));
#1910=CARTESIAN_POINT('',(27.028719751,75.915354672,59.058642101));
#1911=CARTESIAN_POINT('',(26.939862416,75.892375133,58.852242447));
#1912=CARTESIAN_POINT('',(26.846115664,75.869474024,58.647273688));
#1913=CARTESIAN_POINT('',(26.752368912,75.846572916,58.442304929));
#1914=CARTESIAN_POINT('',(26.653470355,75.823695551,58.238282993));
#1915=CARTESIAN_POINT('',(26.550479826,75.801091657,58.037437718));
#1916=CARTESIAN_POINT('',(26.344498769,75.755883868,57.635747168));
#1917=CARTESIAN_POINT('',(26.121917527,75.711677845,57.245918557));
#1918=CARTESIAN_POINT('',(25.883204747,75.668445305,56.867617007));
#1919=CARTESIAN_POINT('',(25.405779188,75.581980226,56.111013906));
#1920=CARTESIAN_POINT('',(24.864189937,75.499387209,55.400260045));
#1921=CARTESIAN_POINT('',(24.257551542,75.42071969,54.735988137));
#1922=CARTESIAN_POINT('',(23.954232345,75.38138593,54.403852184));
#1923=CARTESIAN_POINT('',(23.632847203,75.342863506,54.081969792));
#1924=CARTESIAN_POINT('',(23.3002007,75.305987778,53.777344038));
#1925=CARTESIAN_POINT('',(22.967554196,75.269112051,53.472718284));
#1926=CARTESIAN_POINT('',(22.623271107,75.233800323,53.184614159));
#1927=CARTESIAN_POINT('',(22.267626068,75.200015684,52.912641731));
#1928=CARTESIAN_POINT('',(21.556335992,75.132446406,52.368696875));
#1929=CARTESIAN_POINT('',(20.799860585,75.070950205,51.888906162));
#1930=CARTESIAN_POINT('',(19.997151505,75.01566798,51.47475803));
#1931=CARTESIAN_POINT('',(19.595796965,74.988026868,51.267683964));
#1932=CARTESIAN_POINT('',(19.181827263,74.961915674,51.07694386));
#1933=CARTESIAN_POINT('',(18.764299177,74.937891584,50.906576711));
#1934=CARTESIAN_POINT('',(18.34677109,74.913867493,50.736209561));
#1935=CARTESIAN_POINT('',(17.923789496,74.891788349,50.58512674));
#1936=CARTESIAN_POINT('',(17.495457908,74.871617235,50.452962209));
#1937=CARTESIAN_POINT('',(16.638794733,74.831275005,50.188633149));
#1938=CARTESIAN_POINT('',(15.760858292,74.798519703,49.99952919));
#1939=CARTESIAN_POINT('',(14.860952242,74.773599672,49.888112698));
#1940=CARTESIAN_POINT('',(14.63597573,74.767369664,49.860258574));
#1941=CARTESIAN_POINT('',(14.409299066,74.761628439,49.837296892));
#1942=CARTESIAN_POINT('',(14.183454941,74.756438719,49.819470635));
#1943=CARTESIAN_POINT('',(13.957610815,74.751248999,49.801644378));
#1944=CARTESIAN_POINT('',(13.732087951,74.746595157,49.788876257));
#1945=CARTESIAN_POINT('',(13.506881123,74.742468475,49.781083975));
#1946=CARTESIAN_POINT('',(13.056467467,74.73421511,49.765499413));
#1947=CARTESIAN_POINT('',(12.607316315,74.728067651,49.769792433));
#1948=CARTESIAN_POINT('',(12.159409303,74.723995465,49.793673891));
#1949=CARTESIAN_POINT('',(11.263595278,74.715851093,49.841436807));
#1950=CARTESIAN_POINT('',(10.372727589,74.715957402,49.967077634));
#1951=CARTESIAN_POINT('',(9.487016255,74.724664711,50.173903028));
#1952=CARTESIAN_POINT('',(8.601304921,74.73337202,50.380728423));
#1953=CARTESIAN_POINT('',(7.745975467,74.750447569,50.662992911));
#1954=CARTESIAN_POINT('',(6.922039173,74.775508572,51.016909817));
#1955=CARTESIAN_POINT('',(6.510071026,74.788039074,51.19386827));
#1956=CARTESIAN_POINT('',(6.105800922,74.802580198,51.388896623));
#1957=CARTESIAN_POINT('',(5.709332626,74.819159045,51.602238448));
#1958=CARTESIAN_POINT('',(5.511098479,74.827448469,51.70890936));
#1959=CARTESIAN_POINT('',(5.314817454,74.836248021,51.82016491));
#1960=CARTESIAN_POINT('',(5.120520814,74.845565867,51.936078479));
#1961=CARTESIAN_POINT('',(4.926224174,74.854883713,52.051992049));
#1962=CARTESIAN_POINT('',(4.733433421,74.864746697,52.172886211));
#1963=CARTESIAN_POINT('',(4.544081023,74.875060511,52.297592549));
#1964=CARTESIAN_POINT('',(3.786671428,74.916315769,52.7964179));
#1965=CARTESIAN_POINT('',(3.084014334,74.9646539,53.355032664));
#1966=CARTESIAN_POINT('',(2.434234764,75.019832354,53.971389378));
#1967=CARTESIAN_POINT('',(2.10934498,75.047421582,54.279567736));
#1968=CARTESIAN_POINT('',(1.797753853,75.076731145,54.602268151));
#1969=CARTESIAN_POINT('',(1.499703118,75.107792316,54.939754595));
#1970=CARTESIAN_POINT('',(1.35067775,75.123322901,55.108497816));
#1971=CARTESIAN_POINT('',(1.205041792,75.139291946,55.280942254));
#1972=CARTESIAN_POINT('',(1.062857424,75.155707495,55.457155809));
#1973=CARTESIAN_POINT('',(0.920673057,75.172123043,55.633369363));
#1974=CARTESIAN_POINT('',(0.782065698,75.188975843,55.813246382));
#1975=CARTESIAN_POINT('',(0.648295608,75.206105575,55.995083878));
#1976=CARTESIAN_POINT('',(0.113215247,75.274624507,56.722433858));
#1977=CARTESIAN_POINT('',(-0.350778962,75.348186587,57.487864284));
#1978=CARTESIAN_POINT('',(-0.74549185,75.426663773,58.290408318));
#1979=CARTESIAN_POINT('',(-0.942848294,75.465902367,58.691680335));
#1980=CARTESIAN_POINT('',(-1.122783305,75.50637691,59.102284914));
#1981=CARTESIAN_POINT('',(-1.284899593,75.548115587,59.522434882));
#1982=CARTESIAN_POINT('',(-1.447015881,75.589854265,59.942584849));
#1983=CARTESIAN_POINT('',(-1.591507527,75.63299511,60.373621823));
#1984=CARTESIAN_POINT('',(-1.715221858,75.67657482,60.805931374));
#1985=CARTESIAN_POINT('',(-1.962650519,75.763734239,61.670550477));
#1986=CARTESIAN_POINT('',(-2.130812118,75.853362935,62.547594977));
#1987=CARTESIAN_POINT('',(-2.221017481,75.945420072,63.4368594));
#1988=CARTESIAN_POINT('',(-2.266120162,75.99144864,63.881491611));
#1989=CARTESIAN_POINT('',(-2.291620634,76.038087844,64.32919654));
#1990=CARTESIAN_POINT('',(-2.296980521,76.085354454,64.780058578));
#1991=CARTESIAN_POINT('',(-2.299660465,76.108987759,65.005489596));
#1992=CARTESIAN_POINT('',(-2.297264202,76.132825279,65.232155174));
#1993=CARTESIAN_POINT('',(-2.28981753,76.156597037,65.45748799));
#1994=CARTESIAN_POINT('',(-2.282370859,76.180368795,65.682820805));
#1995=CARTESIAN_POINT('',(-2.269898583,76.204118327,65.907238904));
#1996=CARTESIAN_POINT('',(-2.252484098,76.227846001,66.130757466));
#1997=CARTESIAN_POINT('',(-2.18282616,76.3227567,67.024831713));
#1998=CARTESIAN_POINT('',(-2.034667039,76.417320219,67.904617866));
#1999=CARTESIAN_POINT('',(-1.808598067,76.511539176,68.770223554));
#2000=B_SPLINE_CURVE_WITH_KNOTS('',3,(#1837,#1838,#1839,#1840,#1841,#1842,#1843,#1844,#1845,#1846,#1847,#1848,#1849,#1850,#1851,#1852,#1853,#1854,#1855,#1856,#1857,#1858,#1859,#1860,#1861,#1862,
#1863,#1864,#1865,#1866,#1867,#1868,#1869,#1870,#1871,#1872,#1873,#1874,#1875,#1876,#1877,#1878,#1879,#1880,#1881,#1882,#1883,#1884,#1885,#1886,#1887,
#1888,#1889,#1890,#1891,#1892,#1893,#1894,#1895,#1896,#1897,#1898,#1899,#1900,#1901,#1902,#1903,#1904,#1905,#1906,#1907,#1908,#1909,#1910,#1911,#1912,
#1913,#1914,#1915,#1916,#1917,#1918,#1919,#1920,#1921,#1922,#1923,#1924,#1925,#1926,#1927,#1928,#1929,#1930,#1931,#1932,#1933,#1934,#1935,#1936,#1937,
#1938,#1939,#1940,#1941,#1942,#1943,#1944,#1945,#1946,#1947,#1948,#1949,#1950,#1951,#1952,#1953,#1954,#1955,#1956,#1957,#1958,#1959,#1960,#1961,#1962,
#1963,#1964,#1965,#1966,#1967,#1968,#1969,#1970,#1971,#1972,#1973,#1974,#1975,#1976,#1977,#1978,#1979,#1980,#1981,#1982,#1983,#1984,#1985,#1986,#1987,
#1988,#1989,#1990,#1991,#1992,#1993,#1994,#1995,#1996,#1997,#1998,#1999),.UNSPECIFIED.,.F.,.F.,(4,3,3,3,3,3,3,3,3,3,3,3,3,3,3,3,3,3,3,3,3,3,3,3,3,3,
3,3,3,3,3,3,3,3,3,3,3,3,3,3,3,3,3,3,3,3,3,3,3,3,3,
3,3,3,4),(0.084658079,0.086003697,0.086676506,0.087349315,0.090040551,0.091386169,0.092731787,0.095423023,0.098114258,0.099459876,0.100132685,0.100805494,0.10349673,0.104842348,0.106187966,0.108879202,0.11022482,0.111570438,0.114261674,0.115607292,0.116280101,0.11695291,0.119644145,0.122335381,0.125026617,0.125699426,
0.126372235,0.127717853,0.130409089,0.131754707,0.133100325,0.135791561,0.137137179,0.138482797,0.141174033,0.141846842,0.142519651,0.143865268,0.146556504,0.14924774,0.150593358,0.151266167,0.151938976,0.154630212,0.15597583,0.156648639,0.157321448,0.160012684,0.161358302,0.16270392,0.165395156,
0.166740774,0.167413582,0.168086391,0.170777627),.UNSPECIFIED.);
#2001=EDGE_CURVE('',#1571,#1670,#2000,.T.);
#2002=ORIENTED_EDGE('',*,*,#2001,.F.);
#2003=ORIENTED_EDGE('',*,*,#1577,.T.);
#2004=ORIENTED_EDGE('',*,*,#1659,.T.);
#2005=EDGE_LOOP('',(#1836,#2002,#2003,#2004));
#2006=FACE_BOUND('',#2005,.T.);
#2007=ADVANCED_FACE('',(#2006),#1668,.T.);
#2008=CARTESIAN_POINT('',(13.674807496,129.265206258,59.967238525));
#2009=DIRECTION('',(-0.013486083,-0.99552534,0.09352766));
#2010=DIRECTION('',(-0.,-0.093536166,-0.995615883));
#2011=AXIS2_PLACEMENT_3D('',#2008,#2009,#2010);
#2012=PLANE('',#2011);
#2013=CARTESIAN_POINT('',(13.674807496,130.691755605,75.151687978));
#2014=VERTEX_POINT('',#2013);
#2015=CARTESIAN_POINT('',(13.674807496,129.265206258,59.967238525));
#2016=DIRECTION('',(-0.013486083,-0.99552534,0.09352766));
#2017=DIRECTION('',(0.,0.093536166,0.995615883));
#2018=AXIS2_PLACEMENT_3D('',#2015,#2016,#2017);
#2019=CIRCLE('',#2018,15.251313);
#2020=EDGE_CURVE('',#2014,#2014,#2019,.T.);
#2021=ORIENTED_EDGE('',*,*,#2020,.F.);
#2022=EDGE_LOOP('',(#2021));
#2023=FACE_BOUND('',#2022,.T.);
#2024=ADVANCED_FACE('',(#2023),#2012,.F.);
#2025=CARTESIAN_POINT('',(12.913564275,73.071207105,65.24655491));
#2026=DIRECTION('',(-0.013486083,-0.99552534,0.09352766));
#2027=DIRECTION('',(-0.,-0.093536166,-0.995615883));
#2028=AXIS2_PLACEMENT_3D('',#2025,#2026,#2027);
#2029=PLANE('',#2028);
#2030=CARTESIAN_POINT('',(12.913564275,73.071207105,65.24655491));
#2031=DIRECTION('',(-0.013486083,-0.99552534,0.09352766));
#2032=DIRECTION('',(0.,0.093536166,0.995615883));
#2033=AXIS2_PLACEMENT_3D('',#2030,#2031,#2032);
#2034=CIRCLE('',#2033,15.251313);
#2035=EDGE_CURVE('',#1580,#1604,#2034,.T.);
#2036=ORIENTED_EDGE('',*,*,#2035,.T.);
#2037=ORIENTED_EDGE('',*,*,#1637,.T.);
#2038=EDGE_LOOP('',(#2036,#2037));
#2039=FACE_BOUND('',#2038,.T.);
#2040=ADVANCED_FACE('',(#2039),#2029,.T.);
#2041=CARTESIAN_POINT('',(13.674807496,130.691755605,75.151687978));
#2042=CARTESIAN_POINT('',(12.913564275,74.497756452,80.431004363));
#2043=CARTESIAN_POINT('',(-16.825044554,131.101313085,75.113210853));
#2044=CARTESIAN_POINT('',(-17.586287775,74.907313932,80.392527238));
#2045=CARTESIAN_POINT('',(-16.825044554,128.248214391,44.744311947));
#2046=CARTESIAN_POINT('',(-17.586287775,72.054215238,50.023628333));
#2047=CARTESIAN_POINT('',(13.674807496,127.838656911,44.782789072));
#2048=CARTESIAN_POINT('',(12.913564275,71.644657758,50.062105457));
#2049=CARTESIAN_POINT('',(44.174659546,127.429099431,44.821266197));
#2050=CARTESIAN_POINT('',(43.413416326,71.235100278,50.100582582));
#2051=CARTESIAN_POINT('',(44.174659546,130.282198125,75.190165103));
#2052=CARTESIAN_POINT('',(43.413416326,74.088198972,80.469481488));
#2053=CARTESIAN_POINT('',(13.674807496,130.691755605,75.151687978));
#2054=CARTESIAN_POINT('',(12.913564275,74.497756452,80.431004363));
#2055=(BOUNDED_SURFACE()
B_SPLINE_SURFACE(3,1,((#2041,#2042),(#2043,#2044),(#2045,#2046),(#2047,#2048),(#2049,#2050),(#2051,#2052),(#2053,#2054)),.UNSPECIFIED.,.T.,.F.,.U.)
B_SPLINE_SURFACE_WITH_KNOTS((4,3,4),(2,2),(0.,0.5,1.),(0.,1.),.UNSPECIFIED.)
GEOMETRIC_REPRESENTATION_ITEM()
RATIONAL_B_SPLINE_SURFACE(((1.,1.),(0.333333333,0.333333333),(0.333333333,0.333333333),(1.,1.),(0.333333333,0.333333333),(0.333333333,0.333333333),(1.,1.)))
REPRESENTATION_ITEM('')
SURFACE()
);
#2056=CARTESIAN_POINT('',(12.959914203,77.919248717,80.109561852));
#2057=CARTESIAN_POINT('',(13.674807496,130.691755605,75.151687978));
#2058=B_SPLINE_CURVE_WITH_KNOTS('',1,(#2056,#2057),.UNSPECIFIED.,.F.,.F.,(2,2),(0.060887147,1.),.UNSPECIFIED.);
#2059=EDGE_CURVE('',#1670,#2014,#2058,.T.);
#2060=ORIENTED_EDGE('',*,*,#2059,.T.);
#2061=ORIENTED_EDGE('',*,*,#2020,.T.);
#2062=ORIENTED_EDGE('',*,*,#2059,.F.);
#2063=ORIENTED_EDGE('',*,*,#1835,.T.);
#2064=ORIENTED_EDGE('',*,*,#1652,.T.);
#2065=ORIENTED_EDGE('',*,*,#2035,.F.);
#2066=ORIENTED_EDGE('',*,*,#1601,.T.);
#2067=ORIENTED_EDGE('',*,*,#2001,.T.);
#2068=EDGE_LOOP('',(#2060,#2061,#2062,#2063,#2064,#2065,#2066,#2067));
#2069=FACE_BOUND('',#2068,.T.);
#2070=ADVANCED_FACE('',(#2069),#2055,.T.);
#2071=CLOSED_SHELL('',(#270,#595,#611,#628,#656,#696,#727,#950,#981,#1032,#1093,#1154,#1173,#1227,#1469,#1489,#1510,#1529,#1663,#2007,#2024,#2040,#2070));
#2072=MANIFOLD_SOLID_BREP('Cylinder',#2071);
#2073=COLOUR_RGB('',0.941176474,0.862745106,0.015686275);
#2074=FILL_AREA_STYLE_COLOUR('',#2073);
#2075=FILL_AREA_STYLE('',(#2074));
#2076=SURFACE_STYLE_FILL_AREA(#2075);
#2077=SURFACE_SIDE_STYLE('',(#2076));
#2078=SURFACE_STYLE_USAGE(.BOTH.,#2077);
#2079=PRESENTATION_STYLE_ASSIGNMENT((#2078));
#26=STYLED_ITEM('',(#2079),#2072);
#16=SHAPE_REPRESENTATION('root',(#15),#10);
#17=ADVANCED_BREP_SHAPE_REPRESENTATION('root',(#2072),#10);
#2087=SHAPE_REPRESENTATION_RELATIONSHIP('','',#16,#17);
#2088=APPLICATION_CONTEXT('configuration controlled 3D design of mechanical parts and assemblies');
#2089=APPLICATION_PROTOCOL_DEFINITION('international standard','configuration_control_3d_design_ed2_mim',2004,#2088);
#2090=PRODUCT_CONTEXT('',#2088,'mechanical');
#2091=PRODUCT_DEFINITION_CONTEXT('part definition',#2088,'design');
#24=PRODUCT('root','root','',(#2090));
#2092=PRODUCT_RELATED_PRODUCT_CATEGORY('part','',(#24));
#2093=PRODUCT_DEFINITION_FORMATION_WITH_SPECIFIED_SOURCE('','',#24,.NOT_KNOWN.);
#25=PRODUCT_DEFINITION('design','',#2093,#2091);
#23=PRODUCT_DEFINITION_SHAPE('','',#25);
#2094=SHAPE_DEFINITION_REPRESENTATION(#23,#16);
#11=DRAUGHTING_MODEL('',(),#10);
#1=MECHANICAL_DESIGN_GEOMETRIC_PRESENTATION_REPRESENTATION('',(#26),#10);
ENDSEC;
END-ISO-10303-21;
