ISO-10303-21;
HEADER;

/* File generated by HOOPS Exchange Version 24.2.0 */

FILE_DESCRIPTION(('HOOPS Exchange Step'),'2;1');

FILE_NAME('C:\\Users\\andy\\OneDrive\\Desktop\\Scraper CAD\\Front Scraper\\Front Arm.stp',
'2026-05-10T16:21:25-05:00',
('andy'),
('Unknown organisation'),
'HOOPS Exchange 2024.2',
'HOOPS Exchange',
'Unknown authorisation');

FILE_SCHEMA( ('AP203_CONFIGURATION_CONTROLLED_3D_DESIGN_OF_MECHANICAL_PARTS_AND_ASSEMBLIES_MIM_LF') );

ENDSEC;

DATA;
#3=(NAMED_UNIT(*)PLANE_ANGLE_UNIT()SI_UNIT($,.RADIAN.));
#4=PLANE_ANGLE_MEASURE_WITH_UNIT(PLANE_ANGLE_MEASURE(0.0174532925),#3);
#5=(CONVERSION_BASED_UNIT('DEGREE',#4)NAMED_UNIT(#6)PLANE_ANGLE_UNIT());
#6=DIMENSIONAL_EXPONENTS(0.,0.,0.,0.,0.,0.,0.);
#7=(NAMED_UNIT(*)SI_UNIT($,.STERADIAN.)SOLID_ANGLE_UNIT());
#8=(LENGTH_UNIT()NAMED_UNIT(*)SI_UNIT(.MILLI.,.METRE.));
#9=UNCERTAINTY_MEASURE_WITH_UNIT(LENGTH_MEASURE(1.000000E-05),#8,'DISTANCE_ACCURACY_VALUE','Maximum Tolerance applied to model');
#10=(GEOMETRIC_REPRESENTATION_CONTEXT(3)GLOBAL_UNCERTAINTY_ASSIGNED_CONTEXT((#9))GLOBAL_UNIT_ASSIGNED_CONTEXT((#8,#5,#7))REPRESENTATION_CONTEXT('','root'));
#12=CARTESIAN_POINT('',(0.,0.,0.));
#13=DIRECTION('',(0.,0.,1.));
#14=DIRECTION('',(1.,0.,0.));
#15=AXIS2_PLACEMENT_3D('',#12,#13,#14);
#27=CARTESIAN_POINT('',(88.662489489,456.594358921,19.324326));
#28=DIRECTION('',(-0.,-0.312301798,-0.94998294));
#29=DIRECTION('',(0.,0.94998294,-0.312301798));
#30=AXIS2_PLACEMENT_3D('',#27,#28,#29);
#31=PLANE('',#30);
#32=CARTESIAN_POINT('',(88.662489489,-95.626207622,200.863876185));
#33=VERTEX_POINT('',#32);
#34=CARTESIAN_POINT('',(18.351386138,-95.626207622,200.863876185));
#35=VERTEX_POINT('',#34);
#36=CARTESIAN_POINT('',(88.662489489,-95.626207622,200.863876185));
#37=DIRECTION('',(-1.,0.,0.));
#38=VECTOR('',#37,70.311103351);
#39=LINE('',#36,#38);
#40=EDGE_CURVE('',#33,#35,#39,.T.);
#41=ORIENTED_EDGE('',*,*,#40,.T.);
#42=CARTESIAN_POINT('',(18.351386138,456.594358921,19.324326));
#43=VERTEX_POINT('',#42);
#44=CARTESIAN_POINT('',(18.351386138,-95.626207622,200.863876185));
#45=DIRECTION('',(-0.,0.94998294,-0.312301798));
#46=VECTOR('',#45,581.295245459);
#47=LINE('',#44,#46);
#48=EDGE_CURVE('',#35,#43,#47,.T.);
#49=ORIENTED_EDGE('',*,*,#48,.T.);
#50=CARTESIAN_POINT('',(33.070266003,456.594358921,19.324326));
#51=VERTEX_POINT('',#50);
#52=CARTESIAN_POINT('',(33.070266003,456.594358921,19.324326));
#53=DIRECTION('',(-1.,0.,0.));
#54=VECTOR('',#53,14.718879864);
#55=LINE('',#52,#54);
#56=EDGE_CURVE('',#51,#43,#55,.T.);
#57=ORIENTED_EDGE('',*,*,#56,.F.);
#58=CARTESIAN_POINT('',(33.070266003,300.579979247,70.613216752));
#59=VERTEX_POINT('',#58);
#60=CARTESIAN_POINT('',(33.070266003,300.579979247,70.613216752));
#61=DIRECTION('',(0.,0.94998294,-0.312301798));
#62=VECTOR('',#61,164.228611939);
#63=LINE('',#60,#62);
#64=EDGE_CURVE('',#59,#51,#63,.T.);
#65=ORIENTED_EDGE('',*,*,#64,.F.);
#66=CARTESIAN_POINT('',(88.662489489,300.579979247,70.613216752));
#67=VERTEX_POINT('',#66);
#68=CARTESIAN_POINT('',(88.662489489,300.579979247,70.613216752));
#69=DIRECTION('',(-1.,0.,0.));
#70=VECTOR('',#69,55.592223487);
#71=LINE('',#68,#70);
#72=EDGE_CURVE('',#67,#59,#71,.T.);
#73=ORIENTED_EDGE('',*,*,#72,.F.);
#74=CARTESIAN_POINT('',(88.662489489,300.579979247,70.613216752));
#75=DIRECTION('',(0.,-0.94998294,0.312301798));
#76=VECTOR('',#75,417.06663352);
#77=LINE('',#74,#76);
#78=EDGE_CURVE('',#67,#33,#77,.T.);
#79=ORIENTED_EDGE('',*,*,#78,.T.);
#80=EDGE_LOOP('',(#41,#49,#57,#65,#73,#79));
#81=FACE_BOUND('',#80,.T.);
#82=ADVANCED_FACE('',(#81),#31,.T.);
#83=CARTESIAN_POINT('',(33.070266003,560.873833189,70.96187822));
#84=DIRECTION('',(1.,0.,0.));
#85=DIRECTION('',(0.,0.001339491,-0.999999103));
#86=AXIS2_PLACEMENT_3D('',#83,#84,#85);
#87=PLANE('',#86);
#88=CARTESIAN_POINT('',(33.070266003,560.873833189,70.96187822));
#89=VERTEX_POINT('',#88);
#90=CARTESIAN_POINT('',(33.070266003,300.579979247,70.613216752));
#91=DIRECTION('',(0.,0.999999103,0.001339491));
#92=VECTOR('',#91,260.294087457);
#93=LINE('',#90,#92);
#94=EDGE_CURVE('',#59,#89,#93,.T.);
#95=ORIENTED_EDGE('',*,*,#94,.F.);
#96=ORIENTED_EDGE('',*,*,#64,.T.);
#97=CARTESIAN_POINT('',(33.070266003,447.977875828,-17.731951183));
#98=VERTEX_POINT('',#97);
#99=CARTESIAN_POINT('',(33.070266003,447.977875828,-17.731951183));
#100=DIRECTION('',(0.,0.22648218,0.974015309));
#101=VECTOR('',#100,38.044861145);
#102=LINE('',#99,#101);
#103=EDGE_CURVE('',#98,#51,#102,.T.);
#104=ORIENTED_EDGE('',*,*,#103,.F.);
#105=CARTESIAN_POINT('',(33.070266003,560.992435066,-17.580569114));
#106=VERTEX_POINT('',#105);
#107=CARTESIAN_POINT('',(33.070266003,447.977875828,-17.731951183));
#108=DIRECTION('',(0.,0.999999103,0.001339491));
#109=VECTOR('',#108,113.014660626);
#110=LINE('',#107,#109);
#111=EDGE_CURVE('',#98,#106,#110,.T.);
#112=ORIENTED_EDGE('',*,*,#111,.T.);
#113=CARTESIAN_POINT('',(33.070266003,560.873833189,70.96187822));
#114=CARTESIAN_POINT('',(33.070266003,560.913367148,41.447729108));
#115=CARTESIAN_POINT('',(33.070266003,560.952901107,11.933579997));
#116=CARTESIAN_POINT('',(33.070266003,560.992435066,-17.580569114));
#117=B_SPLINE_CURVE_WITH_KNOTS('',3,(#113,#114,#115,#116),.UNSPECIFIED.,.F.,.F.,(4,4),(0.412412396,0.628279678),.UNSPECIFIED.);
#118=EDGE_CURVE('',#89,#106,#117,.T.);
#119=ORIENTED_EDGE('',*,*,#118,.F.);
#120=EDGE_LOOP('',(#95,#96,#104,#112,#119));
#121=FACE_BOUND('',#120,.T.);
#122=ADVANCED_FACE('',(#121),#87,.T.);
#123=CARTESIAN_POINT('',(89.352218107,560.873833189,70.96187822));
#124=DIRECTION('',(0.,0.001339491,-0.999999103));
#125=DIRECTION('',(-1.,0.,0.));
#126=AXIS2_PLACEMENT_3D('',#123,#124,#125);
#127=PLANE('',#126);
#128=CARTESIAN_POINT('',(88.662489489,468.958777419,70.838758762));
#129=VERTEX_POINT('',#128);
#130=CARTESIAN_POINT('',(88.662489489,300.579979247,70.613216752));
#131=DIRECTION('',(0.,0.999999103,0.001339491));
#132=VECTOR('',#131,168.378949228);
#133=LINE('',#130,#132);
#134=EDGE_CURVE('',#67,#129,#133,.T.);
#135=ORIENTED_EDGE('',*,*,#134,.F.);
#136=ORIENTED_EDGE('',*,*,#72,.T.);
#137=ORIENTED_EDGE('',*,*,#94,.T.);
#138=CARTESIAN_POINT('',(89.352218107,560.873833189,70.96187822));
#139=VERTEX_POINT('',#138);
#140=CARTESIAN_POINT('',(89.352218107,560.873833189,70.96187822));
#141=CARTESIAN_POINT('',(70.591567405,560.873833189,70.96187822));
#142=CARTESIAN_POINT('',(51.830916704,560.873833189,70.96187822));
#143=CARTESIAN_POINT('',(33.070266003,560.873833189,70.96187822));
#144=B_SPLINE_CURVE_WITH_KNOTS('',3,(#140,#141,#142,#143),.UNSPECIFIED.,.F.,.F.,(4,4),(0.,1.),.UNSPECIFIED.);
#145=EDGE_CURVE('',#139,#89,#144,.T.);
#146=ORIENTED_EDGE('',*,*,#145,.F.);
#147=CARTESIAN_POINT('',(89.352218107,468.958777419,70.838758762));
#148=VERTEX_POINT('',#147);
#149=CARTESIAN_POINT('',(89.352218107,468.958777419,70.838758762));
#150=DIRECTION('',(0.,0.999999103,0.001339491));
#151=VECTOR('',#150,91.915138229);
#152=LINE('',#149,#151);
#153=EDGE_CURVE('',#148,#139,#152,.T.);
#154=ORIENTED_EDGE('',*,*,#153,.F.);
#155=CARTESIAN_POINT('',(88.662489489,468.958777419,70.838758762));
#156=DIRECTION('',(1.,0.,-0.));
#157=VECTOR('',#156,0.689728618);
#158=LINE('',#155,#157);
#159=EDGE_CURVE('',#129,#148,#158,.T.);
#160=ORIENTED_EDGE('',*,*,#159,.F.);
#161=EDGE_LOOP('',(#135,#136,#137,#146,#154,#160));
#162=FACE_BOUND('',#161,.T.);
#163=ADVANCED_FACE('',(#162),#127,.T.);
#164=CARTESIAN_POINT('',(89.352218107,560.647245428,240.121384342));
#165=DIRECTION('',(0.,0.999999103,0.001339491));
#166=DIRECTION('',(0.,-0.001339491,0.999999103));
#167=AXIS2_PLACEMENT_3D('',#164,#165,#166);
#168=PLANE('',#167);
#169=CARTESIAN_POINT('',(89.352218107,560.647245428,240.121384342));
#170=VERTEX_POINT('',#169);
#171=CARTESIAN_POINT('',(89.352218107,560.647245428,240.121384342));
#172=DIRECTION('',(0.,0.001339491,-0.999999103));
#173=VECTOR('',#172,169.159657878);
#174=LINE('',#171,#173);
#175=EDGE_CURVE('',#170,#139,#174,.T.);
#176=ORIENTED_EDGE('',*,*,#175,.T.);
#177=ORIENTED_EDGE('',*,*,#145,.T.);
#178=CARTESIAN_POINT('',(33.070266003,560.647245428,240.121384342));
#179=VERTEX_POINT('',#178);
#180=CARTESIAN_POINT('',(33.070266003,560.647245428,240.121384342));
#181=CARTESIAN_POINT('',(33.070266003,560.722774682,183.734882301));
#182=CARTESIAN_POINT('',(33.070266003,560.798303936,127.348380261));
#183=CARTESIAN_POINT('',(33.070266003,560.873833189,70.96187822));
#184=B_SPLINE_CURVE_WITH_KNOTS('',3,(#180,#181,#182,#183),.UNSPECIFIED.,.F.,.F.,(4,4),(0.,0.412412396),.UNSPECIFIED.);
#185=EDGE_CURVE('',#179,#89,#184,.T.);
#186=ORIENTED_EDGE('',*,*,#185,.F.);
#187=CARTESIAN_POINT('',(89.352218107,560.647245428,240.121384342));
#188=DIRECTION('',(-1.,0.,0.));
#189=VECTOR('',#188,56.281952104);
#190=LINE('',#187,#189);
#191=EDGE_CURVE('',#170,#179,#190,.T.);
#192=ORIENTED_EDGE('',*,*,#191,.F.);
#193=EDGE_LOOP('',(#176,#177,#186,#192));
#194=FACE_BOUND('',#193,.T.);
#195=ADVANCED_FACE('',(#194),#168,.T.);
#196=CARTESIAN_POINT('',(89.352218107,561.196665774,-170.049376218));
#197=DIRECTION('',(0.,0.,-1.));
#198=DIRECTION('',(-1.,0.,0.));
#199=AXIS2_PLACEMENT_3D('',#196,#197,#198);
#200=PLANE('',#199);
#201=CARTESIAN_POINT('',(33.070266003,561.196665774,-170.049376218));
#202=VERTEX_POINT('',#201);
#203=CARTESIAN_POINT('',(5.618426775,561.196665774,-170.049376218));
#204=VERTEX_POINT('',#203);
#205=CARTESIAN_POINT('',(33.070266003,561.196665774,-170.049376218));
#206=DIRECTION('',(-1.,0.,0.));
#207=VECTOR('',#206,27.451839227);
#208=LINE('',#205,#207);
#209=EDGE_CURVE('',#202,#204,#208,.T.);
#210=ORIENTED_EDGE('',*,*,#209,.F.);
#211=CARTESIAN_POINT('',(33.070266003,412.560380673,-170.049376218));
#212=VERTEX_POINT('',#211);
#213=CARTESIAN_POINT('',(33.070266003,561.196665774,-170.049376218));
#214=DIRECTION('',(0.,-1.,0.));
#215=VECTOR('',#214,148.636285101);
#216=LINE('',#213,#215);
#217=EDGE_CURVE('',#202,#212,#216,.T.);
#218=ORIENTED_EDGE('',*,*,#217,.T.);
#219=CARTESIAN_POINT('',(5.618426775,412.560380673,-170.049376218));
#220=VERTEX_POINT('',#219);
#221=CARTESIAN_POINT('',(33.070266003,412.560380673,-170.049376218));
#222=DIRECTION('',(-1.,0.,0.));
#223=VECTOR('',#222,27.451839227);
#224=LINE('',#221,#223);
#225=EDGE_CURVE('',#212,#220,#224,.T.);
#226=ORIENTED_EDGE('',*,*,#225,.T.);
#227=CARTESIAN_POINT('',(5.618426775,561.196665774,-170.049376218));
#228=DIRECTION('',(0.,-1.,0.));
#229=VECTOR('',#228,148.636285101);
#230=LINE('',#227,#229);
#231=EDGE_CURVE('',#204,#220,#230,.T.);
#232=ORIENTED_EDGE('',*,*,#231,.F.);
#233=EDGE_LOOP('',(#210,#218,#226,#232));
#234=FACE_BOUND('',#233,.T.);
#235=ADVANCED_FACE('',(#234),#200,.T.);
#236=CARTESIAN_POINT('',(89.352218107,412.560380673,-170.049376218));
#237=DIRECTION('',(0.,-0.974015309,0.22648218));
#238=DIRECTION('',(0.,-0.22648218,-0.974015309));
#239=AXIS2_PLACEMENT_3D('',#236,#237,#238);
#240=PLANE('',#239);
#241=CARTESIAN_POINT('',(33.070266003,412.560380673,-170.049376218));
#242=DIRECTION('',(0.,0.22648218,0.974015309));
#243=VECTOR('',#242,156.380935323);
#244=LINE('',#241,#243);
#245=EDGE_CURVE('',#212,#98,#244,.T.);
#246=ORIENTED_EDGE('',*,*,#245,.T.);
#247=ORIENTED_EDGE('',*,*,#103,.T.);
#248=ORIENTED_EDGE('',*,*,#56,.T.);
#249=CARTESIAN_POINT('',(5.618426775,459.489645311,31.775871933));
#250=VERTEX_POINT('',#249);
#251=CARTESIAN_POINT('',(18.351386138,459.489645311,31.775871933));
#252=DIRECTION('',(-0.,0.974015309,-0.22648218));
#253=DIRECTION('',(0.,0.22648218,0.974015309));
#254=AXIS2_PLACEMENT_3D('',#251,#252,#253);
#255=ELLIPSE('',#254,12.783727132,12.732959363);
#256=EDGE_CURVE('',#43,#250,#255,.T.);
#257=ORIENTED_EDGE('',*,*,#256,.T.);
#258=CARTESIAN_POINT('',(5.618426775,412.560380673,-170.049376218));
#259=DIRECTION('',(0.,0.22648218,0.974015309));
#260=VECTOR('',#259,207.2095236);
#261=LINE('',#258,#260);
#262=EDGE_CURVE('',#220,#250,#261,.T.);
#263=ORIENTED_EDGE('',*,*,#262,.F.);
#264=ORIENTED_EDGE('',*,*,#225,.F.);
#265=EDGE_LOOP('',(#246,#247,#248,#257,#263,#264));
#266=FACE_BOUND('',#265,.T.);
#267=ADVANCED_FACE('',(#266),#240,.T.);
#268=CARTESIAN_POINT('',(518.432198386,462.246351001,-95.495824204));
#269=DIRECTION('',(-1.,0.,0.));
#270=DIRECTION('',(-0.,-1.,0.));
#271=AXIS2_PLACEMENT_3D('',#268,#269,#270);
#272=CYLINDRICAL_SURFACE('',#271,22.724067268);
#273=CARTESIAN_POINT('',(5.618426775,439.522283732,-95.495824204));
#274=VERTEX_POINT('',#273);
#275=CARTESIAN_POINT('',(33.070266003,439.522283732,-95.495824204));
#276=VERTEX_POINT('',#275);
#277=CARTESIAN_POINT('',(5.618426775,439.522283732,-95.495824204));
#278=DIRECTION('',(1.,-0.,-0.));
#279=VECTOR('',#278,27.451839227);
#280=LINE('',#277,#279);
#281=EDGE_CURVE('',#274,#276,#280,.T.);
#282=ORIENTED_EDGE('',*,*,#281,.F.);
#283=CARTESIAN_POINT('',(5.618426775,462.246351001,-72.771756935));
#284=VERTEX_POINT('',#283);
#285=CARTESIAN_POINT('',(5.618426775,462.246351001,-95.495824204));
#286=DIRECTION('',(-1.,0.,0.));
#287=DIRECTION('',(0.,0.,1.));
#288=AXIS2_PLACEMENT_3D('',#285,#286,#287);
#289=CIRCLE('',#288,22.724067268);
#290=EDGE_CURVE('',#274,#284,#289,.T.);
#291=ORIENTED_EDGE('',*,*,#290,.T.);
#292=CARTESIAN_POINT('',(5.618426775,462.246351001,-95.495824204));
#293=DIRECTION('',(-1.,0.,0.));
#294=DIRECTION('',(0.,0.,1.));
#295=AXIS2_PLACEMENT_3D('',#292,#293,#294);
#296=CIRCLE('',#295,22.724067268);
#297=EDGE_CURVE('',#284,#274,#296,.T.);
#298=ORIENTED_EDGE('',*,*,#297,.T.);
#299=ORIENTED_EDGE('',*,*,#281,.T.);
#300=CARTESIAN_POINT('',(33.070266003,439.522283732,-95.495824204));
#301=CARTESIAN_POINT('',(33.070266003,439.522283732,-93.99456162));
#302=CARTESIAN_POINT('',(33.070266003,439.669592641,-92.518386169));
#303=CARTESIAN_POINT('',(33.070266003,439.958185995,-91.066271866));
#304=CARTESIAN_POINT('',(33.070266003,440.102482672,-90.340214715));
#305=CARTESIAN_POINT('',(33.070266003,440.282363111,-89.620217581));
#306=CARTESIAN_POINT('',(33.070266003,440.498639196,-88.90641873));
#307=CARTESIAN_POINT('',(33.070266003,440.606777239,-88.549519305));
#308=CARTESIAN_POINT('',(33.070266003,440.7242507,-88.193564235));
#309=CARTESIAN_POINT('',(33.070266003,440.850555217,-87.840554385));
#310=CARTESIAN_POINT('',(33.070266003,440.976859734,-87.487544535));
#311=CARTESIAN_POINT('',(33.070266003,441.111382932,-87.139089387));
#312=CARTESIAN_POINT('',(33.070266003,441.25395787,-86.795096425));
#313=CARTESIAN_POINT('',(33.070266003,441.824257626,-85.419124574));
#314=CARTESIAN_POINT('',(33.070266003,442.522239119,-84.113912525));
#315=CARTESIAN_POINT('',(33.070266003,443.346758459,-82.878826344));
#316=CARTESIAN_POINT('',(33.070266003,443.552888295,-82.570054799));
#317=CARTESIAN_POINT('',(33.070266003,443.766997962,-82.265705588));
#318=CARTESIAN_POINT('',(33.070266003,443.989215003,-81.965849393));
#319=CARTESIAN_POINT('',(33.070266003,444.211432043,-81.665993199));
#320=CARTESIAN_POINT('',(33.070266003,444.442393442,-81.369868792));
#321=CARTESIAN_POINT('',(33.070266003,444.679997262,-81.080330818));
#322=CARTESIAN_POINT('',(33.070266003,445.155204904,-80.501254869));
#323=CARTESIAN_POINT('',(33.070266003,445.655281652,-79.950115491));
#324=CARTESIAN_POINT('',(33.070266003,446.179450912,-79.426040298));
#325=CARTESIAN_POINT('',(33.070266003,447.227789432,-78.377889913));
#326=CARTESIAN_POINT('',(33.070266003,448.371813775,-77.437227653));
#327=CARTESIAN_POINT('',(33.070266003,449.613807575,-76.606618826));
#328=CARTESIAN_POINT('',(33.070266003,449.924306024,-76.398966619));
#329=CARTESIAN_POINT('',(33.070266003,450.241884722,-76.197740325));
#330=CARTESIAN_POINT('',(33.070266003,450.562828874,-76.005351045));
#331=CARTESIAN_POINT('',(33.070266003,450.883773027,-75.812961765));
#332=CARTESIAN_POINT('',(33.070266003,451.208268713,-75.629212417));
#333=CARTESIAN_POINT('',(33.070266003,451.536250407,-75.453943591));
#334=CARTESIAN_POINT('',(33.070266003,452.192213793,-75.103405939));
#335=CARTESIAN_POINT('',(33.070266003,452.862096499,-74.78673027));
#336=CARTESIAN_POINT('',(33.070266003,453.545687928,-74.503404255));
#337=CARTESIAN_POINT('',(33.070266003,454.229279356,-74.220078239));
#338=CARTESIAN_POINT('',(33.070266003,454.926579619,-73.970102154));
#339=CARTESIAN_POINT('',(33.070266003,455.637775362,-73.753930053));
#340=CARTESIAN_POINT('',(33.070266003,455.993373233,-73.645844003));
#341=CARTESIAN_POINT('',(33.070266003,456.352451131,-73.546223925));
#342=CARTESIAN_POINT('',(33.070266003,456.715071305,-73.455221259));
#343=CARTESIAN_POINT('',(33.070266003,457.077691479,-73.364218593));
#344=CARTESIAN_POINT('',(33.070266003,457.444629502,-73.281719102));
#345=CARTESIAN_POINT('',(33.070266003,457.811287166,-73.208755262));
#346=CARTESIAN_POINT('',(33.070266003,459.27791782,-72.916899904));
#347=CARTESIAN_POINT('',(33.070266003,460.752319541,-72.772547037));
#348=CARTESIAN_POINT('',(33.070266003,462.234284936,-72.771760139));
#349=CARTESIAN_POINT('',(33.070266003,462.975267634,-72.771366689));
#350=CARTESIAN_POINT('',(33.070266003,463.718154863,-72.807123108));
#351=CARTESIAN_POINT('',(33.070266003,464.463004541,-72.880128762));
#352=CARTESIAN_POINT('',(33.070266003,464.835429381,-72.916631589));
#353=CARTESIAN_POINT('',(33.070266003,465.20856157,-72.96255862));
#354=CARTESIAN_POINT('',(33.070266003,465.57804363,-73.017322086));
#355=CARTESIAN_POINT('',(33.070266003,465.94752569,-73.072085552));
#356=CARTESIAN_POINT('',(33.070266003,466.314397827,-73.135766158));
#357=CARTESIAN_POINT('',(33.070266003,466.678703371,-73.20821586));
#358=CARTESIAN_POINT('',(33.070266003,468.135925546,-73.498014666));
#359=CARTESIAN_POINT('',(33.070266003,469.552448197,-73.926868659));
#360=CARTESIAN_POINT('',(33.070266003,470.928044702,-74.495552117));
#361=CARTESIAN_POINT('',(33.070266003,471.271943828,-74.637722982));
#362=CARTESIAN_POINT('',(33.070266003,471.613262116,-74.788711615));
#363=CARTESIAN_POINT('',(33.070266003,471.951948428,-74.94869273));
#364=CARTESIAN_POINT('',(33.070266003,472.290634741,-75.108673845));
#365=CARTESIAN_POINT('',(33.070266003,472.626092261,-75.277429442));
#366=CARTESIAN_POINT('',(33.070266003,472.955257394,-75.453305473));
#367=CARTESIAN_POINT('',(33.070266003,473.61358766,-75.805057533));
#368=CARTESIAN_POINT('',(33.070266003,474.250354477,-76.18688046));
#369=CARTESIAN_POINT('',(33.070266003,474.866075581,-76.598052252));
#370=CARTESIAN_POINT('',(33.070266003,476.09751779,-77.420395836));
#371=CARTESIAN_POINT('',(33.070266003,477.245393435,-78.359275456));
#372=CARTESIAN_POINT('',(33.070266003,478.30644312,-79.419236434));
#373=CARTESIAN_POINT('',(33.070266003,478.836967963,-79.949216922));
#374=CARTESIAN_POINT('',(33.070266003,479.338630652,-80.502893924));
#375=CARTESIAN_POINT('',(33.070266003,479.809538974,-81.076473961));
#376=CARTESIAN_POINT('',(33.070266003,480.280447297,-81.650053998));
#377=CARTESIAN_POINT('',(33.070266003,480.721570476,-82.244510225));
#378=CARTESIAN_POINT('',(33.070266003,481.133145481,-82.859676552));
#379=CARTESIAN_POINT('',(33.070266003,481.544720487,-83.474842879));
#380=CARTESIAN_POINT('',(33.070266003,481.926749146,-84.110718025));
#381=CARTESIAN_POINT('',(33.070266003,482.278609813,-84.767737697));
#382=CARTESIAN_POINT('',(33.070266003,482.630470481,-85.424757369));
#383=CARTESIAN_POINT('',(33.070266003,482.953087,-86.105951404));
#384=CARTESIAN_POINT('',(33.070266003,483.23845468,-86.794398095));
#385=CARTESIAN_POINT('',(33.070266003,483.809190041,-88.171291476));
#386=CARTESIAN_POINT('',(33.070266003,484.23910454,-89.587758567));
#387=CARTESIAN_POINT('',(33.070266003,484.529940227,-91.043309813));
#388=CARTESIAN_POINT('',(33.070266003,484.602649149,-91.407197624));
#389=CARTESIAN_POINT('',(33.070266003,484.666587221,-91.773550234));
#390=CARTESIAN_POINT('',(33.070266003,484.721622116,-92.142404829));
#391=CARTESIAN_POINT('',(33.070266003,484.776657011,-92.511259425));
#392=CARTESIAN_POINT('',(33.070266003,484.822852669,-92.883285349));
#393=CARTESIAN_POINT('',(33.070266003,484.859799575,-93.256365164));
#394=CARTESIAN_POINT('',(33.070266003,484.933693387,-94.002524793));
#395=CARTESIAN_POINT('',(33.070266003,484.97015475,-94.746307523));
#396=CARTESIAN_POINT('',(33.070266003,484.970416849,-95.487791658));
#397=CARTESIAN_POINT('',(33.070266003,484.970941049,-96.97075993));
#398=CARTESIAN_POINT('',(33.070266003,484.827689807,-98.444598696));
#399=CARTESIAN_POINT('',(33.070266003,484.537740204,-99.909122357));
#400=CARTESIAN_POINT('',(33.070266003,484.465252804,-100.275253272));
#401=CARTESIAN_POINT('',(33.070266003,484.383260922,-100.641766845));
#402=CARTESIAN_POINT('',(33.070266003,484.292458423,-101.005123684));
#403=CARTESIAN_POINT('',(33.070266003,484.201655924,-101.368480522));
#404=CARTESIAN_POINT('',(33.070266003,484.102228858,-101.728182997));
#405=CARTESIAN_POINT('',(33.070266003,483.99434394,-102.084301748));
#406=CARTESIAN_POINT('',(33.070266003,483.778574104,-102.79653925));
#407=CARTESIAN_POINT('',(33.070266003,483.529032922,-103.494467305));
#408=CARTESIAN_POINT('',(33.070266003,483.246288701,-104.178326713));
#409=CARTESIAN_POINT('',(33.070266003,482.963544479,-104.862186121));
#410=CARTESIAN_POINT('',(33.070266003,482.647596393,-105.531976533));
#411=CARTESIAN_POINT('',(33.070266003,482.298050206,-106.187530905));
#412=CARTESIAN_POINT('',(33.070266003,482.123277113,-106.515308091));
#413=CARTESIAN_POINT('',(33.070266003,481.940089626,-106.839519967));
#414=CARTESIAN_POINT('',(33.070266003,481.748344842,-107.160105982));
#415=CARTESIAN_POINT('',(33.070266003,481.556600059,-107.480691998));
#416=CARTESIAN_POINT('',(33.070266003,481.355706203,-107.798497973));
#417=CARTESIAN_POINT('',(33.070266003,481.148006853,-108.109730786));
#418=CARTESIAN_POINT('',(33.070266003,480.317209452,-109.354662037));
#419=CARTESIAN_POINT('',(33.070266003,479.37686925,-110.49994163));
#420=CARTESIAN_POINT('',(33.070266003,478.330279103,-111.548565092));
#421=CARTESIAN_POINT('',(33.070266003,477.806984029,-112.072876822));
#422=CARTESIAN_POINT('',(33.070266003,477.256933893,-112.572849332));
#423=CARTESIAN_POINT('',(33.070266003,476.679363537,-113.047786554));
#424=CARTESIAN_POINT('',(33.070266003,476.390578358,-113.285255165));
#425=CARTESIAN_POINT('',(33.070266003,476.094265122,-113.516874563));
#426=CARTESIAN_POINT('',(33.070266003,475.794137896,-113.739746574));
#427=CARTESIAN_POINT('',(33.070266003,475.494010671,-113.962618585));
#428=CARTESIAN_POINT('',(33.070266003,475.189456548,-114.177295436));
#429=CARTESIAN_POINT('',(33.070266003,474.880552891,-114.383920344));
#430=CARTESIAN_POINT('',(33.070266003,473.644938264,-115.210419976));
#431=CARTESIAN_POINT('',(33.070266003,472.340350623,-115.909235393));
#432=CARTESIAN_POINT('',(33.070266003,470.966644468,-116.480097245));
#433=CARTESIAN_POINT('',(33.070266003,470.62321793,-116.622812708));
#434=CARTESIAN_POINT('',(33.070266003,470.275432711,-116.757459295));
#435=CARTESIAN_POINT('',(33.070266003,469.923206437,-116.883884514));
#436=CARTESIAN_POINT('',(33.070266003,469.570980164,-117.010309732));
#437=CARTESIAN_POINT('',(33.070266003,469.214113154,-117.128508439));
#438=CARTESIAN_POINT('',(33.070266003,468.856764217,-117.237159727));
#439=CARTESIAN_POINT('',(33.070266003,468.142066342,-117.454462303));
#440=CARTESIAN_POINT('',(33.070266003,467.421535863,-117.635135421));
#441=CARTESIAN_POINT('',(33.070266003,466.695322763,-117.780120995));
#442=CARTESIAN_POINT('',(33.070266003,465.242896562,-118.070092143));
#443=CARTESIAN_POINT('',(33.070266003,463.767904983,-118.218349991));
#444=CARTESIAN_POINT('',(33.070266003,462.269549488,-118.219879631));
#445=CARTESIAN_POINT('',(33.070266003,461.894960614,-118.22026204));
#446=CARTESIAN_POINT('',(33.070266003,461.519584495,-118.211332425));
#447=CARTESIAN_POINT('',(33.070266003,461.146832631,-118.193275439));
#448=CARTESIAN_POINT('',(33.070266003,460.774080766,-118.175218453));
#449=CARTESIAN_POINT('',(33.070266003,460.402983014,-118.148043572));
#450=CARTESIAN_POINT('',(33.070266003,460.033513514,-118.111893347));
#451=CARTESIAN_POINT('',(33.070266003,459.294574514,-118.039592896));
#452=CARTESIAN_POINT('',(33.070266003,458.562137024,-117.931454448));
#453=CARTESIAN_POINT('',(33.070266003,457.836138267,-117.787824044));
#454=CARTESIAN_POINT('',(33.070266003,457.11013951,-117.644193639));
#455=CARTESIAN_POINT('',(33.070266003,456.390579196,-117.465072881));
#456=CARTESIAN_POINT('',(33.070266003,455.677581397,-117.249777847));
#457=CARTESIAN_POINT('',(33.070266003,454.964583598,-117.034482813));
#458=CARTESIAN_POINT('',(33.070266003,454.254745561,-116.781351405));
#459=CARTESIAN_POINT('',(33.070266003,453.565524106,-116.496454614));
#460=CARTESIAN_POINT('',(33.070266003,452.187081196,-115.926661032));
#461=CARTESIAN_POINT('',(33.070266003,450.881071998,-115.229424473));
#462=CARTESIAN_POINT('',(33.070266003,449.646353993,-114.406755133));
#463=CARTESIAN_POINT('',(33.070266003,449.028994991,-113.995420463));
#464=CARTESIAN_POINT('',(33.070266003,448.429455387,-113.552400564));
#465=CARTESIAN_POINT('',(33.070266003,447.84877582,-113.076866896));
#466=CARTESIAN_POINT('',(33.070266003,447.268096254,-112.601333228));
#467=CARTESIAN_POINT('',(33.070266003,446.715782285,-112.101091322));
#468=CARTESIAN_POINT('',(33.070266003,446.190850619,-111.57699769));
#469=CARTESIAN_POINT('',(33.070266003,445.140987286,-110.528810427));
#470=CARTESIAN_POINT('',(33.070266003,444.199884936,-109.385885438));
#471=CARTESIAN_POINT('',(33.070266003,443.369371854,-108.146630167));
#472=CARTESIAN_POINT('',(33.070266003,443.161743584,-107.83681635));
#473=CARTESIAN_POINT('',(33.070266003,442.960732724,-107.520328327));
#474=CARTESIAN_POINT('',(33.070266003,442.767662769,-107.19898352));
#475=CARTESIAN_POINT('',(33.070266003,442.574592814,-106.877638714));
#476=CARTESIAN_POINT('',(33.070266003,442.390248823,-106.552816463));
#477=CARTESIAN_POINT('',(33.070266003,442.214454416,-106.22458706));
#478=CARTESIAN_POINT('',(33.070266003,441.862865601,-105.568128254));
#479=CARTESIAN_POINT('',(33.070266003,441.545414264,-104.89806509));
#480=CARTESIAN_POINT('',(33.070266003,441.261467948,-104.214649611));
#481=CARTESIAN_POINT('',(33.070266003,440.977521632,-103.531234133));
#482=CARTESIAN_POINT('',(33.070266003,440.727081726,-102.834465787));
#483=CARTESIAN_POINT('',(33.070266003,440.510487886,-102.124209215));
#484=CARTESIAN_POINT('',(33.070266003,440.402190965,-101.769080929));
#485=CARTESIAN_POINT('',(33.070266003,440.302370526,-101.410574623));
#486=CARTESIAN_POINT('',(33.070266003,440.211162898,-101.048635967));
#487=CARTESIAN_POINT('',(33.070266003,440.119955269,-100.686697311));
#488=CARTESIAN_POINT('',(33.070266003,440.037207785,-100.320519747));
#489=CARTESIAN_POINT('',(33.070266003,439.963688147,-99.952972325));
#490=CARTESIAN_POINT('',(33.070266003,439.669609597,-98.48278264));
#491=CARTESIAN_POINT('',(33.070266003,439.522283732,-96.997086787));
#492=CARTESIAN_POINT('',(33.070266003,439.522283732,-95.495824204));
#493=B_SPLINE_CURVE_WITH_KNOTS('',3,(#300,#301,#302,#303,#304,#305,#306,#307,#308,#309,#310,#311,#312,#313,#314,#315,#316,#317,#318,#319,#320,#321,#322,#323,#324,#325,
#326,#327,#328,#329,#330,#331,#332,#333,#334,#335,#336,#337,#338,#339,#340,#341,#342,#343,#344,#345,#346,#347,#348,#349,#350,
#351,#352,#353,#354,#355,#356,#357,#358,#359,#360,#361,#362,#363,#364,#365,#366,#367,#368,#369,#370,#371,#372,#373,#374,#375,
#376,#377,#378,#379,#380,#381,#382,#383,#384,#385,#386,#387,#388,#389,#390,#391,#392,#393,#394,#395,#396,#397,#398,#399,#400,
#401,#402,#403,#404,#405,#406,#407,#408,#409,#410,#411,#412,#413,#414,#415,#416,#417,#418,#419,#420,#421,#422,#423,#424,#425,
#426,#427,#428,#429,#430,#431,#432,#433,#434,#435,#436,#437,#438,#439,#440,#441,#442,#443,#444,#445,#446,#447,#448,#449,#450,
#451,#452,#453,#454,#455,#456,#457,#458,#459,#460,#461,#462,#463,#464,#465,#466,#467,#468,#469,#470,#471,#472,#473,#474,#475,
#476,#477,#478,#479,#480,#481,#482,#483,#484,#485,#486,#487,#488,#489,#490,#491,#492),.UNSPECIFIED.,.T.,.F.,(4,3,3,3,3,3,3,3,3,3,3,3,3,3,3,3,3,3,3,3,3,3,3,3,3,3,
3,3,3,3,3,3,3,3,3,3,3,3,3,3,3,3,3,3,3,3,3,3,3,3,3,
3,3,3,3,3,3,3,3,3,3,3,3,3,4),(0.,0.004439863,0.006659795,0.00776976,0.008879726,0.013319589,0.014429555,0.015539521,0.017759452,0.022199316,0.023309281,0.024419247,0.026639179,0.02885911,0.029969076,0.031079042,0.035518905,0.037738836,0.038848802,0.039958768,0.044398631,0.045508597,0.046618563,0.048838494,0.053278357,0.055498289,
0.05771822,0.059938152,0.062158083,0.066597947,0.067707912,0.068817878,0.07103781,0.075477673,0.076587639,0.077697604,0.079917536,0.082137467,0.083247433,0.084357399,0.088797262,0.091017194,0.092127159,0.093237125,0.097676988,0.098786954,0.09989692,0.102116851,0.106556715,0.10766668,0.108776646,
0.110996578,0.113216509,0.115436441,0.119876304,0.122096235,0.124316167,0.12875603,0.129865996,0.130975962,0.133195893,0.135415825,0.13652579,0.137635756,0.142075619),.UNSPECIFIED.);
#494=EDGE_CURVE('',#276,#276,#493,.T.);
#495=ORIENTED_EDGE('',*,*,#494,.F.);
#496=EDGE_LOOP('',(#282,#291,#298,#299,#495));
#497=FACE_BOUND('',#496,.T.);
#498=ADVANCED_FACE('',(#497),#272,.F.);
#499=CARTESIAN_POINT('',(89.352218107,560.647245428,240.121384342));
#500=DIRECTION('',(0.,0.999999103,0.001339491));
#501=DIRECTION('',(0.,-0.001339491,0.999999103));
#502=AXIS2_PLACEMENT_3D('',#499,#500,#501);
#503=PLANE('',#502);
#504=CARTESIAN_POINT('',(5.618426775,560.664458787,227.270719671));
#505=VERTEX_POINT('',#504);
#506=CARTESIAN_POINT('',(5.618426775,560.664458787,227.270719671));
#507=DIRECTION('',(0.,0.001339491,-0.999999103));
#508=VECTOR('',#507,397.320452332);
#509=LINE('',#506,#508);
#510=EDGE_CURVE('',#505,#204,#509,.T.);
#511=ORIENTED_EDGE('',*,*,#510,.F.);
#512=CARTESIAN_POINT('',(18.351386138,560.647245428,240.121384342));
#513=VERTEX_POINT('',#512);
#514=CARTESIAN_POINT('',(18.351386138,560.664458787,227.270719671));
#515=DIRECTION('',(0.,0.999999103,0.001339491));
#516=DIRECTION('',(0.,0.001339491,-0.999999103));
#517=AXIS2_PLACEMENT_3D('',#514,#515,#516);
#518=ELLIPSE('',#517,12.8506762,12.732959363);
#519=EDGE_CURVE('',#505,#513,#518,.T.);
#520=ORIENTED_EDGE('',*,*,#519,.T.);
#521=CARTESIAN_POINT('',(33.070266003,560.647245428,240.121384342));
#522=DIRECTION('',(-1.,0.,0.));
#523=VECTOR('',#522,14.718879864);
#524=LINE('',#521,#523);
#525=EDGE_CURVE('',#179,#513,#524,.T.);
#526=ORIENTED_EDGE('',*,*,#525,.F.);
#527=ORIENTED_EDGE('',*,*,#185,.T.);
#528=ORIENTED_EDGE('',*,*,#118,.T.);
#529=CARTESIAN_POINT('',(33.070266003,560.992435066,-17.580569114));
#530=CARTESIAN_POINT('',(33.070266003,561.060511969,-68.403504816));
#531=CARTESIAN_POINT('',(33.070266003,561.128588872,-119.226440517));
#532=CARTESIAN_POINT('',(33.070266003,561.196665774,-170.049376218));
#533=B_SPLINE_CURVE_WITH_KNOTS('',3,(#529,#530,#531,#532),.UNSPECIFIED.,.F.,.F.,(4,4),(0.628279678,1.),.UNSPECIFIED.);
#534=EDGE_CURVE('',#106,#202,#533,.T.);
#535=ORIENTED_EDGE('',*,*,#534,.T.);
#536=ORIENTED_EDGE('',*,*,#209,.T.);
#537=EDGE_LOOP('',(#511,#520,#526,#527,#528,#535,#536));
#538=FACE_BOUND('',#537,.T.);
#539=ADVANCED_FACE('',(#538),#503,.T.);
#540=CARTESIAN_POINT('',(88.662489489,511.191384701,246.794369488));
#541=DIRECTION('',(-0.,-0.133716394,-0.99101964));
#542=DIRECTION('',(0.,0.99101964,-0.133716394));
#543=AXIS2_PLACEMENT_3D('',#540,#541,#542);
#544=PLANE('',#543);
#545=ORIENTED_EDGE('',*,*,#525,.T.);
#546=CARTESIAN_POINT('',(18.351386138,-96.221095186,328.75137916));
#547=VERTEX_POINT('',#546);
#548=CARTESIAN_POINT('',(18.351386138,560.647245428,240.121384342));
#549=DIRECTION('',(0.,-0.99101964,0.133716394));
#550=VECTOR('',#549,662.820709455);
#551=LINE('',#548,#550);
#552=EDGE_CURVE('',#513,#547,#551,.T.);
#553=ORIENTED_EDGE('',*,*,#552,.T.);
#554=CARTESIAN_POINT('',(88.662489489,-96.221095186,328.75137916));
#555=VERTEX_POINT('',#554);
#556=CARTESIAN_POINT('',(88.662489489,-96.221095186,328.75137916));
#557=DIRECTION('',(-1.,0.,0.));
#558=VECTOR('',#557,70.311103351);
#559=LINE('',#556,#558);
#560=EDGE_CURVE('',#555,#547,#559,.T.);
#561=ORIENTED_EDGE('',*,*,#560,.F.);
#562=CARTESIAN_POINT('',(88.662489489,511.191384701,246.794369488));
#563=VERTEX_POINT('',#562);
#564=CARTESIAN_POINT('',(88.662489489,511.191384701,246.794369488));
#565=DIRECTION('',(0.,-0.99101964,0.133716394));
#566=VECTOR('',#565,612.916692673);
#567=LINE('',#564,#566);
#568=EDGE_CURVE('',#563,#555,#567,.T.);
#569=ORIENTED_EDGE('',*,*,#568,.F.);
#570=CARTESIAN_POINT('',(89.352218107,511.191384701,246.794369488));
#571=VERTEX_POINT('',#570);
#572=CARTESIAN_POINT('',(89.352218107,511.191384701,246.794369488));
#573=DIRECTION('',(-1.,0.,0.));
#574=VECTOR('',#573,0.689728618);
#575=LINE('',#572,#574);
#576=EDGE_CURVE('',#571,#563,#575,.T.);
#577=ORIENTED_EDGE('',*,*,#576,.F.);
#578=CARTESIAN_POINT('',(89.352218107,511.191384701,246.794369488));
#579=DIRECTION('',(0.,0.99101964,-0.133716394));
#580=VECTOR('',#579,49.904016782);
#581=LINE('',#578,#580);
#582=EDGE_CURVE('',#571,#170,#581,.T.);
#583=ORIENTED_EDGE('',*,*,#582,.T.);
#584=ORIENTED_EDGE('',*,*,#191,.T.);
#585=EDGE_LOOP('',(#545,#553,#561,#569,#577,#583,#584));
#586=FACE_BOUND('',#585,.T.);
#587=ADVANCED_FACE('',(#586),#544,.F.);
#588=CARTESIAN_POINT('',(88.662489489,-96.221095186,328.75137916));
#589=CARTESIAN_POINT('',(18.351386138,-96.221095186,328.75137916));
#590=CARTESIAN_POINT('',(88.662489489,-136.476080956,331.559176258));
#591=CARTESIAN_POINT('',(18.351386138,-136.476080956,331.559176258));
#592=CARTESIAN_POINT('',(88.662489489,-189.484541881,257.252672998));
#593=CARTESIAN_POINT('',(18.351386138,-189.484541881,257.252672998));
#594=CARTESIAN_POINT('',(88.662489489,-134.874655451,212.053251305));
#595=CARTESIAN_POINT('',(18.351386138,-134.874655451,212.053251305));
#596=CARTESIAN_POINT('',(88.662489489,-95.626207622,200.863876185));
#597=CARTESIAN_POINT('',(18.351386138,-95.626207622,200.863876185));
#598=B_SPLINE_SURFACE_WITH_KNOTS('',3,1,((#588,#589),(#590,#591),(#592,#593),(#594,#595),(#596,#597)),.UNSPECIFIED.,.F.,.F.,.U.,(4,1,4),(2,2),(0.,0.455496034,1.),(0.,0.846672249),.UNSPECIFIED.);
#599=ORIENTED_EDGE('',*,*,#560,.T.);
#600=CARTESIAN_POINT('',(18.351386138,-96.221095186,328.75137916));
#601=CARTESIAN_POINT('',(18.351386138,-96.224448424,328.75161305));
#602=CARTESIAN_POINT('',(18.351386138,-96.229321791,328.751952597));
#603=CARTESIAN_POINT('',(18.351386138,-96.233435239,328.75223877));
#604=CARTESIAN_POINT('',(18.351386138,-96.237548688,328.752524942));
#605=CARTESIAN_POINT('',(18.351386138,-96.241662226,328.752810749));
#606=CARTESIAN_POINT('',(18.351386138,-96.245775868,328.753096193));
#607=CARTESIAN_POINT('',(18.351386138,-96.254003151,328.75366708));
#608=CARTESIAN_POINT('',(18.351386138,-96.262230795,328.754236507));
#609=CARTESIAN_POINT('',(18.351386138,-96.270458851,328.754804478));
#610=CARTESIAN_POINT('',(18.351386138,-96.286914963,328.755940419));
#611=CARTESIAN_POINT('',(18.351386138,-96.30337252,328.75707052));
#612=CARTESIAN_POINT('',(18.351386138,-96.319831722,328.758194788));
#613=CARTESIAN_POINT('',(18.351386138,-96.352750128,328.760443323));
#614=CARTESIAN_POINT('',(18.351386138,-96.385674325,328.762668471));
#615=CARTESIAN_POINT('',(18.351386138,-96.418605095,328.764870236));
#616=CARTESIAN_POINT('',(18.351386138,-96.484466635,328.769273765));
#617=CARTESIAN_POINT('',(18.351386138,-96.550351422,328.773583557));
#618=CARTESIAN_POINT('',(18.351386138,-96.616262426,328.777799403));
#619=CARTESIAN_POINT('',(18.351386138,-96.748084435,328.786231095));
#620=CARTESIAN_POINT('',(18.351386138,-96.880000036,328.794286296));
#621=CARTESIAN_POINT('',(18.351386138,-97.012019924,328.801962415));
#622=CARTESIAN_POINT('',(18.351386138,-97.276059701,328.817314655));
#623=CARTESIAN_POINT('',(18.351386138,-97.540478303,328.831148427));
#624=CARTESIAN_POINT('',(18.351386138,-97.805309428,328.843439096));
#625=CARTESIAN_POINT('',(18.351386138,-98.334971677,328.868020434));
#626=CARTESIAN_POINT('',(18.351386138,-98.866178863,328.886425151));
#627=CARTESIAN_POINT('',(18.351386138,-99.398999337,328.898437));
#628=CARTESIAN_POINT('',(18.351386138,-100.464640284,328.922460697));
#629=CARTESIAN_POINT('',(18.351386138,-101.536595499,328.920917221));
#630=CARTESIAN_POINT('',(18.351386138,-102.61471012,328.891934159));
#631=CARTESIAN_POINT('',(18.351386138,-103.692824742,328.862951098));
#632=CARTESIAN_POINT('',(18.351386138,-104.778237175,328.806438035));
#633=CARTESIAN_POINT('',(18.351386138,-105.867202828,328.720636537));
#634=CARTESIAN_POINT('',(18.351386138,-106.956168482,328.63483504));
#635=CARTESIAN_POINT('',(18.351386138,-108.042029833,328.520313078));
#636=CARTESIAN_POINT('',(18.351386138,-109.123996581,328.376448704));
#637=CARTESIAN_POINT('',(18.351386138,-113.451863571,327.800991211));
#638=CARTESIAN_POINT('',(18.351386138,-117.718310944,326.754579497));
#639=CARTESIAN_POINT('',(18.351386138,-121.861088428,325.208567939));
#640=CARTESIAN_POINT('',(18.351386138,-122.896782799,324.82206505));
#641=CARTESIAN_POINT('',(18.351386138,-123.92471661,324.404424914));
#642=CARTESIAN_POINT('',(18.351386138,-124.943955326,323.955309874));
#643=CARTESIAN_POINT('',(18.351386138,-125.453574684,323.730752355));
#644=CARTESIAN_POINT('',(18.351386138,-125.961367697,323.498126164));
#645=CARTESIAN_POINT('',(18.351386138,-126.463220315,323.259396546));
#646=CARTESIAN_POINT('',(18.351386138,-126.965072932,323.020666928));
#647=CARTESIAN_POINT('',(18.351386138,-127.461899003,322.775447439));
#648=CARTESIAN_POINT('',(18.351386138,-127.953726189,322.523920055));
#649=CARTESIAN_POINT('',(18.351386138,-129.921034932,321.517810519));
#650=CARTESIAN_POINT('',(18.351386138,-131.808283243,320.411006529));
#651=CARTESIAN_POINT('',(18.351386138,-133.617938258,319.213419355));
#652=CARTESIAN_POINT('',(18.351386138,-135.427593273,318.01583218));
#653=CARTESIAN_POINT('',(18.351386138,-137.159710811,316.727506889));
#654=CARTESIAN_POINT('',(18.351386138,-138.81730758,315.354976364));
#655=CARTESIAN_POINT('',(18.351386138,-140.474904349,313.982445839));
#656=CARTESIAN_POINT('',(18.351386138,-142.058044912,312.52574413));
#657=CARTESIAN_POINT('',(18.351386138,-143.569352967,310.987472013));
#658=CARTESIAN_POINT('',(18.351386138,-144.325006994,310.218335954));
#659=CARTESIAN_POINT('',(18.351386138,-145.063611381,309.42748233));
#660=CARTESIAN_POINT('',(18.351386138,-145.776597785,308.625376165));
#661=CARTESIAN_POINT('',(18.351386138,-146.489584189,307.82327));
#662=CARTESIAN_POINT('',(18.351386138,-147.179049285,307.007902079));
#663=CARTESIAN_POINT('',(18.351386138,-147.84616625,306.179661837));
#664=CARTESIAN_POINT('',(18.351386138,-149.180400181,304.523181352));
#665=CARTESIAN_POINT('',(18.351386138,-150.425487543,302.815452246));
#666=CARTESIAN_POINT('',(18.351386138,-151.587771813,301.056618883));
#667=CARTESIAN_POINT('',(18.351386138,-152.750056082,299.297785519));
#668=CARTESIAN_POINT('',(18.351386138,-153.829553672,297.48788456));
#669=CARTESIAN_POINT('',(18.351386138,-154.828508154,295.623034781));
#670=CARTESIAN_POINT('',(18.351386138,-155.327985395,294.690609891));
#671=CARTESIAN_POINT('',(18.351386138,-155.807716039,293.743427978));
#672=CARTESIAN_POINT('',(18.351386138,-156.266129076,292.783525322));
#673=CARTESIAN_POINT('',(18.351386138,-156.724542113,291.823622666));
#674=CARTESIAN_POINT('',(18.351386138,-157.15907616,290.856483697));
#675=CARTESIAN_POINT('',(18.351386138,-157.570218241,289.881440995));
#676=CARTESIAN_POINT('',(18.351386138,-158.392502403,287.931355591));
#677=CARTESIAN_POINT('',(18.351386138,-159.121684565,285.949961432));
#678=CARTESIAN_POINT('',(18.351386138,-159.75646118,283.928846299));
#679=CARTESIAN_POINT('',(18.351386138,-160.391237795,281.907731166));
#680=CARTESIAN_POINT('',(18.351386138,-160.931876838,279.847159746));
#681=CARTESIAN_POINT('',(18.351386138,-161.367975406,277.732206735));
#682=CARTESIAN_POINT('',(18.351386138,-161.804073974,275.617253724));
#683=CARTESIAN_POINT('',(18.351386138,-162.136483076,273.448626728));
#684=CARTESIAN_POINT('',(18.351386138,-162.337947473,271.198062918));
#685=CARTESIAN_POINT('',(18.351386138,-162.388313573,270.635421966));
#686=CARTESIAN_POINT('',(18.351386138,-162.430428569,270.066286735));
#687=CARTESIAN_POINT('',(18.351386138,-162.46333542,269.494489642));
#688=CARTESIAN_POINT('',(18.351386138,-162.496242272,268.922692548));
#689=CARTESIAN_POINT('',(18.351386138,-162.519939216,268.349212684));
#690=CARTESIAN_POINT('',(18.351386138,-162.53412114,267.774195013));
#691=CARTESIAN_POINT('',(18.351386138,-162.562484988,266.624159671));
#692=CARTESIAN_POINT('',(18.351386138,-162.552770366,265.467985385));
#693=CARTESIAN_POINT('',(18.351386138,-162.502660954,264.307425611));
#694=CARTESIAN_POINT('',(18.351386138,-162.477606248,263.727145724));
#695=CARTESIAN_POINT('',(18.351386138,-162.442455622,263.145767371));
#696=CARTESIAN_POINT('',(18.351386138,-162.396949692,262.563579665));
#697=CARTESIAN_POINT('',(18.351386138,-162.351443762,261.981391959));
#698=CARTESIAN_POINT('',(18.351386138,-162.295486893,261.397774099));
#699=CARTESIAN_POINT('',(18.351386138,-162.229368167,260.816952951));
#700=CARTESIAN_POINT('',(18.351386138,-162.097130717,259.655310657));
#701=CARTESIAN_POINT('',(18.351386138,-161.924077389,258.502060086));
#702=CARTESIAN_POINT('',(18.351386138,-161.71101482,257.359545842));
#703=CARTESIAN_POINT('',(18.351386138,-161.284889681,255.074517354));
#704=CARTESIAN_POINT('',(18.351386138,-160.698340318,252.832899595));
#705=CARTESIAN_POINT('',(18.351386138,-159.963771676,250.650208661));
#706=CARTESIAN_POINT('',(18.351386138,-159.596487355,249.558863194));
#707=CARTESIAN_POINT('',(18.351386138,-159.192308763,248.482147589));
#708=CARTESIAN_POINT('',(18.351386138,-158.753189916,247.421261593));
#709=CARTESIAN_POINT('',(18.351386138,-158.533630492,246.890818595));
#710=CARTESIAN_POINT('',(18.351386138,-158.305338046,246.364324395));
#711=CARTESIAN_POINT('',(18.351386138,-158.068561115,245.841877932));
#712=CARTESIAN_POINT('',(18.351386138,-157.831784185,245.319431468));
#713=CARTESIAN_POINT('',(18.351386138,-157.586828458,244.801789953));
#714=CARTESIAN_POINT('',(18.351386138,-157.33554772,244.291872347));
#715=CARTESIAN_POINT('',(18.351386138,-156.33042477,242.252201922));
#716=CARTESIAN_POINT('',(18.351386138,-155.218378523,240.321858383));
#717=CARTESIAN_POINT('',(18.351386138,-154.023156376,238.487111264));
#718=CARTESIAN_POINT('',(18.351386138,-152.82793423,236.652364144));
#719=CARTESIAN_POINT('',(18.351386138,-151.549409434,234.913049977));
#720=CARTESIAN_POINT('',(18.351386138,-150.2033511,233.255615521));
#721=CARTESIAN_POINT('',(18.351386138,-149.530321933,232.426898293));
#722=CARTESIAN_POINT('',(18.351386138,-148.840268515,231.618637334));
#723=CARTESIAN_POINT('',(18.351386138,-148.134653294,230.829382395));
#724=CARTESIAN_POINT('',(18.351386138,-147.429038073,230.040127455));
#725=CARTESIAN_POINT('',(18.351386138,-146.70634114,229.268389789));
#726=CARTESIAN_POINT('',(18.351386138,-145.974444394,228.51951911));
#727=CARTESIAN_POINT('',(18.351386138,-144.510650903,227.021777752));
#728=CARTESIAN_POINT('',(18.351386138,-143.007960825,225.611938907));
#729=CARTESIAN_POINT('',(18.351386138,-141.47329936,224.274235935));
#730=CARTESIAN_POINT('',(18.351386138,-139.938637895,222.936532963));
#731=CARTESIAN_POINT('',(18.351386138,-138.371939251,221.671109177));
#732=CARTESIAN_POINT('',(18.351386138,-136.777471057,220.466684052));
#733=CARTESIAN_POINT('',(18.351386138,-135.183002864,219.262258927));
#734=CARTESIAN_POINT('',(18.351386138,-133.560651424,218.118864386));
#735=CARTESIAN_POINT('',(18.351386138,-131.913210035,217.028369575));
#736=CARTESIAN_POINT('',(18.351386138,-131.089489341,216.48312217));
#737=CARTESIAN_POINT('',(18.351386138,-130.258636131,215.950621792));
#738=CARTESIAN_POINT('',(18.351386138,-129.423738441,215.431811615));
#739=CARTESIAN_POINT('',(18.351386138,-128.58884075,214.913001439));
#740=CARTESIAN_POINT('',(18.351386138,-127.751231118,214.408668493));
#741=CARTESIAN_POINT('',(18.351386138,-126.911011357,213.917711149));
#742=CARTESIAN_POINT('',(18.351386138,-123.550132312,211.953881772));
#743=CARTESIAN_POINT('',(18.351386138,-120.147986107,210.201799809));
#744=CARTESIAN_POINT('',(18.351386138,-116.708456224,208.613778632));
#745=CARTESIAN_POINT('',(18.351386138,-113.26892634,207.025757456));
#746=CARTESIAN_POINT('',(18.351386138,-109.791854909,205.602703945));
#747=CARTESIAN_POINT('',(18.351386138,-106.278135907,204.317846534));
#748=CARTESIAN_POINT('',(18.351386138,-104.521276405,203.675417829));
#749=CARTESIAN_POINT('',(18.351386138,-102.755222993,203.067779162));
#750=CARTESIAN_POINT('',(18.351386138,-100.979930516,202.492747704));
#751=CARTESIAN_POINT('',(18.351386138,-100.092284278,202.205231975));
#752=CARTESIAN_POINT('',(18.351386138,-99.202286642,201.925865481));
#753=CARTESIAN_POINT('',(18.351386138,-98.310004685,201.654454725));
#754=CARTESIAN_POINT('',(18.351386138,-97.863863706,201.518749347));
#755=CARTESIAN_POINT('',(18.351386138,-97.417171965,201.3850393));
#756=CARTESIAN_POINT('',(18.351386138,-96.969866481,201.253282003));
#757=CARTESIAN_POINT('',(18.351386138,-96.746213739,201.187403354));
#758=CARTESIAN_POINT('',(18.351386138,-96.522422665,201.122017398));
#759=CARTESIAN_POINT('',(18.351386138,-96.29847796,201.05711688));
#760=CARTESIAN_POINT('',(18.351386138,-96.186505608,201.024666621));
#761=CARTESIAN_POINT('',(18.351386138,-96.074498581,200.992338809));
#762=CARTESIAN_POINT('',(18.351386138,-95.962453125,200.960132022));
#763=CARTESIAN_POINT('',(18.351386138,-95.906430397,200.944028629));
#764=CARTESIAN_POINT('',(18.351386138,-95.850398988,200.927955759));
#765=CARTESIAN_POINT('',(18.351386138,-95.79435797,200.911913104));
#766=CARTESIAN_POINT('',(18.351386138,-95.766337461,200.903891777));
#767=CARTESIAN_POINT('',(18.351386138,-95.73831478,200.895878069));
#768=CARTESIAN_POINT('',(18.351386138,-95.710289697,200.887871911));
#769=CARTESIAN_POINT('',(18.351386138,-95.696277155,200.883868831));
#770=CARTESIAN_POINT('',(18.351386138,-95.68226407,200.879867655));
#771=CARTESIAN_POINT('',(18.351386138,-95.668250385,200.875868366));
#772=CARTESIAN_POINT('',(18.351386138,-95.654236699,200.871869077));
#773=CARTESIAN_POINT('',(18.351386138,-95.639114252,200.867555748));
#774=CARTESIAN_POINT('',(18.351386138,-95.626207622,200.863876185));
#775=B_SPLINE_CURVE_WITH_KNOTS('',3,(#600,#601,#602,#603,#604,#605,#606,#607,#608,#609,#610,#611,#612,#613,#614,#615,#616,#617,#618,#619,#620,#621,#622,#623,#624,#625,
#626,#627,#628,#629,#630,#631,#632,#633,#634,#635,#636,#637,#638,#639,#640,#641,#642,#643,#644,#645,#646,#647,#648,#649,#650,
#651,#652,#653,#654,#655,#656,#657,#658,#659,#660,#661,#662,#663,#664,#665,#666,#667,#668,#669,#670,#671,#672,#673,#674,#675,
#676,#677,#678,#679,#680,#681,#682,#683,#684,#685,#686,#687,#688,#689,#690,#691,#692,#693,#694,#695,#696,#697,#698,#699,#700,
#701,#702,#703,#704,#705,#706,#707,#708,#709,#710,#711,#712,#713,#714,#715,#716,#717,#718,#719,#720,#721,#722,#723,#724,#725,
#726,#727,#728,#729,#730,#731,#732,#733,#734,#735,#736,#737,#738,#739,#740,#741,#742,#743,#744,#745,#746,#747,#748,#749,#750,
#751,#752,#753,#754,#755,#756,#757,#758,#759,#760,#761,#762,#763,#764,#765,#766,#767,#768,#769,#770,#771,#772,#773,#774),.UNSPECIFIED.,.F.,.F.,(4,3,3,3,3,3,3,3,3,3,3,3,3,3,3,3,3,3,3,3,3,3,3,3,3,3,
3,3,3,3,3,3,3,3,3,3,3,3,3,3,3,3,3,3,3,3,3,3,3,3,3,
3,3,3,3,3,3,3,4),(0.899437791,0.899447857,0.899457923,0.899478054,0.899518317,0.899598842,0.899759893,0.900081994,0.900726197,0.902014602,0.904591413,0.907168224,0.909745035,0.920052279,0.92262909,0.923917495,0.925205901,0.930359523,0.935513145,0.940666767,0.943243578,0.945820389,0.950974011,0.956127633,0.958704444,0.961281254,
0.966434876,0.971588498,0.97674212,0.978030526,0.979318931,0.981895742,0.983184148,0.984472553,0.987049364,0.992202986,0.994779797,0.996068203,0.997356608,1.00251023,1.007663852,1.010240663,1.012817474,1.017971096,1.023124718,1.02827834,1.030855151,1.033431962,1.043739205,1.054046449,1.059200071,
1.061776882,1.063065288,1.06370949,1.064031592,1.064192642,1.064273168,1.06431343,1.064353693),.UNSPECIFIED.);
#776=EDGE_CURVE('',#547,#35,#775,.T.);
#777=ORIENTED_EDGE('',*,*,#776,.T.);
#778=ORIENTED_EDGE('',*,*,#40,.F.);
#779=CARTESIAN_POINT('',(88.662489489,-96.221095186,328.75137916));
#780=CARTESIAN_POINT('',(88.662489489,-136.476080956,331.559176258));
#781=CARTESIAN_POINT('',(88.662489489,-189.484541881,257.252672998));
#782=CARTESIAN_POINT('',(88.662489489,-134.874655451,212.053251305));
#783=CARTESIAN_POINT('',(88.662489489,-95.626207622,200.863876185));
#784=B_SPLINE_CURVE_WITH_KNOTS('',3,(#779,#780,#781,#782,#783),.UNSPECIFIED.,.F.,.F.,(4,1,4),(0.,0.455496034,1.),.UNSPECIFIED.);
#785=EDGE_CURVE('',#555,#33,#784,.T.);
#786=ORIENTED_EDGE('',*,*,#785,.F.);
#787=EDGE_LOOP('',(#599,#777,#778,#786));
#788=FACE_BOUND('',#787,.T.);
#789=ADVANCED_FACE('',(#788),#598,.F.);
#790=CARTESIAN_POINT('',(88.662489489,-94.137112379,-374.382875149));
#791=DIRECTION('',(-1.,0.,0.));
#792=DIRECTION('',(0.,0.,1.));
#793=AXIS2_PLACEMENT_3D('',#790,#791,#792);
#794=PLANE('',#793);
#795=CARTESIAN_POINT('',(88.662489489,-108.117892529,289.963648192));
#796=VERTEX_POINT('',#795);
#797=CARTESIAN_POINT('',(88.662489489,-127.217237104,270.864303617));
#798=VERTEX_POINT('',#797);
#799=CARTESIAN_POINT('',(88.662489489,-108.117892529,270.864303617));
#800=DIRECTION('',(-1.,0.,0.));
#801=DIRECTION('',(0.,0.,1.));
#802=AXIS2_PLACEMENT_3D('',#799,#800,#801);
#803=CIRCLE('',#802,19.099344575);
#804=EDGE_CURVE('',#796,#798,#803,.T.);
#805=ORIENTED_EDGE('',*,*,#804,.T.);
#806=CARTESIAN_POINT('',(88.662489489,-108.117892529,270.864303617));
#807=DIRECTION('',(-1.,0.,0.));
#808=DIRECTION('',(0.,0.,1.));
#809=AXIS2_PLACEMENT_3D('',#806,#807,#808);
#810=CIRCLE('',#809,19.099344575);
#811=EDGE_CURVE('',#798,#796,#810,.T.);
#812=ORIENTED_EDGE('',*,*,#811,.T.);
#813=EDGE_LOOP('',(#805,#812));
#814=FACE_BOUND('',#813,.T.);
#815=ORIENTED_EDGE('',*,*,#78,.F.);
#816=ORIENTED_EDGE('',*,*,#134,.T.);
#817=CARTESIAN_POINT('',(88.662489489,511.191384701,246.794369488));
#818=DIRECTION('',(0.,-0.233389991,-0.972383213));
#819=VECTOR('',#818,180.952949862);
#820=LINE('',#817,#819);
#821=EDGE_CURVE('',#563,#129,#820,.T.);
#822=ORIENTED_EDGE('',*,*,#821,.F.);
#823=ORIENTED_EDGE('',*,*,#568,.T.);
#824=ORIENTED_EDGE('',*,*,#785,.T.);
#825=EDGE_LOOP('',(#815,#816,#822,#823,#824));
#826=FACE_BOUND('',#825,.T.);
#827=ADVANCED_FACE('',(#814,#826),#794,.F.);
#828=CARTESIAN_POINT('',(5.618426775,-94.137112379,-374.382875149));
#829=DIRECTION('',(-1.,0.,0.));
#830=DIRECTION('',(0.,0.,1.));
#831=AXIS2_PLACEMENT_3D('',#828,#829,#830);
#832=PLANE('',#831);
#833=ORIENTED_EDGE('',*,*,#290,.F.);
#834=ORIENTED_EDGE('',*,*,#297,.F.);
#835=EDGE_LOOP('',(#833,#834));
#836=FACE_BOUND('',#835,.T.);
#837=CARTESIAN_POINT('',(5.618426775,-127.217237104,270.864303617));
#838=VERTEX_POINT('',#837);
#839=CARTESIAN_POINT('',(5.618426775,-108.117892529,289.963648192));
#840=VERTEX_POINT('',#839);
#841=CARTESIAN_POINT('',(5.618426775,-108.117892529,270.864303617));
#842=DIRECTION('',(-1.,0.,0.));
#843=DIRECTION('',(0.,0.,1.));
#844=AXIS2_PLACEMENT_3D('',#841,#842,#843);
#845=CIRCLE('',#844,19.099344575);
#846=EDGE_CURVE('',#838,#840,#845,.T.);
#847=ORIENTED_EDGE('',*,*,#846,.F.);
#848=CARTESIAN_POINT('',(5.618426775,-108.117892529,270.864303617));
#849=DIRECTION('',(-1.,0.,0.));
#850=DIRECTION('',(0.,0.,1.));
#851=AXIS2_PLACEMENT_3D('',#848,#849,#850);
#852=CIRCLE('',#851,19.099344575);
#853=EDGE_CURVE('',#840,#838,#852,.T.);
#854=ORIENTED_EDGE('',*,*,#853,.F.);
#855=EDGE_LOOP('',(#847,#854));
#856=FACE_BOUND('',#855,.T.);
#857=ORIENTED_EDGE('',*,*,#262,.T.);
#858=CARTESIAN_POINT('',(5.618426775,-91.890981233,213.039296347));
#859=VERTEX_POINT('',#858);
#860=CARTESIAN_POINT('',(5.618426775,459.489645311,31.775871933));
#861=DIRECTION('',(0.,-0.94998294,0.312301798));
#862=VECTOR('',#861,580.411082215);
#863=LINE('',#860,#862);
#864=EDGE_CURVE('',#250,#859,#863,.T.);
#865=ORIENTED_EDGE('',*,*,#864,.T.);
#866=CARTESIAN_POINT('',(5.618426775,-97.495893992,316.075043231));
#867=VERTEX_POINT('',#866);
#868=CARTESIAN_POINT('',(5.618426775,-91.890981233,213.039296347));
#869=CARTESIAN_POINT('',(5.618426775,-92.716329582,213.274595647));
#870=CARTESIAN_POINT('',(5.618426776,-93.539884192,213.514201018));
#871=CARTESIAN_POINT('',(5.618426776,-94.359992355,213.762079969));
#872=CARTESIAN_POINT('',(5.618426776,-95.180100517,214.009958919));
#873=CARTESIAN_POINT('',(5.618426775,-95.99724652,214.264948861));
#874=CARTESIAN_POINT('',(5.618426775,-96.811436178,214.527035836));
#875=CARTESIAN_POINT('',(5.618426775,-98.439815495,215.051209786));
#876=CARTESIAN_POINT('',(5.618426775,-100.056250376,215.604057674));
#877=CARTESIAN_POINT('',(5.618426775,-101.660145972,216.187007506));
#878=CARTESIAN_POINT('',(5.618426775,-104.867937165,217.35290717));
#879=CARTESIAN_POINT('',(5.618426775,-108.025823625,218.638608671));
#880=CARTESIAN_POINT('',(5.618426775,-111.126550396,220.061528336));
#881=CARTESIAN_POINT('',(5.618426775,-114.227277167,221.484448001));
#882=CARTESIAN_POINT('',(5.618426775,-117.271055283,223.044079221));
#883=CARTESIAN_POINT('',(5.618426775,-120.245312858,224.7706022));
#884=CARTESIAN_POINT('',(5.618426775,-120.988877251,225.202232944));
#885=CARTESIAN_POINT('',(5.618426775,-121.728070621,225.644356815));
#886=CARTESIAN_POINT('',(5.618426775,-122.462591203,226.097698232));
#887=CARTESIAN_POINT('',(5.618426775,-123.197111785,226.551039649));
#888=CARTESIAN_POINT('',(5.618426776,-123.926731516,227.015405748));
#889=CARTESIAN_POINT('',(5.618426776,-124.647392036,227.489092811));
#890=CARTESIAN_POINT('',(5.618426776,-126.088713076,228.436466939));
#891=CARTESIAN_POINT('',(5.618426775,-127.498244002,229.423285612));
#892=CARTESIAN_POINT('',(5.618426775,-128.872694546,230.453631331));
#893=CARTESIAN_POINT('',(5.618426775,-130.247145089,231.483977051));
#894=CARTESIAN_POINT('',(5.618426775,-131.586489491,232.557881778));
#895=CARTESIAN_POINT('',(5.618426775,-132.886088647,233.68110162));
#896=CARTESIAN_POINT('',(5.618426775,-134.185687803,234.804321463));
#897=CARTESIAN_POINT('',(5.618426776,-135.445649986,235.976722079));
#898=CARTESIAN_POINT('',(5.618426776,-136.659388771,237.206475775));
#899=CARTESIAN_POINT('',(5.618426776,-137.266258163,237.821352623));
#900=CARTESIAN_POINT('',(5.618426775,-137.862535254,238.451820463));
#901=CARTESIAN_POINT('',(5.618426775,-138.441634991,239.09270374));
#902=CARTESIAN_POINT('',(5.618426775,-139.020734728,239.733587017));
#903=CARTESIAN_POINT('',(5.618426775,-139.583490844,240.385772622));
#904=CARTESIAN_POINT('',(5.618426775,-140.129086589,241.049825375));
#905=CARTESIAN_POINT('',(5.618426775,-141.220278081,242.37793088));
#906=CARTESIAN_POINT('',(5.618426775,-142.242820847,243.753509982));
#907=CARTESIAN_POINT('',(5.618426775,-143.187475894,245.18295185));
#908=CARTESIAN_POINT('',(5.618426775,-144.132130941,246.612393717));
#909=CARTESIAN_POINT('',(5.618426776,-144.999044711,248.095597079));
#910=CARTESIAN_POINT('',(5.618426776,-145.775457653,249.641385723));
#911=CARTESIAN_POINT('',(5.618426776,-146.163664124,250.414280045));
#912=CARTESIAN_POINT('',(5.618426775,-146.529985668,251.205340743));
#913=CARTESIAN_POINT('',(5.618426775,-146.86726347,252.002006145));
#914=CARTESIAN_POINT('',(5.618426775,-147.204541271,252.798671547));
#915=CARTESIAN_POINT('',(5.618426775,-147.513858351,253.602961557));
#916=CARTESIAN_POINT('',(5.618426775,-147.794713322,254.415012898));
#917=CARTESIAN_POINT('',(5.618426775,-148.356423263,256.039115581));
#918=CARTESIAN_POINT('',(5.618426775,-148.80426884,257.694267933));
#919=CARTESIAN_POINT('',(5.618426775,-149.134207829,259.381572228));
#920=CARTESIAN_POINT('',(5.618426775,-149.299177324,260.225224376));
#921=CARTESIAN_POINT('',(5.618426775,-149.434672541,261.076913863));
#922=CARTESIAN_POINT('',(5.618426775,-149.540222018,261.936769253));
#923=CARTESIAN_POINT('',(5.618426775,-149.592996756,262.366696948));
#924=CARTESIAN_POINT('',(5.618426775,-149.638334164,262.799258741));
#925=CARTESIAN_POINT('',(5.618426775,-149.676005307,263.232370598));
#926=CARTESIAN_POINT('',(5.618426775,-149.71367645,263.665482455));
#927=CARTESIAN_POINT('',(5.618426775,-149.743687468,264.098698923));
#928=CARTESIAN_POINT('',(5.618426775,-149.766150473,264.532018473));
#929=CARTESIAN_POINT('',(5.618426775,-149.811076482,265.398657572));
#930=CARTESIAN_POINT('',(5.618426775,-149.825895558,266.265707833));
#931=CARTESIAN_POINT('',(5.618426775,-149.811758763,267.133153536));
#932=CARTESIAN_POINT('',(5.618426775,-149.804690366,267.566876387));
#933=CARTESIAN_POINT('',(5.618426775,-149.790363254,268.000698368));
#934=CARTESIAN_POINT('',(5.618426775,-149.768959545,268.434616992));
#935=CARTESIAN_POINT('',(5.618426775,-149.747555836,268.868535617));
#936=CARTESIAN_POINT('',(5.618426775,-149.719041052,269.303033058));
#937=CARTESIAN_POINT('',(5.618426775,-149.683791439,269.735159002));
#938=CARTESIAN_POINT('',(5.618426775,-149.542792986,271.463662775));
#939=CARTESIAN_POINT('',(5.618426775,-149.296221317,273.163252715));
#940=CARTESIAN_POINT('',(5.618426775,-148.962579068,274.838996227));
#941=CARTESIAN_POINT('',(5.618426775,-148.628936818,276.514739738));
#942=CARTESIAN_POINT('',(5.618426775,-148.207710791,278.166496269));
#943=CARTESIAN_POINT('',(5.618426775,-147.707032784,279.796492913));
#944=CARTESIAN_POINT('',(5.618426775,-147.206354776,281.426489557));
#945=CARTESIAN_POINT('',(5.618426775,-146.626070714,283.034684116));
#946=CARTESIAN_POINT('',(5.618426775,-145.968315475,284.621661281));
#947=CARTESIAN_POINT('',(5.618426775,-145.639437856,285.415149863));
#948=CARTESIAN_POINT('',(5.618426775,-145.291122282,286.203314881));
#949=CARTESIAN_POINT('',(5.618426775,-144.923174581,286.986103157));
#950=CARTESIAN_POINT('',(5.618426775,-144.73920073,287.377497294));
#951=CARTESIAN_POINT('',(5.618426775,-144.550199902,287.767736525));
#952=CARTESIAN_POINT('',(5.618426775,-144.357263148,288.15464107));
#953=CARTESIAN_POINT('',(5.618426775,-144.164326395,288.541545616));
#954=CARTESIAN_POINT('',(5.618426775,-143.967235018,288.925608939));
#955=CARTESIAN_POINT('',(5.618426775,-143.766011202,289.306846212));
#956=CARTESIAN_POINT('',(5.618426775,-142.96111594,290.831795302));
#957=CARTESIAN_POINT('',(5.618426775,-142.09052145,292.311814663));
#958=CARTESIAN_POINT('',(5.618426775,-141.154744819,293.747257912));
#959=CARTESIAN_POINT('',(5.618426775,-140.218968187,295.182701161));
#960=CARTESIAN_POINT('',(5.618426775,-139.21798709,296.573553033));
#961=CARTESIAN_POINT('',(5.618426775,-138.14935856,297.918142856));
#962=CARTESIAN_POINT('',(5.618426775,-137.615044295,298.590437767));
#963=CARTESIAN_POINT('',(5.618426775,-137.063764018,299.251130132));
#964=CARTESIAN_POINT('',(5.618426775,-136.494926209,299.899815427));
#965=CARTESIAN_POINT('',(5.618426775,-136.210507304,300.224158075));
#966=CARTESIAN_POINT('',(5.618426775,-135.921695029,300.545496228));
#967=CARTESIAN_POINT('',(5.618426775,-135.628395475,300.863765667));
#968=CARTESIAN_POINT('',(5.618426775,-135.335095922,301.182035105));
#969=CARTESIAN_POINT('',(5.618426775,-135.0371157,301.497413378));
#970=CARTESIAN_POINT('',(5.618426775,-134.736298352,301.80788001));
#971=CARTESIAN_POINT('',(5.618426775,-133.53302896,303.049746541));
#972=CARTESIAN_POINT('',(5.618426775,-132.278172041,304.220311392));
#973=CARTESIAN_POINT('',(5.618426775,-130.971122384,305.31873807));
#974=CARTESIAN_POINT('',(5.618426775,-129.664072726,306.417164748));
#975=CARTESIAN_POINT('',(5.618426775,-128.304825691,307.443446842));
#976=CARTESIAN_POINT('',(5.618426775,-126.891263122,308.394656742));
#977=CARTESIAN_POINT('',(5.618426775,-125.477700553,309.345866641));
#978=CARTESIAN_POINT('',(5.618426775,-124.009811258,310.221988878));
#979=CARTESIAN_POINT('',(5.618426775,-122.48400232,311.018057505));
#980=CARTESIAN_POINT('',(5.618426775,-121.721097851,311.416091818));
#981=CARTESIAN_POINT('',(5.618426775,-120.942740185,311.794504727));
#982=CARTESIAN_POINT('',(5.618426775,-120.151275177,312.151158388));
#983=CARTESIAN_POINT('',(5.618426775,-119.359810169,312.507812049));
#984=CARTESIAN_POINT('',(5.618426775,-118.56206681,312.839691374));
#985=CARTESIAN_POINT('',(5.618426775,-117.758183663,313.147343123));
#986=CARTESIAN_POINT('',(5.618426775,-114.542651072,314.377950117));
#987=CARTESIAN_POINT('',(5.618426775,-111.229189206,315.22212872));
#988=CARTESIAN_POINT('',(5.618426775,-107.823604034,315.702789253));
#989=CARTESIAN_POINT('',(5.618426775,-106.972207741,315.822954386));
#990=CARTESIAN_POINT('',(5.618426775,-106.115039297,315.920342641));
#991=CARTESIAN_POINT('',(5.618426775,-105.252152099,315.995164724));
#992=CARTESIAN_POINT('',(5.618426775,-104.8207085,316.032575766));
#993=CARTESIAN_POINT('',(5.618426775,-104.387539552,316.064349499));
#994=CARTESIAN_POINT('',(5.618426775,-103.955263984,316.090401584));
#995=CARTESIAN_POINT('',(5.618426775,-103.522988415,316.116453669));
#996=CARTESIAN_POINT('',(5.618426775,-103.091055606,316.136884253));
#997=CARTESIAN_POINT('',(5.618426775,-102.659461426,316.151761088));
#998=CARTESIAN_POINT('',(5.618426775,-100.933084704,316.211268427));
#999=CARTESIAN_POINT('',(5.618426775,-99.212075216,316.182749314));
#1000=CARTESIAN_POINT('',(5.618426775,-97.495893792,316.075046502));
#1001=B_SPLINE_CURVE_WITH_KNOTS('',3,(#868,#869,#870,#871,#872,#873,#874,#875,#876,#877,#878,#879,#880,#881,#882,#883,#884,#885,#886,#887,#888,#889,#890,#891,#892,#893,
#894,#895,#896,#897,#898,#899,#900,#901,#902,#903,#904,#905,#906,#907,#908,#909,#910,#911,#912,#913,#914,#915,#916,#917,#918,
#919,#920,#921,#922,#923,#924,#925,#926,#927,#928,#929,#930,#931,#932,#933,#934,#935,#936,#937,#938,#939,#940,#941,#942,#943,
#944,#945,#946,#947,#948,#949,#950,#951,#952,#953,#954,#955,#956,#957,#958,#959,#960,#961,#962,#963,#964,#965,#966,#967,#968,
#969,#970,#971,#972,#973,#974,#975,#976,#977,#978,#979,#980,#981,#982,#983,#984,#985,#986,#987,#988,#989,#990,#991,#992,#993,
#994,#995,#996,#997,#998,#999,#1000),.UNSPECIFIED.,.F.,.F.,(4,3,3,3,3,3,3,3,3,3,3,3,3,3,3,3,3,3,3,3,3,3,3,3,3,3,
3,3,3,3,3,3,3,3,3,3,3,3,3,3,3,3,3,3,4),(0.899183787,0.901758489,0.904333191,0.909482595,0.919781404,0.930080212,0.932654914,0.935229617,0.940379021,0.945528425,0.950677829,0.953252531,0.955827233,0.960976638,0.966126042,0.968700744,0.971275446,0.97642485,0.978999552,0.980286903,0.981574254,0.984148957,0.985436308,0.986723659,0.991873063,0.997022467,
1.002171871,1.004746573,1.006033924,1.007321275,1.01247068,1.017620084,1.020194786,1.021482137,1.022769488,1.027918892,1.033068297,1.038217701,1.040792403,1.043367105,1.053665913,1.056240615,1.057527967,1.058815318,1.063964722),.UNSPECIFIED.);
#1002=EDGE_CURVE('',#859,#867,#1001,.T.);
#1003=ORIENTED_EDGE('',*,*,#1002,.T.);
#1004=CARTESIAN_POINT('',(5.618426775,-97.495893992,316.075043231));
#1005=DIRECTION('',(-0.,0.99101964,-0.133716394));
#1006=VECTOR('',#1005,664.124429496);
#1007=LINE('',#1004,#1006);
#1008=EDGE_CURVE('',#867,#505,#1007,.T.);
#1009=ORIENTED_EDGE('',*,*,#1008,.T.);
#1010=ORIENTED_EDGE('',*,*,#510,.T.);
#1011=ORIENTED_EDGE('',*,*,#231,.T.);
#1012=EDGE_LOOP('',(#857,#865,#1003,#1009,#1010,#1011));
#1013=FACE_BOUND('',#1012,.T.);
#1014=ADVANCED_FACE('',(#836,#856,#1013),#832,.T.);
#1015=CARTESIAN_POINT('',(186.804751227,-108.117892529,270.864303617));
#1016=DIRECTION('',(-1.,0.,0.));
#1017=DIRECTION('',(-0.,-1.,0.));
#1018=AXIS2_PLACEMENT_3D('',#1015,#1016,#1017);
#1019=CYLINDRICAL_SURFACE('',#1018,19.099344575);
#1020=CARTESIAN_POINT('',(5.618426775,-127.217237104,270.864303617));
#1021=DIRECTION('',(1.,-0.,-0.));
#1022=VECTOR('',#1021,83.044062714);
#1023=LINE('',#1020,#1022);
#1024=EDGE_CURVE('',#838,#798,#1023,.T.);
#1025=ORIENTED_EDGE('',*,*,#1024,.F.);
#1026=ORIENTED_EDGE('',*,*,#846,.T.);
#1027=ORIENTED_EDGE('',*,*,#853,.T.);
#1028=ORIENTED_EDGE('',*,*,#1024,.T.);
#1029=ORIENTED_EDGE('',*,*,#804,.F.);
#1030=ORIENTED_EDGE('',*,*,#811,.F.);
#1031=EDGE_LOOP('',(#1025,#1026,#1027,#1028,#1029,#1030));
#1032=FACE_BOUND('',#1031,.T.);
#1033=ADVANCED_FACE('',(#1032),#1019,.F.);
#1034=CARTESIAN_POINT('',(89.352218107,511.191384701,246.794369488));
#1035=DIRECTION('',(0.,0.972383213,-0.233389991));
#1036=DIRECTION('',(0.,0.233389991,0.972383213));
#1037=AXIS2_PLACEMENT_3D('',#1034,#1035,#1036);
#1038=PLANE('',#1037);
#1039=ORIENTED_EDGE('',*,*,#821,.T.);
#1040=ORIENTED_EDGE('',*,*,#159,.T.);
#1041=CARTESIAN_POINT('',(89.352218107,511.191384701,246.794369488));
#1042=DIRECTION('',(0.,-0.233389991,-0.972383213));
#1043=VECTOR('',#1042,180.952949862);
#1044=LINE('',#1041,#1043);
#1045=EDGE_CURVE('',#571,#148,#1044,.T.);
#1046=ORIENTED_EDGE('',*,*,#1045,.F.);
#1047=ORIENTED_EDGE('',*,*,#576,.T.);
#1048=EDGE_LOOP('',(#1039,#1040,#1046,#1047));
#1049=FACE_BOUND('',#1048,.T.);
#1050=ADVANCED_FACE('',(#1049),#1038,.F.);
#1051=CARTESIAN_POINT('',(89.352218107,-94.137112379,-374.382875149));
#1052=DIRECTION('',(-1.,0.,0.));
#1053=DIRECTION('',(0.,0.,1.));
#1054=AXIS2_PLACEMENT_3D('',#1051,#1052,#1053);
#1055=PLANE('',#1054);
#1056=ORIENTED_EDGE('',*,*,#1045,.T.);
#1057=ORIENTED_EDGE('',*,*,#153,.T.);
#1058=ORIENTED_EDGE('',*,*,#175,.F.);
#1059=ORIENTED_EDGE('',*,*,#582,.F.);
#1060=EDGE_LOOP('',(#1056,#1057,#1058,#1059));
#1061=FACE_BOUND('',#1060,.T.);
#1062=ADVANCED_FACE('',(#1061),#1055,.F.);
#1063=CARTESIAN_POINT('',(33.070266003,412.356416653,-17.779665833));
#1064=CARTESIAN_POINT('',(33.070266003,560.992435066,-17.580569114));
#1065=CARTESIAN_POINT('',(33.070266003,412.424493556,-68.602601535));
#1066=CARTESIAN_POINT('',(33.070266003,561.060511969,-68.403504816));
#1067=CARTESIAN_POINT('',(33.070266003,412.492570459,-119.425537236));
#1068=CARTESIAN_POINT('',(33.070266003,561.128588872,-119.226440517));
#1069=CARTESIAN_POINT('',(33.070266003,412.560647361,-170.248472937));
#1070=CARTESIAN_POINT('',(33.070266003,561.196665774,-170.049376218));
#1071=B_SPLINE_SURFACE_WITH_KNOTS('',3,1,((#1063,#1064),(#1065,#1066),(#1067,#1068),(#1069,#1070)),.UNSPECIFIED.,.F.,.F.,.U.,(4,4),(2,2),(0.628279678,1.),(0.147141857,1.),.UNSPECIFIED.);
#1072=ORIENTED_EDGE('',*,*,#534,.F.);
#1073=ORIENTED_EDGE('',*,*,#111,.F.);
#1074=ORIENTED_EDGE('',*,*,#245,.F.);
#1075=ORIENTED_EDGE('',*,*,#217,.F.);
#1076=EDGE_LOOP('',(#1072,#1073,#1074,#1075));
#1077=FACE_BOUND('',#1076,.T.);
#1078=ORIENTED_EDGE('',*,*,#494,.T.);
#1079=EDGE_LOOP('',(#1078));
#1080=FACE_BOUND('',#1079,.T.);
#1081=ADVANCED_FACE('',(#1077,#1080),#1071,.T.);
#1082=CARTESIAN_POINT('',(18.351386138,509.488779296,234.175756689));
#1083=DIRECTION('',(0.,0.99101964,-0.133716394));
#1084=DIRECTION('',(0.,0.133716394,0.99101964));
#1085=AXIS2_PLACEMENT_3D('',#1082,#1083,#1084);
#1086=CYLINDRICAL_SURFACE('',#1085,12.732959363);
#1087=ORIENTED_EDGE('',*,*,#519,.F.);
#1088=ORIENTED_EDGE('',*,*,#1008,.F.);
#1089=CARTESIAN_POINT('',(18.351386138,-96.221095186,328.75137916));
#1090=CARTESIAN_POINT('',(17.510505438,-96.221095186,328.75137916));
#1091=CARTESIAN_POINT('',(16.683679854,-96.229490071,328.669285321));
#1092=CARTESIAN_POINT('',(15.870333746,-96.245922369,328.508458482));
#1093=CARTESIAN_POINT('',(15.463660692,-96.254138518,328.428045063));
#1094=CARTESIAN_POINT('',(15.060382552,-96.264378579,328.327802065));
#1095=CARTESIAN_POINT('',(14.660576571,-96.276684303,328.207277875));
#1096=CARTESIAN_POINT('',(14.260770589,-96.288990028,328.086753684));
#1097=CARTESIAN_POINT('',(13.863352437,-96.303430737,327.945268125));
#1098=CARTESIAN_POINT('',(13.478004895,-96.319638775,327.786365795));
#1099=CARTESIAN_POINT('',(12.707309812,-96.352054851,327.468561134));
#1100=CARTESIAN_POINT('',(11.976245442,-96.391693128,327.07961018));
#1101=CARTESIAN_POINT('',(11.28444758,-96.438425195,326.62016045));
#1102=CARTESIAN_POINT('',(10.938548648,-96.461791228,326.390435586));
#1103=CARTESIAN_POINT('',(10.60142171,-96.4870366,326.142040009));
#1104=CARTESIAN_POINT('',(10.277061169,-96.51392004,325.877247283));
#1105=CARTESIAN_POINT('',(9.952700627,-96.54080348,325.612454556));
#1106=CARTESIAN_POINT('',(9.643978451,-96.569067106,325.333805513));
#1107=CARTESIAN_POINT('',(9.350404423,-96.598657616,325.041733495));
#1108=CARTESIAN_POINT('',(8.763256367,-96.657838637,324.45758946));
#1109=CARTESIAN_POINT('',(8.236271614,-96.722290423,323.820134006));
#1110=CARTESIAN_POINT('',(7.770862975,-96.792051007,323.128106554));
#1111=CARTESIAN_POINT('',(7.654510815,-96.809491153,322.955099691));
#1112=CARTESIAN_POINT('',(7.541753641,-96.827316591,322.778149242));
#1113=CARTESIAN_POINT('',(7.433938796,-96.845317947,322.599319565));
#1114=CARTESIAN_POINT('',(7.326123951,-96.863319303,322.420489888));
#1115=CARTESIAN_POINT('',(7.223142893,-96.881506824,322.239680157));
#1116=CARTESIAN_POINT('',(7.124906141,-96.899875769,322.056926896));
#1117=CARTESIAN_POINT('',(6.928432639,-96.936613661,321.691420374));
#1118=CARTESIAN_POINT('',(6.750902791,-96.974075933,321.318153481));
#1119=CARTESIAN_POINT('',(6.592026966,-97.012241816,320.937243896));
#1120=CARTESIAN_POINT('',(6.43315114,-97.050407699,320.556334311));
#1121=CARTESIAN_POINT('',(6.292929515,-97.08927725,320.167781965));
#1122=CARTESIAN_POINT('',(6.171611934,-97.128851024,319.771483609));
#1123=CARTESIAN_POINT('',(6.110953143,-97.14863791,319.57333443));
#1124=CARTESIAN_POINT('',(6.05502872,-97.16860118,319.373245327));
#1125=CARTESIAN_POINT('',(6.003922702,-97.188742959,319.171181762));
#1126=CARTESIAN_POINT('',(5.952816684,-97.208884738,318.969118198));
#1127=CARTESIAN_POINT('',(5.906474959,-97.229240502,318.764722902));
#1128=CARTESIAN_POINT('',(5.865389938,-97.249604343,318.560053333));
#1129=CARTESIAN_POINT('',(5.701049853,-97.331059706,317.741375056));
#1130=CARTESIAN_POINT('',(5.618426775,-97.413267744,316.911840932));
#1131=CARTESIAN_POINT('',(5.618426775,-97.495893992,316.075043231));
#1132=B_SPLINE_CURVE_WITH_KNOTS('',3,(#1089,#1090,#1091,#1092,#1093,#1094,#1095,#1096,#1097,#1098,#1099,#1100,#1101,#1102,#1103,#1104,#1105,#1106,#1107,#1108,#1109,#1110,#1111,#1112,#1113,#1114,
#1115,#1116,#1117,#1118,#1119,#1120,#1121,#1122,#1123,#1124,#1125,#1126,#1127,#1128,#1129,#1130,#1131),.UNSPECIFIED.,.F.,.F.,(4,3,3,3,3,3,3,3,3,3,3,3,3,3,4),(0.,0.00248683,0.003730245,0.00497366,0.00746049,0.008703905,0.00994732,0.01243415,0.013055857,0.013677565,0.01492098,0.016164395,0.016786102,0.01740781,0.01989464),.UNSPECIFIED.);
#1133=EDGE_CURVE('',#547,#867,#1132,.T.);
#1134=ORIENTED_EDGE('',*,*,#1133,.F.);
#1135=ORIENTED_EDGE('',*,*,#552,.F.);
#1136=EDGE_LOOP('',(#1087,#1088,#1134,#1135));
#1137=FACE_BOUND('',#1136,.T.);
#1138=ADVANCED_FACE('',(#1137),#1086,.T.);
#1139=CARTESIAN_POINT('',(18.351386138,-95.381936262,200.794236645));
#1140=CARTESIAN_POINT('',(17.518015897,-95.381936262,200.794236645));
#1141=CARTESIAN_POINT('',(16.684666262,-95.35943326,200.873169376));
#1142=CARTESIAN_POINT('',(15.04995173,-95.270283821,201.185874691));
#1143=CARTESIAN_POINT('',(14.248627254,-95.20363959,201.419639543));
#1144=CARTESIAN_POINT('',(12.708759836,-95.028766677,202.033033084));
#1145=CARTESIAN_POINT('',(11.97025497,-94.920542318,202.412646605));
#1146=CARTESIAN_POINT('',(10.584410906,-94.666666197,203.303156002));
#1147=CARTESIAN_POINT('',(9.937105977,-94.521020713,203.814029858));
#1148=CARTESIAN_POINT('',(8.758542479,-94.197897701,204.947433333));
#1149=CARTESIAN_POINT('',(8.227313053,-94.020428165,205.569934928));
#1150=CARTESIAN_POINT('',(7.301321654,-93.640475699,206.902676422));
#1151=CARTESIAN_POINT('',(6.906582579,-93.438002165,207.612883368));
#1152=CARTESIAN_POINT('',(6.26874861,-93.015821606,209.093746373));
#1153=CARTESIAN_POINT('',(6.025669488,-92.796125019,209.864365816));
#1154=CARTESIAN_POINT('',(5.70050455,-92.347940528,211.436441597));
#1155=CARTESIAN_POINT('',(5.618426775,-92.119463705,212.237859064));
#1156=CARTESIAN_POINT('',(5.618426775,-91.890981232,213.039296347));
#1157=CARTESIAN_POINT('',(18.351386138,-95.425545516,200.806669246));
#1158=CARTESIAN_POINT('',(17.518015897,-95.425545516,200.806669246));
#1159=CARTESIAN_POINT('',(16.684666262,-95.403042514,200.885601977));
#1160=CARTESIAN_POINT('',(15.04995173,-95.313893075,201.198307292));
#1161=CARTESIAN_POINT('',(14.248627254,-95.247248844,201.432072145));
#1162=CARTESIAN_POINT('',(12.708759836,-95.072375931,202.045465685));
#1163=CARTESIAN_POINT('',(11.97025497,-94.964151572,202.425079207));
#1164=CARTESIAN_POINT('',(10.584410906,-94.710275451,203.315588603));
#1165=CARTESIAN_POINT('',(9.937105977,-94.564629967,203.826462459));
#1166=CARTESIAN_POINT('',(8.758542479,-94.241506955,204.959865935));
#1167=CARTESIAN_POINT('',(8.227313053,-94.064037419,205.582367529));
#1168=CARTESIAN_POINT('',(7.301321654,-93.684084953,206.915109024));
#1169=CARTESIAN_POINT('',(6.906582579,-93.481611419,207.625315969));
#1170=CARTESIAN_POINT('',(6.26874861,-93.05943086,209.106178975));
#1171=CARTESIAN_POINT('',(6.025669488,-92.839734273,209.876798417));
#1172=CARTESIAN_POINT('',(5.70050455,-92.391549782,211.448874199));
#1173=CARTESIAN_POINT('',(5.618426775,-92.163072959,212.250291665));
#1174=CARTESIAN_POINT('',(5.618426775,-91.934590486,213.051728948));
#1175=CARTESIAN_POINT('',(18.351386138,-95.46915477,200.819101847));
#1176=CARTESIAN_POINT('',(17.518015897,-95.46915477,200.819101847));
#1177=CARTESIAN_POINT('',(16.684666262,-95.446651768,200.898034578));
#1178=CARTESIAN_POINT('',(15.04995173,-95.357502329,201.210739894));
#1179=CARTESIAN_POINT('',(14.248627254,-95.290858098,201.444504746));
#1180=CARTESIAN_POINT('',(12.708759836,-95.115985185,202.057898287));
#1181=CARTESIAN_POINT('',(11.97025497,-95.007760826,202.437511808));
#1182=CARTESIAN_POINT('',(10.584410906,-94.753884705,203.328021205));
#1183=CARTESIAN_POINT('',(9.937105977,-94.608239221,203.83889506));
#1184=CARTESIAN_POINT('',(8.758542479,-94.285116209,204.972298536));
#1185=CARTESIAN_POINT('',(8.227313053,-94.107646673,205.59480013));
#1186=CARTESIAN_POINT('',(7.301321654,-93.727694207,206.927541625));
#1187=CARTESIAN_POINT('',(6.906582579,-93.525220673,207.63774857));
#1188=CARTESIAN_POINT('',(6.26874861,-93.103040114,209.118611576));
#1189=CARTESIAN_POINT('',(6.025669488,-92.883343527,209.889231018));
#1190=CARTESIAN_POINT('',(5.70050455,-92.435159036,211.4613068));
#1191=CARTESIAN_POINT('',(5.618426775,-92.206682213,212.262724266));
#1192=CARTESIAN_POINT('',(5.618426775,-91.97819974,213.06416155));
#1193=CARTESIAN_POINT('',(18.351386138,-95.546995969,200.841293664));
#1194=CARTESIAN_POINT('',(17.518015897,-95.546995969,200.841293664));
#1195=CARTESIAN_POINT('',(16.684666262,-95.524492966,200.920226395));
#1196=CARTESIAN_POINT('',(15.04995173,-95.435343528,201.232931711));
#1197=CARTESIAN_POINT('',(14.248627254,-95.368699297,201.466696563));
#1198=CARTESIAN_POINT('',(12.708759836,-95.193826384,202.080090104));
#1199=CARTESIAN_POINT('',(11.97025497,-95.085602025,202.459703625));
#1200=CARTESIAN_POINT('',(10.584410906,-94.831725904,203.350213022));
#1201=CARTESIAN_POINT('',(9.937105977,-94.686080419,203.861086877));
#1202=CARTESIAN_POINT('',(8.758542479,-94.362957408,204.994490353));
#1203=CARTESIAN_POINT('',(8.227313053,-94.185487872,205.616991947));
#1204=CARTESIAN_POINT('',(7.301321654,-93.805535406,206.949733442));
#1205=CARTESIAN_POINT('',(6.906582579,-93.603061872,207.659940388));
#1206=CARTESIAN_POINT('',(6.26874861,-93.180881313,209.140803393));
#1207=CARTESIAN_POINT('',(6.025669488,-92.961184726,209.911422836));
#1208=CARTESIAN_POINT('',(5.70050455,-92.513000234,211.483498617));
#1209=CARTESIAN_POINT('',(5.618426775,-92.284523412,212.284916083));
#1210=CARTESIAN_POINT('',(5.618426775,-92.056040939,213.086353367));
#1211=CARTESIAN_POINT('',(18.351386138,-95.581227914,200.85105288));
#1212=CARTESIAN_POINT('',(17.518015897,-95.581227914,200.85105288));
#1213=CARTESIAN_POINT('',(16.684666262,-95.558724911,200.929985611));
#1214=CARTESIAN_POINT('',(15.04995173,-95.469575473,201.242690926));
#1215=CARTESIAN_POINT('',(14.248627254,-95.402931242,201.476455779));
#1216=CARTESIAN_POINT('',(12.708759836,-95.228058329,202.08984932));
#1217=CARTESIAN_POINT('',(11.97025497,-95.11983397,202.469462841));
#1218=CARTESIAN_POINT('',(10.584410906,-94.865957849,203.359972237));
#1219=CARTESIAN_POINT('',(9.937105977,-94.720312364,203.870846093));
#1220=CARTESIAN_POINT('',(8.758542479,-94.397189353,205.004249569));
#1221=CARTESIAN_POINT('',(8.227313053,-94.219719816,205.626751163));
#1222=CARTESIAN_POINT('',(7.301321654,-93.839767351,206.959492658));
#1223=CARTESIAN_POINT('',(6.906582579,-93.637293817,207.669699603));
#1224=CARTESIAN_POINT('',(6.26874861,-93.215113257,209.150562609));
#1225=CARTESIAN_POINT('',(6.025669488,-92.995416671,209.921182051));
#1226=CARTESIAN_POINT('',(5.70050455,-92.547232179,211.493257833));
#1227=CARTESIAN_POINT('',(5.618426775,-92.318755357,212.294675299));
#1228=CARTESIAN_POINT('',(5.618426775,-92.090272884,213.096112582));
#1229=CARTESIAN_POINT('',(18.351386138,-95.632575831,200.865691704));
#1230=CARTESIAN_POINT('',(17.518015897,-95.632575831,200.865691704));
#1231=CARTESIAN_POINT('',(16.684666262,-95.610072828,200.944624435));
#1232=CARTESIAN_POINT('',(15.04995173,-95.52092339,201.25732975));
#1233=CARTESIAN_POINT('',(14.248627254,-95.454279159,201.491094602));
#1234=CARTESIAN_POINT('',(12.708759836,-95.279406246,202.104488143));
#1235=CARTESIAN_POINT('',(11.97025497,-95.171181887,202.484101664));
#1236=CARTESIAN_POINT('',(10.584410906,-94.917305766,203.374611061));
#1237=CARTESIAN_POINT('',(9.937105977,-94.771660282,203.885484917));
#1238=CARTESIAN_POINT('',(8.758542479,-94.44853727,205.018888392));
#1239=CARTESIAN_POINT('',(8.227313053,-94.271067734,205.641389987));
#1240=CARTESIAN_POINT('',(7.301321654,-93.891115268,206.974131481));
#1241=CARTESIAN_POINT('',(6.906582579,-93.688641734,207.684338427));
#1242=CARTESIAN_POINT('',(6.26874861,-93.266461175,209.165201432));
#1243=CARTESIAN_POINT('',(6.025669488,-93.046764588,209.935820875));
#1244=CARTESIAN_POINT('',(5.70050455,-92.598580097,211.507896656));
#1245=CARTESIAN_POINT('',(5.618426775,-92.370103274,212.309314123));
#1246=CARTESIAN_POINT('',(5.618426775,-92.141620801,213.110751406));
#1247=CARTESIAN_POINT('',(18.351386138,-95.651707914,200.87114715));
#1248=CARTESIAN_POINT('',(17.518015898,-95.651707914,200.87114715));
#1249=CARTESIAN_POINT('',(16.684666264,-95.629191913,200.950076175));
#1250=CARTESIAN_POINT('',(15.049951735,-95.53999098,201.262766807));
#1251=CARTESIAN_POINT('',(14.24862726,-95.473308254,201.496520682));
#1252=CARTESIAN_POINT('',(12.708759844,-95.29833433,202.109885419));
#1253=CARTESIAN_POINT('',(11.970254978,-95.190047458,202.489481115));
#1254=CARTESIAN_POINT('',(10.584410916,-94.936024693,203.379948696));
#1255=CARTESIAN_POINT('',(9.937105987,-94.790295079,203.890798562));
#1256=CARTESIAN_POINT('',(8.75854249,-94.466985424,205.024148816));
#1257=CARTESIAN_POINT('',(8.227313063,-94.289413377,205.646621179));
#1258=CARTESIAN_POINT('',(7.301321664,-93.909241441,206.979300092));
#1259=CARTESIAN_POINT('',(6.906582588,-93.706650953,207.689473689));
#1260=CARTESIAN_POINT('',(6.268748618,-93.284226531,209.170267158));
#1261=CARTESIAN_POINT('',(6.025669494,-93.064403042,209.940850414));
#1262=CARTESIAN_POINT('',(5.700504554,-92.615959668,211.512852377));
#1263=CARTESIAN_POINT('',(5.618426777,-92.387350871,212.314232211));
#1264=CARTESIAN_POINT('',(5.618426775,-92.15873642,213.115631862));
#1265=CARTESIAN_POINT('',(18.351386138,-95.688875926,200.881754856));
#1266=CARTESIAN_POINT('',(17.518015898,-95.688875926,200.881754857));
#1267=CARTESIAN_POINT('',(16.684666264,-95.666340974,200.960678472));
#1268=CARTESIAN_POINT('',(15.049951735,-95.577064962,201.273347676));
#1269=CARTESIAN_POINT('',(14.24862726,-95.51032611,201.507085533));
#1270=CARTESIAN_POINT('',(12.708759844,-95.335204912,202.120408239));
#1271=CARTESIAN_POINT('',(11.970254978,-95.226826897,202.499977923));
#1272=CARTESIAN_POINT('',(10.584410916,-94.972590323,203.390384483));
#1273=CARTESIAN_POINT('',(9.937105987,-94.826738051,203.901199342));
#1274=CARTESIAN_POINT('',(8.75854249,-94.50315627,205.034471932));
#1275=CARTESIAN_POINT('',(8.227313063,-94.325434762,205.65690164));
#1276=CARTESIAN_POINT('',(7.301321664,-93.944942841,206.989489229));
#1277=CARTESIAN_POINT('',(6.906582588,-93.742181835,207.69961416));
#1278=CARTESIAN_POINT('',(6.268748618,-93.319401863,209.180306155));
#1279=CARTESIAN_POINT('',(6.025669494,-93.099393352,209.950836607));
#1280=CARTESIAN_POINT('',(5.700504554,-92.650572528,211.522730845));
#1281=CARTESIAN_POINT('',(5.618426777,-92.421771313,212.324055764));
#1282=CARTESIAN_POINT('',(5.618426775,-92.192964441,213.125400498));
#1283=CARTESIAN_POINT('',(18.351386138,-95.707458883,200.887062029));
#1284=CARTESIAN_POINT('',(17.518015903,-95.707458884,200.88706203));
#1285=CARTESIAN_POINT('',(16.684666275,-95.684914456,200.965982938));
#1286=CARTESIAN_POINT('',(15.049951755,-95.595600902,201.278641416));
#1287=CARTESIAN_POINT('',(14.248627285,-95.528833985,201.512371255));
#1288=CARTESIAN_POINT('',(12.708759876,-95.353639145,202.125672921));
#1289=CARTESIAN_POINT('',(11.970255014,-95.245215554,202.505229584));
#1290=CARTESIAN_POINT('',(10.584410957,-94.990872067,203.395605599));
#1291=CARTESIAN_POINT('',(9.93710603,-94.844958459,203.906402935));
#1292=CARTESIAN_POINT('',(8.758542534,-94.521240603,205.039636649));
#1293=CARTESIAN_POINT('',(8.227313107,-94.343444358,205.662045005));
#1294=CARTESIAN_POINT('',(7.301321705,-93.962792427,206.994586882));
#1295=CARTESIAN_POINT('',(6.906582627,-93.759946154,207.704687454));
#1296=CARTESIAN_POINT('',(6.268748649,-93.336988389,209.185328658));
#1297=CARTESIAN_POINT('',(6.025669521,-93.116887356,209.955832679));
#1298=CARTESIAN_POINT('',(5.700504569,-92.667877786,211.527673));
#1299=CARTESIAN_POINT('',(5.618426785,-92.438980352,212.328970433));
#1300=CARTESIAN_POINT('',(5.618426775,-92.210077258,213.130287681));
#1301=CARTESIAN_POINT('',(18.351386138,-95.800368856,200.913614625));
#1302=CARTESIAN_POINT('',(17.518015903,-95.800368857,200.913614625));
#1303=CARTESIAN_POINT('',(16.684666275,-95.777777035,200.992521989));
#1304=CARTESIAN_POINT('',(15.049951755,-95.688275723,201.305126808));
#1305=CARTESIAN_POINT('',(14.248627285,-95.621368446,201.538816534));
#1306=CARTESIAN_POINT('',(12.708759876,-95.445805304,202.152012943));
#1307=CARTESIAN_POINT('',(11.970255014,-95.337153781,202.531504465));
#1308=CARTESIAN_POINT('',(10.584410957,-95.082275603,203.421727672));
#1309=CARTESIAN_POINT('',(9.93710603,-94.93605525,203.932437344));
#1310=CARTESIAN_POINT('',(8.758542534,-94.611656861,205.06547657));
#1311=CARTESIAN_POINT('',(8.227313107,-94.433486846,205.687778107));
#1312=CARTESIAN_POINT('',(7.301321705,-94.052034694,207.02009129));
#1313=CARTESIAN_POINT('',(6.906582627,-93.848761989,207.730069992));
#1314=CARTESIAN_POINT('',(6.268748649,-93.424915066,209.210457085));
#1315=CARTESIAN_POINT('',(6.025669521,-93.204351328,209.98082887));
#1316=CARTESIAN_POINT('',(5.700504569,-92.754397833,211.552399428));
#1317=CARTESIAN_POINT('',(5.618426785,-92.525019202,212.353559341));
#1318=CARTESIAN_POINT('',(5.618426775,-92.295634899,213.154739065));
#1319=CARTESIAN_POINT('',(18.351386138,-95.874680231,200.934909895));
#1320=CARTESIAN_POINT('',(17.518015963,-95.874680242,200.934909898));
#1321=CARTESIAN_POINT('',(16.684666394,-95.852050498,201.013806383));
#1322=CARTESIAN_POINT('',(15.049951987,-95.762398929,201.326368095));
#1323=CARTESIAN_POINT('',(14.24862757,-95.695379321,201.560025594));
#1324=CARTESIAN_POINT('',(12.708760254,-95.519521419,202.173137442));
#1325=CARTESIAN_POINT('',(11.970255431,-95.410687473,202.552576631));
#1326=CARTESIAN_POINT('',(10.584411435,-95.155381358,203.442677075));
#1327=CARTESIAN_POINT('',(9.937106528,-95.008915501,203.953316321));
#1328=CARTESIAN_POINT('',(8.75854305,-94.683972441,205.086199304));
#1329=CARTESIAN_POINT('',(8.227313621,-94.505503273,205.70841503));
#1330=CARTESIAN_POINT('',(7.301322188,-94.123410646,207.040544503));
#1331=CARTESIAN_POINT('',(6.906583081,-93.919796635,207.75042531));
#1332=CARTESIAN_POINT('',(6.268749019,-93.495238045,209.230608292));
#1333=CARTESIAN_POINT('',(6.025669835,-93.274303963,210.000873865));
#1334=CARTESIAN_POINT('',(5.700504745,-92.823594955,211.572227762));
#1335=CARTESIAN_POINT('',(5.618426879,-92.593831173,212.373277231));
#1336=CARTESIAN_POINT('',(5.618426775,-92.364061706,213.174346518));
#1337=CARTESIAN_POINT('',(18.351386138,-98.326441895,201.639422187));
#1338=CARTESIAN_POINT('',(17.518015963,-98.326441905,201.63942219));
#1339=CARTESIAN_POINT('',(16.684666394,-98.302559351,201.71795868));
#1340=CARTESIAN_POINT('',(15.049951987,-98.20794457,202.029094217));
#1341=CARTESIAN_POINT('',(14.24862757,-98.137214682,202.261685569));
#1342=CARTESIAN_POINT('',(12.708760254,-97.951621093,202.871999874));
#1343=CARTESIAN_POINT('',(11.970255432,-97.836761981,203.249707735));
#1344=CARTESIAN_POINT('',(10.584411436,-97.567321839,204.135746774));
#1345=CARTESIAN_POINT('',(9.937106529,-97.412747473,204.644056044));
#1346=CARTESIAN_POINT('',(8.758543051,-97.069815212,205.771769842));
#1347=CARTESIAN_POINT('',(8.227313622,-96.881465797,206.391146484));
#1348=CARTESIAN_POINT('',(7.301322189,-96.478220108,207.717197636));
#1349=CARTESIAN_POINT('',(6.906583082,-96.263333805,208.423839357));
#1350=CARTESIAN_POINT('',(6.26874902,-95.815271191,209.897268471));
#1351=CARTESIAN_POINT('',(6.025669836,-95.58210596,210.664019431));
#1352=CARTESIAN_POINT('',(5.700504745,-95.106445214,212.22820346));
#1353=CARTESIAN_POINT('',(5.618426879,-94.863961462,213.025597853));
#1354=CARTESIAN_POINT('',(5.618426775,-94.621471709,213.823011973));
#1355=CARTESIAN_POINT('',(18.351386138,-100.68746279,202.377177155));
#1356=CARTESIAN_POINT('',(17.518015897,-100.68746279,202.377177155));
#1357=CARTESIAN_POINT('',(16.684666262,-100.662340351,202.455327228));
#1358=CARTESIAN_POINT('',(15.04995173,-100.562813577,202.764931909));
#1359=CARTESIAN_POINT('',(14.248627254,-100.488411703,202.996378862));
#1360=CARTESIAN_POINT('',(12.708759836,-100.293182913,203.60369029));
#1361=CARTESIAN_POINT('',(11.97025497,-100.172360825,203.979539748));
#1362=CARTESIAN_POINT('',(10.584410906,-99.888932552,204.861219286));
#1363=CARTESIAN_POINT('',(9.937105977,-99.726333375,205.367027564));
#1364=CARTESIAN_POINT('',(8.758542479,-99.365597609,206.489192761));
#1365=CARTESIAN_POINT('',(8.227313053,-99.167469939,207.105521932));
#1366=CARTESIAN_POINT('',(7.301321654,-98.743289553,208.425048608));
#1367=CARTESIAN_POINT('',(6.906582579,-98.517247325,209.128213487));
#1368=CARTESIAN_POINT('',(6.26874861,-98.045923332,210.594392973));
#1369=CARTESIAN_POINT('',(6.025669488,-97.800653222,211.357371327));
#1370=CARTESIAN_POINT('',(5.70050455,-97.300298341,212.913859168));
#1371=CARTESIAN_POINT('',(5.618426775,-97.045225941,213.707330168));
#1372=CARTESIAN_POINT('',(5.618426775,-96.790147235,214.500820788));
#1373=CARTESIAN_POINT('',(18.351386138,-105.377119899,203.969985544));
#1374=CARTESIAN_POINT('',(17.518015897,-105.377119899,203.969985544));
#1375=CARTESIAN_POINT('',(16.684666262,-105.349449985,204.047270384));
#1376=CARTESIAN_POINT('',(15.04995173,-105.239830956,204.353447304));
#1377=CARTESIAN_POINT('',(14.248627254,-105.157884553,204.582331812));
#1378=CARTESIAN_POINT('',(12.708759836,-104.942859094,205.182919443));
#1379=CARTESIAN_POINT('',(11.97025497,-104.809785355,205.554607716));
#1380=CARTESIAN_POINT('',(10.584410906,-104.497616774,206.426525814));
#1381=CARTESIAN_POINT('',(9.937105977,-104.31852965,206.926734079));
#1382=CARTESIAN_POINT('',(8.758542479,-103.921214409,208.03647532));
#1383=CARTESIAN_POINT('',(8.227313053,-103.702996116,208.645980855));
#1384=CARTESIAN_POINT('',(7.301321654,-103.235802818,209.950898505));
#1385=CARTESIAN_POINT('',(6.906582579,-102.986839364,210.646278353));
#1386=CARTESIAN_POINT('',(6.26874861,-102.467721985,212.096225159));
#1387=CARTESIAN_POINT('',(6.025669488,-102.197580896,212.850756263));
#1388=CARTESIAN_POINT('',(5.70050455,-101.646488825,214.390011582));
#1389=CARTESIAN_POINT('',(5.618426775,-101.365551471,215.174697736));
#1390=CARTESIAN_POINT('',(5.618426775,-101.08460717,215.959403292));
#1391=CARTESIAN_POINT('',(18.351386138,-107.705760487,204.82499979));
#1392=CARTESIAN_POINT('',(17.518015897,-107.705760487,204.82499979));
#1393=CARTESIAN_POINT('',(16.684666262,-107.676783002,204.901805931));
#1394=CARTESIAN_POINT('',(15.04995173,-107.56198381,205.206086403));
#1395=CARTESIAN_POINT('',(14.248627255,-107.476164942,205.43355321));
#1396=CARTESIAN_POINT('',(12.708759837,-107.250978226,206.030420826));
#1397=CARTESIAN_POINT('',(11.970254971,-107.111615946,206.399806876));
#1398=CARTESIAN_POINT('',(10.584410907,-106.784695506,207.266324348));
#1399=CARTESIAN_POINT('',(9.937105978,-106.597145429,207.763434344));
#1400=CARTESIAN_POINT('',(8.75854248,-106.181054634,208.866301891));
#1401=CARTESIAN_POINT('',(8.227313054,-105.952524204,209.472032173));
#1402=CARTESIAN_POINT('',(7.301321655,-105.463253189,210.768867216));
#1403=CARTESIAN_POINT('',(6.90658258,-105.202524702,211.459939909));
#1404=CARTESIAN_POINT('',(6.268748611,-104.658875878,212.900905803));
#1405=CARTESIAN_POINT('',(6.025669489,-104.375968984,213.650763372));
#1406=CARTESIAN_POINT('',(5.700504551,-103.798834472,215.180484605));
#1407=CARTESIAN_POINT('',(5.618426776,-103.504621124,215.960310444));
#1408=CARTESIAN_POINT('',(5.618426775,-103.210400501,216.740155566));
#1409=CARTESIAN_POINT('',(18.351386138,-112.33063996,206.664160419));
#1410=CARTESIAN_POINT('',(17.518015897,-112.33063996,206.664160419));
#1411=CARTESIAN_POINT('',(16.684666262,-112.298958549,206.739891299));
#1412=CARTESIAN_POINT('',(15.04995173,-112.173447302,207.039911943));
#1413=CARTESIAN_POINT('',(14.248627255,-112.079620568,207.264194288));
#1414=CARTESIAN_POINT('',(12.708759837,-111.8334214,207.852705951));
#1415=CARTESIAN_POINT('',(11.970254971,-111.681055053,208.216920717));
#1416=CARTESIAN_POINT('',(10.584410907,-111.32362926,209.071307226));
#1417=CARTESIAN_POINT('',(9.937105978,-111.118578652,209.561457842));
#1418=CARTESIAN_POINT('',(8.75854248,-110.663661907,210.648885602));
#1419=CARTESIAN_POINT('',(8.227313054,-110.413807018,211.246135857));
#1420=CARTESIAN_POINT('',(7.301321655,-109.878881516,212.524815629));
#1421=CARTESIAN_POINT('',(6.90658258,-109.59382413,213.20621353));
#1422=CARTESIAN_POINT('',(6.268748611,-108.999446759,214.627006368));
#1423=CARTESIAN_POINT('',(6.025669489,-108.690141471,215.366366174));
#1424=CARTESIAN_POINT('',(5.700504551,-108.059153819,216.874671807));
#1425=CARTESIAN_POINT('',(5.618426776,-107.737487058,217.643580337));
#1426=CARTESIAN_POINT('',(5.618426775,-107.415812343,218.41250788));
#1427=CARTESIAN_POINT('',(18.351386138,-114.626887741,207.648240579));
#1428=CARTESIAN_POINT('',(17.518015897,-114.626887741,207.648240579));
#1429=CARTESIAN_POINT('',(16.684666263,-114.593810022,207.723375077));
#1430=CARTESIAN_POINT('',(15.049951731,-114.462767063,208.021033053));
#1431=CARTESIAN_POINT('',(14.248627256,-114.364805064,208.243549171));
#1432=CARTESIAN_POINT('',(12.708759838,-114.107755054,208.827426294));
#1433=CARTESIAN_POINT('',(11.970254972,-113.948673399,209.188772862));
#1434=CARTESIAN_POINT('',(10.584410909,-113.575494626,210.036431062));
#1435=CARTESIAN_POINT('',(9.93710598,-113.361406735,210.522721734));
#1436=CARTESIAN_POINT('',(8.758542482,-112.886440249,211.601585981));
#1437=CARTESIAN_POINT('',(8.227313055,-112.625573399,212.194132879));
#1438=CARTESIAN_POINT('',(7.301321657,-112.067071896,213.462743026));
#1439=CARTESIAN_POINT('',(6.906582581,-111.769451054,214.138774906));
#1440=CARTESIAN_POINT('',(6.268748612,-111.148877434,215.548378976));
#1441=CARTESIAN_POINT('',(6.02566949,-110.825940001,216.281916311));
#1442=CARTESIAN_POINT('',(5.700504551,-110.16714256,217.77834401));
#1443=CARTESIAN_POINT('',(5.618426776,-109.831298841,218.541197372));
#1444=CARTESIAN_POINT('',(5.618426775,-109.495446818,219.304069597));
#1445=CARTESIAN_POINT('',(18.351386138,-119.186256511,209.762662791));
#1446=CARTESIAN_POINT('',(17.518015897,-119.186256511,209.762662791));
#1447=CARTESIAN_POINT('',(16.684666263,-119.150271709,209.83644912));
#1448=CARTESIAN_POINT('',(15.049951731,-119.00771185,210.128766096));
#1449=CARTESIAN_POINT('',(14.248627256,-118.901140318,210.347289515));
#1450=CARTESIAN_POINT('',(12.708759838,-118.621499095,210.920689889));
#1451=CARTESIAN_POINT('',(11.970254972,-118.448436319,211.275552666));
#1452=CARTESIAN_POINT('',(10.584410909,-118.042460188,212.108000984));
#1453=CARTESIAN_POINT('',(9.93710598,-117.809556872,212.585565941));
#1454=CARTESIAN_POINT('',(8.758542482,-117.292847268,213.64507168));
#1455=CARTESIAN_POINT('',(8.227313055,-117.009053757,214.226986264));
#1456=CARTESIAN_POINT('',(7.301321657,-116.40146754,215.472833214));
#1457=CARTESIAN_POINT('',(6.906582581,-116.077689858,216.136734774));
#1458=CARTESIAN_POINT('',(6.268748612,-115.402576226,217.521045734));
#1459=CARTESIAN_POINT('',(6.02566949,-115.051256968,218.241420905));
#1460=CARTESIAN_POINT('',(5.700504551,-114.334560159,219.710997582));
#1461=CARTESIAN_POINT('',(5.618426776,-113.969200328,220.460162751));
#1462=CARTESIAN_POINT('',(5.618426775,-113.603831463,221.209346444));
#1463=CARTESIAN_POINT('',(18.351386138,-121.44939736,210.892889399));
#1464=CARTESIAN_POINT('',(17.518015897,-121.44939736,210.892889399));
#1465=CARTESIAN_POINT('',(16.684666262,-121.411901833,210.965924257));
#1466=CARTESIAN_POINT('',(15.04995173,-121.263356982,211.255264157));
#1467=CARTESIAN_POINT('',(14.248627255,-121.152311332,211.471562044));
#1468=CARTESIAN_POINT('',(12.708759837,-120.860930126,212.039122673));
#1469=CARTESIAN_POINT('',(11.97025497,-120.680601775,212.390371381));
#1470=CARTESIAN_POINT('',(10.584410907,-120.257581829,213.214341703));
#1471=CARTESIAN_POINT('',(9.937105978,-120.014900695,213.687042942));
#1472=CARTESIAN_POINT('',(8.75854248,-119.47649843,214.73575824));
#1473=CARTESIAN_POINT('',(8.227313054,-119.180790612,215.311746366));
#1474=CARTESIAN_POINT('',(7.301321655,-118.547696524,216.544905099));
#1475=CARTESIAN_POINT('',(6.90658258,-118.210325908,217.202045212));
#1476=CARTESIAN_POINT('',(6.268748611,-117.506869448,218.57225778));
#1477=CARTESIAN_POINT('',(6.025669489,-117.140800998,219.285296354));
#1478=CARTESIAN_POINT('',(5.700504551,-116.394015604,220.739906258));
#1479=CARTESIAN_POINT('',(5.618426775,-116.013317125,221.48144162));
#1480=CARTESIAN_POINT('',(5.618426775,-115.632609232,222.222995319));
#1481=CARTESIAN_POINT('',(18.351386138,-124.817887476,212.716710554));
#1482=CARTESIAN_POINT('',(17.518015897,-124.817887476,212.716710554));
#1483=CARTESIAN_POINT('',(16.684666262,-124.778016173,212.788459083));
#1484=CARTESIAN_POINT('',(15.04995173,-124.62005929,213.072702971));
#1485=CARTESIAN_POINT('',(14.248627255,-124.501977615,213.285191302));
#1486=CARTESIAN_POINT('',(12.708759837,-124.192134042,213.842755745));
#1487=CARTESIAN_POINT('',(11.97025497,-124.000379807,214.18781807));
#1488=CARTESIAN_POINT('',(10.584410907,-123.55055666,214.997276179));
#1489=CARTESIAN_POINT('',(9.937105978,-123.292498872,215.461651948));
#1490=CARTESIAN_POINT('',(8.75854248,-122.719982603,216.491896702));
#1491=CARTESIAN_POINT('',(8.227313054,-122.405538278,217.057740213));
#1492=CARTESIAN_POINT('',(7.301321655,-121.732330365,218.269179883));
#1493=CARTESIAN_POINT('',(6.90658258,-121.373583422,218.914746088));
#1494=CARTESIAN_POINT('',(6.268748611,-120.625554868,220.260825729));
#1495=CARTESIAN_POINT('',(6.025669489,-120.236291752,220.96130588));
#1496=CARTESIAN_POINT('',(5.700504551,-119.442188874,222.390296405));
#1497=CARTESIAN_POINT('',(5.618426775,-119.037368748,223.118771443));
#1498=CARTESIAN_POINT('',(5.618426775,-118.632538611,223.847264495));
#1499=CARTESIAN_POINT('',(18.351386138,-125.936337023,213.346136526));
#1500=CARTESIAN_POINT('',(17.518015897,-125.936337023,213.346136526));
#1501=CARTESIAN_POINT('',(16.684666262,-125.895655461,213.41742958));
#1502=CARTESIAN_POINT('',(15.04995173,-125.7344886,213.699869025));
#1503=CARTESIAN_POINT('',(14.248627254,-125.614007285,213.911008434));
#1504=CARTESIAN_POINT('',(12.708759836,-125.297867115,214.465033336));
#1505=CARTESIAN_POINT('',(11.97025497,-125.102216076,214.80790513));
#1506=CARTESIAN_POINT('',(10.584410906,-124.643251686,215.612224623));
#1507=CARTESIAN_POINT('',(9.937105977,-124.379949684,216.073652432));
#1508=CARTESIAN_POINT('',(8.758542479,-123.795798818,217.097356967));
#1509=CARTESIAN_POINT('',(8.227313053,-123.4749644,217.65960838));
#1510=CARTESIAN_POINT('',(7.301321654,-122.788075649,218.863357567));
#1511=CARTESIAN_POINT('',(6.906582579,-122.422038301,219.504825576));
#1512=CARTESIAN_POINT('',(6.26874861,-121.658808414,220.842360009));
#1513=CARTESIAN_POINT('',(6.025669488,-121.261634747,221.538393359));
#1514=CARTESIAN_POINT('',(5.70050455,-120.451394221,222.958312339));
#1515=CARTESIAN_POINT('',(5.618426775,-120.038347396,223.682162859));
#1516=CARTESIAN_POINT('',(5.618426775,-119.625290358,224.406031278));
#1517=CARTESIAN_POINT('',(18.351386138,-127.607135025,214.325701649));
#1518=CARTESIAN_POINT('',(17.518015897,-127.607135025,214.325701649));
#1519=CARTESIAN_POINT('',(16.684666262,-127.565207073,214.396263961));
#1520=CARTESIAN_POINT('',(15.04995173,-127.399102425,214.675808453));
#1521=CARTESIAN_POINT('',(14.248627254,-127.274929836,214.88478372));
#1522=CARTESIAN_POINT('',(12.708759836,-126.949103848,215.433129965));
#1523=CARTESIAN_POINT('',(11.97025497,-126.747458506,215.772487384));
#1524=CARTESIAN_POINT('',(10.584410906,-126.274432488,216.568562743));
#1525=CARTESIAN_POINT('',(9.937105977,-126.003063509,217.025261));
#1526=CARTESIAN_POINT('',(8.758542479,-125.401015586,218.038472744));
#1527=CARTESIAN_POINT('',(8.227313053,-125.070351529,218.59496118));
#1528=CARTESIAN_POINT('',(7.301321654,-124.362418065,219.78637215));
#1529=CARTESIAN_POINT('',(6.906582579,-123.985166163,220.421265226));
#1530=CARTESIAN_POINT('',(6.26874861,-123.198552644,221.745090168));
#1531=CARTESIAN_POINT('',(6.025669488,-122.789210477,222.433989299));
#1532=CARTESIAN_POINT('',(5.70050455,-121.954146019,223.839354361));
#1533=CARTESIAN_POINT('',(5.618426775,-121.528444377,224.555785541));
#1534=CARTESIAN_POINT('',(5.618426775,-121.102732208,225.272234437));
#1535=CARTESIAN_POINT('',(18.351386138,-128.162920536,214.658134449));
#1536=CARTESIAN_POINT('',(17.518015897,-128.162920536,214.658134449));
#1537=CARTESIAN_POINT('',(16.684666262,-128.12057195,214.728445242));
#1538=CARTESIAN_POINT('',(15.04995173,-127.952800888,215.006993299));
#1539=CARTESIAN_POINT('',(14.248627254,-127.827382561,215.215223674));
#1540=CARTESIAN_POINT('',(12.708759836,-127.498287784,215.761615342));
#1541=CARTESIAN_POINT('',(11.97025497,-127.294619472,216.099763123));
#1542=CARTESIAN_POINT('',(10.584410906,-126.816847909,216.893000876));
#1543=CARTESIAN_POINT('',(9.937105977,-126.542756472,217.348071233));
#1544=CARTESIAN_POINT('',(8.758542479,-125.934668615,218.357671389));
#1545=CARTESIAN_POINT('',(8.227313053,-125.600687232,218.912176224));
#1546=CARTESIAN_POINT('',(7.301321654,-124.885651557,220.099340416));
#1547=CARTESIAN_POINT('',(6.906582579,-124.504614946,220.731970418));
#1548=CARTESIAN_POINT('',(6.26874861,-123.710109874,222.051076591));
#1549=CARTESIAN_POINT('',(6.025669488,-123.296661058,222.737520145));
#1550=CARTESIAN_POINT('',(5.70050455,-122.453218971,224.13787579));
#1551=CARTESIAN_POINT('',(5.618426775,-122.023246556,224.851753254));
#1552=CARTESIAN_POINT('',(5.618426775,-121.593263509,225.565648371));
#1553=CARTESIAN_POINT('',(18.351386138,-129.272130533,215.335446792));
#1554=CARTESIAN_POINT('',(17.518015897,-129.272130533,215.335446792));
#1555=CARTESIAN_POINT('',(16.684666262,-129.228929708,215.405237185));
#1556=CARTESIAN_POINT('',(15.04995173,-129.057782356,215.681723592));
#1557=CARTESIAN_POINT('',(14.248627254,-128.929840063,215.888412769));
#1558=CARTESIAN_POINT('',(12.708759836,-128.594122457,216.430760365));
#1559=CARTESIAN_POINT('',(11.97025497,-128.386355446,216.766405374));
#1560=CARTESIAN_POINT('',(10.584410906,-127.898969025,217.553772046));
#1561=CARTESIAN_POINT('',(9.937105977,-127.619361666,218.005474238));
#1562=CARTESIAN_POINT('',(8.758542479,-126.999036416,219.007601926));
#1563=CARTESIAN_POINT('',(8.227313053,-126.658333864,219.55800264));
#1564=CARTESIAN_POINT('',(7.301321654,-125.928908537,220.736380138));
#1565=CARTESIAN_POINT('',(6.906582579,-125.5402038,221.364327784));
#1566=CARTESIAN_POINT('',(6.26874861,-124.729709802,222.673670706));
#1567=CARTESIAN_POINT('',(6.025669488,-124.307940584,223.355033606));
#1568=CARTESIAN_POINT('',(5.70050455,-123.447524746,224.745024639));
#1569=CARTESIAN_POINT('',(5.618426775,-123.008899401,225.4536184));
#1570=CARTESIAN_POINT('',(5.618426775,-122.570263211,226.162229683));
#1571=CARTESIAN_POINT('',(18.351386138,-129.826042387,215.68063985));
#1572=CARTESIAN_POINT('',(17.518016226,-129.826042439,215.680639883));
#1573=CARTESIAN_POINT('',(16.684666921,-129.782409728,215.750161139));
#1574=CARTESIAN_POINT('',(15.04995301,-129.609551287,216.025581246));
#1575=CARTESIAN_POINT('',(14.248628827,-129.48032983,216.231473288));
#1576=CARTESIAN_POINT('',(12.708761918,-129.141255692,216.771729205));
#1577=CARTESIAN_POINT('',(11.97025727,-128.931411394,217.106079723));
#1578=CARTESIAN_POINT('',(10.584413539,-128.439151976,217.890409735));
#1579=CARTESIAN_POINT('',(9.937108724,-128.156749029,218.340369836));
#1580=CARTESIAN_POINT('',(8.758545326,-127.530221572,219.338632605));
#1581=CARTESIAN_POINT('',(8.227315886,-127.186112553,219.886910588));
#1582=CARTESIAN_POINT('',(7.301324315,-126.449394135,221.060743465));
#1583=CARTESIAN_POINT('',(6.906585082,-126.056802952,221.686269332));
#1584=CARTESIAN_POINT('',(6.268750648,-125.238205227,222.990562613));
#1585=CARTESIAN_POINT('',(6.025671218,-124.812218927,223.669297775));
#1586=CARTESIAN_POINT('',(5.700505521,-123.943200121,225.05392824));
#1587=CARTESIAN_POINT('',(5.618427293,-123.500189105,225.759789306));
#1588=CARTESIAN_POINT('',(5.618426775,-123.057167101,226.465667865));
#1589=CARTESIAN_POINT('',(18.351386138,-132.582528708,217.434989656));
#1590=CARTESIAN_POINT('',(17.518016227,-132.582528745,217.434989682));
#1591=CARTESIAN_POINT('',(16.684666923,-132.536712533,217.503121262));
#1592=CARTESIAN_POINT('',(15.049953015,-132.355203812,217.773035953));
#1593=CARTESIAN_POINT('',(14.248628832,-132.219515792,217.974812388));
#1594=CARTESIAN_POINT('',(12.708761926,-131.863473549,218.504269056));
#1595=CARTESIAN_POINT('',(11.970257278,-131.64312813,218.831936196));
#1596=CARTESIAN_POINT('',(10.584413549,-131.126234858,219.600588135));
#1597=CARTESIAN_POINT('',(9.937108734,-130.829699785,220.041553926));
#1598=CARTESIAN_POINT('',(8.758545336,-130.171819387,221.019862296));
#1599=CARTESIAN_POINT('',(8.227315896,-129.810490328,221.557180684));
#1600=CARTESIAN_POINT('',(7.301324325,-129.036904757,222.707549672));
#1601=CARTESIAN_POINT('',(6.906585091,-128.624667374,223.320571828));
#1602=CARTESIAN_POINT('',(6.268750655,-127.765105068,224.598793436));
#1603=CARTESIAN_POINT('',(6.025671225,-127.3178014,225.263961281));
#1604=CARTESIAN_POINT('',(5.700505524,-126.405294829,226.620914207));
#1605=CARTESIAN_POINT('',(5.618427295,-125.940114491,227.312665734));
#1606=CARTESIAN_POINT('',(5.618426775,-125.474922618,228.004434406));
#1607=CARTESIAN_POINT('',(18.351386138,-134.744674746,218.927545358));
#1608=CARTESIAN_POINT('',(17.518015897,-134.744674746,218.927545358));
#1609=CARTESIAN_POINT('',(16.684666262,-134.697037588,218.994427227));
#1610=CARTESIAN_POINT('',(15.04995173,-134.508314956,219.259391023));
#1611=CARTESIAN_POINT('',(14.248627254,-134.36723415,219.457466398));
#1612=CARTESIAN_POINT('',(12.708759836,-133.997041393,219.977211579));
#1613=CARTESIAN_POINT('',(11.97025497,-133.767938595,220.298868533));
#1614=CARTESIAN_POINT('',(10.584410907,-133.230502011,221.053421584));
#1615=CARTESIAN_POINT('',(9.937105978,-132.922181514,221.486299022));
#1616=CARTESIAN_POINT('',(8.75854248,-132.238154491,222.446662892));
#1617=CARTESIAN_POINT('',(8.227313053,-131.862464878,222.974125576));
#1618=CARTESIAN_POINT('',(7.301321654,-131.05813419,224.10339402));
#1619=CARTESIAN_POINT('',(6.906582579,-130.629513003,224.705171856));
#1620=CARTESIAN_POINT('',(6.26874861,-129.735788627,225.959947721));
#1621=CARTESIAN_POINT('',(6.025669488,-129.270707538,226.612914723));
#1622=CARTESIAN_POINT('',(5.70050455,-128.321934801,227.944977676));
#1623=CARTESIAN_POINT('',(5.618426775,-127.838266614,228.624040689));
#1624=CARTESIAN_POINT('',(5.618426775,-127.354586467,229.303120494));
#1625=CARTESIAN_POINT('',(18.351386138,-138.971149391,222.127489376));
#1626=CARTESIAN_POINT('',(17.518015897,-138.971149391,222.127489376));
#1627=CARTESIAN_POINT('',(16.684666262,-138.919697948,222.191483378));
#1628=CARTESIAN_POINT('',(15.04995173,-138.715864387,222.445006402));
#1629=CARTESIAN_POINT('',(14.248627254,-138.563487308,222.634529155));
#1630=CARTESIAN_POINT('',(12.708759836,-138.163653394,223.131832455));
#1631=CARTESIAN_POINT('',(11.97025497,-137.916206446,223.439600706));
#1632=CARTESIAN_POINT('',(10.584410907,-137.335737573,224.161573195));
#1633=CARTESIAN_POINT('',(9.937105978,-137.002730002,224.575759582));
#1634=CARTESIAN_POINT('',(8.75854248,-136.263933263,225.494656262));
#1635=CARTESIAN_POINT('',(8.227313053,-135.858162364,225.999343835));
#1636=CARTESIAN_POINT('',(7.301321654,-134.989429304,227.079852023));
#1637=CARTESIAN_POINT('',(6.906582579,-134.526488624,227.655645921));
#1638=CARTESIAN_POINT('',(6.26874861,-133.561204167,228.856242292));
#1639=CARTESIAN_POINT('',(6.025669488,-133.058884258,229.481015079));
#1640=CARTESIAN_POINT('',(5.70050455,-132.034143743,230.755561389));
#1641=CARTESIAN_POINT('',(5.618426775,-131.511748477,231.405303396));
#1642=CARTESIAN_POINT('',(5.618426775,-130.989340293,232.05506147));
#1643=CARTESIAN_POINT('',(18.351386138,-141.035709309,223.834576787));
#1644=CARTESIAN_POINT('',(17.518015897,-141.035709309,223.834576787));
#1645=CARTESIAN_POINT('',(16.684666262,-140.982263807,223.896933556));
#1646=CARTESIAN_POINT('',(15.04995173,-140.770530444,224.143970404));
#1647=CARTESIAN_POINT('',(14.248627254,-140.612247819,224.328644374));
#1648=CARTESIAN_POINT('',(12.708759836,-140.196917888,224.813224582));
#1649=CARTESIAN_POINT('',(11.97025497,-139.939880852,225.113118837));
#1650=CARTESIAN_POINT('',(10.584410907,-139.336915249,225.816620259));
#1651=CARTESIAN_POINT('',(9.937105978,-138.991001592,226.22021003));
#1652=CARTESIAN_POINT('',(8.75854248,-138.223571947,227.115597501));
#1653=CARTESIAN_POINT('',(8.227313053,-137.802074936,227.607373061));
#1654=CARTESIAN_POINT('',(7.301321654,-136.899673139,228.660237343));
#1655=CARTESIAN_POINT('',(6.906582579,-136.418790668,229.221300032));
#1656=CARTESIAN_POINT('',(6.26874861,-135.416095516,230.391180141));
#1657=CARTESIAN_POINT('',(6.025669488,-134.894307629,230.999968634));
#1658=CARTESIAN_POINT('',(5.70050455,-133.829852132,232.241906734));
#1659=CARTESIAN_POINT('',(5.618426775,-133.287210845,232.875025631));
#1660=CARTESIAN_POINT('',(5.618426775,-132.744556139,233.508160184));
#1661=CARTESIAN_POINT('',(18.351386138,-144.043171593,226.597815467));
#1662=CARTESIAN_POINT('',(17.518015897,-144.043171593,226.597815467));
#1663=CARTESIAN_POINT('',(16.684666262,-143.98659663,226.657296906));
#1664=CARTESIAN_POINT('',(15.04995173,-143.762465384,226.892942651));
#1665=CARTESIAN_POINT('',(14.248627254,-143.594914641,227.069101129));
#1666=CARTESIAN_POINT('',(12.708759836,-143.155265386,227.531336885));
#1667=CARTESIAN_POINT('',(11.97025497,-142.883177744,227.817402732));
#1668=CARTESIAN_POINT('',(10.584410907,-142.244905955,228.488465037));
#1669=CARTESIAN_POINT('',(9.937105978,-141.878737589,228.873444902));
#1670=CARTESIAN_POINT('',(8.75854248,-141.066371693,229.727545209));
#1671=CARTESIAN_POINT('',(8.227313053,-140.620194248,230.196644532));
#1672=CARTESIAN_POINT('',(7.301321654,-139.66495301,231.200960245));
#1673=CARTESIAN_POINT('',(6.906582579,-139.155912836,231.736151801));
#1674=CARTESIAN_POINT('',(6.26874861,-138.094505641,232.852087631));
#1675=CARTESIAN_POINT('',(6.025669488,-137.542164866,233.43280431));
#1676=CARTESIAN_POINT('',(5.70050455,-136.415380998,234.617475468));
#1677=CARTESIAN_POINT('',(5.618426775,-135.840965767,235.221400653));
#1678=CARTESIAN_POINT('',(5.618426775,-135.266536333,235.825340772));
#1679=CARTESIAN_POINT('',(18.351386138,-145.030667177,227.552838914));
#1680=CARTESIAN_POINT('',(17.518015897,-145.030667177,227.552838914));
#1681=CARTESIAN_POINT('',(16.684666262,-144.973026148,227.611291441));
#1682=CARTESIAN_POINT('',(15.04995173,-144.744671501,227.842860979));
#1683=CARTESIAN_POINT('',(14.248627254,-144.573963529,228.015972264));
#1684=CARTESIAN_POINT('',(12.708759836,-144.126029776,228.470212253));
#1685=CARTESIAN_POINT('',(11.97025497,-143.848815072,228.751329725));
#1686=CARTESIAN_POINT('',(10.584410906,-143.198516056,229.410783977));
#1687=CARTESIAN_POINT('',(9.937105977,-142.825447824,229.78910445));
#1688=CARTESIAN_POINT('',(8.758542479,-141.997774172,230.628430508));
#1689=CARTESIAN_POINT('',(8.227313053,-141.543189216,231.089415338));
#1690=CARTESIAN_POINT('',(7.301321654,-140.569947961,232.076358372));
#1691=CARTESIAN_POINT('',(6.906582579,-140.051315727,232.602292171));
#1692=CARTESIAN_POINT('',(6.26874861,-138.969907986,233.698924513));
#1693=CARTESIAN_POINT('',(6.025669488,-138.407159218,234.26959594));
#1694=CARTESIAN_POINT('',(5.70050455,-137.259142883,235.433774624));
#1695=CARTESIAN_POINT('',(5.618426775,-136.673903702,236.027253096));
#1696=CARTESIAN_POINT('',(5.618426775,-136.08865005,236.620746243));
#1697=CARTESIAN_POINT('',(18.351386138,-146.486089596,229.043558902));
#1698=CARTESIAN_POINT('',(17.518015897,-146.486089596,229.043558902));
#1699=CARTESIAN_POINT('',(16.684666262,-146.426816785,229.100340072));
#1700=CARTESIAN_POINT('',(15.04995173,-146.191997555,229.325288245));
#1701=CARTESIAN_POINT('',(14.248627254,-146.016456942,229.493449686));
#1702=CARTESIAN_POINT('',(12.708759836,-145.555842454,229.934701401));
#1703=CARTESIAN_POINT('',(11.97025497,-145.270779967,230.207780763));
#1704=CARTESIAN_POINT('',(10.584410906,-144.602071377,230.848378963));
#1705=CARTESIAN_POINT('',(9.937105977,-144.218441808,231.21588196));
#1706=CARTESIAN_POINT('',(8.758542479,-143.367337211,232.031208816));
#1707=CARTESIAN_POINT('',(8.227313053,-142.899883229,232.479012514));
#1708=CARTESIAN_POINT('',(7.301321654,-141.899090098,233.437735471));
#1709=CARTESIAN_POINT('',(6.906582579,-141.365775697,233.948631024));
#1710=CARTESIAN_POINT('',(6.26874861,-140.253753952,235.013906898));
#1711=CARTESIAN_POINT('',(6.025669488,-139.675074105,235.568260877));
#1712=CARTESIAN_POINT('',(5.70050455,-138.494558117,236.699151713));
#1713=CARTESIAN_POINT('',(5.618426775,-137.892751166,237.275660605));
#1714=CARTESIAN_POINT('',(5.618426775,-137.290929335,237.852183754));
#1715=CARTESIAN_POINT('',(18.351386138,-146.967558528,229.550899219));
#1716=CARTESIAN_POINT('',(17.518015897,-146.967558528,229.550899219));
#1717=CARTESIAN_POINT('',(16.684666262,-146.907735605,229.607101036));
#1718=CARTESIAN_POINT('',(15.04995173,-146.670737013,229.829754004));
#1719=CARTESIAN_POINT('',(14.248627254,-146.493567204,229.996199649));
#1720=CARTESIAN_POINT('',(12.708759836,-146.028677744,230.432949156));
#1721=CARTESIAN_POINT('',(11.97025497,-145.740969587,230.703242218));
#1722=CARTESIAN_POINT('',(10.584410906,-145.066054698,231.337304226));
#1723=CARTESIAN_POINT('',(9.937105977,-144.678864656,231.701057493));
#1724=CARTESIAN_POINT('',(8.758542479,-143.81986094,232.508065354));
#1725=CARTESIAN_POINT('',(8.227313053,-143.348068508,232.951299992));
#1726=CARTESIAN_POINT('',(7.301321654,-142.337986997,233.900240847));
#1727=CARTESIAN_POINT('',(6.906582579,-141.799722894,234.405923598));
#1728=CARTESIAN_POINT('',(6.26874861,-140.677380453,235.460330182));
#1729=CARTESIAN_POINT('',(6.025669488,-140.093329867,236.009027941));
#1730=CARTESIAN_POINT('',(5.70050455,-138.901857487,237.128379999));
#1731=CARTESIAN_POINT('',(5.618426775,-138.294465154,237.69900662));
#1732=CARTESIAN_POINT('',(5.618426775,-137.687057802,238.269647351));
#1733=CARTESIAN_POINT('',(18.351386138,-147.916587445,230.581404487));
#1734=CARTESIAN_POINT('',(17.518015897,-147.916587445,230.581404487));
#1735=CARTESIAN_POINT('',(16.684666262,-147.855659512,230.636406425));
#1736=CARTESIAN_POINT('',(15.04995173,-147.614283234,230.854305873));
#1737=CARTESIAN_POINT('',(14.248627254,-147.433840858,231.017197994));
#1738=CARTESIAN_POINT('',(12.708759836,-146.960364258,231.444623135));
#1739=CARTESIAN_POINT('',(11.97025497,-146.66734174,231.709145586));
#1740=CARTESIAN_POINT('',(10.584410906,-145.979960257,232.329670712));
#1741=CARTESIAN_POINT('',(9.937105977,-145.585618288,232.685658044));
#1742=CARTESIAN_POINT('',(8.758542479,-144.710747607,233.475436723));
#1743=CARTESIAN_POINT('',(8.227313053,-144.230240528,233.909208542));
#1744=CARTESIAN_POINT('',(7.301321654,-143.201501439,234.837890022));
#1745=CARTESIAN_POINT('',(6.906582579,-142.653294867,235.33277672));
#1746=CARTESIAN_POINT('',(6.26874861,-141.510221236,236.364672292));
#1747=CARTESIAN_POINT('',(6.025669488,-140.915382442,236.901655651));
#1748=CARTESIAN_POINT('',(5.70050455,-139.701901948,237.997110148));
#1749=CARTESIAN_POINT('',(5.618426775,-139.083290254,238.555554199));
#1750=CARTESIAN_POINT('',(5.618426775,-138.464663263,239.114012058));
#1751=CARTESIAN_POINT('',(18.351386138,-148.38441193,231.104797439));
#1752=CARTESIAN_POINT('',(17.518015897,-148.38441193,231.104797439));
#1753=CARTESIAN_POINT('',(16.684666262,-148.32292883,231.159178627));
#1754=CARTESIAN_POINT('',(15.04995173,-148.079353169,231.374618867));
#1755=CARTESIAN_POINT('',(14.248627254,-147.897266631,231.535672593));
#1756=CARTESIAN_POINT('',(12.708759836,-147.419475785,231.958273826));
#1757=CARTESIAN_POINT('',(11.97025497,-147.123783292,232.219810884));
#1758=CARTESIAN_POINT('',(10.584410906,-146.430138495,232.833332782));
#1759=CARTESIAN_POINT('',(9.937105977,-146.032203343,233.185302451));
#1760=CARTESIAN_POINT('',(8.758542479,-145.149360976,233.966167711));
#1761=CARTESIAN_POINT('',(8.227313053,-144.664475591,234.395043993));
#1762=CARTESIAN_POINT('',(7.301321654,-143.626362791,235.313244401));
#1763=CARTESIAN_POINT('',(6.906582579,-143.073161046,235.802545822));
#1764=CARTESIAN_POINT('',(6.26874861,-141.919671905,236.822795451));
#1765=CARTESIAN_POINT('',(6.025669488,-141.319413033,237.353718432));
#1766=CARTESIAN_POINT('',(5.70050455,-140.094875493,238.436809661));
#1767=CARTESIAN_POINT('',(5.618426775,-139.470627104,238.988951128));
#1768=CARTESIAN_POINT('',(5.618426775,-138.84636328,239.541106249));
#1769=CARTESIAN_POINT('',(18.351386138,-149.766721004,232.700664136));
#1770=CARTESIAN_POINT('',(17.518015897,-149.766721004,232.700664136));
#1771=CARTESIAN_POINT('',(16.684666262,-149.703566619,232.753115835));
#1772=CARTESIAN_POINT('',(15.04995173,-149.453369877,232.960912081));
#1773=CARTESIAN_POINT('',(14.248627254,-149.266333707,233.11625149));
#1774=CARTESIAN_POINT('',(12.708759836,-148.775555144,233.52385849));
#1775=CARTESIAN_POINT('',(11.97025497,-148.471824886,233.776116002));
#1776=CARTESIAN_POINT('',(10.584410906,-147.759324847,234.367869647));
#1777=CARTESIAN_POINT('',(9.937105977,-147.350572683,234.707351147));
#1778=CARTESIAN_POINT('',(8.758542479,-146.443732144,235.460510676));
#1779=CARTESIAN_POINT('',(8.227313053,-145.945666192,235.874170081));
#1780=CARTESIAN_POINT('',(7.301321654,-144.879334527,236.759791996));
#1781=CARTESIAN_POINT('',(6.906582579,-144.311095182,237.231732607));
#1782=CARTESIAN_POINT('',(6.26874861,-143.126250919,238.215782954));
#1783=CARTESIAN_POINT('',(6.025669488,-142.509675299,238.727868357));
#1784=CARTESIAN_POINT('',(5.70050455,-141.251851338,239.772530634));
#1785=CARTESIAN_POINT('',(5.618426775,-140.610634099,240.305081675));
#1786=CARTESIAN_POINT('',(5.618426775,-139.969401005,240.837645885));
#1787=CARTESIAN_POINT('',(18.351386138,-150.66011172,233.798801053));
#1788=CARTESIAN_POINT('',(17.518015897,-150.66011172,233.798801053));
#1789=CARTESIAN_POINT('',(16.684666262,-150.59583517,233.849876797));
#1790=CARTESIAN_POINT('',(15.04995173,-150.341192788,234.052221968));
#1791=CARTESIAN_POINT('',(14.248627254,-150.150833252,234.20348639));
#1792=CARTESIAN_POINT('',(12.708759836,-149.651334251,234.60040072));
#1793=CARTESIAN_POINT('',(11.97025497,-149.342207138,234.846040812));
#1794=CARTESIAN_POINT('',(10.584410907,-148.617046985,235.422271106));
#1795=CARTESIAN_POINT('',(9.937105977,-148.201031877,235.752847058));
#1796=CARTESIAN_POINT('',(8.758542479,-147.27807807,236.486249109));
#1797=CARTESIAN_POINT('',(8.227313053,-146.771162194,236.889057072));
#1798=CARTESIAN_POINT('',(7.301321654,-145.68588333,237.75144665));
#1799=CARTESIAN_POINT('',(6.906582579,-145.107547179,238.21100694));
#1800=CARTESIAN_POINT('',(6.26874861,-143.901649917,239.169242897));
#1801=CARTESIAN_POINT('',(6.025669488,-143.274118624,239.66789487));
#1802=CARTESIAN_POINT('',(5.70050455,-141.993944919,240.685152737));
#1803=CARTESIAN_POINT('',(5.618426775,-141.341334161,241.203733477));
#1804=CARTESIAN_POINT('',(5.618426775,-140.688707266,241.72232704));
#1805=CARTESIAN_POINT('',(18.351386138,-152.383251979,236.070928653));
#1806=CARTESIAN_POINT('',(17.518015897,-152.383251979,236.070928653));
#1807=CARTESIAN_POINT('',(16.684666262,-152.316732192,236.119046471));
#1808=CARTESIAN_POINT('',(15.04995173,-152.053202846,236.309673318));
#1809=CARTESIAN_POINT('',(14.248627254,-151.856199803,236.452177633));
#1810=CARTESIAN_POINT('',(12.708759836,-151.339268396,236.826105643));
#1811=CARTESIAN_POINT('',(11.97025497,-151.019352814,237.057520093));
#1812=CARTESIAN_POINT('',(10.584410907,-150.26888473,237.600379424));
#1813=CARTESIAN_POINT('',(9.937105977,-149.838350785,237.911810882));
#1814=CARTESIAN_POINT('',(8.758542479,-148.883186092,238.602739753));
#1815=CARTESIAN_POINT('',(8.227313053,-148.358578962,238.982220082));
#1816=CARTESIAN_POINT('',(7.301321654,-147.235424103,239.794666485));
#1817=CARTESIAN_POINT('',(6.906582579,-146.636904146,240.22761247));
#1818=CARTESIAN_POINT('',(6.26874861,-145.388921332,241.130354544));
#1819=CARTESIAN_POINT('',(6.025669488,-144.739489334,241.600128313));
#1820=CARTESIAN_POINT('',(5.70050455,-143.414637846,242.558474188));
#1821=CARTESIAN_POINT('',(5.618426775,-142.739251115,243.047022597));
#1822=CARTESIAN_POINT('',(5.618426775,-142.063847683,243.535583088));
#1823=CARTESIAN_POINT('',(18.351386138,-153.213021877,237.244931799));
#1824=CARTESIAN_POINT('',(17.518015897,-153.213021877,237.244931799));
#1825=CARTESIAN_POINT('',(16.684666262,-153.145380933,237.291467532));
#1826=CARTESIAN_POINT('',(15.04995173,-152.877409933,237.475826682));
#1827=CARTESIAN_POINT('',(14.248627254,-152.677086503,237.61364554));
#1828=CARTESIAN_POINT('',(12.708759836,-152.151442478,237.975279022));
#1829=CARTESIAN_POINT('',(11.97025497,-151.826134881,238.199084704));
#1830=CARTESIAN_POINT('',(10.584410907,-151.063018036,238.724095145));
#1831=CARTESIAN_POINT('',(9.937105978,-150.625227659,239.025286923));
#1832=CARTESIAN_POINT('',(8.75854248,-149.653964147,239.693498467));
#1833=CARTESIAN_POINT('',(8.227313053,-149.120515028,240.06050171));
#1834=CARTESIAN_POINT('',(7.301321654,-147.978429961,240.846235362));
#1835=CARTESIAN_POINT('',(6.906582579,-147.369822252,241.264946342));
#1836=CARTESIAN_POINT('',(6.26874861,-146.100805318,242.138006798));
#1837=CARTESIAN_POINT('',(6.025669488,-145.440427472,242.592334686));
#1838=CARTESIAN_POINT('',(5.70050455,-144.093246281,243.519170723));
#1839=CARTESIAN_POINT('',(5.618426775,-143.406476247,243.991655954));
#1840=CARTESIAN_POINT('',(5.618426775,-142.719689231,244.464152868));
#1841=CARTESIAN_POINT('',(18.351386138,-154.799110902,239.676852694));
#1842=CARTESIAN_POINT('',(17.518015897,-154.799110902,239.676852694));
#1843=CARTESIAN_POINT('',(16.684666262,-154.729254806,239.719991977));
#1844=CARTESIAN_POINT('',(15.04995173,-154.452508111,239.890895517));
#1845=CARTESIAN_POINT('',(14.248627254,-154.245624354,240.018655547));
#1846=CARTESIAN_POINT('',(12.708759836,-153.702766184,240.353894899));
#1847=CARTESIAN_POINT('',(11.97025497,-153.366805193,240.56136593));
#1848=CARTESIAN_POINT('',(10.584410907,-152.578697283,241.048058034));
#1849=CARTESIAN_POINT('',(9.937105978,-152.126569851,241.327267071));
#1850=CARTESIAN_POINT('',(8.75854248,-151.123498745,241.946708622));
#1851=CARTESIAN_POINT('',(8.227313053,-150.572579875,242.286925819));
#1852=CARTESIAN_POINT('',(7.301321654,-149.393093035,243.015312025));
#1853=CARTESIAN_POINT('',(6.906582579,-148.76455423,243.403463025));
#1854=CARTESIAN_POINT('',(6.26874861,-147.453978672,244.212802414));
#1855=CARTESIAN_POINT('',(6.025669488,-146.771974326,244.633970791));
#1856=CARTESIAN_POINT('',(5.70050455,-145.380674735,245.493160904));
#1857=CARTESIAN_POINT('',(5.618426775,-144.671413893,245.931161395));
#1858=CARTESIAN_POINT('',(5.618426775,-143.962135512,246.369172716));
#1859=CARTESIAN_POINT('',(18.351386138,-155.555448881,240.934794956));
#1860=CARTESIAN_POINT('',(17.518015897,-155.555448881,240.934794956));
#1861=CARTESIAN_POINT('',(16.684666262,-155.484498728,240.976119676));
#1862=CARTESIAN_POINT('',(15.04995173,-155.203417738,241.139834517));
#1863=CARTESIAN_POINT('',(14.248627254,-154.993293853,241.26222059));
#1864=CARTESIAN_POINT('',(12.708759836,-154.441933658,241.583358803));
#1865=CARTESIAN_POINT('',(11.97025497,-154.100710983,241.782103001));
#1866=CARTESIAN_POINT('',(10.584410906,-153.300260048,242.248323424));
#1867=CARTESIAN_POINT('',(9.937105977,-152.841051579,242.51578812));
#1868=CARTESIAN_POINT('',(8.758542479,-151.822270783,243.109174163));
#1869=CARTESIAN_POINT('',(8.227313053,-151.262723645,243.435080838));
#1870=CARTESIAN_POINT('',(7.301321654,-150.064764162,244.132829009));
#1871=CARTESIAN_POINT('',(6.906582579,-149.426381438,244.504653252));
#1872=CARTESIAN_POINT('',(6.26874861,-148.095280179,245.279949481));
#1873=CARTESIAN_POINT('',(6.025669488,-147.402594559,245.683402295));
#1874=CARTESIAN_POINT('',(5.70050455,-145.989505,246.506452381));
#1875=CARTESIAN_POINT('',(5.618426775,-145.269136003,246.926029301));
#1876=CARTESIAN_POINT('',(5.618426775,-144.548749193,247.345616596));
#1877=CARTESIAN_POINT('',(18.351386138,-156.625178343,242.890771965));
#1878=CARTESIAN_POINT('',(17.518015897,-156.625178343,242.890771965));
#1879=CARTESIAN_POINT('',(16.684666262,-156.552635681,242.929184817));
#1880=CARTESIAN_POINT('',(15.04995173,-156.265245701,243.081363807));
#1881=CARTESIAN_POINT('',(14.248627254,-156.05040549,243.19512618));
#1882=CARTESIAN_POINT('',(12.708759836,-155.486669765,243.493636006));
#1883=CARTESIAN_POINT('',(11.97025497,-155.137788192,243.678376076));
#1884=CARTESIAN_POINT('',(10.584410906,-154.319370771,244.111745172));
#1885=CARTESIAN_POINT('',(9.937105977,-153.84985516,244.360363482));
#1886=CARTESIAN_POINT('',(8.758542479,-152.808207365,244.911937718));
#1887=CARTESIAN_POINT('',(8.227313053,-152.236100938,245.214880005));
#1888=CARTESIAN_POINT('',(7.301321654,-151.01125271,245.863462692));
#1889=CARTESIAN_POINT('',(6.906582579,-150.358541195,246.209087054));
#1890=CARTESIAN_POINT('',(6.26874861,-148.997562764,246.929753523));
#1891=CARTESIAN_POINT('',(6.025669488,-148.2893295,247.30477781));
#1892=CARTESIAN_POINT('',(5.70050455,-146.844522504,248.069833252));
#1893=CARTESIAN_POINT('',(5.618426775,-146.107984497,248.459845491));
#1894=CARTESIAN_POINT('',(5.618426775,-145.371428278,248.849867373));
#1895=CARTESIAN_POINT('',(18.351386138,-156.970932361,243.554273387));
#1896=CARTESIAN_POINT('',(17.518015897,-156.970932361,243.554273387));
#1897=CARTESIAN_POINT('',(16.684666262,-156.897867056,243.591684006));
#1898=CARTESIAN_POINT('',(15.04995173,-156.608406539,243.73989248));
#1899=CARTESIAN_POINT('',(14.248627254,-156.392018484,243.85068667));
#1900=CARTESIAN_POINT('',(12.708759836,-155.824221255,244.141408049));
#1901=CARTESIAN_POINT('',(11.97025497,-155.47282612,244.32132805));
#1902=CARTESIAN_POINT('',(10.584410906,-154.648512308,244.743390075));
#1903=CARTESIAN_POINT('',(9.937105977,-154.175614013,244.985521662));
#1904=CARTESIAN_POINT('',(8.758542479,-153.126461535,245.522704726));
#1905=CARTESIAN_POINT('',(8.227313053,-152.550233295,245.817742919));
#1906=CARTESIAN_POINT('',(7.301321654,-151.316560494,246.449403378));
#1907=CARTESIAN_POINT('',(6.906582579,-150.659146437,246.786010025));
#1908=CARTESIAN_POINT('',(6.26874861,-149.288362665,247.487873521));
#1909=CARTESIAN_POINT('',(6.025669488,-148.575026845,247.853113016));
#1910=CARTESIAN_POINT('',(5.70050455,-147.119810555,248.59820733));
#1911=CARTESIAN_POINT('',(5.618426775,-146.377966068,248.978043725));
#1912=CARTESIAN_POINT('',(5.618426775,-145.636103236,249.357889512));
#1913=CARTESIAN_POINT('',(18.351386138,-157.471868204,244.567503177));
#1914=CARTESIAN_POINT('',(17.518015897,-157.471868204,244.567503177));
#1915=CARTESIAN_POINT('',(16.684666262,-157.398035644,244.603361888));
#1916=CARTESIAN_POINT('',(15.04995173,-157.105535512,244.745422213));
#1917=CARTESIAN_POINT('',(14.248627254,-156.886875174,244.851620316));
#1918=CARTESIAN_POINT('',(12.708759836,-156.313115526,245.130281668));
#1919=CARTESIAN_POINT('',(11.97025497,-155.958030404,245.302738028));
#1920=CARTESIAN_POINT('',(10.584410906,-155.125060503,245.707291608));
#1921=CARTESIAN_POINT('',(9.937105977,-154.647196319,245.939378824));
#1922=CARTESIAN_POINT('',(8.758542479,-153.58702673,246.454277864));
#1923=CARTESIAN_POINT('',(8.227313053,-153.004747538,246.737076956));
#1924=CARTESIAN_POINT('',(7.301321654,-151.758119983,247.342534175));
#1925=CARTESIAN_POINT('',(6.906582579,-151.093802445,247.665177331));
#1926=CARTESIAN_POINT('',(6.26874861,-149.708624123,248.337925348));
#1927=CARTESIAN_POINT('',(6.025669488,-148.987797589,248.688013573));
#1928=CARTESIAN_POINT('',(5.70050455,-147.517300125,249.402199058));
#1929=CARTESIAN_POINT('',(5.618426775,-146.767665556,249.766278658));
#1930=CARTESIAN_POINT('',(5.618426775,-146.01801245,250.130367261));
#1931=CARTESIAN_POINT('',(18.351386138,-157.635895203,244.908240845));
#1932=CARTESIAN_POINT('',(17.518016008,-157.635895191,244.908240819));
#1933=CARTESIAN_POINT('',(16.684666484,-157.561809681,244.943574115));
#1934=CARTESIAN_POINT('',(15.049952162,-157.268307471,245.08355297));
#1935=CARTESIAN_POINT('',(14.248627785,-157.048898029,245.188195069));
#1936=CARTESIAN_POINT('',(12.708760539,-156.473172756,245.462773524));
#1937=CARTESIAN_POINT('',(11.970255746,-156.116871161,245.63270309));
#1938=CARTESIAN_POINT('',(10.584411795,-155.281047618,246.03132925));
#1939=CARTESIAN_POINT('',(9.937106904,-154.801546337,246.260015988));
#1940=CARTESIAN_POINT('',(8.75854344,-153.737744746,246.767370878));
#1941=CARTESIAN_POINT('',(8.227314009,-153.15347074,247.046026486));
#1942=CARTESIAN_POINT('',(7.301322552,-151.902572388,247.642612747));
#1943=CARTESIAN_POINT('',(6.906583424,-151.235978973,247.960528649));
#1944=CARTESIAN_POINT('',(6.268749298,-149.84605517,248.623419813));
#1945=CARTESIAN_POINT('',(6.025670072,-149.12275915,248.968378683));
#1946=CARTESIAN_POINT('',(5.700504878,-147.647223874,249.67210022));
#1947=CARTESIAN_POINT('',(5.61842695,-146.895021102,250.030845486));
#1948=CARTESIAN_POINT('',(5.618426775,-146.142799717,250.389599632));
#1949=CARTESIAN_POINT('',(18.351386138,-157.957783697,245.595821608));
#1950=CARTESIAN_POINT('',(17.518016008,-157.957783684,245.59582158));
#1951=CARTESIAN_POINT('',(16.684666484,-157.88319864,245.630087828));
#1952=CARTESIAN_POINT('',(15.049952161,-157.587717443,245.7658394));
#1953=CARTESIAN_POINT('',(14.248627784,-157.366828597,245.867321368));
#1954=CARTESIAN_POINT('',(12.708760537,-156.787221403,246.133607714));
#1955=CARTESIAN_POINT('',(11.970255744,-156.428517387,246.298405507));
#1956=CARTESIAN_POINT('',(10.584411793,-155.587058169,246.684993394));
#1957=CARTESIAN_POINT('',(9.937106902,-155.104323774,246.906773927));
#1958=CARTESIAN_POINT('',(8.758543438,-154.033349329,247.398807003));
#1959=CARTESIAN_POINT('',(8.227314007,-153.445135761,247.669047378));
#1960=CARTESIAN_POINT('',(7.30132255,-152.185803027,248.247617092));
#1961=CARTESIAN_POINT('',(6.906583422,-151.514714999,248.555932125));
#1962=CARTESIAN_POINT('',(6.268749296,-150.115419411,249.198804375));
#1963=CARTESIAN_POINT('',(6.025670071,-149.387246452,249.533345695));
#1964=CARTESIAN_POINT('',(5.700504877,-147.901762143,250.215815266));
#1965=CARTESIAN_POINT('',(5.61842695,-147.144487524,250.563726642));
#1966=CARTESIAN_POINT('',(5.618426775,-146.387194166,250.911646631));
#1967=CARTESIAN_POINT('',(18.351386138,-158.115501611,245.942385002));
#1968=CARTESIAN_POINT('',(17.518015902,-158.115501611,245.942385003));
#1969=CARTESIAN_POINT('',(16.684666272,-158.040670205,245.97611005));
#1970=CARTESIAN_POINT('',(15.049951749,-157.744212975,246.109717501));
#1971=CARTESIAN_POINT('',(14.248627278,-157.522594483,246.209596603));
#1972=CARTESIAN_POINT('',(12.708759868,-156.941072708,246.471677044));
#1973=CARTESIAN_POINT('',(11.970255005,-156.581183804,246.633871903));
#1974=CARTESIAN_POINT('',(10.584410946,-155.736945039,247.01435373));
#1975=CARTESIAN_POINT('',(9.937106019,-155.252616053,247.232631289));
#1976=CARTESIAN_POINT('',(8.758542522,-154.178103919,247.716892798));
#1977=CARTESIAN_POINT('',(8.227313096,-153.587947342,247.982864774));
#1978=CARTESIAN_POINT('',(7.301321694,-152.324454738,248.552296068));
#1979=CARTESIAN_POINT('',(6.906582617,-151.651149955,248.855741306));
#1980=CARTESIAN_POINT('',(6.268748641,-150.247232193,249.488459459));
#1981=CARTESIAN_POINT('',(6.025669514,-149.516653929,249.817716729));
#1982=CARTESIAN_POINT('',(5.700504565,-148.02626278,250.489406738));
#1983=CARTESIAN_POINT('',(5.618426783,-147.266486748,250.831822868));
#1984=CARTESIAN_POINT('',(5.618426775,-146.506691928,251.174247466));
#1985=CARTESIAN_POINT('',(18.351386138,-158.884370281,247.682109307));
#1986=CARTESIAN_POINT('',(17.518015902,-158.884370282,247.682109308));
#1987=CARTESIAN_POINT('',(16.684666272,-158.808330936,247.713101144));
#1988=CARTESIAN_POINT('',(15.049951749,-158.507088255,247.83588052));
#1989=CARTESIAN_POINT('',(14.248627278,-158.281892367,247.927665026));
#1990=CARTESIAN_POINT('',(12.708759868,-157.69098359,248.168505435));
#1991=CARTESIAN_POINT('',(11.970255005,-157.325285312,248.317555383));
#1992=CARTESIAN_POINT('',(10.584410947,-156.467418732,248.667201463));
#1993=CARTESIAN_POINT('',(9.937106019,-155.975271643,248.867788949));
#1994=CARTESIAN_POINT('',(8.758542523,-154.883414592,249.312803997));
#1995=CARTESIAN_POINT('',(8.227313096,-154.283731629,249.557220555));
#1996=CARTESIAN_POINT('',(7.301321695,-152.99984356,250.080502892));
#1997=CARTESIAN_POINT('',(6.906582617,-152.315670201,250.359355732));
#1998=CARTESIAN_POINT('',(6.268748641,-150.889090213,250.940795912));
#1999=CARTESIAN_POINT('',(6.025669514,-150.146718857,251.243368876));
#2000=CARTESIAN_POINT('',(5.700504565,-148.632269617,251.860622479));
#2001=CARTESIAN_POINT('',(5.618426783,-147.86022918,252.175287857));
#2002=CARTESIAN_POINT('',(5.618426775,-147.088169651,252.489961015));
#2003=CARTESIAN_POINT('',(18.351386138,-159.439268843,249.102308816));
#2004=CARTESIAN_POINT('',(17.518015919,-159.439268844,249.102308819));
#2005=CARTESIAN_POINT('',(16.684666307,-159.36233501,249.131017106));
#2006=CARTESIAN_POINT('',(15.049951817,-159.057548659,249.244749816));
#2007=CARTESIAN_POINT('',(14.248627361,-158.829703678,249.329771427));
#2008=CARTESIAN_POINT('',(12.708759977,-158.231843742,249.552866157));
#2009=CARTESIAN_POINT('',(11.970255126,-157.861843569,249.69093376));
#2010=CARTESIAN_POINT('',(10.584411085,-156.993885469,250.014817105));
#2011=CARTESIAN_POINT('',(9.937106164,-156.495949002,250.200624839));
#2012=CARTESIAN_POINT('',(8.758542673,-155.391247878,250.612850144));
#2013=CARTESIAN_POINT('',(8.227313245,-154.784510537,250.839257523));
#2014=CARTESIAN_POINT('',(7.301321835,-153.485519432,251.323983202));
#2015=CARTESIAN_POINT('',(6.906582749,-152.793297789,251.582289518));
#2016=CARTESIAN_POINT('',(6.268748749,-151.349936201,252.120887836));
#2017=CARTESIAN_POINT('',(6.025669606,-150.598831945,252.401166522));
#2018=CARTESIAN_POINT('',(5.700504616,-149.066567446,252.972939449));
#2019=CARTESIAN_POINT('',(5.61842681,-148.285445091,253.264419552));
#2020=CARTESIAN_POINT('',(5.618426775,-147.504303418,253.555906864));
#2021=CARTESIAN_POINT('',(18.351386138,-160.419491058,251.994447059));
#2022=CARTESIAN_POINT('',(17.518015919,-160.419491058,251.99444706));
#2023=CARTESIAN_POINT('',(16.684666307,-160.340956107,252.018431265));
#2024=CARTESIAN_POINT('',(15.049951817,-160.029826665,252.113448733));
#2025=CARTESIAN_POINT('',(14.248627361,-159.797239867,252.184479646));
#2026=CARTESIAN_POINT('',(12.708759978,-159.186937511,252.370863111));
#2027=CARTESIAN_POINT('',(11.970255126,-158.809237044,252.486211055));
#2028=CARTESIAN_POINT('',(10.584411086,-157.923215351,252.756797906));
#2029=CARTESIAN_POINT('',(9.937106165,-157.414916033,252.912030124));
#2030=CARTESIAN_POINT('',(8.758542673,-156.287224317,253.256421861));
#2031=CARTESIAN_POINT('',(8.227313246,-155.667859803,253.445572865));
#2032=CARTESIAN_POINT('',(7.301321836,-154.341834623,253.850534708));
#2033=CARTESIAN_POINT('',(6.90658275,-153.635206744,254.066335532));
#2034=CARTESIAN_POINT('',(6.268748749,-152.1618065,254.516305024));
#2035=CARTESIAN_POINT('',(6.025669606,-151.395070567,254.750462565));
#2036=CARTESIAN_POINT('',(5.700504617,-149.830917202,255.228147632));
#2037=CARTESIAN_POINT('',(5.618426811,-149.033538446,255.471663346));
#2038=CARTESIAN_POINT('',(5.618426775,-148.236139969,255.715185083));
#2039=CARTESIAN_POINT('',(18.351386138,-160.844760682,253.466370047));
#2040=CARTESIAN_POINT('',(17.518015899,-160.844760682,253.466370047));
#2041=CARTESIAN_POINT('',(16.684666267,-160.765519413,253.487913834));
#2042=CARTESIAN_POINT('',(15.049951741,-160.451591769,253.573263176));
#2043=CARTESIAN_POINT('',(14.248627267,-160.216913157,253.637066622));
#2044=CARTESIAN_POINT('',(12.708759853,-159.601121933,253.804485379));
#2045=CARTESIAN_POINT('',(11.970254989,-159.220024547,253.908096552));
#2046=CARTESIAN_POINT('',(10.584410928,-158.326034253,254.151150916));
#2047=CARTESIAN_POINT('',(9.937106,-157.813163451,254.290588097));
#2048=CARTESIAN_POINT('',(8.758542503,-156.675329634,254.599937624));
#2049=CARTESIAN_POINT('',(8.227313076,-156.050394753,254.76984232));
#2050=CARTESIAN_POINT('',(7.301321676,-154.712443727,255.133598882));
#2051=CARTESIAN_POINT('',(6.9065826,-153.999460664,255.327441752));
#2052=CARTESIAN_POINT('',(6.268748627,-152.512809137,255.731626388));
#2053=CARTESIAN_POINT('',(6.025669502,-151.739177432,255.941958159));
#2054=CARTESIAN_POINT('',(5.700504558,-150.160956587,256.37103828));
#2055=CARTESIAN_POINT('',(5.61842678,-149.356406471,256.58977602));
#2056=CARTESIAN_POINT('',(5.618426775,-148.551836461,256.808519169));
#2057=CARTESIAN_POINT('',(18.351386138,-161.557705972,256.453593992));
#2058=CARTESIAN_POINT('',(17.518015899,-161.557705971,256.453593992));
#2059=CARTESIAN_POINT('',(16.684666267,-161.477276218,256.470158062));
#2060=CARTESIAN_POINT('',(15.049951741,-161.158640198,256.535779417));
#2061=CARTESIAN_POINT('',(14.248627267,-160.920441809,256.584835079));
#2062=CARTESIAN_POINT('',(12.708759853,-160.295414772,256.713555998));
#2063=CARTESIAN_POINT('',(11.970254989,-159.908601578,256.793218072));
#2064=CARTESIAN_POINT('',(10.584410928,-159.001202962,256.980091882));
#2065=CARTESIAN_POINT('',(9.937106,-158.480639977,257.087298997));
#2066=CARTESIAN_POINT('',(8.758542503,-157.325740603,257.325144243));
#2067=CARTESIAN_POINT('',(8.227313076,-156.69143277,257.455776491));
#2068=CARTESIAN_POINT('',(7.301321676,-155.333414772,257.735452913));
#2069=CARTESIAN_POINT('',(6.9065826,-154.609738185,257.88449017));
#2070=CARTESIAN_POINT('',(6.268748627,-153.100789433,258.19524996));
#2071=CARTESIAN_POINT('',(6.025669502,-152.315554578,258.356964808));
#2072=CARTESIAN_POINT('',(5.700504558,-150.713663126,258.686865641));
#2073=CARTESIAN_POINT('',(5.61842678,-149.897046138,258.855043469));
#2074=CARTESIAN_POINT('',(5.618426775,-149.080408956,259.023225456));
#2075=CARTESIAN_POINT('',(18.351386138,-161.845340368,257.968843077));
#2076=CARTESIAN_POINT('',(17.518015916,-161.845340368,257.968843074));
#2077=CARTESIAN_POINT('',(16.684666301,-161.764428688,257.982868184));
#2078=CARTESIAN_POINT('',(15.049951806,-161.443883433,258.038431027));
#2079=CARTESIAN_POINT('',(14.248627347,-161.204257785,258.079967386));
#2080=CARTESIAN_POINT('',(12.708759959,-160.575485651,258.18895783));
#2081=CARTESIAN_POINT('',(11.970255106,-160.186354712,258.256409219));
#2082=CARTESIAN_POINT('',(10.584411063,-159.273519058,258.414638821));
#2083=CARTESIAN_POINT('',(9.93710614,-158.749836913,258.505413121));
#2084=CARTESIAN_POINT('',(8.758542648,-157.588017498,258.706801207));
#2085=CARTESIAN_POINT('',(8.227313221,-156.949908957,258.817410013));
#2086=CARTESIAN_POINT('',(7.301321812,-155.58375385,259.054217352));
#2087=CARTESIAN_POINT('',(6.906582727,-154.855741064,259.18041003));
#2088=CARTESIAN_POINT('',(6.268748731,-153.337750835,259.44353625));
#2089=CARTESIAN_POINT('',(6.025669591,-152.547810927,259.580463286));
#2090=CARTESIAN_POINT('',(5.700504608,-150.936321088,259.859796593));
#2091=CARTESIAN_POINT('',(5.618426806,-150.114811004,260.002195958));
#2092=CARTESIAN_POINT('',(5.618426775,-149.293280603,260.144598845));
#2093=CARTESIAN_POINT('',(18.351386138,-162.169663833,260.266274666));
#2094=CARTESIAN_POINT('',(17.518015916,-162.169663833,260.266274662));
#2095=CARTESIAN_POINT('',(16.684666301,-162.088211736,260.276471581));
#2096=CARTESIAN_POINT('',(15.049951805,-161.765525527,260.316868405));
#2097=CARTESIAN_POINT('',(14.248627347,-161.524299395,260.34706731));
#2098=CARTESIAN_POINT('',(12.708759959,-160.891327628,260.426308538));
#2099=CARTESIAN_POINT('',(11.970255105,-160.499597645,260.475348901));
#2100=CARTESIAN_POINT('',(10.584411062,-159.580665069,260.590389338));
#2101=CARTESIAN_POINT('',(9.937106139,-159.053485198,260.656386567));
#2102=CARTESIAN_POINT('',(8.758542647,-157.883905875,260.802805274));
#2103=CARTESIAN_POINT('',(8.22731322,-157.241535343,260.883223131));
#2104=CARTESIAN_POINT('',(7.301321811,-155.866255548,261.055393319));
#2105=CARTESIAN_POINT('',(6.906582727,-155.133380292,261.147141392));
#2106=CARTESIAN_POINT('',(6.26874873,-153.605251253,261.338446657));
#2107=CARTESIAN_POINT('',(6.02566959,-152.810035257,261.437999119));
#2108=CARTESIAN_POINT('',(5.700504608,-151.187782115,261.641087709));
#2109=CARTESIAN_POINT('',(5.618426806,-150.360785083,261.744618814));
#2110=CARTESIAN_POINT('',(5.618426775,-149.533767597,261.848152481));
#2111=CARTESIAN_POINT('',(18.351386138,-162.259973911,261.036502284));
#2112=CARTESIAN_POINT('',(17.518015899,-162.259973911,261.036502284));
#2113=CARTESIAN_POINT('',(16.684666267,-162.178371875,261.045419374));
#2114=CARTESIAN_POINT('',(15.049951739,-161.855091661,261.080745928));
#2115=CARTESIAN_POINT('',(14.248627266,-161.613421475,261.107154519));
#2116=CARTESIAN_POINT('',(12.708759852,-160.979284523,261.176450047));
#2117=CARTESIAN_POINT('',(11.970254987,-160.586833437,261.219335272));
#2118=CARTESIAN_POINT('',(10.584410926,-159.666209274,261.319936785));
#2119=CARTESIAN_POINT('',(9.937105998,-159.138058963,261.377650588));
#2120=CARTESIAN_POINT('',(8.7585425,-157.96632666,261.505692028));
#2121=CARTESIAN_POINT('',(8.227313074,-157.322773643,261.576016499));
#2122=CARTESIAN_POINT('',(7.301321674,-155.944962215,261.726577304));
#2123=CARTESIAN_POINT('',(6.906582598,-155.210737874,261.806809915));
#2124=CARTESIAN_POINT('',(6.268748625,-153.679795842,261.974104118));
#2125=CARTESIAN_POINT('',(6.025669501,-152.883116006,262.061161574));
#2126=CARTESIAN_POINT('',(5.700504558,-151.257876612,262.238760152));
#2127=CARTESIAN_POINT('',(5.618426779,-150.429357241,262.329296884));
#2128=CARTESIAN_POINT('',(5.618426775,-149.600817382,262.419835854));
#2129=CARTESIAN_POINT('',(18.351386138,-162.404490402,262.582356179));
#2130=CARTESIAN_POINT('',(17.518015899,-162.404490402,262.58235618));
#2131=CARTESIAN_POINT('',(16.684666267,-162.322649557,262.588718795));
#2132=CARTESIAN_POINT('',(15.049951739,-161.998423261,262.613925367));
#2133=CARTESIAN_POINT('',(14.248627266,-161.756045826,262.6327687));
#2134=CARTESIAN_POINT('',(12.708759852,-161.120053067,262.682213169));
#2135=CARTESIAN_POINT('',(11.970254987,-160.72645347,262.712813082));
#2136=CARTESIAN_POINT('',(10.584410926,-159.803135095,262.784595325));
#2137=CARTESIAN_POINT('',(9.937105998,-159.273439147,262.82577588));
#2138=CARTESIAN_POINT('',(8.758542501,-158.098277762,262.917137346));
#2139=CARTESIAN_POINT('',(8.227313074,-157.452841382,262.967315997));
#2140=CARTESIAN_POINT('',(7.301321674,-156.07099778,263.074745715));
#2141=CARTESIAN_POINT('',(6.906582598,-155.334624726,263.131994125));
#2142=CARTESIAN_POINT('',(6.268748625,-153.799202381,263.251363633));
#2143=CARTESIAN_POINT('',(6.025669501,-153.000191056,263.313481778));
#2144=CARTESIAN_POINT('',(5.700504558,-151.370195387,263.44020377));
#2145=CARTESIAN_POINT('',(5.618426779,-150.539251348,263.504804485));
#2146=CARTESIAN_POINT('',(5.618426775,-149.708286761,263.569406796));
#2147=CARTESIAN_POINT('',(18.351386138,-162.458349208,263.35405542));
#2148=CARTESIAN_POINT('',(17.518015897,-162.458349208,263.35405542));
#2149=CARTESIAN_POINT('',(16.684666262,-162.376420058,263.359149907));
#2150=CARTESIAN_POINT('',(15.04995173,-162.051843923,263.379332574));
#2151=CARTESIAN_POINT('',(14.248627254,-161.809204964,263.394420255));
#2152=CARTESIAN_POINT('',(12.708759836,-161.172525973,263.434009981));
#2153=CARTESIAN_POINT('',(11.97025497,-160.778501684,263.458511046));
#2154=CARTESIAN_POINT('',(10.584410906,-159.854187054,263.51598642));
#2155=CARTESIAN_POINT('',(9.937105977,-159.323919568,263.548959307));
#2156=CARTESIAN_POINT('',(8.758542479,-158.147490191,263.622111581));
#2157=CARTESIAN_POINT('',(8.227313053,-157.501357389,263.66228916));
#2158=CARTESIAN_POINT('',(7.301321654,-156.118022787,263.748307135));
#2159=CARTESIAN_POINT('',(6.906582579,-155.380855192,263.794145404));
#2160=CARTESIAN_POINT('',(6.26874861,-153.843776137,263.889723457));
#2161=CARTESIAN_POINT('',(6.025669488,-153.043902685,263.939460878));
#2162=CARTESIAN_POINT('',(5.70050455,-151.412148263,264.040925997));
#2163=CARTESIAN_POINT('',(5.618426775,-150.580307643,264.092651188));
#2164=CARTESIAN_POINT('',(5.618426775,-149.748446453,264.144377657));
#2165=CARTESIAN_POINT('',(18.351386138,-162.566504773,265.663547776));
#2166=CARTESIAN_POINT('',(17.518015897,-162.566504773,265.663547776));
#2167=CARTESIAN_POINT('',(16.684666262,-162.484399316,265.664877503));
#2168=CARTESIAN_POINT('',(15.04995173,-162.159124711,265.670145439));
#2169=CARTESIAN_POINT('',(14.248627254,-161.915963607,265.674083518));
#2170=CARTESIAN_POINT('',(12.708759836,-161.277914517,265.684416947));
#2171=CARTESIAN_POINT('',(11.97025497,-160.88304231,265.69081204));
#2172=CARTESIAN_POINT('',(10.584410906,-159.956738605,265.705813853));
#2173=CARTESIAN_POINT('',(9.937105977,-159.425330013,265.714420202));
#2174=CARTESIAN_POINT('',(8.758542479,-158.246369024,265.733513888));
#2175=CARTESIAN_POINT('',(8.227313053,-157.59884578,265.744000754));
#2176=CARTESIAN_POINT('',(7.301321654,-156.212534318,265.766452553));
#2177=CARTESIAN_POINT('',(6.906582579,-155.473780378,265.778416932));
#2178=CARTESIAN_POINT('',(6.26874861,-153.933393614,265.803364035));
#2179=CARTESIAN_POINT('',(6.025669488,-153.131798878,265.816346143));
#2180=CARTESIAN_POINT('',(5.70050455,-151.496533011,265.842829847));
#2181=CARTESIAN_POINT('',(5.618426775,-150.662902315,265.856330788));
#2182=CARTESIAN_POINT('',(5.618426775,-149.829251005,265.869832063));
#2183=CARTESIAN_POINT('',(18.351386138,-162.56734232,267.195631638));
#2184=CARTESIAN_POINT('',(17.518016265,-162.56734232,267.195631622));
#2185=CARTESIAN_POINT('',(16.684666998,-162.485237857,267.194504997));
#2186=CARTESIAN_POINT('',(15.04995316,-162.159967188,267.190041711));
#2187=CARTESIAN_POINT('',(14.24862901,-161.916809025,267.186705161));
#2188=CARTESIAN_POINT('',(12.708762162,-161.278767646,267.177950143));
#2189=CARTESIAN_POINT('',(11.970257539,-160.883900207,267.172531891));
#2190=CARTESIAN_POINT('',(10.584413847,-159.957607669,267.15982159));
#2191=CARTESIAN_POINT('',(9.937109045,-159.426205475,267.152529856));
#2192=CARTESIAN_POINT('',(8.758545659,-158.247258649,267.136352722));
#2193=CARTESIAN_POINT('',(8.227316217,-157.59974317,267.127467723));
#2194=CARTESIAN_POINT('',(7.301324626,-156.213448282,267.108445433));
#2195=CARTESIAN_POINT('',(6.906585375,-155.474703152,267.098308614));
#2196=CARTESIAN_POINT('',(6.268750886,-153.93433469,267.077172184));
#2197=CARTESIAN_POINT('',(6.025671421,-153.132749446,267.066173097));
#2198=CARTESIAN_POINT('',(5.700505634,-151.497502854,267.043734787));
#2199=CARTESIAN_POINT('',(5.618427354,-150.66388194,267.03229612));
#2200=CARTESIAN_POINT('',(5.618426775,-149.830240356,267.020857171));
#2201=CARTESIAN_POINT('',(18.351386138,-162.469879409,269.476447597));
#2202=CARTESIAN_POINT('',(17.518016264,-162.469879411,269.476447556));
#2203=CARTESIAN_POINT('',(16.684666996,-162.387927344,269.471754611));
#2204=CARTESIAN_POINT('',(15.049953157,-162.063260412,269.453162801));
#2205=CARTESIAN_POINT('',(14.248629006,-161.820553575,269.439264395));
#2206=CARTESIAN_POINT('',(12.708762156,-161.183696463,269.402795329));
#2207=CARTESIAN_POINT('',(11.970257533,-160.789561935,269.38022557));
#2208=CARTESIAN_POINT('',(10.58441384,-159.864988684,269.327280733));
#2209=CARTESIAN_POINT('',(9.937109038,-159.334572822,269.296906963));
#2210=CARTESIAN_POINT('',(8.758545651,-158.157814231,269.229520992));
#2211=CARTESIAN_POINT('',(8.227316209,-157.511500601,269.192510457));
#2212=CARTESIAN_POINT('',(7.301324619,-156.127778804,269.113272956));
#2213=CARTESIAN_POINT('',(6.906585368,-155.390404853,269.07104795));
#2214=CARTESIAN_POINT('',(6.268750881,-153.852895457,268.983003969));
#2215=CARTESIAN_POINT('',(6.025671416,-153.052798028,268.937187172));
#2216=CARTESIAN_POINT('',(5.700505632,-151.420586603,268.843720188));
#2217=CARTESIAN_POINT('',(5.618427352,-150.588512966,268.796072313));
#2218=CARTESIAN_POINT('',(5.618426775,-149.756418696,268.748423261));
#2219=CARTESIAN_POINT('',(18.351386138,-162.420705748,270.235544199));
#2220=CARTESIAN_POINT('',(17.518015897,-162.420705748,270.235544199));
#2221=CARTESIAN_POINT('',(16.684666262,-162.33883011,270.229677097));
#2222=CARTESIAN_POINT('',(15.04995173,-162.014465974,270.206433584));
#2223=CARTESIAN_POINT('',(14.248627254,-161.771985495,270.189057747));
#2224=CARTESIAN_POINT('',(12.708759836,-161.135722354,270.143463956));
#2225=CARTESIAN_POINT('',(11.97025497,-160.741955424,270.115247129));
#2226=CARTESIAN_POINT('',(10.584410906,-159.818244514,270.049055204));
#2227=CARTESIAN_POINT('',(9.937105977,-159.288323374,270.011081742));
#2228=CARTESIAN_POINT('',(8.758542479,-158.112662388,269.926835402));
#2229=CARTESIAN_POINT('',(8.227313053,-157.466951611,269.880564605));
#2230=CARTESIAN_POINT('',(7.301321654,-156.084520539,269.781501388));
#2231=CARTESIAN_POINT('',(6.906582579,-155.347834428,269.728711417));
#2232=CARTESIAN_POINT('',(6.26874861,-153.811759324,269.618638269));
#2233=CARTESIAN_POINT('',(6.025669488,-153.012408312,269.561357812));
#2234=CARTESIAN_POINT('',(5.70050455,-151.381719679,269.444504781));
#2235=CARTESIAN_POINT('',(5.618426775,-150.550422379,269.384935095));
#2236=CARTESIAN_POINT('',(5.618426775,-149.719104523,269.325363936));
#2237=CARTESIAN_POINT('',(18.351386138,-162.292756872,271.731375255));
#2238=CARTESIAN_POINT('',(17.518015897,-162.292756872,271.731375255));
#2239=CARTESIAN_POINT('',(16.684666262,-162.211074213,271.723252074));
#2240=CARTESIAN_POINT('',(15.04995173,-161.887474592,271.691070722));
#2241=CARTESIAN_POINT('',(14.248627254,-161.645565632,271.667013347));
#2242=CARTESIAN_POINT('',(12.708759836,-161.010802143,271.603887355));
#2243=CARTESIAN_POINT('',(11.97025497,-160.617963309,271.564820298));
#2244=CARTESIAN_POINT('',(10.584410906,-159.696429555,271.473175562));
#2245=CARTESIAN_POINT('',(9.937105977,-159.167757422,271.420600149));
#2246=CARTESIAN_POINT('',(8.758542479,-157.99486743,271.303958524));
#2247=CARTESIAN_POINT('',(8.227313053,-157.350678573,271.239895198));
#2248=CARTESIAN_POINT('',(7.301321654,-155.971505847,271.102739157));
#2249=CARTESIAN_POINT('',(6.906582579,-155.236556081,271.029649835));
#2250=CARTESIAN_POINT('',(6.26874861,-153.704101456,270.877250209));
#2251=CARTESIAN_POINT('',(6.025669488,-152.906634489,270.797943673));
#2252=CARTESIAN_POINT('',(5.70050455,-151.279789336,270.636157092));
#2253=CARTESIAN_POINT('',(5.618426775,-150.450451376,270.553681048));
#2254=CARTESIAN_POINT('',(5.618426775,-149.621092909,270.471202964));
#2255=CARTESIAN_POINT('',(18.351386138,-162.214029405,272.469974532));
#2256=CARTESIAN_POINT('',(17.518015897,-162.214029405,272.469974532));
#2257=CARTESIAN_POINT('',(16.684666262,-162.132463246,272.4607628));
#2258=CARTESIAN_POINT('',(15.04995173,-161.809325164,272.424268971));
#2259=CARTESIAN_POINT('',(14.248627255,-161.56776123,272.396987776));
#2260=CARTESIAN_POINT('',(12.708759837,-160.93390308,272.325402554));
#2261=CARTESIAN_POINT('',(11.97025497,-160.541624537,272.281100298));
#2262=CARTESIAN_POINT('',(10.584410907,-159.621405133,272.177174664));
#2263=CARTESIAN_POINT('',(9.937105978,-159.093487026,272.117553856));
#2264=CARTESIAN_POINT('',(8.75854248,-157.922269884,271.985281614));
#2265=CARTESIAN_POINT('',(8.227313054,-157.278999809,271.91263345));
#2266=CARTESIAN_POINT('',(7.301321655,-155.901794146,271.757097748));
#2267=CARTESIAN_POINT('',(6.90658258,-155.167892612,271.674214056));
#2268=CARTESIAN_POINT('',(6.268748611,-153.63762367,271.501392043));
#2269=CARTESIAN_POINT('',(6.025669488,-152.8412941,271.411457996));
#2270=CARTESIAN_POINT('',(5.700504551,-151.216769256,271.227991125));
#2271=CARTESIAN_POINT('',(5.618426775,-150.388614151,271.134462839));
#2272=CARTESIAN_POINT('',(5.618426775,-149.560438567,271.040932239));
#2273=CARTESIAN_POINT('',(18.351386138,-161.937665043,274.661788554));
#2274=CARTESIAN_POINT('',(17.518015897,-161.937665043,274.661788554));
#2275=CARTESIAN_POINT('',(16.684666262,-161.856498373,274.649408522));
#2276=CARTESIAN_POINT('',(15.04995173,-161.534942932,274.600362942));
#2277=CARTESIAN_POINT('',(14.248627255,-161.294562113,274.563698606));
#2278=CARTESIAN_POINT('',(12.708759837,-160.663808426,274.46749224));
#2279=CARTESIAN_POINT('',(11.97025497,-160.273451156,274.407952589));
#2280=CARTESIAN_POINT('',(10.584410907,-159.357738735,274.268282593));
#2281=CARTESIAN_POINT('',(9.937105978,-158.832406226,274.188155703));
#2282=CARTESIAN_POINT('',(8.75854248,-157.666925385,274.010389517));
#2283=CARTESIAN_POINT('',(8.227313054,-157.026805871,273.912754619));
#2284=CARTESIAN_POINT('',(7.301321655,-155.656345384,273.703723698));
#2285=CARTESIAN_POINT('',(6.90658258,-154.926038298,273.592332846));
#2286=CARTESIAN_POINT('',(6.268748611,-153.403264194,273.360070132));
#2287=CARTESIAN_POINT('',(6.025669488,-152.610834829,273.239204013));
#2288=CARTESIAN_POINT('',(5.700504551,-150.994266463,272.992635231));
#2289=CARTESIAN_POINT('',(5.618426775,-150.170167434,272.866938664));
#2290=CARTESIAN_POINT('',(5.618426775,-149.346048028,272.741238989));
#2291=CARTESIAN_POINT('',(18.351386138,-161.70008096,276.091208363));
#2292=CARTESIAN_POINT('',(17.518015897,-161.70008096,276.091208363));
#2293=CARTESIAN_POINT('',(16.684666263,-161.619246624,276.076844959));
#2294=CARTESIAN_POINT('',(15.049951732,-161.299007781,276.019941914));
#2295=CARTESIAN_POINT('',(14.248627256,-161.059611193,275.977403679));
#2296=CARTESIAN_POINT('',(12.708759839,-160.431440106,275.86578434));
#2297=CARTESIAN_POINT('',(11.970254973,-160.042681141,275.796705995));
#2298=CARTESIAN_POINT('',(10.58441091,-159.130718073,275.634659831));
#2299=CARTESIAN_POINT('',(9.937105981,-158.60753652,275.541696018));
#2300=CARTESIAN_POINT('',(8.758542483,-157.4468277,275.335450372));
#2301=CARTESIAN_POINT('',(8.227313056,-156.809329134,275.222173639));
#2302=CARTESIAN_POINT('',(7.301321658,-155.444479951,274.979654415));
#2303=CARTESIAN_POINT('',(6.906582582,-154.717163083,274.850417922));
#2304=CARTESIAN_POINT('',(6.268748613,-153.200623926,274.580944999));
#2305=CARTESIAN_POINT('',(6.02566949,-152.411439136,274.440715232));
#2306=CARTESIAN_POINT('',(5.700504552,-150.801489753,274.154644303));
#2307=CARTESIAN_POINT('',(5.618426776,-149.98076497,274.008810214));
#2308=CARTESIAN_POINT('',(5.618426775,-149.160019892,273.862972519));
#2309=CARTESIAN_POINT('',(18.351386138,-161.132184871,278.901399777));
#2310=CARTESIAN_POINT('',(17.518015897,-161.132184871,278.901399777));
#2311=CARTESIAN_POINT('',(16.684666263,-161.05211627,278.883247193));
#2312=CARTESIAN_POINT('',(15.049951732,-160.734911013,278.811332675));
#2313=CARTESIAN_POINT('',(14.248627256,-160.4977822,278.757572519));
#2314=CARTESIAN_POINT('',(12.708759839,-159.875561706,278.616507117));
#2315=CARTESIAN_POINT('',(11.970254973,-159.49048541,278.52920536));
#2316=CARTESIAN_POINT('',(10.58441091,-158.587161263,278.324410139));
#2317=CARTESIAN_POINT('',(9.937105981,-158.068935749,278.206921739));
#2318=CARTESIAN_POINT('',(8.758542483,-156.91922219,277.946266864));
#2319=CARTESIAN_POINT('',(8.227313056,-156.287762574,277.803106834));
#2320=CARTESIAN_POINT('',(7.301321658,-154.935842451,277.496609126));
#2321=CARTESIAN_POINT('',(6.906582582,-154.215415372,277.333279027));
#2322=CARTESIAN_POINT('',(6.268748613,-152.713242215,276.99271702));
#2323=CARTESIAN_POINT('',(6.02566949,-151.931533282,276.815493535));
#2324=CARTESIAN_POINT('',(5.700504552,-150.336834765,276.453954837));
#2325=CARTESIAN_POINT('',(5.618426776,-149.523884613,276.269648565));
#2326=CARTESIAN_POINT('',(5.618426775,-148.710914359,276.085337736));
#2327=CARTESIAN_POINT('',(18.351386138,-160.801763517,280.282080276));
#2328=CARTESIAN_POINT('',(17.518015897,-160.801763517,280.282080276));
#2329=CARTESIAN_POINT('',(16.684666262,-160.722128668,280.262122377));
#2330=CARTESIAN_POINT('',(15.049951731,-160.406641793,280.183055795));
#2331=CARTESIAN_POINT('',(14.248627255,-160.170797567,280.123949068));
#2332=CARTESIAN_POINT('',(12.708759837,-159.5519478,279.96885439));
#2333=CARTESIAN_POINT('',(11.970254971,-159.168957561,279.872870273));
#2334=CARTESIAN_POINT('',(10.584410908,-158.270526951,279.647707699));
#2335=CARTESIAN_POINT('',(9.937105979,-157.755108797,279.518534809));
#2336=CARTESIAN_POINT('',(8.758542481,-156.61162353,279.23195721));
#2337=CARTESIAN_POINT('',(8.227313055,-155.983584692,279.074559588));
#2338=CARTESIAN_POINT('',(7.301321656,-154.638988264,278.737579982));
#2339=CARTESIAN_POINT('',(6.906582581,-153.922463923,278.55800633));
#2340=CARTESIAN_POINT('',(6.268748612,-152.428428422,278.183574654));
#2341=CARTESIAN_POINT('',(6.025669489,-151.650954205,277.988725887));
#2342=CARTESIAN_POINT('',(5.700504551,-150.064894577,277.591231339));
#2343=CARTESIAN_POINT('',(5.618426776,-149.256348383,277.388595387));
#2344=CARTESIAN_POINT('',(5.618426775,-148.447782196,277.185954424));
#2345=CARTESIAN_POINT('',(18.351386138,-160.05544668,283.004393694));
#2346=CARTESIAN_POINT('',(17.518015897,-160.05544668,283.004393694));
#2347=CARTESIAN_POINT('',(16.684666262,-159.976767428,282.980950095));
#2348=CARTESIAN_POINT('',(15.049951731,-159.665066313,282.88807433));
#2349=CARTESIAN_POINT('',(14.248627255,-159.432052157,282.81864446));
#2350=CARTESIAN_POINT('',(12.708759837,-158.820628426,282.636462092));
#2351=CARTESIAN_POINT('',(11.970254971,-158.44223397,282.523714101));
#2352=CARTESIAN_POINT('',(10.584410908,-157.554584294,282.259226298));
#2353=CARTESIAN_POINT('',(9.937105979,-157.045351023,282.107493027));
#2354=CARTESIAN_POINT('',(8.758542481,-155.915587282,281.770863906));
#2355=CARTESIAN_POINT('',(8.227313055,-155.295084747,281.585976381));
#2356=CARTESIAN_POINT('',(7.301321656,-153.966623126,281.190142411));
#2357=CARTESIAN_POINT('',(6.906582581,-153.258696891,280.979205755));
#2358=CARTESIAN_POINT('',(6.268748612,-151.782589427,280.539378613));
#2359=CARTESIAN_POINT('',(6.025669489,-151.014444699,280.310499003));
#2360=CARTESIAN_POINT('',(5.700504551,-149.447417373,279.843581));
#2361=CARTESIAN_POINT('',(5.618426776,-148.648573524,279.605554152));
#2362=CARTESIAN_POINT('',(5.618426775,-147.849709921,279.367521418));
#2363=CARTESIAN_POINT('',(18.351386138,-159.639499976,284.345979614));
#2364=CARTESIAN_POINT('',(17.518015897,-159.639499976,284.345979614));
#2365=CARTESIAN_POINT('',(16.684666262,-159.561342725,284.320855888));
#2366=CARTESIAN_POINT('',(15.04995173,-159.251709606,284.221324013));
#2367=CARTESIAN_POINT('',(14.248627254,-159.020241393,284.146918325));
#2368=CARTESIAN_POINT('',(12.708759836,-158.412874181,283.951679529));
#2369=CARTESIAN_POINT('',(11.97025497,-158.0369902,283.830851249));
#2370=CARTESIAN_POINT('',(10.584410907,-157.155229677,283.547408449));
#2371=CARTESIAN_POINT('',(9.937105977,-156.649374938,283.384800939));
#2372=CARTESIAN_POINT('',(8.758542479,-155.527106666,283.024046684));
#2373=CARTESIAN_POINT('',(8.227313053,-154.910720884,282.82590886));
#2374=CARTESIAN_POINT('',(7.301321654,-153.591073003,282.401706733));
#2375=CARTESIAN_POINT('',(6.906582579,-152.887843537,282.17565292));
#2376=CARTESIAN_POINT('',(6.26874861,-151.421529376,281.704304771));
#2377=CARTESIAN_POINT('',(6.025669488,-150.65848094,281.459022091));
#2378=CARTESIAN_POINT('',(5.70050455,-149.10185013,280.958641565));
#2379=CARTESIAN_POINT('',(5.618426775,-148.308306247,280.703556093));
#2380=CARTESIAN_POINT('',(5.618426775,-147.514742741,280.448464313));
#2381=CARTESIAN_POINT('',(18.351386138,-158.725340105,286.996651646));
#2382=CARTESIAN_POINT('',(17.518015897,-158.725340105,286.996651646));
#2383=CARTESIAN_POINT('',(16.684666262,-158.648311571,286.968255127));
#2384=CARTESIAN_POINT('',(15.04995173,-158.34315005,286.855757531));
#2385=CARTESIAN_POINT('',(14.248627254,-158.115024609,286.771659236));
#2386=CARTESIAN_POINT('',(12.708759836,-157.516428754,286.550987263));
#2387=CARTESIAN_POINT('',(11.97025497,-157.14597314,286.414419043));
#2388=CARTESIAN_POINT('',(10.584410907,-156.276946653,286.094052994));
#2389=CARTESIAN_POINT('',(9.937105977,-155.778397268,285.910263087));
#2390=CARTESIAN_POINT('',(8.758542479,-154.67233635,285.50251445));
#2391=CARTESIAN_POINT('',(8.227313053,-154.064852167,285.278565801));
#2392=CARTESIAN_POINT('',(7.301321654,-152.764262118,284.799104126));
#2393=CARTESIAN_POINT('',(6.906582579,-152.071188413,284.543602955));
#2394=CARTESIAN_POINT('',(6.26874861,-150.62605018,284.010853686));
#2395=CARTESIAN_POINT('',(6.025669488,-149.874021387,283.733618761));
#2396=CARTESIAN_POINT('',(5.70050455,-148.339870822,283.168055154));
#2397=CARTESIAN_POINT('',(5.618426775,-147.557786985,282.879740456));
#2398=CARTESIAN_POINT('',(5.618426775,-146.775683809,282.59141863));
#2399=CARTESIAN_POINT('',(18.351386138,-158.227103617,288.305712357));
#2400=CARTESIAN_POINT('',(17.518015897,-158.227103617,288.305712357));
#2401=CARTESIAN_POINT('',(16.684666262,-158.150681866,288.275723314));
#2402=CARTESIAN_POINT('',(15.04995173,-157.847924221,288.156916667));
#2403=CARTESIAN_POINT('',(14.248627254,-157.621595813,288.068102));
#2404=CARTESIAN_POINT('',(12.708759836,-157.027715329,287.835054378));
#2405=CARTESIAN_POINT('',(11.97025497,-156.660177938,287.690827186));
#2406=CARTESIAN_POINT('',(10.584410906,-155.79799711,287.352494479));
#2407=CARTESIAN_POINT('',(9.937105977,-155.303374992,287.158397331));
#2408=CARTESIAN_POINT('',(8.758542479,-154.206026944,286.727781475));
#2409=CARTESIAN_POINT('',(8.227313053,-153.603328149,286.491273415));
#2410=CARTESIAN_POINT('',(7.301321654,-152.312983353,285.984922736));
#2411=CARTESIAN_POINT('',(6.906582579,-151.625369258,285.715092638));
#2412=CARTESIAN_POINT('',(6.26874861,-150.19161494,285.152465908));
#2413=CARTESIAN_POINT('',(6.025669488,-149.445510169,284.85968319));
#2414=CARTESIAN_POINT('',(5.70050455,-147.923444704,284.26240184));
#2415=CARTESIAN_POINT('',(5.618426775,-147.147521645,283.957917977));
#2416=CARTESIAN_POINT('',(5.618426775,-146.371579399,283.653426586));
#2417=CARTESIAN_POINT('',(18.351386138,-157.418187544,290.248310123));
#2418=CARTESIAN_POINT('',(17.518015897,-157.418187544,290.248310123));
#2419=CARTESIAN_POINT('',(16.684666262,-157.342741893,290.215976992));
#2420=CARTESIAN_POINT('',(15.04995173,-157.043851233,290.087883847));
#2421=CARTESIAN_POINT('',(14.248627254,-156.820413615,289.992127));
#2422=CARTESIAN_POINT('',(12.708759836,-156.234118496,289.740863258));
#2423=CARTESIAN_POINT('',(11.97025497,-155.871275493,289.585362576));
#2424=CARTESIAN_POINT('',(10.584410906,-155.020106908,289.220584161));
#2425=CARTESIAN_POINT('',(9.937105977,-154.531802372,289.011315448));
#2426=CARTESIAN_POINT('',(8.758542479,-153.448470252,288.54704059));
#2427=CARTESIAN_POINT('',(8.227313053,-152.853469454,288.292045925));
#2428=CARTESIAN_POINT('',(7.301321654,-151.579605644,287.746116447));
#2429=CARTESIAN_POINT('',(6.906582579,-150.90077413,287.455195133));
#2430=CARTESIAN_POINT('',(6.26874861,-149.485332503,286.848590798));
#2431=CARTESIAN_POINT('',(6.025669488,-148.748757388,286.532922778));
#2432=CARTESIAN_POINT('',(5.70050455,-147.246132571,285.888955051));
#2433=CARTESIAN_POINT('',(5.618426775,-146.480120024,285.560671268));
#2434=CARTESIAN_POINT('',(5.618426775,-145.714088535,285.232379368));
#2435=CARTESIAN_POINT('',(18.351386138,-157.138266856,290.892330004));
#2436=CARTESIAN_POINT('',(17.518015897,-157.138266856,290.892330004));
#2437=CARTESIAN_POINT('',(16.684666262,-157.063157605,290.859223024));
#2438=CARTESIAN_POINT('',(15.04995173,-156.765599651,290.728064144));
#2439=CARTESIAN_POINT('',(14.248627254,-156.543158306,290.630015486));
#2440=CARTESIAN_POINT('',(12.708759836,-155.959477384,290.372738088));
#2441=CARTESIAN_POINT('',(11.97025497,-155.59825224,290.213515708));
#2442=CARTESIAN_POINT('',(10.584410906,-154.75087888,289.840006817));
#2443=CARTESIAN_POINT('',(9.937105977,-154.264751617,289.625729542));
#2444=CARTESIAN_POINT('',(8.758542479,-153.186249903,289.150342896));
#2445=CARTESIAN_POINT('',(8.227313053,-152.593902119,288.889245281));
#2446=CARTESIAN_POINT('',(7.301321654,-151.325718265,288.330249722));
#2447=CARTESIAN_POINT('',(6.906582579,-150.649913554,288.032365602));
#2448=CARTESIAN_POINT('',(6.26874861,-149.240783156,287.411243016));
#2449=CARTESIAN_POINT('',(6.025669488,-148.507492313,287.08801991));
#2450=CARTESIAN_POINT('',(5.70050455,-147.011567461,286.428639691));
#2451=CARTESIAN_POINT('',(5.618426775,-146.248970442,286.092498882));
#2452=CARTESIAN_POINT('',(5.618426775,-145.486354566,285.756349761));
#2453=CARTESIAN_POINT('',(18.351386138,-156.702797564,291.853408052));
#2454=CARTESIAN_POINT('',(17.518015897,-156.702797564,291.853408052));
#2455=CARTESIAN_POINT('',(16.684666262,-156.628210135,291.819149414));
#2456=CARTESIAN_POINT('',(15.04995173,-156.332719467,291.683428047));
#2457=CARTESIAN_POINT('',(14.248627254,-156.111823535,291.581968673));
#2458=CARTESIAN_POINT('',(12.708759836,-155.53219774,291.315741634));
#2459=CARTESIAN_POINT('',(11.97025497,-155.17348221,291.150980551));
#2460=CARTESIAN_POINT('',(10.584410906,-154.331995982,290.764478796));
#2461=CARTESIAN_POINT('',(9.937105977,-153.849246092,290.54274768));
#2462=CARTESIAN_POINT('',(8.758542479,-152.778237275,290.050824255));
#2463=CARTESIAN_POINT('',(8.227313053,-152.190004831,289.780644109));
#2464=CARTESIAN_POINT('',(7.301321654,-150.930631694,289.202203355));
#2465=CARTESIAN_POINT('',(6.906582579,-150.25952214,288.89395705));
#2466=CARTESIAN_POINT('',(6.26874861,-148.860181685,288.251228121));
#2467=CARTESIAN_POINT('',(6.025669488,-148.131985385,287.91676139));
#2468=CARTESIAN_POINT('',(5.70050455,-146.646453481,287.234443998));
#2469=CARTESIAN_POINT('',(5.618426775,-145.88915461,286.88661021));
#2470=CARTESIAN_POINT('',(5.618426775,-145.131837013,286.53876782));
#2471=CARTESIAN_POINT('',(18.351386138,-156.555041673,292.172941767));
#2472=CARTESIAN_POINT('',(17.518016161,-156.555041703,292.172941703));
#2473=CARTESIAN_POINT('',(16.684666791,-156.480631166,292.138300657));
#2474=CARTESIAN_POINT('',(15.049952757,-156.185841224,292.001064443));
#2475=CARTESIAN_POINT('',(14.248628516,-155.965469107,291.898472669));
#2476=CARTESIAN_POINT('',(12.708761507,-155.387217767,291.629274276));
#2477=CARTESIAN_POINT('',(11.970256816,-155.029352842,291.462674315));
#2478=CARTESIAN_POINT('',(10.584413019,-154.189861966,291.071858881));
#2479=CARTESIAN_POINT('',(9.937108182,-153.708256772,290.847653072));
#2480=CARTESIAN_POINT('',(8.758544764,-152.639787502,290.350239405));
#2481=CARTESIAN_POINT('',(8.227315326,-152.052949845,290.077043847));
#2482=CARTESIAN_POINT('',(7.301323789,-150.796562831,289.492147263));
#2483=CARTESIAN_POINT('',(6.906584588,-150.127044539,289.1804607));
#2484=CARTESIAN_POINT('',(6.268750246,-148.731021998,288.530558433));
#2485=CARTESIAN_POINT('',(6.025670877,-148.004552268,288.192358798));
#2486=CARTESIAN_POINT('',(5.700505329,-146.522542529,287.502426211));
#2487=CARTESIAN_POINT('',(5.618427191,-145.767039166,287.150710318));
#2488=CARTESIAN_POINT('',(5.618426775,-145.011517082,286.798985717));
#2489=CARTESIAN_POINT('',(18.351386138,-156.254289133,292.810401503));
#2490=CARTESIAN_POINT('',(17.518016161,-156.254289165,292.810401435));
#2491=CARTESIAN_POINT('',(16.68466679,-156.180238145,292.774998377));
#2492=CARTESIAN_POINT('',(15.049952756,-155.886872484,292.634743332));
#2493=CARTESIAN_POINT('',(14.248628514,-155.667565096,292.529894812));
#2494=CARTESIAN_POINT('',(12.708761504,-155.09210758,292.254774776));
#2495=CARTESIAN_POINT('',(11.970256812,-154.73597168,292.084510063));
#2496=CARTESIAN_POINT('',(10.584413015,-153.900536804,291.685097738));
#2497=CARTESIAN_POINT('',(9.937108178,-153.421258486,291.455960003));
#2498=CARTESIAN_POINT('',(8.75854476,-152.357951523,290.947604571));
#2499=CARTESIAN_POINT('',(8.227315322,-151.773949172,290.668399444));
#2500=CARTESIAN_POINT('',(7.301323786,-150.523632388,290.070636708));
#2501=CARTESIAN_POINT('',(6.906584584,-149.857348872,289.752093879));
#2502=CARTESIAN_POINT('',(6.268750243,-148.46807121,289.087895509));
#2503=CARTESIAN_POINT('',(6.025670874,-147.745111415,288.742256392));
#2504=CARTESIAN_POINT('',(5.700505328,-146.270262001,288.037147145));
#2505=CARTESIAN_POINT('',(5.61842719,-145.518408849,287.677694449));
#2506=CARTESIAN_POINT('',(5.618426775,-144.766537067,287.318232854));
#2507=CARTESIAN_POINT('',(18.351386138,-156.101181663,293.128545996));
#2508=CARTESIAN_POINT('',(17.518015934,-156.101181659,293.128546004));
#2509=CARTESIAN_POINT('',(16.684666337,-156.027313396,293.092763098));
#2510=CARTESIAN_POINT('',(15.049951876,-155.734671829,292.951003067));
#2511=CARTESIAN_POINT('',(14.248627434,-155.515905762,292.845029449));
#2512=CARTESIAN_POINT('',(12.708760073,-154.941868686,292.566957129));
#2513=CARTESIAN_POINT('',(11.970255232,-154.586611871,292.394865305));
#2514=CARTESIAN_POINT('',(10.584411207,-153.753239208,291.99116686));
#2515=CARTESIAN_POINT('',(9.93710629,-153.275143965,291.759570221));
#2516=CARTESIAN_POINT('',(8.758542804,-152.214461754,291.245759554));
#2517=CARTESIAN_POINT('',(8.227313376,-151.631901014,290.963558229));
#2518=CARTESIAN_POINT('',(7.301321958,-150.384670675,290.359380793));
#2519=CARTESIAN_POINT('',(6.906582865,-149.720031918,290.03741962));
#2520=CARTESIAN_POINT('',(6.268748843,-148.334183809,289.366093613));
#2521=CARTESIAN_POINT('',(6.025669685,-147.613008727,289.016745378));
#2522=CARTESIAN_POINT('',(5.700504661,-146.14180021,288.30406948));
#2523=CARTESIAN_POINT('',(5.618426834,-145.391803154,287.940759438));
#2524=CARTESIAN_POINT('',(5.618426775,-144.641787547,287.57744041));
#2525=CARTESIAN_POINT('',(18.351386138,-155.32490899,294.710333674));
#2526=CARTESIAN_POINT('',(17.518015934,-155.324908986,294.710333681));
#2527=CARTESIAN_POINT('',(16.684666337,-155.251967031,294.672663262));
#2528=CARTESIAN_POINT('',(15.049951876,-154.962995192,294.523425537));
#2529=CARTESIAN_POINT('',(14.248627434,-154.746972452,294.411861921));
#2530=CARTESIAN_POINT('',(12.708760074,-154.180133805,294.119121579));
#2531=CARTESIAN_POINT('',(11.970255233,-153.829331912,293.937952092));
#2532=CARTESIAN_POINT('',(10.584411208,-153.006409746,293.51295898));
#2533=CARTESIAN_POINT('',(9.937106292,-152.53430982,293.269145864));
#2534=CARTESIAN_POINT('',(8.758542805,-151.486928569,292.728232227));
#2535=CARTESIAN_POINT('',(8.227313377,-150.911673143,292.431145081));
#2536=CARTESIAN_POINT('',(7.301321959,-149.680083079,291.795097925));
#2537=CARTESIAN_POINT('',(6.906582866,-149.023778894,291.456153642));
#2538=CARTESIAN_POINT('',(6.268748843,-147.655309327,290.7494159));
#2539=CARTESIAN_POINT('',(6.025669686,-146.943177783,290.381639917));
#2540=CARTESIAN_POINT('',(5.700504661,-145.490418226,289.631371122));
#2541=CARTESIAN_POINT('',(5.618426835,-144.749826136,289.248896862));
#2542=CARTESIAN_POINT('',(5.618426775,-144.009215728,288.866413141));
#2543=CARTESIAN_POINT('',(18.351386138,-154.66823636,295.950310322));
#2544=CARTESIAN_POINT('',(17.518015897,-154.66823636,295.950310322));
#2545=CARTESIAN_POINT('',(16.684666262,-154.596075826,295.911164398));
#2546=CARTESIAN_POINT('',(15.04995173,-154.310199713,295.756081224));
#2547=CARTESIAN_POINT('',(14.248627254,-154.096491202,295.640147809));
#2548=CARTESIAN_POINT('',(12.708759836,-153.535725035,295.335941221));
#2549=CARTESIAN_POINT('',(11.97025497,-153.188681245,295.147675571));
#2550=CARTESIAN_POINT('',(10.584410906,-152.374574953,294.706036058));
#2551=CARTESIAN_POINT('',(9.937105977,-151.907532581,294.452673115));
#2552=CARTESIAN_POINT('',(8.758542479,-150.871371813,293.890572635));
#2553=CARTESIAN_POINT('',(8.227313053,-150.302279036,293.581848996));
#2554=CARTESIAN_POINT('',(7.301321654,-149.083882868,292.920888756));
#2555=CARTESIAN_POINT('',(6.906582579,-148.434609603,292.568668497));
#2556=CARTESIAN_POINT('',(6.26874861,-147.080800317,291.834248827));
#2557=CARTESIAN_POINT('',(6.025669488,-146.376297771,291.452067576));
#2558=CARTESIAN_POINT('',(5.70050455,-144.939101499,290.672411813));
#2559=CARTESIAN_POINT('',(5.618426775,-144.20644331,290.274956579));
#2560=CARTESIAN_POINT('',(5.618426775,-143.473767004,289.877491518));
#2561=CARTESIAN_POINT('',(18.351386138,-153.283739478,298.38312759));
#2562=CARTESIAN_POINT('',(17.518015897,-153.283739478,298.38312759));
#2563=CARTESIAN_POINT('',(16.684666262,-153.213229702,298.34108098));
#2564=CARTESIAN_POINT('',(15.04995173,-152.933893343,298.174506249));
#2565=CARTESIAN_POINT('',(14.248627254,-152.725073666,298.049982247));
#2566=CARTESIAN_POINT('',(12.708759836,-152.177135687,297.723234158));
#2567=CARTESIAN_POINT('',(11.97025497,-151.838030934,297.521018151));
#2568=CARTESIAN_POINT('',(10.584410906,-151.042548284,297.04665345));
#2569=CARTESIAN_POINT('',(9.937105977,-150.586190059,296.774516486));
#2570=CARTESIAN_POINT('',(8.758542479,-149.573732691,296.170764742));
#2571=CARTESIAN_POINT('',(8.227313053,-149.017658584,295.839164892));
#2572=CARTESIAN_POINT('',(7.301321654,-147.827134667,295.129227947));
#2573=CARTESIAN_POINT('',(6.906582579,-147.192714295,294.750908407));
#2574=CARTESIAN_POINT('',(6.26874861,-145.869874995,293.96206874));
#2575=CARTESIAN_POINT('',(6.025669488,-145.181488777,293.551568118));
#2576=CARTESIAN_POINT('',(5.70050455,-143.777170067,292.714140393));
#2577=CARTESIAN_POINT('',(5.618426775,-143.061272299,292.287233997));
#2578=CARTESIAN_POINT('',(5.618426775,-142.345356829,291.860317046));
#2579=CARTESIAN_POINT('',(18.351386138,-152.555907061,299.575956073));
#2580=CARTESIAN_POINT('',(17.518015897,-152.555907061,299.575956073));
#2581=CARTESIAN_POINT('',(16.684666262,-152.486266632,299.532484323));
#2582=CARTESIAN_POINT('',(15.04995173,-152.210374336,299.360263662));
#2583=CARTESIAN_POINT('',(14.248627254,-152.004129291,299.231519009));
#2584=CARTESIAN_POINT('',(12.708759836,-151.462947085,298.89369603));
#2585=CARTESIAN_POINT('',(11.97025497,-151.128023306,298.684626058));
#2586=CARTESIAN_POINT('',(10.584410906,-150.34234852,298.194183109));
#2587=CARTESIAN_POINT('',(9.937105977,-149.891616939,297.91282226));
#2588=CARTESIAN_POINT('',(8.758542479,-148.891642613,297.288606788));
#2589=CARTESIAN_POINT('',(8.227313053,-148.342424593,296.945767601));
#2590=CARTESIAN_POINT('',(7.301321654,-147.16657918,296.211767858));
#2591=CARTESIAN_POINT('',(6.906582579,-146.539980861,295.820625451));
#2592=CARTESIAN_POINT('',(6.26874861,-145.233451441,295.005048634));
#2593=CARTESIAN_POINT('',(6.025669488,-144.553552645,294.58063439));
#2594=CARTESIAN_POINT('',(5.70050455,-143.16654841,293.714822659));
#2595=CARTESIAN_POINT('',(5.618426775,-142.459477267,293.273446581));
#2596=CARTESIAN_POINT('',(5.618426775,-141.75238864,292.832059588));
#2597=CARTESIAN_POINT('',(18.351386138,-151.027488945,301.916430581));
#2598=CARTESIAN_POINT('',(17.518015897,-151.027488945,301.916430581));
#2599=CARTESIAN_POINT('',(16.684666262,-150.959685294,301.870146163));
#2600=CARTESIAN_POINT('',(15.04995173,-150.691069706,301.686782642));
#2601=CARTESIAN_POINT('',(14.248627254,-150.490264411,301.549708073));
#2602=CARTESIAN_POINT('',(12.708759836,-149.963355981,301.190027588));
#2603=CARTESIAN_POINT('',(11.97025497,-149.637265876,300.967430566));
#2604=CARTESIAN_POINT('',(10.584410906,-148.8723134,300.445255436));
#2605=CARTESIAN_POINT('',(9.937105977,-148.433469944,300.14569024));
#2606=CARTESIAN_POINT('',(8.758542479,-147.459870116,299.481087364));
#2607=CARTESIAN_POINT('',(8.227313053,-146.925137819,299.116066116));
#2608=CARTESIAN_POINT('',(7.301321654,-145.780305535,298.334575808));
#2609=CARTESIAN_POINT('',(6.906582579,-145.170233857,297.918126071));
#2610=CARTESIAN_POINT('',(6.26874861,-143.89816438,297.049780566));
#2611=CARTESIAN_POINT('',(6.025669488,-143.236198034,296.59790627));
#2612=CARTESIAN_POINT('',(5.70050455,-141.88577628,295.676075598));
#2613=CARTESIAN_POINT('',(5.618426775,-141.197354263,295.206142018));
#2614=CARTESIAN_POINT('',(5.618426775,-140.508915223,294.736196817));
#2615=CARTESIAN_POINT('',(18.351386138,-150.226900338,303.06407223));
#2616=CARTESIAN_POINT('',(17.518016341,-150.226900346,303.064072218));
#2617=CARTESIAN_POINT('',(16.684667151,-150.160064214,303.016400332));
#2618=CARTESIAN_POINT('',(15.049953457,-149.895281597,302.82754014));
#2619=CARTESIAN_POINT('',(14.248629374,-149.697341659,302.686356505));
#2620=CARTESIAN_POINT('',(12.708762644,-149.177951847,302.315893929));
#2621=CARTESIAN_POINT('',(11.970258072,-148.856514815,302.086624148));
#2622=CARTESIAN_POINT('',(10.584414457,-148.102477645,301.54879584));
#2623=CARTESIAN_POINT('',(9.937109681,-147.669896151,301.240250613));
#2624=CARTESIAN_POINT('',(8.758546318,-146.710188818,300.555724992));
#2625=CARTESIAN_POINT('',(8.227316873,-146.183086709,300.179761526));
#2626=CARTESIAN_POINT('',(7.301325242,-145.054590189,299.3748445));
#2627=CARTESIAN_POINT('',(6.906585954,-144.453223681,298.945910844));
#2628=CARTESIAN_POINT('',(6.268751358,-143.199305415,298.051534891));
#2629=CARTESIAN_POINT('',(6.025671821,-142.546784662,297.586114708));
#2630=CARTESIAN_POINT('',(5.700505859,-141.215631976,296.636650156));
#2631=CARTESIAN_POINT('',(5.618427474,-140.537032957,296.152629264));
#2632=CARTESIAN_POINT('',(5.618426775,-139.858417102,295.668596364));
#2633=CARTESIAN_POINT('',(18.351386138,-148.549798562,305.314588866));
#2634=CARTESIAN_POINT('',(17.51801634,-148.549798588,305.314588832));
#2635=CARTESIAN_POINT('',(16.684667149,-148.485008278,305.264171642));
#2636=CARTESIAN_POINT('',(15.049953454,-148.228330495,305.06443551));
#2637=CARTESIAN_POINT('',(14.248629371,-148.036449368,304.915121509));
#2638=CARTESIAN_POINT('',(12.708762639,-147.532957722,304.523325054));
#2639=CARTESIAN_POINT('',(11.970258066,-147.221359654,304.280852288));
#2640=CARTESIAN_POINT('',(10.584414451,-146.490403026,303.712052011));
#2641=CARTESIAN_POINT('',(9.937109675,-146.071062542,303.385738565));
#2642=CARTESIAN_POINT('',(8.758546312,-145.140731157,302.661793119));
#2643=CARTESIAN_POINT('',(8.227316866,-144.62976326,302.26417902));
#2644=CARTESIAN_POINT('',(7.301325236,-143.535809192,301.412909193));
#2645=CARTESIAN_POINT('',(6.906585949,-142.952850071,300.959274513));
#2646=CARTESIAN_POINT('',(6.268751354,-141.737313317,300.013394091));
#2647=CARTESIAN_POINT('',(6.025671817,-141.10476574,299.521171738));
#2648=CARTESIAN_POINT('',(5.700505857,-139.814358647,298.517030338));
#2649=CARTESIAN_POINT('',(5.618427472,-139.156531037,298.005136121));
#2650=CARTESIAN_POINT('',(5.618426775,-138.498687105,297.493229207));
#2651=CARTESIAN_POINT('',(18.351386138,-147.673286321,306.417464809));
#2652=CARTESIAN_POINT('',(17.518015924,-147.673286323,306.417464807));
#2653=CARTESIAN_POINT('',(16.684666316,-147.609574297,306.365689822));
#2654=CARTESIAN_POINT('',(15.049951836,-147.357168365,306.160574503));
#2655=CARTESIAN_POINT('',(14.248627384,-147.1684807,306.007239239));
#2656=CARTESIAN_POINT('',(12.708760008,-146.673368649,305.604891071));
#2657=CARTESIAN_POINT('',(11.97025516,-146.366956506,305.355888116));
#2658=CARTESIAN_POINT('',(10.584411124,-145.648165213,304.771769113));
#2659=CARTESIAN_POINT('',(9.937106204,-145.235803838,304.436667509));
#2660=CARTESIAN_POINT('',(8.758542714,-144.320956048,303.693225036));
#2661=CARTESIAN_POINT('',(8.227313287,-143.818492255,303.28490255));
#2662=CARTESIAN_POINT('',(7.301321874,-142.742745054,302.410706682));
#2663=CARTESIAN_POINT('',(6.906582786,-142.169488245,301.944854916));
#2664=CARTESIAN_POINT('',(6.268748778,-140.97418199,300.973500508));
#2665=CARTESIAN_POINT('',(6.025669631,-140.352162101,300.468021884));
#2666=CARTESIAN_POINT('',(5.70050463,-139.08323174,299.436837538));
#2667=CARTESIAN_POINT('',(5.618426818,-138.436352645,298.911157314));
#2668=CARTESIAN_POINT('',(5.618426775,-137.78945755,298.385464089));
#2669=CARTESIAN_POINT('',(18.351386138,-146.298036248,308.037397077));
#2670=CARTESIAN_POINT('',(17.518015924,-146.298036251,308.037397073));
#2671=CARTESIAN_POINT('',(16.684666316,-146.23603648,307.983605193));
#2672=CARTESIAN_POINT('',(15.049951835,-145.990413932,307.7704996));
#2673=CARTESIAN_POINT('',(14.248627384,-145.806797229,307.611191158));
#2674=CARTESIAN_POINT('',(12.708760007,-145.324991264,307.193169508));
#2675=CARTESIAN_POINT('',(11.970255159,-145.026813915,306.934466637));
#2676=CARTESIAN_POINT('',(10.584411123,-144.327340063,306.327593267));
#2677=CARTESIAN_POINT('',(9.937106203,-143.926060857,305.979437773));
#2678=CARTESIAN_POINT('',(8.758542713,-143.035799505,305.207034484));
#2679=CARTESIAN_POINT('',(8.227313286,-142.546839374,304.782805787));
#2680=CARTESIAN_POINT('',(7.301321873,-141.500002765,303.874555602));
#2681=CARTESIAN_POINT('',(6.906582785,-140.942152172,303.390556572));
#2682=CARTESIAN_POINT('',(6.268748778,-139.778969647,302.381363035));
#2683=CARTESIAN_POINT('',(6.02566963,-139.173666476,301.856193481));
#2684=CARTESIAN_POINT('',(5.70050463,-137.938838483,300.78483933));
#2685=CARTESIAN_POINT('',(5.618426818,-137.309344195,300.238681224));
#2686=CARTESIAN_POINT('',(5.618426775,-136.679834337,299.69250961));
#2687=CARTESIAN_POINT('',(18.351386138,-145.82952706,308.571632446));
#2688=CARTESIAN_POINT('',(17.518015897,-145.82952706,308.571632446));
#2689=CARTESIAN_POINT('',(16.684666263,-145.768113835,308.517171596));
#2690=CARTESIAN_POINT('',(15.049951732,-145.524814995,308.301415764));
#2691=CARTESIAN_POINT('',(14.248627256,-145.342935396,308.140126116));
#2692=CARTESIAN_POINT('',(12.708759839,-144.865687553,307.716905827));
#2693=CARTESIAN_POINT('',(11.970254973,-144.57033111,307.454985652));
#2694=CARTESIAN_POINT('',(10.58441091,-143.877474631,306.840565025));
#2695=CARTESIAN_POINT('',(9.937105981,-143.479991728,306.488079766));
#2696=CARTESIAN_POINT('',(8.758542483,-142.598152699,305.706070641));
#2697=CARTESIAN_POINT('',(8.227313057,-142.11381838,305.276566111));
#2698=CARTESIAN_POINT('',(7.301321658,-141.076885381,304.35702066));
#2699=CARTESIAN_POINT('',(6.906582583,-140.524312342,303.867002477));
#2700=CARTESIAN_POINT('',(6.268748613,-139.372134126,302.845258316));
#2701=CARTESIAN_POINT('',(6.02566949,-138.772557439,302.313557603));
#2702=CARTESIAN_POINT('',(5.700504552,-137.549411569,301.228879787));
#2703=CARTESIAN_POINT('',(5.618426776,-136.92587263,300.675929504));
#2704=CARTESIAN_POINT('',(5.618426775,-136.302318273,300.122965549));
#2705=CARTESIAN_POINT('',(18.351386138,-144.871583487,309.628336258));
#2706=CARTESIAN_POINT('',(17.518015897,-144.871583487,309.628336258));
#2707=CARTESIAN_POINT('',(16.684666263,-144.811377102,309.572544147));
#2708=CARTESIAN_POINT('',(15.049951732,-144.572859366,309.351514299));
#2709=CARTESIAN_POINT('',(14.248627256,-144.394553911,309.186282026));
#2710=CARTESIAN_POINT('',(12.708759839,-143.92668454,308.752716381));
#2711=CARTESIAN_POINT('',(11.970254973,-143.637132192,308.48439373));
#2712=CARTESIAN_POINT('',(10.58441091,-142.957891145,307.854953975));
#2713=CARTESIAN_POINT('',(9.937105981,-142.56821924,307.493852434));
#2714=CARTESIAN_POINT('',(8.758542483,-141.703709368,306.692727584));
#2715=CARTESIAN_POINT('',(8.227313057,-141.228892778,306.252724084));
#2716=CARTESIAN_POINT('',(7.301321658,-140.212336711,305.310700919));
#2717=CARTESIAN_POINT('',(6.906582583,-139.670622371,304.808704547));
#2718=CARTESIAN_POINT('',(6.268748613,-138.541085789,303.761984488));
#2719=CARTESIAN_POINT('',(6.02566949,-137.953291478,303.217286683));
#2720=CARTESIAN_POINT('',(5.700504552,-136.754181838,302.106094595));
#2721=CARTESIAN_POINT('',(5.618426776,-136.142896161,301.539627788));
#2722=CARTESIAN_POINT('',(5.618426775,-135.531595368,300.973146974));
#2723=CARTESIAN_POINT('',(18.351386138,-144.3812636,310.151680077));
#2724=CARTESIAN_POINT('',(17.51801595,-144.381263589,310.151680088));
#2725=CARTESIAN_POINT('',(16.684666369,-144.32167863,310.095224576));
#2726=CARTESIAN_POINT('',(15.049951937,-144.085622796,309.871566526));
#2727=CARTESIAN_POINT('',(14.248627509,-143.909157757,309.704369518));
#2728=CARTESIAN_POINT('',(12.708760173,-143.446117603,309.265648447));
#2729=CARTESIAN_POINT('',(11.970255342,-143.159553936,308.994135232));
#2730=CARTESIAN_POINT('',(10.584411332,-142.487323832,308.357210943));
#2731=CARTESIAN_POINT('',(9.937106422,-142.101674017,307.991815618));
#2732=CARTESIAN_POINT('',(8.75854294,-141.246087386,307.181164751));
#2733=CARTESIAN_POINT('',(8.227313511,-140.776171726,306.735929253));
#2734=CARTESIAN_POINT('',(7.301322085,-139.770108279,305.782704662));
#2735=CARTESIAN_POINT('',(6.906582984,-139.233985368,305.274739139));
#2736=CARTESIAN_POINT('',(6.26874894,-138.116107554,304.215572706));
#2737=CARTESIAN_POINT('',(6.025669768,-137.534380292,303.664397986));
#2738=CARTESIAN_POINT('',(5.700504707,-136.347647522,302.539992878));
#2739=CARTESIAN_POINT('',(5.618426859,-135.742671359,301.966790293));
#2740=CARTESIAN_POINT('',(5.618426775,-135.13768023,301.393573527));
#2741=CARTESIAN_POINT('',(18.351386138,-141.892568909,312.72051215));
#2742=CARTESIAN_POINT('',(17.518015951,-141.892568901,312.720512157));
#2743=CARTESIAN_POINT('',(16.68466637,-141.836158879,312.660779471));
#2744=CARTESIAN_POINT('',(15.049951939,-141.61268109,312.424138354));
#2745=CARTESIAN_POINT('',(14.248627511,-141.445618847,312.247235775));
#2746=CARTESIAN_POINT('',(12.708760176,-141.00725141,311.78304751));
#2747=CARTESIAN_POINT('',(11.970255346,-140.735957054,311.495773303));
#2748=CARTESIAN_POINT('',(10.584411337,-140.099546181,310.821876383));
#2749=CARTESIAN_POINT('',(9.937106426,-139.7344454,310.435270333));
#2750=CARTESIAN_POINT('',(8.758542944,-138.924448001,309.577562235));
#2751=CARTESIAN_POINT('',(8.227313516,-138.479571412,309.106481395));
#2752=CARTESIAN_POINT('',(7.301322089,-137.527115229,308.097923356));
#2753=CARTESIAN_POINT('',(6.906582988,-137.019559187,307.560471096));
#2754=CARTESIAN_POINT('',(6.268748943,-135.961246573,306.43982143));
#2755=CARTESIAN_POINT('',(6.025669771,-135.410516169,305.856651736));
#2756=CARTESIAN_POINT('',(5.700504709,-134.287017478,304.666976377));
#2757=CARTESIAN_POINT('',(5.61842686,-133.714276971,304.06050013));
#2758=CARTESIAN_POINT('',(5.618426775,-133.141522297,303.454008879));
#2759=CARTESIAN_POINT('',(18.351386138,-139.775630154,314.632622121));
#2760=CARTESIAN_POINT('',(17.518015897,-139.775630154,314.632622121));
#2761=CARTESIAN_POINT('',(16.684666262,-139.721987427,314.570380974));
#2762=CARTESIAN_POINT('',(15.04995173,-139.509472724,314.323802179));
#2763=CARTESIAN_POINT('',(14.248627254,-139.350606003,314.13947063));
#2764=CARTESIAN_POINT('',(12.708759836,-138.933743417,313.655788926));
#2765=CARTESIAN_POINT('',(11.97025497,-138.675757861,313.356450731));
#2766=CARTESIAN_POINT('',(10.584410906,-138.070567189,312.654253735));
#2767=CARTESIAN_POINT('',(9.937105977,-137.723377038,312.251412295));
#2768=CARTESIAN_POINT('',(8.758542479,-136.953115417,311.357685042));
#2769=CARTESIAN_POINT('',(8.227313053,-136.530062994,310.866821327));
#2770=CARTESIAN_POINT('',(7.301321654,-135.624331146,309.815909255));
#2771=CARTESIAN_POINT('',(6.906582579,-135.141674118,309.255886883));
#2772=CARTESIAN_POINT('',(6.26874861,-134.135278811,308.088175954));
#2773=CARTESIAN_POINT('',(6.025669488,-133.611565417,307.48051627));
#2774=CARTESIAN_POINT('',(5.70050455,-132.543181858,306.240880959));
#2775=CARTESIAN_POINT('',(5.618426775,-131.99853811,305.608935984));
#2776=CARTESIAN_POINT('',(5.618426775,-131.453880895,304.976975383));
#2777=CARTESIAN_POINT('',(18.351386138,-135.277262123,318.157038203));
#2778=CARTESIAN_POINT('',(17.518015897,-135.277262123,318.157038203));
#2779=CARTESIAN_POINT('',(16.684666262,-135.229664002,318.090061181));
#2780=CARTESIAN_POINT('',(15.04995173,-135.041096025,317.824720422));
#2781=CARTESIAN_POINT('',(14.248627254,-134.900130831,317.626363245));
#2782=CARTESIAN_POINT('',(12.708759836,-134.530241437,317.105878623));
#2783=CARTESIAN_POINT('',(11.97025497,-134.301326384,316.783764047));
#2784=CARTESIAN_POINT('',(10.584410906,-133.764330216,316.028137494));
#2785=CARTESIAN_POINT('',(9.937105977,-133.45626238,315.594644201));
#2786=CARTESIAN_POINT('',(8.758542479,-132.7727959,314.632914021));
#2787=CARTESIAN_POINT('',(8.227313053,-132.397414156,314.104700916));
#2788=CARTESIAN_POINT('',(7.301321654,-131.593742596,312.973825861));
#2789=CARTESIAN_POINT('',(6.906582579,-131.165472654,312.371191876));
#2790=CARTESIAN_POINT('',(6.26874861,-130.272480663,311.114630842));
#2791=CARTESIAN_POINT('',(6.025669488,-129.807780696,310.460734863));
#2792=CARTESIAN_POINT('',(5.70050455,-128.859785455,309.126776784));
#2793=CARTESIAN_POINT('',(5.618426775,-128.376513622,308.446747668));
#2794=CARTESIAN_POINT('',(5.618426775,-127.893229839,307.766701737));
#2795=CARTESIAN_POINT('',(18.351386138,-132.895570134,319.769200306));
#2796=CARTESIAN_POINT('',(17.518016006,-132.895570142,319.7692003));
#2797=CARTESIAN_POINT('',(16.684666481,-132.851250874,319.699996553));
#2798=CARTESIAN_POINT('',(15.049952155,-132.675672611,319.425834256));
#2799=CARTESIAN_POINT('',(14.248627776,-132.544417957,319.220882485));
#2800=CARTESIAN_POINT('',(12.708760527,-132.200008788,318.683093803));
#2801=CARTESIAN_POINT('',(11.970255733,-131.986862789,318.350270189));
#2802=CARTESIAN_POINT('',(10.58441178,-131.48685816,317.569522033));
#2803=CARTESIAN_POINT('',(9.937106889,-131.200011895,317.121616797));
#2804=CARTESIAN_POINT('',(8.758543424,-130.5636267,316.127912874));
#2805=CARTESIAN_POINT('',(8.227313992,-130.214103507,315.582138759));
#2806=CARTESIAN_POINT('',(7.301322537,-129.465793666,314.413666543));
#2807=CARTESIAN_POINT('',(6.906583409,-129.067025522,313.790997336));
#2808=CARTESIAN_POINT('',(6.268749286,-128.235548154,312.492660548));
#2809=CARTESIAN_POINT('',(6.025670062,-127.802859491,311.817025071));
#2810=CARTESIAN_POINT('',(5.700504872,-126.920167797,310.438718051));
#2811=CARTESIAN_POINT('',(5.618426947,-126.470186593,309.736080591));
#2812=CARTESIAN_POINT('',(5.618426775,-126.020194252,309.033425741));
#2813=CARTESIAN_POINT('',(18.351386138,-129.114218913,321.934320914));
#2814=CARTESIAN_POINT('',(17.518016005,-129.114218933,321.934320903));
#2815=CARTESIAN_POINT('',(16.684666479,-129.075203036,321.862080561));
#2816=CARTESIAN_POINT('',(15.049952151,-128.920634947,321.575888291));
#2817=CARTESIAN_POINT('',(14.248627772,-128.805086577,321.361943441));
#2818=CARTESIAN_POINT('',(12.708760521,-128.501890322,320.800557129));
#2819=CARTESIAN_POINT('',(11.970255727,-128.314249935,320.453129548));
#2820=CARTESIAN_POINT('',(10.584411773,-127.874077175,319.638122949));
#2821=CARTESIAN_POINT('',(9.937106881,-127.621555685,319.170564083));
#2822=CARTESIAN_POINT('',(8.758543416,-127.061322006,318.133257435));
#2823=CARTESIAN_POINT('',(8.227313985,-126.75362367,317.563535303));
#2824=CARTESIAN_POINT('',(7.30132253,-126.094858533,316.343791709));
#2825=CARTESIAN_POINT('',(6.906583403,-125.743808022,315.693800408));
#2826=CARTESIAN_POINT('',(6.268749281,-125.011827396,314.338493918));
#2827=CARTESIAN_POINT('',(6.025670057,-124.63091538,313.633212242));
#2828=CARTESIAN_POINT('',(5.70050487,-123.853848862,312.194426511));
#2829=CARTESIAN_POINT('',(5.618426946,-123.457713574,311.460958032));
#2830=CARTESIAN_POINT('',(5.618426775,-123.06156848,310.727471403));
#2831=CARTESIAN_POINT('',(18.351386138,-127.818986286,322.613668442));
#2832=CARTESIAN_POINT('',(17.518015899,-127.818986287,322.613668442));
#2833=CARTESIAN_POINT('',(16.684666266,-127.781801749,322.540466963));
#2834=CARTESIAN_POINT('',(15.049951738,-127.634488935,322.250466966));
#2835=CARTESIAN_POINT('',(14.248627264,-127.524364302,322.03367562));
#2836=CARTESIAN_POINT('',(12.708759849,-127.235399822,321.464820164));
#2837=CARTESIAN_POINT('',(11.970254984,-127.05656712,321.112770121));
#2838=CARTESIAN_POINT('',(10.584410923,-126.637055717,320.286920002));
#2839=CARTESIAN_POINT('',(9.937105995,-126.396387389,319.813140347));
#2840=CARTESIAN_POINT('',(8.758542497,-125.86245065,318.762032522));
#2841=CARTESIAN_POINT('',(8.227313071,-125.569195443,318.184730343));
#2842=CARTESIAN_POINT('',(7.301321671,-124.941352259,316.948758295));
#2843=CARTESIAN_POINT('',(6.906582595,-124.606779806,316.29011899));
#2844=CARTESIAN_POINT('',(6.268748623,-123.909157837,314.916780433));
#2845=CARTESIAN_POINT('',(6.025669499,-123.546125571,314.20211514));
#2846=CARTESIAN_POINT('',(5.700504557,-122.805534038,312.744186703));
#2847=CARTESIAN_POINT('',(5.618426779,-122.427993084,312.00095961));
#2848=CARTESIAN_POINT('',(5.618426775,-122.050442795,311.257714138));
#2849=CARTESIAN_POINT('',(18.351386138,-125.82307734,323.564296636));
#2850=CARTESIAN_POINT('',(17.518015899,-125.823077341,323.564296636));
#2851=CARTESIAN_POINT('',(16.684666266,-125.788728754,323.489744426));
#2852=CARTESIAN_POINT('',(15.049951738,-125.652651041,323.194393282));
#2853=CARTESIAN_POINT('',(14.248627264,-125.550925278,322.973601651));
#2854=CARTESIAN_POINT('',(12.708759849,-125.28399924,322.394249542));
#2855=CARTESIAN_POINT('',(11.970254984,-125.118805565,322.03570339));
#2856=CARTESIAN_POINT('',(10.584410923,-124.73128902,321.194614492));
#2857=CARTESIAN_POINT('',(9.937105995,-124.508975732,320.712092545));
#2858=CARTESIAN_POINT('',(8.758542497,-124.015760724,319.641589434));
#2859=CARTESIAN_POINT('',(8.227313071,-123.744871199,319.053634741));
#2860=CARTESIAN_POINT('',(7.301321671,-123.164911704,317.79485625));
#2861=CARTESIAN_POINT('',(6.906582595,-122.855856074,317.124063578));
#2862=CARTESIAN_POINT('',(6.268748623,-122.21143961,315.725383859));
#2863=CARTESIAN_POINT('',(6.025669499,-121.87609471,314.997531396));
#2864=CARTESIAN_POINT('',(5.700504556,-121.191985839,313.512700925));
#2865=CARTESIAN_POINT('',(5.618426779,-120.843238785,312.755759632));
#2866=CARTESIAN_POINT('',(5.618426775,-120.494483107,311.998799622));
#2867=CARTESIAN_POINT('',(18.351386138,-125.147868538,323.870157301));
#2868=CARTESIAN_POINT('',(17.518015897,-125.147868538,323.870157301));
#2869=CARTESIAN_POINT('',(16.684666262,-125.114481552,323.795169459));
#2870=CARTESIAN_POINT('',(15.04995173,-124.982213382,323.498092485));
#2871=CARTESIAN_POINT('',(14.248627254,-124.883335468,323.276010699));
#2872=CARTESIAN_POINT('',(12.708759836,-124.62388212,322.693273254));
#2873=CARTESIAN_POINT('',(11.97025497,-124.4633131,322.332632003));
#2874=CARTESIAN_POINT('',(10.584410906,-124.08664522,321.486628358));
#2875=CARTESIAN_POINT('',(9.937105977,-123.870555672,321.001286884));
#2876=CARTESIAN_POINT('',(8.758542479,-123.391148396,319.924528486));
#2877=CARTESIAN_POINT('',(8.227313053,-123.12784252,319.333138188));
#2878=CARTESIAN_POINT('',(7.301321654,-122.5641192,318.067004258));
#2879=CARTESIAN_POINT('',(6.906582579,-122.263715694,317.392291934));
#2880=CARTESIAN_POINT('',(6.26874861,-121.637339901,315.985439289));
#2881=CARTESIAN_POINT('',(6.025669488,-121.311383102,315.253333756));
#2882=CARTESIAN_POINT('',(5.70050455,-120.646426107,313.759826954));
#2883=CARTESIAN_POINT('',(5.618426775,-120.307442353,312.998462616));
#2884=CARTESIAN_POINT('',(5.618426775,-119.968450216,312.237079451));
#2885=CARTESIAN_POINT('',(18.351386138,-123.792679022,324.452841659));
#2886=CARTESIAN_POINT('',(17.518015897,-123.792679022,324.452841659));
#2887=CARTESIAN_POINT('',(16.684666262,-123.761224437,324.377022952));
#2888=CARTESIAN_POINT('',(15.04995173,-123.636611796,324.076654367));
#2889=CARTESIAN_POINT('',(14.248627254,-123.543456821,323.852111917));
#2890=CARTESIAN_POINT('',(12.708759836,-123.299020333,323.262917743));
#2891=CARTESIAN_POINT('',(11.97025497,-123.147744864,322.89828059));
#2892=CARTESIAN_POINT('',(10.584410906,-122.792878086,322.042903229));
#2893=CARTESIAN_POINT('',(9.937105977,-122.589295552,321.552184174));
#2894=CARTESIAN_POINT('',(8.758542479,-122.137635815,320.463495298));
#2895=CARTESIAN_POINT('',(8.227313053,-121.88956978,319.865552399));
#2896=CARTESIAN_POINT('',(7.301321654,-121.358474115,318.585389712));
#2897=CARTESIAN_POINT('',(6.906582579,-121.075457617,317.903201579));
#2898=CARTESIAN_POINT('',(6.26874861,-120.485335733,316.480761015));
#2899=CARTESIAN_POINT('',(6.025669488,-120.178244937,315.740543756));
#2900=CARTESIAN_POINT('',(5.70050455,-119.551774886,314.230488907));
#2901=CARTESIAN_POINT('',(5.618426775,-119.23241112,313.460688656));
#2902=CARTESIAN_POINT('',(5.618426775,-118.913039458,312.69086937));
#2903=CARTESIAN_POINT('',(18.351386138,-123.111323033,324.730369216));
#2904=CARTESIAN_POINT('',(17.518015897,-123.111323033,324.730369216));
#2905=CARTESIAN_POINT('',(16.684666262,-123.080841192,324.65415428));
#2906=CARTESIAN_POINT('',(15.04995173,-122.960082243,324.352215968));
#2907=CARTESIAN_POINT('',(14.248627254,-122.869808121,324.126500058));
#2908=CARTESIAN_POINT('',(12.708759836,-122.632930922,323.534226754));
#2909=CARTESIAN_POINT('',(11.97025497,-122.486333702,323.167684005));
#2910=CARTESIAN_POINT('',(10.584410906,-122.14244131,322.30783644));
#2911=CARTESIAN_POINT('',(9.937105977,-121.945154642,321.814552885));
#2912=CARTESIAN_POINT('',(8.758542479,-121.50746265,320.720174519));
#2913=CARTESIAN_POINT('',(8.227313053,-121.267068149,320.119106768));
#2914=CARTESIAN_POINT('',(7.301321654,-120.752396814,318.832253947));
#2915=CARTESIAN_POINT('',(6.906582579,-120.478132706,318.146500697));
#2916=CARTESIAN_POINT('',(6.26874861,-119.906260559,316.716626454));
#2917=CARTESIAN_POINT('',(6.025669488,-119.60866666,315.972540818));
#2918=CARTESIAN_POINT('',(5.70050455,-119.001570427,314.454594418));
#2919=CARTESIAN_POINT('',(5.618426775,-118.692083104,313.680771188));
#2920=CARTESIAN_POINT('',(5.618426775,-118.382588128,312.906928824));
#2921=CARTESIAN_POINT('',(18.351386138,-119.687111008,326.049419957));
#2922=CARTESIAN_POINT('',(17.518015897,-119.687111008,326.049419957));
#2923=CARTESIAN_POINT('',(16.684666262,-119.661518026,325.971321769));
#2924=CARTESIAN_POINT('',(15.04995173,-119.560127112,325.66192264));
#2925=CARTESIAN_POINT('',(14.248627254,-119.484331687,325.430629348));
#2926=CARTESIAN_POINT('',(12.708759836,-119.285446255,324.823721124));
#2927=CARTESIAN_POINT('',(11.97025497,-119.162361166,324.448121199));
#2928=CARTESIAN_POINT('',(10.584410906,-118.873624271,323.567027024));
#2929=CARTESIAN_POINT('',(9.937105977,-118.707979606,323.06155456));
#2930=CARTESIAN_POINT('',(8.758542479,-118.340487247,321.940134387));
#2931=CARTESIAN_POINT('',(8.227313053,-118.138648639,321.324214408));
#2932=CARTESIAN_POINT('',(7.301321654,-117.706523339,320.005563788));
#2933=CARTESIAN_POINT('',(6.906582579,-117.476247332,319.302865752));
#2934=CARTESIAN_POINT('',(6.26874861,-116.996095425,317.837659687));
#2935=CARTESIAN_POINT('',(6.025669488,-116.746231397,317.075187887));
#2936=CARTESIAN_POINT('',(5.70050455,-116.236504851,315.519733425));
#2937=CARTESIAN_POINT('',(5.618426775,-115.976654937,314.726789224));
#2938=CARTESIAN_POINT('',(5.618426775,-115.716798597,313.933825416));
#2939=CARTESIAN_POINT('',(18.351386138,-116.89191955,326.884972501));
#2940=CARTESIAN_POINT('',(17.518015897,-116.89191955,326.884972501));
#2941=CARTESIAN_POINT('',(16.684666262,-116.870318777,326.805684057));
#2942=CARTESIAN_POINT('',(15.04995173,-116.784743676,326.491569527));
#2943=CARTESIAN_POINT('',(14.248627254,-116.720771463,326.256751207));
#2944=CARTESIAN_POINT('',(12.708759836,-116.552909864,325.640593391));
#2945=CARTESIAN_POINT('',(11.97025497,-116.449024628,325.259269131));
#2946=CARTESIAN_POINT('',(10.584410906,-116.205327358,324.364746629));
#2947=CARTESIAN_POINT('',(9.937105977,-116.06552135,323.851570507));
#2948=CARTESIAN_POINT('',(8.758542479,-115.755353559,322.713059317));
#2949=CARTESIAN_POINT('',(8.227313053,-115.584999445,322.087752402));
#2950=CARTESIAN_POINT('',(7.301321654,-115.220280706,320.749004871));
#2951=CARTESIAN_POINT('',(6.906582579,-115.0259251,320.035597359));
#2952=CARTESIAN_POINT('',(6.26874861,-114.620671351,318.548060803));
#2953=CARTESIAN_POINT('',(6.025669488,-114.409783229,317.773968543));
#2954=CARTESIAN_POINT('',(5.70050455,-113.979568143,316.194808159));
#2955=CARTESIAN_POINT('',(5.618426775,-113.760251818,315.389779083));
#2956=CARTESIAN_POINT('',(5.618426775,-113.540930069,314.5847301));
#2957=CARTESIAN_POINT('',(18.351386138,-112.643244776,327.819653439));
#2958=CARTESIAN_POINT('',(17.518015897,-112.643244776,327.819653439));
#2959=CARTESIAN_POINT('',(16.684666262,-112.62759284,327.73905629));
#2960=CARTESIAN_POINT('',(15.04995173,-112.565585055,327.419757103));
#2961=CARTESIAN_POINT('',(14.248627254,-112.519230741,327.181062959));
#2962=CARTESIAN_POINT('',(12.708759836,-112.397598096,326.554735073));
#2963=CARTESIAN_POINT('',(11.97025497,-112.322322774,326.167116817));
#2964=CARTESIAN_POINT('',(10.584410906,-112.145739543,325.257829661));
#2965=CARTESIAN_POINT('',(9.937105977,-112.044436002,324.736183245));
#2966=CARTESIAN_POINT('',(8.758542479,-111.81968818,323.578880215));
#2967=CARTESIAN_POINT('',(8.227313053,-111.696249458,322.943252218));
#2968=CARTESIAN_POINT('',(7.301321654,-111.431973978,321.582407821));
#2969=CARTESIAN_POINT('',(6.906582579,-111.291143755,320.85722507));
#2970=CARTESIAN_POINT('',(6.26874861,-110.997496575,319.345135793));
#2971=CARTESIAN_POINT('',(6.025669488,-110.844686878,318.558266655));
#2972=CARTESIAN_POINT('',(5.70050455,-110.532952695,316.95304124));
#2973=CARTESIAN_POINT('',(5.618426775,-110.374035916,316.134724654));
#2974=CARTESIAN_POINT('',(5.618426775,-110.215115207,315.316387834));
#2975=CARTESIAN_POINT('',(18.351386138,-111.217715191,328.07815205));
#2976=CARTESIAN_POINT('',(17.518015897,-111.217715191,328.07815205));
#2977=CARTESIAN_POINT('',(16.684666262,-111.204039468,327.99719747));
#2978=CARTESIAN_POINT('',(15.04995173,-111.149860789,327.676482257));
#2979=CARTESIAN_POINT('',(14.248627254,-111.109359172,327.436729554));
#2980=CARTESIAN_POINT('',(12.708759836,-111.00308387,326.807624033));
#2981=CARTESIAN_POINT('',(11.97025497,-110.937312813,326.418286771));
#2982=CARTESIAN_POINT('',(10.584410906,-110.783024988,325.504967115));
#2983=CARTESIAN_POINT('',(9.937105977,-110.694512036,324.981007306));
#2984=CARTESIAN_POINT('',(8.758542479,-110.498140883,323.818571877));
#2985=CARTESIAN_POINT('',(8.227313053,-110.390287538,323.180125002));
#2986=CARTESIAN_POINT('',(7.301321654,-110.159379491,321.813245542));
#2987=CARTESIAN_POINT('',(6.906582579,-110.036330498,321.084846756));
#2988=CARTESIAN_POINT('',(6.26874861,-109.779759222,319.566051676));
#2989=CARTESIAN_POINT('',(6.025669488,-109.646243284,318.775692936));
#2990=CARTESIAN_POINT('',(5.70050455,-109.373868671,317.163348679));
#2991=CARTESIAN_POINT('',(5.618426775,-109.23501673,316.34140303));
#2992=CARTESIAN_POINT('',(5.618426775,-109.096161357,315.519437055));
#2993=CARTESIAN_POINT('',(18.351386138,-109.068695025,328.388164348));
#2994=CARTESIAN_POINT('',(17.518015897,-109.068695025,328.388164348));
#2995=CARTESIAN_POINT('',(16.684666262,-109.057954348,328.306786365));
#2996=CARTESIAN_POINT('',(15.04995173,-109.015403346,327.984393772));
#2997=CARTESIAN_POINT('',(14.248627254,-108.983594073,327.743387133));
#2998=CARTESIAN_POINT('',(12.708759836,-108.900127281,327.110991314));
#2999=CARTESIAN_POINT('',(11.97025497,-108.848471824,326.71961777));
#3000=CARTESIAN_POINT('',(10.584410906,-108.727296823,325.801521341));
#3001=CARTESIAN_POINT('',(9.937105977,-108.657780273,325.274821158));
#3002=CARTESIAN_POINT('',(8.758542479,-108.50355375,324.10630605));
#3003=CARTESIAN_POINT('',(8.227313053,-108.41884759,323.464520019));
#3004=CARTESIAN_POINT('',(7.301321654,-108.237496384,322.090491612));
#3005=CARTESIAN_POINT('',(6.906582579,-108.140855823,321.358283212));
#3006=CARTESIAN_POINT('',(6.26874861,-107.939349159,319.831544648));
#3007=CARTESIAN_POINT('',(6.025669488,-107.83448804,319.037052236));
#3008=CARTESIAN_POINT('',(5.70050455,-107.620569707,317.416275221));
#3009=CARTESIAN_POINT('',(5.618426775,-107.511517783,316.590030696));
#3010=CARTESIAN_POINT('',(5.618426775,-107.402463163,315.763765739));
#3011=CARTESIAN_POINT('',(18.351386138,-108.350563755,328.478549609));
#3012=CARTESIAN_POINT('',(17.518015897,-108.350563755,328.478549609));
#3013=CARTESIAN_POINT('',(16.684666262,-108.340796566,328.397049244));
#3014=CARTESIAN_POINT('',(15.04995173,-108.302102204,328.074171813));
#3015=CARTESIAN_POINT('',(14.248627254,-108.273175986,327.832802731));
#3016=CARTESIAN_POINT('',(12.708759836,-108.197274263,327.199455869));
#3017=CARTESIAN_POINT('',(11.97025497,-108.150300634,326.807493748));
#3018=CARTESIAN_POINT('',(10.584410906,-108.040108411,325.888016618));
#3019=CARTESIAN_POINT('',(9.937105977,-107.976892542,325.360524344));
#3020=CARTESIAN_POINT('',(8.758542479,-107.836644444,324.190251937));
#3021=CARTESIAN_POINT('',(8.227313053,-107.759615685,323.547500742));
#3022=CARTESIAN_POINT('',(7.301321654,-107.594701369,322.17140597));
#3023=CARTESIAN_POINT('',(6.906582579,-107.506819891,321.438096421));
#3024=CARTESIAN_POINT('',(6.26874861,-107.323576921,319.909061836));
#3025=CARTESIAN_POINT('',(6.025669488,-107.22821996,319.113374607));
#3026=CARTESIAN_POINT('',(5.70050455,-107.033690261,317.490160149));
#3027=CARTESIAN_POINT('',(5.618426775,-106.934522333,316.662673056));
#3028=CARTESIAN_POINT('',(5.618426775,-106.835351953,315.835165501));
#3029=CARTESIAN_POINT('',(18.351386138,-106.911203533,328.633765955));
#3030=CARTESIAN_POINT('',(17.518015897,-106.911203533,328.633765955));
#3031=CARTESIAN_POINT('',(16.684666262,-106.90337071,328.552056994));
#3032=CARTESIAN_POINT('',(15.04995173,-106.872339665,328.228353174));
#3033=CARTESIAN_POINT('',(14.248627254,-106.849142209,327.986366319));
#3034=CARTESIAN_POINT('',(12.708759836,-106.788272623,327.351398435));
#3035=CARTESIAN_POINT('',(11.97025497,-106.750601999,326.958433107));
#3036=CARTESIAN_POINT('',(10.584410906,-106.662233058,326.036602619));
#3037=CARTESIAN_POINT('',(9.937105977,-106.611536926,325.507760253));
#3038=CARTESIAN_POINT('',(8.758542479,-106.499064597,324.33449259));
#3039=CARTESIAN_POINT('',(8.227313053,-106.437291182,323.690096303));
#3040=CARTESIAN_POINT('',(7.301321654,-106.305037715,322.310479482));
#3041=CARTESIAN_POINT('',(6.906582579,-106.234560934,321.575293062));
#3042=CARTESIAN_POINT('',(6.26874861,-106.087608755,320.042344985));
#3043=CARTESIAN_POINT('',(6.025669488,-106.011136991,319.244621233));
#3044=CARTESIAN_POINT('',(5.70050455,-105.85513339,317.617252234));
#3045=CARTESIAN_POINT('',(5.618426775,-105.775605411,316.787647227));
#3046=CARTESIAN_POINT('',(5.618426775,-105.696075465,315.958021706));
#3047=CARTESIAN_POINT('',(18.351386138,-106.189395734,328.698638112));
#3048=CARTESIAN_POINT('',(17.518015918,-106.189395729,328.698638113));
#3049=CARTESIAN_POINT('',(16.684666305,-106.182524544,328.616842886));
#3050=CARTESIAN_POINT('',(15.049951813,-106.155303196,328.292797312));
#3051=CARTESIAN_POINT('',(14.248627356,-106.134953707,328.050554977));
#3052=CARTESIAN_POINT('',(12.708759971,-106.081557122,327.414916717));
#3053=CARTESIAN_POINT('',(11.970255119,-106.048511347,327.02153651));
#3054=CARTESIAN_POINT('',(10.584411077,-105.970991526,326.098732784));
#3055=CARTESIAN_POINT('',(9.937106156,-105.926519396,325.569332085));
#3056=CARTESIAN_POINT('',(8.758542664,-105.827855382,324.394825722));
#3057=CARTESIAN_POINT('',(8.227313237,-105.773665937,323.749749101));
#3058=CARTESIAN_POINT('',(7.301321827,-105.657649332,322.368675719));
#3059=CARTESIAN_POINT('',(6.906582742,-105.595825041,321.632713108));
#3060=CARTESIAN_POINT('',(6.268748742,-105.466914298,320.098146581));
#3061=CARTESIAN_POINT('',(6.0256696,-105.399831034,319.299580609));
#3062=CARTESIAN_POINT('',(5.700504613,-105.262980121,317.670493463));
#3063=CARTESIAN_POINT('',(5.618426809,-105.193215856,316.840012572));
#3064=CARTESIAN_POINT('',(5.618426775,-105.123449866,316.009511141));
#3065=CARTESIAN_POINT('',(18.351386138,-102.579919577,328.959604401));
#3066=CARTESIAN_POINT('',(17.518015918,-102.579919574,328.959604401));
#3067=CARTESIAN_POINT('',(16.684666305,-102.577810305,328.877464886));
#3068=CARTESIAN_POINT('',(15.049951814,-102.569454086,328.552055357));
#3069=CARTESIAN_POINT('',(14.248627357,-102.563207343,328.308793388));
#3070=CARTESIAN_POINT('',(12.708759972,-102.546816036,327.670479635));
#3071=CARTESIAN_POINT('',(11.97025512,-102.536671877,327.275443633));
#3072=CARTESIAN_POINT('',(10.584411079,-102.512875391,326.348755693));
#3073=CARTESIAN_POINT('',(9.937106157,-102.499223652,325.817126669));
#3074=CARTESIAN_POINT('',(8.758542666,-102.468936471,324.63767664));
#3075=CARTESIAN_POINT('',(8.227313238,-102.45230178,323.989884798));
#3076=CARTESIAN_POINT('',(7.301321828,-102.416687825,322.602998279));
#3077=CARTESIAN_POINT('',(6.906582743,-102.397709443,321.863937895));
#3078=CARTESIAN_POINT('',(6.268748744,-102.358137338,320.322912155));
#3079=CARTESIAN_POINT('',(6.025669601,-102.337544593,319.520984904));
#3080=CARTESIAN_POINT('',(5.700504614,-102.295535072,317.885040696));
#3081=CARTESIAN_POINT('',(5.618426809,-102.274119333,317.05106419));
#3082=CARTESIAN_POINT('',(5.618426775,-102.252703065,316.217067059));
#3083=CARTESIAN_POINT('',(18.351386138,-99.734460507,328.963425408));
#3084=CARTESIAN_POINT('',(17.518016186,-99.734460487,328.963425407));
#3085=CARTESIAN_POINT('',(16.68466684,-99.735952601,328.881292013));
#3086=CARTESIAN_POINT('',(15.049952852,-99.741863899,328.555906732));
#3087=CARTESIAN_POINT('',(14.248628632,-99.746282938,328.312662891));
#3088=CARTESIAN_POINT('',(12.708761661,-99.757878405,327.674396697));
#3089=CARTESIAN_POINT('',(11.970256986,-99.765054548,327.279390126));
#3090=CARTESIAN_POINT('',(10.584413214,-99.781888577,326.352771213));
#3091=CARTESIAN_POINT('',(9.937108385,-99.791546049,325.821181784));
#3092=CARTESIAN_POINT('',(8.758544975,-99.812971719,324.641819573));
#3093=CARTESIAN_POINT('',(8.227315536,-99.824739388,323.994075954));
#3094=CARTESIAN_POINT('',(7.301323987,-99.849933323,322.607292642));
#3095=CARTESIAN_POINT('',(6.906584773,-99.863358965,321.868287241));
#3096=CARTESIAN_POINT('',(6.268750397,-99.891352976,320.327376097));
#3097=CARTESIAN_POINT('',(6.025671005,-99.905920653,319.525508456));
#3098=CARTESIAN_POINT('',(5.700505401,-99.935638947,317.889685789));
#3099=CARTESIAN_POINT('',(5.618427229,-99.950788829,317.055771212));
#3100=CARTESIAN_POINT('',(5.618426775,-99.96593909,316.221835969));
#3101=CARTESIAN_POINT('',(18.351386138,-96.759036899,328.787007356));
#3102=CARTESIAN_POINT('',(17.518016186,-96.759036899,328.787007356));
#3103=CARTESIAN_POINT('',(16.68466684,-96.7641053,328.705086007));
#3104=CARTESIAN_POINT('',(15.049952852,-96.784184621,328.380540772));
#3105=CARTESIAN_POINT('',(14.248628632,-96.799195045,328.137924913));
#3106=CARTESIAN_POINT('',(12.708761661,-96.83858205,327.501306527));
#3107=CARTESIAN_POINT('',(11.970256986,-96.862957656,327.107319743));
#3108=CARTESIAN_POINT('',(10.584413214,-96.920138725,326.183093076));
#3109=CARTESIAN_POINT('',(9.937108385,-96.952942773,325.652876048));
#3110=CARTESIAN_POINT('',(8.758544975,-97.025720472,324.476558588));
#3111=CARTESIAN_POINT('',(8.227315536,-97.065692322,323.830487244));
#3112=CARTESIAN_POINT('',(7.301323987,-97.151269845,322.447284181));
#3113=CARTESIAN_POINT('',(6.906584773,-97.196873402,321.710186664));
#3114=CARTESIAN_POINT('',(6.268750397,-97.291962057,320.173253678));
#3115=CARTESIAN_POINT('',(6.025671005,-97.341444803,319.373456213));
#3116=CARTESIAN_POINT('',(5.700505401,-97.442390388,317.741856736));
#3117=CARTESIAN_POINT('',(5.618427229,-97.49385073,316.91009507));
#3118=CARTESIAN_POINT('',(5.618426775,-97.545312347,316.078312791));
#3119=CARTESIAN_POINT('',(18.351386138,-96.584191595,328.775964066));
#3120=CARTESIAN_POINT('',(17.518015919,-96.584191595,328.775964066));
#3121=CARTESIAN_POINT('',(16.684666307,-96.589469425,328.694055894));
#3122=CARTESIAN_POINT('',(15.049951818,-96.610378436,328.369562868));
#3123=CARTESIAN_POINT('',(14.248627362,-96.626009101,328.126986037));
#3124=CARTESIAN_POINT('',(12.708759979,-96.667023602,327.490470069));
#3125=CARTESIAN_POINT('',(11.970255128,-96.692406424,327.096546671));
#3126=CARTESIAN_POINT('',(10.584411087,-96.751950251,326.172468711));
#3127=CARTESIAN_POINT('',(9.937106166,-96.786109783,325.642336999));
#3128=CARTESIAN_POINT('',(8.758542675,-96.861894699,324.466208843));
#3129=CARTESIAN_POINT('',(8.227313247,-96.903518209,323.820241481));
#3130=CARTESIAN_POINT('',(7.301321837,-96.992631844,322.437261073));
#3131=CARTESIAN_POINT('',(6.906582751,-97.040119764,321.700282223));
#3132=CARTESIAN_POINT('',(6.26874875,-97.13913753,320.163596721));
#3133=CARTESIAN_POINT('',(6.025669607,-97.190664927,319.363928065));
#3134=CARTESIAN_POINT('',(5.700504617,-97.295781626,317.732591428));
#3135=CARTESIAN_POINT('',(5.618426811,-97.34936833,316.900963783));
#3136=CARTESIAN_POINT('',(5.618426775,-97.40295636,316.069315571));
#3137=CARTESIAN_POINT('',(18.351386138,-96.365845426,328.761336284));
#3138=CARTESIAN_POINT('',(17.518015919,-96.365845426,328.761336284));
#3139=CARTESIAN_POINT('',(16.684666307,-96.37138395,328.679445577));
#3140=CARTESIAN_POINT('',(15.049951818,-96.393325743,328.355021741));
#3141=CARTESIAN_POINT('',(14.248627362,-96.409728471,328.112496633));
#3142=CARTESIAN_POINT('',(12.708759979,-96.452768846,327.476116386));
#3143=CARTESIAN_POINT('',(11.970255128,-96.47940543,327.082276981));
#3144=CARTESIAN_POINT('',(10.584411087,-96.541890371,326.158396057));
#3145=CARTESIAN_POINT('',(9.937106166,-96.577737182,325.628377382));
#3146=CARTESIAN_POINT('',(8.758542675,-96.657265427,324.452500005));
#3147=CARTESIAN_POINT('',(8.227313247,-96.700944893,323.806670379));
#3148=CARTESIAN_POINT('',(7.301321837,-96.794460215,322.423984855));
#3149=CARTESIAN_POINT('',(6.906582751,-96.844293759,321.687163147));
#3150=CARTESIAN_POINT('',(6.26874875,-96.948202418,320.150805303));
#3151=CARTESIAN_POINT('',(6.025669607,-97.002274964,319.351307156));
#3152=CARTESIAN_POINT('',(5.700504617,-97.112583809,317.720318358));
#3153=CARTESIAN_POINT('',(5.618426811,-97.16881738,316.888868037));
#3154=CARTESIAN_POINT('',(5.618426775,-97.225052342,316.057397152));
#3155=CARTESIAN_POINT('',(18.351386138,-96.322187497,328.758369595));
#3156=CARTESIAN_POINT('',(17.518015899,-96.322187497,328.758369595));
#3157=CARTESIAN_POINT('',(16.684666266,-96.3277781,328.676482423));
#3158=CARTESIAN_POINT('',(15.049951738,-96.349926214,328.352072591));
#3159=CARTESIAN_POINT('',(14.248627265,-96.366483179,328.109557953));
#3160=CARTESIAN_POINT('',(12.70875985,-96.409928269,327.473205176));
#3161=CARTESIAN_POINT('',(11.970254985,-96.43681532,327.079382773));
#3162=CARTESIAN_POINT('',(10.584410924,-96.499887814,326.155541732));
#3163=CARTESIAN_POINT('',(9.937105995,-96.536071698,325.625545939));
#3164=CARTESIAN_POINT('',(8.758542498,-96.616347757,324.449719327));
#3165=CARTESIAN_POINT('',(8.227313071,-96.660437946,323.803917583));
#3166=CARTESIAN_POINT('',(7.301321671,-96.754832605,322.421291757));
#3167=CARTESIAN_POINT('',(6.906582595,-96.80513474,321.684501863));
#3168=CARTESIAN_POINT('',(6.268748623,-96.910020465,320.148210357));
#3169=CARTESIAN_POINT('',(6.025669499,-96.964601462,319.348746734));
#3170=CARTESIAN_POINT('',(5.700504557,-97.075947554,317.71782837));
#3171=CARTESIAN_POINT('',(5.618426779,-97.132709896,316.886413957));
#3172=CARTESIAN_POINT('',(5.618426775,-97.189473641,316.054978985));
#3173=CARTESIAN_POINT('',(18.351386138,-96.267628136,328.75460989));
#3174=CARTESIAN_POINT('',(17.518015899,-96.267628136,328.75460989));
#3175=CARTESIAN_POINT('',(16.684666266,-96.27328377,328.672727199));
#3176=CARTESIAN_POINT('',(15.049951738,-96.295689518,328.34833512));
#3177=CARTESIAN_POINT('',(14.248627265,-96.312439078,328.105833754));
#3178=CARTESIAN_POINT('',(12.70875985,-96.356389534,327.469515802));
#3179=CARTESIAN_POINT('',(11.970254985,-96.383589344,327.075714952));
#3180=CARTESIAN_POINT('',(10.584410924,-96.447395517,326.151924469));
#3181=CARTESIAN_POINT('',(9.937105995,-96.484000302,325.62195768));
#3182=CARTESIAN_POINT('',(8.758542498,-96.565210156,324.446195416));
#3183=CARTESIAN_POINT('',(8.227313071,-96.609813216,323.800429015));
#3184=CARTESIAN_POINT('',(7.301321671,-96.705305902,322.417878854));
#3185=CARTESIAN_POINT('',(6.906582595,-96.756193166,321.681129281));
#3186=CARTESIAN_POINT('',(6.268748623,-96.862298954,320.144921851));
#3187=CARTESIAN_POINT('',(6.025669499,-96.917514853,319.345501979));
#3188=CARTESIAN_POINT('',(5.700504557,-97.030156156,317.714672869));
#3189=CARTESIAN_POINT('',(5.618426779,-97.087578775,316.883303955));
#3190=CARTESIAN_POINT('',(5.618426775,-97.145002813,316.051914484));
#3191=CARTESIAN_POINT('',(18.351386138,-96.25671698,328.753855386));
#3192=CARTESIAN_POINT('',(17.518015897,-96.25671698,328.753855386));
#3193=CARTESIAN_POINT('',(16.684666263,-96.262385617,328.671973594));
#3194=CARTESIAN_POINT('',(15.049951731,-96.284842877,328.347585076));
#3195=CARTESIAN_POINT('',(14.248627256,-96.301630945,328.105086371));
#3196=CARTESIAN_POINT('',(12.708759838,-96.345682445,327.468775404));
#3197=CARTESIAN_POINT('',(11.970254972,-96.372944788,327.074978876));
#3198=CARTESIAN_POINT('',(10.58441091,-96.436897654,326.151198534));
#3199=CARTESIAN_POINT('',(9.93710598,-96.473586595,325.621237562));
#3200=CARTESIAN_POINT('',(8.758542483,-96.554983154,324.445488204));
#3201=CARTESIAN_POINT('',(8.227313056,-96.599688759,323.799728891));
#3202=CARTESIAN_POINT('',(7.301321657,-96.695400986,322.417193907));
#3203=CARTESIAN_POINT('',(6.906582582,-96.746405243,321.680452422));
#3204=CARTESIAN_POINT('',(6.268748613,-96.852754972,320.144261855));
#3205=CARTESIAN_POINT('',(6.02566949,-96.908097815,319.344850759));
#3206=CARTESIAN_POINT('',(5.700504552,-97.020998085,317.714039552));
#3207=CARTESIAN_POINT('',(5.618426776,-97.078552721,316.882679765));
#3208=CARTESIAN_POINT('',(5.618426775,-97.136108779,316.051299421));
#3209=CARTESIAN_POINT('',(18.351386138,-96.23741746,328.752516211));
#3210=CARTESIAN_POINT('',(17.518015897,-96.23741746,328.752516211));
#3211=CARTESIAN_POINT('',(16.684666263,-96.243109091,328.670636014));
#3212=CARTESIAN_POINT('',(15.049951731,-96.265657447,328.346253818));
#3213=CARTESIAN_POINT('',(14.248627256,-96.282513614,328.103759838));
#3214=CARTESIAN_POINT('',(12.708759838,-96.326743804,327.46746127));
#3215=CARTESIAN_POINT('',(11.970254972,-96.354116734,327.073672416));
#3216=CARTESIAN_POINT('',(10.58441091,-96.418329018,326.149910074));
#3217=CARTESIAN_POINT('',(9.93710598,-96.455166784,325.619959429));
#3218=CARTESIAN_POINT('',(8.758542483,-96.536893519,324.444232982));
#3219=CARTESIAN_POINT('',(8.227313056,-96.581780467,323.798486252));
#3220=CARTESIAN_POINT('',(7.301321657,-96.677880941,322.415978208));
#3221=CARTESIAN_POINT('',(6.906582582,-96.729092091,321.679251079));
#3222=CARTESIAN_POINT('',(6.268748613,-96.835873216,320.143090446));
#3223=CARTESIAN_POINT('',(6.02566949,-96.891440552,319.343694928));
#3224=CARTESIAN_POINT('',(5.700504552,-97.00479879,317.712915498));
#3225=CARTESIAN_POINT('',(5.618426776,-97.06258689,316.881571911));
#3226=CARTESIAN_POINT('',(5.618426775,-97.120376418,316.050207768));
#3227=CARTESIAN_POINT('',(18.351386138,-96.228713165,328.751910093));
#3228=CARTESIAN_POINT('',(17.518015897,-96.228713165,328.751910093));
#3229=CARTESIAN_POINT('',(16.684666262,-96.234416824,328.670030734));
#3230=CARTESIAN_POINT('',(15.04995173,-96.25701283,328.345651856));
#3231=CARTESIAN_POINT('',(14.248627255,-96.273904619,328.103160357));
#3232=CARTESIAN_POINT('',(12.708759837,-96.318228281,327.466868299));
#3233=CARTESIAN_POINT('',(11.970254971,-96.345659057,327.073083473));
#3234=CARTESIAN_POINT('',(10.584410908,-96.41000704,326.149330583));
#3235=CARTESIAN_POINT('',(9.937105979,-96.446922654,325.619385359));
#3236=CARTESIAN_POINT('',(8.758542481,-96.528822101,324.443670941));
#3237=CARTESIAN_POINT('',(8.227313054,-96.573803908,323.797930818));
#3238=CARTESIAN_POINT('',(7.301321655,-96.67010747,322.415436919));
#3239=CARTESIAN_POINT('',(6.90658258,-96.721426843,321.678717327));
#3240=CARTESIAN_POINT('',(6.268748611,-96.828433627,320.142572411));
#3241=CARTESIAN_POINT('',(6.025669489,-96.884118392,319.343185071));
#3242=CARTESIAN_POINT('',(5.700504551,-96.997716188,317.712422326));
#3243=CARTESIAN_POINT('',(5.618426776,-97.05562641,316.881087245));
#3244=CARTESIAN_POINT('',(5.618426775,-97.113538065,316.049731607));
#3245=CARTESIAN_POINT('',(18.351386138,-96.221095194,328.751379041));
#3246=CARTESIAN_POINT('',(17.518015897,-96.221095194,328.751379041));
#3247=CARTESIAN_POINT('',(16.684666262,-96.226803879,328.669500033));
#3248=CARTESIAN_POINT('',(15.04995173,-96.249419796,328.345122542));
#3249=CARTESIAN_POINT('',(14.248627254,-96.266326469,328.10263208));
#3250=CARTESIAN_POINT('',(12.708759836,-96.310689185,327.466342744));
#3251=CARTESIAN_POINT('',(11.97025497,-96.338144132,327.072559602));
#3252=CARTESIAN_POINT('',(10.584410907,-96.402548814,326.148810662));
#3253=CARTESIAN_POINT('',(9.937105978,-96.439496956,325.618867705));
#3254=CARTESIAN_POINT('',(8.75854248,-96.521468568,324.443158315));
#3255=CARTESIAN_POINT('',(8.227313053,-96.56649001,323.797420953));
#3256=CARTESIAN_POINT('',(7.301321654,-96.662878428,322.414932966));
#3257=CARTESIAN_POINT('',(6.906582579,-96.71424302,321.678216525));
#3258=CARTESIAN_POINT('',(6.26874861,-96.821344092,320.142078178));
#3259=CARTESIAN_POINT('',(6.025669488,-96.877077923,319.342694257));
#3260=CARTESIAN_POINT('',(5.70050455,-96.990775814,317.711938486));
#3261=CARTESIAN_POINT('',(5.618426775,-97.048737063,316.880606961));
#3262=CARTESIAN_POINT('',(5.618426775,-97.106699745,316.049254878));
#3263=B_SPLINE_SURFACE_WITH_KNOTS('',3,3,((#1139,#1140,#1141,#1142,#1143,#1144,#1145,#1146,#1147,#1148,#1149,#1150,#1151,#1152,#1153,#1154,#1155,#1156),(#1157,#1158,#1159,#1160,#1161,#1162,#1163,#1164,#1165,#1166,#1167,#1168,#1169,#1170,#1171,#1172,#1173,#1174),(#1175,#1176,#1177,#1178,#1179,#1180,#1181,#1182,#1183,#1184,#1185,#1186,#1187,#1188,#1189,#1190,#1191,#1192),(#1193,#1194,#1195,#1196,#1197,#1198,#1199,#1200,#1201,#1202,#1203,#1204,#1205,#1206,#1207,#1208,#1209,#1210),(#1211,#1212,#1213,#1214,#1215,#1216,#1217,#1218,#1219,#1220,#1221,#1222,#1223,#1224,#1225,#1226,#1227,#1228),(#1229,#1230,#1231,#1232,#1233,#1234,#1235,#1236,#1237,#1238,#1239,#1240,#1241,#1242,#1243,#1244,#1245,#1246),(#1247,#1248,#1249,#1250,#1251,#1252,#1253,#1254,#1255,#1256,#1257,#1258,#1259,#1260,#1261,#1262,#1263,#1264),(#1265,#1266,#1267,#1268,#1269,#1270,#1271,#1272,#1273,#1274,#1275,#1276,#1277,#1278,#1279,#1280,#1281,#1282),(#1283,#1284,#1285,#1286,#1287,#1288,#1289,#1290,#1291,#1292,#1293,#1294,#1295,#1296,#1297,#1298,#1299,#1300),(#1301,#1302,#1303,#1304,#1305,#1306,#1307,#1308,#1309,#1310,#1311,#1312,#1313,#1314,#1315,#1316,#1317,#1318),(#1319,#1320,#1321,#1322,#1323,#1324,#1325,#1326,#1327,#1328,#1329,#1330,#1331,#1332,#1333,#1334,#1335,#1336),(#1337,#1338,#1339,#1340,#1341,#1342,#1343,#1344,#1345,#1346,#1347,#1348,#1349,#1350,#1351,#1352,#1353,#1354),(#1355,#1356,#1357,#1358,#1359,#1360,#1361,#1362,#1363,#1364,#1365,#1366,#1367,#1368,#1369,#1370,#1371,#1372),(#1373,#1374,#1375,#1376,#1377,#1378,#1379,#1380,#1381,#1382,#1383,#1384,#1385,#1386,#1387,#1388,#1389,#1390),(#1391,#1392,#1393,#1394,#1395,#1396,#1397,#1398,#1399,#1400,#1401,#1402,#1403,#1404,#1405,#1406,#1407,#1408),(#1409,#1410,#1411,#1412,#1413,#1414,#1415,#1416,#1417,#1418,#1419,#1420,#1421,#1422,#1423,#1424,#1425,#1426),(#1427,#1428,#1429,#1430,#1431,#1432,#1433,#1434,#1435,#1436,#1437,#1438,#1439,#1440,#1441,#1442,#1443,#1444),(#1445,#1446,#1447,#1448,#1449,#1450,#1451,#1452,#1453,#1454,#1455,#1456,#1457,#1458,#1459,#1460,#1461,#1462),(#1463,#1464,#1465,#1466,#1467,#1468,#1469,#1470,#1471,#1472,#1473,#1474,#1475,#1476,#1477,#1478,#1479,#1480),(#1481,#1482,#1483,#1484,#1485,#1486,#1487,#1488,#1489,#1490,#1491,#1492,#1493,#1494,#1495,#1496,#1497,#1498),(#1499,#1500,#1501,#1502,#1503,#1504,#1505,#1506,#1507,#1508,#1509,#1510,#1511,#1512,#1513,#1514,#1515,#1516),(#1517,#1518,#1519,#1520,#1521,#1522,#1523,#1524,#1525,#1526,#1527,#1528,#1529,#1530,#1531,#1532,#1533,#1534),(#1535,#1536,#1537,#1538,#1539,#1540,#1541,#1542,#1543,#1544,#1545,#1546,#1547,#1548,#1549,#1550,#1551,#1552),(#1553,#1554,#1555,#1556,#1557,#1558,#1559,#1560,#1561,#1562,#1563,#1564,#1565,#1566,#1567,#1568,#1569,#1570),(#1571,#1572,#1573,#1574,#1575,#1576,#1577,#1578,#1579,#1580,#1581,#1582,#1583,#1584,#1585,#1586,#1587,#1588),(#1589,#1590,#1591,#1592,#1593,#1594,#1595,#1596,#1597,#1598,#1599,#1600,#1601,#1602,#1603,#1604,#1605,#1606),
(#1607,#1608,#1609,#1610,#1611,#1612,#1613,#1614,#1615,#1616,#1617,#1618,#1619,#1620,#1621,#1622,#1623,#1624),(#1625,#1626,#1627,#1628,#1629,#1630,#1631,#1632,#1633,#1634,#1635,#1636,#1637,#1638,#1639,#1640,#1641,#1642),(#1643,#1644,#1645,#1646,#1647,#1648,#1649,#1650,#1651,#1652,#1653,#1654,#1655,#1656,#1657,#1658,#1659,#1660),(#1661,#1662,#1663,#1664,#1665,#1666,#1667,#1668,#1669,#1670,#1671,#1672,#1673,#1674,#1675,#1676,#1677,#1678),(#1679,#1680,#1681,#1682,#1683,#1684,#1685,#1686,#1687,#1688,#1689,#1690,#1691,#1692,#1693,#1694,#1695,#1696),(#1697,#1698,#1699,#1700,#1701,#1702,#1703,#1704,#1705,#1706,#1707,#1708,#1709,#1710,#1711,#1712,#1713,#1714),(#1715,#1716,#1717,#1718,#1719,#1720,#1721,#1722,#1723,#1724,#1725,#1726,#1727,#1728,#1729,#1730,#1731,#1732),(#1733,#1734,#1735,#1736,#1737,#1738,#1739,#1740,#1741,#1742,#1743,#1744,#1745,#1746,#1747,#1748,#1749,#1750),(#1751,#1752,#1753,#1754,#1755,#1756,#1757,#1758,#1759,#1760,#1761,#1762,#1763,#1764,#1765,#1766,#1767,#1768),(#1769,#1770,#1771,#1772,#1773,#1774,#1775,#1776,#1777,#1778,#1779,#1780,#1781,#1782,#1783,#1784,#1785,#1786),(#1787,#1788,#1789,#1790,#1791,#1792,#1793,#1794,#1795,#1796,#1797,#1798,#1799,#1800,#1801,#1802,#1803,#1804),(#1805,#1806,#1807,#1808,#1809,#1810,#1811,#1812,#1813,#1814,#1815,#1816,#1817,#1818,#1819,#1820,#1821,#1822),(#1823,#1824,#1825,#1826,#1827,#1828,#1829,#1830,#1831,#1832,#1833,#1834,#1835,#1836,#1837,#1838,#1839,#1840),(#1841,#1842,#1843,#1844,#1845,#1846,#1847,#1848,#1849,#1850,#1851,#1852,#1853,#1854,#1855,#1856,#1857,#1858),(#1859,#1860,#1861,#1862,#1863,#1864,#1865,#1866,#1867,#1868,#1869,#1870,#1871,#1872,#1873,#1874,#1875,#1876),(#1877,#1878,#1879,#1880,#1881,#1882,#1883,#1884,#1885,#1886,#1887,#1888,#1889,#1890,#1891,#1892,#1893,#1894),(#1895,#1896,#1897,#1898,#1899,#1900,#1901,#1902,#1903,#1904,#1905,#1906,#1907,#1908,#1909,#1910,#1911,#1912),(#1913,#1914,#1915,#1916,#1917,#1918,#1919,#1920,#1921,#1922,#1923,#1924,#1925,#1926,#1927,#1928,#1929,#1930),(#1931,#1932,#1933,#1934,#1935,#1936,#1937,#1938,#1939,#1940,#1941,#1942,#1943,#1944,#1945,#1946,#1947,#1948),(#1949,#1950,#1951,#1952,#1953,#1954,#1955,#1956,#1957,#1958,#1959,#1960,#1961,#1962,#1963,#1964,#1965,#1966),(#1967,#1968,#1969,#1970,#1971,#1972,#1973,#1974,#1975,#1976,#1977,#1978,#1979,#1980,#1981,#1982,#1983,#1984),(#1985,#1986,#1987,#1988,#1989,#1990,#1991,#1992,#1993,#1994,#1995,#1996,#1997,#1998,#1999,#2000,#2001,#2002),(#2003,#2004,#2005,#2006,#2007,#2008,#2009,#2010,#2011,#2012,#2013,#2014,#2015,#2016,#2017,#2018,#2019,#2020),(#2021,#2022,#2023,#2024,#2025,#2026,#2027,#2028,#2029,#2030,#2031,#2032,#2033,#2034,#2035,#2036,#2037,#2038),(#2039,#2040,#2041,#2042,#2043,#2044,#2045,#2046,#2047,#2048,#2049,#2050,#2051,#2052,#2053,#2054,#2055,#2056),
(#2057,#2058,#2059,#2060,#2061,#2062,#2063,#2064,#2065,#2066,#2067,#2068,#2069,#2070,#2071,#2072,#2073,#2074),(#2075,#2076,#2077,#2078,#2079,#2080,#2081,#2082,#2083,#2084,#2085,#2086,#2087,#2088,#2089,#2090,#2091,#2092),(#2093,#2094,#2095,#2096,#2097,#2098,#2099,#2100,#2101,#2102,#2103,#2104,#2105,#2106,#2107,#2108,#2109,#2110),(#2111,#2112,#2113,#2114,#2115,#2116,#2117,#2118,#2119,#2120,#2121,#2122,#2123,#2124,#2125,#2126,#2127,#2128),(#2129,#2130,#2131,#2132,#2133,#2134,#2135,#2136,#2137,#2138,#2139,#2140,#2141,#2142,#2143,#2144,#2145,#2146),(#2147,#2148,#2149,#2150,#2151,#2152,#2153,#2154,#2155,#2156,#2157,#2158,#2159,#2160,#2161,#2162,#2163,#2164),(#2165,#2166,#2167,#2168,#2169,#2170,#2171,#2172,#2173,#2174,#2175,#2176,#2177,#2178,#2179,#2180,#2181,#2182),(#2183,#2184,#2185,#2186,#2187,#2188,#2189,#2190,#2191,#2192,#2193,#2194,#2195,#2196,#2197,#2198,#2199,#2200),(#2201,#2202,#2203,#2204,#2205,#2206,#2207,#2208,#2209,#2210,#2211,#2212,#2213,#2214,#2215,#2216,#2217,#2218),(#2219,#2220,#2221,#2222,#2223,#2224,#2225,#2226,#2227,#2228,#2229,#2230,#2231,#2232,#2233,#2234,#2235,#2236),(#2237,#2238,#2239,#2240,#2241,#2242,#2243,#2244,#2245,#2246,#2247,#2248,#2249,#2250,#2251,#2252,#2253,#2254),(#2255,#2256,#2257,#2258,#2259,#2260,#2261,#2262,#2263,#2264,#2265,#2266,#2267,#2268,#2269,#2270,#2271,#2272),(#2273,#2274,#2275,#2276,#2277,#2278,#2279,#2280,#2281,#2282,#2283,#2284,#2285,#2286,#2287,#2288,#2289,#2290),(#2291,#2292,#2293,#2294,#2295,#2296,#2297,#2298,#2299,#2300,#2301,#2302,#2303,#2304,#2305,#2306,#2307,#2308),(#2309,#2310,#2311,#2312,#2313,#2314,#2315,#2316,#2317,#2318,#2319,#2320,#2321,#2322,#2323,#2324,#2325,#2326),(#2327,#2328,#2329,#2330,#2331,#2332,#2333,#2334,#2335,#2336,#2337,#2338,#2339,#2340,#2341,#2342,#2343,#2344),(#2345,#2346,#2347,#2348,#2349,#2350,#2351,#2352,#2353,#2354,#2355,#2356,#2357,#2358,#2359,#2360,#2361,#2362),(#2363,#2364,#2365,#2366,#2367,#2368,#2369,#2370,#2371,#2372,#2373,#2374,#2375,#2376,#2377,#2378,#2379,#2380),(#2381,#2382,#2383,#2384,#2385,#2386,#2387,#2388,#2389,#2390,#2391,#2392,#2393,#2394,#2395,#2396,#2397,#2398),(#2399,#2400,#2401,#2402,#2403,#2404,#2405,#2406,#2407,#2408,#2409,#2410,#2411,#2412,#2413,#2414,#2415,#2416),(#2417,#2418,#2419,#2420,#2421,#2422,#2423,#2424,#2425,#2426,#2427,#2428,#2429,#2430,#2431,#2432,#2433,#2434),(#2435,#2436,#2437,#2438,#2439,#2440,#2441,#2442,#2443,#2444,#2445,#2446,#2447,#2448,#2449,#2450,#2451,#2452),(#2453,#2454,#2455,#2456,#2457,#2458,#2459,#2460,#2461,#2462,#2463,#2464,#2465,#2466,#2467,#2468,#2469,#2470),(#2471,#2472,#2473,#2474,#2475,#2476,#2477,#2478,#2479,#2480,#2481,#2482,#2483,#2484,#2485,#2486,#2487,#2488),(#2489,#2490,#2491,#2492,#2493,#2494,#2495,#2496,#2497,#2498,#2499,#2500,#2501,#2502,#2503,#2504,#2505,#2506),
(#2507,#2508,#2509,#2510,#2511,#2512,#2513,#2514,#2515,#2516,#2517,#2518,#2519,#2520,#2521,#2522,#2523,#2524),(#2525,#2526,#2527,#2528,#2529,#2530,#2531,#2532,#2533,#2534,#2535,#2536,#2537,#2538,#2539,#2540,#2541,#2542),(#2543,#2544,#2545,#2546,#2547,#2548,#2549,#2550,#2551,#2552,#2553,#2554,#2555,#2556,#2557,#2558,#2559,#2560),(#2561,#2562,#2563,#2564,#2565,#2566,#2567,#2568,#2569,#2570,#2571,#2572,#2573,#2574,#2575,#2576,#2577,#2578),(#2579,#2580,#2581,#2582,#2583,#2584,#2585,#2586,#2587,#2588,#2589,#2590,#2591,#2592,#2593,#2594,#2595,#2596),(#2597,#2598,#2599,#2600,#2601,#2602,#2603,#2604,#2605,#2606,#2607,#2608,#2609,#2610,#2611,#2612,#2613,#2614),(#2615,#2616,#2617,#2618,#2619,#2620,#2621,#2622,#2623,#2624,#2625,#2626,#2627,#2628,#2629,#2630,#2631,#2632),(#2633,#2634,#2635,#2636,#2637,#2638,#2639,#2640,#2641,#2642,#2643,#2644,#2645,#2646,#2647,#2648,#2649,#2650),(#2651,#2652,#2653,#2654,#2655,#2656,#2657,#2658,#2659,#2660,#2661,#2662,#2663,#2664,#2665,#2666,#2667,#2668),(#2669,#2670,#2671,#2672,#2673,#2674,#2675,#2676,#2677,#2678,#2679,#2680,#2681,#2682,#2683,#2684,#2685,#2686),(#2687,#2688,#2689,#2690,#2691,#2692,#2693,#2694,#2695,#2696,#2697,#2698,#2699,#2700,#2701,#2702,#2703,#2704),(#2705,#2706,#2707,#2708,#2709,#2710,#2711,#2712,#2713,#2714,#2715,#2716,#2717,#2718,#2719,#2720,#2721,#2722),(#2723,#2724,#2725,#2726,#2727,#2728,#2729,#2730,#2731,#2732,#2733,#2734,#2735,#2736,#2737,#2738,#2739,#2740),(#2741,#2742,#2743,#2744,#2745,#2746,#2747,#2748,#2749,#2750,#2751,#2752,#2753,#2754,#2755,#2756,#2757,#2758),(#2759,#2760,#2761,#2762,#2763,#2764,#2765,#2766,#2767,#2768,#2769,#2770,#2771,#2772,#2773,#2774,#2775,#2776),(#2777,#2778,#2779,#2780,#2781,#2782,#2783,#2784,#2785,#2786,#2787,#2788,#2789,#2790,#2791,#2792,#2793,#2794),(#2795,#2796,#2797,#2798,#2799,#2800,#2801,#2802,#2803,#2804,#2805,#2806,#2807,#2808,#2809,#2810,#2811,#2812),(#2813,#2814,#2815,#2816,#2817,#2818,#2819,#2820,#2821,#2822,#2823,#2824,#2825,#2826,#2827,#2828,#2829,#2830),(#2831,#2832,#2833,#2834,#2835,#2836,#2837,#2838,#2839,#2840,#2841,#2842,#2843,#2844,#2845,#2846,#2847,#2848),(#2849,#2850,#2851,#2852,#2853,#2854,#2855,#2856,#2857,#2858,#2859,#2860,#2861,#2862,#2863,#2864,#2865,#2866),(#2867,#2868,#2869,#2870,#2871,#2872,#2873,#2874,#2875,#2876,#2877,#2878,#2879,#2880,#2881,#2882,#2883,#2884),(#2885,#2886,#2887,#2888,#2889,#2890,#2891,#2892,#2893,#2894,#2895,#2896,#2897,#2898,#2899,#2900,#2901,#2902),(#2903,#2904,#2905,#2906,#2907,#2908,#2909,#2910,#2911,#2912,#2913,#2914,#2915,#2916,#2917,#2918,#2919,#2920),(#2921,#2922,#2923,#2924,#2925,#2926,#2927,#2928,#2929,#2930,#2931,#2932,#2933,#2934,#2935,#2936,#2937,#2938),(#2939,#2940,#2941,#2942,#2943,#2944,#2945,#2946,#2947,#2948,#2949,#2950,#2951,#2952,#2953,#2954,#2955,#2956),
(#2957,#2958,#2959,#2960,#2961,#2962,#2963,#2964,#2965,#2966,#2967,#2968,#2969,#2970,#2971,#2972,#2973,#2974),(#2975,#2976,#2977,#2978,#2979,#2980,#2981,#2982,#2983,#2984,#2985,#2986,#2987,#2988,#2989,#2990,#2991,#2992),(#2993,#2994,#2995,#2996,#2997,#2998,#2999,#3000,#3001,#3002,#3003,#3004,#3005,#3006,#3007,#3008,#3009,#3010),(#3011,#3012,#3013,#3014,#3015,#3016,#3017,#3018,#3019,#3020,#3021,#3022,#3023,#3024,#3025,#3026,#3027,#3028),(#3029,#3030,#3031,#3032,#3033,#3034,#3035,#3036,#3037,#3038,#3039,#3040,#3041,#3042,#3043,#3044,#3045,#3046),(#3047,#3048,#3049,#3050,#3051,#3052,#3053,#3054,#3055,#3056,#3057,#3058,#3059,#3060,#3061,#3062,#3063,#3064),(#3065,#3066,#3067,#3068,#3069,#3070,#3071,#3072,#3073,#3074,#3075,#3076,#3077,#3078,#3079,#3080,#3081,#3082),(#3083,#3084,#3085,#3086,#3087,#3088,#3089,#3090,#3091,#3092,#3093,#3094,#3095,#3096,#3097,#3098,#3099,#3100),(#3101,#3102,#3103,#3104,#3105,#3106,#3107,#3108,#3109,#3110,#3111,#3112,#3113,#3114,#3115,#3116,#3117,#3118),(#3119,#3120,#3121,#3122,#3123,#3124,#3125,#3126,#3127,#3128,#3129,#3130,#3131,#3132,#3133,#3134,#3135,#3136),(#3137,#3138,#3139,#3140,#3141,#3142,#3143,#3144,#3145,#3146,#3147,#3148,#3149,#3150,#3151,#3152,#3153,#3154),(#3155,#3156,#3157,#3158,#3159,#3160,#3161,#3162,#3163,#3164,#3165,#3166,#3167,#3168,#3169,#3170,#3171,#3172),(#3173,#3174,#3175,#3176,#3177,#3178,#3179,#3180,#3181,#3182,#3183,#3184,#3185,#3186,#3187,#3188,#3189,#3190),(#3191,#3192,#3193,#3194,#3195,#3196,#3197,#3198,#3199,#3200,#3201,#3202,#3203,#3204,#3205,#3206,#3207,#3208),(#3209,#3210,#3211,#3212,#3213,#3214,#3215,#3216,#3217,#3218,#3219,#3220,#3221,#3222,#3223,#3224,#3225,#3226),(#3227,#3228,#3229,#3230,#3231,#3232,#3233,#3234,#3235,#3236,#3237,#3238,#3239,#3240,#3241,#3242,#3243,#3244),(#3245,#3246,#3247,#3248,#3249,#3250,#3251,#3252,#3253,#3254,#3255,#3256,#3257,#3258,#3259,#3260,#3261,#3262)),.UNSPECIFIED.,.F.,.F.,.U.,(4,2,2,2,2,2,2,2,2,2,2,2,2,2,2,2,2,2,2,2,2,2,2,2,2,2,
2,2,2,2,2,2,2,2,2,2,2,2,2,2,2,2,2,2,2,2,2,2,2,2,2,
2,2,2,2,2,2,2,4),(4,2,2,2,2,2,2,2,4),(0.899183787,0.899319828,0.899426615,0.899480009,0.899533403,0.899746978,0.906581392,0.913415805,0.920250219,0.927084632,0.930501839,0.932210442,0.933919046,0.940753459,0.947587873,0.951005079,0.952713683,0.954422286,0.957839493,0.9612567,0.964673906,0.96638251,0.967236811,0.968091113,0.97150832,0.974925526,
0.978342733,0.980051337,0.98175994,0.985177147,0.98688575,0.988594353,0.99201156,0.995428767,0.998845974,1.00226318,1.003971784,1.004826085,1.005680387,1.009097594,1.0125148,1.015932007,1.019349214,1.021057817,1.022766421,1.029600834,1.036435248,1.039852454,1.041561058,1.043269661,1.050104074,
1.053521281,1.055229885,1.056938488,1.063772901,1.064200052,1.06430684,1.064333537,1.064354064),(0.,0.125,0.25,0.375,0.5,0.625,0.75,0.875,1.),.UNSPECIFIED.);
#3264=ORIENTED_EDGE('',*,*,#1133,.T.);
#3265=ORIENTED_EDGE('',*,*,#1002,.F.);
#3266=CARTESIAN_POINT('',(18.351386138,-95.626207622,200.863876185));
#3267=CARTESIAN_POINT('',(17.51069515,-95.626207622,200.863876185));
#3268=CARTESIAN_POINT('',(16.684047691,-95.602023089,200.942708581));
#3269=CARTESIAN_POINT('',(15.870868976,-95.554643868,201.097146856));
#3270=CARTESIAN_POINT('',(15.464279619,-95.530954258,201.174365994));
#3271=CARTESIAN_POINT('',(15.061082459,-95.501422902,201.270627004));
#3272=CARTESIAN_POINT('',(14.661354651,-95.465916935,201.386362979));
#3273=CARTESIAN_POINT('',(14.261626842,-95.430410968,201.502098953));
#3274=CARTESIAN_POINT('',(13.864269575,-95.388728668,201.63796743));
#3275=CARTESIAN_POINT('',(13.478969303,-95.341913949,201.790565642));
#3276=CARTESIAN_POINT('',(12.70836876,-95.248284512,202.095762066));
#3277=CARTESIAN_POINT('',(11.977376087,-95.133693371,202.469285689));
#3278=CARTESIAN_POINT('',(11.285627686,-94.998332953,202.910509268));
#3279=CARTESIAN_POINT('',(10.939753485,-94.930652744,203.131121058));
#3280=CARTESIAN_POINT('',(10.602667791,-94.857477592,203.369644277));
#3281=CARTESIAN_POINT('',(10.278284939,-94.779457837,203.623959063));
#3282=CARTESIAN_POINT('',(9.953902087,-94.701438082,203.878273849));
#3283=CARTESIAN_POINT('',(9.645154845,-94.61933563,204.145896675));
#3284=CARTESIAN_POINT('',(9.351552923,-94.533278505,204.426410237));
#3285=CARTESIAN_POINT('',(8.764349078,-94.361164255,204.987437359));
#3286=CARTESIAN_POINT('',(8.237297277,-94.173343389,205.599662087));
#3287=CARTESIAN_POINT('',(7.771809316,-93.969447266,206.264286051));
#3288=CARTESIAN_POINT('',(7.655437325,-93.918473235,206.430442042));
#3289=CARTESIAN_POINT('',(7.542656927,-93.866336587,206.600387722));
#3290=CARTESIAN_POINT('',(7.434805342,-93.813639549,206.772160064));
#3291=CARTESIAN_POINT('',(7.326953756,-93.76094251,206.943932407));
#3292=CARTESIAN_POINT('',(7.223937184,-93.707662366,207.117605452));
#3293=CARTESIAN_POINT('',(7.12566601,-93.653809924,207.293143971));
#3294=CARTESIAN_POINT('',(6.929123662,-93.54610504,207.64422101));
#3295=CARTESIAN_POINT('',(6.751529316,-93.436115014,208.002746741));
#3296=CARTESIAN_POINT('',(6.592592591,-93.323874868,208.368607013));
#3297=CARTESIAN_POINT('',(6.433655866,-93.211634722,208.734467284));
#3298=CARTESIAN_POINT('',(6.293376955,-93.097144431,209.107662172));
#3299=CARTESIAN_POINT('',(6.172005293,-92.980373914,209.488289731));
#3300=CARTESIAN_POINT('',(6.111319462,-92.921988656,209.67860351));
#3301=CARTESIAN_POINT('',(6.055368806,-92.863032333,209.870778745));
#3302=CARTESIAN_POINT('',(6.004237339,-92.803494812,210.064848462));
#3303=CARTESIAN_POINT('',(5.953105872,-92.743957291,210.25891818));
#3304=CARTESIAN_POINT('',(5.906736822,-92.683730639,210.455234205));
#3305=CARTESIAN_POINT('',(5.86562132,-92.623415362,210.651839112));
#3306=CARTESIAN_POINT('',(5.783390317,-92.502784809,211.045048925));
#3307=CARTESIAN_POINT('',(5.721737887,-92.381424831,211.440636384));
#3308=CARTESIAN_POINT('',(5.680495191,-92.259341414,211.838581982));
#3309=CARTESIAN_POINT('',(5.639252495,-92.137257997,212.236527579));
#3310=CARTESIAN_POINT('',(5.618426775,-92.01426333,212.637438307));
#3311=CARTESIAN_POINT('',(5.618426775,-91.890981233,213.039296347));
#3312=B_SPLINE_CURVE_WITH_KNOTS('',3,(#3266,#3267,#3268,#3269,#3270,#3271,#3272,#3273,#3274,#3275,#3276,#3277,#3278,#3279,#3280,#3281,#3282,#3283,#3284,#3285,#3286,#3287,#3288,#3289,#3290,#3291,
#3292,#3293,#3294,#3295,#3296,#3297,#3298,#3299,#3300,#3301,#3302,#3303,#3304,#3305,#3306,#3307,#3308,#3309,#3310,#3311),.UNSPECIFIED.,.F.,.F.,(4,3,3,3,3,3,3,3,3,3,3,3,3,3,3,4),(0.,0.002486273,0.003729409,0.004972546,0.007458819,0.008701955,0.009945092,0.012431365,0.013052933,0.013674501,0.014917638,0.016160774,0.016782343,0.017403911,0.018647047,0.019890184),.UNSPECIFIED.);
#3313=EDGE_CURVE('',#35,#859,#3312,.T.);
#3314=ORIENTED_EDGE('',*,*,#3313,.F.);
#3315=ORIENTED_EDGE('',*,*,#776,.F.);
#3316=EDGE_LOOP('',(#3264,#3265,#3314,#3315));
#3317=FACE_BOUND('',#3316,.T.);
#3318=ADVANCED_FACE('',(#3317),#3263,.T.);
#3319=CARTESIAN_POINT('',(18.351386138,80.359178774,156.412979869));
#3320=DIRECTION('',(0.,-0.94998294,0.312301798));
#3321=DIRECTION('',(0.,-0.312301798,-0.94998294));
#3322=AXIS2_PLACEMENT_3D('',#3319,#3320,#3321);
#3323=CYLINDRICAL_SURFACE('',#3322,12.732959363);
#3324=ORIENTED_EDGE('',*,*,#256,.F.);
#3325=ORIENTED_EDGE('',*,*,#48,.F.);
#3326=ORIENTED_EDGE('',*,*,#3313,.T.);
#3327=ORIENTED_EDGE('',*,*,#864,.F.);
#3328=EDGE_LOOP('',(#3324,#3325,#3326,#3327));
#3329=FACE_BOUND('',#3328,.T.);
#3330=ADVANCED_FACE('',(#3329),#3323,.T.);
#3331=CLOSED_SHELL('',(#82,#122,#163,#195,#235,#267,#498,#539,#587,#789,#827,#1014,#1033,#1050,#1062,#1081,#1138,#3318,#3330));
#3332=MANIFOLD_SOLID_BREP('Front Arm',#3331);
#3333=COLOUR_RGB('',0.941176474,0.862745106,0.015686275);
#3334=FILL_AREA_STYLE_COLOUR('',#3333);
#3335=FILL_AREA_STYLE('',(#3334));
#3336=SURFACE_STYLE_FILL_AREA(#3335);
#3337=SURFACE_SIDE_STYLE('',(#3336));
#3338=SURFACE_STYLE_USAGE(.BOTH.,#3337);
#3339=PRESENTATION_STYLE_ASSIGNMENT((#3338));
#26=STYLED_ITEM('',(#3339),#3332);
#16=SHAPE_REPRESENTATION('root',(#15),#10);
#17=ADVANCED_BREP_SHAPE_REPRESENTATION('root',(#3332),#10);
#3347=SHAPE_REPRESENTATION_RELATIONSHIP('','',#16,#17);
#3348=APPLICATION_CONTEXT('configuration controlled 3D design of mechanical parts and assemblies');
#3349=APPLICATION_PROTOCOL_DEFINITION('international standard','configuration_control_3d_design_ed2_mim',2004,#3348);
#3350=PRODUCT_CONTEXT('',#3348,'mechanical');
#3351=PRODUCT_DEFINITION_CONTEXT('part definition',#3348,'design');
#24=PRODUCT('root','root','',(#3350));
#3352=PRODUCT_RELATED_PRODUCT_CATEGORY('part','',(#24));
#3353=PRODUCT_DEFINITION_FORMATION_WITH_SPECIFIED_SOURCE('','',#24,.NOT_KNOWN.);
#25=PRODUCT_DEFINITION('design','',#3353,#3351);
#23=PRODUCT_DEFINITION_SHAPE('','',#25);
#3354=SHAPE_DEFINITION_REPRESENTATION(#23,#16);
#11=DRAUGHTING_MODEL('',(),#10);
#1=MECHANICAL_DESIGN_GEOMETRIC_PRESENTATION_REPRESENTATION('',(#26),#10);
ENDSEC;
END-ISO-10303-21;
