ISO-10303-21;
HEADER;

/* File generated by HOOPS Exchange Version 24.2.0 */

FILE_DESCRIPTION(('HOOPS Exchange Step'),'2;1');

FILE_NAME('C:\\Users\\andy\\OneDrive\\Desktop\\Scraper CAD\\Front Scraper\\Rear Arm.stp',
'2026-05-10T16:20:52-05:00',
('andy'),
('Unknown organisation'),
'HOOPS Exchange 2024.2',
'HOOPS Exchange',
'Unknown authorisation');

FILE_SCHEMA( ('AP203_CONFIGURATION_CONTROLLED_3D_DESIGN_OF_MECHANICAL_PARTS_AND_ASSEMBLIES_MIM_LF') );

ENDSEC;

DATA;
#3=(NAMED_UNIT(*)PLANE_ANGLE_UNIT()SI_UNIT($,.RADIAN.));
#4=PLANE_ANGLE_MEASURE_WITH_UNIT(PLANE_ANGLE_MEASURE(0.0174532925),#3);
#5=(CONVERSION_BASED_UNIT('DEGREE',#4)NAMED_UNIT(#6)PLANE_ANGLE_UNIT());
#6=DIMENSIONAL_EXPONENTS(0.,0.,0.,0.,0.,0.,0.);
#7=(NAMED_UNIT(*)SI_UNIT($,.STERADIAN.)SOLID_ANGLE_UNIT());
#8=(LENGTH_UNIT()NAMED_UNIT(*)SI_UNIT(.MILLI.,.METRE.));
#9=UNCERTAINTY_MEASURE_WITH_UNIT(LENGTH_MEASURE(1.000000E-05),#8,'DISTANCE_ACCURACY_VALUE','Maximum Tolerance applied to model');
#10=(GEOMETRIC_REPRESENTATION_CONTEXT(3)GLOBAL_UNCERTAINTY_ASSIGNED_CONTEXT((#9))GLOBAL_UNIT_ASSIGNED_CONTEXT((#8,#5,#7))REPRESENTATION_CONTEXT('','root'));
#12=CARTESIAN_POINT('',(0.,0.,0.));
#13=DIRECTION('',(0.,0.,1.));
#14=DIRECTION('',(1.,0.,0.));
#15=AXIS2_PLACEMENT_3D('',#12,#13,#14);
#27=CARTESIAN_POINT('',(-6.6608848,-469.550381943,16.091151513));
#28=DIRECTION('',(-0.,0.449131688,-0.893465571));
#29=DIRECTION('',(0.,0.893465571,0.449131688));
#30=AXIS2_PLACEMENT_3D('',#27,#28,#29);
#31=PLANE('',#30);
#32=CARTESIAN_POINT('',(48.824659717,-321.156347794,90.686597774));
#33=VERTEX_POINT('',#32);
#34=CARTESIAN_POINT('',(13.835022638,-321.156347794,90.686597774));
#35=VERTEX_POINT('',#34);
#36=CARTESIAN_POINT('',(48.824659717,-321.156347794,90.686597774));
#37=DIRECTION('',(-1.,-0.,-0.));
#38=VECTOR('',#37,34.989637079);
#39=LINE('',#36,#38);
#40=EDGE_CURVE('',#33,#35,#39,.T.);
#41=ORIENTED_EDGE('',*,*,#40,.F.);
#42=CARTESIAN_POINT('',(48.824659717,-469.550381943,16.091151513));
#43=VERTEX_POINT('',#42);
#44=CARTESIAN_POINT('',(48.824659717,-469.550381943,16.091151513));
#45=DIRECTION('',(0.,0.893465571,0.449131688));
#46=VECTOR('',#45,166.088139173);
#47=LINE('',#44,#46);
#48=EDGE_CURVE('',#43,#33,#47,.T.);
#49=ORIENTED_EDGE('',*,*,#48,.F.);
#50=CARTESIAN_POINT('',(24.443733577,-469.550381943,16.091151513));
#51=VERTEX_POINT('',#50);
#52=CARTESIAN_POINT('',(24.443733577,-469.550381943,16.091151513));
#53=DIRECTION('',(1.,0.,0.));
#54=VECTOR('',#53,24.38092614);
#55=LINE('',#52,#54);
#56=EDGE_CURVE('',#51,#43,#55,.T.);
#57=ORIENTED_EDGE('',*,*,#56,.F.);
#58=CARTESIAN_POINT('',(24.443733577,-346.84788472,77.771849056));
#59=VERTEX_POINT('',#58);
#60=CARTESIAN_POINT('',(24.443733577,-469.550381943,16.091151513));
#61=DIRECTION('',(0.,0.893465571,0.449131688));
#62=VECTOR('',#61,137.333212567);
#63=LINE('',#60,#62);
#64=EDGE_CURVE('',#51,#59,#63,.T.);
#65=ORIENTED_EDGE('',*,*,#64,.T.);
#66=CARTESIAN_POINT('',(13.835022638,-346.84788472,77.771849056));
#67=VERTEX_POINT('',#66);
#68=CARTESIAN_POINT('',(13.835022638,-346.84788472,77.771849056));
#69=DIRECTION('',(1.,0.,-0.));
#70=VECTOR('',#69,10.608710939);
#71=LINE('',#68,#70);
#72=EDGE_CURVE('',#67,#59,#71,.T.);
#73=ORIENTED_EDGE('',*,*,#72,.F.);
#74=CARTESIAN_POINT('',(13.835022638,-346.84788472,77.771849056));
#75=DIRECTION('',(0.,0.893465571,0.449131688));
#76=VECTOR('',#75,28.754926605);
#77=LINE('',#74,#76);
#78=EDGE_CURVE('',#67,#35,#77,.T.);
#79=ORIENTED_EDGE('',*,*,#78,.T.);
#80=EDGE_LOOP('',(#41,#49,#57,#65,#73,#79));
#81=FACE_BOUND('',#80,.T.);
#82=ADVANCED_FACE('',(#81),#31,.T.);
#83=CARTESIAN_POINT('',(-6.6608848,-320.855706089,90.091410328));
#84=DIRECTION('',(-0.,0.892591315,0.450866659));
#85=DIRECTION('',(0.,-0.450866659,0.892591315));
#86=AXIS2_PLACEMENT_3D('',#83,#84,#85);
#87=PLANE('',#86);
#88=CARTESIAN_POINT('',(2.5823352,-322.673632012,93.69040098));
#89=VERTEX_POINT('',#88);
#90=CARTESIAN_POINT('',(13.835022638,-330.397286542,108.981101274));
#91=DIRECTION('',(0.,-0.892591315,-0.450866659));
#92=DIRECTION('',(-0.,-0.450866659,0.892591315));
#93=AXIS2_PLACEMENT_3D('',#90,#91,#92);
#94=ELLIPSE('',#93,20.495946118,20.495907438);
#95=EDGE_CURVE('',#89,#35,#94,.T.);
#96=ORIENTED_EDGE('',*,*,#95,.F.);
#97=CARTESIAN_POINT('',(2.5823352,-378.10526964,203.429716023));
#98=VERTEX_POINT('',#97);
#99=CARTESIAN_POINT('',(2.5823352,-322.673632012,93.69040098));
#100=DIRECTION('',(0.,-0.450866659,0.892591315));
#101=VECTOR('',#100,122.944636792);
#102=LINE('',#99,#101);
#103=EDGE_CURVE('',#89,#98,#102,.T.);
#104=ORIENTED_EDGE('',*,*,#103,.T.);
#105=CARTESIAN_POINT('',(14.200651421,-383.34428498,213.801517751));
#106=VERTEX_POINT('',#105);
#107=CARTESIAN_POINT('',(2.5823352,-378.10526964,203.429716023));
#108=CARTESIAN_POINT('',(2.594960963,-378.277123616,203.769939376));
#109=CARTESIAN_POINT('',(2.611230338,-378.44867561,204.109564889));
#110=CARTESIAN_POINT('',(2.644410062,-378.618826076,204.446415762));
#111=CARTESIAN_POINT('',(2.677589785,-378.788976541,204.783266635));
#112=CARTESIAN_POINT('',(2.729195879,-378.95759983,205.117094121));
#113=CARTESIAN_POINT('',(2.801923871,-379.124472538,205.44745594));
#114=CARTESIAN_POINT('',(2.874651863,-379.291345246,205.777817759));
#115=CARTESIAN_POINT('',(2.966892197,-379.456600772,206.104978006));
#116=CARTESIAN_POINT('',(3.077736035,-379.620314441,206.429085802));
#117=CARTESIAN_POINT('',(3.133157954,-379.702171275,206.5911397));
#118=CARTESIAN_POINT('',(3.193243492,-379.783641589,206.752428394));
#119=CARTESIAN_POINT('',(3.257954482,-379.864728546,206.912958147));
#120=CARTESIAN_POINT('',(3.322665472,-379.945815503,207.0734879));
#121=CARTESIAN_POINT('',(3.392117859,-380.02661262,207.233443852));
#122=CARTESIAN_POINT('',(3.465306545,-380.106110795,207.390828256));
#123=CARTESIAN_POINT('',(3.758061289,-380.424103495,208.020365874));
#124=CARTESIAN_POINT('',(4.112641128,-380.725186685,208.616427336));
#125=CARTESIAN_POINT('',(4.530888681,-381.008856398,209.17801493));
#126=CARTESIAN_POINT('',(4.740012458,-381.150691254,209.458808727));
#127=CARTESIAN_POINT('',(4.96519623,-381.288133612,209.730906591));
#128=CARTESIAN_POINT('',(5.2065914,-381.421142061,209.994226542));
#129=CARTESIAN_POINT('',(5.44798657,-381.55415051,210.257546493));
#130=CARTESIAN_POINT('',(5.706545151,-381.683021707,210.512675829));
#131=CARTESIAN_POINT('',(5.975527459,-381.804546818,210.753261945));
#132=CARTESIAN_POINT('',(6.513492075,-382.04759704,211.234434179));
#133=CARTESIAN_POINT('',(7.097668077,-382.264518037,211.663877772));
#134=CARTESIAN_POINT('',(7.728181528,-382.45523853,212.041451611));
#135=CARTESIAN_POINT('',(8.043438253,-382.550598776,212.23023853));
#136=CARTESIAN_POINT('',(8.371450793,-382.639611217,212.40645855));
#137=CARTESIAN_POINT('',(8.709173863,-382.721227308,212.568035842));
#138=CARTESIAN_POINT('',(9.046896933,-382.802843399,212.729613135));
#139=CARTESIAN_POINT('',(9.390928093,-382.876307191,212.87505113));
#140=CARTESIAN_POINT('',(9.740932183,-382.94205183,213.005207335));
#141=CARTESIAN_POINT('',(10.090936272,-383.007796469,213.135363541));
#142=CARTESIAN_POINT('',(10.446924207,-383.065807848,213.250210032));
#143=CARTESIAN_POINT('',(10.808777131,-383.116239572,213.3500509));
#144=CARTESIAN_POINT('',(11.170630055,-383.166671296,213.449891768));
#145=CARTESIAN_POINT('',(11.538293584,-383.209593649,213.534866159));
#146=CARTESIAN_POINT('',(11.913204419,-383.2431499,213.601298258));
#147=CARTESIAN_POINT('',(12.288115254,-383.276706152,213.667730358));
#148=CARTESIAN_POINT('',(12.670186343,-383.300655392,213.71514323));
#149=CARTESIAN_POINT('',(13.051966231,-383.31613011,213.745778893));
#150=CARTESIAN_POINT('',(13.433746119,-383.331604828,213.776414555));
#151=CARTESIAN_POINT('',(13.817054956,-383.338730244,213.790520911));
#152=CARTESIAN_POINT('',(14.200651421,-383.34428498,213.801517751));
#153=B_SPLINE_CURVE_WITH_KNOTS('',3,(#107,#108,#109,#110,#111,#112,#113,#114,#115,#116,#117,#118,#119,#120,#121,#122,#123,#124,#125,#126,#127,#128,#129,#130,#131,#132,
#133,#134,#135,#136,#137,#138,#139,#140,#141,#142,#143,#144,#145,#146,#147,#148,#149,#150,#151,#152),.UNSPECIFIED.,.F.,.F.,(4,3,3,3,3,3,3,3,3,3,3,3,3,3,3,4),(0.,0.001131495,0.00226299,0.003394486,0.003960233,0.004525981,0.006788971,0.007920467,0.009051962,0.011314952,0.012446448,0.013577943,0.014709438,0.015840933,0.016972429,0.018103924),.UNSPECIFIED.);
#154=EDGE_CURVE('',#98,#106,#153,.T.);
#155=ORIENTED_EDGE('',*,*,#154,.T.);
#156=CARTESIAN_POINT('',(48.824659717,-383.34428498,213.801517751));
#157=VERTEX_POINT('',#156);
#158=CARTESIAN_POINT('',(14.200651421,-383.34428498,213.801517751));
#159=DIRECTION('',(1.,0.,0.));
#160=VECTOR('',#159,34.624008296);
#161=LINE('',#158,#160);
#162=EDGE_CURVE('',#106,#157,#161,.T.);
#163=ORIENTED_EDGE('',*,*,#162,.T.);
#164=CARTESIAN_POINT('',(48.824659717,-321.156347794,90.686597774));
#165=DIRECTION('',(0.,-0.450866659,0.892591315));
#166=VECTOR('',#165,137.929775801);
#167=LINE('',#164,#166);
#168=EDGE_CURVE('',#33,#157,#167,.T.);
#169=ORIENTED_EDGE('',*,*,#168,.F.);
#170=ORIENTED_EDGE('',*,*,#40,.T.);
#171=EDGE_LOOP('',(#96,#104,#155,#163,#169,#170));
#172=FACE_BOUND('',#171,.T.);
#173=ADVANCED_FACE('',(#172),#87,.T.);
#174=CARTESIAN_POINT('',(14.200651421,-76.988299376,368.54837372));
#175=DIRECTION('',(0.,-0.450866659,0.892591315));
#176=DIRECTION('',(1.,0.,0.));
#177=AXIS2_PLACEMENT_3D('',#174,#175,#176);
#178=PLANE('',#177);
#179=CARTESIAN_POINT('',(14.200651421,-76.988299376,368.54837372));
#180=VERTEX_POINT('',#179);
#181=CARTESIAN_POINT('',(48.824659717,-76.988299376,368.54837372));
#182=VERTEX_POINT('',#181);
#183=CARTESIAN_POINT('',(14.200651421,-76.988299376,368.54837372));
#184=CARTESIAN_POINT('',(25.741987519,-76.988299376,368.54837372));
#185=CARTESIAN_POINT('',(37.283323618,-76.988299376,368.54837372));
#186=CARTESIAN_POINT('',(48.824659717,-76.988299376,368.54837372));
#187=B_SPLINE_CURVE_WITH_KNOTS('',3,(#183,#184,#185,#186),.UNSPECIFIED.,.F.,.F.,(4,4),(0.,1.),.UNSPECIFIED.);
#188=EDGE_CURVE('',#180,#182,#187,.T.);
#189=ORIENTED_EDGE('',*,*,#188,.T.);
#190=CARTESIAN_POINT('',(48.824659717,-383.34428498,213.801517751));
#191=DIRECTION('',(0.,0.892591315,0.450866659));
#192=VECTOR('',#191,343.220890023);
#193=LINE('',#190,#192);
#194=EDGE_CURVE('',#157,#182,#193,.T.);
#195=ORIENTED_EDGE('',*,*,#194,.F.);
#196=ORIENTED_EDGE('',*,*,#162,.F.);
#197=CARTESIAN_POINT('',(14.200651421,-383.34428498,213.801517751));
#198=DIRECTION('',(-0.,0.892591315,0.450866659));
#199=VECTOR('',#198,343.220890023);
#200=LINE('',#197,#199);
#201=EDGE_CURVE('',#106,#180,#200,.T.);
#202=ORIENTED_EDGE('',*,*,#201,.T.);
#203=EDGE_LOOP('',(#189,#195,#196,#202));
#204=FACE_BOUND('',#203,.T.);
#205=ADVANCED_FACE('',(#204),#178,.F.);
#206=CARTESIAN_POINT('',(2.5823352,-43.904656734,303.051909281));
#207=DIRECTION('',(-1.,-0.,-0.));
#208=DIRECTION('',(-0.,-0.450866659,0.892591315));
#209=AXIS2_PLACEMENT_3D('',#206,#207,#208);
#210=PLANE('',#209);
#211=CARTESIAN_POINT('',(2.5823352,-127.217237104,270.864303617));
#212=VERTEX_POINT('',#211);
#213=CARTESIAN_POINT('',(2.5823352,-108.117892529,270.864303617));
#214=DIRECTION('',(1.,0.,0.));
#215=DIRECTION('',(0.,-1.,0.));
#216=AXIS2_PLACEMENT_3D('',#213,#214,#215);
#217=CIRCLE('',#216,19.099344575);
#218=EDGE_CURVE('',#212,#212,#217,.T.);
#219=ORIENTED_EDGE('',*,*,#218,.F.);
#220=EDGE_LOOP('',(#219));
#221=FACE_BOUND('',#220,.T.);
#222=CARTESIAN_POINT('',(2.5823352,-52.977262754,229.262704377));
#223=VERTEX_POINT('',#222);
#224=CARTESIAN_POINT('',(2.5823352,-52.977262754,229.262704377));
#225=DIRECTION('',(0.,-0.893465571,-0.449131688));
#226=VECTOR('',#225,301.854238068);
#227=LINE('',#224,#226);
#228=EDGE_CURVE('',#223,#89,#227,.T.);
#229=ORIENTED_EDGE('',*,*,#228,.F.);
#230=CARTESIAN_POINT('',(2.5823352,-43.904656734,303.051909281));
#231=VERTEX_POINT('',#230);
#232=CARTESIAN_POINT('',(2.5823352,-43.904656734,303.051909281));
#233=CARTESIAN_POINT('',(2.5823352,-42.403001395,300.079046935));
#234=CARTESIAN_POINT('',(2.5823352,-41.129887778,297.035353449));
#235=CARTESIAN_POINT('',(2.5823352,-40.077137752,293.923363443));
#236=CARTESIAN_POINT('',(2.5823352,-39.024387726,290.811373438));
#237=CARTESIAN_POINT('',(2.5823352,-38.192008701,287.631084617));
#238=CARTESIAN_POINT('',(2.5823352,-37.587479324,284.380179148));
#239=CARTESIAN_POINT('',(2.5823352,-37.43634698,283.567452781));
#240=CARTESIAN_POINT('',(2.5823352,-37.299533811,282.750288522));
#241=CARTESIAN_POINT('',(2.5823352,-37.177323451,281.928598465));
#242=CARTESIAN_POINT('',(2.5823352,-37.05511309,281.106908409));
#243=CARTESIAN_POINT('',(2.5823352,-36.947467948,280.279797835));
#244=CARTESIAN_POINT('',(2.5823352,-36.855426178,279.454923543));
#245=CARTESIAN_POINT('',(2.5823352,-36.671342638,277.80517496));
#246=CARTESIAN_POINT('',(2.5823352,-36.548517726,276.158043555));
#247=CARTESIAN_POINT('',(2.5823352,-36.486115434,274.51349361));
#248=CARTESIAN_POINT('',(2.5823352,-36.361310851,271.224393721));
#249=CARTESIAN_POINT('',(2.5823352,-36.477100749,267.945572849));
#250=CARTESIAN_POINT('',(2.5823352,-36.839836036,264.677302327));
#251=CARTESIAN_POINT('',(2.5823352,-37.02120368,263.043167067));
#252=CARTESIAN_POINT('',(2.5823352,-37.264572538,261.411680709));
#253=CARTESIAN_POINT('',(2.5823352,-37.572522112,259.782953461));
#254=CARTESIAN_POINT('',(2.5823352,-37.726496898,258.968589837));
#255=CARTESIAN_POINT('',(2.5823352,-37.896891181,258.153824423));
#256=CARTESIAN_POINT('',(2.5823352,-38.083347721,257.342179983));
#257=CARTESIAN_POINT('',(2.5823352,-38.269804261,256.530535542));
#258=CARTESIAN_POINT('',(2.5823352,-38.471506218,255.725364564));
#259=CARTESIAN_POINT('',(2.5823352,-38.68830477,254.926603856));
#260=CARTESIAN_POINT('',(2.5823352,-39.555498979,251.731561024));
#261=CARTESIAN_POINT('',(2.5823352,-40.662834196,248.638486134));
#262=CARTESIAN_POINT('',(2.5823352,-42.0121567,245.648163149));
#263=CARTESIAN_POINT('',(2.5823352,-42.686817952,244.153001657));
#264=CARTESIAN_POINT('',(2.5823352,-43.422252535,242.68364555));
#265=CARTESIAN_POINT('',(2.5823352,-44.220457084,241.240942636));
#266=CARTESIAN_POINT('',(2.5823352,-44.619559359,240.519591179));
#267=CARTESIAN_POINT('',(2.5823352,-45.03437546,239.804912079));
#268=CARTESIAN_POINT('',(2.5823352,-45.465281321,239.097064964));
#269=CARTESIAN_POINT('',(2.5823352,-45.896187183,238.389217848));
#270=CARTESIAN_POINT('',(2.5823352,-46.343557374,237.687644627));
#271=CARTESIAN_POINT('',(2.5823352,-46.806710181,236.994273578));
#272=CARTESIAN_POINT('',(2.5823352,-48.659321407,234.220789382));
#273=CARTESIAN_POINT('',(2.5823352,-50.717514202,231.644889789));
#274=CARTESIAN_POINT('',(2.5823352,-52.977262151,229.262705012));
#275=B_SPLINE_CURVE_WITH_KNOTS('',3,(#232,#233,#234,#235,#236,#237,#238,#239,#240,#241,#242,#243,#244,#245,#246,#247,#248,#249,#250,#251,#252,#253,#254,#255,#256,#257,
#258,#259,#260,#261,#262,#263,#264,#265,#266,#267,#268,#269,#270,#271,#272,#273,#274),.UNSPECIFIED.,.F.,.F.,(4,3,3,3,3,3,3,3,3,3,3,3,3,3,4),(0.,0.009852457,0.019704914,0.022168029,0.024631143,0.029557372,0.039409829,0.044336057,0.046799172,0.049262286,0.059114743,0.064040972,0.066504086,0.0689672,0.078819658),.UNSPECIFIED.);
#276=EDGE_CURVE('',#231,#223,#275,.T.);
#277=ORIENTED_EDGE('',*,*,#276,.F.);
#278=CARTESIAN_POINT('',(2.5823352,-71.749284035,358.176571992));
#279=VERTEX_POINT('',#278);
#280=CARTESIAN_POINT('',(2.5823352,-43.904656734,303.051909281));
#281=CARTESIAN_POINT('',(2.5823352,-53.186199168,321.426796851));
#282=CARTESIAN_POINT('',(2.5823352,-62.467741602,339.801684422));
#283=CARTESIAN_POINT('',(2.5823352,-71.749284035,358.176571992));
#284=B_SPLINE_CURVE_WITH_KNOTS('',3,(#280,#281,#282,#283),.UNSPECIFIED.,.F.,.F.,(4,4),(0.,1.),.UNSPECIFIED.);
#285=EDGE_CURVE('',#231,#279,#284,.T.);
#286=ORIENTED_EDGE('',*,*,#285,.T.);
#287=CARTESIAN_POINT('',(2.5823352,-378.10526964,203.429716023));
#288=DIRECTION('',(-0.,0.892591315,0.450866659));
#289=VECTOR('',#288,343.220890023);
#290=LINE('',#287,#289);
#291=EDGE_CURVE('',#98,#279,#290,.T.);
#292=ORIENTED_EDGE('',*,*,#291,.F.);
#293=ORIENTED_EDGE('',*,*,#103,.F.);
#294=EDGE_LOOP('',(#229,#277,#286,#292,#293));
#295=FACE_BOUND('',#294,.T.);
#296=ADVANCED_FACE('',(#221,#295),#210,.F.);
#297=CARTESIAN_POINT('',(2.5823352,-71.749284035,358.176571992));
#298=CARTESIAN_POINT('',(2.594925367,-71.920653509,358.515836164));
#299=CARTESIAN_POINT('',(2.619199984,-72.17746185,359.024245668));
#300=CARTESIAN_POINT('',(2.702572998,-72.517410935,359.697250857));
#301=CARTESIAN_POINT('',(2.892784553,-73.023663252,360.699490461));
#302=CARTESIAN_POINT('',(3.401828094,-73.765737277,362.168591839));
#303=CARTESIAN_POINT('',(4.476965489,-74.678365308,363.975342989));
#304=CARTESIAN_POINT('',(5.69004257,-75.343588613,365.292301191));
#305=CARTESIAN_POINT('',(6.818773592,-75.804935724,366.205640902));
#306=CARTESIAN_POINT('',(7.736022307,-76.11181603,366.813179052));
#307=CARTESIAN_POINT('',(8.879354996,-76.420568138,367.424422852));
#308=CARTESIAN_POINT('',(9.926433176,-76.629639741,367.838326816));
#309=CARTESIAN_POINT('',(11.010245945,-76.792396095,368.160539394));
#310=CARTESIAN_POINT('',(11.932852405,-76.898889453,368.371366796));
#311=CARTESIAN_POINT('',(13.06111259,-76.968696466,368.509565378));
#312=CARTESIAN_POINT('',(13.820567983,-76.982795511,368.53747759));
#313=CARTESIAN_POINT('',(14.200651421,-76.988299376,368.54837372));
#314=B_SPLINE_CURVE_WITH_KNOTS('',3,(#297,#298,#299,#300,#301,#302,#303,#304,#305,#306,#307,#308,#309,#310,#311,#312,#313),.UNSPECIFIED.,.F.,.F.,(4,1,1,1,1,1,1,1,1,1,1,1,1,1,4),(0.,0.0625,0.09375,0.125,0.25,0.375,0.5,0.5625,0.625,0.6875,0.78125,0.8125,0.875,0.9375,1.),.UNSPECIFIED.);
#315=DIRECTION('',(-0.,0.892591315,0.450866659));
#316=VECTOR('',#315,1.);
#317=SURFACE_OF_LINEAR_EXTRUSION('',#314,#316);
#318=CARTESIAN_POINT('',(2.5823352,-71.749284035,358.176571992));
#319=CARTESIAN_POINT('',(2.594925367,-71.920653509,358.515836164));
#320=CARTESIAN_POINT('',(2.619199984,-72.17746185,359.024245668));
#321=CARTESIAN_POINT('',(2.702572998,-72.517410935,359.697250857));
#322=CARTESIAN_POINT('',(2.892784553,-73.023663252,360.699490461));
#323=CARTESIAN_POINT('',(3.401828094,-73.765737277,362.168591839));
#324=CARTESIAN_POINT('',(4.476965489,-74.678365308,363.975342989));
#325=CARTESIAN_POINT('',(5.69004257,-75.343588613,365.292301191));
#326=CARTESIAN_POINT('',(6.818773592,-75.804935724,366.205640902));
#327=CARTESIAN_POINT('',(7.736022307,-76.11181603,366.813179052));
#328=CARTESIAN_POINT('',(8.879354996,-76.420568138,367.424422852));
#329=CARTESIAN_POINT('',(9.926433176,-76.629639741,367.838326816));
#330=CARTESIAN_POINT('',(11.010245945,-76.792396095,368.160539394));
#331=CARTESIAN_POINT('',(11.932852405,-76.898889453,368.371366796));
#332=CARTESIAN_POINT('',(13.06111259,-76.968696466,368.509565378));
#333=CARTESIAN_POINT('',(13.820567983,-76.982795511,368.53747759));
#334=CARTESIAN_POINT('',(14.200651421,-76.988299376,368.54837372));
#335=B_SPLINE_CURVE_WITH_KNOTS('',3,(#318,#319,#320,#321,#322,#323,#324,#325,#326,#327,#328,#329,#330,#331,#332,#333,#334),.UNSPECIFIED.,.F.,.F.,(4,1,1,1,1,1,1,1,1,1,1,1,1,1,4),(0.,0.0625,0.09375,0.125,0.25,0.375,0.5,0.5625,0.625,0.6875,0.78125,0.8125,0.875,0.9375,1.),.UNSPECIFIED.);
#336=EDGE_CURVE('',#279,#180,#335,.T.);
#337=ORIENTED_EDGE('',*,*,#336,.T.);
#338=ORIENTED_EDGE('',*,*,#201,.F.);
#339=ORIENTED_EDGE('',*,*,#154,.F.);
#340=ORIENTED_EDGE('',*,*,#291,.T.);
#341=EDGE_LOOP('',(#337,#338,#339,#340));
#342=FACE_BOUND('',#341,.T.);
#343=ADVANCED_FACE('',(#342),#317,.F.);
#344=CARTESIAN_POINT('',(-6.660885102,-52.977262754,229.262704377));
#345=CARTESIAN_POINT('',(-3.579811668,-52.977262754,229.262704377));
#346=CARTESIAN_POINT('',(-0.498738234,-52.977262754,229.262704377));
#347=CARTESIAN_POINT('',(2.5823352,-52.977262754,229.262704377));
#348=CARTESIAN_POINT('',(-6.660885102,-22.735559891,261.142951022));
#349=CARTESIAN_POINT('',(-3.579811668,-22.735559891,261.142951022));
#350=CARTESIAN_POINT('',(-0.498738234,-22.735559891,261.142951022));
#351=CARTESIAN_POINT('',(2.5823352,-22.735559891,261.142951022));
#352=CARTESIAN_POINT('',(-6.660885102,-43.904656734,303.051909281));
#353=CARTESIAN_POINT('',(-3.579811668,-43.904656734,303.051909281));
#354=CARTESIAN_POINT('',(-0.498738234,-43.904656734,303.051909281));
#355=CARTESIAN_POINT('',(2.5823352,-43.904656734,303.051909281));
#356=(BOUNDED_SURFACE()
B_SPLINE_SURFACE(2,3,((#344,#345,#346,#347),(#348,#349,#350,#351),(#352,#353,#354,#355)),.UNSPECIFIED.,.F.,.F.,.U.)
B_SPLINE_SURFACE_WITH_KNOTS((3,3),(4,4),(0.21558329,1.),(-0.,0.002),.UNSPECIFIED.)
GEOMETRIC_REPRESENTATION_ITEM()
RATIONAL_B_SPLINE_SURFACE(((0.900706908,0.900706908,0.900706908,0.900706908),(0.769710602,0.769710602,0.769710602,0.769710602),(1.,1.,1.,1.)))
REPRESENTATION_ITEM('')
SURFACE()
);
#357=CARTESIAN_POINT('',(-6.6608848,-43.904656734,303.051909281));
#358=VERTEX_POINT('',#357);
#359=CARTESIAN_POINT('',(2.5823352,-43.904656734,303.051909281));
#360=DIRECTION('',(-1.,-0.,-0.));
#361=VECTOR('',#360,9.24322);
#362=LINE('',#359,#361);
#363=EDGE_CURVE('',#231,#358,#362,.T.);
#364=ORIENTED_EDGE('',*,*,#363,.F.);
#365=ORIENTED_EDGE('',*,*,#276,.T.);
#366=CARTESIAN_POINT('',(-6.6608848,-38.477201352,255.72493539));
#367=VERTEX_POINT('',#366);
#368=CARTESIAN_POINT('',(2.5823352,-52.977262754,229.262704377));
#369=CARTESIAN_POINT('',(1.970616379,-52.161782418,230.12236874));
#370=CARTESIAN_POINT('',(1.372106795,-51.365332124,231.015117699));
#371=CARTESIAN_POINT('',(0.789650046,-50.588234182,231.943725368));
#372=CARTESIAN_POINT('',(0.498421671,-50.199685211,232.408029203));
#373=CARTESIAN_POINT('',(0.210775345,-49.815389903,232.88209728));
#374=CARTESIAN_POINT('',(-0.07063052,-49.438396332,233.362481948));
#375=CARTESIAN_POINT('',(-0.352036385,-49.061402761,233.842866616));
#376=CARTESIAN_POINT('',(-0.627505568,-48.691313494,234.329995256));
#377=CARTESIAN_POINT('',(-0.896663758,-48.328103561,234.824012587));
#378=CARTESIAN_POINT('',(-1.973296522,-46.875263831,236.800081909));
#379=CARTESIAN_POINT('',(-2.950469681,-45.531955375,238.885394515));
#380=CARTESIAN_POINT('',(-3.793960725,-44.300812225,241.09617801));
#381=CARTESIAN_POINT('',(-4.215706247,-43.685240649,242.201569758));
#382=CARTESIAN_POINT('',(-4.603765631,-43.097815281,243.33850663));
#383=CARTESIAN_POINT('',(-4.951225771,-42.539610796,244.510597323));
#384=CARTESIAN_POINT('',(-5.124955841,-42.260508554,245.096642669));
#385=CARTESIAN_POINT('',(-5.288768089,-41.988257612,245.692569942));
#386=CARTESIAN_POINT('',(-5.440640252,-41.724591129,246.295438146));
#387=CARTESIAN_POINT('',(-5.592512415,-41.460924645,246.89830635));
#388=CARTESIAN_POINT('',(-5.73198281,-41.206684884,247.506098116));
#389=CARTESIAN_POINT('',(-5.858183231,-40.961846531,248.118920209));
#390=CARTESIAN_POINT('',(-6.110584072,-40.472169823,249.344564395));
#391=CARTESIAN_POINT('',(-6.310140438,-40.020063519,250.590286327));
#392=CARTESIAN_POINT('',(-6.447673337,-39.605770102,251.857391896));
#393=CARTESIAN_POINT('',(-6.585206237,-39.191476686,253.124497464));
#394=CARTESIAN_POINT('',(-6.660885102,-38.814989179,254.412961695));
#395=CARTESIAN_POINT('',(-6.6608848,-38.477205816,255.72493654));
#396=B_SPLINE_CURVE_WITH_KNOTS('',3,(#368,#369,#370,#371,#372,#373,#374,#375,#376,#377,#378,#379,#380,#381,#382,#383,#384,#385,#386,#387,#388,#389,#390,#391,#392,#393,
#394,#395),.UNSPECIFIED.,.F.,.F.,(4,3,3,3,3,3,3,3,3,4),(0.,0.004018919,0.006028379,0.008037839,0.016075677,0.020094597,0.022104056,0.024113516,0.028132435,0.032151355),.UNSPECIFIED.);
#397=EDGE_CURVE('',#223,#367,#396,.T.);
#398=ORIENTED_EDGE('',*,*,#397,.T.);
#399=CARTESIAN_POINT('',(-6.6608848,-43.904656734,303.051909281));
#400=CARTESIAN_POINT('',(-6.6608848,-41.11479096,297.528746477));
#401=CARTESIAN_POINT('',(-6.6608848,-39.340415979,291.6140778));
#402=CARTESIAN_POINT('',(-6.6608848,-37.555937474,285.665730219));
#403=CARTESIAN_POINT('',(-6.6608848,-36.864271314,279.533776498));
#404=CARTESIAN_POINT('',(-6.6608848,-36.169128002,273.37099615));
#405=CARTESIAN_POINT('',(-6.6608848,-36.605667797,267.24783631));
#406=CARTESIAN_POINT('',(-6.6608848,-37.025201986,261.363206949));
#407=CARTESIAN_POINT('',(-6.6608848,-38.477196887,255.72493424));
#408=B_SPLINE_CURVE_WITH_KNOTS('',2,(#399,#400,#401,#402,#403,#404,#405,#406,#407),.UNSPECIFIED.,.F.,.F.,(3,2,2,2,3),(0.,0.125,0.25,0.375,0.493223625),.UNSPECIFIED.);
#409=EDGE_CURVE('',#358,#367,#408,.T.);
#410=ORIENTED_EDGE('',*,*,#409,.F.);
#411=EDGE_LOOP('',(#364,#365,#398,#410));
#412=FACE_BOUND('',#411,.T.);
#413=ADVANCED_FACE('',(#412),#356,.T.);
#414=CARTESIAN_POINT('',(8.85387815,-94.137112379,-374.382875149));
#415=DIRECTION('',(-1.,0.,0.));
#416=DIRECTION('',(0.,0.,1.));
#417=AXIS2_PLACEMENT_3D('',#414,#415,#416);
#418=PLANE('',#417);
#419=CARTESIAN_POINT('',(8.85387815,-359.927005917,-55.780571439));
#420=VERTEX_POINT('',#419);
#421=CARTESIAN_POINT('',(8.85387815,-358.512638779,16.286044165));
#422=VERTEX_POINT('',#421);
#423=CARTESIAN_POINT('',(8.85387815,-359.927005917,-55.780571483));
#424=CARTESIAN_POINT('',(8.85387815,-357.554817182,-55.812870572));
#425=CARTESIAN_POINT('',(8.853878149,-355.18459897,-55.686201286));
#426=CARTESIAN_POINT('',(8.853878149,-352.816856836,-55.359778874));
#427=CARTESIAN_POINT('',(8.853878149,-352.224921303,-55.278173271));
#428=CARTESIAN_POINT('',(8.85387815,-351.631870596,-55.18370541));
#429=CARTESIAN_POINT('',(8.85387815,-351.042370293,-55.076474028));
#430=CARTESIAN_POINT('',(8.85387815,-350.45286999,-54.969242646));
#431=CARTESIAN_POINT('',(8.853878148,-349.867478333,-54.849490595));
#432=CARTESIAN_POINT('',(8.853878148,-349.286390667,-54.716622587));
#433=CARTESIAN_POINT('',(8.853878148,-348.124215334,-54.450886572));
#434=CARTESIAN_POINT('',(8.85387815,-346.979132786,-54.133062097));
#435=CARTESIAN_POINT('',(8.85387815,-345.85225697,-53.759754525));
#436=CARTESIAN_POINT('',(8.85387815,-344.725381154,-53.386446953));
#437=CARTESIAN_POINT('',(8.853878148,-343.616704665,-52.957678849));
#438=CARTESIAN_POINT('',(8.853878148,-342.527862571,-52.468467515));
#439=CARTESIAN_POINT('',(8.853878148,-341.439020477,-51.979256182));
#440=CARTESIAN_POINT('',(8.85387815,-340.364995234,-51.4260401));
#441=CARTESIAN_POINT('',(8.85387815,-339.336692012,-50.821601452));
#442=CARTESIAN_POINT('',(8.85387815,-337.280085569,-49.612724155));
#443=CARTESIAN_POINT('',(8.853878149,-335.385454642,-48.193437193));
#444=CARTESIAN_POINT('',(8.853878149,-333.657635841,-46.557457707));
#445=CARTESIAN_POINT('',(8.853878149,-333.225681141,-46.148462836));
#446=CARTESIAN_POINT('',(8.85387815,-332.804265771,-45.725777148));
#447=CARTESIAN_POINT('',(8.85387815,-332.393496165,-45.289262386));
#448=CARTESIAN_POINT('',(8.85387815,-331.98272656,-44.852747623));
#449=CARTESIAN_POINT('',(8.85387815,-331.582456471,-44.401869622));
#450=CARTESIAN_POINT('',(8.85387815,-331.198172432,-43.943150224));
#451=CARTESIAN_POINT('',(8.85387815,-330.429604354,-43.025711429));
#452=CARTESIAN_POINT('',(8.85387815,-329.719223982,-42.071224866));
#453=CARTESIAN_POINT('',(8.85387815,-329.064195573,-41.081496036));
#454=CARTESIAN_POINT('',(8.85387815,-328.409167164,-40.091767207));
#455=CARTESIAN_POINT('',(8.85387815,-327.809486475,-39.066798813));
#456=CARTESIAN_POINT('',(8.85387815,-327.263772512,-38.007470125));
#457=CARTESIAN_POINT('',(8.85387815,-326.990915531,-37.477805781));
#458=CARTESIAN_POINT('',(8.85387815,-326.731589003,-36.939526677));
#459=CARTESIAN_POINT('',(8.85387815,-326.485727094,-36.39267473));
#460=CARTESIAN_POINT('',(8.85387815,-326.239865185,-35.845822783));
#461=CARTESIAN_POINT('',(8.85387815,-326.007669297,-35.29053146));
#462=CARTESIAN_POINT('',(8.85387815,-325.791166135,-34.732850089));
#463=CARTESIAN_POINT('',(8.85387815,-324.925153487,-32.502124602));
#464=CARTESIAN_POINT('',(8.85387815,-324.296513699,-30.209694392));
#465=CARTESIAN_POINT('',(8.85387815,-323.882423252,-27.861492397));
#466=CARTESIAN_POINT('',(8.85387815,-323.77890064,-27.274441899));
#467=CARTESIAN_POINT('',(8.85387815,-323.688936107,-26.683866998));
#468=CARTESIAN_POINT('',(8.85387815,-323.612452005,-26.089787878));
#469=CARTESIAN_POINT('',(8.85387815,-323.535967904,-25.495708759));
#470=CARTESIAN_POINT('',(8.85387815,-323.472980362,-24.897799788));
#471=CARTESIAN_POINT('',(8.85387815,-323.423702285,-24.299680954));
#472=CARTESIAN_POINT('',(8.85387815,-323.325146131,-23.103443287));
#473=CARTESIAN_POINT('',(8.85387815,-323.281098023,-21.900608385));
#474=CARTESIAN_POINT('',(8.85387815,-323.289675916,-20.707564053));
#475=CARTESIAN_POINT('',(8.85387815,-323.306831704,-18.321475388));
#476=CARTESIAN_POINT('',(8.85387815,-323.530855266,-15.962571691));
#477=CARTESIAN_POINT('',(8.85387815,-323.953397344,-13.629755766));
#478=CARTESIAN_POINT('',(8.85387815,-324.164668383,-12.463347804));
#479=CARTESIAN_POINT('',(8.85387815,-324.426004554,-11.303519015));
#480=CARTESIAN_POINT('',(8.85387815,-324.739012357,-10.150480514));
#481=CARTESIAN_POINT('',(8.85387815,-324.895516258,-9.573961263));
#482=CARTESIAN_POINT('',(8.85387815,-325.065408688,-8.99779658));
#483=CARTESIAN_POINT('',(8.85387815,-325.247496885,-8.426859407));
#484=CARTESIAN_POINT('',(8.85387815,-325.429585081,-7.855922233));
#485=CARTESIAN_POINT('',(8.85387815,-325.623516887,-7.29106613));
#486=CARTESIAN_POINT('',(8.85387815,-325.829209231,-6.732248445));
#487=CARTESIAN_POINT('',(8.85387815,-326.651978606,-4.496977705));
#488=CARTESIAN_POINT('',(8.85387815,-327.660918557,-2.357295769));
#489=CARTESIAN_POINT('',(8.85387815,-328.865900255,-0.318270965));
#490=CARTESIAN_POINT('',(8.85387815,-329.468391104,0.701241437));
#491=CARTESIAN_POINT('',(8.85387815,-330.120263964,1.695398773));
#492=CARTESIAN_POINT('',(8.85387815,-330.825330689,2.662243854));
#493=CARTESIAN_POINT('',(8.85387815,-331.177864052,3.145666395));
#494=CARTESIAN_POINT('',(8.85387815,-331.5449119,3.623637421));
#495=CARTESIAN_POINT('',(8.85387815,-331.921692227,4.089283959));
#496=CARTESIAN_POINT('',(8.85387815,-332.298472554,4.554930497));
#497=CARTESIAN_POINT('',(8.85387815,-332.685372454,5.009007472));
#498=CARTESIAN_POINT('',(8.85387815,-333.082424332,5.45147784));
#499=CARTESIAN_POINT('',(8.85387815,-334.670631842,7.221359309));
#500=CARTESIAN_POINT('',(8.85387815,-336.419597693,8.807448096));
#501=CARTESIAN_POINT('',(8.85387815,-338.339667407,10.197916313));
#502=CARTESIAN_POINT('',(8.85387815,-339.299702264,10.893150421));
#503=CARTESIAN_POINT('',(8.85387815,-340.303914544,11.539797218));
#504=CARTESIAN_POINT('',(8.85387815,-341.35195171,12.132423241));
#505=CARTESIAN_POINT('',(8.85387815,-342.399988875,12.725049264));
#506=CARTESIAN_POINT('',(8.853878148,-343.471180881,13.252232796));
#507=CARTESIAN_POINT('',(8.853878148,-344.564773298,13.71610608));
#508=CARTESIAN_POINT('',(8.853878148,-346.751958132,14.643852647));
#509=CARTESIAN_POINT('',(8.85387815,-349.028230775,15.319810474));
#510=CARTESIAN_POINT('',(8.85387815,-351.392034842,15.74837837));
#511=CARTESIAN_POINT('',(8.85387815,-351.68751035,15.801949357));
#512=CARTESIAN_POINT('',(8.85387815,-351.984720544,15.851677795));
#513=CARTESIAN_POINT('',(8.85387815,-352.281569008,15.897257211));
#514=CARTESIAN_POINT('',(8.85387815,-352.578417472,15.942836626));
#515=CARTESIAN_POINT('',(8.85387815,-352.875246333,15.984361389));
#516=CARTESIAN_POINT('',(8.85387815,-353.17205586,16.02188716));
#517=CARTESIAN_POINT('',(8.85387815,-353.765674914,16.096938701));
#518=CARTESIAN_POINT('',(8.853878149,-354.359217224,16.156117041));
#519=CARTESIAN_POINT('',(8.853878149,-354.952685883,16.200061378));
#520=CARTESIAN_POINT('',(8.853878149,-355.546154541,16.244005716));
#521=CARTESIAN_POINT('',(8.85387815,-356.139549578,16.27272262));
#522=CARTESIAN_POINT('',(8.85387815,-356.732874165,16.28686777));
#523=CARTESIAN_POINT('',(8.85387815,-357.326198752,16.301012921));
#524=CARTESIAN_POINT('',(8.85387815,-357.919449147,16.299812663));
#525=CARTESIAN_POINT('',(8.85387815,-358.512638779,16.286044165));
#526=B_SPLINE_CURVE_WITH_KNOTS('',3,(#423,#424,#425,#426,#427,#428,#429,#430,#431,#432,#433,#434,#435,#436,#437,#438,#439,#440,#441,#442,#443,#444,#445,#446,#447,#448,
#449,#450,#451,#452,#453,#454,#455,#456,#457,#458,#459,#460,#461,#462,#463,#464,#465,#466,#467,#468,#469,#470,#471,#472,#473,
#474,#475,#476,#477,#478,#479,#480,#481,#482,#483,#484,#485,#486,#487,#488,#489,#490,#491,#492,#493,#494,#495,#496,#497,#498,
#499,#500,#501,#502,#503,#504,#505,#506,#507,#508,#509,#510,#511,#512,#513,#514,#515,#516,#517,#518,#519,#520,#521,#522,#523,
#524,#525),.UNSPECIFIED.,.F.,.F.,(4,3,3,3,3,3,3,3,3,3,3,3,3,3,3,3,3,3,3,3,3,3,3,3,3,3,
3,3,3,3,3,3,3,3,4),(0.223084503,0.230201867,0.231981208,0.233760549,0.237319232,0.240877914,0.244436596,0.25155396,0.253333302,0.255112643,0.258671325,0.262230007,0.264009348,0.265788689,0.272906054,0.274685395,0.276464736,0.280023418,0.287140782,0.290699465,0.292478806,0.294258147,0.301375511,0.304934193,0.306713534,0.308492875,
0.31561024,0.319168922,0.322727604,0.329844969,0.330734639,0.33162431,0.333403651,0.335182992,0.336962333),.UNSPECIFIED.);
#527=EDGE_CURVE('',#420,#422,#526,.T.);
#528=ORIENTED_EDGE('',*,*,#527,.T.);
#529=CARTESIAN_POINT('',(8.85387815,-439.822124342,12.938696571));
#530=VERTEX_POINT('',#529);
#531=CARTESIAN_POINT('',(8.85387815,-358.512638779,16.286044165));
#532=DIRECTION('',(0.,-0.999153674,-0.041133142));
#533=VECTOR('',#532,81.378358171);
#534=LINE('',#531,#533);
#535=EDGE_CURVE('',#422,#530,#534,.T.);
#536=ORIENTED_EDGE('',*,*,#535,.T.);
#537=CARTESIAN_POINT('',(8.85387815,-434.38948372,-55.780571439));
#538=VERTEX_POINT('',#537);
#539=CARTESIAN_POINT('',(8.85387815,-439.822124342,12.938696571));
#540=CARTESIAN_POINT('',(8.85387815,-440.300121123,12.794072214));
#541=CARTESIAN_POINT('',(8.85387815,-440.778858583,12.651712932));
#542=CARTESIAN_POINT('',(8.85387815,-441.252538806,12.493888086));
#543=CARTESIAN_POINT('',(8.85387815,-441.726219029,12.336063241));
#544=CARTESIAN_POINT('',(8.85387815,-442.195993431,12.166293981));
#545=CARTESIAN_POINT('',(8.85387815,-442.661807875,11.98441475));
#546=CARTESIAN_POINT('',(8.85387815,-443.593436762,11.620656287));
#547=CARTESIAN_POINT('',(8.85387815,-444.509258544,11.208558029));
#548=CARTESIAN_POINT('',(8.85387815,-445.408756431,10.746539572));
#549=CARTESIAN_POINT('',(8.85387815,-445.858505374,10.515530343));
#550=CARTESIAN_POINT('',(8.85387815,-446.304721483,10.27159843));
#551=CARTESIAN_POINT('',(8.85387815,-446.741213603,10.01830884));
#552=CARTESIAN_POINT('',(8.85387815,-447.177705722,9.765019251));
#553=CARTESIAN_POINT('',(8.85387815,-447.605892864,9.501699797));
#554=CARTESIAN_POINT('',(8.85387815,-448.026018993,9.228645112));
#555=CARTESIAN_POINT('',(8.85387815,-448.866271251,8.682535743));
#556=CARTESIAN_POINT('',(8.853878149,-449.674366936,8.097591099));
#557=CARTESIAN_POINT('',(8.853878149,-450.451806918,7.475623772));
#558=CARTESIAN_POINT('',(8.853878149,-452.006686884,6.231689118));
#559=CARTESIAN_POINT('',(8.85387815,-453.439533833,4.84037602));
#560=CARTESIAN_POINT('',(8.85387815,-454.755806817,3.308277338));
#561=CARTESIAN_POINT('',(8.85387815,-455.084875063,2.925252667));
#562=CARTESIAN_POINT('',(8.85387815,-455.406789262,2.533039137));
#563=CARTESIAN_POINT('',(8.85387815,-455.718235517,2.136187506));
#564=CARTESIAN_POINT('',(8.85387815,-456.029681772,1.739335875));
#565=CARTESIAN_POINT('',(8.85387815,-456.33152976,1.336868948));
#566=CARTESIAN_POINT('',(8.85387815,-456.624164039,0.929011705));
#567=CARTESIAN_POINT('',(8.85387815,-457.209432596,0.113297218));
#568=CARTESIAN_POINT('',(8.85387815,-457.757905197,-0.723944091));
#569=CARTESIAN_POINT('',(8.85387815,-458.271873551,-1.581371496));
#570=CARTESIAN_POINT('',(8.85387815,-459.29981026,-3.296226306));
#571=CARTESIAN_POINT('',(8.85387815,-460.190482871,-5.091385039));
#572=CARTESIAN_POINT('',(8.85387815,-460.952019026,-6.962092762));
#573=CARTESIAN_POINT('',(8.85387815,-461.142403065,-7.429769693));
#574=CARTESIAN_POINT('',(8.85387815,-461.324487869,-7.901900377));
#575=CARTESIAN_POINT('',(8.85387815,-461.497277648,-8.375271226));
#576=CARTESIAN_POINT('',(8.85387815,-461.670067427,-8.848642076));
#577=CARTESIAN_POINT('',(8.85387815,-461.833914563,-9.324098467));
#578=CARTESIAN_POINT('',(8.85387815,-461.98906023,-9.801584155));
#579=CARTESIAN_POINT('',(8.85387815,-462.299351563,-10.756555532));
#580=CARTESIAN_POINT('',(8.85387815,-462.574893455,-11.719630936));
#581=CARTESIAN_POINT('',(8.85387815,-462.816891209,-12.690529274));
#582=CARTESIAN_POINT('',(8.85387815,-463.300886718,-14.632325949));
#583=CARTESIAN_POINT('',(8.85387815,-463.651559027,-16.605215349));
#584=CARTESIAN_POINT('',(8.85387815,-463.868026893,-18.60940299));
#585=CARTESIAN_POINT('',(8.85387815,-464.084494759,-20.613590631));
#586=CARTESIAN_POINT('',(8.85387815,-464.16403187,-22.648677949));
#587=CARTESIAN_POINT('',(8.85387815,-464.101181141,-24.655588588));
#588=CARTESIAN_POINT('',(8.85387815,-464.038330412,-26.662499227));
#589=CARTESIAN_POINT('',(8.85387815,-463.835678785,-28.647409736));
#590=CARTESIAN_POINT('',(8.85387815,-463.484783723,-30.608991535));
#591=CARTESIAN_POINT('',(8.85387815,-463.133888661,-32.570573334));
#592=CARTESIAN_POINT('',(8.85387815,-462.635234139,-34.508902584));
#593=CARTESIAN_POINT('',(8.85387815,-461.962001194,-36.419758849));
#594=CARTESIAN_POINT('',(8.85387815,-461.625384721,-37.375186982));
#595=CARTESIAN_POINT('',(8.85387815,-461.249290011,-38.310514577));
#596=CARTESIAN_POINT('',(8.85387815,-460.832939468,-39.223276173));
#597=CARTESIAN_POINT('',(8.85387815,-460.416588925,-40.136037769));
#598=CARTESIAN_POINT('',(8.85387815,-459.95979408,-41.026804665));
#599=CARTESIAN_POINT('',(8.85387815,-459.460140818,-41.894263999));
#600=CARTESIAN_POINT('',(8.85387815,-458.960487556,-42.761723333));
#601=CARTESIAN_POINT('',(8.85387815,-458.417994347,-43.605885149));
#602=CARTESIAN_POINT('',(8.85387815,-457.82897977,-44.424747393));
#603=CARTESIAN_POINT('',(8.85387815,-457.534472481,-44.834178515));
#604=CARTESIAN_POINT('',(8.85387815,-457.227505951,-45.238266805));
#605=CARTESIAN_POINT('',(8.85387815,-456.910176516,-45.633345746));
#606=CARTESIAN_POINT('',(8.85387815,-456.592847082,-46.028424688));
#607=CARTESIAN_POINT('',(8.85387815,-456.266458776,-46.413037605));
#608=CARTESIAN_POINT('',(8.85387815,-455.930986265,-46.787155226));
#609=CARTESIAN_POINT('',(8.85387815,-454.589096219,-48.283625713));
#610=CARTESIAN_POINT('',(8.85387815,-453.10310391,-49.613609902));
#611=CARTESIAN_POINT('',(8.85387815,-451.466726698,-50.769849249));
#612=CARTESIAN_POINT('',(8.85387815,-451.057632396,-51.058909086));
#613=CARTESIAN_POINT('',(8.85387815,-450.639067044,-51.337026694));
#614=CARTESIAN_POINT('',(8.85387815,-450.210838016,-51.603979526));
#615=CARTESIAN_POINT('',(8.85387815,-449.782608988,-51.870932357));
#616=CARTESIAN_POINT('',(8.85387815,-449.343100118,-52.12754576));
#617=CARTESIAN_POINT('',(8.85387815,-448.898357491,-52.37016073));
#618=CARTESIAN_POINT('',(8.85387815,-448.008872237,-52.855390669));
#619=CARTESIAN_POINT('',(8.853878148,-447.099099771,-53.285154875));
#620=CARTESIAN_POINT('',(8.853878148,-446.170086009,-53.662312908));
#621=CARTESIAN_POINT('',(8.853878148,-445.241072246,-54.03947094));
#622=CARTESIAN_POINT('',(8.853878149,-444.29283491,-54.364071253));
#623=CARTESIAN_POINT('',(8.853878149,-443.326179965,-54.638317377));
#624=CARTESIAN_POINT('',(8.853878149,-442.842852493,-54.77544044));
#625=CARTESIAN_POINT('',(8.85387815,-442.35489019,-54.899891763));
#626=CARTESIAN_POINT('',(8.85387815,-441.862404065,-55.011974844));
#627=CARTESIAN_POINT('',(8.85387815,-441.369917939,-55.124057924));
#628=CARTESIAN_POINT('',(8.85387815,-440.871402372,-55.223939646));
#629=CARTESIAN_POINT('',(8.85387815,-440.372966141,-55.310814358));
#630=CARTESIAN_POINT('',(8.85387815,-438.379221216,-55.658313206));
#631=CARTESIAN_POINT('',(8.85387815,-436.384674053,-55.801387805));
#632=CARTESIAN_POINT('',(8.85387815,-434.38948372,-55.780571466));
#633=B_SPLINE_CURVE_WITH_KNOTS('',3,(#539,#540,#541,#542,#543,#544,#545,#546,#547,#548,#549,#550,#551,#552,#553,#554,#555,#556,#557,#558,#559,#560,#561,#562,#563,#564,
#565,#566,#567,#568,#569,#570,#571,#572,#573,#574,#575,#576,#577,#578,#579,#580,#581,#582,#583,#584,#585,#586,#587,#588,#589,
#590,#591,#592,#593,#594,#595,#596,#597,#598,#599,#600,#601,#602,#603,#604,#605,#606,#607,#608,#609,#610,#611,#612,#613,#614,
#615,#616,#617,#618,#619,#620,#621,#622,#623,#624,#625,#626,#627,#628,#629,#630,#631,#632),.UNSPECIFIED.,.F.,.F.,(4,3,3,3,3,3,3,3,3,3,3,3,3,3,3,3,3,3,3,3,3,3,3,3,3,3,
3,3,3,3,3,4),(0.336080087,0.337578277,0.339076467,0.342072848,0.343571038,0.345069229,0.348065609,0.35405837,0.355556561,0.357054751,0.360051131,0.366043893,0.367542083,0.369040273,0.372036654,0.378029415,0.384022176,0.390014937,0.396007698,0.399004079,0.40200046,0.40499684,0.40649503,0.407993221,0.413985982,0.415484172,
0.416982362,0.419978743,0.422975124,0.424473314,0.425971504,0.431964265),.UNSPECIFIED.);
#634=EDGE_CURVE('',#530,#538,#633,.T.);
#635=ORIENTED_EDGE('',*,*,#634,.T.);
#636=CARTESIAN_POINT('',(8.85387815,-434.38948372,-55.780571439));
#637=DIRECTION('',(-0.,1.,-0.));
#638=VECTOR('',#637,74.462477803);
#639=LINE('',#636,#638);
#640=EDGE_CURVE('',#538,#420,#639,.T.);
#641=ORIENTED_EDGE('',*,*,#640,.T.);
#642=EDGE_LOOP('',(#528,#536,#635,#641));
#643=FACE_BOUND('',#642,.T.);
#644=CARTESIAN_POINT('',(8.85387815,-469.20529578,-72.155146475));
#645=VERTEX_POINT('',#644);
#646=CARTESIAN_POINT('',(8.85387815,-469.553066182,16.777571834));
#647=VERTEX_POINT('',#646);
#648=CARTESIAN_POINT('',(8.85387815,-469.20529578,-72.155146475));
#649=DIRECTION('',(0.,-0.003910459,0.999992354));
#650=VECTOR('',#649,88.933398282);
#651=LINE('',#648,#650);
#652=EDGE_CURVE('',#645,#647,#651,.T.);
#653=ORIENTED_EDGE('',*,*,#652,.T.);
#654=CARTESIAN_POINT('',(8.85387815,-347.12387547,78.320882311));
#655=VERTEX_POINT('',#654);
#656=CARTESIAN_POINT('',(8.85387815,-469.553066182,16.777571834));
#657=DIRECTION('',(-0.,0.893465571,0.449131688));
#658=VECTOR('',#657,137.027317725);
#659=LINE('',#656,#658);
#660=EDGE_CURVE('',#647,#655,#659,.T.);
#661=ORIENTED_EDGE('',*,*,#660,.T.);
#662=CARTESIAN_POINT('',(8.85387815,-307.964039404,0.419531202));
#663=VERTEX_POINT('',#662);
#664=CARTESIAN_POINT('',(8.85387815,-347.12387547,78.320882311));
#665=DIRECTION('',(0.,0.449131688,-0.893465571));
#666=VECTOR('',#665,87.190098436);
#667=LINE('',#664,#666);
#668=EDGE_CURVE('',#655,#663,#667,.T.);
#669=ORIENTED_EDGE('',*,*,#668,.T.);
#670=CARTESIAN_POINT('',(8.85387815,-358.136406687,-72.155146475));
#671=VERTEX_POINT('',#670);
#672=CARTESIAN_POINT('',(8.85387815,-307.964039404,0.419531202));
#673=CARTESIAN_POINT('',(8.85387815,-296.495017658,-35.456341003));
#674=CARTESIAN_POINT('',(8.85387815,-317.077071528,-64.987113946));
#675=CARTESIAN_POINT('',(8.85387815,-358.136406687,-72.155146475));
#676=B_SPLINE_CURVE_WITH_KNOTS('',3,(#672,#673,#674,#675),.UNSPECIFIED.,.F.,.F.,(4,4),(0.,1.),.UNSPECIFIED.);
#677=EDGE_CURVE('',#663,#671,#676,.T.);
#678=ORIENTED_EDGE('',*,*,#677,.T.);
#679=CARTESIAN_POINT('',(8.85387815,-358.136406687,-72.155146475));
#680=DIRECTION('',(0.,-1.,0.));
#681=VECTOR('',#680,111.068889093);
#682=LINE('',#679,#681);
#683=EDGE_CURVE('',#671,#645,#682,.T.);
#684=ORIENTED_EDGE('',*,*,#683,.T.);
#685=EDGE_LOOP('',(#653,#661,#669,#678,#684));
#686=FACE_BOUND('',#685,.T.);
#687=ADVANCED_FACE('',(#643,#686),#418,.T.);
#688=CARTESIAN_POINT('',(73.968708484,-359.925695593,-19.071567606));
#689=DIRECTION('',(-1.,0.,0.));
#690=DIRECTION('',(0.,0.,1.));
#691=AXIS2_PLACEMENT_3D('',#688,#689,#690);
#692=CYLINDRICAL_SURFACE('',#691,18.394449057);
#693=CARTESIAN_POINT('',(2.368179827,-359.925695593,-0.677118549));
#694=VERTEX_POINT('',#693);
#695=CARTESIAN_POINT('',(24.443733577,-359.925695593,-0.677118549));
#696=VERTEX_POINT('',#695);
#697=CARTESIAN_POINT('',(2.368179827,-359.925695593,-0.677118549));
#698=DIRECTION('',(1.,-0.,-0.));
#699=VECTOR('',#698,22.07555375);
#700=LINE('',#697,#699);
#701=EDGE_CURVE('',#694,#696,#700,.T.);
#702=ORIENTED_EDGE('',*,*,#701,.F.);
#703=CARTESIAN_POINT('',(2.368179827,-359.925695593,-19.071567606));
#704=DIRECTION('',(-1.,0.,0.));
#705=DIRECTION('',(0.,0.,1.));
#706=AXIS2_PLACEMENT_3D('',#703,#704,#705);
#707=CIRCLE('',#706,18.394449057);
#708=EDGE_CURVE('',#694,#694,#707,.T.);
#709=ORIENTED_EDGE('',*,*,#708,.T.);
#710=ORIENTED_EDGE('',*,*,#701,.T.);
#711=CARTESIAN_POINT('',(24.443733577,-359.925695593,-19.071567606));
#712=DIRECTION('',(-1.,0.,0.));
#713=DIRECTION('',(0.,0.,1.));
#714=AXIS2_PLACEMENT_3D('',#711,#712,#713);
#715=CIRCLE('',#714,18.394449057);
#716=EDGE_CURVE('',#696,#696,#715,.T.);
#717=ORIENTED_EDGE('',*,*,#716,.F.);
#718=EDGE_LOOP('',(#702,#709,#710,#717));
#719=FACE_BOUND('',#718,.T.);
#720=ADVANCED_FACE('',(#719),#692,.F.);
#721=CARTESIAN_POINT('',(115.28453458,-436.700934669,-23.687780885));
#722=DIRECTION('',(-1.,0.,0.));
#723=DIRECTION('',(0.,0.,1.));
#724=AXIS2_PLACEMENT_3D('',#721,#722,#723);
#725=CYLINDRICAL_SURFACE('',#724,14.268593801);
#726=CARTESIAN_POINT('',(2.368179827,-436.700934669,-9.419187084));
#727=VERTEX_POINT('',#726);
#728=CARTESIAN_POINT('',(24.443733577,-436.700934669,-9.419187084));
#729=VERTEX_POINT('',#728);
#730=CARTESIAN_POINT('',(2.368179827,-436.700934669,-9.419187084));
#731=DIRECTION('',(1.,-0.,-0.));
#732=VECTOR('',#731,22.07555375);
#733=LINE('',#730,#732);
#734=EDGE_CURVE('',#727,#729,#733,.T.);
#735=ORIENTED_EDGE('',*,*,#734,.F.);
#736=CARTESIAN_POINT('',(2.368179827,-436.700934669,-23.687780885));
#737=DIRECTION('',(-1.,0.,0.));
#738=DIRECTION('',(0.,0.,1.));
#739=AXIS2_PLACEMENT_3D('',#736,#737,#738);
#740=CIRCLE('',#739,14.268593801);
#741=EDGE_CURVE('',#727,#727,#740,.T.);
#742=ORIENTED_EDGE('',*,*,#741,.T.);
#743=ORIENTED_EDGE('',*,*,#734,.T.);
#744=CARTESIAN_POINT('',(24.443733577,-436.700934669,-23.687780885));
#745=DIRECTION('',(-1.,0.,0.));
#746=DIRECTION('',(0.,0.,1.));
#747=AXIS2_PLACEMENT_3D('',#744,#745,#746);
#748=CIRCLE('',#747,14.268593801);
#749=EDGE_CURVE('',#729,#729,#748,.T.);
#750=ORIENTED_EDGE('',*,*,#749,.F.);
#751=EDGE_LOOP('',(#735,#742,#743,#750));
#752=FACE_BOUND('',#751,.T.);
#753=ADVANCED_FACE('',(#752),#725,.F.);
#754=CARTESIAN_POINT('',(-6.6608848,-280.083874326,199.612363506));
#755=DIRECTION('',(1.,0.,0.));
#756=DIRECTION('',(0.,0.,-1.));
#757=AXIS2_PLACEMENT_3D('',#754,#755,#756);
#758=PLANE('',#757);
#759=CARTESIAN_POINT('',(-6.6608848,-39.97415499,254.972435946));
#760=VERTEX_POINT('',#759);
#761=CARTESIAN_POINT('',(-6.6608848,-38.47719999,255.724932681));
#762=DIRECTION('',(-0.,-0.893465571,-0.449131688));
#763=VECTOR('',#762,1.675447883);
#764=LINE('',#761,#763);
#765=EDGE_CURVE('',#367,#760,#764,.T.);
#766=ORIENTED_EDGE('',*,*,#765,.T.);
#767=CARTESIAN_POINT('',(-6.6608848,-43.290159366,298.774797429));
#768=VERTEX_POINT('',#767);
#769=CARTESIAN_POINT('',(-6.6608848,-96.430124565,272.725203371));
#770=DIRECTION('',(1.,0.,0.));
#771=DIRECTION('',(0.,0.,-1.));
#772=AXIS2_PLACEMENT_3D('',#769,#770,#771);
#773=CIRCLE('',#772,59.181392784);
#774=EDGE_CURVE('',#760,#768,#773,.T.);
#775=ORIENTED_EDGE('',*,*,#774,.T.);
#776=CARTESIAN_POINT('',(-6.6608848,-72.281528359,357.915847223));
#777=VERTEX_POINT('',#776);
#778=CARTESIAN_POINT('',(-6.6608848,-43.290159366,298.774797429));
#779=DIRECTION('',(0.,-0.440165275,0.897916772));
#780=VECTOR('',#779,65.86473447);
#781=LINE('',#778,#780);
#782=EDGE_CURVE('',#768,#777,#781,.T.);
#783=ORIENTED_EDGE('',*,*,#782,.T.);
#784=CARTESIAN_POINT('',(-6.6608848,-71.749284035,358.176571992));
#785=VERTEX_POINT('',#784);
#786=CARTESIAN_POINT('',(-6.6608848,-72.281528359,357.915847223));
#787=DIRECTION('',(-0.,0.898040264,0.439913269));
#788=VECTOR('',#787,0.592673118);
#789=LINE('',#786,#788);
#790=EDGE_CURVE('',#777,#785,#789,.T.);
#791=ORIENTED_EDGE('',*,*,#790,.T.);
#792=CARTESIAN_POINT('',(-6.6608848,-43.904656734,303.051909281));
#793=DIRECTION('',(0.,-0.450866659,0.892591315));
#794=VECTOR('',#793,61.758009266);
#795=LINE('',#792,#794);
#796=EDGE_CURVE('',#358,#785,#795,.T.);
#797=ORIENTED_EDGE('',*,*,#796,.F.);
#798=ORIENTED_EDGE('',*,*,#409,.T.);
#799=EDGE_LOOP('',(#766,#775,#783,#791,#797,#798));
#800=FACE_BOUND('',#799,.T.);
#801=ADVANCED_FACE('',(#800),#758,.F.);
#802=CARTESIAN_POINT('',(-6.6608848,-14.499720485,244.838266298));
#803=DIRECTION('',(-0.,0.892591315,0.450866659));
#804=DIRECTION('',(0.,-0.450866659,0.892591315));
#805=AXIS2_PLACEMENT_3D('',#802,#803,#804);
#806=PLANE('',#805);
#807=ORIENTED_EDGE('',*,*,#336,.F.);
#808=ORIENTED_EDGE('',*,*,#285,.F.);
#809=ORIENTED_EDGE('',*,*,#363,.T.);
#810=ORIENTED_EDGE('',*,*,#796,.T.);
#811=CARTESIAN_POINT('',(14.200651421,-81.155759095,376.798791616));
#812=VERTEX_POINT('',#811);
#813=CARTESIAN_POINT('',(14.200651421,-71.749284035,358.176571992));
#814=DIRECTION('',(-0.,0.892591315,0.450866659));
#815=DIRECTION('',(0.,0.450866659,-0.892591315));
#816=AXIS2_PLACEMENT_3D('',#813,#814,#815);
#817=ELLIPSE('',#816,20.863097488,20.861536221);
#818=EDGE_CURVE('',#785,#812,#817,.T.);
#819=ORIENTED_EDGE('',*,*,#818,.T.);
#820=CARTESIAN_POINT('',(48.824659717,-81.155759095,376.798791616));
#821=VERTEX_POINT('',#820);
#822=CARTESIAN_POINT('',(14.200651421,-81.155759095,376.798791616));
#823=DIRECTION('',(1.,0.,0.));
#824=VECTOR('',#823,34.624008296);
#825=LINE('',#822,#824);
#826=EDGE_CURVE('',#812,#821,#825,.T.);
#827=ORIENTED_EDGE('',*,*,#826,.T.);
#828=CARTESIAN_POINT('',(48.824659717,-76.988299376,368.54837372));
#829=DIRECTION('',(0.,-0.450866659,0.892591315));
#830=VECTOR('',#829,9.24322);
#831=LINE('',#828,#830);
#832=EDGE_CURVE('',#182,#821,#831,.T.);
#833=ORIENTED_EDGE('',*,*,#832,.F.);
#834=ORIENTED_EDGE('',*,*,#188,.F.);
#835=EDGE_LOOP('',(#807,#808,#809,#810,#819,#827,#833,#834));
#836=FACE_BOUND('',#835,.T.);
#837=ADVANCED_FACE('',(#836),#806,.T.);
#838=CARTESIAN_POINT('',(-6.6608848,-81.155759095,376.798791616));
#839=DIRECTION('',(0.,-0.439913269,0.898040264));
#840=DIRECTION('',(-0.,-0.898040264,-0.439913269));
#841=AXIS2_PLACEMENT_3D('',#838,#839,#840);
#842=PLANE('',#841);
#843=ORIENTED_EDGE('',*,*,#826,.F.);
#844=CARTESIAN_POINT('',(14.200651421,-539.604224634,152.223601193));
#845=VERTEX_POINT('',#844);
#846=CARTESIAN_POINT('',(14.200651421,-81.155759095,376.798791616));
#847=DIRECTION('',(0.,-0.898040264,-0.439913269));
#848=VECTOR('',#847,510.498787176);
#849=LINE('',#846,#848);
#850=EDGE_CURVE('',#812,#845,#849,.T.);
#851=ORIENTED_EDGE('',*,*,#850,.T.);
#852=CARTESIAN_POINT('',(48.824659717,-539.604224634,152.223601193));
#853=VERTEX_POINT('',#852);
#854=CARTESIAN_POINT('',(14.200651421,-539.604224634,152.223601193));
#855=DIRECTION('',(1.,0.,0.));
#856=VECTOR('',#855,34.624008296);
#857=LINE('',#854,#856);
#858=EDGE_CURVE('',#845,#853,#857,.T.);
#859=ORIENTED_EDGE('',*,*,#858,.T.);
#860=CARTESIAN_POINT('',(48.824659717,-81.155759095,376.798791616));
#861=DIRECTION('',(0.,-0.898040264,-0.439913269));
#862=VECTOR('',#861,510.498787176);
#863=LINE('',#860,#862);
#864=EDGE_CURVE('',#821,#853,#863,.T.);
#865=ORIENTED_EDGE('',*,*,#864,.F.);
#866=EDGE_LOOP('',(#843,#851,#859,#865));
#867=FACE_BOUND('',#866,.T.);
#868=ADVANCED_FACE('',(#867),#842,.T.);
#869=CARTESIAN_POINT('',(-6.6608848,-539.604224634,152.223601193));
#870=DIRECTION('',(0.,-0.889173893,-0.457569435));
#871=DIRECTION('',(-0.,0.457569435,-0.889173893));
#872=AXIS2_PLACEMENT_3D('',#869,#870,#871);
#873=PLANE('',#872);
#874=CARTESIAN_POINT('',(-6.6608848,-530.056759859,133.670446676));
#875=VERTEX_POINT('',#874);
#876=CARTESIAN_POINT('',(-6.6608848,-478.929102955,34.316393944));
#877=VERTEX_POINT('',#876);
#878=CARTESIAN_POINT('',(-6.6608848,-530.056759859,133.670446676));
#879=DIRECTION('',(0.,0.457569435,-0.889173893));
#880=VECTOR('',#879,111.737482944);
#881=LINE('',#878,#880);
#882=EDGE_CURVE('',#875,#877,#881,.T.);
#883=ORIENTED_EDGE('',*,*,#882,.T.);
#884=CARTESIAN_POINT('',(13.835022638,-469.550381943,16.091151513));
#885=VERTEX_POINT('',#884);
#886=CARTESIAN_POINT('',(13.835022638,-478.929102955,34.316393944));
#887=DIRECTION('',(0.,-0.889173893,-0.457569435));
#888=DIRECTION('',(-0.,-0.457569435,0.889173893));
#889=AXIS2_PLACEMENT_3D('',#886,#887,#888);
#890=ELLIPSE('',#889,20.49682584,20.495907438);
#891=EDGE_CURVE('',#877,#885,#890,.T.);
#892=ORIENTED_EDGE('',*,*,#891,.T.);
#893=CARTESIAN_POINT('',(13.835022638,-469.550381943,16.091151513));
#894=DIRECTION('',(1.,0.,0.));
#895=VECTOR('',#894,10.608710939);
#896=LINE('',#893,#895);
#897=EDGE_CURVE('',#885,#51,#896,.T.);
#898=ORIENTED_EDGE('',*,*,#897,.T.);
#899=ORIENTED_EDGE('',*,*,#56,.T.);
#900=CARTESIAN_POINT('',(48.824659717,-539.604224634,152.223601193));
#901=DIRECTION('',(0.,0.457569435,-0.889173893));
#902=VECTOR('',#901,153.099917478);
#903=LINE('',#900,#902);
#904=EDGE_CURVE('',#853,#43,#903,.T.);
#905=ORIENTED_EDGE('',*,*,#904,.F.);
#906=ORIENTED_EDGE('',*,*,#858,.F.);
#907=CARTESIAN_POINT('',(14.200651421,-530.056759859,133.670446676));
#908=DIRECTION('',(0.,-0.889173893,-0.457569435));
#909=DIRECTION('',(0.,0.457569435,-0.889173893));
#910=AXIS2_PLACEMENT_3D('',#907,#908,#909);
#911=ELLIPSE('',#910,20.865608694,20.861536221);
#912=EDGE_CURVE('',#845,#875,#911,.T.);
#913=ORIENTED_EDGE('',*,*,#912,.T.);
#914=EDGE_LOOP('',(#883,#892,#898,#899,#905,#906,#913));
#915=FACE_BOUND('',#914,.T.);
#916=ADVANCED_FACE('',(#915),#873,.T.);
#917=CARTESIAN_POINT('',(-6.6608848,-280.083874326,199.612363506));
#918=DIRECTION('',(1.,0.,0.));
#919=DIRECTION('',(0.,0.,-1.));
#920=AXIS2_PLACEMENT_3D('',#917,#918,#919);
#921=PLANE('',#920);
#922=CARTESIAN_POINT('',(-6.6608848,-214.249100265,288.371728546));
#923=VERTEX_POINT('',#922);
#924=CARTESIAN_POINT('',(-6.6608848,-530.056759859,133.670446676));
#925=DIRECTION('',(-0.,0.898040264,0.439913269));
#926=VECTOR('',#925,351.66314062);
#927=LINE('',#924,#926);
#928=EDGE_CURVE('',#875,#923,#927,.T.);
#929=ORIENTED_EDGE('',*,*,#928,.T.);
#930=CARTESIAN_POINT('',(-6.6608848,-245.12863568,151.844367979));
#931=VERTEX_POINT('',#930);
#932=CARTESIAN_POINT('',(-6.6608848,-214.249100265,288.371728546));
#933=DIRECTION('',(0.,-0.220606011,-0.975363003));
#934=VECTOR('',#933,139.975947543);
#935=LINE('',#932,#934);
#936=EDGE_CURVE('',#923,#931,#935,.T.);
#937=ORIENTED_EDGE('',*,*,#936,.T.);
#938=CARTESIAN_POINT('',(-6.6608848,-245.12863568,151.844367979));
#939=DIRECTION('',(-0.,-0.893465571,-0.449131688));
#940=VECTOR('',#939,261.678205395);
#941=LINE('',#938,#940);
#942=EDGE_CURVE('',#931,#877,#941,.T.);
#943=ORIENTED_EDGE('',*,*,#942,.T.);
#944=ORIENTED_EDGE('',*,*,#882,.F.);
#945=EDGE_LOOP('',(#929,#937,#943,#944));
#946=FACE_BOUND('',#945,.T.);
#947=ADVANCED_FACE('',(#946),#921,.F.);
#948=CARTESIAN_POINT('',(48.824659717,-280.083874326,199.612363506));
#949=DIRECTION('',(1.,0.,0.));
#950=DIRECTION('',(0.,0.,-1.));
#951=AXIS2_PLACEMENT_3D('',#948,#949,#950);
#952=PLANE('',#951);
#953=ORIENTED_EDGE('',*,*,#48,.T.);
#954=ORIENTED_EDGE('',*,*,#168,.T.);
#955=ORIENTED_EDGE('',*,*,#194,.T.);
#956=ORIENTED_EDGE('',*,*,#832,.T.);
#957=ORIENTED_EDGE('',*,*,#864,.T.);
#958=ORIENTED_EDGE('',*,*,#904,.T.);
#959=EDGE_LOOP('',(#953,#954,#955,#956,#957,#958));
#960=FACE_BOUND('',#959,.T.);
#961=ADVANCED_FACE('',(#960),#952,.T.);
#962=CARTESIAN_POINT('',(-19.536279637,-229.409893063,154.003287925));
#963=DIRECTION('',(0.,0.434624134,-0.900611938));
#964=DIRECTION('',(0.,0.900611938,0.434624134));
#965=AXIS2_PLACEMENT_3D('',#962,#963,#964);
#966=PLANE('',#965);
#967=CARTESIAN_POINT('',(-10.882467074,-75.078710863,228.481599371));
#968=VERTEX_POINT('',#967);
#969=CARTESIAN_POINT('',(-10.243685392,-73.810941351,229.093409189));
#970=VERTEX_POINT('',#969);
#971=CARTESIAN_POINT('',(-10.882467074,-75.078710863,228.481599371));
#972=CARTESIAN_POINT('',(-10.664798999,-74.657883089,228.684685627));
#973=CARTESIAN_POINT('',(-10.451447201,-74.235436453,228.888553127));
#974=CARTESIAN_POINT('',(-10.243685391,-73.810941352,229.093409189));
#975=B_SPLINE_CURVE_WITH_KNOTS('',3,(#971,#972,#973,#974),.UNSPECIFIED.,.F.,.F.,(4,4),(0.02503682,0.026562721),.UNSPECIFIED.);
#976=EDGE_CURVE('',#968,#970,#975,.T.);
#977=ORIENTED_EDGE('',*,*,#976,.T.);
#978=CARTESIAN_POINT('',(-12.00456366,-233.373905949,152.090304546));
#979=VERTEX_POINT('',#978);
#980=CARTESIAN_POINT('',(13.835022638,-1007.858573396,-221.66637541));
#981=DIRECTION('',(-0.,-0.434624134,0.900611938));
#982=DIRECTION('',(0.,-0.900611938,-0.434624134));
#983=AXIS2_PLACEMENT_3D('',#980,#981,#982);
#984=ELLIPSE('',#983,1814.548404911,29.344259034);
#985=EDGE_CURVE('',#970,#979,#984,.T.);
#986=ORIENTED_EDGE('',*,*,#985,.T.);
#987=CARTESIAN_POINT('',(-19.536279637,-229.562407595,153.929686306));
#988=VERTEX_POINT('',#987);
#989=CARTESIAN_POINT('',(-21.516094088,-246.506437383,145.752708007));
#990=DIRECTION('',(-0.,-0.434624134,0.900611938));
#991=DIRECTION('',(0.,-0.900611938,-0.434624134));
#992=AXIS2_PLACEMENT_3D('',#989,#990,#991);
#993=ELLIPSE('',#992,18.983253058,14.855209288);
#994=EDGE_CURVE('',#979,#988,#993,.T.);
#995=ORIENTED_EDGE('',*,*,#994,.T.);
#996=CARTESIAN_POINT('',(-19.536279637,-75.078710863,228.481599371));
#997=VERTEX_POINT('',#996);
#998=CARTESIAN_POINT('',(-19.536279637,-229.562407595,153.929686306));
#999=DIRECTION('',(0.,0.900611938,0.434624134));
#1000=VECTOR('',#999,171.531922095);
#1001=LINE('',#998,#1000);
#1002=EDGE_CURVE('',#988,#997,#1001,.T.);
#1003=ORIENTED_EDGE('',*,*,#1002,.T.);
#1004=CARTESIAN_POINT('',(-19.536279637,-75.078710863,228.481599371));
#1005=DIRECTION('',(1.,0.,-0.));
#1006=VECTOR('',#1005,8.653812563);
#1007=LINE('',#1004,#1006);
#1008=EDGE_CURVE('',#997,#968,#1007,.T.);
#1009=ORIENTED_EDGE('',*,*,#1008,.T.);
#1010=EDGE_LOOP('',(#977,#986,#995,#1003,#1009));
#1011=FACE_BOUND('',#1010,.T.);
#1012=ADVANCED_FACE('',(#1011),#966,.T.);
#1013=CARTESIAN_POINT('',(-19.536279637,-30.561641413,249.964984102));
#1014=DIRECTION('',(0.,0.897916772,0.440165275));
#1015=DIRECTION('',(0.,-0.440165275,0.897916772));
#1016=AXIS2_PLACEMENT_3D('',#1013,#1014,#1015);
#1017=PLANE('',#1016);
#1018=CARTESIAN_POINT('',(-19.536279637,-52.318923677,294.34883207));
#1019=VERTEX_POINT('',#1018);
#1020=CARTESIAN_POINT('',(-19.536279637,-82.062395611,355.024137027));
#1021=VERTEX_POINT('',#1020);
#1022=CARTESIAN_POINT('',(-19.536279637,-52.318923677,294.34883207));
#1023=DIRECTION('',(0.,-0.440165275,0.897916772));
#1024=VECTOR('',#1023,67.573417512);
#1025=LINE('',#1022,#1024);
#1026=EDGE_CURVE('',#1019,#1021,#1025,.T.);
#1027=ORIENTED_EDGE('',*,*,#1026,.T.);
#1028=CARTESIAN_POINT('',(-16.5225174,-82.830848806,356.591745948));
#1029=VERTEX_POINT('',#1028);
#1030=CARTESIAN_POINT('',(-19.536279637,-82.062395611,355.024137027));
#1031=CARTESIAN_POINT('',(-18.523423098,-82.312263448,355.533855841));
#1032=CARTESIAN_POINT('',(-17.518835962,-82.568414724,356.056392577));
#1033=CARTESIAN_POINT('',(-16.5225174,-82.830848806,356.591745948));
#1034=B_SPLINE_CURVE_WITH_KNOTS('',3,(#1030,#1031,#1032,#1033),.UNSPECIFIED.,.F.,.F.,(4,4),(0.,0.003482913),.UNSPECIFIED.);
#1035=EDGE_CURVE('',#1021,#1029,#1034,.T.);
#1036=ORIENTED_EDGE('',*,*,#1035,.T.);
#1037=CARTESIAN_POINT('',(-16.71611997,-81.310292669,353.489881864));
#1038=VERTEX_POINT('',#1037);
#1039=CARTESIAN_POINT('',(14.200651421,-81.310292669,353.489881864));
#1040=DIRECTION('',(-0.,-0.897916772,-0.440165275));
#1041=DIRECTION('',(0.,0.440165275,-0.897916772));
#1042=AXIS2_PLACEMENT_3D('',#1039,#1040,#1041);
#1043=ELLIPSE('',#1042,30.916772608,30.916771391);
#1044=EDGE_CURVE('',#1029,#1038,#1043,.T.);
#1045=ORIENTED_EDGE('',*,*,#1044,.T.);
#1046=CARTESIAN_POINT('',(-16.71611997,-52.318923677,294.34883207));
#1047=VERTEX_POINT('',#1046);
#1048=CARTESIAN_POINT('',(-16.71611997,-81.310292669,353.489881864));
#1049=DIRECTION('',(-0.,0.440165275,-0.897916772));
#1050=VECTOR('',#1049,65.86473447);
#1051=LINE('',#1048,#1050);
#1052=EDGE_CURVE('',#1038,#1047,#1051,.T.);
#1053=ORIENTED_EDGE('',*,*,#1052,.T.);
#1054=CARTESIAN_POINT('',(-16.71611997,-52.318923677,294.34883207));
#1055=DIRECTION('',(-1.,-0.,0.));
#1056=VECTOR('',#1055,2.820159667);
#1057=LINE('',#1054,#1056);
#1058=EDGE_CURVE('',#1047,#1019,#1057,.T.);
#1059=ORIENTED_EDGE('',*,*,#1058,.T.);
#1060=EDGE_LOOP('',(#1027,#1036,#1045,#1053,#1059));
#1061=FACE_BOUND('',#1060,.T.);
#1062=ADVANCED_FACE('',(#1061),#1017,.T.);
#1063=CARTESIAN_POINT('',(-19.536279637,-195.99498473,301.740265728));
#1064=DIRECTION('',(0.,-0.975363003,0.220606011));
#1065=DIRECTION('',(0.,-0.220606011,-0.975363003));
#1066=AXIS2_PLACEMENT_3D('',#1063,#1064,#1065);
#1067=PLANE('',#1066);
#1068=CARTESIAN_POINT('',(-19.536279637,-195.99498473,301.740265728));
#1069=VERTEX_POINT('',#1068);
#1070=CARTESIAN_POINT('',(-19.536279637,-196.438537526,299.779190486));
#1071=VERTEX_POINT('',#1070);
#1072=CARTESIAN_POINT('',(-19.536279637,-195.99498473,301.740265728));
#1073=DIRECTION('',(0.,-0.220606011,-0.975363003));
#1074=VECTOR('',#1073,2.01061065);
#1075=LINE('',#1072,#1074);
#1076=EDGE_CURVE('',#1069,#1071,#1075,.T.);
#1077=ORIENTED_EDGE('',*,*,#1076,.T.);
#1078=CARTESIAN_POINT('',(-18.813248652,-195.899415279,302.162805927));
#1079=VERTEX_POINT('',#1078);
#1080=CARTESIAN_POINT('',(14.200651421,-199.759878721,285.094580083));
#1081=DIRECTION('',(-0.,0.975363003,-0.220606011));
#1082=DIRECTION('',(0.,0.220606011,0.975363003));
#1083=AXIS2_PLACEMENT_3D('',#1080,#1081,#1082);
#1084=ELLIPSE('',#1083,45.857266647,35.716745509);
#1085=EDGE_CURVE('',#1071,#1079,#1084,.T.);
#1086=ORIENTED_EDGE('',*,*,#1085,.T.);
#1087=CARTESIAN_POINT('',(-18.813248652,-195.899415279,302.162805927));
#1088=CARTESIAN_POINT('',(-19.053587143,-195.931464566,302.021106753));
#1089=CARTESIAN_POINT('',(-19.294596117,-195.963321439,301.880258303));
#1090=CARTESIAN_POINT('',(-19.536279637,-195.99498473,301.740265728));
#1091=B_SPLINE_CURVE_WITH_KNOTS('',3,(#1087,#1088,#1089,#1090),.UNSPECIFIED.,.F.,.F.,(4,4),(0.025854758,0.026692016),.UNSPECIFIED.);
#1092=EDGE_CURVE('',#1079,#1069,#1091,.T.);
#1093=ORIENTED_EDGE('',*,*,#1092,.T.);
#1094=EDGE_LOOP('',(#1077,#1086,#1093));
#1095=FACE_BOUND('',#1094,.T.);
#1096=ADVANCED_FACE('',(#1095),#1067,.T.);
#1097=CARTESIAN_POINT('',(-19.536279637,-130.255072631,254.32277801));
#1098=DIRECTION('',(1.,0.,0.));
#1099=DIRECTION('',(0.,0.,-1.));
#1100=AXIS2_PLACEMENT_3D('',#1097,#1098,#1099);
#1101=PLANE('',#1100);
#1102=CARTESIAN_POINT('',(-19.536279637,-108.117892529,251.764959042));
#1103=VERTEX_POINT('',#1102);
#1104=CARTESIAN_POINT('',(-19.536279637,-127.217237104,270.864303617));
#1105=VERTEX_POINT('',#1104);
#1106=CARTESIAN_POINT('',(-19.536279637,-108.117892529,270.864303617));
#1107=DIRECTION('',(1.,0.,0.));
#1108=DIRECTION('',(0.,0.,-1.));
#1109=AXIS2_PLACEMENT_3D('',#1106,#1107,#1108);
#1110=CIRCLE('',#1109,19.099344575);
#1111=EDGE_CURVE('',#1103,#1105,#1110,.T.);
#1112=ORIENTED_EDGE('',*,*,#1111,.T.);
#1113=CARTESIAN_POINT('',(-19.536279637,-108.117892529,270.864303617));
#1114=DIRECTION('',(1.,0.,0.));
#1115=DIRECTION('',(0.,0.,-1.));
#1116=AXIS2_PLACEMENT_3D('',#1113,#1114,#1115);
#1117=CIRCLE('',#1116,19.099344575);
#1118=EDGE_CURVE('',#1105,#1103,#1117,.T.);
#1119=ORIENTED_EDGE('',*,*,#1118,.T.);
#1120=EDGE_LOOP('',(#1112,#1119));
#1121=FACE_BOUND('',#1120,.T.);
#1122=ORIENTED_EDGE('',*,*,#1026,.F.);
#1123=CARTESIAN_POINT('',(-19.536279637,-96.430124565,272.725203371));
#1124=DIRECTION('',(-1.,-0.,-0.));
#1125=DIRECTION('',(0.,0.,-1.));
#1126=AXIS2_PLACEMENT_3D('',#1123,#1124,#1125);
#1127=CIRCLE('',#1126,49.126157614);
#1128=EDGE_CURVE('',#1019,#997,#1127,.T.);
#1129=ORIENTED_EDGE('',*,*,#1128,.T.);
#1130=ORIENTED_EDGE('',*,*,#1002,.F.);
#1131=CARTESIAN_POINT('',(-19.536279637,-199.889133897,285.123814808));
#1132=VERTEX_POINT('',#1131);
#1133=CARTESIAN_POINT('',(-19.536279637,-229.562407595,153.929686306));
#1134=DIRECTION('',(-0.,0.220606011,0.975363003));
#1135=VECTOR('',#1134,134.508001715);
#1136=LINE('',#1133,#1135);
#1137=EDGE_CURVE('',#988,#1132,#1136,.T.);
#1138=ORIENTED_EDGE('',*,*,#1137,.T.);
#1139=CARTESIAN_POINT('',(-19.536279637,-199.889133897,285.123814808));
#1140=CARTESIAN_POINT('',(-19.536279637,-199.612352295,286.347546354));
#1141=CARTESIAN_POINT('',(-19.536279637,-199.329954011,287.569999846));
#1142=CARTESIAN_POINT('',(-19.536279637,-199.0429923,288.791414947));
#1143=CARTESIAN_POINT('',(-19.536279637,-198.756030589,290.012830047));
#1144=CARTESIAN_POINT('',(-19.536279637,-198.464512172,291.233208287));
#1145=CARTESIAN_POINT('',(-19.536279637,-198.171543966,292.453256632));
#1146=CARTESIAN_POINT('',(-19.536279637,-197.585607554,294.893353322));
#1147=CARTESIAN_POINT('',(-19.536279637,-196.99210073,297.331727393));
#1148=CARTESIAN_POINT('',(-19.536279637,-196.438537526,299.779190486));
#1149=B_SPLINE_CURVE_WITH_KNOTS('',3,(#1139,#1140,#1141,#1142,#1143,#1144,#1145,#1146,#1147,#1148),.UNSPECIFIED.,.F.,.F.,(4,3,3,4),(0.,0.003763923,0.007527847,0.015055693),.UNSPECIFIED.);
#1150=EDGE_CURVE('',#1132,#1071,#1149,.T.);
#1151=ORIENTED_EDGE('',*,*,#1150,.T.);
#1152=ORIENTED_EDGE('',*,*,#1076,.F.);
#1153=CARTESIAN_POINT('',(-19.536279637,-82.062395611,355.024137027));
#1154=DIRECTION('',(0.,-0.905831445,-0.423638281));
#1155=VECTOR('',#1154,125.776809484);
#1156=LINE('',#1153,#1155);
#1157=EDGE_CURVE('',#1021,#1069,#1156,.T.);
#1158=ORIENTED_EDGE('',*,*,#1157,.F.);
#1159=EDGE_LOOP('',(#1122,#1129,#1130,#1138,#1151,#1152,#1158));
#1160=FACE_BOUND('',#1159,.T.);
#1161=ADVANCED_FACE('',(#1121,#1160),#1101,.F.);
#1162=CARTESIAN_POINT('',(-19.536279637,-96.430124565,272.725203371));
#1163=DIRECTION('',(1.,0.,0.));
#1164=DIRECTION('',(0.,0.,-1.));
#1165=AXIS2_PLACEMENT_3D('',#1162,#1163,#1164);
#1166=CYLINDRICAL_SURFACE('',#1165,49.126157614);
#1167=ORIENTED_EDGE('',*,*,#1058,.F.);
#1168=CARTESIAN_POINT('',(-16.71611997,-49.56632618,257.988726083));
#1169=VERTEX_POINT('',#1168);
#1170=CARTESIAN_POINT('',(-16.71611997,-96.430124565,272.725203371));
#1171=DIRECTION('',(-1.,-0.,-0.));
#1172=DIRECTION('',(0.,0.,-1.));
#1173=AXIS2_PLACEMENT_3D('',#1170,#1171,#1172);
#1174=CIRCLE('',#1173,49.126157614);
#1175=EDGE_CURVE('',#1047,#1169,#1174,.T.);
#1176=ORIENTED_EDGE('',*,*,#1175,.T.);
#1177=CARTESIAN_POINT('',(-16.71611997,-49.56632618,257.988726083));
#1178=CARTESIAN_POINT('',(-16.71611997,-50.0772181,256.364027353));
#1179=CARTESIAN_POINT('',(-16.610728544,-50.665897737,254.786027041));
#1180=CARTESIAN_POINT('',(-16.433404387,-51.329152944,253.250046869));
#1181=CARTESIAN_POINT('',(-16.25608023,-51.99240815,251.714066697));
#1182=CARTESIAN_POINT('',(-16.006361964,-52.730267188,250.220163603));
#1183=CARTESIAN_POINT('',(-15.710103291,-53.542708873,248.76588499));
#1184=CARTESIAN_POINT('',(-15.561973954,-53.948929716,248.038745684));
#1185=CARTESIAN_POINT('',(-15.402274854,-54.373849329,247.321531412));
#1186=CARTESIAN_POINT('',(-15.233688859,-54.817740023,246.614117319));
#1187=CARTESIAN_POINT('',(-15.149395861,-55.039685371,246.260410272));
#1188=CARTESIAN_POINT('',(-15.062712109,-55.266665671,245.908726076));
#1189=CARTESIAN_POINT('',(-14.974618702,-55.497612719,245.560725905));
#1190=CARTESIAN_POINT('',(-14.886525295,-55.728559768,245.212725734));
#1191=CARTESIAN_POINT('',(-14.796897875,-55.963422121,244.868455449));
#1192=CARTESIAN_POINT('',(-14.706226871,-56.202192985,244.527811953));
#1193=CARTESIAN_POINT('',(-14.343542858,-57.157276443,243.165237968));
#1194=CARTESIAN_POINT('',(-13.96346814,-58.174598538,241.860569758));
#1195=CARTESIAN_POINT('',(-13.589601517,-59.25503986,240.609904227));
#1196=CARTESIAN_POINT('',(-13.215734894,-60.335481181,239.359238696));
#1197=CARTESIAN_POINT('',(-12.847961326,-61.479031631,238.162589792));
#1198=CARTESIAN_POINT('',(-12.509579057,-62.689549729,237.018719762));
#1199=CARTESIAN_POINT('',(-12.340387923,-63.294808778,236.446784747));
#1200=CARTESIAN_POINT('',(-12.178389781,-63.917697888,235.887371511));
#1201=CARTESIAN_POINT('',(-12.027106078,-64.55634108,235.342837363));
#1202=CARTESIAN_POINT('',(-11.875822375,-65.194984272,234.798303215));
#1203=CARTESIAN_POINT('',(-11.736025559,-65.846067173,234.27140388));
#1204=CARTESIAN_POINT('',(-11.610148191,-66.509598264,233.761868454));
#1205=CARTESIAN_POINT('',(-11.358393455,-67.836660446,232.742797602));
#1206=CARTESIAN_POINT('',(-11.16258229,-69.213426237,231.793015387));
#1207=CARTESIAN_POINT('',(-11.037539927,-70.641020722,230.912508111));
#1208=CARTESIAN_POINT('',(-10.912497565,-72.068615206,230.032000835));
#1209=CARTESIAN_POINT('',(-10.858398075,-73.547046999,229.220761326));
#1210=CARTESIAN_POINT('',(-10.882467074,-75.078710863,228.481599371));
#1211=B_SPLINE_CURVE_WITH_KNOTS('',3,(#1177,#1178,#1179,#1180,#1181,#1182,#1183,#1184,#1185,#1186,#1187,#1188,#1189,#1190,#1191,#1192,#1193,#1194,#1195,#1196,#1197,#1198,#1199,#1200,#1201,#1202,
#1203,#1204,#1205,#1206,#1207,#1208,#1209,#1210),.UNSPECIFIED.,.F.,.F.,(4,3,3,3,3,3,3,3,3,3,3,4),(-0.,0.006070418,0.012140837,0.015176046,0.01669365,0.018211255,0.024281673,0.030352091,0.033387301,0.03642251,0.042492928,0.048563346),.UNSPECIFIED.);
#1212=EDGE_CURVE('',#1169,#968,#1211,.T.);
#1213=ORIENTED_EDGE('',*,*,#1212,.T.);
#1214=ORIENTED_EDGE('',*,*,#1008,.F.);
#1215=ORIENTED_EDGE('',*,*,#1128,.F.);
#1216=EDGE_LOOP('',(#1167,#1176,#1213,#1214,#1215));
#1217=FACE_BOUND('',#1216,.T.);
#1218=ADVANCED_FACE('',(#1217),#1166,.T.);
#1219=CARTESIAN_POINT('',(14.200651421,-71.978492494,358.064292123));
#1220=DIRECTION('',(0.,0.898040264,0.439913269));
#1221=DIRECTION('',(0.,-0.439913269,0.898040264));
#1222=AXIS2_PLACEMENT_3D('',#1219,#1220,#1221);
#1223=CYLINDRICAL_SURFACE('',#1222,20.861536221);
#1224=CARTESIAN_POINT('',(0.49122885,-79.204755004,372.03407664));
#1225=VERTEX_POINT('',#1224);
#1226=CARTESIAN_POINT('',(1.71475857,-200.909447188,313.516198048));
#1227=VERTEX_POINT('',#1226);
#1228=CARTESIAN_POINT('',(0.49122885,-79.204755004,372.03407664));
#1229=CARTESIAN_POINT('',(0.880046082,-119.781113302,352.534856681));
#1230=CARTESIAN_POINT('',(1.288761132,-160.349965348,333.030235265));
#1231=CARTESIAN_POINT('',(1.71475857,-200.909447188,313.516198048));
#1232=B_SPLINE_CURVE_WITH_KNOTS('',3,(#1228,#1229,#1230,#1231),.UNSPECIFIED.,.F.,.F.,(4,4),(0.177824346,0.313289767),.UNSPECIFIED.);
#1233=EDGE_CURVE('',#1225,#1227,#1232,.T.);
#1234=ORIENTED_EDGE('',*,*,#1233,.T.);
#1235=CARTESIAN_POINT('',(14.200651421,-214.249100265,288.371728546));
#1236=DIRECTION('',(-0.,-0.883382625,0.46865247));
#1237=DIRECTION('',(0.,0.46865247,0.883382625));
#1238=AXIS2_PLACEMENT_3D('',#1235,#1236,#1237);
#1239=ELLIPSE('',#1238,35.530362904,20.861536221);
#1240=EDGE_CURVE('',#1227,#923,#1239,.T.);
#1241=ORIENTED_EDGE('',*,*,#1240,.T.);
#1242=ORIENTED_EDGE('',*,*,#928,.F.);
#1243=ORIENTED_EDGE('',*,*,#912,.F.);
#1244=ORIENTED_EDGE('',*,*,#850,.F.);
#1245=ORIENTED_EDGE('',*,*,#818,.F.);
#1246=ORIENTED_EDGE('',*,*,#790,.F.);
#1247=CARTESIAN_POINT('',(14.200651421,-72.281528359,357.915847223));
#1248=DIRECTION('',(-0.,0.897857224,0.44028673));
#1249=DIRECTION('',(0.,0.44028673,-0.897857224));
#1250=AXIS2_PLACEMENT_3D('',#1247,#1248,#1249);
#1251=ELLIPSE('',#1250,20.861538025,20.861536221);
#1252=EDGE_CURVE('',#777,#1225,#1251,.T.);
#1253=ORIENTED_EDGE('',*,*,#1252,.T.);
#1254=EDGE_LOOP('',(#1234,#1241,#1242,#1243,#1244,#1245,#1246,#1253));
#1255=FACE_BOUND('',#1254,.T.);
#1256=ADVANCED_FACE('',(#1255),#1223,.T.);
#1257=CARTESIAN_POINT('',(13.835022638,-478.755743442,34.403539161));
#1258=DIRECTION('',(0.,-0.893465571,-0.449131688));
#1259=DIRECTION('',(0.,0.449131688,-0.893465571));
#1260=AXIS2_PLACEMENT_3D('',#1257,#1258,#1259);
#1261=CYLINDRICAL_SURFACE('',#1260,20.495907438);
#1262=ORIENTED_EDGE('',*,*,#228,.T.);
#1263=ORIENTED_EDGE('',*,*,#95,.T.);
#1264=ORIENTED_EDGE('',*,*,#78,.F.);
#1265=CARTESIAN_POINT('',(13.835022638,-356.05324622,96.084236704));
#1266=DIRECTION('',(-0.,-0.893465571,-0.449131688));
#1267=DIRECTION('',(0.,-0.449131688,0.893465571));
#1268=AXIS2_PLACEMENT_3D('',#1265,#1266,#1267);
#1269=CIRCLE('',#1268,20.495907438);
#1270=EDGE_CURVE('',#655,#67,#1269,.T.);
#1271=ORIENTED_EDGE('',*,*,#1270,.F.);
#1272=ORIENTED_EDGE('',*,*,#660,.F.);
#1273=CARTESIAN_POINT('',(13.835022638,-469.63991172,38.98593049));
#1274=DIRECTION('',(-0.,0.999992354,0.003910459));
#1275=DIRECTION('',(0.,0.003910459,-0.999992354));
#1276=AXIS2_PLACEMENT_3D('',#1273,#1274,#1275);
#1277=ELLIPSE('',#1276,22.894954029,20.495907438);
#1278=EDGE_CURVE('',#885,#647,#1277,.T.);
#1279=ORIENTED_EDGE('',*,*,#1278,.F.);
#1280=ORIENTED_EDGE('',*,*,#891,.F.);
#1281=ORIENTED_EDGE('',*,*,#942,.F.);
#1282=CARTESIAN_POINT('',(-4.355518738,-252.855244077,137.390401745));
#1283=VERTEX_POINT('',#1282);
#1284=CARTESIAN_POINT('',(13.835022638,-245.12863568,151.844367979));
#1285=DIRECTION('',(-0.,-0.881900908,0.471434819));
#1286=DIRECTION('',(0.,-0.471434819,-0.881900908));
#1287=AXIS2_PLACEMENT_3D('',#1284,#1285,#1286);
#1288=ELLIPSE('',#1287,35.570094304,20.495907438);
#1289=EDGE_CURVE('',#931,#1283,#1288,.T.);
#1290=ORIENTED_EDGE('',*,*,#1289,.T.);
#1291=CARTESIAN_POINT('',(-2.932851045,-66.526250905,228.433251693));
#1292=VERTEX_POINT('',#1291);
#1293=CARTESIAN_POINT('',(13.835022638,-1004.012866248,-229.635306486));
#1294=DIRECTION('',(-0.,0.439010375,-0.898481992));
#1295=DIRECTION('',(0.,-0.898481992,-0.439010375));
#1296=AXIS2_PLACEMENT_3D('',#1293,#1294,#1295);
#1297=ELLIPSE('',#1296,1814.42688209,20.495907438);
#1298=EDGE_CURVE('',#1283,#1292,#1297,.T.);
#1299=ORIENTED_EDGE('',*,*,#1298,.T.);
#1300=CARTESIAN_POINT('',(-2.932851108,-66.526250964,228.433251763));
#1301=CARTESIAN_POINT('',(-3.024979227,-65.081664027,229.306116734));
#1302=CARTESIAN_POINT('',(-3.148855489,-63.669321704,230.216598245));
#1303=CARTESIAN_POINT('',(-3.298098586,-62.288602775,231.165079315));
#1304=CARTESIAN_POINT('',(-3.447341683,-60.907883846,232.113560385));
#1305=CARTESIAN_POINT('',(-3.622652443,-59.554654666,233.103650105));
#1306=CARTESIAN_POINT('',(-3.811992157,-58.253784957,234.116326239));
#1307=CARTESIAN_POINT('',(-4.190671584,-55.652045539,236.141678507));
#1308=CARTESIAN_POINT('',(-4.626734167,-53.238562799,238.268367503));
#1309=CARTESIAN_POINT('',(-5.04613852,-50.99605063,240.507145896));
#1310=CARTESIAN_POINT('',(-5.150989608,-50.435422588,241.066840494));
#1311=CARTESIAN_POINT('',(-5.254796945,-49.885594214,241.633612945));
#1312=CARTESIAN_POINT('',(-5.35635983,-49.346520191,242.207785015));
#1313=CARTESIAN_POINT('',(-5.457922714,-48.807446168,242.781957085));
#1314=CARTESIAN_POINT('',(-5.557444781,-48.278078922,243.36478523));
#1315=CARTESIAN_POINT('',(-5.652827175,-47.762897449,243.951455827));
#1316=CARTESIAN_POINT('',(-5.843591962,-46.732534504,245.124797022));
#1317=CARTESIAN_POINT('',(-6.0180454,-45.757952466,246.314099981));
#1318=CARTESIAN_POINT('',(-6.166663476,-44.837845401,247.520302181));
#1319=CARTESIAN_POINT('',(-6.315281552,-43.917738336,248.726504382));
#1320=CARTESIAN_POINT('',(-6.438147574,-43.052092626,249.949582961));
#1321=CARTESIAN_POINT('',(-6.52451273,-42.241135688,251.190998545));
#1322=CARTESIAN_POINT('',(-6.610877885,-41.430178751,252.432414129));
#1323=CARTESIAN_POINT('',(-6.6608848,-40.673897823,253.692144919));
#1324=CARTESIAN_POINT('',(-6.6608848,-39.97415499,254.972435946));
#1325=B_SPLINE_CURVE_WITH_KNOTS('',3,(#1300,#1301,#1302,#1303,#1304,#1305,#1306,#1307,#1308,#1309,#1310,#1311,#1312,#1313,#1314,#1315,#1316,#1317,#1318,#1319,#1320,#1321,#1322,#1323,#1324),.UNSPECIFIED.,.F.,.F.,(4,3,3,3,3,3,3,3,4),(0.007773769,0.012872466,0.017971163,0.028168558,0.030717906,0.033267255,0.038365952,0.043464649,0.048563346),.UNSPECIFIED.);
#1326=EDGE_CURVE('',#1292,#760,#1325,.T.);
#1327=ORIENTED_EDGE('',*,*,#1326,.T.);
#1328=ORIENTED_EDGE('',*,*,#765,.F.);
#1329=ORIENTED_EDGE('',*,*,#397,.F.);
#1330=EDGE_LOOP('',(#1262,#1263,#1264,#1271,#1272,#1279,#1280,#1281,#1290,#1299,#1327,#1328,#1329));
#1331=FACE_BOUND('',#1330,.T.);
#1332=ADVANCED_FACE('',(#1331),#1261,.T.);
#1333=CARTESIAN_POINT('',(-6.6608848,-72.281528359,357.915847223));
#1334=CARTESIAN_POINT('',(-6.6608848,-72.872459601,357.626168467));
#1335=CARTESIAN_POINT('',(-6.72570173,-73.463376231,357.336496875));
#1336=CARTESIAN_POINT('',(-6.982484919,-74.622529559,356.768271557));
#1337=CARTESIAN_POINT('',(-7.17444483,-75.190737595,356.489731881));
#1338=CARTESIAN_POINT('',(-7.678143174,-76.282636155,355.954475335));
#1339=CARTESIAN_POINT('',(-7.989869154,-76.806299679,355.6977717));
#1340=CARTESIAN_POINT('',(-8.72112581,-77.788982421,355.216053535));
#1341=CARTESIAN_POINT('',(-9.140638404,-78.247977339,354.991050917));
#1342=CARTESIAN_POINT('',(-10.071351586,-79.083680317,354.581383292));
#1343=CARTESIAN_POINT('',(-10.582529161,-79.460367711,354.396728416));
#1344=CARTESIAN_POINT('',(-11.676932086,-80.116975327,354.074854628));
#1345=CARTESIAN_POINT('',(-12.260130374,-80.396879313,353.937643677));
#1346=CARTESIAN_POINT('',(-13.47616575,-80.849158505,353.715933156));
#1347=CARTESIAN_POINT('',(-14.108972768,-81.021522528,353.631439069));
#1348=CARTESIAN_POINT('',(-15.399909037,-81.252092461,353.518412026));
#1349=CARTESIAN_POINT('',(-16.058006367,-81.310292669,353.489881864));
#1350=CARTESIAN_POINT('',(-16.71611997,-81.310292669,353.489881864));
#1351=CARTESIAN_POINT('',(-6.6608848,-72.882689022,359.141767534));
#1352=CARTESIAN_POINT('',(-6.660896888,-73.473613355,358.852092166));
#1353=CARTESIAN_POINT('',(-6.725724385,-74.066389301,358.566233679));
#1354=CARTESIAN_POINT('',(-6.982525319,-75.232922972,358.013107588));
#1355=CARTESIAN_POINT('',(-7.174492407,-75.806651853,357.74585366));
#1356=CARTESIAN_POINT('',(-7.678201614,-76.913042333,357.24020803));
#1357=CARTESIAN_POINT('',(-7.989931278,-77.445676577,357.00182883));
#1358=CARTESIAN_POINT('',(-8.721191946,-78.449406879,356.563094859));
#1359=CARTESIAN_POINT('',(-9.14070487,-78.92047812,356.362750936));
#1360=CARTESIAN_POINT('',(-10.071415717,-79.782976333,356.007788494));
#1361=CARTESIAN_POINT('',(-10.582590629,-80.174381978,355.853178752));
#1362=CARTESIAN_POINT('',(-11.676985793,-80.862503527,355.595628479));
#1363=CARTESIAN_POINT('',(-12.260178986,-81.159202415,355.492694317));
#1364=CARTESIAN_POINT('',(-13.476202455,-81.646503762,355.342453437));
#1365=CARTESIAN_POINT('',(-14.109002664,-81.837094172,355.295150434));
#1366=CARTESIAN_POINT('',(-15.399924427,-82.104849006,355.257992422));
#1367=CARTESIAN_POINT('',(-16.058014063,-82.18200681,355.268138331));
#1368=CARTESIAN_POINT('',(-16.71611997,-82.200966239,355.306814689));
#1369=CARTESIAN_POINT('',(-6.526409504,-73.483834821,360.367657532));
#1370=CARTESIAN_POINT('',(-6.526433675,-74.074753301,360.07798771));
#1371=CARTESIAN_POINT('',(-6.590853919,-74.669389443,359.795944121));
#1372=CARTESIAN_POINT('',(-6.846017343,-75.843304827,359.257920051));
#1373=CARTESIAN_POINT('',(-7.036754216,-76.422555044,359.001952873));
#1374=CARTESIAN_POINT('',(-7.537227396,-77.543438037,358.525919366));
#1375=CARTESIAN_POINT('',(-7.84695133,-78.0850431,358.305864806));
#1376=CARTESIAN_POINT('',(-8.573502264,-79.109820795,357.910114683));
#1377=CARTESIAN_POINT('',(-8.990311301,-79.592968088,357.734428905));
#1378=CARTESIAN_POINT('',(-9.915020355,-80.482260669,357.434169876));
#1379=CARTESIAN_POINT('',(-10.422897509,-80.888383969,357.309604048));
#1380=CARTESIAN_POINT('',(-11.510230299,-81.608017991,357.116374314));
#1381=CARTESIAN_POINT('',(-12.089659051,-81.921510922,357.047715184));
#1382=CARTESIAN_POINT('',(-13.297831948,-82.443832516,356.968940052));
#1383=CARTESIAN_POINT('',(-13.926546221,-82.652648266,356.958825998));
#1384=CARTESIAN_POINT('',(-15.209131997,-82.957585812,356.997532552));
#1385=CARTESIAN_POINT('',(-15.862971788,-83.053700069,357.046352202));
#1386=CARTESIAN_POINT('',(-16.516827745,-83.091617786,357.123702587));
#1387=CARTESIAN_POINT('',(-5.993662958,-74.663053881,362.772386725));
#1388=CARTESIAN_POINT('',(-5.993709463,-75.253962878,362.482731854));
#1389=CARTESIAN_POINT('',(-6.056493984,-75.85224976,362.208175203));
#1390=CARTESIAN_POINT('',(-6.305132654,-77.040648182,361.699781528));
#1391=CARTESIAN_POINT('',(-6.490980657,-77.630730343,361.465957073));
#1392=CARTESIAN_POINT('',(-6.978610828,-78.78004392,361.048014931));
#1393=CARTESIAN_POINT('',(-7.280380941,-79.339246923,360.863907576));
#1394=CARTESIAN_POINT('',(-7.988264996,-80.405312245,360.55247674));
#1395=CARTESIAN_POINT('',(-8.394361437,-80.912148208,360.425160958));
#1396=CARTESIAN_POINT('',(-9.295298308,-81.854000748,360.232208399));
#1397=CARTESIAN_POINT('',(-9.790116464,-82.288994039,360.166576392));
#1398=CARTESIAN_POINT('',(-10.84948686,-83.07044225,360.099516436));
#1399=CARTESIAN_POINT('',(-11.41401291,-83.416877851,360.098090145));
#1400=CARTESIAN_POINT('',(-12.591109593,-84.007893864,360.159499575));
#1401=CARTESIAN_POINT('',(-13.203651126,-84.252459664,360.222333778));
#1402=CARTESIAN_POINT('',(-14.453243121,-84.630333132,360.409852821));
#1403=CARTESIAN_POINT('',(-15.090262691,-84.763631457,360.534533025));
#1404=CARTESIAN_POINT('',(-15.727298009,-84.83873684,360.687744528));
#1405=CARTESIAN_POINT('',(-5.595404881,-75.241097984,363.951166458));
#1406=CARTESIAN_POINT('',(-5.595461629,-75.832003348,363.66152099));
#1407=CARTESIAN_POINT('',(-5.657017712,-76.432080683,363.39063619));
#1408=CARTESIAN_POINT('',(-5.900769287,-77.627580071,362.89677015));
#1409=CARTESIAN_POINT('',(-6.082958753,-78.222972571,362.673801119));
#1410=CARTESIAN_POINT('',(-6.560982252,-79.386223515,362.28433678));
#1411=CARTESIAN_POINT('',(-6.856804469,-79.954053202,362.1178511));
#1412=CARTESIAN_POINT('',(-7.550731836,-81.040357738,361.847753618));
#1413=CARTESIAN_POINT('',(-7.948819832,-81.558805733,361.744148493));
#1414=CARTESIAN_POINT('',(-8.831986902,-82.526422563,361.603796338));
#1415=CARTESIAN_POINT('',(-9.317044144,-82.975567478,361.567052778));
#1416=CARTESIAN_POINT('',(-10.355515218,-83.787315876,361.561838945));
#1417=CARTESIAN_POINT('',(-10.908903377,-84.149899292,361.593368801));
#1418=CARTESIAN_POINT('',(-12.062775194,-84.774587779,361.723493581));
#1419=CARTESIAN_POINT('',(-12.663230327,-85.036677406,361.82208529));
#1420=CARTESIAN_POINT('',(-13.888165356,-85.450302281,362.082548581));
#1421=CARTESIAN_POINT('',(-14.51261497,-85.601827304,362.244413725));
#1422=CARTESIAN_POINT('',(-15.137080022,-85.695161147,362.434810442));
#1423=CARTESIAN_POINT('',(-4.55038494,-76.351898049,366.216371826));
#1424=CARTESIAN_POINT('',(-4.55045878,-76.942798168,365.926747967));
#1425=CARTESIAN_POINT('',(-4.608782921,-77.546317647,365.662922285));
#1426=CARTESIAN_POINT('',(-4.83969651,-78.755465173,365.196978511));
#1427=CARTESIAN_POINT('',(-5.012280249,-79.36106333,364.994871936));
#1428=CARTESIAN_POINT('',(-5.465087273,-80.551098612,364.660135226));
#1429=CARTESIAN_POINT('',(-5.745299364,-81.135506319,364.527513366));
#1430=CARTESIAN_POINT('',(-6.40260146,-82.260704175,364.336845413));
#1431=CARTESIAN_POINT('',(-6.779675216,-82.80146651,364.278804033));
#1432=CARTESIAN_POINT('',(-7.616216635,-83.818593026,364.239530909));
#1433=CARTESIAN_POINT('',(-8.075663618,-84.294932066,364.258300136));
#1434=CARTESIAN_POINT('',(-9.059301635,-85.164905789,364.371930805));
#1435=CARTESIAN_POINT('',(-9.583468354,-85.558518969,364.466789439));
#1436=CARTESIAN_POINT('',(-10.676408301,-86.247912551,364.728957779));
#1437=CARTESIAN_POINT('',(-11.245154513,-86.543675912,364.896261005));
#1438=CARTESIAN_POINT('',(-12.405401975,-87.026000497,365.296893568));
#1439=CARTESIAN_POINT('',(-12.996874545,-87.212549799,365.530213003));
#1440=CARTESIAN_POINT('',(-13.588361736,-87.34091131,365.79206454));
#1441=CARTESIAN_POINT('',(-3.903648916,-76.884626545,367.30274145));
#1442=CARTESIAN_POINT('',(-3.903729599,-77.475525048,367.01312979));
#1443=CARTESIAN_POINT('',(-3.96005031,-78.080696131,366.752691195));
#1444=CARTESIAN_POINT('',(-4.183013315,-79.296390486,366.300141352));
#1445=CARTESIAN_POINT('',(-4.349650099,-79.906883709,366.108041291));
#1446=CARTESIAN_POINT('',(-4.786847937,-81.109765297,365.79955305));
#1447=CARTESIAN_POINT('',(-5.057398185,-81.70212393,365.683172495));
#1448=CARTESIAN_POINT('',(-5.6920326,-82.845974928,365.530598752));
#1449=CARTESIAN_POINT('',(-6.056101081,-83.397439019,365.494409334));
#1450=CARTESIAN_POINT('',(-6.863787801,-84.438309708,365.503612337));
#1451=CARTESIAN_POINT('',(-7.307386076,-84.927690576,365.549004532));
#1452=CARTESIAN_POINT('',(-8.25709172,-85.825588001,365.719630646));
#1453=CARTESIAN_POINT('',(-8.763175613,-86.234082362,365.844860348));
#1454=CARTESIAN_POINT('',(-9.818410067,-86.954506968,366.170353638));
#1455=CARTESIAN_POINT('',(-10.367534546,-87.266419405,366.370609179));
#1456=CARTESIAN_POINT('',(-11.487753014,-87.781690598,366.838463307));
#1457=CARTESIAN_POINT('',(-12.058819315,-87.985036618,367.10605033));
#1458=CARTESIAN_POINT('',(-12.629899732,-88.130196472,367.402169709));
#1459=CARTESIAN_POINT('',(-2.38651511,-77.884320193,369.341372422));
#1460=CARTESIAN_POINT('',(-2.386605042,-78.475217032,369.051786449));
#1461=CARTESIAN_POINT('',(-2.438220093,-79.083488637,368.797706347));
#1462=CARTESIAN_POINT('',(-2.642522382,-80.31147048,368.370295039));
#1463=CARTESIAN_POINT('',(-2.795204571,-80.931150367,368.196974397));
#1464=CARTESIAN_POINT('',(-3.195779774,-82.158139971,367.937745328));
#1465=CARTESIAN_POINT('',(-3.443662889,-82.76541936,367.851843308));
#1466=CARTESIAN_POINT('',(-4.025120484,-83.944274437,367.770756323));
#1467=CARTESIAN_POINT('',(-4.358680594,-84.515820986,367.775573362));
#1468=CARTESIAN_POINT('',(-5.098680366,-85.601248625,367.875743884));
#1469=CARTESIAN_POINT('',(-5.505101739,-86.115102885,367.971094891));
#1470=CARTESIAN_POINT('',(-6.375212115,-87.065399756,368.248674226));
#1471=CARTESIAN_POINT('',(-6.838879613,-87.501818877,368.430895693));
#1472=CARTESIAN_POINT('',(-7.805670034,-88.280473518,368.875218901));
#1473=CARTESIAN_POINT('',(-8.308769061,-88.622689792,369.137309659));
#1474=CARTESIAN_POINT('',(-9.335094417,-89.199785421,369.731305312));
#1475=CARTESIAN_POINT('',(-9.858295378,-89.434650513,370.063195526));
#1476=CARTESIAN_POINT('',(-10.381509271,-89.611332488,370.423618572));
#1477=CARTESIAN_POINT('',(-1.516154842,-78.351260625,370.293583361));
#1478=CARTESIAN_POINT('',(-1.516247177,-78.942157413,370.004010867));
#1479=CARTESIAN_POINT('',(-1.565160113,-79.551877855,369.752902008));
#1480=CARTESIAN_POINT('',(-1.758752724,-80.785600048,369.337234671));
#1481=CARTESIAN_POINT('',(-1.903427615,-81.409571306,369.172686466));
#1482=CARTESIAN_POINT('',(-2.282990272,-82.647822019,368.936466876));
#1483=CARTESIAN_POINT('',(-2.517868657,-83.262070869,368.864801329));
#1484=CARTESIAN_POINT('',(-3.068818428,-84.457276015,368.817105122));
#1485=CARTESIAN_POINT('',(-3.384876196,-85.03820277,368.841075642));
#1486=CARTESIAN_POINT('',(-4.086045392,-86.144442085,368.983735307));
#1487=CARTESIAN_POINT('',(-4.471139492,-86.669727304,369.102420926));
#1488=CARTESIAN_POINT('',(-5.295588945,-87.644498626,369.429955397));
#1489=CARTESIAN_POINT('',(-5.734923923,-88.093960637,369.638796154));
#1490=CARTESIAN_POINT('',(-6.650977992,-88.899812853,370.138621399));
#1491=CARTESIAN_POINT('',(-7.127674443,-89.25618314,370.429593534));
#1492=CARTESIAN_POINT('',(-8.100138004,-89.862155073,371.082506037));
#1493=CARTESIAN_POINT('',(-8.59588108,-90.111741742,371.444430269));
#1494=CARTESIAN_POINT('',(-9.091636408,-90.303146719,371.834887555));
#1495=CARTESIAN_POINT('',(-0.214597786,-78.924318975,371.462195868));
#1496=CARTESIAN_POINT('',(-0.214690119,-79.515216345,371.172641234));
#1497=CARTESIAN_POINT('',(-0.259559108,-80.126715454,370.925180019));
#1498=CARTESIAN_POINT('',(-0.437130944,-81.367483507,370.523927546));
#1499=CARTESIAN_POINT('',(-0.569829401,-81.996721787,370.370146204));
#1500=CARTESIAN_POINT('',(-0.917966177,-83.248793413,370.16216646));
#1501=CARTESIAN_POINT('',(-1.133395891,-83.871595816,370.107973199));
#1502=CARTESIAN_POINT('',(-1.638722354,-85.086866998,370.10125667));
#1503=CARTESIAN_POINT('',(-1.928606615,-85.679305742,370.148733569));
#1504=CARTESIAN_POINT('',(-2.571708357,-86.811086318,370.343538299));
#1505=CARTESIAN_POINT('',(-2.924909945,-87.350400178,370.490861316));
#1506=CARTESIAN_POINT('',(-3.681079296,-88.355207655,370.879702993));
#1507=CARTESIAN_POINT('',(-4.084028371,-88.82067644,371.121212043));
#1508=CARTESIAN_POINT('',(-4.924213655,-89.659906575,371.689151545));
#1509=CARTESIAN_POINT('',(-5.3614291,-90.033647186,372.015567961));
#1510=CARTESIAN_POINT('',(-6.25335079,-90.675057142,372.740785309));
#1511=CARTESIAN_POINT('',(-6.708034991,-90.942710635,373.139568319));
#1512=CARTESIAN_POINT('',(-7.162730429,-91.152184184,373.566884655));
#1513=CARTESIAN_POINT('',(0.133006289,-79.067218088,371.7536037));
#1514=CARTESIAN_POINT('',(0.132914247,-79.658115667,371.464053648));
#1515=CARTESIAN_POINT('',(0.089125521,-80.270058364,371.217502131));
#1516=CARTESIAN_POINT('',(-0.084167252,-81.512583481,370.81984437));
#1517=CARTESIAN_POINT('',(-0.213667017,-82.143135194,370.668747953));
#1518=CARTESIAN_POINT('',(-0.553410688,-83.398653291,370.467810277));
#1519=CARTESIAN_POINT('',(-0.763646198,-84.023588647,370.417973984));
#1520=CARTESIAN_POINT('',(-1.256788045,-85.243863562,370.421476282));
#1521=CARTESIAN_POINT('',(-1.539682194,-85.839172963,370.474814788));
#1522=CARTESIAN_POINT('',(-2.167276041,-86.977322552,370.682622503));
#1523=CARTESIAN_POINT('',(-2.511960228,-87.520134612,370.837086577));
#1524=CARTESIAN_POINT('',(-3.249894344,-88.532431931,371.241215873));
#1525=CARTESIAN_POINT('',(-3.643126036,-89.001892174,371.490871108));
#1526=CARTESIAN_POINT('',(-4.463049492,-89.84944544,372.075795607));
#1527=CARTESIAN_POINT('',(-4.889720993,-90.227517518,372.411050415));
#1528=CARTESIAN_POINT('',(-5.760132886,-90.877764303,373.154297706));
#1529=CARTESIAN_POINT('',(-6.203851766,-91.14992294,373.562271821));
#1530=CARTESIAN_POINT('',(-6.647581612,-91.363902068,373.998779331));
#1531=CARTESIAN_POINT('',(0.491272529,-79.204732944,372.034031654));
#1532=CARTESIAN_POINT('',(0.491181062,-79.795630776,371.744486119));
#1533=CARTESIAN_POINT('',(0.448505974,-80.408000393,371.498810117));
#1534=CARTESIAN_POINT('',(0.279623919,-81.652216448,371.104611781));
#1535=CARTESIAN_POINT('',(0.153421126,-82.284032137,370.956099189));
#1536=CARTESIAN_POINT('',(-0.177671749,-83.542866894,370.761938341));
#1537=CARTESIAN_POINT('',(-0.382553648,-84.16985485,370.716294883));
#1538=CARTESIAN_POINT('',(-0.863137045,-85.394944981,370.729631012));
#1539=CARTESIAN_POINT('',(-1.138826667,-85.993016878,370.788610269));
#1540=CARTESIAN_POINT('',(-1.750436993,-87.137295494,371.008931013));
#1541=CARTESIAN_POINT('',(-2.086342583,-87.683473934,371.170267054));
#1542=CARTESIAN_POINT('',(-2.805482305,-88.702978855,371.589107883));
#1543=CARTESIAN_POINT('',(-3.188698666,-89.17628014,371.846602319));
#1544=CARTESIAN_POINT('',(-3.987739067,-90.031842881,372.447871735));
#1545=CARTESIAN_POINT('',(-4.403543361,-90.414083192,372.791631856));
#1546=CARTESIAN_POINT('',(-5.251786009,-91.072833782,373.552229617));
#1547=CARTESIAN_POINT('',(-5.6842034,-91.34932778,373.969048459));
#1548=CARTESIAN_POINT('',(-6.116631478,-91.56764269,374.414400762));
#1549=B_SPLINE_SURFACE_WITH_KNOTS('',3,3,((#1333,#1334,#1335,#1336,#1337,#1338,#1339,#1340,#1341,#1342,#1343,#1344,#1345,#1346,#1347,#1348,#1349,#1350),(#1351,#1352,#1353,#1354,#1355,#1356,#1357,#1358,#1359,#1360,#1361,#1362,#1363,#1364,#1365,#1366,#1367,#1368),(#1369,#1370,#1371,#1372,#1373,#1374,#1375,#1376,#1377,#1378,#1379,#1380,#1381,#1382,#1383,#1384,#1385,#1386),(#1387,#1388,#1389,#1390,#1391,#1392,#1393,#1394,#1395,#1396,#1397,#1398,#1399,#1400,#1401,#1402,#1403,#1404),(#1405,#1406,#1407,#1408,#1409,#1410,#1411,#1412,#1413,#1414,#1415,#1416,#1417,#1418,#1419,#1420,#1421,#1422),(#1423,#1424,#1425,#1426,#1427,#1428,#1429,#1430,#1431,#1432,#1433,#1434,#1435,#1436,#1437,#1438,#1439,#1440),(#1441,#1442,#1443,#1444,#1445,#1446,#1447,#1448,#1449,#1450,#1451,#1452,#1453,#1454,#1455,#1456,#1457,#1458),(#1459,#1460,#1461,#1462,#1463,#1464,#1465,#1466,#1467,#1468,#1469,#1470,#1471,#1472,#1473,#1474,#1475,#1476),(#1477,#1478,#1479,#1480,#1481,#1482,#1483,#1484,#1485,#1486,#1487,#1488,#1489,#1490,#1491,#1492,#1493,#1494),(#1495,#1496,#1497,#1498,#1499,#1500,#1501,#1502,#1503,#1504,#1505,#1506,#1507,#1508,#1509,#1510,#1511,#1512),(#1513,#1514,#1515,#1516,#1517,#1518,#1519,#1520,#1521,#1522,#1523,#1524,#1525,#1526,#1527,#1528,#1529,#1530),(#1531,#1532,#1533,#1534,#1535,#1536,#1537,#1538,#1539,#1540,#1541,#1542,#1543,#1544,#1545,#1546,#1547,#1548)),.UNSPECIFIED.,.F.,.F.,.U.,(4,2,2,2,2,4),(4,2,2,2,2,2,2,2,4),(1.570796327,1.767145868,1.963495408,2.159844949,2.35619449,2.424544484),(0.,0.125,0.25,0.375,0.5,0.625,0.75,0.875,1.),.UNSPECIFIED.);
#1550=ORIENTED_EDGE('',*,*,#1044,.F.);
#1551=CARTESIAN_POINT('',(-16.5225174,-82.830848806,356.591745948));
#1552=CARTESIAN_POINT('',(-15.664459705,-83.056864453,357.052807398));
#1553=CARTESIAN_POINT('',(-14.826172289,-83.199499593,357.55575607));
#1554=CARTESIAN_POINT('',(-14.004526943,-83.277275317,358.093211458));
#1555=CARTESIAN_POINT('',(-13.182881596,-83.355051041,358.630666846));
#1556=CARTESIAN_POINT('',(-12.377946047,-83.367537799,359.20279278));
#1557=CARTESIAN_POINT('',(-11.587727999,-83.326322948,359.804918199));
#1558=CARTESIAN_POINT('',(-11.192618975,-83.305715523,360.105980908));
#1559=CARTESIAN_POINT('',(-10.802437529,-83.271612821,360.413680842));
#1560=CARTESIAN_POINT('',(-10.42021094,-83.226024906,360.724568206));
#1561=CARTESIAN_POINT('',(-10.037984352,-83.18043699,361.035455571));
#1562=CARTESIAN_POINT('',(-9.662572918,-83.123307786,361.350394707));
#1563=CARTESIAN_POINT('',(-9.293214491,-83.056167095,361.668999928));
#1564=CARTESIAN_POINT('',(-8.554497637,-82.921885714,362.30621037));
#1565=CARTESIAN_POINT('',(-7.839926141,-82.74767346,362.958046126));
#1566=CARTESIAN_POINT('',(-7.144585101,-82.543576126,363.622070887));
#1567=CARTESIAN_POINT('',(-6.44924406,-82.339478792,364.286095648));
#1568=CARTESIAN_POINT('',(-5.773173041,-82.105411417,364.962327873));
#1569=CARTESIAN_POINT('',(-5.11233468,-81.849987035,365.648868009));
#1570=CARTESIAN_POINT('',(-4.451496319,-81.594562653,366.335408145));
#1571=CARTESIAN_POINT('',(-3.805247205,-81.317423513,367.033021768));
#1572=CARTESIAN_POINT('',(-3.172986617,-81.02806718,367.736773645));
#1573=CARTESIAN_POINT('',(-1.908465439,-80.449354512,369.144277398));
#1574=CARTESIAN_POINT('',(-0.697840717,-79.82148903,370.577560134));
#1575=CARTESIAN_POINT('',(0.49122885,-79.204755004,372.03407664));
#1576=B_SPLINE_CURVE_WITH_KNOTS('',3,(#1551,#1552,#1553,#1554,#1555,#1556,#1557,#1558,#1559,#1560,#1561,#1562,#1563,#1564,#1565,#1566,#1567,#1568,#1569,#1570,#1571,#1572,#1573,#1574,#1575),.UNSPECIFIED.,.F.,.F.,(4,3,3,3,3,3,3,3,4),(0.,0.002954661,0.005909323,0.007386654,0.008863984,0.011818646,0.014773307,0.017727969,0.023637292),.UNSPECIFIED.);
#1577=EDGE_CURVE('',#1029,#1225,#1576,.T.);
#1578=ORIENTED_EDGE('',*,*,#1577,.T.);
#1579=ORIENTED_EDGE('',*,*,#1252,.F.);
#1580=CARTESIAN_POINT('',(-16.71611997,-72.281528359,357.915847223));
#1581=DIRECTION('',(-0.,-0.440165275,0.897916772));
#1582=DIRECTION('',(0.,-0.897916772,-0.440165275));
#1583=AXIS2_PLACEMENT_3D('',#1580,#1581,#1582);
#1584=CIRCLE('',#1583,10.05523517);
#1585=EDGE_CURVE('',#1038,#777,#1584,.T.);
#1586=ORIENTED_EDGE('',*,*,#1585,.F.);
#1587=EDGE_LOOP('',(#1550,#1578,#1579,#1586));
#1588=FACE_BOUND('',#1587,.T.);
#1589=ADVANCED_FACE('',(#1588),#1549,.F.);
#1590=CARTESIAN_POINT('',(-2.747251253,-73.362770278,224.705949419));
#1591=CARTESIAN_POINT('',(-2.979321481,-73.49919638,224.994919748));
#1592=CARTESIAN_POINT('',(-3.23023724,-73.629473044,225.271656837));
#1593=CARTESIAN_POINT('',(-3.766283415,-73.875922528,225.796830372));
#1594=CARTESIAN_POINT('',(-4.05141211,-73.992094557,226.045265132));
#1595=CARTESIAN_POINT('',(-4.651930291,-74.208723641,226.510388607));
#1596=CARTESIAN_POINT('',(-4.967317849,-74.309180001,226.727075828));
#1597=CARTESIAN_POINT('',(-5.623980244,-74.492984543,227.125699061));
#1598=CARTESIAN_POINT('',(-5.965252973,-74.576332136,227.307633794));
#1599=CARTESIAN_POINT('',(-6.668953203,-74.724763196,227.634228809));
#1600=CARTESIAN_POINT('',(-7.031378445,-74.789846185,227.778888042));
#1601=CARTESIAN_POINT('',(-7.772357824,-74.900845368,228.028925726));
#1602=CARTESIAN_POINT('',(-8.150909582,-74.946761205,228.134303372));
#1603=CARTESIAN_POINT('',(-8.918892449,-75.018789211,228.304316283));
#1604=CARTESIAN_POINT('',(-9.308321092,-75.044901148,228.368951));
#1605=CARTESIAN_POINT('',(-10.09265731,-75.076959116,228.456581453));
#1606=CARTESIAN_POINT('',(-10.487562368,-75.082905043,228.479576908));
#1607=CARTESIAN_POINT('',(-10.882468693,-75.078726723,228.48159329));
#1608=CARTESIAN_POINT('',(-2.74579002,-73.196224198,224.787418287));
#1609=CARTESIAN_POINT('',(-2.977878035,-73.333991236,225.075650741));
#1610=CARTESIAN_POINT('',(-3.228803593,-73.465609869,225.351652021));
#1611=CARTESIAN_POINT('',(-3.764854415,-73.714727373,225.875369554));
#1612=CARTESIAN_POINT('',(-4.04997796,-73.832225444,226.123084126));
#1613=CARTESIAN_POINT('',(-4.650472287,-74.051472841,226.586793978));
#1614=CARTESIAN_POINT('',(-4.965841143,-74.153221463,226.802787771));
#1615=CARTESIAN_POINT('',(-5.622454304,-74.339559308,227.200061528));
#1616=CARTESIAN_POINT('',(-5.963696503,-74.424147932,227.381340217));
#1617=CARTESIAN_POINT('',(-6.667325852,-74.574993006,227.706670466));
#1618=CARTESIAN_POINT('',(-7.029710745,-74.641248972,227.850720983));
#1619=CARTESIAN_POINT('',(-7.770601848,-74.754510094,228.099597668));
#1620=CARTESIAN_POINT('',(-8.149105682,-74.801514887,228.204423039));
#1621=CARTESIAN_POINT('',(-8.916987546,-74.875621906,228.373395981));
#1622=CARTESIAN_POINT('',(-9.306363112,-74.902723893,228.437543011));
#1623=CARTESIAN_POINT('',(-10.090590568,-74.936649451,228.524269738));
#1624=CARTESIAN_POINT('',(-10.485439942,-74.943472912,228.546849157));
#1625=CARTESIAN_POINT('',(-10.880290583,-74.9401098,228.548488267));
#1626=CARTESIAN_POINT('',(-2.744751996,-73.029915097,224.869421043));
#1627=CARTESIAN_POINT('',(-2.976852617,-73.169030373,225.15693044));
#1628=CARTESIAN_POINT('',(-3.227785111,-73.301997978,225.432210133));
#1629=CARTESIAN_POINT('',(-3.763839194,-73.553796651,225.954498334));
#1630=CARTESIAN_POINT('',(-4.048959064,-73.672626911,226.201505166));
#1631=CARTESIAN_POINT('',(-4.649436422,-73.894503839,226.663824003));
#1632=CARTESIAN_POINT('',(-4.964791984,-73.997549795,226.879134526));
#1633=CARTESIAN_POINT('',(-5.621370163,-74.186429819,227.275076389));
#1634=CARTESIAN_POINT('',(-5.962590675,-74.27226328,227.455706458));
#1635=CARTESIAN_POINT('',(-6.666169678,-74.425528568,227.7797837));
#1636=CARTESIAN_POINT('',(-7.028525914,-74.492959903,227.923229834));
#1637=CARTESIAN_POINT('',(-7.769354327,-74.608486235,228.170950835));
#1638=CARTESIAN_POINT('',(-8.147824128,-74.656580862,228.275224909));
#1639=CARTESIAN_POINT('',(-8.915634268,-74.73276707,228.443156326));
#1640=CARTESIAN_POINT('',(-9.304972145,-74.760858407,228.50681313));
#1641=CARTESIAN_POINT('',(-10.089122371,-74.796648567,228.59262748));
#1642=CARTESIAN_POINT('',(-10.483932206,-74.804347274,228.614784751));
#1643=CARTESIAN_POINT('',(-10.878743306,-74.801796307,228.616038711));
#1644=CARTESIAN_POINT('',(-2.739684925,-71.656900615,225.551812169));
#1645=CARTESIAN_POINT('',(-2.971847097,-71.807224751,225.833465816));
#1646=CARTESIAN_POINT('',(-3.222813459,-71.951404785,226.102896947));
#1647=CARTESIAN_POINT('',(-3.758883475,-72.225482374,226.613587787));
#1648=CARTESIAN_POINT('',(-4.043985416,-72.355379052,226.854845861));
#1649=CARTESIAN_POINT('',(-4.644379952,-72.599091452,227.305850577));
#1650=CARTESIAN_POINT('',(-4.959670626,-72.712906395,227.515595778));
#1651=CARTESIAN_POINT('',(-5.616078043,-72.922879471,227.900670971));
#1652=CARTESIAN_POINT('',(-5.957192686,-73.019036933,228.075999733));
#1653=CARTESIAN_POINT('',(-6.660525927,-73.192363633,228.3898147));
#1654=CARTESIAN_POINT('',(-7.022742275,-73.269532317,228.528299903));
#1655=CARTESIAN_POINT('',(-7.763264658,-73.403812921,228.766510435));
#1656=CARTESIAN_POINT('',(-8.141568324,-73.460924412,228.866235003));
#1657=CARTESIAN_POINT('',(-8.909028338,-73.554299756,229.02554352));
#1658=CARTESIAN_POINT('',(-9.29818223,-73.590563311,229.085126959));
#1659=CARTESIAN_POINT('',(-10.081955447,-73.641740527,229.16332816));
#1660=CARTESIAN_POINT('',(-10.476572265,-73.656654025,229.181945672));
#1661=CARTESIAN_POINT('',(-10.871190345,-73.660789235,229.179951368));
#1662=CARTESIAN_POINT('',(-2.757808975,-70.470652212,226.175843067));
#1663=CARTESIAN_POINT('',(-2.989756614,-70.631161269,226.453166576));
#1664=CARTESIAN_POINT('',(-3.240606625,-70.785513146,226.718241631));
#1665=CARTESIAN_POINT('',(-3.776627541,-71.079760224,227.220213003));
#1666=CARTESIAN_POINT('',(-4.061796719,-71.219654478,227.457107702));
#1667=CARTESIAN_POINT('',(-4.662492093,-71.483042863,227.899424653));
#1668=CARTESIAN_POINT('',(-4.978016353,-71.606536146,228.104845478));
#1669=CARTESIAN_POINT('',(-5.635036072,-71.835407069,228.481358462));
#1670=CARTESIAN_POINT('',(-5.976529412,-71.940783972,228.652449405));
#1671=CARTESIAN_POINT('',(-6.680740493,-72.131958367,228.957923595));
#1672=CARTESIAN_POINT('',(-7.043455962,-72.217755244,229.092305856));
#1673=CARTESIAN_POINT('',(-7.785069494,-72.368577905,229.322493919));
#1674=CARTESIAN_POINT('',(-8.163965166,-72.433603204,229.41829898));
#1675=CARTESIAN_POINT('',(-8.932672375,-72.541979658,229.570000132));
#1676=CARTESIAN_POINT('',(-9.322481432,-72.585330465,229.625895734));
#1677=CARTESIAN_POINT('',(-10.107596959,-72.649756056,229.697000238));
#1678=CARTESIAN_POINT('',(-10.502900896,-72.670830633,229.712208911));
#1679=CARTESIAN_POINT('',(-10.898206107,-72.680621021,229.706968165));
#1680=CARTESIAN_POINT('',(-2.836702166,-68.13871078,227.470695628));
#1681=CARTESIAN_POINT('',(-3.067657285,-68.320357647,227.740847814));
#1682=CARTESIAN_POINT('',(-3.317950881,-68.495792092,227.998641821));
#1683=CARTESIAN_POINT('',(-3.853675751,-68.831756759,228.485867716));
#1684=CARTESIAN_POINT('',(-4.139105233,-68.992285858,228.715297975));
#1685=CARTESIAN_POINT('',(-4.741062231,-69.296168951,229.142548417));
#1686=CARTESIAN_POINT('',(-5.057587733,-69.43952193,229.340367171));
#1687=CARTESIAN_POINT('',(-5.717257023,-69.70702494,229.701594034));
#1688=CARTESIAN_POINT('',(-6.060398604,-69.831174079,229.865000935));
#1689=CARTESIAN_POINT('',(-6.768443596,-70.058513293,230.155090559));
#1690=CARTESIAN_POINT('',(-7.133344638,-70.161702609,230.281772311));
#1691=CARTESIAN_POINT('',(-7.879744121,-70.345662622,230.496617883));
#1692=CARTESIAN_POINT('',(-8.261240065,-70.426432705,230.584780984));
#1693=CARTESIAN_POINT('',(-9.035430031,-70.564411897,230.721340675));
#1694=CARTESIAN_POINT('',(-9.428121464,-70.621620547,230.769736809));
#1695=CARTESIAN_POINT('',(-10.219144611,-70.711667874,230.826076839));
#1696=CARTESIAN_POINT('',(-10.61747368,-70.744506253,230.834020547));
#1697=CARTESIAN_POINT('',(-11.01580408,-70.764927543,230.821681554));
#1698=CARTESIAN_POINT('',(-2.897457314,-66.99301689,228.141518813));
#1699=CARTESIAN_POINT('',(-3.127633874,-67.185616415,228.408829898));
#1700=CARTESIAN_POINT('',(-3.37748689,-67.371961365,228.663699043));
#1701=CARTESIAN_POINT('',(-3.912963872,-67.729473728,229.144899152));
#1702=CARTESIAN_POINT('',(-4.198585999,-67.900639915,229.371228462));
#1703=CARTESIAN_POINT('',(-4.801503018,-68.225341424,229.792100368));
#1704=CARTESIAN_POINT('',(-5.118795839,-68.378875633,229.986641517));
#1705=CARTESIAN_POINT('',(-5.780501788,-68.666112711,230.341144612));
#1706=CARTESIAN_POINT('',(-6.124912641,-68.799814594,230.501105339));
#1707=CARTESIAN_POINT('',(-6.835913219,-69.045470916,230.784151218));
#1708=CARTESIAN_POINT('',(-7.202500501,-69.157424513,230.907235397));
#1709=CARTESIAN_POINT('',(-7.952594398,-69.357979982,231.114760871));
#1710=CARTESIAN_POINT('',(-8.336098437,-69.446581166,231.199201453));
#1711=CARTESIAN_POINT('',(-9.114523649,-69.599162326,231.32822686));
#1712=CARTESIAN_POINT('',(-9.509442148,-69.663141779,231.372811241));
#1713=CARTESIAN_POINT('',(-10.305030332,-69.765562973,231.421483212));
#1714=CARTESIAN_POINT('',(-10.705697283,-69.804004364,231.425570634));
#1715=CARTESIAN_POINT('',(-11.10636561,-69.829401696,231.409379672));
#1716=CARTESIAN_POINT('',(-3.056979846,-64.741207659,229.52952121));
#1717=CARTESIAN_POINT('',(-3.284906109,-64.956561326,229.792445299));
#1718=CARTESIAN_POINT('',(-3.533426691,-65.165555714,230.042719373));
#1719=CARTESIAN_POINT('',(-4.067963125,-65.5677231,230.514247631));
#1720=CARTESIAN_POINT('',(-4.353977002,-65.760894615,230.735500073));
#1721=CARTESIAN_POINT('',(-4.959245752,-66.128545509,231.145692946));
#1722=CARTESIAN_POINT('',(-5.27849839,-66.303023534,231.334631862));
#1723=CARTESIAN_POINT('',(-5.945496125,-66.630694616,231.677386144));
#1724=CARTESIAN_POINT('',(-6.293238758,-66.783886467,231.831200245));
#1725=CARTESIAN_POINT('',(-7.012044285,-67.066708804,232.101415769));
#1726=CARTESIAN_POINT('',(-7.383104525,-67.196338248,232.217816194));
#1727=CARTESIAN_POINT('',(-8.14302632,-67.43010962,232.411471696));
#1728=CARTESIAN_POINT('',(-8.53188507,-67.534250687,232.488726058));
#1729=CARTESIAN_POINT('',(-9.321620252,-67.71549801,232.602939001));
#1730=CARTESIAN_POINT('',(-9.722493768,-67.792603599,232.639897161));
#1731=CARTESIAN_POINT('',(-10.530296163,-67.918634511,232.67296663));
#1732=CARTESIAN_POINT('',(-10.937222058,-67.967559369,232.669077816));
#1733=CARTESIAN_POINT('',(-11.344149455,-68.002030789,232.644793825));
#1734=CARTESIAN_POINT('',(-3.155732504,-63.635090306,230.246700519));
#1735=CARTESIAN_POINT('',(-3.382186381,-63.862245347,230.508079008));
#1736=CARTESIAN_POINT('',(-3.629814535,-64.082978557,230.756683166));
#1737=CARTESIAN_POINT('',(-4.163657275,-64.508253056,231.224565894));
#1738=CARTESIAN_POINT('',(-4.449869801,-64.71279271,231.44384266));
#1739=CARTESIAN_POINT('',(-5.056529445,-65.102574394,231.849735439));
#1740=CARTESIAN_POINT('',(-5.376974222,-65.287814926,232.036349885));
#1741=CARTESIAN_POINT('',(-6.047226441,-65.636185833,232.37407934));
#1742=CARTESIAN_POINT('',(-6.397031296,-65.799314869,232.525193045));
#1743=CARTESIAN_POINT('',(-7.120685672,-66.100986087,232.789621958));
#1744=CARTESIAN_POINT('',(-7.494532402,-66.239527111,232.902936145));
#1745=CARTESIAN_POINT('',(-8.260587261,-66.489919016,233.090041546));
#1746=CARTESIAN_POINT('',(-8.652792436,-66.601768935,233.163832036));
#1747=CARTESIAN_POINT('',(-9.449601986,-66.797080656,233.270766364));
#1748=CARTESIAN_POINT('',(-9.854203289,-66.880541706,233.303909788));
#1749=CARTESIAN_POINT('',(-10.66965454,-67.017808777,233.329044205));
#1750=CARTESIAN_POINT('',(-11.080501344,-67.07161427,233.321035099));
#1751=CARTESIAN_POINT('',(-11.491349732,-67.11018393,233.292509692));
#1752=CARTESIAN_POINT('',(-3.32765586,-62.005162489,231.357551064));
#1753=CARTESIAN_POINT('',(-3.551220934,-62.250700578,231.61739873));
#1754=CARTESIAN_POINT('',(-3.797017423,-62.489718089,231.864275848));
#1755=CARTESIAN_POINT('',(-4.329193221,-62.950940278,232.328191925));
#1756=CARTESIAN_POINT('',(-4.615570311,-63.173143034,232.545228949));
#1757=CARTESIAN_POINT('',(-5.224382424,-63.597225568,232.946034896));
#1758=CARTESIAN_POINT('',(-5.54681491,-63.79910358,233.129802148));
#1759=CARTESIAN_POINT('',(-6.222643282,-64.17934755,233.461164257));
#1760=CARTESIAN_POINT('',(-6.57603635,-64.357711924,233.608757733));
#1761=CARTESIAN_POINT('',(-7.308202184,-64.688110979,233.865439534));
#1762=CARTESIAN_POINT('',(-7.686971898,-64.840144284,233.974526789));
#1763=CARTESIAN_POINT('',(-8.463906374,-65.115479495,234.152471788));
#1764=CARTESIAN_POINT('',(-8.862067896,-65.238780254,234.22132879));
#1765=CARTESIAN_POINT('',(-9.671494932,-65.454702536,234.317724568));
#1766=CARTESIAN_POINT('',(-10.082757071,-65.54732316,234.345262941));
#1767=CARTESIAN_POINT('',(-10.911887266,-65.700421961,234.358585592));
#1768=CARTESIAN_POINT('',(-11.329751866,-65.760899502,234.344369815));
#1769=CARTESIAN_POINT('',(-11.747618208,-65.804828084,234.309388928));
#1770=CARTESIAN_POINT('',(-3.388917885,-61.466731189,231.733688148));
#1771=CARTESIAN_POINT('',(-3.611406057,-61.718510298,231.993156372));
#1772=CARTESIAN_POINT('',(-3.856509261,-61.963735135,232.2395871));
#1773=CARTESIAN_POINT('',(-4.388023983,-62.437154215,232.702430683));
#1774=CARTESIAN_POINT('',(-4.674433224,-62.665346433,232.918841555));
#1775=CARTESIAN_POINT('',(-5.28397302,-63.101046635,233.318178842));
#1776=CARTESIAN_POINT('',(-5.607100964,-63.308552756,233.501103547));
#1777=CARTESIAN_POINT('',(-6.284903174,-63.699558331,233.830538177));
#1778=CARTESIAN_POINT('',(-6.639574537,-63.883056112,233.97704669));
#1779=CARTESIAN_POINT('',(-7.374783475,-64.223106961,234.231301797));
#1780=CARTESIAN_POINT('',(-7.755317902,-64.379658574,234.339047302));
#1781=CARTESIAN_POINT('',(-8.536158685,-64.663310455,234.514050029));
#1782=CARTESIAN_POINT('',(-8.936461698,-64.790409509,234.581306502));
#1783=CARTESIAN_POINT('',(-9.750428788,-65.013121176,234.674253228));
#1784=CARTESIAN_POINT('',(-10.16408938,-65.108732837,234.699943082));
#1785=CARTESIAN_POINT('',(-10.998146825,-65.266938735,234.709344325));
#1786=CARTESIAN_POINT('',(-11.418540107,-65.329532295,234.693055672));
#1787=CARTESIAN_POINT('',(-11.83893519,-65.37511596,234.655907815));
#1788=CARTESIAN_POINT('',(-3.518446207,-60.399595223,232.497803319));
#1789=CARTESIAN_POINT('',(-3.738519759,-60.664088553,232.756737828));
#1790=CARTESIAN_POINT('',(-3.982039312,-60.9219609,233.002502306));
#1791=CARTESIAN_POINT('',(-4.511961437,-61.42022001,233.46364537));
#1792=CARTESIAN_POINT('',(-4.798361606,-61.660604516,233.679021863));
#1793=CARTESIAN_POINT('',(-5.409325455,-62.119927645,234.075839142));
#1794=CARTESIAN_POINT('',(-5.733886366,-62.338864188,234.257278128));
#1795=CARTESIAN_POINT('',(-6.415823425,-62.751684431,234.583229784));
#1796=CARTESIAN_POINT('',(-6.773196481,-62.945566262,234.727740976));
#1797=CARTESIAN_POINT('',(-7.514868909,-63.30508287,234.977454924));
#1798=CARTESIAN_POINT('',(-7.899164919,-63.470716019,235.082656548));
#1799=CARTESIAN_POINT('',(-8.688350709,-63.771006416,235.252016979));
#1800=CARTESIAN_POINT('',(-9.093236912,-63.905662303,235.316175018));
#1801=CARTESIAN_POINT('',(-9.916931253,-64.141779631,235.402390219));
#1802=CARTESIAN_POINT('',(-10.335735657,-64.243240003,235.42444699));
#1803=CARTESIAN_POINT('',(-11.180365199,-64.411294603,235.426095356));
#1804=CARTESIAN_POINT('',(-11.606186508,-64.477888071,235.405686943));
#1805=CARTESIAN_POINT('',(-12.032009746,-64.526499808,235.364213676));
#1806=CARTESIAN_POINT('',(-3.586794442,-59.870368738,232.886203263));
#1807=CARTESIAN_POINT('',(-3.805528278,-60.141342385,233.144983736));
#1808=CARTESIAN_POINT('',(-4.048156064,-60.405662002,233.390528538));
#1809=CARTESIAN_POINT('',(-4.577144998,-60.916578146,233.851043749));
#1810=CARTESIAN_POINT('',(-4.863503674,-61.163172287,234.066012005));
#1811=CARTESIAN_POINT('',(-5.475164407,-61.634513801,234.461777651));
#1812=CARTESIAN_POINT('',(-5.800463606,-61.859258975,234.64257319));
#1813=CARTESIAN_POINT('',(-6.484564159,-62.283144232,234.966968491));
#1814=CARTESIAN_POINT('',(-6.843362318,-62.482282337,235.110566737));
#1815=CARTESIAN_POINT('',(-7.588459321,-62.851623315,235.358164695));
#1816=CARTESIAN_POINT('',(-7.974754684,-63.021824465,235.462163251));
#1817=CARTESIAN_POINT('',(-8.768384742,-63.330445246,235.628821419));
#1818=CARTESIAN_POINT('',(-9.17571573,-63.468863437,235.691480253));
#1819=CARTESIAN_POINT('',(-10.004603852,-63.711603444,235.774410024));
#1820=CARTESIAN_POINT('',(-10.426157116,-63.815924128,235.794680573));
#1821=CARTESIAN_POINT('',(-11.276438711,-63.988724399,235.792493828));
#1822=CARTESIAN_POINT('',(-11.705163072,-64.05720318,235.770036542));
#1823=CARTESIAN_POINT('',(-12.133889435,-64.1071887,235.72640271));
#1824=CARTESIAN_POINT('',(-3.941153537,-57.265812626,234.845008925));
#1825=CARTESIAN_POINT('',(-4.152499767,-57.569556243,235.103478878));
#1826=CARTESIAN_POINT('',(-4.390125528,-57.866489752,235.348403206));
#1827=CARTESIAN_POINT('',(-4.91364937,-58.44141255,235.806746015));
#1828=CARTESIAN_POINT('',(-5.199544613,-58.719398754,236.020162012));
#1829=CARTESIAN_POINT('',(-5.814448887,-59.251437216,236.411635658));
#1830=CARTESIAN_POINT('',(-6.143454588,-59.505486619,236.589691183));
#1831=CARTESIAN_POINT('',(-6.838646826,-59.985091854,236.907228388));
#1832=CARTESIAN_POINT('',(-7.2048296,-60.210645112,237.046708341));
#1833=CARTESIAN_POINT('',(-7.96777524,-60.629210131,237.284573758));
#1834=CARTESIAN_POINT('',(-8.36453398,-60.822219647,237.382957928));
#1835=CARTESIAN_POINT('',(-9.181481622,-61.172233392,237.536851373));
#1836=CARTESIAN_POINT('',(-9.601666108,-61.329235743,237.592359808));
#1837=CARTESIAN_POINT('',(-10.457894556,-61.604417486,237.659493716));
#1838=CARTESIAN_POINT('',(-10.89393389,-61.722595402,237.671118817));
#1839=CARTESIAN_POINT('',(-11.774016559,-61.918007133,237.650268542));
#1840=CARTESIAN_POINT('',(-12.218055137,-61.9952399,237.617793269));
#1841=CARTESIAN_POINT('',(-12.662096115,-62.051307293,237.563556293));
#1842=CARTESIAN_POINT('',(-4.266392445,-55.301224605,236.474547742));
#1843=CARTESIAN_POINT('',(-4.469597258,-55.632531196,236.734261205));
#1844=CARTESIAN_POINT('',(-4.701467635,-55.956929077,236.980233472));
#1845=CARTESIAN_POINT('',(-5.218049615,-56.585686622,237.439947643));
#1846=CARTESIAN_POINT('',(-5.502758,-56.890042442,237.653686697));
#1847=CARTESIAN_POINT('',(-6.119507656,-57.472872764,238.044802741));
#1848=CARTESIAN_POINT('',(-6.451545099,-57.751343704,238.222177304));
#1849=CARTESIAN_POINT('',(-7.156537147,-58.277058322,238.537134746));
#1850=CARTESIAN_POINT('',(-7.529487386,-58.524298788,238.674715668));
#1851=CARTESIAN_POINT('',(-8.309105139,-58.98280555,238.907424191));
#1852=CARTESIAN_POINT('',(-8.715767832,-59.194069043,239.002550346));
#1853=CARTESIAN_POINT('',(-9.554964573,-59.576564454,239.148506859));
#1854=CARTESIAN_POINT('',(-9.987493438,-59.747794031,239.199336307));
#1855=CARTESIAN_POINT('',(-10.870080991,-60.046931061,239.255711566));
#1856=CARTESIAN_POINT('',(-11.320134232,-60.174836679,239.261257019));
#1857=CARTESIAN_POINT('',(-12.229093232,-60.384864873,239.226950165));
#1858=CARTESIAN_POINT('',(-12.687993383,-60.466986156,239.18709806));
#1859=CARTESIAN_POINT('',(-13.146896365,-60.52542378,239.12492804));
#1860=CARTESIAN_POINT('',(-4.763020668,-52.516109229,239.017756601));
#1861=CARTESIAN_POINT('',(-4.949266697,-52.890583654,239.278975294));
#1862=CARTESIAN_POINT('',(-5.168441691,-53.258186985,239.526528944));
#1863=CARTESIAN_POINT('',(-5.667922574,-53.971739286,239.988971036));
#1864=CARTESIAN_POINT('',(-5.948224575,-54.317682723,240.203855884));
#1865=CARTESIAN_POINT('',(-6.563909261,-54.980458429,240.596322062));
#1866=CARTESIAN_POINT('',(-6.899287158,-55.29728556,240.77390034));
#1867=CARTESIAN_POINT('',(-7.617886502,-55.894999372,241.087919988));
#1868=CARTESIAN_POINT('',(-8.001102366,-56.175881418,241.224358916));
#1869=CARTESIAN_POINT('',(-8.807109593,-56.695650339,241.453154031));
#1870=CARTESIAN_POINT('',(-9.229894696,-56.934533182,241.545508439));
#1871=CARTESIAN_POINT('',(-10.105919622,-57.365153884,241.684139751));
#1872=CARTESIAN_POINT('',(-10.559152642,-57.556888404,241.730415577));
#1873=CARTESIAN_POINT('',(-11.486296439,-57.889078444,241.77588905));
#1874=CARTESIAN_POINT('',(-11.960200015,-58.029531388,241.775086343));
#1875=CARTESIAN_POINT('',(-12.918462439,-58.256129072,241.726417758));
#1876=CARTESIAN_POINT('',(-13.402813846,-58.342272053,241.678552256));
#1877=CARTESIAN_POINT('',(-13.887169014,-58.400331357,241.607670368));
#1878=CARTESIAN_POINT('',(-4.930049902,-51.614845627,239.882061327));
#1879=CARTESIAN_POINT('',(-5.109851948,-52.004010144,240.143715761));
#1880=CARTESIAN_POINT('',(-5.324117835,-52.386347457,240.391792982));
#1881=CARTESIAN_POINT('',(-5.816782933,-53.12883399,240.855247925));
#1882=CARTESIAN_POINT('',(-6.095178019,-53.48897702,241.07062177));
#1883=CARTESIAN_POINT('',(-6.709868162,-54.17902461,241.463848283));
#1884=CARTESIAN_POINT('',(-7.046158078,-54.508923417,241.641697661));
#1885=CARTESIAN_POINT('',(-7.769110962,-55.131108123,241.955893482));
#1886=CARTESIAN_POINT('',(-8.155767887,-55.423388835,242.092237297));
#1887=CARTESIAN_POINT('',(-8.970802546,-55.963803427,242.320369158));
#1888=CARTESIAN_POINT('',(-9.39917347,-56.211932803,242.412155295));
#1889=CARTESIAN_POINT('',(-10.288051904,-56.658497136,242.549116128));
#1890=CARTESIAN_POINT('',(-10.74855199,-56.85692837,242.594289679));
#1891=CARTESIAN_POINT('',(-11.691386673,-57.199658991,242.637012786));
#1892=CARTESIAN_POINT('',(-12.173713396,-57.343955518,242.634561985));
#1893=CARTESIAN_POINT('',(-13.149411569,-57.57518851,242.582089602));
#1894=CARTESIAN_POINT('',(-13.642774871,-57.662123043,242.532068458));
#1895=CARTESIAN_POINT('',(-14.136142292,-57.719404091,242.458820829));
#1896=CARTESIAN_POINT('',(-5.17607451,-50.302767198,241.20480926));
#1897=CARTESIAN_POINT('',(-5.34487093,-50.714356694,241.466615492));
#1898=CARTESIAN_POINT('',(-5.550593077,-51.119254409,241.715114851));
#1899=CARTESIAN_POINT('',(-6.031027066,-51.906103046,242.179628646));
#1900=CARTESIAN_POINT('',(-6.305734412,-52.288046612,242.395638737));
#1901=CARTESIAN_POINT('',(-6.91763884,-53.019951232,242.790061777));
#1902=CARTESIAN_POINT('',(-7.254830197,-53.369905444,242.968471036));
#1903=CARTESIAN_POINT('',(-7.983724586,-54.029552226,243.283469878));
#1904=CARTESIAN_POINT('',(-8.375420799,-54.339238628,243.420056514));
#1905=CARTESIAN_POINT('',(-9.204057461,-54.911023031,243.648177151));
#1906=CARTESIAN_POINT('',(-9.640990159,-55.173115685,243.739709017));
#1907=CARTESIAN_POINT('',(-10.549762198,-55.643511477,243.875553209));
#1908=CARTESIAN_POINT('',(-11.021593038,-55.851810216,243.919864263));
#1909=CARTESIAN_POINT('',(-11.98899813,-56.209689351,243.96021724));
#1910=CARTESIAN_POINT('',(-12.484563332,-56.359266401,243.956258784));
#1911=CARTESIAN_POINT('',(-13.487712325,-56.59616219,243.900165297));
#1912=CARTESIAN_POINT('',(-13.995286733,-56.683478715,243.848030791));
#1913=CARTESIAN_POINT('',(-14.502865888,-56.738632392,243.772424256));
#1914=CARTESIAN_POINT('',(-5.257328014,-49.872052266,241.650112738));
#1915=CARTESIAN_POINT('',(-5.422232882,-50.291181424,241.911885259));
#1916=CARTESIAN_POINT('',(-5.624910629,-50.703675571,242.160464183));
#1917=CARTESIAN_POINT('',(-6.100933283,-51.505471231,242.625253152));
#1918=CARTESIAN_POINT('',(-6.374273569,-51.894764967,242.841458686));
#1919=CARTESIAN_POINT('',(-6.985033855,-52.640779816,243.23628926));
#1920=CARTESIAN_POINT('',(-7.322447926,-52.997493693,243.414910468));
#1921=CARTESIAN_POINT('',(-8.053224621,-53.669753633,243.730266575));
#1922=CARTESIAN_POINT('',(-8.446580152,-53.985293176,243.866998413));
#1923=CARTESIAN_POINT('',(-9.279760802,-54.567601073,244.095279506));
#1924=CARTESIAN_POINT('',(-9.719577834,-54.834363779,244.186826544));
#1925=CARTESIAN_POINT('',(-10.635083082,-55.312689563,244.322530718));
#1926=CARTESIAN_POINT('',(-11.110762414,-55.524248002,244.366686537));
#1927=CARTESIAN_POINT('',(-12.086529737,-55.887066587,244.406543091));
#1928=CARTESIAN_POINT('',(-12.58660826,-56.038323214,244.40224344));
#1929=CARTESIAN_POINT('',(-13.599123458,-56.276892092,244.345291676));
#1930=CARTESIAN_POINT('',(-14.111550308,-56.364202027,244.292640116));
#1931=CARTESIAN_POINT('',(-14.62398213,-56.418486937,244.216446303));
#1932=CARTESIAN_POINT('',(-5.417163297,-49.02387156,242.549808642));
#1933=CARTESIAN_POINT('',(-5.573817906,-49.458194789,242.811268663));
#1934=CARTESIAN_POINT('',(-5.76998982,-49.886023982,243.059816271));
#1935=CARTESIAN_POINT('',(-6.236470263,-50.718018927,243.524882796));
#1936=CARTESIAN_POINT('',(-6.506773916,-51.122175994,243.741396855));
#1937=CARTESIAN_POINT('',(-7.114760508,-51.896724711,244.136982349));
#1938=CARTESIAN_POINT('',(-7.452437096,-52.267108276,244.316049651));
#1939=CARTESIAN_POINT('',(-8.186728354,-52.964851944,244.632263868));
#1940=CARTESIAN_POINT('',(-8.583335355,-53.292204764,244.76940748));
#1941=CARTESIAN_POINT('',(-9.425573346,-53.895704154,244.998344638));
#1942=CARTESIAN_POINT('',(-9.87119554,-54.171844424,245.090135792));
#1943=CARTESIAN_POINT('',(-10.800324696,-54.666015632,245.226072159));
#1944=CARTESIAN_POINT('',(-11.283821956,-54.884041412,245.270215951));
#1945=CARTESIAN_POINT('',(-12.276615289,-55.256532752,245.309752902));
#1946=CARTESIAN_POINT('',(-12.785900994,-55.410994424,245.305145648));
#1947=CARTESIAN_POINT('',(-13.817540548,-55.652495057,245.247294611));
#1948=CARTESIAN_POINT('',(-14.339883626,-55.739531496,245.194051432));
#1949=CARTESIAN_POINT('',(-14.862232157,-55.791767793,245.117155013));
#1950=CARTESIAN_POINT('',(-5.495813274,-48.606046484,243.004605526));
#1951=CARTESIAN_POINT('',(-5.648105201,-49.048031073,243.265786493));
#1952=CARTESIAN_POINT('',(-5.840812557,-49.483605907,243.514223118));
#1953=CARTESIAN_POINT('',(-6.302157566,-50.330866952,243.979292044));
#1954=CARTESIAN_POINT('',(-6.570790218,-50.742543988,244.195919304));
#1955=CARTESIAN_POINT('',(-7.177146019,-51.531529381,244.59185254));
#1956=CARTESIAN_POINT('',(-7.514862598,-51.908829194,244.771154226));
#1957=CARTESIAN_POINT('',(-8.250787958,-52.61945497,245.087869798));
#1958=CARTESIAN_POINT('',(-8.648988766,-52.952773237,245.225280252));
#1959=CARTESIAN_POINT('',(-9.495744666,-53.566950048,245.454713526));
#1960=CARTESIAN_POINT('',(-9.944290584,-53.847801941,245.54673386));
#1961=CARTESIAN_POINT('',(-10.880317212,-54.349895366,245.683042828));
#1962=CARTESIAN_POINT('',(-11.36778778,-54.571131462,245.727329984));
#1963=CARTESIAN_POINT('',(-12.369253285,-54.948359854,245.767043962));
#1964=CARTESIAN_POINT('',(-12.883237373,-55.104348065,245.762470352));
#1965=CARTESIAN_POINT('',(-13.924644434,-55.347107812,245.704578322));
#1966=CARTESIAN_POINT('',(-14.452056125,-55.433876718,245.651260529));
#1967=CARTESIAN_POINT('',(-14.979473501,-55.484931683,245.574248699));
#1968=CARTESIAN_POINT('',(-5.878627346,-46.554052448,245.297815013));
#1969=CARTESIAN_POINT('',(-6.00793935,-47.034510303,245.556782273));
#1970=CARTESIAN_POINT('',(-6.182264004,-47.509058622,245.804002471));
#1971=CARTESIAN_POINT('',(-6.616068924,-48.433214009,246.268080199));
#1972=CARTESIAN_POINT('',(-6.875543562,-48.882809267,246.484931747));
#1973=CARTESIAN_POINT('',(-7.472416307,-49.744604236,246.882237345));
#1974=CARTESIAN_POINT('',(-7.809806708,-50.156792935,247.062686276));
#1975=CARTESIAN_POINT('',(-8.553123826,-50.93235651,247.382166039));
#1976=CARTESIAN_POINT('',(-8.959040971,-51.295721476,247.521192756));
#1977=CARTESIAN_POINT('',(-9.828129434,-51.963570331,247.753960736));
#1978=CARTESIAN_POINT('',(-10.29128958,-52.268045682,247.847699002));
#1979=CARTESIAN_POINT('',(-11.261999129,-52.809676819,247.987283031));
#1980=CARTESIAN_POINT('',(-11.769536067,-53.046825676,248.033127));
#1981=CARTESIAN_POINT('',(-12.81490732,-53.447226972,248.075647842));
#1982=CARTESIAN_POINT('',(-13.352728219,-53.610474281,248.072324171));
#1983=CARTESIAN_POINT('',(-14.443738135,-53.858538853,248.016602848));
#1984=CARTESIAN_POINT('',(-14.996913156,-53.943352927,247.964205916));
#1985=CARTESIAN_POINT('',(-15.550095243,-53.987769429,247.888001088));
#1986=CARTESIAN_POINT('',(-6.148102924,-45.050197416,247.1713605));
#1987=CARTESIAN_POINT('',(-6.255441946,-45.561639871,247.425995306));
#1988=CARTESIAN_POINT('',(-6.411779938,-46.067819928,247.670172692));
#1989=CARTESIAN_POINT('',(-6.817750421,-47.054635176,248.130319527));
#1990=CARTESIAN_POINT('',(-7.067376814,-47.535255863,248.346282122));
#1991=CARTESIAN_POINT('',(-7.652445971,-48.456664816,248.743541377));
#1992=CARTESIAN_POINT('',(-7.987880016,-48.897439544,248.924832133));
#1993=CARTESIAN_POINT('',(-8.73454136,-49.726053896,249.247332175));
#1994=CARTESIAN_POINT('',(-9.145757577,-50.113881346,249.388536681));
#1995=CARTESIAN_POINT('',(-10.03171327,-50.825070562,249.626652086));
#1996=CARTESIAN_POINT('',(-10.506439631,-51.148421873,249.723559469));
#1997=CARTESIAN_POINT('',(-11.505263056,-51.721041143,249.870196846));
#1998=CARTESIAN_POINT('',(-12.029345356,-51.970300675,249.919924692));
#1999=CARTESIAN_POINT('',(-13.111265303,-52.387316016,249.970732858));
#2000=CARTESIAN_POINT('',(-13.669086973,-52.555065673,249.971812463));
#2001=CARTESIAN_POINT('',(-14.801870323,-52.804057812,249.925310784));
#2002=CARTESIAN_POINT('',(-15.376815287,-52.885296596,249.877730237));
#2003=CARTESIAN_POINT('',(-15.951768733,-52.922062712,249.806540802));
#2004=CARTESIAN_POINT('',(-6.441060928,-42.994584882,250.04587708));
#2005=CARTESIAN_POINT('',(-6.510853021,-43.55125793,250.286116439));
#2006=CARTESIAN_POINT('',(-6.635693907,-44.104185535,250.518920697));
#2007=CARTESIAN_POINT('',(-6.991348064,-45.184344331,250.961982887));
#2008=CARTESIAN_POINT('',(-7.222154831,-45.711555861,251.172232734));
#2009=CARTESIAN_POINT('',(-7.782114837,-46.722885081,251.563239078));
#2010=CARTESIAN_POINT('',(-8.111257858,-47.206984364,251.743988445));
#2011=CARTESIAN_POINT('',(-8.857020715,-48.116113807,252.070022722));
#2012=CARTESIAN_POINT('',(-9.273626954,-48.54112742,252.21530169));
#2013=CARTESIAN_POINT('',(-10.180561549,-49.318058996,252.465596996));
#2014=CARTESIAN_POINT('',(-10.670873375,-49.669962817,252.570608775));
#2015=CARTESIAN_POINT('',(-11.709033163,-50.289059425,252.736902727));
#2016=CARTESIAN_POINT('',(-12.25686221,-50.55624094,252.798181875));
#2017=CARTESIAN_POINT('',(-13.391973047,-50.997071619,252.874989089));
#2018=CARTESIAN_POINT('',(-13.979234159,-51.170712754,252.890515763));
#2019=CARTESIAN_POINT('',(-15.173824706,-51.418726279,252.875308622));
#2020=CARTESIAN_POINT('',(-15.781132382,-51.493094147,252.844575095));
#2021=CARTESIAN_POINT('',(-16.388451119,-51.516596508,252.791220979));
#2022=CARTESIAN_POINT('',(-6.52012368,-42.342891558,251.014792062));
#2023=CARTESIAN_POINT('',(-6.576652008,-42.914424929,251.248909449));
#2024=CARTESIAN_POINT('',(-6.69025509,-43.482809572,251.47678052));
#2025=CARTESIAN_POINT('',(-7.027732759,-44.593958698,251.912269933));
#2026=CARTESIAN_POINT('',(-7.251600761,-45.13670162,252.119879796));
#2027=CARTESIAN_POINT('',(-7.801969985,-46.178074183,252.507762107));
#2028=CARTESIAN_POINT('',(-8.128460493,-46.676683618,252.688027009));
#2029=CARTESIAN_POINT('',(-8.872941142,-47.612799448,253.015069867));
#2030=CARTESIAN_POINT('',(-9.290916806,-48.050287678,253.161841467));
#2031=CARTESIAN_POINT('',(-10.204118296,-48.849252924,253.416892884));
#2032=CARTESIAN_POINT('',(-10.699326375,-49.210714435,253.525167749));
#2033=CARTESIAN_POINT('',(-11.75011275,-49.845307047,253.699535989));
#2034=CARTESIAN_POINT('',(-12.305670633,-50.11842583,253.765625986));
#2035=CARTESIAN_POINT('',(-13.45822108,-50.56702207,253.853375458));
#2036=CARTESIAN_POINT('',(-14.055191259,-50.742490816,253.875033245));
#2037=CARTESIAN_POINT('',(-15.270219967,-50.989801312,253.873186326));
#2038=CARTESIAN_POINT('',(-15.888254901,-51.061638253,253.849681677));
#2039=CARTESIAN_POINT('',(-16.506301836,-51.080433405,253.804000646));
#2040=CARTESIAN_POINT('',(-6.630011719,-41.107236709,252.975728328));
#2041=CARTESIAN_POINT('',(-6.658924953,-41.707659692,253.194217795));
#2042=CARTESIAN_POINT('',(-6.748880913,-42.306337115,253.409256204));
#2043=CARTESIAN_POINT('',(-7.047611342,-43.478559511,253.824644824));
#2044=CARTESIAN_POINT('',(-7.256379217,-44.052078744,254.024985887));
#2045=CARTESIAN_POINT('',(-7.785159826,-45.153202327,254.403710116));
#2046=CARTESIAN_POINT('',(-8.105160916,-45.6807825,254.582084947));
#2047=CARTESIAN_POINT('',(-8.844804893,-46.670909565,254.910406177));
#2048=CARTESIAN_POINT('',(-9.264431509,-47.133434718,255.060345357));
#2049=CARTESIAN_POINT('',(-10.188114567,-47.97668952,255.326358383));
#2050=CARTESIAN_POINT('',(-10.692150702,-48.357400654,255.442426387));
#2051=CARTESIAN_POINT('',(-11.766383031,-49.023228218,255.636490715));
#2052=CARTESIAN_POINT('',(-12.336555617,-49.308330025,255.714482784));
#2053=CARTESIAN_POINT('',(-13.522395052,-49.772602355,255.829571711));
#2054=CARTESIAN_POINT('',(-14.138035844,-49.951762677,255.866666054));
#2055=CARTESIAN_POINT('',(-15.392498335,-50.197652359,255.898620888));
#2056=CARTESIAN_POINT('',(-16.031292471,-50.26437631,255.893480697));
#2057=CARTESIAN_POINT('',(-16.670100642,-50.2736711,255.867320812));
#2058=CARTESIAN_POINT('',(-6.6608848,-40.523270213,253.967742136));
#2059=CARTESIAN_POINT('',(-6.675443937,-41.137723452,254.17672339));
#2060=CARTESIAN_POINT('',(-6.752988125,-41.751237674,254.383860238));
#2061=CARTESIAN_POINT('',(-7.031143801,-42.953545106,254.786717177));
#2062=CARTESIAN_POINT('',(-7.231748768,-43.542310298,254.982427846));
#2063=CARTESIAN_POINT('',(-7.74852954,-44.673143423,255.355115477));
#2064=CARTESIAN_POINT('',(-8.064693268,-45.215185008,255.532083731));
#2065=CARTESIAN_POINT('',(-8.800783019,-46.23233819,255.860673461));
#2066=CARTESIAN_POINT('',(-9.220691858,-46.707426089,256.012287269));
#2067=CARTESIAN_POINT('',(-10.148592076,-47.572937153,256.284505795));
#2068=CARTESIAN_POINT('',(-10.656561807,-47.963340152,256.405104171));
#2069=CARTESIAN_POINT('',(-11.741618023,-48.644905961,256.610791524));
#2070=CARTESIAN_POINT('',(-12.318679201,-48.936052888,256.69587572));
#2071=CARTESIAN_POINT('',(-13.520374144,-49.408233921,256.827364131));
#2072=CARTESIAN_POINT('',(-14.144979886,-49.58925702,256.873765304));
#2073=CARTESIAN_POINT('',(-15.418445161,-49.834426073,256.926164774));
#2074=CARTESIAN_POINT('',(-16.067275002,-49.898566307,256.932161883));
#2075=CARTESIAN_POINT('',(-16.71611997,-49.90306614,256.917851862));
#2076=CARTESIAN_POINT('',(-6.6608848,-39.97415499,254.972435946));
#2077=CARTESIAN_POINT('',(-6.6608848,-40.601961126,255.169851674));
#2078=CARTESIAN_POINT('',(-6.72570173,-41.229751739,255.36726252));
#2079=CARTESIAN_POINT('',(-6.982484919,-42.461237774,255.7545074));
#2080=CARTESIAN_POINT('',(-7.17444483,-43.064902745,255.944331858));
#2081=CARTESIAN_POINT('',(-7.678143174,-44.224937224,256.309108559));
#2082=CARTESIAN_POINT('',(-7.989869154,-44.781278048,256.484051782));
#2083=CARTESIAN_POINT('',(-8.72112581,-45.825281498,256.812342139));
#2084=CARTESIAN_POINT('',(-9.140638404,-46.312918308,256.965681156));
#2085=CARTESIAN_POINT('',(-10.071351586,-47.200770261,257.244869156));
#2086=CARTESIAN_POINT('',(-10.582529161,-47.600963449,257.370711235));
#2087=CARTESIAN_POINT('',(-11.676932086,-48.298544252,257.590067839));
#2088=CARTESIAN_POINT('',(-12.260130374,-48.595914617,257.68357694));
#2089=CARTESIAN_POINT('',(-13.47616575,-49.076416631,257.834672396));
#2090=CARTESIAN_POINT('',(-14.108972768,-49.259536399,257.892255016));
#2091=CARTESIAN_POINT('',(-15.399909037,-49.504494201,257.969282812));
#2092=CARTESIAN_POINT('',(-16.058006367,-49.56632618,257.988726083));
#2093=CARTESIAN_POINT('',(-16.71611997,-49.56632618,257.988726083));
#2094=B_SPLINE_SURFACE_WITH_KNOTS('',3,3,((#1590,#1591,#1592,#1593,#1594,#1595,#1596,#1597,#1598,#1599,#1600,#1601,#1602,#1603,#1604,#1605,#1606,#1607),(#1608,#1609,#1610,#1611,#1612,#1613,#1614,#1615,#1616,#1617,#1618,#1619,#1620,#1621,#1622,#1623,#1624,#1625),(#1626,#1627,#1628,#1629,#1630,#1631,#1632,#1633,#1634,#1635,#1636,#1637,#1638,#1639,#1640,#1641,#1642,#1643),(#1644,#1645,#1646,#1647,#1648,#1649,#1650,#1651,#1652,#1653,#1654,#1655,#1656,#1657,#1658,#1659,#1660,#1661),(#1662,#1663,#1664,#1665,#1666,#1667,#1668,#1669,#1670,#1671,#1672,#1673,#1674,#1675,#1676,#1677,#1678,#1679),(#1680,#1681,#1682,#1683,#1684,#1685,#1686,#1687,#1688,#1689,#1690,#1691,#1692,#1693,#1694,#1695,#1696,#1697),(#1698,#1699,#1700,#1701,#1702,#1703,#1704,#1705,#1706,#1707,#1708,#1709,#1710,#1711,#1712,#1713,#1714,#1715),(#1716,#1717,#1718,#1719,#1720,#1721,#1722,#1723,#1724,#1725,#1726,#1727,#1728,#1729,#1730,#1731,#1732,#1733),(#1734,#1735,#1736,#1737,#1738,#1739,#1740,#1741,#1742,#1743,#1744,#1745,#1746,#1747,#1748,#1749,#1750,#1751),(#1752,#1753,#1754,#1755,#1756,#1757,#1758,#1759,#1760,#1761,#1762,#1763,#1764,#1765,#1766,#1767,#1768,#1769),(#1770,#1771,#1772,#1773,#1774,#1775,#1776,#1777,#1778,#1779,#1780,#1781,#1782,#1783,#1784,#1785,#1786,#1787),(#1788,#1789,#1790,#1791,#1792,#1793,#1794,#1795,#1796,#1797,#1798,#1799,#1800,#1801,#1802,#1803,#1804,#1805),(#1806,#1807,#1808,#1809,#1810,#1811,#1812,#1813,#1814,#1815,#1816,#1817,#1818,#1819,#1820,#1821,#1822,#1823),(#1824,#1825,#1826,#1827,#1828,#1829,#1830,#1831,#1832,#1833,#1834,#1835,#1836,#1837,#1838,#1839,#1840,#1841),(#1842,#1843,#1844,#1845,#1846,#1847,#1848,#1849,#1850,#1851,#1852,#1853,#1854,#1855,#1856,#1857,#1858,#1859),(#1860,#1861,#1862,#1863,#1864,#1865,#1866,#1867,#1868,#1869,#1870,#1871,#1872,#1873,#1874,#1875,#1876,#1877),(#1878,#1879,#1880,#1881,#1882,#1883,#1884,#1885,#1886,#1887,#1888,#1889,#1890,#1891,#1892,#1893,#1894,#1895),(#1896,#1897,#1898,#1899,#1900,#1901,#1902,#1903,#1904,#1905,#1906,#1907,#1908,#1909,#1910,#1911,#1912,#1913),(#1914,#1915,#1916,#1917,#1918,#1919,#1920,#1921,#1922,#1923,#1924,#1925,#1926,#1927,#1928,#1929,#1930,#1931),(#1932,#1933,#1934,#1935,#1936,#1937,#1938,#1939,#1940,#1941,#1942,#1943,#1944,#1945,#1946,#1947,#1948,#1949),(#1950,#1951,#1952,#1953,#1954,#1955,#1956,#1957,#1958,#1959,#1960,#1961,#1962,#1963,#1964,#1965,#1966,#1967),(#1968,#1969,#1970,#1971,#1972,#1973,#1974,#1975,#1976,#1977,#1978,#1979,#1980,#1981,#1982,#1983,#1984,#1985),(#1986,#1987,#1988,#1989,#1990,#1991,#1992,#1993,#1994,#1995,#1996,#1997,#1998,#1999,#2000,#2001,#2002,#2003),(#2004,#2005,#2006,#2007,#2008,#2009,#2010,#2011,#2012,#2013,#2014,#2015,#2016,#2017,#2018,#2019,#2020,#2021),(#2022,#2023,#2024,#2025,#2026,#2027,#2028,#2029,#2030,#2031,#2032,#2033,#2034,#2035,#2036,#2037,#2038,#2039),(#2040,#2041,#2042,#2043,#2044,#2045,#2046,#2047,#2048,#2049,#2050,#2051,#2052,#2053,#2054,#2055,#2056,#2057),
(#2058,#2059,#2060,#2061,#2062,#2063,#2064,#2065,#2066,#2067,#2068,#2069,#2070,#2071,#2072,#2073,#2074,#2075),(#2076,#2077,#2078,#2079,#2080,#2081,#2082,#2083,#2084,#2085,#2086,#2087,#2088,#2089,#2090,#2091,#2092,#2093)),.UNSPECIFIED.,.F.,.F.,.U.,(4,2,2,2,2,2,2,2,2,2,2,2,2,4),(4,2,2,2,2,2,2,2,4),(-0.,0.000549612,0.004550756,0.008551901,0.012553045,0.014553618,0.01655419,0.024556479,0.028557624,0.030558196,0.032558768,0.040561057,0.044562202,0.048563346),(0.,0.125,0.25,0.375,0.5,0.625,0.75,0.875,1.),.UNSPECIFIED.);
#2095=ORIENTED_EDGE('',*,*,#1326,.F.);
#2096=CARTESIAN_POINT('',(-2.932851045,-66.526250905,228.433251693));
#2097=CARTESIAN_POINT('',(-3.167849472,-66.848513981,228.645435913));
#2098=CARTESIAN_POINT('',(-3.423946995,-67.163769605,228.840680477));
#2099=CARTESIAN_POINT('',(-3.698574718,-67.473696208,229.016350932));
#2100=CARTESIAN_POINT('',(-3.973202441,-67.783622811,229.192021387));
#2101=CARTESIAN_POINT('',(-4.268254807,-68.089784407,229.349115157));
#2102=CARTESIAN_POINT('',(-4.575959214,-68.388544351,229.482875337));
#2103=CARTESIAN_POINT('',(-5.191368028,-68.986064241,229.750395697));
#2104=CARTESIAN_POINT('',(-5.858228031,-69.554266945,229.927169465));
#2105=CARTESIAN_POINT('',(-6.5533184,-70.123745423,229.998864286));
#2106=CARTESIAN_POINT('',(-6.727090993,-70.266115043,230.016787991));
#2107=CARTESIAN_POINT('',(-6.902331358,-70.408467042,230.027989059));
#2108=CARTESIAN_POINT('',(-7.076634767,-70.550064095,230.032224237));
#2109=CARTESIAN_POINT('',(-7.250938177,-70.691661148,230.036459415));
#2110=CARTESIAN_POINT('',(-7.424795305,-70.83290061,230.033787157));
#2111=CARTESIAN_POINT('',(-7.59746687,-70.974635983,230.024124849));
#2112=CARTESIAN_POINT('',(-7.942810001,-71.258106728,230.004800233));
#2113=CARTESIAN_POINT('',(-8.283689521,-71.543242897,229.957573871));
#2114=CARTESIAN_POINT('',(-8.611776535,-71.839615992,229.881167753));
#2115=CARTESIAN_POINT('',(-8.939863549,-72.135989087,229.804761636));
#2116=CARTESIAN_POINT('',(-9.257271752,-72.445991853,229.697768632));
#2117=CARTESIAN_POINT('',(-9.536404752,-72.770365868,229.565280368));
#2118=CARTESIAN_POINT('',(-9.815537751,-73.094739883,229.432792104));
#2119=CARTESIAN_POINT('',(-10.05965264,-73.434948136,229.274858844));
#2120=CARTESIAN_POINT('',(-10.243685392,-73.810941351,229.093409189));
#2121=B_SPLINE_CURVE_WITH_KNOTS('',3,(#2096,#2097,#2098,#2099,#2100,#2101,#2102,#2103,#2104,#2105,#2106,#2107,#2108,#2109,#2110,#2111,#2112,#2113,#2114,#2115,#2116,#2117,#2118,#2119,#2120),.UNSPECIFIED.,.F.,.F.,(4,3,3,3,3,3,3,3,4),(0.,0.001341332,0.002682663,0.005365327,0.006035993,0.006706659,0.00804799,0.009389322,0.010730654),.UNSPECIFIED.);
#2122=EDGE_CURVE('',#1292,#970,#2121,.T.);
#2123=ORIENTED_EDGE('',*,*,#2122,.T.);
#2124=ORIENTED_EDGE('',*,*,#976,.F.);
#2125=ORIENTED_EDGE('',*,*,#1212,.F.);
#2126=CARTESIAN_POINT('',(-16.71611997,-39.97415499,254.972435946));
#2127=DIRECTION('',(0.,-0.299972113,-0.953947971));
#2128=DIRECTION('',(0.,0.953947971,-0.299972113));
#2129=AXIS2_PLACEMENT_3D('',#2126,#2127,#2128);
#2130=CIRCLE('',#2129,10.05523517);
#2131=EDGE_CURVE('',#760,#1169,#2130,.T.);
#2132=ORIENTED_EDGE('',*,*,#2131,.F.);
#2133=EDGE_LOOP('',(#2095,#2123,#2124,#2125,#2132));
#2134=FACE_BOUND('',#2133,.T.);
#2135=ADVANCED_FACE('',(#2134),#2094,.F.);
#2136=CARTESIAN_POINT('',(-16.71611997,-49.975723286,312.413038133));
#2137=DIRECTION('',(0.,-0.440165275,0.897916772));
#2138=DIRECTION('',(0.,-0.897916772,-0.440165275));
#2139=AXIS2_PLACEMENT_3D('',#2136,#2137,#2138);
#2140=CYLINDRICAL_SURFACE('',#2139,10.05523517);
#2141=ORIENTED_EDGE('',*,*,#1585,.T.);
#2142=ORIENTED_EDGE('',*,*,#782,.F.);
#2143=CARTESIAN_POINT('',(-9.674517985,-49.735400443,295.615293786));
#2144=VERTEX_POINT('',#2143);
#2145=CARTESIAN_POINT('',(-16.71611997,-43.290159366,298.774797429));
#2146=DIRECTION('',(0.,-0.440165275,0.897916772));
#2147=DIRECTION('',(-0.,-0.897916772,-0.440165275));
#2148=AXIS2_PLACEMENT_3D('',#2145,#2146,#2147);
#2149=CIRCLE('',#2148,10.05523517);
#2150=EDGE_CURVE('',#2144,#768,#2149,.T.);
#2151=ORIENTED_EDGE('',*,*,#2150,.F.);
#2152=CARTESIAN_POINT('',(-9.616134356,-51.448590668,299.24130948));
#2153=VERTEX_POINT('',#2152);
#2154=CARTESIAN_POINT('',(-9.616134356,-51.448590668,299.24130948));
#2155=CARTESIAN_POINT('',(-9.613483945,-51.151940464,298.642161067));
#2156=CARTESIAN_POINT('',(-9.613795096,-50.857921206,298.041645982));
#2157=CARTESIAN_POINT('',(-9.622889822,-50.571821771,297.437452162));
#2158=CARTESIAN_POINT('',(-9.631984547,-50.285722335,296.833258342));
#2159=CARTESIAN_POINT('',(-9.649908079,-50.007613972,296.225445121));
#2160=CARTESIAN_POINT('',(-9.674510091,-49.73539349,295.615297194));
#2161=B_SPLINE_CURVE_WITH_KNOTS('',3,(#2154,#2155,#2156,#2157,#2158,#2159,#2160),.UNSPECIFIED.,.F.,.F.,(4,3,4),(0.,0.047009239,0.094018479),.UNSPECIFIED.);
#2162=EDGE_CURVE('',#2153,#2144,#2161,.T.);
#2163=ORIENTED_EDGE('',*,*,#2162,.F.);
#2164=ORIENTED_EDGE('',*,*,#2162,.T.);
#2165=CARTESIAN_POINT('',(-16.71611997,-43.290159366,298.774797429));
#2166=DIRECTION('',(0.,-0.440165275,0.897916772));
#2167=DIRECTION('',(-0.,-0.897916772,-0.440165275));
#2168=AXIS2_PLACEMENT_3D('',#2165,#2166,#2167);
#2169=CIRCLE('',#2168,10.05523517);
#2170=EDGE_CURVE('',#1047,#2144,#2169,.T.);
#2171=ORIENTED_EDGE('',*,*,#2170,.F.);
#2172=ORIENTED_EDGE('',*,*,#1052,.F.);
#2173=EDGE_LOOP('',(#2141,#2142,#2151,#2163,#2164,#2171,#2172));
#2174=FACE_BOUND('',#2173,.T.);
#2175=ADVANCED_FACE('',(#2174),#2140,.F.);
#2176=CARTESIAN_POINT('',(-16.71611997,-96.430124565,272.725203371));
#2177=DIRECTION('',(1.,0.,0.));
#2178=DIRECTION('',(0.,0.,-1.));
#2179=AXIS2_PLACEMENT_3D('',#2176,#2177,#2178);
#2180=TOROIDAL_SURFACE('',#2179,59.181392784,10.05523517);
#2181=ORIENTED_EDGE('',*,*,#2131,.T.);
#2182=ORIENTED_EDGE('',*,*,#1175,.F.);
#2183=ORIENTED_EDGE('',*,*,#2170,.T.);
#2184=CARTESIAN_POINT('',(-9.696607767,-46.629783945,257.824427375));
#2185=VERTEX_POINT('',#2184);
#2186=CARTESIAN_POINT('',(-9.674517985,-49.735400443,295.615293786));
#2187=CARTESIAN_POINT('',(-9.733650345,-49.079203223,294.144893259));
#2188=CARTESIAN_POINT('',(-9.789160506,-48.48661306,292.645954898));
#2189=CARTESIAN_POINT('',(-9.835118155,-47.955569602,291.12540844));
#2190=CARTESIAN_POINT('',(-9.881075805,-47.424526145,289.604861983));
#2191=CARTESIAN_POINT('',(-9.917769368,-46.955312269,288.062405232));
#2192=CARTESIAN_POINT('',(-9.946292909,-46.551450563,286.502763693));
#2193=CARTESIAN_POINT('',(-10.003339992,-45.743727149,283.383480613));
#2194=CARTESIAN_POINT('',(-10.027556155,-45.198129267,280.195260298));
#2195=CARTESIAN_POINT('',(-10.021971234,-44.927586706,276.983979525));
#2196=CARTESIAN_POINT('',(-10.019178773,-44.792315425,275.378339139));
#2197=CARTESIAN_POINT('',(-10.008982199,-44.725621882,273.767008323));
#2198=CARTESIAN_POINT('',(-9.992529652,-44.728570108,272.155805652));
#2199=CARTESIAN_POINT('',(-9.976077105,-44.731518334,270.544602982));
#2200=CARTESIAN_POINT('',(-9.953282299,-44.804043443,268.933598703));
#2201=CARTESIAN_POINT('',(-9.923459778,-44.944783027,267.328752334));
#2202=CARTESIAN_POINT('',(-9.893637257,-45.085522611,265.723905966));
#2203=CARTESIAN_POINT('',(-9.856863078,-45.294494963,264.125001523));
#2204=CARTESIAN_POINT('',(-9.820045906,-45.576775756,262.539086274));
#2205=CARTESIAN_POINT('',(-9.801637319,-45.717916153,261.74612865));
#2206=CARTESIAN_POINT('',(-9.783155869,-45.877325894,260.956452821));
#2207=CARTESIAN_POINT('',(-9.764130328,-46.054379868,260.170722689));
#2208=CARTESIAN_POINT('',(-9.745104786,-46.231433842,259.384992558));
#2209=CARTESIAN_POINT('',(-9.725036286,-46.425682084,258.603255536));
#2210=CARTESIAN_POINT('',(-9.696607767,-46.629783945,257.824427375));
#2211=B_SPLINE_CURVE_WITH_KNOTS('',3,(#2186,#2187,#2188,#2189,#2190,#2191,#2192,#2193,#2194,#2195,#2196,#2197,#2198,#2199,#2200,#2201,#2202,#2203,#2204,#2205,#2206,#2207,#2208,#2209,#2210),.UNSPECIFIED.,.F.,.F.,(4,3,3,3,3,3,3,3,4),(0.094018323,0.207266032,0.320513742,0.547009161,0.660256871,0.773504581,0.88675229,0.943376145,1.),.UNSPECIFIED.);
#2212=EDGE_CURVE('',#2144,#2185,#2211,.T.);
#2213=ORIENTED_EDGE('',*,*,#2212,.T.);
#2214=ORIENTED_EDGE('',*,*,#2212,.F.);
#2215=ORIENTED_EDGE('',*,*,#2150,.T.);
#2216=ORIENTED_EDGE('',*,*,#774,.F.);
#2217=EDGE_LOOP('',(#2181,#2182,#2183,#2213,#2214,#2215,#2216));
#2218=FACE_BOUND('',#2217,.T.);
#2219=ADVANCED_FACE('',(#2218),#2180,.F.);
#2220=CARTESIAN_POINT('',(-19.536279637,-197.103945231,301.221628269));
#2221=CARTESIAN_POINT('',(-15.78941179,-197.579544781,302.936334622));
#2222=CARTESIAN_POINT('',(-12.132455402,-198.136471147,304.824934258));
#2223=CARTESIAN_POINT('',(-5.036444508,-199.407178361,308.93025454));
#2224=CARTESIAN_POINT('',(-1.597402859,-200.120956907,311.146967748));
#2225=CARTESIAN_POINT('',(1.71477006,-200.909444188,313.516192968));
#2226=CARTESIAN_POINT('',(-19.536279637,-177.261423077,310.501557785));
#2227=CARTESIAN_POINT('',(-15.820155089,-177.758270231,312.255211918));
#2228=CARTESIAN_POINT('',(-12.196006962,-178.335592573,314.180938393));
#2229=CARTESIAN_POINT('',(-5.169231608,-179.645201888,318.356571299));
#2230=CARTESIAN_POINT('',(-1.766616997,-180.377486509,320.606470231));
#2231=CARTESIAN_POINT('',(1.507588863,-181.183455058,323.006789111));
#2232=CARTESIAN_POINT('',(-19.536279637,-157.417748296,319.782026362));
#2233=CARTESIAN_POINT('',(-15.850244164,-157.935592833,321.573973352));
#2234=CARTESIAN_POINT('',(-12.258227138,-158.533105326,323.536266663));
#2235=CARTESIAN_POINT('',(-5.299323434,-159.881295102,327.781280293));
#2236=CARTESIAN_POINT('',(-1.932449156,-160.631969982,330.063993046));
#2237=CARTESIAN_POINT('',(1.304463398,-161.455348473,332.495124506));
#2238=CARTESIAN_POINT('',(-19.536279637,-116.613433085,338.865344812));
#2239=CARTESIAN_POINT('',(-15.910595219,-117.173993289,340.73484255));
#2240=CARTESIAN_POINT('',(-12.383105464,-117.812653299,342.771333601));
#2241=CARTESIAN_POINT('',(-5.560704424,-119.239619865,347.157407626));
#2242=CARTESIAN_POINT('',(-2.265805136,-120.027923911,349.506982885));
#2243=CARTESIAN_POINT('',(0.895891545,-120.887004581,352.00104306));
#2244=CARTESIAN_POINT('',(-19.536279637,-95.653030699,348.668083359));
#2245=CARTESIAN_POINT('',(-15.940770984,-96.235283431,350.576772776));
#2246=CARTESIAN_POINT('',(-12.445589939,-96.894880202,352.650839533));
#2247=CARTESIAN_POINT('',(-5.691646518,-98.362012149,357.108504282));
#2248=CARTESIAN_POINT('',(-2.432895958,-99.169544756,359.492094475));
#2249=CARTESIAN_POINT('',(0.690961388,-100.046912309,362.018247219));
#2250=CARTESIAN_POINT('',(-19.536279637,-74.691252663,358.471465269));
#2251=CARTESIAN_POINT('',(-15.970050945,-75.294985318,360.418805861));
#2252=CARTESIAN_POINT('',(-12.506284219,-75.975355558,362.530013254));
#2253=CARTESIAN_POINT('',(-5.819049588,-77.482422682,367.058600179));
#2254=CARTESIAN_POINT('',(-2.595593339,-78.309116939,369.475971819));
#2255=CARTESIAN_POINT('',(0.491241528,-79.204750439,372.034077507));
#2256=B_SPLINE_SURFACE_WITH_KNOTS('',3,3,((#2220,#2221,#2222,#2223,#2224,#2225),(#2226,#2227,#2228,#2229,#2230,#2231),(#2232,#2233,#2234,#2235,#2236,#2237),(#2238,#2239,#2240,#2241,#2242,#2243),(#2244,#2245,#2246,#2247,#2248,#2249),(#2250,#2251,#2252,#2253,#2254,#2255)),.UNSPECIFIED.,.F.,.F.,.U.,(4,2,4),(4,2,4),(0.177824343,0.243707565,0.313289767),(0.,0.5,1.),.UNSPECIFIED.);
#2257=ORIENTED_EDGE('',*,*,#1092,.F.);
#2258=CARTESIAN_POINT('',(-18.813248652,-195.899415279,302.162805927));
#2259=CARTESIAN_POINT('',(-17.059298429,-195.665524924,303.196902855));
#2260=CARTESIAN_POINT('',(-15.301000928,-195.623705374,304.202691487));
#2261=CARTESIAN_POINT('',(-13.543507878,-195.7483041,305.192034902));
#2262=CARTESIAN_POINT('',(-12.664761352,-195.810603463,305.686706609));
#2263=CARTESIAN_POINT('',(-11.786163153,-195.914835802,306.177138419));
#2264=CARTESIAN_POINT('',(-10.908113168,-196.059362291,306.664213338));
#2265=CARTESIAN_POINT('',(-10.469088175,-196.131625536,306.907750797));
#2266=CARTESIAN_POINT('',(-10.030199002,-196.213970555,307.150445968));
#2267=CARTESIAN_POINT('',(-9.591482599,-196.306281291,307.392376641));
#2268=CARTESIAN_POINT('',(-9.152766195,-196.398592027,307.634307314));
#2269=CARTESIAN_POINT('',(-8.713386218,-196.501071137,307.87594192));
#2270=CARTESIAN_POINT('',(-8.276570581,-196.612804861,308.115587038));
#2271=CARTESIAN_POINT('',(-6.529308032,-197.059739756,309.074167513));
#2272=CARTESIAN_POINT('',(-4.825718941,-197.652083031,309.999965165));
#2273=CARTESIAN_POINT('',(-3.161613529,-198.37235983,310.898877289));
#2274=CARTESIAN_POINT('',(-1.497508118,-199.09263663,311.797789412));
#2275=CARTESIAN_POINT('',(0.127088541,-199.942475001,312.669057834));
#2276=CARTESIAN_POINT('',(1.71475857,-200.909447188,313.516198048));
#2277=B_SPLINE_CURVE_WITH_KNOTS('',3,(#2258,#2259,#2260,#2261,#2262,#2263,#2264,#2265,#2266,#2267,#2268,#2269,#2270,#2271,#2272,#2273,#2274,#2275,#2276),.UNSPECIFIED.,.F.,.F.,(4,3,3,3,3,3,4),(0.,0.006061758,0.009092637,0.010608076,0.012123516,0.018185274,0.024247032),.UNSPECIFIED.);
#2278=EDGE_CURVE('',#1079,#1227,#2277,.T.);
#2279=ORIENTED_EDGE('',*,*,#2278,.T.);
#2280=ORIENTED_EDGE('',*,*,#1233,.F.);
#2281=ORIENTED_EDGE('',*,*,#1577,.F.);
#2282=ORIENTED_EDGE('',*,*,#1035,.F.);
#2283=ORIENTED_EDGE('',*,*,#1157,.T.);
#2284=EDGE_LOOP('',(#2257,#2279,#2280,#2281,#2282,#2283));
#2285=FACE_BOUND('',#2284,.T.);
#2286=ADVANCED_FACE('',(#2285),#2256,.F.);
#2287=CARTESIAN_POINT('',(-6.6608848,-245.12863568,151.844367979));
#2288=CARTESIAN_POINT('',(-6.6608848,-244.180318348,151.629879114));
#2289=CARTESIAN_POINT('',(-6.756642785,-243.232024464,151.415395552));
#2290=CARTESIAN_POINT('',(-7.136004178,-241.371833103,150.994660508));
#2291=CARTESIAN_POINT('',(-7.419598206,-240.459981621,150.78841943));
#2292=CARTESIAN_POINT('',(-8.163742346,-238.707719674,150.392095685));
#2293=CARTESIAN_POINT('',(-8.624274058,-237.867352535,150.202022818));
#2294=CARTESIAN_POINT('',(-9.224973632,-236.990491009,150.00369571));
#2295=CARTESIAN_POINT('',(-9.286508062,-236.902778454,149.983857028));
#2296=CARTESIAN_POINT('',(-9.349025552,-236.815737695,149.964170291));
#2297=CARTESIAN_POINT('',(-6.6608848,-246.226162919,149.791252196));
#2298=CARTESIAN_POINT('',(-6.620465738,-245.252747961,149.571086791));
#2299=CARTESIAN_POINT('',(-6.680890319,-244.276544689,149.345327733));
#2300=CARTESIAN_POINT('',(-7.000917437,-242.357893782,148.89170866));
#2301=CARTESIAN_POINT('',(-7.260511068,-241.415498454,148.66386096));
#2302=CARTESIAN_POINT('',(-7.968335787,-239.602530892,148.215239017));
#2303=CARTESIAN_POINT('',(-8.416547425,-238.732008069,147.994476902));
#2304=CARTESIAN_POINT('',(-9.009786345,-237.823415948,147.757839641));
#2305=CARTESIAN_POINT('',(-9.070639378,-237.732526236,147.734093115));
#2306=CARTESIAN_POINT('',(-9.132545062,-237.64233054,147.710452609));
#2307=CARTESIAN_POINT('',(-6.52876638,-247.323663019,147.738187181));
#2308=CARTESIAN_POINT('',(-6.444648873,-246.326273619,147.51892554));
#2309=CARTESIAN_POINT('',(-6.466052425,-245.322831217,147.287569304));
#2310=CARTESIAN_POINT('',(-6.71890624,-243.346375407,146.810490769));
#2311=CARTESIAN_POINT('',(-6.950348617,-242.373421646,146.564782874));
#2312=CARTESIAN_POINT('',(-7.613374556,-240.499294749,146.069431485));
#2313=CARTESIAN_POINT('',(-8.044937882,-239.598178146,145.819802861));
#2314=CARTESIAN_POINT('',(-8.625918507,-238.657282,145.545887841));
#2315=CARTESIAN_POINT('',(-8.685606845,-238.563156383,145.518326285));
#2316=CARTESIAN_POINT('',(-8.746417687,-238.469746213,145.490813773));
#2317=CARTESIAN_POINT('',(-6.005356992,-249.47654014,143.710855703));
#2318=CARTESIAN_POINT('',(-5.832473232,-248.434352759,143.50929077));
#2319=CARTESIAN_POINT('',(-5.772914319,-247.378736288,143.280942477));
#2320=CARTESIAN_POINT('',(-5.883143031,-245.289928548,142.781355375));
#2321=CARTESIAN_POINT('',(-6.052926372,-244.256813889,142.510134897));
#2322=CARTESIAN_POINT('',(-6.613829163,-242.261386064,141.937489507));
#2323=CARTESIAN_POINT('',(-7.004927826,-241.29914606,141.636085523));
#2324=CARTESIAN_POINT('',(-7.552714507,-240.293491199,141.29193496));
#2325=CARTESIAN_POINT('',(-7.609191038,-240.19287611,141.257152665));
#2326=CARTESIAN_POINT('',(-7.666922118,-240.093017173,141.222279748));
#2327=CARTESIAN_POINT('',(-5.614078967,-250.531863927,141.736688824));
#2328=CARTESIAN_POINT('',(-5.3961311,-249.468855221,141.551943862));
#2329=CARTESIAN_POINT('',(-5.294631243,-248.388305406,141.332226471));
#2330=CARTESIAN_POINT('',(-5.329405546,-246.244952544,140.833636166));
#2331=CARTESIAN_POINT('',(-5.465678017,-245.182235737,140.554783417));
#2332=CARTESIAN_POINT('',(-5.969249301,-243.126666067,139.95160606));
#2333=CARTESIAN_POINT('',(-6.336527574,-242.133895879,139.627305699));
#2334=CARTESIAN_POINT('',(-6.863374712,-241.095785564,139.250206535));
#2335=CARTESIAN_POINT('',(-6.917803746,-240.991916829,139.212019403));
#2336=CARTESIAN_POINT('',(-6.97354953,-240.888823521,139.173658907));
#2337=CARTESIAN_POINT('',(-4.875457464,-251.990802991,139.007489298));
#2338=CARTESIAN_POINT('',(-4.596610123,-250.90042569,138.85926888));
#2339=CARTESIAN_POINT('',(-4.437055633,-249.786118407,138.663351485));
#2340=CARTESIAN_POINT('',(-4.364831637,-247.567715006,138.18634161));
#2341=CARTESIAN_POINT('',(-4.452165388,-246.463720597,137.905271019));
#2342=CARTESIAN_POINT('',(-4.869157787,-244.323677728,137.272648138));
#2343=CARTESIAN_POINT('',(-5.198797265,-243.287727377,136.921124848));
#2344=CARTESIAN_POINT('',(-5.690538016,-242.203587515,136.501232898));
#2345=CARTESIAN_POINT('',(-5.741505462,-242.095102867,136.458592094));
#2346=CARTESIAN_POINT('',(-5.793865522,-241.987419742,136.415639298));
#2347=CARTESIAN_POINT('',(-4.626686088,-252.427788729,138.190031395));
#2348=CARTESIAN_POINT('',(-4.329795991,-251.329410629,138.054607187));
#2349=CARTESIAN_POINT('',(-4.152844918,-250.205090768,137.867479051));
#2350=CARTESIAN_POINT('',(-4.048201662,-247.964256258,137.399760532));
#2351=CARTESIAN_POINT('',(-4.120514411,-246.847848253,137.119192439));
#2352=CARTESIAN_POINT('',(-4.510555856,-244.682317096,136.47953756));
#2353=CARTESIAN_POINT('',(-4.828265938,-243.633296997,136.120481219));
#2354=CARTESIAN_POINT('',(-5.308633495,-242.535207797,135.688158555));
#2355=CARTESIAN_POINT('',(-5.358476195,-242.42532409,135.644219316));
#2356=CARTESIAN_POINT('',(-5.40973282,-242.316249646,135.599923169));
#2357=CARTESIAN_POINT('',(-4.355441658,-252.855228963,137.390430017));
#2358=CARTESIAN_POINT('',(-4.041385432,-251.749195109,137.269402419));
#2359=CARTESIAN_POINT('',(-3.847666564,-250.615158653,137.092566044));
#2360=CARTESIAN_POINT('',(-3.711379638,-248.352397385,136.636836765));
#2361=CARTESIAN_POINT('',(-3.768818318,-247.223784349,136.357966373));
#2362=CARTESIAN_POINT('',(-4.131755752,-245.03311723,135.713292425));
#2363=CARTESIAN_POINT('',(-4.437236581,-243.971171362,135.347520715));
#2364=CARTESIAN_POINT('',(-4.905677958,-242.859272764,134.903452622));
#2365=CARTESIAN_POINT('',(-4.954337709,-242.748003875,134.858281477));
#2366=CARTESIAN_POINT('',(-5.004430263,-242.637551784,134.812705992));
#2367=B_SPLINE_SURFACE_WITH_KNOTS('',3,3,((#2287,#2288,#2289,#2290,#2291,#2292,#2293,#2294,#2295,#2296),(#2297,#2298,#2299,#2300,#2301,#2302,#2303,#2304,#2305,#2306),(#2307,#2308,#2309,#2310,#2311,#2312,#2313,#2314,#2315,#2316),(#2317,#2318,#2319,#2320,#2321,#2322,#2323,#2324,#2325,#2326),(#2327,#2328,#2329,#2330,#2331,#2332,#2333,#2334,#2335,#2336),(#2337,#2338,#2339,#2340,#2341,#2342,#2343,#2344,#2345,#2346),(#2347,#2348,#2349,#2350,#2351,#2352,#2353,#2354,#2355,#2356),(#2357,#2358,#2359,#2360,#2361,#2362,#2363,#2364,#2365,#2366)),.UNSPECIFIED.,.F.,.F.,.U.,(4,2,2,4),(4,2,2,2,4),(4.71238898,4.908738521,5.105088062,5.19125019),(0.,0.125,0.25,0.375,0.389008372),.UNSPECIFIED.);
#2368=CARTESIAN_POINT('',(-9.34901811,-236.81573261,149.964169141));
#2369=VERTEX_POINT('',#2368);
#2370=CARTESIAN_POINT('',(-21.516094088,-245.12863568,151.844367979));
#2371=DIRECTION('',(-0.,-0.220606011,-0.975363003));
#2372=DIRECTION('',(0.,0.975363003,-0.220606011));
#2373=AXIS2_PLACEMENT_3D('',#2370,#2371,#2372);
#2374=CIRCLE('',#2373,14.855209288);
#2375=EDGE_CURVE('',#2369,#931,#2374,.T.);
#2376=ORIENTED_EDGE('',*,*,#2375,.F.);
#2377=CARTESIAN_POINT('',(-9.34901811,-236.81573261,149.964169141));
#2378=CARTESIAN_POINT('',(-8.968781463,-237.475276529,149.508708538));
#2379=CARTESIAN_POINT('',(-8.63190242,-238.137188891,149.035714177));
#2380=CARTESIAN_POINT('',(-8.32359901,-238.801381912,148.552110253));
#2381=CARTESIAN_POINT('',(-8.015295601,-239.465574933,148.068506329));
#2382=CARTESIAN_POINT('',(-7.735946005,-240.132017631,147.574071999));
#2383=CARTESIAN_POINT('',(-7.47749581,-240.800230974,147.072013104));
#2384=CARTESIAN_POINT('',(-6.960595421,-242.13665766,146.067895315));
#2385=CARTESIAN_POINT('',(-6.526059095,-243.480188372,145.033894915));
#2386=CARTESIAN_POINT('',(-6.141823191,-244.825768341,143.978634646));
#2387=CARTESIAN_POINT('',(-5.94970524,-245.498558325,143.451004512));
#2388=CARTESIAN_POINT('',(-5.77060784,-246.171848081,142.91783078));
#2389=CARTESIAN_POINT('',(-5.602412598,-246.844940877,142.379206103));
#2390=CARTESIAN_POINT('',(-5.434217356,-247.518033672,141.840581427));
#2391=CARTESIAN_POINT('',(-5.276892799,-248.191179833,141.296289212));
#2392=CARTESIAN_POINT('',(-5.129424681,-248.86190586,140.747432512));
#2393=CARTESIAN_POINT('',(-4.834488445,-250.203357913,139.649719112));
#2394=CARTESIAN_POINT('',(-4.577988346,-251.536612378,138.532869019));
#2395=CARTESIAN_POINT('',(-4.355518738,-252.855244077,137.390401745));
#2396=B_SPLINE_CURVE_WITH_KNOTS('',3,(#2377,#2378,#2379,#2380,#2381,#2382,#2383,#2384,#2385,#2386,#2387,#2388,#2389,#2390,#2391,#2392,#2393,#2394,#2395),.UNSPECIFIED.,.F.,.F.,(4,3,3,3,3,3,4),(0.,0.002624035,0.005248069,0.010496138,0.013120173,0.015744207,0.020992276),.UNSPECIFIED.);
#2397=EDGE_CURVE('',#2369,#1283,#2396,.T.);
#2398=ORIENTED_EDGE('',*,*,#2397,.T.);
#2399=ORIENTED_EDGE('',*,*,#1289,.F.);
#2400=EDGE_LOOP('',(#2376,#2398,#2399));
#2401=FACE_BOUND('',#2400,.T.);
#2402=ADVANCED_FACE('',(#2401),#2367,.F.);
#2403=CARTESIAN_POINT('',(1.71480341,-200.909469889,313.516155258));
#2404=CARTESIAN_POINT('',(1.489971375,-200.312622315,313.62147614));
#2405=CARTESIAN_POINT('',(1.239850034,-199.730668972,313.757195745));
#2406=CARTESIAN_POINT('',(0.69328084,-198.606443222,314.087125405));
#2407=CARTESIAN_POINT('',(0.39683563,-198.064176254,314.281333863));
#2408=CARTESIAN_POINT('',(-0.237336506,-197.028551964,314.72493674));
#2409=CARTESIAN_POINT('',(-0.575060364,-196.535199652,314.974329014));
#2410=CARTESIAN_POINT('',(-1.28604251,-195.605801029,315.524055827));
#2411=CARTESIAN_POINT('',(-1.659297358,-195.169759214,315.824387708));
#2412=CARTESIAN_POINT('',(-2.434989514,-194.362402704,316.470883065));
#2413=CARTESIAN_POINT('',(-2.837423069,-193.991091915,316.817043412));
#2414=CARTESIAN_POINT('',(-3.664624076,-193.319517055,317.549305034));
#2415=CARTESIAN_POINT('',(-4.089387527,-193.019256233,317.935402766));
#2416=CARTESIAN_POINT('',(-4.954019718,-192.494891849,318.74096875));
#2417=CARTESIAN_POINT('',(-5.393884275,-192.270790823,319.160433106));
#2418=CARTESIAN_POINT('',(-6.281233027,-191.902560544,320.025594018));
#2419=CARTESIAN_POINT('',(-6.728712931,-191.758433072,320.471286389));
#2420=CARTESIAN_POINT('',(-7.176194998,-191.655518274,320.926302489));
#2421=CARTESIAN_POINT('',(0.914001831,-201.387064837,312.615916583));
#2422=CARTESIAN_POINT('',(0.681042828,-200.776063174,312.702707867));
#2423=CARTESIAN_POINT('',(0.420162674,-200.180017182,312.820022743));
#2424=CARTESIAN_POINT('',(-0.152835584,-199.028361683,313.113613939));
#2425=CARTESIAN_POINT('',(-0.464950705,-198.472758178,313.289888711));
#2426=CARTESIAN_POINT('',(-1.134906448,-197.41181047,313.698268982));
#2427=CARTESIAN_POINT('',(-1.492743584,-196.906471797,313.930372335));
#2428=CARTESIAN_POINT('',(-2.247824887,-195.954988121,314.446291451));
#2429=CARTESIAN_POINT('',(-2.645065128,-195.508848077,314.730104505));
#2430=CARTESIAN_POINT('',(-3.471939579,-194.683649866,315.344410083));
#2431=CARTESIAN_POINT('',(-3.90156949,-194.304596,315.674899384));
#2432=CARTESIAN_POINT('',(-4.785639256,-193.620272947,316.376699022));
#2433=CARTESIAN_POINT('',(-5.240074517,-193.315007328,316.748005681));
#2434=CARTESIAN_POINT('',(-6.165733691,-192.78365983,317.524859817));
#2435=CARTESIAN_POINT('',(-6.636952794,-192.557580723,317.930403224));
#2436=CARTESIAN_POINT('',(-7.58786247,-192.188606245,318.768545307));
#2437=CARTESIAN_POINT('',(-8.067548101,-192.045712799,319.201139594));
#2438=CARTESIAN_POINT('',(-8.547236225,-191.945676359,319.643429641));
#2439=CARTESIAN_POINT('',(0.156180936,-201.910579263,311.629122365));
#2440=CARTESIAN_POINT('',(-0.082180274,-201.28421606,311.696212513));
#2441=CARTESIAN_POINT('',(-0.351309986,-200.672819058,311.793847083));
#2442=CARTESIAN_POINT('',(-0.946152748,-199.491207557,312.048389669));
#2443=CARTESIAN_POINT('',(-1.271862433,-198.920999743,312.205296219));
#2444=CARTESIAN_POINT('',(-1.97386715,-197.83227183,312.5754725));
#2445=CARTESIAN_POINT('',(-2.350158215,-197.31375789,312.78874011));
#2446=CARTESIAN_POINT('',(-3.146399006,-196.337970744,313.267688864));
#2447=CARTESIAN_POINT('',(-3.566344236,-195.88070306,313.533367269));
#2448=CARTESIAN_POINT('',(-4.442165215,-195.035833632,314.112221617));
#2449=CARTESIAN_POINT('',(-4.898036022,-194.64823667,314.425394256));
#2450=CARTESIAN_POINT('',(-5.837320475,-193.949851184,315.093445551));
#2451=CARTESIAN_POINT('',(-6.320728822,-193.639066612,315.448320398));
#2452=CARTESIAN_POINT('',(-7.306195127,-193.100034362,316.193215987));
#2453=CARTESIAN_POINT('',(-7.808247526,-192.871789736,316.583232486));
#2454=CARTESIAN_POINT('',(-8.821766406,-192.502046437,317.391203722));
#2455=CARTESIAN_POINT('',(-9.333227172,-192.36054986,317.809153858));
#2456=CARTESIAN_POINT('',(-9.844690821,-192.263732369,318.237211998));
#2457=CARTESIAN_POINT('',(-1.516154842,-203.245414765,309.113035149));
#2458=CARTESIAN_POINT('',(-1.75998425,-202.580443736,309.13218375));
#2459=CARTESIAN_POINT('',(-2.041839451,-201.93025757,309.181504698));
#2460=CARTESIAN_POINT('',(-2.675871226,-200.672667386,309.339455951));
#2461=CARTESIAN_POINT('',(-3.028043427,-200.065272042,309.448085122));
#2462=CARTESIAN_POINT('',(-3.795547491,-198.905623107,309.722407752));
#2463=CARTESIAN_POINT('',(-4.210874069,-198.353377514,309.888099272));
#2464=CARTESIAN_POINT('',(-5.096245674,-197.315265743,310.273138612));
#2465=CARTESIAN_POINT('',(-5.566284611,-196.829406725,310.492483728));
#2466=CARTESIAN_POINT('',(-6.551531334,-195.93395581,310.980329185));
#2467=CARTESIAN_POINT('',(-7.066732345,-195.524370092,311.24882611));
#2468=CARTESIAN_POINT('',(-8.131838738,-194.789802896,311.829473052));
#2469=CARTESIAN_POINT('',(-8.681736798,-194.464826488,312.141619013));
#2470=CARTESIAN_POINT('',(-9.805069923,-193.906095248,312.803173196));
#2471=CARTESIAN_POINT('',(-10.378497269,-193.672344275,313.152576803));
#2472=CARTESIAN_POINT('',(-11.537244912,-193.300827121,313.881497151));
#2473=CARTESIAN_POINT('',(-12.122557248,-193.163063511,314.261008812));
#2474=CARTESIAN_POINT('',(-12.707873606,-193.074698471,314.651696221));
#2475=CARTESIAN_POINT('',(-2.38651511,-204.09192091,307.517420344));
#2476=CARTESIAN_POINT('',(-2.627727865,-203.402878846,307.507848823));
#2477=CARTESIAN_POINT('',(-2.911567529,-202.72835343,307.527900767));
#2478=CARTESIAN_POINT('',(-3.558361869,-201.422876582,307.626778435));
#2479=CARTESIAN_POINT('',(-3.921311506,-200.791935271,307.705603325));
#2480=CARTESIAN_POINT('',(-4.718480556,-199.587246432,307.920280003));
#2481=CARTESIAN_POINT('',(-5.152693779,-199.01350824,308.056130051));
#2482=CARTESIAN_POINT('',(-6.083014785,-197.935610475,308.381874925));
#2483=CARTESIAN_POINT('',(-6.579115359,-197.431459256,308.571767144));
#2484=CARTESIAN_POINT('',(-7.622507442,-196.50361917,309.001444329));
#2485=CARTESIAN_POINT('',(-8.169790875,-196.079937496,309.24122588));
#2486=CARTESIAN_POINT('',(-9.303746562,-195.322185227,309.765450345));
#2487=CARTESIAN_POINT('',(-9.890410046,-194.98812051,310.049889107));
#2488=CARTESIAN_POINT('',(-11.090478609,-194.416819219,310.657231064));
#2489=CARTESIAN_POINT('',(-11.703874412,-194.179587082,310.980129461));
#2490=CARTESIAN_POINT('',(-12.944186682,-193.807081132,311.657362803));
#2491=CARTESIAN_POINT('',(-13.571093567,-193.671810221,312.011692407));
#2492=CARTESIAN_POINT('',(-14.198005295,-193.588984903,312.377887101));
#2493=CARTESIAN_POINT('',(-3.903648916,-205.904243763,304.101297269));
#2494=CARTESIAN_POINT('',(-4.127297286,-205.164956485,304.035846754));
#2495=CARTESIAN_POINT('',(-4.403446134,-204.439128222,303.997857224));
#2496=CARTESIAN_POINT('',(-5.054013908,-203.032032041,303.977685522));
#2497=CARTESIAN_POINT('',(-5.428426385,-202.350778019,303.995503488));
#2498=CARTESIAN_POINT('',(-6.266397581,-201.049415504,304.086471216));
#2499=CARTESIAN_POINT('',(-6.729948013,-200.429319862,304.159620012));
#2500=CARTESIAN_POINT('',(-7.734908924,-199.265370401,304.359422886));
#2501=CARTESIAN_POINT('',(-8.276309479,-198.721528077,304.486074917));
#2502=CARTESIAN_POINT('',(-9.423796083,-197.723326264,304.789752148));
#2503=CARTESIAN_POINT('',(-10.029870811,-197.268976635,304.966774269));
#2504=CARTESIAN_POINT('',(-11.291962541,-196.460824553,305.366831073));
#2505=CARTESIAN_POINT('',(-11.947967097,-196.107030087,305.589861723));
#2506=CARTESIAN_POINT('',(-13.293964215,-195.508607415,306.076453459));
#2507=CARTESIAN_POINT('',(-13.983943509,-195.26398513,306.340009656));
#2508=CARTESIAN_POINT('',(-15.381111707,-194.889871354,306.901183067));
#2509=CARTESIAN_POINT('',(-16.088286842,-194.760383574,307.198794655));
#2510=CARTESIAN_POINT('',(-16.795468946,-194.690043721,307.509787496));
#2511=CARTESIAN_POINT('',(-4.55038494,-206.870015657,302.280873469));
#2512=CARTESIAN_POINT('',(-4.759079476,-206.104558597,302.18827326));
#2513=CARTESIAN_POINT('',(-5.02554691,-205.351770145,302.121518415));
#2514=CARTESIAN_POINT('',(-5.667114238,-203.890946587,302.041382176));
#2515=CARTESIAN_POINT('',(-6.042206937,-203.182927711,302.028001591));
#2516=CARTESIAN_POINT('',(-6.8913065,-201.829934121,302.054912353));
#2517=CARTESIAN_POINT('',(-7.365303884,-201.184974435,302.095203304));
#2518=CARTESIAN_POINT('',(-8.399949915,-199.974760198,302.228361128));
#2519=CARTESIAN_POINT('',(-8.960587039,-199.409519089,302.321226411));
#2520=CARTESIAN_POINT('',(-10.154021084,-198.373344605,302.557072244));
#2521=CARTESIAN_POINT('',(-10.786804735,-197.90242274,302.700050053));
#2522=CARTESIAN_POINT('',(-12.108184883,-197.067055361,303.032360772));
#2523=CARTESIAN_POINT('',(-12.796766703,-196.702619132,303.221689863));
#2524=CARTESIAN_POINT('',(-14.211961316,-196.089644603,303.641742185));
#2525=CARTESIAN_POINT('',(-14.938558401,-195.841113126,303.872460618));
#2526=CARTESIAN_POINT('',(-16.411024018,-195.466380144,304.369259561));
#2527=CARTESIAN_POINT('',(-17.156876213,-195.340182823,304.635334419));
#2528=CARTESIAN_POINT('',(-17.902736682,-195.276788879,304.915617385));
#2529=CARTESIAN_POINT('',(-5.595404881,-208.883760916,298.485080883));
#2530=CARTESIAN_POINT('',(-5.762347311,-208.065393171,298.343702376));
#2531=CARTESIAN_POINT('',(-5.99794344,-207.257414933,298.223511457));
#2532=CARTESIAN_POINT('',(-6.599569936,-205.685679493,298.028955546));
#2533=CARTESIAN_POINT('',(-6.965591763,-204.921944436,297.95459322));
#2534=CARTESIAN_POINT('',(-7.81740572,-203.46089518,297.853812357));
#2535=CARTESIAN_POINT('',(-8.303185803,-202.763601562,297.82739515));
#2536=CARTESIAN_POINT('',(-9.380380946,-201.455703273,297.823221437));
#2537=CARTESIAN_POINT('',(-9.971780802,-200.845117025,297.845464887));
#2538=CARTESIAN_POINT('',(-11.243018947,-199.728382448,297.937909031));
#2539=CARTESIAN_POINT('',(-11.922839314,-199.222249851,298.00810831));
#2540=CARTESIAN_POINT('',(-13.351159368,-198.329138047,298.194362193));
#2541=CARTESIAN_POINT('',(-14.099638936,-197.942171427,298.310414054));
#2542=CARTESIAN_POINT('',(-15.643528431,-197.298647022,298.584935274));
#2543=CARTESIAN_POINT('',(-16.438916621,-197.042098315,298.743400643));
#2544=CARTESIAN_POINT('',(-18.05351477,-196.666878833,299.098076502));
#2545=CARTESIAN_POINT('',(-18.872702002,-196.548213364,299.29428187));
#2546=CARTESIAN_POINT('',(-19.691900764,-196.500219887,299.506474921));
#2547=CARTESIAN_POINT('',(-5.993662958,-209.931684487,296.509805955));
#2548=CARTESIAN_POINT('',(-6.133802229,-209.086580584,296.346810085));
#2549=CARTESIAN_POINT('',(-6.348202827,-208.250376474,296.201957566));
#2550=CARTESIAN_POINT('',(-6.918877847,-206.621462315,295.952961314));
#2551=CARTESIAN_POINT('',(-7.275143132,-205.828777996,295.848821436));
#2552=CARTESIAN_POINT('',(-8.118533581,-204.311307049,295.684414409));
#2553=CARTESIAN_POINT('',(-8.605645327,-203.586544383,295.624149748));
#2554=CARTESIAN_POINT('',(-9.695698327,-202.227227705,295.549293217));
#2555=CARTESIAN_POINT('',(-10.298622295,-201.592695155,295.534702394));
#2556=CARTESIAN_POINT('',(-11.60171524,-200.433372882,295.55157648));
#2557=CARTESIAN_POINT('',(-12.301863591,-199.908601464,295.583040965));
#2558=CARTESIAN_POINT('',(-13.777837569,-198.984959849,295.690982091));
#2559=CARTESIAN_POINT('',(-14.553639861,-198.586104243,295.767456852));
#2560=CARTESIAN_POINT('',(-16.157032776,-197.926581331,295.962983088));
#2561=CARTESIAN_POINT('',(-16.984598066,-197.665924455,296.082031291));
#2562=CARTESIAN_POINT('',(-18.666039737,-197.290837795,296.358954662));
#2563=CARTESIAN_POINT('',(-19.519889561,-197.176413962,296.516825267));
#2564=CARTESIAN_POINT('',(-20.373752869,-197.136875484,296.691636321));
#2565=CARTESIAN_POINT('',(-6.526409504,-212.069465052,292.480214039));
#2566=CARTESIAN_POINT('',(-6.603034865,-211.171775128,292.28345849));
#2567=CARTESIAN_POINT('',(-6.764963584,-210.279179467,292.097069959));
#2568=CARTESIAN_POINT('',(-7.253805735,-208.534852563,291.75140551));
#2569=CARTESIAN_POINT('',(-7.580709372,-207.68315586,291.592136362));
#2570=CARTESIAN_POINT('',(-8.388201592,-206.049961537,291.306156872));
#2571=CARTESIAN_POINT('',(-8.868774097,-205.268496248,291.179452089));
#2572=CARTESIAN_POINT('',(-9.96702249,-203.80267942,290.962913806));
#2573=CARTESIAN_POINT('',(-10.584676567,-203.118356897,290.873084467));
#2574=CARTESIAN_POINT('',(-11.935795446,-201.870395827,290.733329336));
#2575=CARTESIAN_POINT('',(-12.669233452,-201.306781986,290.683406163));
#2576=CARTESIAN_POINT('',(-14.226648629,-200.319654506,290.625113211));
#2577=CARTESIAN_POINT('',(-15.05059494,-199.896160414,290.616744423));
#2578=CARTESIAN_POINT('',(-16.760644833,-199.2038677,290.641773197));
#2579=CARTESIAN_POINT('',(-17.646714549,-198.935082799,290.675170091));
#2580=CARTESIAN_POINT('',(-19.450494199,-198.561481305,290.782501375));
#2581=CARTESIAN_POINT('',(-20.36816842,-198.456672135,290.856433462));
#2582=CARTESIAN_POINT('',(-21.285860808,-198.435662914,290.94932131));
#2583=CARTESIAN_POINT('',(-6.6608848,-213.159269184,290.42599669));
#2584=CARTESIAN_POINT('',(-6.700795922,-212.235734079,290.217113029));
#2585=CARTESIAN_POINT('',(-6.831443279,-211.314976449,290.013862307));
#2586=CARTESIAN_POINT('',(-7.269393301,-209.512421234,289.625990413));
#2587=CARTESIAN_POINT('',(-7.576686116,-208.630663417,289.441377745));
#2588=CARTESIAN_POINT('',(-8.356693258,-206.938170124,289.097464633));
#2589=CARTESIAN_POINT('',(-8.829390218,-206.127471975,288.938171669));
#2590=CARTESIAN_POINT('',(-9.922969081,-204.606573998,288.650640253));
#2591=CARTESIAN_POINT('',(-10.543826731,-203.896407706,288.52240799));
#2592=CARTESIAN_POINT('',(-11.911114603,-202.602395027,288.301593835));
#2593=CARTESIAN_POINT('',(-12.657514566,-202.018577173,288.209016619));
#2594=CARTESIAN_POINT('',(-14.248720205,-200.998492932,288.06279819));
#2595=CARTESIAN_POINT('',(-15.09349071,-200.562249047,288.009159977));
#2596=CARTESIAN_POINT('',(-16.850702,-199.853184886,287.942679216));
#2597=CARTESIAN_POINT('',(-17.763103974,-199.580380269,287.929837888));
#2598=CARTESIAN_POINT('',(-19.62238906,-199.208131992,287.945320945));
#2599=CARTESIAN_POINT('',(-20.569231123,-199.108696582,287.973644731));
#2600=CARTESIAN_POINT('',(-21.516094088,-199.097762631,288.021986889));
#2601=CARTESIAN_POINT('',(-6.6608848,-214.249100265,288.371728546));
#2602=CARTESIAN_POINT('',(-6.6608848,-213.300782933,288.15723968));
#2603=CARTESIAN_POINT('',(-6.756642785,-212.352489049,287.942756119));
#2604=CARTESIAN_POINT('',(-7.136004178,-210.492297688,287.522021075));
#2605=CARTESIAN_POINT('',(-7.419598206,-209.580446206,287.315779996));
#2606=CARTESIAN_POINT('',(-8.163742346,-207.828184259,286.919456251));
#2607=CARTESIAN_POINT('',(-8.624274058,-206.987817121,286.729383384));
#2608=CARTESIAN_POINT('',(-9.704603904,-205.410823031,286.372701437));
#2609=CARTESIAN_POINT('',(-10.324375324,-204.674235074,286.206101176));
#2610=CARTESIAN_POINT('',(-11.699374405,-203.333111841,285.902768114));
#2611=CARTESIAN_POINT('',(-12.454568066,-202.728609727,285.766042813));
#2612=CARTESIAN_POINT('',(-14.071395939,-201.674895964,285.527715555));
#2613=CARTESIAN_POINT('',(-14.932990171,-201.225710371,285.426119491));
#2614=CARTESIAN_POINT('',(-16.729513047,-200.499899707,285.261956821));
#2615=CARTESIAN_POINT('',(-17.664397268,-200.223292584,285.199394274));
#2616=CARTESIAN_POINT('',(-19.571575781,-199.853277517,285.11570487));
#2617=CARTESIAN_POINT('',(-20.543822914,-199.759878721,285.094580083));
#2618=CARTESIAN_POINT('',(-21.516094088,-199.759878721,285.094580083));
#2619=B_SPLINE_SURFACE_WITH_KNOTS('',3,3,((#2403,#2404,#2405,#2406,#2407,#2408,#2409,#2410,#2411,#2412,#2413,#2414,#2415,#2416,#2417,#2418,#2419,#2420),(#2421,#2422,#2423,#2424,#2425,#2426,#2427,#2428,#2429,#2430,#2431,#2432,#2433,#2434,#2435,#2436,#2437,#2438),(#2439,#2440,#2441,#2442,#2443,#2444,#2445,#2446,#2447,#2448,#2449,#2450,#2451,#2452,#2453,#2454,#2455,#2456),(#2457,#2458,#2459,#2460,#2461,#2462,#2463,#2464,#2465,#2466,#2467,#2468,#2469,#2470,#2471,#2472,#2473,#2474),(#2475,#2476,#2477,#2478,#2479,#2480,#2481,#2482,#2483,#2484,#2485,#2486,#2487,#2488,#2489,#2490,#2491,#2492),(#2493,#2494,#2495,#2496,#2497,#2498,#2499,#2500,#2501,#2502,#2503,#2504,#2505,#2506,#2507,#2508,#2509,#2510),(#2511,#2512,#2513,#2514,#2515,#2516,#2517,#2518,#2519,#2520,#2521,#2522,#2523,#2524,#2525,#2526,#2527,#2528),(#2529,#2530,#2531,#2532,#2533,#2534,#2535,#2536,#2537,#2538,#2539,#2540,#2541,#2542,#2543,#2544,#2545,#2546),(#2547,#2548,#2549,#2550,#2551,#2552,#2553,#2554,#2555,#2556,#2557,#2558,#2559,#2560,#2561,#2562,#2563,#2564),(#2565,#2566,#2567,#2568,#2569,#2570,#2571,#2572,#2573,#2574,#2575,#2576,#2577,#2578,#2579,#2580,#2581,#2582),(#2583,#2584,#2585,#2586,#2587,#2588,#2589,#2590,#2591,#2592,#2593,#2594,#2595,#2596,#2597,#2598,#2599,#2600),(#2601,#2602,#2603,#2604,#2605,#2606,#2607,#2608,#2609,#2610,#2611,#2612,#2613,#2614,#2615,#2616,#2617,#2618)),.UNSPECIFIED.,.F.,.F.,.U.,(4,2,2,2,2,4),(4,2,2,2,2,2,2,2,4),(0.641642367,0.785398163,0.981747704,1.178097245,1.374446786,1.570796327),(0.,0.125,0.25,0.375,0.5,0.625,0.75,0.875,1.),.UNSPECIFIED.);
#2620=ORIENTED_EDGE('',*,*,#1085,.F.);
#2621=ORIENTED_EDGE('',*,*,#1150,.F.);
#2622=CARTESIAN_POINT('',(-21.516094088,-214.249100265,288.371728546));
#2623=DIRECTION('',(0.,0.220606011,0.975363003));
#2624=DIRECTION('',(0.,-0.975363003,0.220606011));
#2625=AXIS2_PLACEMENT_3D('',#2622,#2623,#2624);
#2626=CIRCLE('',#2625,14.855209288);
#2627=EDGE_CURVE('',#923,#1132,#2626,.T.);
#2628=ORIENTED_EDGE('',*,*,#2627,.F.);
#2629=ORIENTED_EDGE('',*,*,#1240,.F.);
#2630=ORIENTED_EDGE('',*,*,#2278,.F.);
#2631=EDGE_LOOP('',(#2620,#2621,#2628,#2629,#2630));
#2632=FACE_BOUND('',#2631,.T.);
#2633=ADVANCED_FACE('',(#2632),#2619,.F.);
#2634=CARTESIAN_POINT('',(-21.516094088,-236.551518137,189.766286287));
#2635=DIRECTION('',(0.,-0.220606011,-0.975363003));
#2636=DIRECTION('',(0.,0.975363003,-0.220606011));
#2637=AXIS2_PLACEMENT_3D('',#2634,#2635,#2636);
#2638=CYLINDRICAL_SURFACE('',#2637,14.855209288);
#2639=ORIENTED_EDGE('',*,*,#2375,.T.);
#2640=ORIENTED_EDGE('',*,*,#936,.F.);
#2641=ORIENTED_EDGE('',*,*,#2627,.T.);
#2642=ORIENTED_EDGE('',*,*,#1137,.F.);
#2643=ORIENTED_EDGE('',*,*,#994,.F.);
#2644=CARTESIAN_POINT('',(-12.00456366,-233.373905949,152.090304546));
#2645=CARTESIAN_POINT('',(-11.723427661,-233.643603831,151.960151698));
#2646=CARTESIAN_POINT('',(-11.462217416,-233.91804743,151.812794014));
#2647=CARTESIAN_POINT('',(-11.216242637,-234.196765896,151.653327446));
#2648=CARTESIAN_POINT('',(-10.970267857,-234.475484361,151.493860878));
#2649=CARTESIAN_POINT('',(-10.739614087,-234.758485365,151.322191004));
#2650=CARTESIAN_POINT('',(-10.521459591,-235.045528089,151.141452332));
#2651=CARTESIAN_POINT('',(-10.085150599,-235.619613537,150.779974987));
#2652=CARTESIAN_POINT('',(-9.698370363,-236.209759577,150.382635349));
#2653=CARTESIAN_POINT('',(-9.34901811,-236.81573261,149.964169141));
#2654=B_SPLINE_CURVE_WITH_KNOTS('',3,(#2644,#2645,#2646,#2647,#2648,#2649,#2650,#2651,#2652,#2653),.UNSPECIFIED.,.F.,.F.,(4,3,3,4),(0.,0.001209818,0.002419636,0.004839271),.UNSPECIFIED.);
#2655=EDGE_CURVE('',#979,#2369,#2654,.T.);
#2656=ORIENTED_EDGE('',*,*,#2655,.T.);
#2657=EDGE_LOOP('',(#2639,#2640,#2641,#2642,#2643,#2656));
#2658=FACE_BOUND('',#2657,.T.);
#2659=ADVANCED_FACE('',(#2658),#2638,.F.);
#2660=CARTESIAN_POINT('',(218.491622506,-108.117892529,270.864303617));
#2661=DIRECTION('',(-1.,0.,0.));
#2662=DIRECTION('',(-0.,-1.,0.));
#2663=AXIS2_PLACEMENT_3D('',#2660,#2661,#2662);
#2664=CYLINDRICAL_SURFACE('',#2663,19.099344575);
#2665=CARTESIAN_POINT('',(-19.536279637,-127.217237104,270.864303617));
#2666=DIRECTION('',(1.,-0.,-0.));
#2667=VECTOR('',#2666,22.118614837);
#2668=LINE('',#2665,#2667);
#2669=EDGE_CURVE('',#1105,#212,#2668,.T.);
#2670=ORIENTED_EDGE('',*,*,#2669,.F.);
#2671=ORIENTED_EDGE('',*,*,#1111,.F.);
#2672=ORIENTED_EDGE('',*,*,#1118,.F.);
#2673=ORIENTED_EDGE('',*,*,#2669,.T.);
#2674=ORIENTED_EDGE('',*,*,#218,.T.);
#2675=EDGE_LOOP('',(#2670,#2671,#2672,#2673,#2674));
#2676=FACE_BOUND('',#2675,.T.);
#2677=ADVANCED_FACE('',(#2676),#2664,.F.);
#2678=CARTESIAN_POINT('',(-4.355518443,-252.855243481,137.390402036));
#2679=CARTESIAN_POINT('',(-4.448255959,-252.932194325,137.551648137));
#2680=CARTESIAN_POINT('',(-4.547092552,-253.007722995,137.710065081));
#2681=CARTESIAN_POINT('',(-4.756503827,-253.155584414,138.020503248));
#2682=CARTESIAN_POINT('',(-4.867078432,-253.227917111,138.172524359));
#2683=CARTESIAN_POINT('',(-5.099450869,-253.369049777,138.469463002));
#2684=CARTESIAN_POINT('',(-5.221248618,-253.437849697,138.614380426));
#2685=CARTESIAN_POINT('',(-5.475500225,-253.571596457,138.896436911));
#2686=CARTESIAN_POINT('',(-5.607953991,-253.636543249,139.033575871));
#2687=CARTESIAN_POINT('',(-5.882900899,-253.762281338,139.299436863));
#2688=CARTESIAN_POINT('',(-6.02539394,-253.82307259,139.4281588));
#2689=CARTESIAN_POINT('',(-6.319755916,-253.940216536,139.676586373));
#2690=CARTESIAN_POINT('',(-6.471624743,-253.996569187,139.79629192));
#2691=CARTESIAN_POINT('',(-6.784031152,-254.104573534,140.026129325));
#2692=CARTESIAN_POINT('',(-6.944568621,-254.15622519,140.136261099));
#2693=CARTESIAN_POINT('',(-7.273564808,-254.254587037,140.346438145));
#2694=CARTESIAN_POINT('',(-7.442023409,-254.301297193,140.446483341));
#2695=CARTESIAN_POINT('',(-7.786077474,-254.389558541,140.636021384));
#2696=CARTESIAN_POINT('',(-7.961672815,-254.431109701,140.725514162));
#2697=CARTESIAN_POINT('',(-8.319182743,-254.508859578,140.893530658));
#2698=CARTESIAN_POINT('',(-8.501097201,-254.545058268,140.972054315));
#2699=CARTESIAN_POINT('',(-8.870398321,-254.61193465,141.117766931));
#2700=CARTESIAN_POINT('',(-9.05778485,-254.642612317,141.184955837));
#2701=CARTESIAN_POINT('',(-9.437157591,-254.698303808,141.307686093));
#2702=CARTESIAN_POINT('',(-9.629143666,-254.72331761,141.363227398));
#2703=CARTESIAN_POINT('',(-10.016821558,-254.767564893,141.462403827));
#2704=CARTESIAN_POINT('',(-10.212513236,-254.786798357,141.506038914));
#2705=CARTESIAN_POINT('',(-10.60669114,-254.819395405,141.581199722));
#2706=CARTESIAN_POINT('',(-10.805177223,-254.832758976,141.612725414));
#2707=CARTESIAN_POINT('',(-11.204019732,-254.853554007,141.66352063));
#2708=CARTESIAN_POINT('',(-11.404376013,-254.86098546,141.682790134));
#2709=CARTESIAN_POINT('',(-11.806026001,-254.869881647,141.708983241));
#2710=CARTESIAN_POINT('',(-12.007319563,-254.871346378,141.715906834));
#2711=CARTESIAN_POINT('',(-12.208613198,-254.869824338,141.716641351));
#2712=CARTESIAN_POINT('',(-4.199969603,-229.024282237,149.03452994));
#2713=CARTESIAN_POINT('',(-4.294250459,-229.099358349,149.191993259));
#2714=CARTESIAN_POINT('',(-4.394394215,-229.173010083,149.346623033));
#2715=CARTESIAN_POINT('',(-4.60595524,-229.317132549,149.649517936));
#2716=CARTESIAN_POINT('',(-4.717372436,-229.387603234,149.797782963));
#2717=CARTESIAN_POINT('',(-4.95097708,-229.525045623,150.087279345));
#2718=CARTESIAN_POINT('',(-5.073164449,-229.592017281,150.228510602));
#2719=CARTESIAN_POINT('',(-5.327757601,-229.722159435,150.50330217));
#2720=CARTESIAN_POINT('',(-5.460163299,-229.785329886,150.636862388));
#2721=CARTESIAN_POINT('',(-5.734595193,-229.9075846,150.895709229));
#2722=CARTESIAN_POINT('',(-5.876621296,-229.966668822,151.020995764));
#2723=CARTESIAN_POINT('',(-6.169652693,-230.080484495,151.262729935));
#2724=CARTESIAN_POINT('',(-6.320657889,-230.135215908,151.379177489));
#2725=CARTESIAN_POINT('',(-6.630965674,-230.240079028,151.602708283));
#2726=CARTESIAN_POINT('',(-6.790268158,-230.290210698,151.709791447));
#2727=CARTESIAN_POINT('',(-7.116451305,-230.385648153,151.914110305));
#2728=CARTESIAN_POINT('',(-7.283331856,-230.430953905,152.01134593));
#2729=CARTESIAN_POINT('',(-7.623917746,-230.516535119,152.19553099));
#2730=CARTESIAN_POINT('',(-7.797622969,-230.556810553,152.282480364));
#2731=CARTESIAN_POINT('',(-8.151074036,-230.632149427,152.445700618));
#2732=CARTESIAN_POINT('',(-8.330819759,-230.667212842,152.521971443));
#2733=CARTESIAN_POINT('',(-8.695540421,-230.731969492,152.663490476));
#2734=CARTESIAN_POINT('',(-8.880515235,-230.761662704,152.728738637));
#2735=CARTESIAN_POINT('',(-9.25485909,-230.815544992,152.847917953));
#2736=CARTESIAN_POINT('',(-9.444228005,-230.839734049,152.901849068));
#2737=CARTESIAN_POINT('',(-9.826505259,-230.882498902,152.998150963));
#2738=CARTESIAN_POINT('',(-10.01941347,-230.901074684,153.040521711));
#2739=CARTESIAN_POINT('',(-10.407898554,-230.932529189,153.1135117));
#2740=CARTESIAN_POINT('',(-10.603475296,-230.945407902,153.144130915));
#2741=CARTESIAN_POINT('',(-10.996414648,-230.965410173,153.193479686));
#2742=CARTESIAN_POINT('',(-11.193777125,-230.972533726,153.212209224));
#2743=CARTESIAN_POINT('',(-11.589397097,-230.980993547,153.237694126));
#2744=CARTESIAN_POINT('',(-11.787654459,-230.982329813,153.244449481));
#2745=CARTESIAN_POINT('',(-11.985911888,-230.980769428,153.245202504));
#2746=CARTESIAN_POINT('',(-4.037955813,-205.642899291,160.458987845));
#2747=CARTESIAN_POINT('',(-4.13359978,-205.716109607,160.612688432));
#2748=CARTESIAN_POINT('',(-4.234878308,-205.787897041,160.763558451));
#2749=CARTESIAN_POINT('',(-4.448260932,-205.928312084,161.058977297));
#2750=CARTESIAN_POINT('',(-4.560364961,-205.996939648,161.20352603));
#2751=CARTESIAN_POINT('',(-4.79490756,-206.130734634,161.48566973));
#2752=CARTESIAN_POINT('',(-4.917346055,-206.195902012,161.623264607));
#2753=CARTESIAN_POINT('',(-5.172021352,-206.322491456,161.890898461));
#2754=CARTESIAN_POINT('',(-5.304258073,-206.383913482,162.020937353));
#2755=CARTESIAN_POINT('',(-5.57795073,-206.502743444,162.27289018));
#2756=CARTESIAN_POINT('',(-5.719406578,-206.560151343,162.394804035));
#2757=CARTESIAN_POINT('',(-6.010918074,-206.670701848,162.629973294));
#2758=CARTESIAN_POINT('',(-6.160973627,-206.723844418,162.743228624));
#2759=CARTESIAN_POINT('',(-6.4690275,-206.825631729,162.960585233));
#2760=CARTESIAN_POINT('',(-6.62702572,-206.874276437,163.064686445));
#2761=CARTESIAN_POINT('',(-6.950273154,-206.96685517,163.263279283));
#2762=CARTESIAN_POINT('',(-7.115522263,-207.010789167,163.357770846));
#2763=CARTESIAN_POINT('',(-7.452547987,-207.093754241,163.536730908));
#2764=CARTESIAN_POINT('',(-7.624324493,-207.132785292,163.621199349));
#2765=CARTESIAN_POINT('',(-7.973652972,-207.205773696,163.779743547));
#2766=CARTESIAN_POINT('',(-8.151204833,-207.239731025,163.853819253));
#2767=CARTESIAN_POINT('',(-8.511306723,-207.302423405,163.991253839));
#2768=CARTESIAN_POINT('',(-8.693856638,-207.331158437,164.054612675));
#2769=CARTESIAN_POINT('',(-9.063155475,-207.383280497,164.170336277));
#2770=CARTESIAN_POINT('',(-9.249904281,-207.406667509,164.222701005));
#2771=CARTESIAN_POINT('',(-9.626783377,-207.447991205,164.31620725));
#2772=CARTESIAN_POINT('',(-9.816913547,-207.465927876,164.357348738));
#2773=CARTESIAN_POINT('',(-10.199723059,-207.496272414,164.428228473));
#2774=CARTESIAN_POINT('',(-10.392402279,-207.508680271,164.457966698));
#2775=CARTESIAN_POINT('',(-10.779466427,-207.527912899,164.505909774));
#2776=CARTESIAN_POINT('',(-10.973851232,-207.534737663,164.52411461));
#2777=CARTESIAN_POINT('',(-11.363475628,-207.54277425,164.548911239));
#2778=CARTESIAN_POINT('',(-11.558715094,-207.54398607,164.555503024));
#2779=CARTESIAN_POINT('',(-11.753954623,-207.542388771,164.55627386));
#2780=CARTESIAN_POINT('',(-3.677366497,-156.463269387,184.488815891));
#2781=CARTESIAN_POINT('',(-3.775566406,-156.532505756,184.634505899));
#2782=CARTESIAN_POINT('',(-3.878927936,-156.600329319,184.777385382));
#2783=CARTESIAN_POINT('',(-4.095550894,-156.732873472,185.05693898));
#2784=CARTESIAN_POINT('',(-4.208812261,-156.797594025,185.193613017));
#2785=CARTESIAN_POINT('',(-4.444770971,-156.923667429,185.460196643));
#2786=CARTESIAN_POINT('',(-4.567468248,-156.985020244,185.590106157));
#2787=CARTESIAN_POINT('',(-4.821796286,-157.104107224,185.842629347));
#2788=CARTESIAN_POINT('',(-4.953426975,-157.161841355,185.965242952));
#2789=CARTESIAN_POINT('',(-5.225082831,-157.273454828,186.202672786));
#2790=CARTESIAN_POINT('',(-5.365107922,-157.327334139,186.31748895));
#2791=CARTESIAN_POINT('',(-5.652979263,-157.431017606,186.538854274));
#2792=CARTESIAN_POINT('',(-5.800825433,-157.480821734,186.645403371));
#2793=CARTESIAN_POINT('',(-6.10373365,-157.576151142,186.849798757));
#2794=CARTESIAN_POINT('',(-6.258795612,-157.621676397,186.947644989));
#2795=CARTESIAN_POINT('',(-6.575500637,-157.708261874,187.134234439));
#2796=CARTESIAN_POINT('',(-6.737143612,-157.749322072,187.222977606));
#2797=CARTESIAN_POINT('',(-7.06634899,-157.826809514,187.390997964));
#2798=CARTESIAN_POINT('',(-7.233911302,-157.863236736,187.470275109));
#2799=CARTESIAN_POINT('',(-7.57426949,-157.931309257,187.619039177));
#2800=CARTESIAN_POINT('',(-7.747065271,-157.962954537,187.68852606));
#2801=CARTESIAN_POINT('',(-8.097183144,-158.021333762,187.817425407));
#2802=CARTESIAN_POINT('',(-8.274505138,-158.048067692,187.876837835));
#2803=CARTESIAN_POINT('',(-8.632949687,-158.096514894,187.985345277));
#2804=CARTESIAN_POINT('',(-8.814072141,-158.118228153,188.034440261));
#2805=CARTESIAN_POINT('',(-9.179376326,-158.156545226,188.12211202));
#2806=CARTESIAN_POINT('',(-9.363557954,-158.17314903,188.16068877));
#2807=CARTESIAN_POINT('',(-9.734226703,-158.201179301,188.22716628));
#2808=CARTESIAN_POINT('',(-9.92071372,-158.212605761,188.255067022));
#2809=CARTESIAN_POINT('',(-10.295230036,-158.230234626,188.3000784));
#2810=CARTESIAN_POINT('',(-10.483259232,-158.236437027,188.317189023));
#2811=CARTESIAN_POINT('',(-10.860090396,-158.243592422,188.340550172));
#2812=CARTESIAN_POINT('',(-11.04889226,-158.244545415,188.346800692));
#2813=CARTESIAN_POINT('',(-11.237694177,-158.242871761,188.347608377));
#2814=CARTESIAN_POINT('',(-3.476920792,-130.815939881,197.020445736));
#2815=CARTESIAN_POINT('',(-3.576258952,-130.883072863,197.161898038));
#2816=CARTESIAN_POINT('',(-3.680516686,-130.948802625,197.300558889));
#2817=CARTESIAN_POINT('',(-3.898459643,-131.077196529,197.571750903));
#2818=CARTESIAN_POINT('',(-4.012144809,-131.139860638,197.704281996));
#2819=CARTESIAN_POINT('',(-4.248493705,-131.261876087,197.962691759));
#2820=CARTESIAN_POINT('',(-4.371157374,-131.321227396,198.088570362));
#2821=CARTESIAN_POINT('',(-4.624978958,-131.436383165,198.333178655));
#2822=CARTESIAN_POINT('',(-4.756136809,-131.492187596,198.451908283));
#2823=CARTESIAN_POINT('',(-5.02642896,-131.600029527,198.681750347));
#2824=CARTESIAN_POINT('',(-5.165563191,-131.652066999,198.792862723));
#2825=CARTESIAN_POINT('',(-5.451258868,-131.752169791,199.007032055));
#2826=CARTESIAN_POINT('',(-5.597820239,-131.800235085,199.110088955));
#2827=CARTESIAN_POINT('',(-5.897791685,-131.892203967,199.307740881));
#2828=CARTESIAN_POINT('',(-6.051201682,-131.936107532,199.402335857));
#2829=CARTESIAN_POINT('',(-6.364264875,-132.01957982,199.582690861));
#2830=CARTESIAN_POINT('',(-6.523917989,-132.059148521,199.668450843));
#2831=CARTESIAN_POINT('',(-6.848837307,-132.133795046,199.830797635));
#2832=CARTESIAN_POINT('',(-7.014103426,-132.168872849,199.907384402));
#2833=CARTESIAN_POINT('',(-7.349596518,-132.234399252,200.051082721));
#2834=CARTESIAN_POINT('',(-7.519823404,-132.264847835,200.118194234));
#2835=CARTESIAN_POINT('',(-7.864566244,-132.320995729,200.242677369));
#2836=CARTESIAN_POINT('',(-8.039082109,-132.346695026,200.300048958));
#2837=CARTESIAN_POINT('',(-8.391714219,-132.393243012,200.404825983));
#2838=CARTESIAN_POINT('',(-8.569830371,-132.414091689,200.45223139));
#2839=CARTESIAN_POINT('',(-8.928960175,-132.450856229,200.536889094));
#2840=CARTESIAN_POINT('',(-9.109973734,-132.466772082,200.574141367));
#2841=CARTESIAN_POINT('',(-9.474184051,-132.493608219,200.638345884));
#2842=CARTESIAN_POINT('',(-9.657380715,-132.504528496,200.665298111));
#2843=CARTESIAN_POINT('',(-10.02523434,-132.52133043,200.708796235));
#2844=CARTESIAN_POINT('',(-10.209891205,-132.527212082,200.725342121));
#2845=CARTESIAN_POINT('',(-10.579936574,-132.533913581,200.747962304));
#2846=CARTESIAN_POINT('',(-10.765324982,-132.534733426,200.754036594));
#2847=CARTESIAN_POINT('',(-10.950713437,-132.533020758,200.754863106));
#2848=CARTESIAN_POINT('',(-3.159226855,-92.540548726,215.722316198));
#2849=CARTESIAN_POINT('',(-3.259980645,-92.604502477,215.857366093));
#2850=CARTESIAN_POINT('',(-3.365299725,-92.667073001,215.989664308));
#2851=CARTESIAN_POINT('',(-3.584675514,-92.789214238,216.248263964));
#2852=CARTESIAN_POINT('',(-3.69873217,-92.848784923,216.374565345));
#2853=CARTESIAN_POINT('',(-3.935157475,-92.96470426,216.62070017));
#2854=CARTESIAN_POINT('',(-4.057526068,-93.021052884,216.740533556));
#2855=CARTESIAN_POINT('',(-4.310118608,-93.130317898,216.973285358));
#2856=CARTESIAN_POINT('',(-4.440342497,-93.183234261,217.08620372));
#2857=CARTESIAN_POINT('',(-4.708159696,-93.285437357,217.304704241));
#2858=CARTESIAN_POINT('',(-4.845752944,-93.334724065,217.410286348));
#2859=CARTESIAN_POINT('',(-5.127795441,-93.429483995,217.613720496));
#2860=CARTESIAN_POINT('',(-5.272244625,-93.474957195,217.711572489));
#2861=CARTESIAN_POINT('',(-5.567460007,-93.561920479,217.89918138));
#2862=CARTESIAN_POINT('',(-5.718226136,-93.603410544,217.988938236));
#2863=CARTESIAN_POINT('',(-6.025512858,-93.682252789,218.160022026));
#2864=CARTESIAN_POINT('',(-6.18203338,-93.719604951,218.241348921));
#2865=CARTESIAN_POINT('',(-6.50024488,-93.790032059,218.395269412));
#2866=CARTESIAN_POINT('',(-6.661935784,-93.823106988,218.467862972));
#2867=CARTESIAN_POINT('',(-6.989884753,-93.884856254,218.604045993));
#2868=CARTESIAN_POINT('',(-7.156142743,-93.913530575,218.667635422));
#2869=CARTESIAN_POINT('',(-7.492605558,-93.966371664,218.785572968));
#2870=CARTESIAN_POINT('',(-7.662810306,-93.990538419,218.839921059));
#2871=CARTESIAN_POINT('',(-8.006531592,-94.034274229,218.93917319));
#2872=CARTESIAN_POINT('',(-8.18004805,-94.053843274,218.984077208));
#2873=CARTESIAN_POINT('',(-8.52974536,-94.088310668,219.064273685));
#2874=CARTESIAN_POINT('',(-8.70592613,-94.103209009,219.099566126));
#2875=CARTESIAN_POINT('',(-9.060294731,-94.128279423,219.160407793));
#2876=CARTESIAN_POINT('',(-9.238482479,-94.138451491,219.185957005));
#2877=CARTESIAN_POINT('',(-9.596200216,-94.154031415,219.227216905));
#2878=CARTESIAN_POINT('',(-9.775730121,-94.159439269,219.242927582));
#2879=CARTESIAN_POINT('',(-10.135462349,-94.165470595,219.264451802));
#2880=CARTESIAN_POINT('',(-10.315664587,-94.166094066,219.270265338));
#2881=CARTESIAN_POINT('',(-10.495866868,-94.164324186,219.271119461));
#2882=CARTESIAN_POINT('',(-3.046954911,-79.43789841,222.124447215));
#2883=CARTESIAN_POINT('',(-3.148139652,-79.500756211,222.257290585));
#2884=CARTESIAN_POINT('',(-3.253769719,-79.562238707,222.387398033));
#2885=CARTESIAN_POINT('',(-3.473534193,-79.682228322,222.641665439));
#2886=CARTESIAN_POINT('',(-3.587668552,-79.740735416,222.76582534));
#2887=CARTESIAN_POINT('',(-3.824024118,-79.854560289,223.00774364));
#2888=CARTESIAN_POINT('',(-3.946245273,-79.909878044,223.125501985));
#2889=CARTESIAN_POINT('',(-4.198327377,-80.017121965,223.354186568));
#2890=CARTESIAN_POINT('',(-4.328188269,-80.069048109,223.465112755));
#2891=CARTESIAN_POINT('',(-4.595074861,-80.169318936,223.679727407));
#2892=CARTESIAN_POINT('',(-4.732100501,-80.217663598,223.783415824));
#2893=CARTESIAN_POINT('',(-5.012815408,-80.310594688,223.983175785));
#2894=CARTESIAN_POINT('',(-5.156504612,-80.355181096,224.079247285));
#2895=CARTESIAN_POINT('',(-5.450021106,-80.440432648,224.263422116));
#2896=CARTESIAN_POINT('',(-5.59984833,-80.481097773,224.351525406));
#2897=CARTESIAN_POINT('',(-5.905092883,-80.558358068,224.519441659));
#2898=CARTESIAN_POINT('',(-6.060510144,-80.59495322,224.599254585));
#2899=CARTESIAN_POINT('',(-6.376366351,-80.66393976,224.750298266));
#2900=CARTESIAN_POINT('',(-6.536805228,-80.696331132,224.821528988));
#2901=CARTESIAN_POINT('',(-6.862117893,-80.756791673,224.955147801));
#2902=CARTESIAN_POINT('',(-7.026991608,-80.78486083,225.017535862));
#2903=CARTESIAN_POINT('',(-7.360570961,-80.836574307,225.133241224));
#2904=CARTESIAN_POINT('',(-7.529276524,-80.860218617,225.1865585));
#2905=CARTESIAN_POINT('',(-7.869902574,-80.902995948,225.283927334));
#2906=CARTESIAN_POINT('',(-8.041822985,-80.92212896,225.32797887));
#2907=CARTESIAN_POINT('',(-8.388249981,-80.955813738,225.406655143));
#2908=CARTESIAN_POINT('',(-8.562756489,-80.970365496,225.441279863));
#2909=CARTESIAN_POINT('',(-8.913717472,-80.994834561,225.500975896));
#2910=CARTESIAN_POINT('',(-9.09017187,-81.004751862,225.526047194));
#2911=CARTESIAN_POINT('',(-9.444383308,-81.019915752,225.566544705));
#2912=CARTESIAN_POINT('',(-9.622140269,-81.025162337,225.581970908));
#2913=CARTESIAN_POINT('',(-9.978306745,-81.030965613,225.603121816));
#2914=CARTESIAN_POINT('',(-10.15671618,-81.031522303,225.608846516));
#2915=CARTESIAN_POINT('',(-10.335125655,-81.029733028,225.609709997));
#2916=CARTESIAN_POINT('',(-2.93284983,-66.526250917,228.433251687));
#2917=CARTESIAN_POINT('',(-3.03440715,-66.58802178,228.563907148));
#2918=CARTESIAN_POINT('',(-3.14029287,-66.648426134,228.691844185));
#2919=CARTESIAN_POINT('',(-3.360341545,-66.766285294,228.941822803));
#2920=CARTESIAN_POINT('',(-3.474504454,-66.823740076,229.063864332));
#2921=CARTESIAN_POINT('',(-3.710698181,-66.935494087,229.301614354));
#2922=CARTESIAN_POINT('',(-3.832728949,-66.989793293,229.417322797));
#2923=CARTESIAN_POINT('',(-4.084220859,-67.095041463,229.641991773));
#2924=CARTESIAN_POINT('',(-4.213681946,-67.145990404,229.750952259));
#2925=CARTESIAN_POINT('',(-4.479570316,-67.244355367,229.961734644));
#2926=CARTESIAN_POINT('',(-4.615997542,-67.291771368,230.063556497));
#2927=CARTESIAN_POINT('',(-4.895329032,-67.382900439,230.259696533));
#2928=CARTESIAN_POINT('',(-5.038233238,-67.42661349,230.354014674));
#2929=CARTESIAN_POINT('',(-5.33000631,-67.510179927,230.534809105));
#2930=CARTESIAN_POINT('',(-5.478875113,-67.550033295,230.621285357));
#2931=CARTESIAN_POINT('',(-5.782043618,-67.625737472,230.786085948));
#2932=CARTESIAN_POINT('',(-5.936343253,-67.661588265,230.864410252));
#2933=CARTESIAN_POINT('',(-6.249820184,-67.729158747,231.012626114));
#2934=CARTESIAN_POINT('',(-6.408997411,-67.760878421,231.082517641));
#2935=CARTESIAN_POINT('',(-6.731658801,-67.820072935,231.213617349));
#2936=CARTESIAN_POINT('',(-6.895142894,-67.847547761,231.274825503));
#2937=CARTESIAN_POINT('',(-7.225831845,-67.898154066,231.388339002));
#2938=CARTESIAN_POINT('',(-7.393036633,-67.921285533,231.440644323));
#2939=CARTESIAN_POINT('',(-7.730567465,-67.963122181,231.536164612));
#2940=CARTESIAN_POINT('',(-7.900893438,-67.981827353,231.57937956));
#2941=CARTESIAN_POINT('',(-8.244055941,-68.01474434,231.656564154));
#2942=CARTESIAN_POINT('',(-8.416892398,-68.028956148,231.690533783));
#2943=CARTESIAN_POINT('',(-8.764456167,-68.052835451,231.749105937));
#2944=CARTESIAN_POINT('',(-8.939183405,-68.062502941,231.77370845));
#2945=CARTESIAN_POINT('',(-9.289902257,-68.077258941,231.813458156));
#2946=CARTESIAN_POINT('',(-9.465893795,-68.082347449,231.828605341));
#2947=CARTESIAN_POINT('',(-9.818510233,-68.087927239,231.849390077));
#2948=CARTESIAN_POINT('',(-9.995135056,-68.08841852,231.855027623));
#2949=CARTESIAN_POINT('',(-10.171759918,-68.086610307,231.855900245));
#2950=B_SPLINE_SURFACE_WITH_KNOTS('',3,3,((#2678,#2679,#2680,#2681,#2682,#2683,#2684,#2685,#2686,#2687,#2688,#2689,#2690,#2691,#2692,#2693,#2694,#2695,#2696,#2697,#2698,#2699,#2700,#2701,#2702,#2703,
#2704,#2705,#2706,#2707,#2708,#2709,#2710,#2711),(#2712,#2713,#2714,#2715,#2716,#2717,#2718,#2719,#2720,#2721,#2722,#2723,#2724,#2725,#2726,#2727,#2728,#2729,#2730,#2731,#2732,#2733,#2734,#2735,#2736,#2737,
#2738,#2739,#2740,#2741,#2742,#2743,#2744,#2745),(#2746,#2747,#2748,#2749,#2750,#2751,#2752,#2753,#2754,#2755,#2756,#2757,#2758,#2759,#2760,#2761,#2762,#2763,#2764,#2765,#2766,#2767,#2768,#2769,#2770,#2771,
#2772,#2773,#2774,#2775,#2776,#2777,#2778,#2779),(#2780,#2781,#2782,#2783,#2784,#2785,#2786,#2787,#2788,#2789,#2790,#2791,#2792,#2793,#2794,#2795,#2796,#2797,#2798,#2799,#2800,#2801,#2802,#2803,#2804,#2805,
#2806,#2807,#2808,#2809,#2810,#2811,#2812,#2813),(#2814,#2815,#2816,#2817,#2818,#2819,#2820,#2821,#2822,#2823,#2824,#2825,#2826,#2827,#2828,#2829,#2830,#2831,#2832,#2833,#2834,#2835,#2836,#2837,#2838,#2839,
#2840,#2841,#2842,#2843,#2844,#2845,#2846,#2847),(#2848,#2849,#2850,#2851,#2852,#2853,#2854,#2855,#2856,#2857,#2858,#2859,#2860,#2861,#2862,#2863,#2864,#2865,#2866,#2867,#2868,#2869,#2870,#2871,#2872,#2873,
#2874,#2875,#2876,#2877,#2878,#2879,#2880,#2881),(#2882,#2883,#2884,#2885,#2886,#2887,#2888,#2889,#2890,#2891,#2892,#2893,#2894,#2895,#2896,#2897,#2898,#2899,#2900,#2901,#2902,#2903,#2904,#2905,#2906,#2907,
#2908,#2909,#2910,#2911,#2912,#2913,#2914,#2915),(#2916,#2917,#2918,#2919,#2920,#2921,#2922,#2923,#2924,#2925,#2926,#2927,#2928,#2929,#2930,#2931,#2932,#2933,#2934,#2935,#2936,#2937,#2938,#2939,#2940,#2941,
#2942,#2943,#2944,#2945,#2946,#2947,#2948,#2949)),.UNSPECIFIED.,.F.,.F.,.U.,(4,2,2,4),(4,2,2,2,2,2,2,2,2,2,2,2,2,2,2,2,4),(0.627005032,0.640625,0.65625,0.664561004),(0.,0.0625,0.125,0.1875,0.25,0.3125,0.375,0.4375,0.5,0.5625,0.625,0.6875,0.75,0.8125,0.875,0.9375,1.),.UNSPECIFIED.);
#2951=ORIENTED_EDGE('',*,*,#2122,.F.);
#2952=ORIENTED_EDGE('',*,*,#1298,.F.);
#2953=ORIENTED_EDGE('',*,*,#2397,.F.);
#2954=ORIENTED_EDGE('',*,*,#2655,.F.);
#2955=ORIENTED_EDGE('',*,*,#985,.F.);
#2956=EDGE_LOOP('',(#2951,#2952,#2953,#2954,#2955));
#2957=FACE_BOUND('',#2956,.T.);
#2958=ADVANCED_FACE('',(#2957),#2950,.F.);
#2959=CARTESIAN_POINT('',(24.443733577,-346.84788472,77.771849056));
#2960=DIRECTION('',(0.,0.893465571,0.449131688));
#2961=DIRECTION('',(0.,-0.449131688,0.893465571));
#2962=AXIS2_PLACEMENT_3D('',#2959,#2960,#2961);
#2963=PLANE('',#2962);
#2964=ORIENTED_EDGE('',*,*,#1270,.T.);
#2965=ORIENTED_EDGE('',*,*,#72,.T.);
#2966=CARTESIAN_POINT('',(24.443733577,-307.964039404,0.419531202));
#2967=VERTEX_POINT('',#2966);
#2968=CARTESIAN_POINT('',(24.443733577,-346.84788472,77.771849056));
#2969=DIRECTION('',(0.,0.449131688,-0.893465571));
#2970=VECTOR('',#2969,86.575599934);
#2971=LINE('',#2968,#2970);
#2972=EDGE_CURVE('',#59,#2967,#2971,.T.);
#2973=ORIENTED_EDGE('',*,*,#2972,.T.);
#2974=CARTESIAN_POINT('',(13.835022638,-307.964039404,0.419531202));
#2975=VERTEX_POINT('',#2974);
#2976=CARTESIAN_POINT('',(24.443733577,-307.964039404,0.419531202));
#2977=DIRECTION('',(-1.,0.,0.));
#2978=VECTOR('',#2977,10.608710939);
#2979=LINE('',#2976,#2978);
#2980=EDGE_CURVE('',#2967,#2975,#2979,.T.);
#2981=ORIENTED_EDGE('',*,*,#2980,.T.);
#2982=CARTESIAN_POINT('',(8.85387815,-307.964039404,0.419531202));
#2983=DIRECTION('',(1.,0.,-0.));
#2984=VECTOR('',#2983,4.981144488);
#2985=LINE('',#2982,#2984);
#2986=EDGE_CURVE('',#663,#2975,#2985,.T.);
#2987=ORIENTED_EDGE('',*,*,#2986,.F.);
#2988=ORIENTED_EDGE('',*,*,#668,.F.);
#2989=EDGE_LOOP('',(#2964,#2965,#2973,#2981,#2987,#2988));
#2990=FACE_BOUND('',#2989,.T.);
#2991=ADVANCED_FACE('',(#2990),#2963,.T.);
#2992=CARTESIAN_POINT('',(24.443733577,-307.964039404,0.419531202));
#2993=CARTESIAN_POINT('',(13.835022638,-307.964039404,0.419531202));
#2994=CARTESIAN_POINT('',(24.443733577,-296.495017658,-35.456341003));
#2995=CARTESIAN_POINT('',(13.835022638,-296.495017658,-35.456341003));
#2996=CARTESIAN_POINT('',(24.443733577,-317.077071528,-64.987113946));
#2997=CARTESIAN_POINT('',(13.835022638,-317.077071528,-64.987113946));
#2998=CARTESIAN_POINT('',(24.443733577,-358.136406687,-72.155146475));
#2999=CARTESIAN_POINT('',(13.835022638,-358.136406687,-72.155146475));
#3000=B_SPLINE_SURFACE_WITH_KNOTS('',3,1,((#2992,#2993),(#2994,#2995),(#2996,#2997),(#2998,#2999)),.UNSPECIFIED.,.F.,.F.,.U.,(4,4),(2,2),(0.,1.),(0.,1.),.UNSPECIFIED.);
#3001=CARTESIAN_POINT('',(13.835022638,-358.136406687,-72.155146475));
#3002=VERTEX_POINT('',#3001);
#3003=CARTESIAN_POINT('',(13.835022638,-307.964039404,0.419531202));
#3004=CARTESIAN_POINT('',(13.835022638,-296.495017658,-35.456341003));
#3005=CARTESIAN_POINT('',(13.835022638,-317.077071528,-64.987113946));
#3006=CARTESIAN_POINT('',(13.835022638,-358.136406687,-72.155146475));
#3007=B_SPLINE_CURVE_WITH_KNOTS('',3,(#3003,#3004,#3005,#3006),.UNSPECIFIED.,.F.,.F.,(4,4),(0.,1.),.UNSPECIFIED.);
#3008=EDGE_CURVE('',#2975,#3002,#3007,.T.);
#3009=ORIENTED_EDGE('',*,*,#3008,.F.);
#3010=ORIENTED_EDGE('',*,*,#2980,.F.);
#3011=CARTESIAN_POINT('',(24.443733577,-358.136406687,-72.155146475));
#3012=VERTEX_POINT('',#3011);
#3013=CARTESIAN_POINT('',(24.443733577,-307.964039404,0.419531202));
#3014=CARTESIAN_POINT('',(24.443733577,-296.495017658,-35.456341003));
#3015=CARTESIAN_POINT('',(24.443733577,-317.077071528,-64.987113946));
#3016=CARTESIAN_POINT('',(24.443733577,-358.136406687,-72.155146475));
#3017=B_SPLINE_CURVE_WITH_KNOTS('',3,(#3013,#3014,#3015,#3016),.UNSPECIFIED.,.F.,.F.,(4,4),(0.,1.),.UNSPECIFIED.);
#3018=EDGE_CURVE('',#2967,#3012,#3017,.T.);
#3019=ORIENTED_EDGE('',*,*,#3018,.T.);
#3020=CARTESIAN_POINT('',(24.443733577,-358.136406687,-72.155146475));
#3021=DIRECTION('',(-1.,0.,0.));
#3022=VECTOR('',#3021,10.608710939);
#3023=LINE('',#3020,#3022);
#3024=EDGE_CURVE('',#3012,#3002,#3023,.T.);
#3025=ORIENTED_EDGE('',*,*,#3024,.T.);
#3026=EDGE_LOOP('',(#3009,#3010,#3019,#3025));
#3027=FACE_BOUND('',#3026,.T.);
#3028=ADVANCED_FACE('',(#3027),#3000,.T.);
#3029=CARTESIAN_POINT('',(24.443733577,-358.136406687,-72.155146475));
#3030=DIRECTION('',(0.,0.,-1.));
#3031=DIRECTION('',(-1.,0.,0.));
#3032=AXIS2_PLACEMENT_3D('',#3029,#3030,#3031);
#3033=PLANE('',#3032);
#3034=CARTESIAN_POINT('',(24.443733577,-469.20529578,-72.155146475));
#3035=VERTEX_POINT('',#3034);
#3036=CARTESIAN_POINT('',(24.443733577,-469.20529578,-72.155146475));
#3037=DIRECTION('',(-1.,0.,0.));
#3038=VECTOR('',#3037,15.589855427);
#3039=LINE('',#3036,#3038);
#3040=EDGE_CURVE('',#3035,#645,#3039,.T.);
#3041=ORIENTED_EDGE('',*,*,#3040,.T.);
#3042=ORIENTED_EDGE('',*,*,#683,.F.);
#3043=CARTESIAN_POINT('',(8.85387815,-358.136406687,-72.155146475));
#3044=DIRECTION('',(1.,0.,-0.));
#3045=VECTOR('',#3044,4.981144488);
#3046=LINE('',#3043,#3045);
#3047=EDGE_CURVE('',#671,#3002,#3046,.T.);
#3048=ORIENTED_EDGE('',*,*,#3047,.T.);
#3049=ORIENTED_EDGE('',*,*,#3024,.F.);
#3050=CARTESIAN_POINT('',(24.443733577,-358.136406687,-72.155146475));
#3051=DIRECTION('',(0.,-1.,0.));
#3052=VECTOR('',#3051,111.068889093);
#3053=LINE('',#3050,#3052);
#3054=EDGE_CURVE('',#3012,#3035,#3053,.T.);
#3055=ORIENTED_EDGE('',*,*,#3054,.T.);
#3056=EDGE_LOOP('',(#3041,#3042,#3048,#3049,#3055));
#3057=FACE_BOUND('',#3056,.T.);
#3058=ADVANCED_FACE('',(#3057),#3033,.T.);
#3059=CARTESIAN_POINT('',(24.443733577,-469.20529578,-72.155146475));
#3060=DIRECTION('',(0.,-0.999992354,-0.003910459));
#3061=DIRECTION('',(0.,0.003910459,-0.999992354));
#3062=AXIS2_PLACEMENT_3D('',#3059,#3060,#3061);
#3063=PLANE('',#3062);
#3064=CARTESIAN_POINT('',(24.443733577,-469.20529578,-72.155146475));
#3065=DIRECTION('',(0.,-0.003910459,0.999992354));
#3066=VECTOR('',#3065,88.246972712);
#3067=LINE('',#3064,#3066);
#3068=EDGE_CURVE('',#3035,#51,#3067,.T.);
#3069=ORIENTED_EDGE('',*,*,#3068,.T.);
#3070=ORIENTED_EDGE('',*,*,#897,.F.);
#3071=ORIENTED_EDGE('',*,*,#1278,.T.);
#3072=ORIENTED_EDGE('',*,*,#652,.F.);
#3073=ORIENTED_EDGE('',*,*,#3040,.F.);
#3074=EDGE_LOOP('',(#3069,#3070,#3071,#3072,#3073));
#3075=FACE_BOUND('',#3074,.T.);
#3076=ADVANCED_FACE('',(#3075),#3063,.T.);
#3077=CARTESIAN_POINT('',(24.443733577,-94.137112379,-374.382875149));
#3078=DIRECTION('',(-1.,0.,0.));
#3079=DIRECTION('',(0.,0.,1.));
#3080=AXIS2_PLACEMENT_3D('',#3077,#3078,#3079);
#3081=PLANE('',#3080);
#3082=ORIENTED_EDGE('',*,*,#749,.T.);
#3083=EDGE_LOOP('',(#3082));
#3084=FACE_BOUND('',#3083,.T.);
#3085=ORIENTED_EDGE('',*,*,#716,.T.);
#3086=EDGE_LOOP('',(#3085));
#3087=FACE_BOUND('',#3086,.T.);
#3088=ORIENTED_EDGE('',*,*,#64,.F.);
#3089=ORIENTED_EDGE('',*,*,#3068,.F.);
#3090=ORIENTED_EDGE('',*,*,#3054,.F.);
#3091=ORIENTED_EDGE('',*,*,#3018,.F.);
#3092=ORIENTED_EDGE('',*,*,#2972,.F.);
#3093=EDGE_LOOP('',(#3088,#3089,#3090,#3091,#3092));
#3094=FACE_BOUND('',#3093,.T.);
#3095=ADVANCED_FACE('',(#3084,#3087,#3094),#3081,.F.);
#3096=CARTESIAN_POINT('',(8.85387815,-307.964039404,0.419531202));
#3097=CARTESIAN_POINT('',(13.835022638,-307.964039404,0.419531202));
#3098=CARTESIAN_POINT('',(8.85387815,-296.495017658,-35.456341003));
#3099=CARTESIAN_POINT('',(13.835022638,-296.495017658,-35.456341003));
#3100=CARTESIAN_POINT('',(8.85387815,-317.077071528,-64.987113946));
#3101=CARTESIAN_POINT('',(13.835022638,-317.077071528,-64.987113946));
#3102=CARTESIAN_POINT('',(8.85387815,-358.136406687,-72.155146475));
#3103=CARTESIAN_POINT('',(13.835022638,-358.136406687,-72.155146475));
#3104=B_SPLINE_SURFACE_WITH_KNOTS('',3,1,((#3096,#3097),(#3098,#3099),(#3100,#3101),(#3102,#3103)),.UNSPECIFIED.,.F.,.F.,.U.,(4,4),(2,2),(0.,1.),(0.,1.),.UNSPECIFIED.);
#3105=ORIENTED_EDGE('',*,*,#3008,.T.);
#3106=ORIENTED_EDGE('',*,*,#3047,.F.);
#3107=ORIENTED_EDGE('',*,*,#677,.F.);
#3108=ORIENTED_EDGE('',*,*,#2986,.T.);
#3109=EDGE_LOOP('',(#3105,#3106,#3107,#3108));
#3110=FACE_BOUND('',#3109,.T.);
#3111=ADVANCED_FACE('',(#3110),#3104,.F.);
#3112=CARTESIAN_POINT('',(14.691699085,-358.342986716,11.01519857));
#3113=DIRECTION('',(0.,0.041133142,-0.999153674));
#3114=DIRECTION('',(0.,0.999153674,0.041133142));
#3115=AXIS2_PLACEMENT_3D('',#3112,#3113,#3114);
#3116=PLANE('',#3115);
#3117=CARTESIAN_POINT('',(3.580515085,-438.936024694,7.697345678));
#3118=VERTEX_POINT('',#3117);
#3119=CARTESIAN_POINT('',(2.368179827,-438.936024694,7.697345678));
#3120=VERTEX_POINT('',#3119);
#3121=CARTESIAN_POINT('',(3.580515085,-438.936024694,7.697345678));
#3122=DIRECTION('',(-1.,0.,0.));
#3123=VECTOR('',#3122,1.212335258);
#3124=LINE('',#3121,#3123);
#3125=EDGE_CURVE('',#3118,#3120,#3124,.T.);
#3126=ORIENTED_EDGE('',*,*,#3125,.F.);
#3127=CARTESIAN_POINT('',(3.580515085,-358.342986716,11.01519857));
#3128=VERTEX_POINT('',#3127);
#3129=CARTESIAN_POINT('',(3.580515085,-438.936024694,7.697345678));
#3130=DIRECTION('',(-0.,0.999153674,0.041133142));
#3131=VECTOR('',#3130,80.661303724);
#3132=LINE('',#3129,#3131);
#3133=EDGE_CURVE('',#3118,#3128,#3132,.T.);
#3134=ORIENTED_EDGE('',*,*,#3133,.T.);
#3135=CARTESIAN_POINT('',(2.368179827,-358.342986716,11.01519857));
#3136=VERTEX_POINT('',#3135);
#3137=CARTESIAN_POINT('',(3.580515085,-358.342986716,11.01519857));
#3138=DIRECTION('',(-1.,0.,0.));
#3139=VECTOR('',#3138,1.212335258);
#3140=LINE('',#3137,#3139);
#3141=EDGE_CURVE('',#3128,#3136,#3140,.T.);
#3142=ORIENTED_EDGE('',*,*,#3141,.T.);
#3143=CARTESIAN_POINT('',(2.368179827,-358.342986716,11.01519857));
#3144=DIRECTION('',(0.,-0.999153674,-0.041133142));
#3145=VECTOR('',#3144,80.661303724);
#3146=LINE('',#3143,#3145);
#3147=EDGE_CURVE('',#3136,#3120,#3146,.T.);
#3148=ORIENTED_EDGE('',*,*,#3147,.T.);
#3149=EDGE_LOOP('',(#3126,#3134,#3142,#3148));
#3150=FACE_BOUND('',#3149,.T.);
#3151=ADVANCED_FACE('',(#3150),#3116,.F.);
#3152=CARTESIAN_POINT('',(3.580515085,-358.342986716,11.01519857));
#3153=CARTESIAN_POINT('',(2.368179827,-358.342986716,11.01519857));
#3154=CARTESIAN_POINT('',(3.580515085,-321.519952608,11.869896382));
#3155=CARTESIAN_POINT('',(2.368179827,-321.519952608,11.869896382));
#3156=CARTESIAN_POINT('',(3.580515085,-315.301158006,-51.147222251));
#3157=CARTESIAN_POINT('',(2.368179827,-315.301158006,-51.147222251));
#3158=CARTESIAN_POINT('',(3.580515085,-359.890160038,-50.507208374));
#3159=CARTESIAN_POINT('',(2.368179827,-359.890160038,-50.507208374));
#3160=B_SPLINE_SURFACE_WITH_KNOTS('',3,1,((#3152,#3153),(#3154,#3155),(#3156,#3157),(#3158,#3159)),.UNSPECIFIED.,.F.,.F.,.U.,(4,4),(2,2),(0.,1.),(1.077736131,1.195327336),.UNSPECIFIED.);
#3161=ORIENTED_EDGE('',*,*,#3141,.F.);
#3162=CARTESIAN_POINT('',(3.580515085,-359.890160038,-50.507208374));
#3163=VERTEX_POINT('',#3162);
#3164=CARTESIAN_POINT('',(3.580515085,-358.342986716,11.01519857));
#3165=CARTESIAN_POINT('',(3.580515085,-357.323510561,11.038861586));
#3166=CARTESIAN_POINT('',(3.580515085,-356.310204064,11.014064127));
#3167=CARTESIAN_POINT('',(3.580515085,-355.302156996,10.938056014));
#3168=CARTESIAN_POINT('',(3.580515085,-354.798133462,10.900051958));
#3169=CARTESIAN_POINT('',(3.580515085,-354.295412323,10.849226778));
#3170=CARTESIAN_POINT('',(3.580515085,-353.793862792,10.785107088));
#3171=CARTESIAN_POINT('',(3.580515085,-353.292313261,10.720987397));
#3172=CARTESIAN_POINT('',(3.580515085,-352.790393599,10.643273654));
#3173=CARTESIAN_POINT('',(3.580515085,-352.29360948,10.552472816));
#3174=CARTESIAN_POINT('',(3.580515085,-350.306473,10.189269465));
#3175=CARTESIAN_POINT('',(3.580515085,-348.409489064,9.621744924));
#3176=CARTESIAN_POINT('',(3.580515085,-346.588592545,8.846217331));
#3177=CARTESIAN_POINT('',(3.580515085,-345.678144285,8.458453535));
#3178=CARTESIAN_POINT('',(3.580515085,-344.786797574,8.018310895));
#3179=CARTESIAN_POINT('',(3.580515085,-343.913764296,7.522944835));
#3180=CARTESIAN_POINT('',(3.580515085,-343.040731017,7.027578774));
#3181=CARTESIAN_POINT('',(3.580515085,-342.204062273,6.487182296));
#3182=CARTESIAN_POINT('',(3.580515085,-341.40174013,5.904429017));
#3183=CARTESIAN_POINT('',(3.580515085,-339.797095845,4.738922458));
#3184=CARTESIAN_POINT('',(3.580515085,-338.32665746,3.403716876));
#3185=CARTESIAN_POINT('',(3.580515085,-336.981649189,1.900912709));
#3186=CARTESIAN_POINT('',(3.580515085,-336.645397121,1.525211667));
#3187=CARTESIAN_POINT('',(3.580515085,-336.317087071,1.138965254));
#3188=CARTESIAN_POINT('',(3.580515085,-335.996790417,0.742084222));
#3189=CARTESIAN_POINT('',(3.580515085,-335.676493762,0.345203189));
#3190=CARTESIAN_POINT('',(3.580515085,-335.363975357,-0.062789708));
#3191=CARTESIAN_POINT('',(3.580515085,-335.063302374,-0.476180953));
#3192=CARTESIAN_POINT('',(3.580515085,-334.461956409,-1.302963442));
#3193=CARTESIAN_POINT('',(3.580515085,-333.903742556,-2.156204039));
#3194=CARTESIAN_POINT('',(3.580515085,-333.386282664,-3.034188949));
#3195=CARTESIAN_POINT('',(3.580515085,-332.351362879,-4.790158769));
#3196=CARTESIAN_POINT('',(3.580515085,-331.478318185,-6.644655684));
#3197=CARTESIAN_POINT('',(3.580515085,-330.764687244,-8.589979991));
#3198=CARTESIAN_POINT('',(3.580515085,-330.586279509,-9.076311068));
#3199=CARTESIAN_POINT('',(3.580515085,-330.417929688,-9.568356168));
#3200=CARTESIAN_POINT('',(3.580515085,-330.259788766,-10.06607043));
#3201=CARTESIAN_POINT('',(3.580515085,-330.101647844,-10.563784693));
#3202=CARTESIAN_POINT('',(3.580515085,-329.954091937,-11.066179026));
#3203=CARTESIAN_POINT('',(3.580515085,-329.818117808,-11.569196901));
#3204=CARTESIAN_POINT('',(3.580515085,-329.546169552,-12.575232649));
#3205=CARTESIAN_POINT('',(3.580515085,-329.319010658,-13.588219621));
#3206=CARTESIAN_POINT('',(3.580515085,-329.135567864,-14.607062614));
#3207=CARTESIAN_POINT('',(3.580515085,-328.768682276,-16.6447486));
#3208=CARTESIAN_POINT('',(3.580515085,-328.575382927,-18.705683578));
#3209=CARTESIAN_POINT('',(3.580515085,-328.562653362,-20.783186402));
#3210=CARTESIAN_POINT('',(3.580515085,-328.55628858,-21.821937814));
#3211=CARTESIAN_POINT('',(3.580515085,-328.595799786,-22.867294528));
#3212=CARTESIAN_POINT('',(3.580515085,-328.682361402,-23.904095389));
#3213=CARTESIAN_POINT('',(3.580515085,-328.725642211,-24.42249582));
#3214=CARTESIAN_POINT('',(3.580515085,-328.780754985,-24.940011217));
#3215=CARTESIAN_POINT('',(3.580515085,-328.847424688,-25.453369061));
#3216=CARTESIAN_POINT('',(3.580515085,-328.91409439,-25.966726905));
#3217=CARTESIAN_POINT('',(3.580515085,-328.992318902,-26.476288351));
#3218=CARTESIAN_POINT('',(3.580515085,-329.082077331,-26.981971241));
#3219=CARTESIAN_POINT('',(3.580515085,-329.441111049,-29.004702802));
#3220=CARTESIAN_POINT('',(3.580515085,-329.982796811,-30.965519338));
#3221=CARTESIAN_POINT('',(3.580515085,-330.720109788,-32.857911088));
#3222=CARTESIAN_POINT('',(3.580515085,-330.904438033,-33.331009025));
#3223=CARTESIAN_POINT('',(3.580515085,-331.101720268,-33.801095103));
#3224=CARTESIAN_POINT('',(3.580515085,-331.310041291,-34.262912875));
#3225=CARTESIAN_POINT('',(3.580515085,-331.518362313,-34.724730646));
#3226=CARTESIAN_POINT('',(3.580515085,-331.737648799,-35.178354271));
#3227=CARTESIAN_POINT('',(3.580515085,-331.967862874,-35.623864171));
#3228=CARTESIAN_POINT('',(3.580515085,-332.428291025,-36.514883972));
#3229=CARTESIAN_POINT('',(3.580515085,-332.932329238,-37.373485952));
#3230=CARTESIAN_POINT('',(3.580515085,-333.480886224,-38.200018222));
#3231=CARTESIAN_POINT('',(3.580515085,-334.02944321,-39.026550492));
#3232=CARTESIAN_POINT('',(3.580515085,-334.622496396,-39.821023366));
#3233=CARTESIAN_POINT('',(3.580515085,-335.262753225,-40.58323939));
#3234=CARTESIAN_POINT('',(3.580515085,-335.58288164,-40.964347402));
#3235=CARTESIAN_POINT('',(3.580515085,-335.915997461,-41.338539131));
#3236=CARTESIAN_POINT('',(3.580515085,-336.257510269,-41.700487261));
#3237=CARTESIAN_POINT('',(3.580515085,-336.599023078,-42.062435392));
#3238=CARTESIAN_POINT('',(3.580515085,-336.949254927,-42.412684432));
#3239=CARTESIAN_POINT('',(3.580515085,-337.308157596,-42.751610239));
#3240=CARTESIAN_POINT('',(3.580515085,-338.743768272,-44.107313466));
#3241=CARTESIAN_POINT('',(3.580515085,-340.31699175,-45.283781037));
#3242=CARTESIAN_POINT('',(3.580515085,-342.038270999,-46.292630557));
#3243=CARTESIAN_POINT('',(3.580515085,-342.898910624,-46.797055316));
#3244=CARTESIAN_POINT('',(3.580515085,-343.800953804,-47.260459434));
#3245=CARTESIAN_POINT('',(3.580515085,-344.720243837,-47.672171262));
#3246=CARTESIAN_POINT('',(3.580515085,-345.63953387,-48.08388309));
#3247=CARTESIAN_POINT('',(3.580515085,-346.580395569,-48.446938904));
#3248=CARTESIAN_POINT('',(3.580515085,-347.542939739,-48.764625801));
#3249=CARTESIAN_POINT('',(3.580515085,-348.505483909,-49.082312697));
#3250=CARTESIAN_POINT('',(3.580515085,-349.489713259,-49.35458758));
#3251=CARTESIAN_POINT('',(3.580515085,-350.495505871,-49.583488299));
#3252=CARTESIAN_POINT('',(3.580515085,-350.998402176,-49.697938658));
#3253=CARTESIAN_POINT('',(3.580515085,-351.506663252,-49.801526262));
#3254=CARTESIAN_POINT('',(3.580515085,-352.020329044,-49.894445559));
#3255=CARTESIAN_POINT('',(3.580515085,-352.533994836,-49.987364856));
#3256=CARTESIAN_POINT('',(3.580515085,-353.052359167,-50.069432482));
#3257=CARTESIAN_POINT('',(3.580515085,-353.571534374,-50.140518093));
#3258=CARTESIAN_POINT('',(3.580515085,-354.609884786,-50.282689315));
#3259=CARTESIAN_POINT('',(3.580515085,-355.655908553,-50.381820417));
#3260=CARTESIAN_POINT('',(3.580515085,-356.709162136,-50.441784863));
#3261=CARTESIAN_POINT('',(3.580515085,-357.235788927,-50.471767087));
#3262=CARTESIAN_POINT('',(3.580515085,-357.76418914,-50.491941592));
#3263=CARTESIAN_POINT('',(3.580515085,-358.294389414,-50.502717449));
#3264=CARTESIAN_POINT('',(3.580515085,-358.559489551,-50.508105377));
#3265=CARTESIAN_POINT('',(3.580515085,-358.825005434,-50.511142267));
#3266=CARTESIAN_POINT('',(3.580515085,-359.090975657,-50.511875552));
#3267=CARTESIAN_POINT('',(3.580515085,-359.223960769,-50.512242195));
#3268=CARTESIAN_POINT('',(3.580515085,-359.357045896,-50.512032839));
#3269=CARTESIAN_POINT('',(3.580515085,-359.490245428,-50.511253111));
#3270=CARTESIAN_POINT('',(3.580515085,-359.556845193,-50.510863247));
#3271=CARTESIAN_POINT('',(3.580515085,-359.623469447,-50.510330807));
#3272=CARTESIAN_POINT('',(3.580515085,-359.69012242,-50.50965645));
#3273=CARTESIAN_POINT('',(3.580515085,-359.723448907,-50.509319272));
#3274=CARTESIAN_POINT('',(3.580515085,-359.756781449,-50.508946625));
#3275=CARTESIAN_POINT('',(3.580515085,-359.790121187,-50.508538582));
#3276=CARTESIAN_POINT('',(3.580515085,-359.806791056,-50.508334561));
#3277=CARTESIAN_POINT('',(3.580515085,-359.823462431,-50.508121694));
#3278=CARTESIAN_POINT('',(3.580515085,-359.840135607,-50.507899989));
#3279=CARTESIAN_POINT('',(3.580515085,-359.848472194,-50.507789136));
#3280=CARTESIAN_POINT('',(3.580515085,-359.856809158,-50.507676075));
#3281=CARTESIAN_POINT('',(3.580515085,-359.865146571,-50.507560805));
#3282=CARTESIAN_POINT('',(3.580515085,-359.873483985,-50.507445535));
#3283=CARTESIAN_POINT('',(3.580515085,-359.880894277,-50.507341371));
#3284=CARTESIAN_POINT('',(3.580515085,-359.890160038,-50.507208374));
#3285=B_SPLINE_CURVE_WITH_KNOTS('',3,(#3164,#3165,#3166,#3167,#3168,#3169,#3170,#3171,#3172,#3173,#3174,#3175,#3176,#3177,#3178,#3179,#3180,#3181,#3182,#3183,#3184,#3185,#3186,#3187,#3188,#3189,
#3190,#3191,#3192,#3193,#3194,#3195,#3196,#3197,#3198,#3199,#3200,#3201,#3202,#3203,#3204,#3205,#3206,#3207,#3208,#3209,#3210,#3211,#3212,#3213,#3214,
#3215,#3216,#3217,#3218,#3219,#3220,#3221,#3222,#3223,#3224,#3225,#3226,#3227,#3228,#3229,#3230,#3231,#3232,#3233,#3234,#3235,#3236,#3237,#3238,#3239,
#3240,#3241,#3242,#3243,#3244,#3245,#3246,#3247,#3248,#3249,#3250,#3251,#3252,#3253,#3254,#3255,#3256,#3257,#3258,#3259,#3260,#3261,#3262,#3263,#3264,
#3265,#3266,#3267,#3268,#3269,#3270,#3271,#3272,#3273,#3274,#3275,#3276,#3277,#3278,#3279,#3280,#3281,#3282,#3283,#3284),.UNSPECIFIED.,.F.,.F.,(4,3,3,3,3,3,3,3,3,3,3,3,3,3,3,3,3,3,3,3,3,3,3,3,3,3,
3,3,3,3,3,3,3,3,3,3,3,3,3,3,4),(0.223045661,0.226604079,0.228383288,0.230162498,0.237279335,0.240837753,0.244396172,0.251513009,0.253292218,0.255071427,0.258629846,0.265746683,0.267525892,0.269305102,0.27286352,0.279980357,0.283538776,0.285317985,0.287097194,0.294214031,0.295993241,0.29777245,0.301330868,0.304889287,0.306668496,0.308447705,
0.315564543,0.319122961,0.32268138,0.326239798,0.328019007,0.329798217,0.333356635,0.335135845,0.336025449,0.336470251,0.336692653,0.336803853,0.336859454,0.336887254,0.336915054),.UNSPECIFIED.);
#3286=EDGE_CURVE('',#3128,#3163,#3285,.T.);
#3287=ORIENTED_EDGE('',*,*,#3286,.T.);
#3288=CARTESIAN_POINT('',(2.368179827,-359.890160038,-50.507208374));
#3289=VERTEX_POINT('',#3288);
#3290=CARTESIAN_POINT('',(3.580515085,-359.890160038,-50.507208374));
#3291=DIRECTION('',(-1.,0.,0.));
#3292=VECTOR('',#3291,1.212335258);
#3293=LINE('',#3290,#3292);
#3294=EDGE_CURVE('',#3163,#3289,#3293,.T.);
#3295=ORIENTED_EDGE('',*,*,#3294,.T.);
#3296=CARTESIAN_POINT('',(2.368179827,-358.342986716,11.01519857));
#3297=CARTESIAN_POINT('',(2.368179827,-356.295956991,11.062712086));
#3298=CARTESIAN_POINT('',(2.368179827,-354.277633591,10.91529483));
#3299=CARTESIAN_POINT('',(2.368179827,-352.291099188,10.552013873));
#3300=CARTESIAN_POINT('',(2.368179827,-351.297831986,10.370373395));
#3301=CARTESIAN_POINT('',(2.368179827,-350.312536461,10.134601116));
#3302=CARTESIAN_POINT('',(2.368179827,-349.335805816,9.840668874));
#3303=CARTESIAN_POINT('',(2.368179827,-348.847440494,9.693702753));
#3304=CARTESIAN_POINT('',(2.368179827,-348.359578868,9.531524456));
#3305=CARTESIAN_POINT('',(2.368179827,-347.879681863,9.35635054));
#3306=CARTESIAN_POINT('',(2.368179827,-347.399784858,9.181176625));
#3307=CARTESIAN_POINT('',(2.368179827,-346.927211964,8.992932813));
#3308=CARTESIAN_POINT('',(2.368179827,-346.461839557,8.791839711));
#3309=CARTESIAN_POINT('',(2.368179827,-344.600349928,7.987467302));
#3310=CARTESIAN_POINT('',(2.368179827,-342.853383306,6.978728254));
#3311=CARTESIAN_POINT('',(2.368179827,-341.218428492,5.770103808));
#3312=CARTESIAN_POINT('',(2.368179827,-340.400951085,5.165791585));
#3313=CARTESIAN_POINT('',(2.368179827,-339.608484936,4.507642862));
#3314=CARTESIAN_POINT('',(2.368179827,-338.86180762,3.815489804));
#3315=CARTESIAN_POINT('',(2.368179827,-338.115130304,3.123336746));
#3316=CARTESIAN_POINT('',(2.368179827,-337.409874181,2.394595291));
#3317=CARTESIAN_POINT('',(2.368179827,-336.743485982,1.631520807));
#3318=CARTESIAN_POINT('',(2.368179827,-336.077097783,0.868446324));
#3319=CARTESIAN_POINT('',(2.368179827,-335.449587876,0.071029653));
#3320=CARTESIAN_POINT('',(2.368179827,-334.859622681,-0.759551219));
#3321=CARTESIAN_POINT('',(2.368179827,-334.564640084,-1.174841656));
#3322=CARTESIAN_POINT('',(2.368179827,-334.278626029,-1.599126517));
#3323=CARTESIAN_POINT('',(2.368179827,-334.00294447,-2.03010791));
#3324=CARTESIAN_POINT('',(2.368179827,-333.727262911,-2.461089303));
#3325=CARTESIAN_POINT('',(2.368179827,-333.462858053,-2.897206812));
#3326=CARTESIAN_POINT('',(2.368179827,-333.20927613,-3.338253767));
#3327=CARTESIAN_POINT('',(2.368179827,-332.194948442,-5.102441585));
#3328=CARTESIAN_POINT('',(2.368179827,-331.351947015,-6.944662135));
#3329=CARTESIAN_POINT('',(2.368179827,-330.667241438,-8.858980551));
#3330=CARTESIAN_POINT('',(2.368179827,-330.496065044,-9.337560155));
#3331=CARTESIAN_POINT('',(2.368179827,-330.33489342,-9.820696559));
#3332=CARTESIAN_POINT('',(2.368179827,-330.183740455,-10.308396089));
#3333=CARTESIAN_POINT('',(2.368179827,-330.032587489,-10.796095619));
#3334=CARTESIAN_POINT('',(2.368179827,-329.891454757,-11.288572629));
#3335=CARTESIAN_POINT('',(2.368179827,-329.761454511,-11.781376295));
#3336=CARTESIAN_POINT('',(2.368179827,-329.501454018,-12.766983627));
#3337=CARTESIAN_POINT('',(2.368179827,-329.284515239,-13.758060891));
#3338=CARTESIAN_POINT('',(2.368179827,-329.109344704,-14.754443785));
#3339=CARTESIAN_POINT('',(2.368179827,-328.759003635,-16.747209571));
#3340=CARTESIAN_POINT('',(2.368179827,-328.574265776,-18.761011175));
#3341=CARTESIAN_POINT('',(2.368179827,-328.562572594,-20.796793851));
#3342=CARTESIAN_POINT('',(2.368179827,-328.559649299,-21.30573952));
#3343=CARTESIAN_POINT('',(2.368179827,-328.567685565,-21.816712277));
#3344=CARTESIAN_POINT('',(2.368179827,-328.586971245,-22.327737998));
#3345=CARTESIAN_POINT('',(2.368179827,-328.606256926,-22.838763719));
#3346=CARTESIAN_POINT('',(2.368179827,-328.636669203,-23.347324934));
#3347=CARTESIAN_POINT('',(2.368179827,-328.678169177,-23.853430257));
#3348=CARTESIAN_POINT('',(2.368179827,-328.761169126,-24.865640903));
#3349=CARTESIAN_POINT('',(2.368179827,-328.888428472,-25.868048228));
#3350=CARTESIAN_POINT('',(2.368179827,-329.060746849,-26.860475115));
#3351=CARTESIAN_POINT('',(2.368179827,-329.405383601,-28.845328889));
#3352=CARTESIAN_POINT('',(2.368179827,-329.928454884,-30.790659959));
#3353=CARTESIAN_POINT('',(2.368179827,-330.655579324,-32.690793878));
#3354=CARTESIAN_POINT('',(2.368179827,-331.019141543,-33.640860838));
#3355=CARTESIAN_POINT('',(2.368179827,-331.43677253,-34.583381997));
#3356=CARTESIAN_POINT('',(2.368179827,-331.899329842,-35.490365964));
#3357=CARTESIAN_POINT('',(2.368179827,-332.361887153,-36.397349932));
#3358=CARTESIAN_POINT('',(2.368179827,-332.870869106,-37.273984417));
#3359=CARTESIAN_POINT('',(2.368179827,-333.427594525,-38.119407257));
#3360=CARTESIAN_POINT('',(2.368179827,-333.984319944,-38.964830097));
#3361=CARTESIAN_POINT('',(2.368179827,-334.588782979,-39.779045117));
#3362=CARTESIAN_POINT('',(2.368179827,-335.243562441,-40.560366452));
#3363=CARTESIAN_POINT('',(2.368179827,-335.570952171,-40.95102712));
#3364=CARTESIAN_POINT('',(2.368179827,-335.911673281,-41.334219776));
#3365=CARTESIAN_POINT('',(2.368179827,-336.263818946,-41.707171051));
#3366=CARTESIAN_POINT('',(2.368179827,-336.61596461,-42.080122327));
#3367=CARTESIAN_POINT('',(2.368179827,-336.977441405,-42.440711848));
#3368=CARTESIAN_POINT('',(2.368179827,-337.348050767,-42.789202669));
#3369=CARTESIAN_POINT('',(2.368179827,-338.830488213,-44.183165953));
#3370=CARTESIAN_POINT('',(2.368179827,-340.458291706,-45.384550272));
#3371=CARTESIAN_POINT('',(2.368179827,-342.225444364,-46.401326714));
#3372=CARTESIAN_POINT('',(2.368179827,-342.667232528,-46.655520824));
#3373=CARTESIAN_POINT('',(2.368179827,-343.118830688,-46.898642215));
#3374=CARTESIAN_POINT('',(2.368179827,-343.576684441,-47.1289538));
#3375=CARTESIAN_POINT('',(2.368179827,-344.034538193,-47.359265386));
#3376=CARTESIAN_POINT('',(2.368179827,-344.496986839,-47.576018783));
#3377=CARTESIAN_POINT('',(2.368179827,-344.963800887,-47.779891153));
#3378=CARTESIAN_POINT('',(2.368179827,-345.897428982,-48.187635893));
#3379=CARTESIAN_POINT('',(2.368179827,-346.848495543,-48.543924813));
#3380=CARTESIAN_POINT('',(2.368179827,-347.815500183,-48.853185109));
#3381=CARTESIAN_POINT('',(2.368179827,-348.782504824,-49.162445405));
#3382=CARTESIAN_POINT('',(2.368179827,-349.765455226,-49.424654417));
#3383=CARTESIAN_POINT('',(2.368179827,-350.763179498,-49.643270048));
#3384=CARTESIAN_POINT('',(2.368179827,-351.262041634,-49.752577864));
#3385=CARTESIAN_POINT('',(2.368179827,-351.765451516,-49.851102313));
#3386=CARTESIAN_POINT('',(2.368179827,-352.269403058,-49.93859237));
#3387=CARTESIAN_POINT('',(2.368179827,-352.7733546,-50.026082427));
#3388=CARTESIAN_POINT('',(2.368179827,-353.278208197,-50.102660848));
#3389=CARTESIAN_POINT('',(2.368179827,-353.783909699,-50.168982643));
#3390=CARTESIAN_POINT('',(2.368179827,-355.806715708,-50.434269821));
#3391=CARTESIAN_POINT('',(2.368179827,-357.842993824,-50.536592633));
#3392=CARTESIAN_POINT('',(2.368179827,-359.890160038,-50.507208374));
#3393=B_SPLINE_CURVE_WITH_KNOTS('',3,(#3296,#3297,#3298,#3299,#3300,#3301,#3302,#3303,#3304,#3305,#3306,#3307,#3308,#3309,#3310,#3311,#3312,#3313,#3314,#3315,#3316,#3317,#3318,#3319,#3320,#3321,
#3322,#3323,#3324,#3325,#3326,#3327,#3328,#3329,#3330,#3331,#3332,#3333,#3334,#3335,#3336,#3337,#3338,#3339,#3340,#3341,#3342,#3343,#3344,#3345,#3346,
#3347,#3348,#3349,#3350,#3351,#3352,#3353,#3354,#3355,#3356,#3357,#3358,#3359,#3360,#3361,#3362,#3363,#3364,#3365,#3366,#3367,#3368,#3369,#3370,#3371,
#3372,#3373,#3374,#3375,#3376,#3377,#3378,#3379,#3380,#3381,#3382,#3383,#3384,#3385,#3386,#3387,#3388,#3389,#3390,#3391,#3392),.UNSPECIFIED.,.F.,.F.,(4,3,3,3,3,3,3,3,3,3,3,3,3,3,3,3,3,3,3,3,3,3,3,3,3,3,
3,3,3,3,3,3,4),(0.,0.006054796,0.009082194,0.010595893,0.012109592,0.018164387,0.021191785,0.024219183,0.027246581,0.02876028,0.030273979,0.036328775,0.037842474,0.039356173,0.042383571,0.048438366,0.049952065,0.051465764,0.054493162,0.060547958,0.063575356,0.066602754,0.069630152,0.071143851,0.07265755,0.078712345,
0.080226044,0.081739743,0.084767141,0.087794539,0.089308238,0.090821937,0.096876733),.UNSPECIFIED.);
#3394=EDGE_CURVE('',#3136,#3289,#3393,.T.);
#3395=ORIENTED_EDGE('',*,*,#3394,.F.);
#3396=EDGE_LOOP('',(#3161,#3287,#3295,#3395));
#3397=FACE_BOUND('',#3396,.T.);
#3398=ADVANCED_FACE('',(#3397),#3160,.T.);
#3399=CARTESIAN_POINT('',(14.691699085,-359.890160038,-50.507208374));
#3400=DIRECTION('',(0.,0.,-1.));
#3401=DIRECTION('',(-1.,0.,0.));
#3402=AXIS2_PLACEMENT_3D('',#3399,#3400,#3401);
#3403=PLANE('',#3402);
#3404=ORIENTED_EDGE('',*,*,#3294,.F.);
#3405=CARTESIAN_POINT('',(3.580515085,-434.418077391,-50.507208374));
#3406=VERTEX_POINT('',#3405);
#3407=CARTESIAN_POINT('',(3.580515085,-359.890160038,-50.507208374));
#3408=DIRECTION('',(0.,-1.,0.));
#3409=VECTOR('',#3408,74.527917354);
#3410=LINE('',#3407,#3409);
#3411=EDGE_CURVE('',#3163,#3406,#3410,.T.);
#3412=ORIENTED_EDGE('',*,*,#3411,.T.);
#3413=CARTESIAN_POINT('',(2.368179827,-434.418077391,-50.507208374));
#3414=VERTEX_POINT('',#3413);
#3415=CARTESIAN_POINT('',(3.580515085,-434.418077391,-50.507208374));
#3416=DIRECTION('',(-1.,0.,0.));
#3417=VECTOR('',#3416,1.212335258);
#3418=LINE('',#3415,#3417);
#3419=EDGE_CURVE('',#3406,#3414,#3418,.T.);
#3420=ORIENTED_EDGE('',*,*,#3419,.T.);
#3421=CARTESIAN_POINT('',(2.368179827,-359.890160038,-50.507208374));
#3422=DIRECTION('',(0.,-1.,0.));
#3423=VECTOR('',#3422,74.527917354);
#3424=LINE('',#3421,#3423);
#3425=EDGE_CURVE('',#3289,#3414,#3424,.T.);
#3426=ORIENTED_EDGE('',*,*,#3425,.F.);
#3427=EDGE_LOOP('',(#3404,#3412,#3420,#3426));
#3428=FACE_BOUND('',#3427,.T.);
#3429=ADVANCED_FACE('',(#3428),#3403,.T.);
#3430=CARTESIAN_POINT('',(3.580515085,-438.936024694,7.697345678));
#3431=CARTESIAN_POINT('',(2.368179827,-438.936024694,7.697345678));
#3432=CARTESIAN_POINT('',(3.580515085,-465.795987374,-0.429497386));
#3433=CARTESIAN_POINT('',(2.368179827,-465.795987374,-0.429497386));
#3434=CARTESIAN_POINT('',(3.580515085,-466.625159988,-50.87083138));
#3435=CARTESIAN_POINT('',(2.368179827,-466.625159988,-50.87083138));
#3436=CARTESIAN_POINT('',(3.580515085,-434.418077391,-50.507208374));
#3437=CARTESIAN_POINT('',(2.368179827,-434.418077391,-50.507208374));
#3438=B_SPLINE_SURFACE_WITH_KNOTS('',3,1,((#3430,#3431),(#3432,#3433),(#3434,#3435),(#3436,#3437)),.UNSPECIFIED.,.F.,.F.,.U.,(4,4),(2,2),(0.,1.),(1.077736131,1.195327336),.UNSPECIFIED.);
#3439=ORIENTED_EDGE('',*,*,#3419,.F.);
#3440=CARTESIAN_POINT('',(3.580515085,-434.418077391,-50.507208374));
#3441=CARTESIAN_POINT('',(3.580515085,-434.425819208,-50.50729578));
#3442=CARTESIAN_POINT('',(3.580515085,-434.431300755,-50.507355543));
#3443=CARTESIAN_POINT('',(3.580515085,-434.437911772,-50.50742593));
#3444=CARTESIAN_POINT('',(3.580515085,-434.444522788,-50.507496317));
#3445=CARTESIAN_POINT('',(3.580515085,-434.451133341,-50.507564573));
#3446=CARTESIAN_POINT('',(3.580515085,-434.457743466,-50.507630696));
#3447=CARTESIAN_POINT('',(3.580515085,-434.470963716,-50.507762943));
#3448=CARTESIAN_POINT('',(3.580515085,-434.484182113,-50.507886659));
#3449=CARTESIAN_POINT('',(3.580515085,-434.497398795,-50.508001837));
#3450=CARTESIAN_POINT('',(3.580515085,-434.523832161,-50.508232193));
#3451=CARTESIAN_POINT('',(3.580515085,-434.550258122,-50.508428393));
#3452=CARTESIAN_POINT('',(3.580515085,-434.576677216,-50.508590376));
#3453=CARTESIAN_POINT('',(3.580515085,-434.629515404,-50.508914343));
#3454=CARTESIAN_POINT('',(3.580515085,-434.682324028,-50.509101423));
#3455=CARTESIAN_POINT('',(3.580515085,-434.735105104,-50.5091511));
#3456=CARTESIAN_POINT('',(3.580515085,-434.840667255,-50.509250454));
#3457=CARTESIAN_POINT('',(3.580515085,-434.946111566,-50.508800151));
#3458=CARTESIAN_POINT('',(3.580515085,-435.051445126,-50.507795855));
#3459=CARTESIAN_POINT('',(3.580515085,-435.262112246,-50.505787262));
#3460=CARTESIAN_POINT('',(3.580515085,-435.472311264,-50.501562744));
#3461=CARTESIAN_POINT('',(3.580515085,-435.682064055,-50.495085528));
#3462=CARTESIAN_POINT('',(3.580515085,-436.101569636,-50.482131098));
#3463=CARTESIAN_POINT('',(3.580515085,-436.51922759,-50.460168514));
#3464=CARTESIAN_POINT('',(3.580515085,-436.935096421,-50.428869649));
#3465=CARTESIAN_POINT('',(3.580515085,-437.766834084,-50.366271919));
#3466=CARTESIAN_POINT('',(3.580515085,-438.591338731,-50.266399124));
#3467=CARTESIAN_POINT('',(3.580515085,-439.409067763,-50.125873651));
#3468=CARTESIAN_POINT('',(3.580515085,-439.817932279,-50.055610914));
#3469=CARTESIAN_POINT('',(3.580515085,-440.225529366,-49.975001956));
#3470=CARTESIAN_POINT('',(3.580515085,-440.626796074,-49.884861947));
#3471=CARTESIAN_POINT('',(3.580515085,-441.028062782,-49.794721938));
#3472=CARTESIAN_POINT('',(3.580515085,-441.424160407,-49.694881693));
#3473=CARTESIAN_POINT('',(3.580515085,-441.81527395,-49.585285402));
#3474=CARTESIAN_POINT('',(3.580515085,-442.597501035,-49.366092819));
#3475=CARTESIAN_POINT('',(3.580515085,-443.359741225,-49.107967368));
#3476=CARTESIAN_POINT('',(3.580515085,-444.103390422,-48.8096314));
#3477=CARTESIAN_POINT('',(3.580515085,-444.84703962,-48.511295431));
#3478=CARTESIAN_POINT('',(3.580515085,-445.572120324,-48.172762343));
#3479=CARTESIAN_POINT('',(3.580515085,-446.279780574,-47.791344744));
#3480=CARTESIAN_POINT('',(3.580515085,-446.633610699,-47.600635945));
#3481=CARTESIAN_POINT('',(3.580515085,-446.983571545,-47.398780295));
#3482=CARTESIAN_POINT('',(3.580515085,-447.32458713,-47.188764462));
#3483=CARTESIAN_POINT('',(3.580515085,-447.665602715,-46.978748629));
#3484=CARTESIAN_POINT('',(3.580515085,-447.998876906,-46.759971253));
#3485=CARTESIAN_POINT('',(3.580515085,-448.324810325,-46.532486094));
#3486=CARTESIAN_POINT('',(3.580515085,-449.628543998,-45.622545458));
#3487=CARTESIAN_POINT('',(3.580515085,-450.816380831,-44.574361475));
#3488=CARTESIAN_POINT('',(3.580515085,-451.900973678,-43.381656049));
#3489=CARTESIAN_POINT('',(3.580515085,-452.17212189,-43.083479693));
#3490=CARTESIAN_POINT('',(3.580515085,-452.436724044,-42.776204507));
#3491=CARTESIAN_POINT('',(3.580515085,-452.694782729,-42.459630356));
#3492=CARTESIAN_POINT('',(3.580515085,-452.952841415,-42.143056206));
#3493=CARTESIAN_POINT('',(3.580515085,-453.204171932,-41.817267992));
#3494=CARTESIAN_POINT('',(3.580515085,-453.445932176,-41.486332824));
#3495=CARTESIAN_POINT('',(3.580515085,-453.929452664,-40.824462487));
#3496=CARTESIAN_POINT('',(3.580515085,-454.378182848,-40.137967441));
#3497=CARTESIAN_POINT('',(3.580515085,-454.794436426,-39.427727414));
#3498=CARTESIAN_POINT('',(3.580515085,-455.626943582,-38.00724736));
#3499=CARTESIAN_POINT('',(3.580515085,-456.330316755,-36.491900725));
#3500=CARTESIAN_POINT('',(3.580515085,-456.910045182,-34.886792985));
#3501=CARTESIAN_POINT('',(3.580515085,-457.054977288,-34.48551605));
#3502=CARTESIAN_POINT('',(3.580515085,-457.191548517,-34.080099329));
#3503=CARTESIAN_POINT('',(3.580515085,-457.319323211,-33.6728613));
#3504=CARTESIAN_POINT('',(3.580515085,-457.447097905,-33.265623271));
#3505=CARTESIAN_POINT('',(3.580515085,-457.566319216,-32.85589631));
#3506=CARTESIAN_POINT('',(3.580515085,-457.677273827,-32.443817225));
#3507=CARTESIAN_POINT('',(3.580515085,-457.899183049,-31.619659056));
#3508=CARTESIAN_POINT('',(3.580515085,-458.088077043,-30.786095812));
#3509=CARTESIAN_POINT('',(3.580515085,-458.24555656,-29.944134298));
#3510=CARTESIAN_POINT('',(3.580515085,-458.560515593,-28.260211271));
#3511=CARTESIAN_POINT('',(3.580515085,-458.750426821,-26.542804854));
#3512=CARTESIAN_POINT('',(3.580515085,-458.819475246,-24.798749888));
#3513=CARTESIAN_POINT('',(3.580515085,-458.888523672,-23.054694921));
#3514=CARTESIAN_POINT('',(3.580515085,-458.834762881,-21.277456916));
#3515=CARTESIAN_POINT('',(3.580515085,-458.6608794,-19.520846647));
#3516=CARTESIAN_POINT('',(3.580515085,-458.48699592,-17.764236378));
#3517=CARTESIAN_POINT('',(3.580515085,-458.195690161,-16.033528872));
#3518=CARTESIAN_POINT('',(3.580515085,-457.78987125,-14.33390748));
#3519=CARTESIAN_POINT('',(3.580515085,-457.384052338,-12.634286088));
#3520=CARTESIAN_POINT('',(3.580515085,-456.863785929,-10.965722187));
#3521=CARTESIAN_POINT('',(3.580515085,-456.22199122,-9.335389571));
#3522=CARTESIAN_POINT('',(3.580515085,-455.58019651,-7.705056956));
#3523=CARTESIAN_POINT('',(3.580515085,-454.830293434,-6.147640985));
#3524=CARTESIAN_POINT('',(3.580515085,-453.971925964,-4.670528989));
#3525=CARTESIAN_POINT('',(3.580515085,-453.113558495,-3.193416993));
#3526=CARTESIAN_POINT('',(3.580515085,-452.146463253,-1.795541974));
#3527=CARTESIAN_POINT('',(3.580515085,-451.059435879,-0.487408968));
#3528=CARTESIAN_POINT('',(3.580515085,-449.972408505,0.820724039));
#3529=CARTESIAN_POINT('',(3.580515085,-448.798655662,1.999045746));
#3530=CARTESIAN_POINT('',(3.580515085,-447.535632963,3.049363579));
#3531=CARTESIAN_POINT('',(3.580515085,-446.272610265,4.099681411));
#3532=CARTESIAN_POINT('',(3.580515085,-444.920608783,5.022313608));
#3533=CARTESIAN_POINT('',(3.580515085,-443.463604046,5.810947542));
#3534=CARTESIAN_POINT('',(3.580515085,-442.006599309,6.599581475));
#3535=CARTESIAN_POINT('',(3.580515085,-440.499889186,7.224177437));
#3536=CARTESIAN_POINT('',(3.580515085,-438.936024694,7.697345678));
#3537=B_SPLINE_CURVE_WITH_KNOTS('',3,(#3440,#3441,#3442,#3443,#3444,#3445,#3446,#3447,#3448,#3449,#3450,#3451,#3452,#3453,#3454,#3455,#3456,#3457,#3458,#3459,#3460,#3461,#3462,#3463,#3464,#3465,
#3466,#3467,#3468,#3469,#3470,#3471,#3472,#3473,#3474,#3475,#3476,#3477,#3478,#3479,#3480,#3481,#3482,#3483,#3484,#3485,#3486,#3487,#3488,#3489,#3490,
#3491,#3492,#3493,#3494,#3495,#3496,#3497,#3498,#3499,#3500,#3501,#3502,#3503,#3504,#3505,#3506,#3507,#3508,#3509,#3510,#3511,#3512,#3513,#3514,#3515,
#3516,#3517,#3518,#3519,#3520,#3521,#3522,#3523,#3524,#3525,#3526,#3527,#3528,#3529,#3530,#3531,#3532,#3533,#3534,#3535,#3536),.UNSPECIFIED.,.F.,.F.,(4,3,3,3,3,3,3,3,3,3,3,3,3,3,3,3,3,3,3,3,3,3,3,3,3,3,
3,3,3,3,3,3,4),(0.336749843,0.336773097,0.33679635,0.336842856,0.336935869,0.337121896,0.337493948,0.338238053,0.339726262,0.342702681,0.34419089,0.345679099,0.348655518,0.351631937,0.353120146,0.354608356,0.360561193,0.362049402,0.363537612,0.36651403,0.372466868,0.373955077,0.375443287,0.378419705,0.384372543,0.39032538,
0.396278218,0.402231055,0.408183892,0.41413673,0.420089567,0.426042405,0.431995242),.UNSPECIFIED.);
#3538=EDGE_CURVE('',#3406,#3118,#3537,.T.);
#3539=ORIENTED_EDGE('',*,*,#3538,.T.);
#3540=ORIENTED_EDGE('',*,*,#3125,.T.);
#3541=CARTESIAN_POINT('',(2.368179827,-438.936024694,7.697345678));
#3542=CARTESIAN_POINT('',(2.368179827,-440.518542651,7.21853358));
#3543=CARTESIAN_POINT('',(2.368179827,-442.045703992,6.582902188));
#3544=CARTESIAN_POINT('',(2.368179827,-443.514912321,5.783096186));
#3545=CARTESIAN_POINT('',(2.368179827,-443.882214403,5.583144685));
#3546=CARTESIAN_POINT('',(2.368179827,-444.24588118,5.372894759));
#3547=CARTESIAN_POINT('',(2.368179827,-444.605842846,5.152148655));
#3548=CARTESIAN_POINT('',(2.368179827,-444.965804512,4.931402551));
#3549=CARTESIAN_POINT('',(2.368179827,-445.323214416,4.699307649));
#3550=CARTESIAN_POINT('',(2.368179827,-445.67211494,4.459836299));
#3551=CARTESIAN_POINT('',(2.368179827,-446.36991599,3.980893598));
#3552=CARTESIAN_POINT('',(2.368179827,-447.037061002,3.470807192));
#3553=CARTESIAN_POINT('',(2.368179827,-447.675853353,2.931917101));
#3554=CARTESIAN_POINT('',(2.368179827,-448.953438056,1.854136918));
#3555=CARTESIAN_POINT('',(2.368179827,-450.118145319,0.661683677));
#3556=CARTESIAN_POINT('',(2.368179827,-451.180800164,-0.634445401));
#3557=CARTESIAN_POINT('',(2.368179827,-451.446463875,-0.95847767));
#3558=CARTESIAN_POINT('',(2.368179827,-451.705706071,-1.289033606));
#3559=CARTESIAN_POINT('',(2.368179827,-451.958612563,-1.626026032));
#3560=CARTESIAN_POINT('',(2.368179827,-452.211519055,-1.963018459));
#3561=CARTESIAN_POINT('',(2.368179827,-452.458492306,-2.30703847));
#3562=CARTESIAN_POINT('',(2.368179827,-452.698258623,-2.656082388));
#3563=CARTESIAN_POINT('',(2.368179827,-453.177791258,-3.354170225));
#3564=CARTESIAN_POINT('',(2.368179827,-453.625534171,-4.067673431));
#3565=CARTESIAN_POINT('',(2.368179827,-454.044081789,-4.795333927));
#3566=CARTESIAN_POINT('',(2.368179827,-454.881177025,-6.250654917));
#3567=CARTESIAN_POINT('',(2.368179827,-455.602158433,-7.762281451));
#3568=CARTESIAN_POINT('',(2.368179827,-456.217879839,-9.324950327));
#3569=CARTESIAN_POINT('',(2.368179827,-456.833601245,-10.887619204));
#3570=CARTESIAN_POINT('',(2.368179827,-457.345008131,-12.510183911));
#3571=CARTESIAN_POINT('',(2.368179827,-457.743566451,-14.142162538));
#3572=CARTESIAN_POINT('',(2.368179827,-458.142124772,-15.774141165));
#3573=CARTESIAN_POINT('',(2.368179827,-458.431999535,-17.423214649));
#3574=CARTESIAN_POINT('',(2.368179827,-458.615694326,-19.088989202));
#3575=CARTESIAN_POINT('',(2.368179827,-458.707541721,-19.921876478));
#3576=CARTESIAN_POINT('',(2.368179827,-458.772678995,-20.758964994));
#3577=CARTESIAN_POINT('',(2.368179827,-458.810392058,-21.60036707));
#3578=CARTESIAN_POINT('',(2.368179827,-458.84810512,-22.441769146));
#3579=CARTESIAN_POINT('',(2.368179827,-458.858307141,-23.288941007));
#3580=CARTESIAN_POINT('',(2.368179827,-458.839849083,-24.134892261));
#3581=CARTESIAN_POINT('',(2.368179827,-458.821391025,-24.980843514));
#3582=CARTESIAN_POINT('',(2.368179827,-458.77434192,-25.824293398));
#3583=CARTESIAN_POINT('',(2.368179827,-458.698611748,-26.660249374));
#3584=CARTESIAN_POINT('',(2.368179827,-458.622881576,-27.496205351));
#3585=CARTESIAN_POINT('',(2.368179827,-458.518452857,-28.326140812));
#3586=CARTESIAN_POINT('',(2.368179827,-458.384411681,-29.149864033));
#3587=CARTESIAN_POINT('',(2.368179827,-458.116329329,-30.797310475));
#3588=CARTESIAN_POINT('',(2.368179827,-457.73084581,-32.42012795));
#3589=CARTESIAN_POINT('',(2.368179827,-457.209914129,-34.014530475));
#3590=CARTESIAN_POINT('',(2.368179827,-457.079681209,-34.413131106));
#3591=CARTESIAN_POINT('',(2.368179827,-456.940898666,-34.809938157));
#3592=CARTESIAN_POINT('',(2.368179827,-456.793095589,-35.204852838));
#3593=CARTESIAN_POINT('',(2.368179827,-456.645292512,-35.59976752));
#3594=CARTESIAN_POINT('',(2.368179827,-456.488204125,-35.993407642));
#3595=CARTESIAN_POINT('',(2.368179827,-456.322111062,-36.383659384));
#3596=CARTESIAN_POINT('',(2.368179827,-455.989924938,-37.164162867));
#3597=CARTESIAN_POINT('',(2.368179827,-455.624785689,-37.924362683));
#3598=CARTESIAN_POINT('',(2.368179827,-455.225028937,-38.663233346));
#3599=CARTESIAN_POINT('',(2.368179827,-454.425515432,-40.140974671));
#3600=CARTESIAN_POINT('',(2.368179827,-453.488782932,-41.534170179));
#3601=CARTESIAN_POINT('',(2.368179827,-452.388947215,-42.826871623));
#3602=CARTESIAN_POINT('',(2.368179827,-452.113988286,-43.150046983));
#3603=CARTESIAN_POINT('',(2.368179827,-451.829036009,-43.466369258));
#3604=CARTESIAN_POINT('',(2.368179827,-451.537423398,-43.771890934));
#3605=CARTESIAN_POINT('',(2.368179827,-451.245810786,-44.07741261));
#3606=CARTESIAN_POINT('',(2.368179827,-450.946641862,-44.373214667));
#3607=CARTESIAN_POINT('',(2.368179827,-450.639904378,-44.659281351));
#3608=CARTESIAN_POINT('',(2.368179827,-450.02642941,-45.231414718));
#3609=CARTESIAN_POINT('',(2.368179827,-449.382711422,-45.764646751));
#3610=CARTESIAN_POINT('',(2.368179827,-448.70827269,-46.258362955));
#3611=CARTESIAN_POINT('',(2.368179827,-448.033833958,-46.752079159));
#3612=CARTESIAN_POINT('',(2.368179827,-447.328674349,-47.206279364));
#3613=CARTESIAN_POINT('',(2.368179827,-446.591829121,-47.619722633));
#3614=CARTESIAN_POINT('',(2.368179827,-446.223406508,-47.826444267));
#3615=CARTESIAN_POINT('',(2.368179827,-445.845706057,-48.023597266));
#3616=CARTESIAN_POINT('',(2.368179827,-445.463530156,-48.208629825));
#3617=CARTESIAN_POINT('',(2.368179827,-445.081354255,-48.393662383));
#3618=CARTESIAN_POINT('',(2.368179827,-444.695308312,-48.566407093));
#3619=CARTESIAN_POINT('',(2.368179827,-444.305544667,-48.72734765));
#3620=CARTESIAN_POINT('',(2.368179827,-442.746490087,-49.371109877));
#3621=CARTESIAN_POINT('',(2.368179827,-441.128255465,-49.826968339));
#3622=CARTESIAN_POINT('',(2.368179827,-439.457928418,-50.117427079));
#3623=CARTESIAN_POINT('',(2.368179827,-439.040346657,-50.190041764));
#3624=CARTESIAN_POINT('',(2.368179827,-438.619196473,-50.252243308));
#3625=CARTESIAN_POINT('',(2.368179827,-438.199100109,-50.303908836));
#3626=CARTESIAN_POINT('',(2.368179827,-437.779003744,-50.355574363));
#3627=CARTESIAN_POINT('',(2.368179827,-437.358901248,-50.396915902));
#3628=CARTESIAN_POINT('',(2.368179827,-436.938793009,-50.428591183));
#3629=CARTESIAN_POINT('',(2.368179827,-436.098576533,-50.491941746));
#3630=CARTESIAN_POINT('',(2.368179827,-435.258337131,-50.516695038));
#3631=CARTESIAN_POINT('',(2.368179827,-434.418077391,-50.507208374));
#3632=B_SPLINE_CURVE_WITH_KNOTS('',3,(#3541,#3542,#3543,#3544,#3545,#3546,#3547,#3548,#3549,#3550,#3551,#3552,#3553,#3554,#3555,#3556,#3557,#3558,#3559,#3560,#3561,#3562,#3563,#3564,#3565,#3566,
#3567,#3568,#3569,#3570,#3571,#3572,#3573,#3574,#3575,#3576,#3577,#3578,#3579,#3580,#3581,#3582,#3583,#3584,#3585,#3586,#3587,#3588,#3589,#3590,#3591,
#3592,#3593,#3594,#3595,#3596,#3597,#3598,#3599,#3600,#3601,#3602,#3603,#3604,#3605,#3606,#3607,#3608,#3609,#3610,#3611,#3612,#3613,#3614,#3615,#3616,
#3617,#3618,#3619,#3620,#3621,#3622,#3623,#3624,#3625,#3626,#3627,#3628,#3629,#3630,#3631),.UNSPECIFIED.,.F.,.F.,(4,3,3,3,3,3,3,3,3,3,3,3,3,3,3,3,3,3,3,3,3,3,3,3,3,3,
3,3,3,3,4),(0.137942646,0.142902748,0.144142774,0.145382799,0.147862851,0.152822953,0.154062979,0.155303004,0.157783056,0.162743158,0.167703261,0.172663363,0.175143415,0.177623466,0.180103517,0.182583568,0.187543671,0.188783696,0.190023722,0.192503773,0.197463876,0.198703901,0.199943927,0.202423978,0.20490403,0.206144055,
0.207384081,0.212344183,0.213584209,0.214824235,0.217304286),.UNSPECIFIED.);
#3633=EDGE_CURVE('',#3120,#3414,#3632,.T.);
#3634=ORIENTED_EDGE('',*,*,#3633,.T.);
#3635=EDGE_LOOP('',(#3439,#3539,#3540,#3634));
#3636=FACE_BOUND('',#3635,.T.);
#3637=ADVANCED_FACE('',(#3636),#3438,.F.);
#3638=CARTESIAN_POINT('',(2.368179827,-94.137112379,-374.382875149));
#3639=DIRECTION('',(-1.,0.,0.));
#3640=DIRECTION('',(0.,0.,1.));
#3641=AXIS2_PLACEMENT_3D('',#3638,#3639,#3640);
#3642=PLANE('',#3641);
#3643=ORIENTED_EDGE('',*,*,#741,.F.);
#3644=EDGE_LOOP('',(#3643));
#3645=FACE_BOUND('',#3644,.T.);
#3646=ORIENTED_EDGE('',*,*,#708,.F.);
#3647=EDGE_LOOP('',(#3646));
#3648=FACE_BOUND('',#3647,.T.);
#3649=ORIENTED_EDGE('',*,*,#3147,.F.);
#3650=ORIENTED_EDGE('',*,*,#3394,.T.);
#3651=ORIENTED_EDGE('',*,*,#3425,.T.);
#3652=ORIENTED_EDGE('',*,*,#3633,.F.);
#3653=EDGE_LOOP('',(#3649,#3650,#3651,#3652));
#3654=FACE_BOUND('',#3653,.T.);
#3655=ADVANCED_FACE('',(#3645,#3648,#3654),#3642,.T.);
#3656=CARTESIAN_POINT('',(8.85387815,-439.822124342,12.938696571));
#3657=CARTESIAN_POINT('',(8.85387815,-439.722172219,12.608345623));
#3658=CARTESIAN_POINT('',(8.819885588,-439.622222567,12.278002844));
#3659=CARTESIAN_POINT('',(8.685218326,-439.426159424,11.62999615));
#3660=CARTESIAN_POINT('',(8.584546956,-439.330050781,11.312348259));
#3661=CARTESIAN_POINT('',(8.32038762,-439.145363338,10.701939301));
#3662=CARTESIAN_POINT('',(8.156906186,-439.056789106,10.409193328));
#3663=CARTESIAN_POINT('',(7.77340627,-438.890574799,9.859839779));
#3664=CARTESIAN_POINT('',(7.553397272,-438.812938835,9.603245787));
#3665=CARTESIAN_POINT('',(7.065294464,-438.671585186,9.136058997));
#3666=CARTESIAN_POINT('',(6.797212723,-438.607870997,8.92547775));
#3667=CARTESIAN_POINT('',(6.22326454,-438.496810148,8.558411444));
#3668=CARTESIAN_POINT('',(5.917412289,-438.449466234,8.401935461));
#3669=CARTESIAN_POINT('',(5.279675237,-438.372966191,8.149095792));
#3670=CARTESIAN_POINT('',(4.947806205,-438.343811953,8.052738358));
#3671=CARTESIAN_POINT('',(4.270788162,-438.304812569,7.923841812));
#3672=CARTESIAN_POINT('',(3.92565589,-438.294968387,7.891305888));
#3673=CARTESIAN_POINT('',(3.580515085,-438.294968387,7.891305888));
#3674=CARTESIAN_POINT('',(8.85387815,-439.933320509,12.905052675));
#3675=CARTESIAN_POINT('',(8.85387815,-439.833368385,12.574701727));
#3676=CARTESIAN_POINT('',(8.819885588,-439.733418733,12.244358948));
#3677=CARTESIAN_POINT('',(8.685218326,-439.53735559,11.596352254));
#3678=CARTESIAN_POINT('',(8.584546956,-439.441246947,11.278704363));
#3679=CARTESIAN_POINT('',(8.32038762,-439.256559505,10.668295405));
#3680=CARTESIAN_POINT('',(8.156906186,-439.167985272,10.375549431));
#3681=CARTESIAN_POINT('',(7.77340627,-439.001770966,9.826195883));
#3682=CARTESIAN_POINT('',(7.553397272,-438.924135001,9.569601891));
#3683=CARTESIAN_POINT('',(7.065294464,-438.782781353,9.1024151));
#3684=CARTESIAN_POINT('',(6.797212723,-438.719067163,8.891833854));
#3685=CARTESIAN_POINT('',(6.22326454,-438.608006314,8.524767548));
#3686=CARTESIAN_POINT('',(5.917412289,-438.560662401,8.368291565));
#3687=CARTESIAN_POINT('',(5.279675237,-438.484162357,8.115451896));
#3688=CARTESIAN_POINT('',(4.947806205,-438.455008119,8.019094462));
#3689=CARTESIAN_POINT('',(4.270788162,-438.416008735,7.890197916));
#3690=CARTESIAN_POINT('',(3.92565589,-438.406164554,7.857661992));
#3691=CARTESIAN_POINT('',(3.580515085,-438.406164554,7.857661992));
#3692=CARTESIAN_POINT('',(8.85387815,-440.044516675,12.871408778));
#3693=CARTESIAN_POINT('',(8.85387815,-439.944564552,12.541057831));
#3694=CARTESIAN_POINT('',(8.819885588,-439.8446149,12.210715052));
#3695=CARTESIAN_POINT('',(8.685218326,-439.648551757,11.562708358));
#3696=CARTESIAN_POINT('',(8.584546956,-439.552443114,11.245060467));
#3697=CARTESIAN_POINT('',(8.32038762,-439.367755672,10.634651509));
#3698=CARTESIAN_POINT('',(8.156906186,-439.279181439,10.341905535));
#3699=CARTESIAN_POINT('',(7.77340627,-439.112967132,9.792551986));
#3700=CARTESIAN_POINT('',(7.553397272,-439.035331168,9.535957995));
#3701=CARTESIAN_POINT('',(7.065294464,-438.893977519,9.068771204));
#3702=CARTESIAN_POINT('',(6.797212723,-438.83026333,8.858189958));
#3703=CARTESIAN_POINT('',(6.22326454,-438.719202481,8.491123652));
#3704=CARTESIAN_POINT('',(5.917412289,-438.671858567,8.334647669));
#3705=CARTESIAN_POINT('',(5.279675237,-438.595358524,8.081808));
#3706=CARTESIAN_POINT('',(4.947806205,-438.566204286,7.985450565));
#3707=CARTESIAN_POINT('',(4.270788162,-438.527204902,7.85655402));
#3708=CARTESIAN_POINT('',(3.92565589,-438.51736072,7.824018096));
#3709=CARTESIAN_POINT('',(3.580515085,-438.51736072,7.824018096));
#3710=CARTESIAN_POINT('',(8.85387815,-440.229049815,12.815575794));
#3711=CARTESIAN_POINT('',(8.85387815,-440.129097692,12.485224847));
#3712=CARTESIAN_POINT('',(8.819885588,-440.02914804,12.154882068));
#3713=CARTESIAN_POINT('',(8.685218326,-439.833084897,11.506875374));
#3714=CARTESIAN_POINT('',(8.584546956,-439.736976254,11.189227483));
#3715=CARTESIAN_POINT('',(8.32038762,-439.552288812,10.578818524));
#3716=CARTESIAN_POINT('',(8.156906186,-439.463714579,10.286072551));
#3717=CARTESIAN_POINT('',(7.77340627,-439.297500272,9.736719002));
#3718=CARTESIAN_POINT('',(7.553397272,-439.219864308,9.480125011));
#3719=CARTESIAN_POINT('',(7.065294464,-439.078510659,9.01293822));
#3720=CARTESIAN_POINT('',(6.797212723,-439.01479647,8.802356973));
#3721=CARTESIAN_POINT('',(6.22326454,-438.903735621,8.435290668));
#3722=CARTESIAN_POINT('',(5.917412289,-438.856391707,8.278814685));
#3723=CARTESIAN_POINT('',(5.279675237,-438.779891664,8.025975016));
#3724=CARTESIAN_POINT('',(4.947806205,-438.750737426,7.929617581));
#3725=CARTESIAN_POINT('',(4.270788162,-438.711738042,7.800721036));
#3726=CARTESIAN_POINT('',(3.92565589,-438.70189386,7.768185112));
#3727=CARTESIAN_POINT('',(3.580515085,-438.70189386,7.768185112));
#3728=CARTESIAN_POINT('',(8.85387815,-440.302386789,12.793386706));
#3729=CARTESIAN_POINT('',(8.85387815,-440.202434665,12.463035759));
#3730=CARTESIAN_POINT('',(8.819885588,-440.102485013,12.13269298));
#3731=CARTESIAN_POINT('',(8.685218326,-439.90642187,11.484686286));
#3732=CARTESIAN_POINT('',(8.584546956,-439.810313227,11.167038395));
#3733=CARTESIAN_POINT('',(8.32038762,-439.625625785,10.556629437));
#3734=CARTESIAN_POINT('',(8.156906186,-439.537051552,10.263883463));
#3735=CARTESIAN_POINT('',(7.77340627,-439.370837246,9.714529914));
#3736=CARTESIAN_POINT('',(7.553397272,-439.293201281,9.457935923));
#3737=CARTESIAN_POINT('',(7.065294464,-439.151847633,8.990749132));
#3738=CARTESIAN_POINT('',(6.797212723,-439.088133443,8.780167886));
#3739=CARTESIAN_POINT('',(6.22326454,-438.977072594,8.41310158));
#3740=CARTESIAN_POINT('',(5.917412289,-438.929728681,8.256625597));
#3741=CARTESIAN_POINT('',(5.279675237,-438.853228637,8.003785928));
#3742=CARTESIAN_POINT('',(4.947806205,-438.824074399,7.907428493));
#3743=CARTESIAN_POINT('',(4.270788162,-438.785075015,7.778531948));
#3744=CARTESIAN_POINT('',(3.92565589,-438.775230834,7.745996024));
#3745=CARTESIAN_POINT('',(3.580515085,-438.775230834,7.745996024));
#3746=CARTESIAN_POINT('',(8.85387815,-440.394058006,12.765650347));
#3747=CARTESIAN_POINT('',(8.85387815,-440.294105882,12.435299399));
#3748=CARTESIAN_POINT('',(8.819885588,-440.19415623,12.10495662));
#3749=CARTESIAN_POINT('',(8.685218326,-439.998093087,11.456949926));
#3750=CARTESIAN_POINT('',(8.584546956,-439.901984444,11.139302035));
#3751=CARTESIAN_POINT('',(8.32038762,-439.717297002,10.528893077));
#3752=CARTESIAN_POINT('',(8.156906186,-439.628722769,10.236147103));
#3753=CARTESIAN_POINT('',(7.77340627,-439.462508462,9.686793555));
#3754=CARTESIAN_POINT('',(7.553397272,-439.384872498,9.430199563));
#3755=CARTESIAN_POINT('',(7.065294464,-439.243518849,8.963012772));
#3756=CARTESIAN_POINT('',(6.797212723,-439.17980466,8.752431526));
#3757=CARTESIAN_POINT('',(6.22326454,-439.068743811,8.38536522));
#3758=CARTESIAN_POINT('',(5.917412289,-439.021399897,8.228889237));
#3759=CARTESIAN_POINT('',(5.279675237,-438.944899854,7.976049568));
#3760=CARTESIAN_POINT('',(4.947806205,-438.915745616,7.879692134));
#3761=CARTESIAN_POINT('',(4.270788162,-438.876746232,7.750795588));
#3762=CARTESIAN_POINT('',(3.92565589,-438.86690205,7.718259664));
#3763=CARTESIAN_POINT('',(3.580515085,-438.86690205,7.718259664));
#3764=CARTESIAN_POINT('',(8.85387815,-440.412392249,12.760103075));
#3765=CARTESIAN_POINT('',(8.85387815,-440.312440125,12.429752127));
#3766=CARTESIAN_POINT('',(8.819885588,-440.212490473,12.099409348));
#3767=CARTESIAN_POINT('',(8.685218326,-440.01642733,11.451402654));
#3768=CARTESIAN_POINT('',(8.584546956,-439.920318687,11.133754763));
#3769=CARTESIAN_POINT('',(8.32038762,-439.735631245,10.523345805));
#3770=CARTESIAN_POINT('',(8.156906186,-439.647057012,10.230599831));
#3771=CARTESIAN_POINT('',(7.77340627,-439.480842706,9.681246283));
#3772=CARTESIAN_POINT('',(7.553397272,-439.403206741,9.424652291));
#3773=CARTESIAN_POINT('',(7.065294464,-439.261853093,8.9574655));
#3774=CARTESIAN_POINT('',(6.797212723,-439.198138904,8.746884254));
#3775=CARTESIAN_POINT('',(6.22326454,-439.087078054,8.379817948));
#3776=CARTESIAN_POINT('',(5.917412289,-439.039734141,8.223341965));
#3777=CARTESIAN_POINT('',(5.279675237,-438.963234097,7.970502296));
#3778=CARTESIAN_POINT('',(4.947806205,-438.934079859,7.874144862));
#3779=CARTESIAN_POINT('',(4.270788162,-438.895080475,7.745248316));
#3780=CARTESIAN_POINT('',(3.92565589,-438.885236294,7.712712392));
#3781=CARTESIAN_POINT('',(3.580515085,-438.885236294,7.712712392));
#3782=CARTESIAN_POINT('',(8.85387815,-440.439893614,12.751782167));
#3783=CARTESIAN_POINT('',(8.85387815,-440.33994149,12.421431219));
#3784=CARTESIAN_POINT('',(8.819885588,-440.239991838,12.09108844));
#3785=CARTESIAN_POINT('',(8.685218326,-440.043928695,11.443081746));
#3786=CARTESIAN_POINT('',(8.584546956,-439.947820052,11.125433855));
#3787=CARTESIAN_POINT('',(8.32038762,-439.76313261,10.515024897));
#3788=CARTESIAN_POINT('',(8.156906186,-439.674558377,10.222278923));
#3789=CARTESIAN_POINT('',(7.77340627,-439.508344071,9.672925375));
#3790=CARTESIAN_POINT('',(7.553397272,-439.430708106,9.416331383));
#3791=CARTESIAN_POINT('',(7.065294464,-439.289354458,8.949144592));
#3792=CARTESIAN_POINT('',(6.797212723,-439.225640269,8.738563346));
#3793=CARTESIAN_POINT('',(6.22326454,-439.114579419,8.37149704));
#3794=CARTESIAN_POINT('',(5.917412289,-439.067235506,8.215021057));
#3795=CARTESIAN_POINT('',(5.279675237,-438.990735462,7.962181388));
#3796=CARTESIAN_POINT('',(4.947806205,-438.961581224,7.865823954));
#3797=CARTESIAN_POINT('',(4.270788162,-438.92258184,7.736927408));
#3798=CARTESIAN_POINT('',(3.92565589,-438.912737659,7.704391484));
#3799=CARTESIAN_POINT('',(3.580515085,-438.912737659,7.704391484));
#3800=CARTESIAN_POINT('',(8.85387815,-440.449060736,12.749008531));
#3801=CARTESIAN_POINT('',(8.85387815,-440.349108612,12.418657583));
#3802=CARTESIAN_POINT('',(8.819885588,-440.24915896,12.088314804));
#3803=CARTESIAN_POINT('',(8.685218326,-440.053095817,11.44030811));
#3804=CARTESIAN_POINT('',(8.584546956,-439.956987174,11.122660219));
#3805=CARTESIAN_POINT('',(8.32038762,-439.772299732,10.512251261));
#3806=CARTESIAN_POINT('',(8.156906186,-439.683725499,10.219505287));
#3807=CARTESIAN_POINT('',(7.77340627,-439.517511192,9.670151739));
#3808=CARTESIAN_POINT('',(7.553397272,-439.439875228,9.413557747));
#3809=CARTESIAN_POINT('',(7.065294464,-439.298521579,8.946370956));
#3810=CARTESIAN_POINT('',(6.797212723,-439.23480739,8.73578971));
#3811=CARTESIAN_POINT('',(6.22326454,-439.123746541,8.368723404));
#3812=CARTESIAN_POINT('',(5.917412289,-439.076402627,8.212247421));
#3813=CARTESIAN_POINT('',(5.279675237,-438.999902584,7.959407752));
#3814=CARTESIAN_POINT('',(4.947806205,-438.970748346,7.863050318));
#3815=CARTESIAN_POINT('',(4.270788162,-438.931748962,7.734153772));
#3816=CARTESIAN_POINT('',(3.92565589,-438.92190478,7.701617848));
#3817=CARTESIAN_POINT('',(3.580515085,-438.92190478,7.701617848));
#3818=CARTESIAN_POINT('',(8.85387815,-440.467394979,12.743461259));
#3819=CARTESIAN_POINT('',(8.85387815,-440.367442855,12.413110311));
#3820=CARTESIAN_POINT('',(8.819885588,-440.267493203,12.082767532));
#3821=CARTESIAN_POINT('',(8.685218326,-440.07143006,11.434760838));
#3822=CARTESIAN_POINT('',(8.584546956,-439.975321417,11.117112947));
#3823=CARTESIAN_POINT('',(8.32038762,-439.790633975,10.506703989));
#3824=CARTESIAN_POINT('',(8.156906186,-439.702059742,10.213958015));
#3825=CARTESIAN_POINT('',(7.77340627,-439.535845436,9.664604467));
#3826=CARTESIAN_POINT('',(7.553397272,-439.458209471,9.408010475));
#3827=CARTESIAN_POINT('',(7.065294464,-439.316855823,8.940823684));
#3828=CARTESIAN_POINT('',(6.797212723,-439.253141634,8.730242438));
#3829=CARTESIAN_POINT('',(6.22326454,-439.142080784,8.363176132));
#3830=CARTESIAN_POINT('',(5.917412289,-439.094736871,8.206700149));
#3831=CARTESIAN_POINT('',(5.279675237,-439.018236827,7.95386048));
#3832=CARTESIAN_POINT('',(4.947806205,-438.989082589,7.857503046));
#3833=CARTESIAN_POINT('',(4.270788162,-438.950083205,7.7286065));
#3834=CARTESIAN_POINT('',(3.92565589,-438.940239024,7.696070576));
#3835=CARTESIAN_POINT('',(3.580515085,-438.940239024,7.696070576));
#3836=CARTESIAN_POINT('',(8.85387815,-440.476561562,12.740685977));
#3837=CARTESIAN_POINT('',(8.85387815,-440.376454782,12.410381843));
#3838=CARTESIAN_POINT('',(8.819885589,-440.276350478,12.080085877));
#3839=CARTESIAN_POINT('',(8.685218327,-440.079983965,11.432171012));
#3840=CARTESIAN_POINT('',(8.584546957,-439.983726613,11.114568135));
#3841=CARTESIAN_POINT('',(8.320387622,-439.798753403,10.504245678));
#3842=CARTESIAN_POINT('',(8.156906188,-439.710042119,10.21154119));
#3843=CARTESIAN_POINT('',(7.773406272,-439.543570628,9.66226549));
#3844=CARTESIAN_POINT('',(7.553397274,-439.465814537,9.40570786));
#3845=CARTESIAN_POINT('',(7.065294466,-439.324242171,8.938587274));
#3846=CARTESIAN_POINT('',(6.797212725,-439.260429397,8.728035869));
#3847=CARTESIAN_POINT('',(6.223264542,-439.149196702,8.36102158));
#3848=CARTESIAN_POINT('',(5.91741229,-439.101779533,8.204567771));
#3849=CARTESIAN_POINT('',(5.279675238,-439.025161121,7.951763932));
#3850=CARTESIAN_POINT('',(4.947806206,-438.995961772,7.855420152));
#3851=CARTESIAN_POINT('',(4.270788162,-438.956902044,7.726541873));
#3852=CARTESIAN_POINT('',(3.925655891,-438.947042631,7.694010559));
#3853=CARTESIAN_POINT('',(3.580515085,-438.947042631,7.694010559));
#3854=CARTESIAN_POINT('',(8.85387815,-440.522385426,12.726781879));
#3855=CARTESIAN_POINT('',(8.85387815,-440.421748939,12.396638472));
#3856=CARTESIAN_POINT('',(8.819885589,-440.321114941,12.066503228));
#3857=CARTESIAN_POINT('',(8.685218327,-440.123709372,11.418903639));
#3858=CARTESIAN_POINT('',(8.584546957,-440.026942682,11.101455307));
#3859=CARTESIAN_POINT('',(8.320387622,-439.840990701,10.491429833));
#3860=CARTESIAN_POINT('',(8.156906188,-439.751810009,10.198867775));
#3861=CARTESIAN_POINT('',(7.773406272,-439.584457648,9.649859352));
#3862=CARTESIAN_POINT('',(7.553397274,-439.506290118,9.393426564));
#3863=CARTESIAN_POINT('',(7.065294466,-439.363968634,8.926533279));
#3864=CARTESIAN_POINT('',(6.797212725,-439.299818199,8.716084328));
#3865=CARTESIAN_POINT('',(6.223264542,-439.187996926,8.349248628));
#3866=CARTESIAN_POINT('',(5.91741229,-439.140328853,8.19287095));
#3867=CARTESIAN_POINT('',(5.279675238,-439.063305021,7.940190125));
#3868=CARTESIAN_POINT('',(4.947806206,-439.033951167,7.843893227));
#3869=CARTESIAN_POINT('',(4.270788162,-438.994684757,7.715077659));
#3870=CARTESIAN_POINT('',(3.925655891,-438.984773174,7.682562176));
#3871=CARTESIAN_POINT('',(3.580515085,-438.984773174,7.682562176));
#3872=CARTESIAN_POINT('',(8.85387815,-440.559021651,12.715588677));
#3873=CARTESIAN_POINT('',(8.853878162,-440.457961486,12.385574707));
#3874=CARTESIAN_POINT('',(8.819885611,-440.35690382,12.055568896));
#3875=CARTESIAN_POINT('',(8.685218367,-440.158667174,11.408223204));
#3876=CARTESIAN_POINT('',(8.584547004,-440.061493096,11.090899329));
#3877=CARTESIAN_POINT('',(8.320387679,-439.874758257,10.481113018));
#3878=CARTESIAN_POINT('',(8.156906248,-439.785202114,10.188665659));
#3879=CARTESIAN_POINT('',(7.773406337,-439.617145199,9.639872476));
#3880=CARTESIAN_POINT('',(7.553397339,-439.538648582,9.383540221));
#3881=CARTESIAN_POINT('',(7.065294528,-439.395727924,8.916829981));
#3882=CARTESIAN_POINT('',(6.797212785,-439.331307415,8.706463536));
#3883=CARTESIAN_POINT('',(6.223264594,-439.219015374,8.339771652));
#3884=CARTESIAN_POINT('',(5.917412338,-439.171146617,8.183455281));
#3885=CARTESIAN_POINT('',(5.279675274,-439.093798513,7.930873518));
#3886=CARTESIAN_POINT('',(4.947806235,-439.064321079,7.834614372));
#3887=CARTESIAN_POINT('',(4.270788177,-439.024889357,7.705849306));
#3888=CARTESIAN_POINT('',(3.925655898,-439.014936045,7.67334657));
#3889=CARTESIAN_POINT('',(3.580515085,-439.014936045,7.67334657));
#3890=CARTESIAN_POINT('',(8.85387815,-440.742087825,12.659271125));
#3891=CARTESIAN_POINT('',(8.853878162,-440.63890977,12.329908692));
#3892=CARTESIAN_POINT('',(8.819885611,-440.535734266,12.000554402));
#3893=CARTESIAN_POINT('',(8.685218367,-440.333343229,11.354486746));
#3894=CARTESIAN_POINT('',(8.584547004,-440.234132701,11.037789355));
#3895=CARTESIAN_POINT('',(8.320387679,-440.043484513,10.429206927));
#3896=CARTESIAN_POINT('',(8.156906248,-439.952051566,10.137336938));
#3897=CARTESIAN_POINT('',(7.773406337,-439.780472728,9.589627221));
#3898=CARTESIAN_POINT('',(7.553397339,-439.70033108,9.333801036));
#3899=CARTESIAN_POINT('',(7.065294528,-439.554415273,8.868012208));
#3900=CARTESIAN_POINT('',(6.797212785,-439.488644721,8.658061083));
#3901=CARTESIAN_POINT('',(6.223264594,-439.373999407,8.292093149));
#3902=CARTESIAN_POINT('',(5.917412338,-439.325127478,8.136085388));
#3903=CARTESIAN_POINT('',(5.279675274,-439.246158412,7.88400229));
#3904=CARTESIAN_POINT('',(4.947806235,-439.216063226,7.787933186));
#3905=CARTESIAN_POINT('',(4.270788177,-439.175805145,7.659422337));
#3906=CARTESIAN_POINT('',(3.925655898,-439.165643245,7.62698377));
#3907=CARTESIAN_POINT('',(3.580515085,-439.165643245,7.62698377));
#3908=CARTESIAN_POINT('',(8.85387815,-440.888174701,12.613097625));
#3909=CARTESIAN_POINT('',(8.853878348,-440.783303812,12.284270133));
#3910=CARTESIAN_POINT('',(8.819885959,-440.678435511,11.955450753));
#3911=CARTESIAN_POINT('',(8.685218988,-440.472723842,11.310432361));
#3912=CARTESIAN_POINT('',(8.584547736,-440.371885561,10.994249297));
#3913=CARTESIAN_POINT('',(8.320388578,-440.17810939,10.38665521));
#3914=CARTESIAN_POINT('',(8.156907204,-440.085176291,10.095259209));
#3915=CARTESIAN_POINT('',(7.773407354,-439.910782334,9.548438944));
#3916=CARTESIAN_POINT('',(7.553398361,-439.829325787,9.2930282));
#3917=CARTESIAN_POINT('',(7.065295515,-439.681015909,8.827995768));
#3918=CARTESIAN_POINT('',(6.797213731,-439.614166246,8.618385579));
#3919=CARTESIAN_POINT('',(6.22326542,-439.497639918,8.253011929));
#3920=CARTESIAN_POINT('',(5.917413086,-439.447966135,8.097257503));
#3921=CARTESIAN_POINT('',(5.279675838,-439.367701401,7.84558375));
#3922=CARTESIAN_POINT('',(4.947806695,-439.337112435,7.749670646));
#3923=CARTESIAN_POINT('',(4.270788414,-439.296193827,7.621368478));
#3924=CARTESIAN_POINT('',(3.925656017,-439.285865196,7.588982586));
#3925=CARTESIAN_POINT('',(3.580515085,-439.285865195,7.588982586));
#3926=CARTESIAN_POINT('',(8.85387815,-441.325329065,12.47119405));
#3927=CARTESIAN_POINT('',(8.853878348,-441.21538562,12.144013148));
#3928=CARTESIAN_POINT('',(8.819885959,-441.105444888,11.816840318));
#3929=CARTESIAN_POINT('',(8.685218988,-440.889783042,11.175051829));
#3930=CARTESIAN_POINT('',(8.584547736,-440.784067262,10.860452039));
#3931=CARTESIAN_POINT('',(8.320388578,-440.58091823,10.255900453));
#3932=CARTESIAN_POINT('',(8.156907204,-440.483490003,9.965963606));
#3933=CARTESIAN_POINT('',(7.773407354,-440.300660694,9.42188152));
#3934=CARTESIAN_POINT('',(7.553398361,-440.215264134,9.167749734));
#3935=CARTESIAN_POINT('',(7.065295515,-440.059780581,8.705045931));
#3936=CARTESIAN_POINT('',(6.797213731,-439.989697432,8.496485356));
#3937=CARTESIAN_POINT('',(6.22326542,-439.867534785,8.132941298));
#3938=CARTESIAN_POINT('',(5.917413086,-439.815458307,7.977966805));
#3939=CARTESIAN_POINT('',(5.279675838,-439.731311211,7.727553296));
#3940=CARTESIAN_POINT('',(4.947806695,-439.699242674,7.632120473));
#3941=CARTESIAN_POINT('',(4.270788414,-439.656344858,7.504460771));
#3942=CARTESIAN_POINT('',(3.925656017,-439.645516639,7.472237049));
#3943=CARTESIAN_POINT('',(3.580515085,-439.64551664,7.472237048));
#3944=CARTESIAN_POINT('',(8.85387815,-441.61529737,12.37210256));
#3945=CARTESIAN_POINT('',(8.853879074,-441.501979602,12.046074282));
#3946=CARTESIAN_POINT('',(8.819887321,-441.388664608,11.720053979));
#3947=CARTESIAN_POINT('',(8.685221417,-441.166383713,11.080526207));
#3948=CARTESIAN_POINT('',(8.584550596,-441.057423309,10.767034552));
#3949=CARTESIAN_POINT('',(8.320392091,-440.848039214,10.16461234));
#3950=CARTESIAN_POINT('',(8.156910938,-440.747620701,9.875696681));
#3951=CARTESIAN_POINT('',(7.77341133,-440.559179947,9.333530857));
#3952=CARTESIAN_POINT('',(7.553402357,-440.471162366,9.080294098));
#3953=CARTESIAN_POINT('',(7.06529937,-440.31090665,8.61921986));
#3954=CARTESIAN_POINT('',(6.797217426,-440.238672478,8.411393782));
#3955=CARTESIAN_POINT('',(6.223268649,-440.112760358,8.049130016));
#3956=CARTESIAN_POINT('',(5.917416008,-440.059085524,7.894701285));
#3957=CARTESIAN_POINT('',(5.279678045,-439.972355749,7.645169631));
#3958=CARTESIAN_POINT('',(4.947808492,-439.939302953,7.550072877));
#3959=CARTESIAN_POINT('',(4.270789339,-439.89508851,7.422862729));
#3960=CARTESIAN_POINT('',(3.925656479,-439.883927957,7.39075248));
#3961=CARTESIAN_POINT('',(3.580515085,-439.883927973,7.390752474));
#3962=CARTESIAN_POINT('',(8.85387815,-442.480751324,12.061216579));
#3963=CARTESIAN_POINT('',(8.853879074,-442.357343274,11.738812912));
#3964=CARTESIAN_POINT('',(8.81988732,-442.233938247,11.416417131));
#3965=CARTESIAN_POINT('',(8.685221414,-441.991864552,10.783999289));
#3966=CARTESIAN_POINT('',(8.584550593,-441.873201871,10.473992866));
#3967=CARTESIAN_POINT('',(8.320392087,-441.64517337,9.87826806));
#3968=CARTESIAN_POINT('',(8.156910934,-441.53581319,9.592564408));
#3969=CARTESIAN_POINT('',(7.773411325,-441.330592921,9.056426087));
#3970=CARTESIAN_POINT('',(7.553402352,-441.234737907,8.806004675));
#3971=CARTESIAN_POINT('',(7.065299365,-441.060212395,8.350056404));
#3972=CARTESIAN_POINT('',(6.797217422,-440.981546214,8.144540819));
#3973=CARTESIAN_POINT('',(6.223268645,-440.844422401,7.786304494));
#3974=CARTESIAN_POINT('',(5.917416004,-440.78596816,7.633592612));
#3975=CARTESIAN_POINT('',(5.279678042,-440.691515654,7.3868351));
#3976=CARTESIAN_POINT('',(4.94780849,-440.655519724,7.292795572));
#3977=CARTESIAN_POINT('',(4.270789338,-440.607368295,7.166999658));
#3978=CARTESIAN_POINT('',(3.925656479,-440.595213986,7.135246384));
#3979=CARTESIAN_POINT('',(3.580515085,-440.595214029,7.135246368));
#3980=CARTESIAN_POINT('',(8.85387815,-443.051797432,11.835845501));
#3981=CARTESIAN_POINT('',(8.85387815,-442.921705434,11.516079637));
#3982=CARTESIAN_POINT('',(8.819885588,-442.791616653,11.19632168));
#3983=CARTESIAN_POINT('',(8.685218326,-442.53643202,10.569078374));
#3984=CARTESIAN_POINT('',(8.584546956,-442.411342478,10.261608536));
#3985=CARTESIAN_POINT('',(8.32038762,-442.17096381,9.670758262));
#3986=CARTESIAN_POINT('',(8.156906186,-442.055680627,9.387392436));
#3987=CARTESIAN_POINT('',(7.77340627,-441.839345541,8.855641238));
#3988=CARTESIAN_POINT('',(7.553397272,-441.738298987,8.607269014));
#3989=CARTESIAN_POINT('',(7.065294464,-441.554321119,8.155051792));
#3990=CARTESIAN_POINT('',(6.797212723,-441.471394355,7.951217976));
#3991=CARTESIAN_POINT('',(6.22326454,-441.326843872,7.595913185));
#3992=CARTESIAN_POINT('',(5.917412289,-441.265223728,7.444450995));
#3993=CARTESIAN_POINT('',(5.279675237,-441.165655623,7.199712799));
#3994=CARTESIAN_POINT('',(4.947806205,-441.127710125,7.106442843));
#3995=CARTESIAN_POINT('',(4.270788162,-441.076950746,6.981676392));
#3996=CARTESIAN_POINT('',(3.92565589,-441.064138119,6.950182982));
#3997=CARTESIAN_POINT('',(3.580515085,-441.064138119,6.950182982));
#3998=CARTESIAN_POINT('',(8.85387815,-444.181870649,11.348347979));
#3999=CARTESIAN_POINT('',(8.85387815,-444.038541163,11.034292579));
#4000=CARTESIAN_POINT('',(8.819885588,-443.895215222,10.720244945));
#4001=CARTESIAN_POINT('',(8.685218326,-443.614064322,10.104203118));
#4002=CARTESIAN_POINT('',(8.584546956,-443.476246316,9.802224158));
#4003=CARTESIAN_POINT('',(8.32038762,-443.21140796,9.221925446));
#4004=CARTESIAN_POINT('',(8.156906186,-443.084394158,8.943620042));
#4005=CARTESIAN_POINT('',(7.77340627,-442.846045935,8.421364999));
#4006=CARTESIAN_POINT('',(7.553397272,-442.734717406,8.177428273));
#4007=CARTESIAN_POINT('',(7.065294464,-442.532018904,7.733286867));
#4008=CARTESIAN_POINT('',(6.797212723,-442.440653942,7.533093169));
#4009=CARTESIAN_POINT('',(6.22326454,-442.28139475,7.184133505));
#4010=CARTESIAN_POINT('',(5.917412289,-442.213504459,7.035376168));
#4011=CARTESIAN_POINT('',(5.279675237,-442.10380482,6.795008571));
#4012=CARTESIAN_POINT('',(4.947806205,-442.061998185,6.703404255));
#4013=CARTESIAN_POINT('',(4.270788162,-442.006073794,6.580865917));
#4014=CARTESIAN_POINT('',(3.92565589,-441.991957421,6.549934925));
#4015=CARTESIAN_POINT('',(3.580515085,-441.991957421,6.549934925));
#4016=CARTESIAN_POINT('',(8.85387815,-444.740895483,11.086214578));
#4017=CARTESIAN_POINT('',(8.853878531,-444.591012674,10.775232125));
#4018=CARTESIAN_POINT('',(8.819886302,-444.441133559,10.464257327));
#4019=CARTESIAN_POINT('',(8.685219599,-444.147127815,9.854243178));
#4020=CARTESIAN_POINT('',(8.584548455,-444.003008455,9.555218911));
#4021=CARTESIAN_POINT('',(8.320389461,-443.726061075,8.980598052));
#4022=CARTESIAN_POINT('',(8.156908143,-443.593239904,8.705015668));
#4023=CARTESIAN_POINT('',(7.773408354,-443.343993838,8.187870488));
#4024=CARTESIAN_POINT('',(7.553399366,-443.227575106,7.946320478));
#4025=CARTESIAN_POINT('',(7.065296484,-443.015608752,7.506524603));
#4026=CARTESIAN_POINT('',(6.79721466,-442.920066372,7.308289612));
#4027=CARTESIAN_POINT('',(6.223266232,-442.753525491,6.962744174));
#4028=CARTESIAN_POINT('',(5.91741382,-442.682531108,6.815442272));
#4029=CARTESIAN_POINT('',(5.279676393,-442.567815781,6.577426409));
#4030=CARTESIAN_POINT('',(4.947807147,-442.524097673,6.486718333));
#4031=CARTESIAN_POINT('',(4.270788647,-442.465616352,6.365378872));
#4032=CARTESIAN_POINT('',(3.925656133,-442.450854584,6.334750487));
#4033=CARTESIAN_POINT('',(3.580515085,-442.45085463,6.334750465));
#4034=CARTESIAN_POINT('',(8.85387815,-445.570212601,10.66481833));
#4035=CARTESIAN_POINT('',(8.853878529,-445.410631231,10.358763958));
#4036=CARTESIAN_POINT('',(8.819886298,-445.251053796,10.052717118));
#4037=CARTESIAN_POINT('',(8.685219593,-444.938023643,9.452369746));
#4038=CARTESIAN_POINT('',(8.584548448,-444.784578664,9.158084059));
#4039=CARTESIAN_POINT('',(8.320389452,-444.489710685,8.592569104));
#4040=CARTESIAN_POINT('',(8.156908133,-444.348294975,8.321353819));
#4041=CARTESIAN_POINT('',(7.773408344,-444.082920797,7.812403733));
#4042=CARTESIAN_POINT('',(7.553399356,-443.958968891,7.574681517));
#4043=CARTESIAN_POINT('',(7.065296474,-443.733286709,7.141854995));
#4044=CARTESIAN_POINT('',(6.79721465,-443.631562015,6.946761391));
#4045=CARTESIAN_POINT('',(6.223266224,-443.454244682,6.606691736));
#4046=CARTESIAN_POINT('',(5.917413813,-443.378656427,6.461724093));
#4047=CARTESIAN_POINT('',(5.279676387,-443.256518157,6.227480009));
#4048=CARTESIAN_POINT('',(4.947807142,-443.209971162,6.13820936));
#4049=CARTESIAN_POINT('',(4.270788644,-443.147705667,6.018792729));
#4050=CARTESIAN_POINT('',(3.925656132,-443.131988707,5.988649699));
#4051=CARTESIAN_POINT('',(3.580515085,-443.131988763,5.98864967));
#4052=CARTESIAN_POINT('',(8.85387815,-445.845555343,10.519402526));
#4053=CARTESIAN_POINT('',(8.853878153,-445.682758,10.215046892));
#4054=CARTESIAN_POINT('',(8.819885595,-445.519964682,9.910698783));
#4055=CARTESIAN_POINT('',(8.685218338,-445.200626205,9.313683731));
#4056=CARTESIAN_POINT('',(8.58454697,-445.044088942,9.021031549));
#4057=CARTESIAN_POINT('',(8.320387637,-444.743278674,8.458655666));
#4058=CARTESIAN_POINT('',(8.156906204,-444.599013106,8.18894587));
#4059=CARTESIAN_POINT('',(7.77340629,-444.328291016,7.682820946));
#4060=CARTESIAN_POINT('',(7.553397291,-444.201841188,7.446418333));
#4061=CARTESIAN_POINT('',(7.065294483,-443.971610975,7.015994466));
#4062=CARTESIAN_POINT('',(6.797212742,-443.867836283,6.821983855));
#4063=CARTESIAN_POINT('',(6.223264556,-443.686945565,6.483801993));
#4064=CARTESIAN_POINT('',(5.917412303,-443.609834012,6.339639104));
#4065=CARTESIAN_POINT('',(5.279675248,-443.485234317,6.106695386));
#4066=CARTESIAN_POINT('',(4.947806214,-443.437749257,6.017920317));
#4067=CARTESIAN_POINT('',(4.270788166,-443.374228883,5.899166639));
#4068=CARTESIAN_POINT('',(3.925655893,-443.35819514,5.869190967));
#4069=CARTESIAN_POINT('',(3.580515085,-443.358195139,5.869190968));
#4070=CARTESIAN_POINT('',(8.85387815,-446.391010357,10.220230902));
#4071=CARTESIAN_POINT('',(8.853878153,-446.221854172,9.919362971));
#4072=CARTESIAN_POINT('',(8.819885595,-446.052702169,9.618502479));
#4073=CARTESIAN_POINT('',(8.685218338,-445.720890375,9.028328802));
#4074=CARTESIAN_POINT('',(8.58454697,-445.558238789,8.739030209));
#4075=CARTESIAN_POINT('',(8.320387637,-445.245678913,8.183098761));
#4076=CARTESIAN_POINT('',(8.156906204,-445.095778352,7.916479651));
#4077=CARTESIAN_POINT('',(7.77340629,-444.814481895,7.416154565));
#4078=CARTESIAN_POINT('',(7.553397291,-444.683092955,7.18246096));
#4079=CARTESIAN_POINT('',(7.065294483,-444.443869981,6.75696945));
#4080=CARTESIAN_POINT('',(6.797212742,-444.336041864,6.565182065));
#4081=CARTESIAN_POINT('',(6.223264556,-444.14808558,6.23087553));
#4082=CARTESIAN_POINT('',(5.917412303,-444.06796206,6.088364647));
#4083=CARTESIAN_POINT('',(5.279675248,-443.938495519,5.858090301));
#4084=CARTESIAN_POINT('',(4.947806214,-443.889155699,5.770332532));
#4085=CARTESIAN_POINT('',(4.270788166,-443.823154229,5.652939689));
#4086=CARTESIAN_POINT('',(3.925655893,-443.80649421,5.623307517));
#4087=CARTESIAN_POINT('',(3.580515085,-443.806494209,5.623307518));
#4088=CARTESIAN_POINT('',(8.85387815,-446.660556226,10.066802648));
#4089=CARTESIAN_POINT('',(8.853878305,-446.488263914,9.767719902));
#4090=CARTESIAN_POINT('',(8.819885879,-446.315975853,9.46864454));
#4091=CARTESIAN_POINT('',(8.685218845,-445.97801229,8.881972591));
#4092=CARTESIAN_POINT('',(8.584547567,-445.812345146,8.59439051));
#4093=CARTESIAN_POINT('',(8.32038837,-445.493990403,8.041757588));
#4094=CARTESIAN_POINT('',(8.156906983,-445.341310676,7.776720413));
#4095=CARTESIAN_POINT('',(7.773407119,-445.054798953,7.279363905));
#4096=CARTESIAN_POINT('',(7.553398125,-444.920974042,7.047056871));
#4097=CARTESIAN_POINT('',(7.065295287,-444.67731583,6.62408992));
#4098=CARTESIAN_POINT('',(6.797213512,-444.567488555,6.433440461));
#4099=CARTESIAN_POINT('',(6.223265229,-444.376047509,6.101117458));
#4100=CARTESIAN_POINT('',(5.917412913,-444.294438472,5.959452131));
#4101=CARTESIAN_POINT('',(5.279675708,-444.162571567,5.73054407));
#4102=CARTESIAN_POINT('',(4.947806589,-444.11231696,5.643306996));
#4103=CARTESIAN_POINT('',(4.270788359,-444.045091771,5.526610691));
#4104=CARTESIAN_POINT('',(3.925655989,-444.028122851,5.497154345));
#4105=CARTESIAN_POINT('',(3.580515085,-444.028122828,5.497154358));
#4106=CARTESIAN_POINT('',(8.85387815,-447.992696058,9.280834027));
#4107=CARTESIAN_POINT('',(8.853878306,-447.804945463,8.990871738));
#4108=CARTESIAN_POINT('',(8.819885881,-447.6171995,8.700916608));
#4109=CARTESIAN_POINT('',(8.685218849,-447.248913425,8.132135078));
#4110=CARTESIAN_POINT('',(8.584547572,-447.068382419,7.853322743));
#4111=CARTESIAN_POINT('',(8.320388376,-446.721464494,7.317542228));
#4112=CARTESIAN_POINT('',(8.15690699,-446.555086154,7.060587296));
#4113=CARTESIAN_POINT('',(7.773407126,-446.242868249,6.578397553));
#4114=CARTESIAN_POINT('',(7.553398132,-446.097036404,6.353174665));
#4115=CARTESIAN_POINT('',(7.065295294,-445.831516885,5.943105985));
#4116=CARTESIAN_POINT('',(6.797213519,-445.711835775,5.758270334));
#4117=CARTESIAN_POINT('',(6.223265235,-445.503218413,5.436081436));
#4118=CARTESIAN_POINT('',(5.917412918,-445.414287319,5.298736157));
#4119=CARTESIAN_POINT('',(5.279675712,-445.270589167,5.076808587));
#4120=CARTESIAN_POINT('',(4.947806592,-445.215825662,4.992231785));
#4121=CARTESIAN_POINT('',(4.270788361,-445.142568963,4.8790941));
#4122=CARTESIAN_POINT('',(3.92565599,-445.12407758,4.850536016));
#4123=CARTESIAN_POINT('',(3.580515085,-445.124077565,4.850536026));
#4124=CARTESIAN_POINT('',(8.85387815,-449.008665483,8.591985524));
#4125=CARTESIAN_POINT('',(8.85387815,-448.809263159,8.30993961));
#4126=CARTESIAN_POINT('',(8.819885588,-448.609865765,8.02790067));
#4127=CARTESIAN_POINT('',(8.685218326,-448.218724036,7.474647709));
#4128=CARTESIAN_POINT('',(8.584546956,-448.026989373,7.203447367));
#4129=CARTESIAN_POINT('',(8.32038762,-447.658541921,6.682294473));
#4130=CARTESIAN_POINT('',(8.156906186,-447.481838243,6.432354807));
#4131=CARTESIAN_POINT('',(7.77340627,-447.150244297,5.963329594));
#4132=CARTESIAN_POINT('',(7.553397272,-446.995362228,5.744255644));
#4133=CARTESIAN_POINT('',(7.065294464,-446.713364756,5.345382487));
#4134=CARTESIAN_POINT('',(6.797212723,-446.586256327,5.165593143));
#4135=CARTESIAN_POINT('',(6.22326454,-446.364692336,4.852200515));
#4136=CARTESIAN_POINT('',(5.917412289,-446.270242252,4.71860498));
#4137=CARTESIAN_POINT('',(5.279675237,-446.117626321,4.502736383));
#4138=CARTESIAN_POINT('',(4.947806205,-446.059464246,4.420468659));
#4139=CARTESIAN_POINT('',(4.270788162,-445.981661319,4.310419803));
#4140=CARTESIAN_POINT('',(3.92565589,-445.96202239,4.282641392));
#4141=CARTESIAN_POINT('',(3.580515085,-445.96202239,4.282641392));
#4142=CARTESIAN_POINT('',(8.85387815,-450.947612759,7.101983225));
#4143=CARTESIAN_POINT('',(8.85387815,-450.726408248,6.836691408));
#4144=CARTESIAN_POINT('',(8.819885588,-450.505209206,6.57140615));
#4145=CARTESIAN_POINT('',(8.685218326,-450.071300949,6.05101753));
#4146=CARTESIAN_POINT('',(8.584546956,-449.858602462,5.795927036));
#4147=CARTESIAN_POINT('',(8.32038762,-449.449869821,5.305731675));
#4148=CARTESIAN_POINT('',(8.156906186,-449.253845774,5.070638929));
#4149=CARTESIAN_POINT('',(7.77340627,-448.885996115,4.629474759));
#4150=CARTESIAN_POINT('',(7.553397272,-448.7141796,4.423414244));
#4151=CARTESIAN_POINT('',(7.065294464,-448.40134918,4.048234957));
#4152=CARTESIAN_POINT('',(6.797212723,-448.260343011,3.879125463));
#4153=CARTESIAN_POINT('',(6.22326454,-448.014553727,3.584348989));
#4154=CARTESIAN_POINT('',(5.917412289,-447.90977669,3.458689298));
#4155=CARTESIAN_POINT('',(5.279675237,-447.740474087,3.255643731));
#4156=CARTESIAN_POINT('',(4.947806205,-447.675952707,3.178262876));
#4157=CARTESIAN_POINT('',(4.270788162,-447.589642988,3.074751143));
#4158=CARTESIAN_POINT('',(3.92565589,-447.567856784,3.048622826));
#4159=CARTESIAN_POINT('',(3.580515085,-447.567856784,3.048622826));
#4160=CARTESIAN_POINT('',(8.85387815,-451.870572666,6.30080776));
#4161=CARTESIAN_POINT('',(8.85387815,-451.639216895,6.044352724));
#4162=CARTESIAN_POINT('',(8.819885588,-451.407866844,5.78790403));
#4163=CARTESIAN_POINT('',(8.685218326,-450.954046174,5.284849383));
#4164=CARTESIAN_POINT('',(8.584546956,-450.731586775,5.038255868));
#4165=CARTESIAN_POINT('',(8.32038762,-450.304097051,4.564388752));
#4166=CARTESIAN_POINT('',(8.156906186,-450.099077296,4.337126868));
#4167=CARTESIAN_POINT('',(7.77340627,-449.714346709,3.91065773));
#4168=CARTESIAN_POINT('',(7.553397272,-449.53464539,3.711461022));
#4169=CARTESIAN_POINT('',(7.065294464,-449.20745892,3.348778833));
#4170=CARTESIAN_POINT('',(6.797212723,-449.059981859,3.18530232));
#4171=CARTESIAN_POINT('',(6.22326454,-448.802913099,2.900344752));
#4172=CARTESIAN_POINT('',(5.917412289,-448.693327757,2.778870744));
#4173=CARTESIAN_POINT('',(5.279675237,-448.516255716,2.582588558));
#4174=CARTESIAN_POINT('',(4.947806205,-448.448773395,2.507785233));
#4175=CARTESIAN_POINT('',(4.270788162,-448.358502851,2.407721442));
#4176=CARTESIAN_POINT('',(3.92565589,-448.33571686,2.38246345));
#4177=CARTESIAN_POINT('',(3.580515085,-448.33571686,2.38246345));
#4178=CARTESIAN_POINT('',(8.85387815,-453.188016635,5.018134077));
#4179=CARTESIAN_POINT('',(8.85387815,-452.9425451,4.775422258));
#4180=CARTESIAN_POINT('',(8.819885588,-452.697079636,4.53271644));
#4181=CARTESIAN_POINT('',(8.685218326,-452.215569901,4.056620081));
#4182=CARTESIAN_POINT('',(8.584546956,-451.979537536,3.823241312));
#4183=CARTESIAN_POINT('',(8.32038762,-451.525965283,3.374768349));
#4184=CARTESIAN_POINT('',(8.156906186,-451.308436611,3.159685243));
#4185=CARTESIAN_POINT('',(7.77340627,-450.900232368,2.756070239));
#4186=CARTESIAN_POINT('',(7.553397272,-450.709566891,2.56754832));
#4187=CARTESIAN_POINT('',(7.065294464,-450.362417718,2.224301974));
#4188=CARTESIAN_POINT('',(6.797212723,-450.205942606,2.069586034));
#4189=CARTESIAN_POINT('',(6.22326454,-449.933189251,1.79989911));
#4190=CARTESIAN_POINT('',(5.917412289,-449.816917752,1.684934795));
#4191=CARTESIAN_POINT('',(5.279675237,-449.629041974,1.499171211));
#4192=CARTESIAN_POINT('',(4.947806205,-449.557442339,1.428376536));
#4193=CARTESIAN_POINT('',(4.270788162,-449.461664098,1.333675082));
#4194=CARTESIAN_POINT('',(3.92565589,-449.437487859,1.309770645));
#4195=CARTESIAN_POINT('',(3.580515085,-449.437487859,1.309770645));
#4196=CARTESIAN_POINT('',(8.85387815,-453.615978512,4.577066792));
#4197=CARTESIAN_POINT('',(8.85387815,-453.36598629,4.339017872));
#4198=CARTESIAN_POINT('',(8.819885588,-453.116000249,4.100974838));
#4199=CARTESIAN_POINT('',(8.685218326,-452.625622865,3.634025085));
#4200=CARTESIAN_POINT('',(8.584546956,-452.385243647,3.405129912));
#4201=CARTESIAN_POINT('',(8.32038762,-451.923318252,2.965272863));
#4202=CARTESIAN_POINT('',(8.156906186,-451.701783496,2.754321863));
#4203=CARTESIAN_POINT('',(7.77340627,-451.286061624,2.358460977));
#4204=CARTESIAN_POINT('',(7.553397272,-451.091884787,2.173560879));
#4205=CARTESIAN_POINT('',(7.065294464,-450.738342395,1.836908868));
#4206=CARTESIAN_POINT('',(6.797212723,-450.578985583,1.685165279));
#4207=CARTESIAN_POINT('',(6.22326454,-450.301209108,1.420659492));
#4208=CARTESIAN_POINT('',(5.917412289,-450.182796314,1.307903833));
#4209=CARTESIAN_POINT('',(5.279675237,-449.991460551,1.125709078));
#4210=CARTESIAN_POINT('',(4.947806205,-449.918542312,1.056274486));
#4211=CARTESIAN_POINT('',(4.270788162,-449.821000186,0.963392405));
#4212=CARTESIAN_POINT('',(3.92565589,-449.79637871,0.939947213));
#4213=CARTESIAN_POINT('',(3.580515085,-449.79637871,0.939947213));
#4214=CARTESIAN_POINT('',(8.85387815,-454.241313096,3.895408214));
#4215=CARTESIAN_POINT('',(8.85387815,-453.984810334,3.664456239));
#4216=CARTESIAN_POINT('',(8.819885588,-453.728313915,3.433509975));
#4217=CARTESIAN_POINT('',(8.685218326,-453.225165648,2.98048138));
#4218=CARTESIAN_POINT('',(8.584546956,-452.978526242,2.758410251));
#4219=CARTESIAN_POINT('',(8.32038762,-452.504570939,2.331666645));
#4220=CARTESIAN_POINT('',(8.156906186,-452.277266761,2.127004721));
#4221=CARTESIAN_POINT('',(7.77340627,-451.850718257,1.742945623));
#4222=CARTESIAN_POINT('',(7.553397272,-451.651484478,1.563557946));
#4223=CARTESIAN_POINT('',(7.065294464,-451.288734794,1.23694253));
#4224=CARTESIAN_POINT('',(6.797212723,-451.125227857,1.089722868));
#4225=CARTESIAN_POINT('',(6.22326454,-450.840217259,0.833102783));
#4226=CARTESIAN_POINT('',(5.917412289,-450.718720644,0.723708706));
#4227=CARTESIAN_POINT('',(5.279675237,-450.52240193,0.546945717));
#4228=CARTESIAN_POINT('',(4.947806205,-450.447584684,0.479581176));
#4229=CARTESIAN_POINT('',(4.270788162,-450.347502271,0.389468186));
#4230=CARTESIAN_POINT('',(3.92565589,-450.322239579,0.366721964));
#4231=CARTESIAN_POINT('',(3.580515085,-450.322239579,0.366721964));
#4232=CARTESIAN_POINT('',(8.85387815,-454.446991871,3.664848104));
#4233=CARTESIAN_POINT('',(8.85387847,-454.188363791,3.436278826));
#4234=CARTESIAN_POINT('',(8.819886187,-453.929742087,3.207715175));
#4235=CARTESIAN_POINT('',(8.685219395,-453.422424791,2.75936032));
#4236=CARTESIAN_POINT('',(8.584548215,-453.173741745,2.539580203));
#4237=CARTESIAN_POINT('',(8.320389166,-452.695859254,2.117239097));
#4238=CARTESIAN_POINT('',(8.156907829,-452.466671627,1.914688551));
#4239=CARTESIAN_POINT('',(7.77340802,-452.03658872,1.534591544));
#4240=CARTESIAN_POINT('',(7.55339903,-451.835704074,1.357054481));
#4241=CARTESIAN_POINT('',(7.065296161,-451.469948614,1.033808505));
#4242=CARTESIAN_POINT('',(6.79721435,-451.305086844,0.888107584));
#4243=CARTESIAN_POINT('',(6.223265961,-451.017714625,0.634134815));
#4244=CARTESIAN_POINT('',(5.917413575,-450.895211282,0.525869247));
#4245=CARTESIAN_POINT('',(5.279676208,-450.697265871,0.350929728));
#4246=CARTESIAN_POINT('',(4.947806996,-450.621828696,0.284260103));
#4247=CARTESIAN_POINT('',(4.270788569,-450.520917032,0.195076669));
#4248=CARTESIAN_POINT('',(3.925656094,-450.495445038,0.172565066));
#4249=CARTESIAN_POINT('',(3.580515085,-450.495445071,0.172565028));
#4250=CARTESIAN_POINT('',(8.85387815,-454.852818741,3.19704852));
#4251=CARTESIAN_POINT('',(8.853878469,-454.590029175,2.973276221));
#4252=CARTESIAN_POINT('',(8.819886186,-454.327246087,2.749509429));
#4253=CARTESIAN_POINT('',(8.685219392,-453.811765743,2.310564186));
#4254=CARTESIAN_POINT('',(8.584548211,-453.559081233,2.095396588));
#4255=CARTESIAN_POINT('',(8.320389161,-453.073509319,1.681919142));
#4256=CARTESIAN_POINT('',(8.156907824,-452.840633922,1.483619517));
#4257=CARTESIAN_POINT('',(7.773408015,-452.403630717,1.111499591));
#4258=CARTESIAN_POINT('',(7.553399025,-452.199513715,0.937688492));
#4259=CARTESIAN_POINT('',(7.065296155,-451.827873027,0.621226464));
#4260=CARTESIAN_POINT('',(6.797214345,-451.660358531,0.478583361));
#4261=CARTESIAN_POINT('',(6.223265957,-451.368362319,0.229940703));
#4262=CARTESIAN_POINT('',(5.917413571,-451.243887824,0.123947297));
#4263=CARTESIAN_POINT('',(5.279676205,-451.042757353,-0.047320781));
#4264=CARTESIAN_POINT('',(4.947806994,-450.966106351,-0.112591217));
#4265=CARTESIAN_POINT('',(4.270788568,-450.86357096,-0.199902972));
#4266=CARTESIAN_POINT('',(3.925656093,-450.837689108,-0.22194213));
#4267=CARTESIAN_POINT('',(3.580515085,-450.837689145,-0.221942173));
#4268=CARTESIAN_POINT('',(8.85387815,-455.053230529,2.959485109));
#4269=CARTESIAN_POINT('',(8.85387815,-454.788402139,2.738130345));
#4270=CARTESIAN_POINT('',(8.819885589,-454.523580298,2.516781054));
#4271=CARTESIAN_POINT('',(8.685218328,-454.004100726,2.082578066));
#4272=CARTESIAN_POINT('',(8.584546958,-453.749455839,1.869735104));
#4273=CARTESIAN_POINT('',(8.320387622,-453.260116782,1.460724832));
#4274=CARTESIAN_POINT('',(8.156906188,-453.025434711,1.264567636));
#4275=CARTESIAN_POINT('',(7.773406273,-452.585041194,0.896468116));
#4276=CARTESIAN_POINT('',(7.553397274,-452.379340638,0.724534895));
#4277=CARTESIAN_POINT('',(7.065294466,-452.004816737,0.411491986));
#4278=CARTESIAN_POINT('',(6.797212726,-451.836002654,0.270390038));
#4279=CARTESIAN_POINT('',(6.223264542,-451.541741113,0.024433802));
#4280=CARTESIAN_POINT('',(5.91741229,-451.416300933,-0.080414404));
#4281=CARTESIAN_POINT('',(5.279675238,-451.213610058,-0.249832006));
#4282=CARTESIAN_POINT('',(4.947806206,-451.136364376,-0.314397212));
#4283=CARTESIAN_POINT('',(4.270788162,-451.033033465,-0.400765557));
#4284=CARTESIAN_POINT('',(3.925655891,-451.00695079,-0.422566559));
#4285=CARTESIAN_POINT('',(3.580515085,-451.00695079,-0.422566559));
#4286=CARTESIAN_POINT('',(8.85387815,-456.038308881,1.758941368));
#4287=CARTESIAN_POINT('',(8.85387815,-455.763535776,1.54970652));
#4288=CARTESIAN_POINT('',(8.819885589,-455.488769465,1.340476845));
#4289=CARTESIAN_POINT('',(8.685218328,-454.949782629,0.930047927));
#4290=CARTESIAN_POINT('',(8.584546958,-454.685575433,0.728858831));
#4291=CARTESIAN_POINT('',(8.320387622,-454.177860936,0.342243244));
#4292=CARTESIAN_POINT('',(8.156906188,-453.93436619,0.156826312));
#4293=CARTESIAN_POINT('',(7.773406273,-453.477435214,-0.191118524));
#4294=CARTESIAN_POINT('',(7.553397274,-453.264010284,-0.353637825));
#4295=CARTESIAN_POINT('',(7.065294466,-452.875422431,-0.649540585));
#4296=CARTESIAN_POINT('',(6.797212726,-452.700269117,-0.782916728));
#4297=CARTESIAN_POINT('',(6.223264542,-452.3949576,-1.015406035));
#4298=CARTESIAN_POINT('',(5.91741229,-452.264806947,-1.11451345));
#4299=CARTESIAN_POINT('',(5.279675238,-452.054504716,-1.274654869));
#4300=CARTESIAN_POINT('',(4.947806206,-451.974358339,-1.335684914));
#4301=CARTESIAN_POINT('',(4.270788162,-451.867147192,-1.417324302));
#4302=CARTESIAN_POINT('',(3.925655891,-451.840085072,-1.437931626));
#4303=CARTESIAN_POINT('',(3.580515085,-451.840085072,-1.437931626));
#4304=CARTESIAN_POINT('',(8.85387815,-456.767403164,0.76400796));
#4305=CARTESIAN_POINT('',(8.853878155,-456.485521199,0.564508143));
#4306=CARTESIAN_POINT('',(8.819885597,-456.203646203,0.365013259));
#4307=CARTESIAN_POINT('',(8.685218342,-455.650714836,-0.026319711));
#4308=CARTESIAN_POINT('',(8.584546975,-455.379672137,-0.218148119));
#4309=CARTESIAN_POINT('',(8.320387643,-454.858822178,-0.586775716));
#4310=CARTESIAN_POINT('',(8.156906211,-454.609027796,-0.763565789));
#4311=CARTESIAN_POINT('',(7.773406297,-454.140275216,-1.095321862));
#4312=CARTESIAN_POINT('',(7.553397298,-453.921328608,-1.250279658));
#4313=CARTESIAN_POINT('',(7.065294489,-453.522687306,-1.532415007));
#4314=CARTESIAN_POINT('',(6.797212748,-453.343002469,-1.659585583));
#4315=CARTESIAN_POINT('',(6.223264562,-453.029792008,-1.881257904));
#4316=CARTESIAN_POINT('',(5.917412308,-452.896274128,-1.975754167));
#4317=CARTESIAN_POINT('',(5.279675251,-452.68053101,-2.128444718));
#4318=CARTESIAN_POINT('',(4.947806217,-452.598311105,-2.186635229));
#4319=CARTESIAN_POINT('',(4.270788168,-452.488326217,-2.264476196));
#4320=CARTESIAN_POINT('',(3.925655894,-452.460563953,-2.284124727));
#4321=CARTESIAN_POINT('',(3.580515085,-452.460563952,-2.284124727));
#4322=CARTESIAN_POINT('',(8.85387815,-458.118573768,-1.288467814));
#4323=CARTESIAN_POINT('',(8.853878155,-457.823893319,-1.468526283));
#4324=CARTESIAN_POINT('',(8.819885597,-457.529220155,-1.6485803));
#4325=CARTESIAN_POINT('',(8.685218343,-456.951183659,-2.001777692));
#4326=CARTESIAN_POINT('',(8.584546975,-456.66783462,-2.174912335));
#4327=CARTESIAN_POINT('',(8.320387643,-456.123336145,-2.507617005));
#4328=CARTESIAN_POINT('',(8.156906211,-455.862200174,-2.667178805));
#4329=CARTESIAN_POINT('',(7.773406297,-455.372164493,-2.966605097));
#4330=CARTESIAN_POINT('',(7.553397299,-455.1432769,-3.106462186));
#4331=CARTESIAN_POINT('',(7.06529449,-454.726535809,-3.361103316));
#4332=CARTESIAN_POINT('',(6.797212748,-454.538692615,-3.475881062));
#4333=CARTESIAN_POINT('',(6.223264562,-454.211261241,-3.675951315));
#4334=CARTESIAN_POINT('',(5.917412308,-454.071681156,-3.761238874));
#4335=CARTESIAN_POINT('',(5.279675251,-453.846142502,-3.899049661));
#4336=CARTESIAN_POINT('',(4.947806217,-453.76018951,-3.951569481));
#4337=CARTESIAN_POINT('',(4.270788168,-453.645210901,-4.021824811));
#4338=CARTESIAN_POINT('',(3.925655894,-453.616188128,-4.039558583));
#4339=CARTESIAN_POINT('',(3.580515085,-453.616188128,-4.039558583));
#4340=CARTESIAN_POINT('',(8.85387815,-458.74061416,-2.3460312));
#4341=CARTESIAN_POINT('',(8.853878324,-458.440243751,-2.516382616));
#4342=CARTESIAN_POINT('',(8.819885915,-458.139880755,-2.686729828));
#4343=CARTESIAN_POINT('',(8.68521891,-457.550682954,-3.020886181));
#4344=CARTESIAN_POINT('',(8.584547643,-457.261862717,-3.184687059));
#4345=CARTESIAN_POINT('',(8.320388464,-456.706850486,-3.499455483));
#4346=CARTESIAN_POINT('',(8.156907083,-456.440672215,-3.650415246));
#4347=CARTESIAN_POINT('',(7.773407226,-455.941174377,-3.93369936));
#4348=CARTESIAN_POINT('',(7.553398232,-455.707867161,-4.066016706));
#4349=CARTESIAN_POINT('',(7.06529539,-455.28307915,-4.306930052));
#4350=CARTESIAN_POINT('',(6.797213611,-455.091608859,-4.415520096));
#4351=CARTESIAN_POINT('',(6.223265316,-454.757855051,-4.604804505));
#4352=CARTESIAN_POINT('',(5.917412991,-454.615579786,-4.68549419));
#4353=CARTESIAN_POINT('',(5.279675767,-454.385686161,-4.815875562));
#4354=CARTESIAN_POINT('',(4.947806637,-454.298073484,-4.865564026));
#4355=CARTESIAN_POINT('',(4.270788384,-454.18087473,-4.932031877));
#4356=CARTESIAN_POINT('',(3.925656002,-454.15129155,-4.948809619));
#4357=CARTESIAN_POINT('',(3.580515085,-454.151291552,-4.948809621));
#4358=CARTESIAN_POINT('',(8.85387815,-459.884081352,-4.520020167));
#4359=CARTESIAN_POINT('',(8.853878324,-459.573523378,-4.671002722));
#4360=CARTESIAN_POINT('',(8.819885914,-459.262973069,-4.821981554));
#4361=CARTESIAN_POINT('',(8.685218908,-458.653791641,-5.118144521));
#4362=CARTESIAN_POINT('',(8.584547641,-458.355175584,-5.263321334));
#4363=CARTESIAN_POINT('',(8.320388462,-457.781339188,-5.542300773));
#4364=CARTESIAN_POINT('',(8.156907081,-457.506133038,-5.676096501));
#4365=CARTESIAN_POINT('',(7.773407223,-456.989693901,-5.927171382));
#4366=CARTESIAN_POINT('',(7.553398229,-456.748473683,-6.044444326));
#4367=CARTESIAN_POINT('',(7.065295388,-456.309278283,-6.257965975));
#4368=CARTESIAN_POINT('',(6.797213609,-456.111313961,-6.3542094));
#4369=CARTESIAN_POINT('',(6.223265314,-455.766240342,-6.521972295));
#4370=CARTESIAN_POINT('',(5.917412989,-455.619139578,-6.593487617));
#4371=CARTESIAN_POINT('',(5.279675765,-455.381448734,-6.70904472));
#4372=CARTESIAN_POINT('',(4.947806636,-455.290864532,-6.753083643));
#4373=CARTESIAN_POINT('',(4.270788383,-455.169690796,-6.811994156));
#4374=CARTESIAN_POINT('',(3.925656001,-455.139104257,-6.826864289));
#4375=CARTESIAN_POINT('',(3.580515085,-455.139104263,-6.826864301));
#4376=CARTESIAN_POINT('',(8.85387815,-460.405494133,-5.636453949));
#4377=CARTESIAN_POINT('',(8.853878174,-460.090438419,-5.777774221));
#4378=CARTESIAN_POINT('',(8.819885633,-459.775390494,-5.919091));
#4379=CARTESIAN_POINT('',(8.685218407,-459.157386475,-6.19630069));
#4380=CARTESIAN_POINT('',(8.584547051,-458.854445662,-6.332186746));
#4381=CARTESIAN_POINT('',(8.320387737,-458.2722986,-6.593312567));
#4382=CARTESIAN_POINT('',(8.15690631,-457.993106746,-6.718545875));
#4383=CARTESIAN_POINT('',(7.773406403,-457.469188229,-6.953552908));
#4384=CARTESIAN_POINT('',(7.553397405,-457.22447452,-7.063320822));
#4385=CARTESIAN_POINT('',(7.065294592,-456.778918444,-7.263177878));
#4386=CARTESIAN_POINT('',(6.797212846,-456.578087093,-7.353262078));
#4387=CARTESIAN_POINT('',(6.223264647,-456.228015929,-7.510288761));
#4388=CARTESIAN_POINT('',(5.917412386,-456.078784772,-7.577227361));
#4389=CARTESIAN_POINT('',(5.27967531,-455.83765156,-7.685389224));
#4390=CARTESIAN_POINT('',(4.947806265,-455.745755468,-7.726609811));
#4391=CARTESIAN_POINT('',(4.270788192,-455.622826823,-7.781750253));
#4392=CARTESIAN_POINT('',(3.925655906,-455.591797311,-7.795668744));
#4393=CARTESIAN_POINT('',(3.580515085,-455.591797312,-7.795668746));
#4394=CARTESIAN_POINT('',(8.85387815,-460.996127025,-7.067761003));
#4395=CARTESIAN_POINT('',(8.853878174,-460.676085567,-7.196999098));
#4396=CARTESIAN_POINT('',(8.819885633,-460.356052021,-7.326233998));
#4397=CARTESIAN_POINT('',(8.685218407,-459.728268112,-7.579743643));
#4398=CARTESIAN_POINT('',(8.584547051,-459.420533273,-7.70401212));
#4399=CARTESIAN_POINT('',(8.320387736,-458.829173756,-7.942812988));
#4400=CARTESIAN_POINT('',(8.156906309,-458.545563702,-8.057339475));
#4401=CARTESIAN_POINT('',(7.773406402,-458.013354195,-8.272254581));
#4402=CARTESIAN_POINT('',(7.553397404,-457.764767901,-8.372637887));
#4403=CARTESIAN_POINT('',(7.065294591,-457.312160918,-8.555408164));
#4404=CARTESIAN_POINT('',(6.797212846,-457.108151418,-8.637790615));
#4405=CARTESIAN_POINT('',(6.223264647,-456.752540392,-8.781392303));
#4406=CARTESIAN_POINT('',(5.917412386,-456.600947658,-8.842607988));
#4407=CARTESIAN_POINT('',(5.27967531,-456.355998524,-8.941522553));
#4408=CARTESIAN_POINT('',(4.947806265,-456.262648179,-8.979218987));
#4409=CARTESIAN_POINT('',(4.270788192,-456.137774194,-9.029645199));
#4410=CARTESIAN_POINT('',(3.925655906,-456.106253641,-9.042373729));
#4411=CARTESIAN_POINT('',(3.580515085,-456.106253643,-9.042373733));
#4412=CARTESIAN_POINT('',(8.85387815,-461.111312596,-7.356145773));
#4413=CARTESIAN_POINT('',(8.853878152,-460.790304931,-7.482964318));
#4414=CARTESIAN_POINT('',(8.819885592,-460.469305203,-7.609779728));
#4415=CARTESIAN_POINT('',(8.685218333,-459.839626016,-7.858543253));
#4416=CARTESIAN_POINT('',(8.584546964,-459.530962127,-7.980485218));
#4417=CARTESIAN_POINT('',(8.320387629,-458.937817302,-8.214815335));
#4418=CARTESIAN_POINT('',(8.156906195,-458.653351033,-8.327197693));
#4419=CARTESIAN_POINT('',(7.773406281,-458.119534793,-8.538089227));
#4420=CARTESIAN_POINT('',(7.553397282,-457.870198023,-8.636593188));
#4421=CARTESIAN_POINT('',(7.065294474,-457.416224627,-8.815941695));
#4422=CARTESIAN_POINT('',(6.797212733,-457.211599228,-8.896781806));
#4423=CARTESIAN_POINT('',(6.223264548,-456.854914619,-9.037695024));
#4424=CARTESIAN_POINT('',(5.917412296,-456.70286423,-9.097764646));
#4425=CARTESIAN_POINT('',(5.279675242,-456.457175599,-9.194827358));
#4426=CARTESIAN_POINT('',(4.94780621,-456.363543432,-9.231818048));
#4427=CARTESIAN_POINT('',(4.270788164,-456.238292453,-9.28130019));
#4428=CARTESIAN_POINT('',(3.925655892,-456.206676739,-9.293790417));
#4429=CARTESIAN_POINT('',(3.580515085,-456.206676739,-9.293790417));
#4430=CARTESIAN_POINT('',(8.85387815,-461.334805312,-7.934502793));
#4431=CARTESIAN_POINT('',(8.853878152,-461.011933274,-8.056496692));
#4432=CARTESIAN_POINT('',(8.819885592,-460.689069218,-8.178487575));
#4433=CARTESIAN_POINT('',(8.685218333,-460.055732932,-8.417787216));
#4434=CARTESIAN_POINT('',(8.584546964,-459.745276361,-8.535090058));
#4435=CARTESIAN_POINT('',(8.320387629,-459.148686624,-8.760505391));
#4436=CARTESIAN_POINT('',(8.156906195,-458.862568209,-8.868612309));
#4437=CARTESIAN_POINT('',(7.773406281,-458.32565163,-9.071480749));
#4438=CARTESIAN_POINT('',(7.553397282,-458.074866742,-9.166237255));
#4439=CARTESIAN_POINT('',(7.065294474,-457.618256725,-9.338762681));
#4440=CARTESIAN_POINT('',(6.797212733,-457.412442886,-9.416527336));
#4441=CARTESIAN_POINT('',(6.223264548,-457.053686698,-9.552079694));
#4442=CARTESIAN_POINT('',(5.917412296,-456.900753219,-9.609864045));
#4443=CARTESIAN_POINT('',(5.279675242,-456.653637658,-9.703234133));
#4444=CARTESIAN_POINT('',(4.94780621,-456.559461686,-9.738817561));
#4445=CARTESIAN_POINT('',(4.270788164,-456.433483266,-9.786417219));
#4446=CARTESIAN_POINT('',(3.925655892,-456.401683932,-9.798432272));
#4447=CARTESIAN_POINT('',(3.580515085,-456.401683931,-9.798432272));
#4448=CARTESIAN_POINT('',(8.85387815,-461.443125907,-8.224480237));
#4449=CARTESIAN_POINT('',(8.853878165,-461.119355578,-8.344068953));
#4450=CARTESIAN_POINT('',(8.819885616,-460.795593252,-8.463654712));
#4451=CARTESIAN_POINT('',(8.685218376,-460.160494901,-8.698236417));
#4452=CARTESIAN_POINT('',(8.584547015,-459.849174578,-8.813226563));
#4453=CARTESIAN_POINT('',(8.320387692,-459.250925008,-9.034197699));
#4454=CARTESIAN_POINT('',(8.156906263,-458.964010554,-9.140173225));
#4455=CARTESIAN_POINT('',(7.773406352,-458.425600163,-9.339041993));
#4456=CARTESIAN_POINT('',(7.553397354,-458.174117539,-9.431930318));
#4457=CARTESIAN_POINT('',(7.065294543,-457.716237137,-9.601054303));
#4458=CARTESIAN_POINT('',(6.797212799,-457.509850681,-9.677285781));
#4459=CARTESIAN_POINT('',(6.223264606,-457.150096356,-9.810165643));
#4460=CARTESIAN_POINT('',(5.917412349,-456.996737383,-9.866810741));
#4461=CARTESIAN_POINT('',(5.279675282,-456.748934294,-9.958339981));
#4462=CARTESIAN_POINT('',(4.947806242,-456.654496304,-9.993221859));
#4463=CARTESIAN_POINT('',(4.270788181,-456.528167384,-10.039883059));
#4464=CARTESIAN_POINT('',(3.9256559,-456.496279577,-10.051661227));
#4465=CARTESIAN_POINT('',(3.580515085,-456.496279576,-10.051661225));
#4466=CARTESIAN_POINT('',(8.85387815,-461.758009287,-9.096762983));
#4467=CARTESIAN_POINT('',(8.853878165,-461.431640953,-9.209154766));
#4468=CARTESIAN_POINT('',(8.819885616,-461.105280687,-9.32154377));
#4469=CARTESIAN_POINT('',(8.685218376,-460.465086166,-9.542008183));
#4470=CARTESIAN_POINT('',(8.584547015,-460.15126774,-9.650078141));
#4471=CARTESIAN_POINT('',(8.320387692,-459.548217683,-9.857751079));
#4472=CARTESIAN_POINT('',(8.156906263,-459.259000964,-9.957348923));
#4473=CARTESIAN_POINT('',(7.773406352,-458.716270249,-10.144249629));
#4474=CARTESIAN_POINT('',(7.553397354,-458.462769674,-10.231547869));
#4475=CARTESIAN_POINT('',(7.065294543,-458.001215138,-10.390493854));
#4476=CARTESIAN_POINT('',(6.7972128,-457.793172592,-10.462137669));
#4477=CARTESIAN_POINT('',(6.223264607,-457.430531519,-10.587020727));
#4478=CARTESIAN_POINT('',(5.917412349,-457.27594196,-10.640256884));
#4479=CARTESIAN_POINT('',(5.279675282,-457.026150444,-10.72627783));
#4480=CARTESIAN_POINT('',(4.947806242,-456.930954663,-10.759060492));
#4481=CARTESIAN_POINT('',(4.270788181,-456.803612052,-10.802913589));
#4482=CARTESIAN_POINT('',(3.9256559,-456.77146837,-10.813982938));
#4483=CARTESIAN_POINT('',(3.580515085,-456.77146837,-10.813982937));
#4484=CARTESIAN_POINT('',(8.85387815,-461.954503222,-9.681416474));
#4485=CARTESIAN_POINT('',(8.85387816,-461.626531852,-9.789035186));
#4486=CARTESIAN_POINT('',(8.819885608,-461.29856859,-9.896651238));
#4487=CARTESIAN_POINT('',(8.685218362,-460.655229602,-10.107752937));
#4488=CARTESIAN_POINT('',(8.584546998,-460.339869783,-10.211233364));
#4489=CARTESIAN_POINT('',(8.320387671,-459.733857704,-10.410086817));
#4490=CARTESIAN_POINT('',(8.15690624,-459.443220429,-10.505454925));
#4491=CARTESIAN_POINT('',(7.773406328,-458.897823966,-10.684418304));
#4492=CARTESIAN_POINT('',(7.55339733,-458.643078263,-10.768009151));
#4493=CARTESIAN_POINT('',(7.06529452,-458.179256695,-10.920204994));
#4494=CARTESIAN_POINT('',(6.797212777,-457.970192299,-10.988806229));
#4495=CARTESIAN_POINT('',(6.223264587,-457.605770031,-11.108385736));
#4496=CARTESIAN_POINT('',(5.917412331,-457.45042117,-11.159361051));
#4497=CARTESIAN_POINT('',(5.279675269,-457.199402746,-11.241728848));
#4498=CARTESIAN_POINT('',(4.947806231,-457.103739389,-11.273119292));
#4499=CARTESIAN_POINT('',(4.270788175,-456.975771305,-11.315110029));
#4500=CARTESIAN_POINT('',(3.925655897,-456.943469743,-11.325709284));
#4501=CARTESIAN_POINT('',(3.580515085,-456.943469742,-11.325709284));
#4502=CARTESIAN_POINT('',(8.85387815,-462.504964058,-11.444477151));
#4503=CARTESIAN_POINT('',(8.85387816,-462.172537745,-11.53782721));
#4504=CARTESIAN_POINT('',(8.819885608,-461.840119651,-11.631174962));
#4505=CARTESIAN_POINT('',(8.685218362,-461.188041978,-11.814287692));
#4506=CARTESIAN_POINT('',(8.584546998,-460.868398523,-11.904048143));
#4507=CARTESIAN_POINT('',(8.320387671,-460.254154783,-12.076536563));
#4508=CARTESIAN_POINT('',(8.15690624,-459.959569687,-12.159260269));
#4509=CARTESIAN_POINT('',(7.773406328,-459.406764924,-12.314495746));
#4510=CARTESIAN_POINT('',(7.55339733,-459.148558927,-12.38700368));
#4511=CARTESIAN_POINT('',(7.06529452,-458.678437119,-12.519020602));
#4512=CARTESIAN_POINT('',(6.797212777,-458.466532933,-12.578526326));
#4513=CARTESIAN_POINT('',(6.223264587,-458.097160598,-12.682251356));
#4514=CARTESIAN_POINT('',(5.917412331,-457.939701582,-12.726468098));
#4515=CARTESIAN_POINT('',(5.279675269,-457.685273492,-12.797915141));
#4516=CARTESIAN_POINT('',(4.947806231,-457.588310709,-12.825143676));
#4517=CARTESIAN_POINT('',(4.270788175,-457.458604393,-12.861567062));
#4518=CARTESIAN_POINT('',(3.925655897,-457.425864068,-12.870761013));
#4519=CARTESIAN_POINT('',(3.580515085,-457.425864068,-12.870761012));
#4520=CARTESIAN_POINT('',(8.85387815,-462.82003428,-12.631955553));
#4521=CARTESIAN_POINT('',(8.853878215,-462.485107897,-12.715861286));
#4522=CARTESIAN_POINT('',(8.81988571,-462.150189791,-12.799764946));
#4523=CARTESIAN_POINT('',(8.685218543,-461.493208038,-12.964351966));
#4524=CARTESIAN_POINT('',(8.584547212,-461.171160637,-13.045031257));
#4525=CARTESIAN_POINT('',(8.320387934,-460.552297342,-13.200068844));
#4526=CARTESIAN_POINT('',(8.156906519,-460.255496751,-13.274423306));
#4527=CARTESIAN_POINT('',(7.773406625,-459.698534488,-13.41395345));
#4528=CARTESIAN_POINT('',(7.553397629,-459.43838659,-13.479125682));
#4529=CARTESIAN_POINT('',(7.065294808,-458.964729113,-13.597786318));
#4530=CARTESIAN_POINT('',(6.797213053,-458.751231247,-13.651271787));
#4531=CARTESIAN_POINT('',(6.223264828,-458.379080951,-13.74450285));
#4532=CARTESIAN_POINT('',(5.91741255,-458.220437723,-13.784246139));
#4533=CARTESIAN_POINT('',(5.279675434,-457.964096138,-13.848464812));
#4534=CARTESIAN_POINT('',(4.947806366,-457.86640412,-13.872938608));
#4535=CARTESIAN_POINT('',(4.270788244,-457.735722313,-13.905677003));
#4536=CARTESIAN_POINT('',(3.925655932,-457.702735755,-13.913940792));
#4537=CARTESIAN_POINT('',(3.580515085,-457.702735755,-13.913940791));
#4538=CARTESIAN_POINT('',(8.85387815,-463.349898877,-15.030298005));
#4539=CARTESIAN_POINT('',(8.853878215,-463.010797196,-15.095304951));
#4540=CARTESIAN_POINT('',(8.81988571,-462.671703893,-15.160310291));
#4541=CARTESIAN_POINT('',(8.685218543,-462.006531996,-15.287826008));
#4542=CARTESIAN_POINT('',(8.584547211,-461.680469849,-15.350333232));
#4543=CARTESIAN_POINT('',(8.320387933,-461.053891607,-15.470450415));
#4544=CARTESIAN_POINT('',(8.156906519,-460.753391005,-15.528057404));
#4545=CARTESIAN_POINT('',(7.773406625,-460.189485474,-15.636160016));
#4546=CARTESIAN_POINT('',(7.553397628,-459.926094489,-15.686652965));
#4547=CARTESIAN_POINT('',(7.065294808,-459.446532247,-15.778586682));
#4548=CARTESIAN_POINT('',(6.797213053,-459.230372849,-15.820025176));
#4549=CARTESIAN_POINT('',(6.223264828,-458.85358321,-15.892257036));
#4550=CARTESIAN_POINT('',(5.91741255,-458.692962286,-15.923048616));
#4551=CARTESIAN_POINT('',(5.279675434,-458.433425066,-15.972802789));
#4552=CARTESIAN_POINT('',(4.947806366,-458.334515189,-15.991764152));
#4553=CARTESIAN_POINT('',(4.270788244,-458.202204262,-16.017128612));
#4554=CARTESIAN_POINT('',(3.925655932,-458.168806484,-16.023531082));
#4555=CARTESIAN_POINT('',(3.580515085,-458.168806485,-16.023531085));
#4556=CARTESIAN_POINT('',(8.85387815,-463.564691115,-16.241162553));
#4557=CARTESIAN_POINT('',(8.853878282,-463.223914227,-16.296715124));
#4558=CARTESIAN_POINT('',(8.819885836,-462.883145752,-16.352266324));
#4559=CARTESIAN_POINT('',(8.685218768,-462.214687795,-16.461236622));
#4560=CARTESIAN_POINT('',(8.584547476,-461.887014842,-16.514653026));
#4561=CARTESIAN_POINT('',(8.320388259,-461.257341184,-16.617300811));
#4562=CARTESIAN_POINT('',(8.156906865,-460.955356047,-16.666529655));
#4563=CARTESIAN_POINT('',(7.773406993,-460.388664704,-16.758910228));
#4564=CARTESIAN_POINT('',(7.553397998,-460.123972509,-16.802059674));
#4565=CARTESIAN_POINT('',(7.065295165,-459.642041121,-16.880622901));
#4566=CARTESIAN_POINT('',(6.797213395,-459.424813845,-16.916034739));
#4567=CARTESIAN_POINT('',(6.223265127,-459.046162775,-16.977761476));
#4568=CARTESIAN_POINT('',(5.91741282,-458.884748344,-17.004074849));
#4569=CARTESIAN_POINT('',(5.279675638,-458.623928948,-17.046592972));
#4570=CARTESIAN_POINT('',(4.947806532,-458.524530432,-17.062796671));
#4571=CARTESIAN_POINT('',(4.27078833,-458.391565857,-17.084472231));
#4572=CARTESIAN_POINT('',(3.925655975,-458.358003086,-17.089943557));
#4573=CARTESIAN_POINT('',(3.580515085,-458.358003088,-17.089943566));
#4574=CARTESIAN_POINT('',(8.85387815,-463.811357833,-18.075072014));
#4575=CARTESIAN_POINT('',(8.853878281,-463.46865533,-18.116308086));
#4576=CARTESIAN_POINT('',(8.819885835,-463.125961289,-18.15754314));
#4577=CARTESIAN_POINT('',(8.685218766,-462.453726104,-18.238430615));
#4578=CARTESIAN_POINT('',(8.584547474,-462.124201584,-18.278081035));
#4579=CARTESIAN_POINT('',(8.320388256,-461.490969854,-18.35427538));
#4580=CARTESIAN_POINT('',(8.156906862,-461.187278303,-18.390817421));
#4581=CARTESIAN_POINT('',(7.77340699,-460.617384779,-18.459390528));
#4582=CARTESIAN_POINT('',(7.553397995,-460.351196899,-18.491419899));
#4583=CARTESIAN_POINT('',(7.065295162,-459.866542282,-18.549736542));
#4584=CARTESIAN_POINT('',(6.797213392,-459.648087529,-18.576022372));
#4585=CARTESIAN_POINT('',(6.223265124,-459.267296832,-18.621841473));
#4586=CARTESIAN_POINT('',(5.917412818,-459.104970303,-18.641373612));
#4587=CARTESIAN_POINT('',(5.279675636,-458.842677106,-18.672934368));
#4588=CARTESIAN_POINT('',(4.94780653,-458.742716923,-18.684962206));
#4589=CARTESIAN_POINT('',(4.270788329,-458.609001011,-18.701051755));
#4590=CARTESIAN_POINT('',(3.925655974,-458.575248589,-18.705113068));
#4591=CARTESIAN_POINT('',(3.580515085,-458.575248591,-18.705113083));
#4592=CARTESIAN_POINT('',(8.85387815,-463.880961263,-18.68931804));
#4593=CARTESIAN_POINT('',(8.853878155,-463.537715381,-18.725759269));
#4594=CARTESIAN_POINT('',(8.819885598,-463.194477985,-18.762199596));
#4595=CARTESIAN_POINT('',(8.685218345,-462.521176965,-18.833681638));
#4596=CARTESIAN_POINT('',(8.584546978,-462.19112999,-18.868721584));
#4597=CARTESIAN_POINT('',(8.320387647,-461.556894296,-18.936056196));
#4598=CARTESIAN_POINT('',(8.156906214,-461.25272126,-18.968349196));
#4599=CARTESIAN_POINT('',(7.773406301,-460.681924215,-19.028948745));
#4600=CARTESIAN_POINT('',(7.553397302,-460.415314319,-19.057253796));
#4601=CARTESIAN_POINT('',(7.065294493,-459.929891333,-19.108789477));
#4602=CARTESIAN_POINT('',(6.797212752,-459.711090246,-19.132018833));
#4603=CARTESIAN_POINT('',(6.223264565,-459.329695853,-19.172510158));
#4604=CARTESIAN_POINT('',(5.917412311,-459.167111978,-19.189771127));
#4605=CARTESIAN_POINT('',(5.279675253,-458.904402951,-19.217662037));
#4606=CARTESIAN_POINT('',(4.947806219,-458.804284295,-19.228291289));
#4607=CARTESIAN_POINT('',(4.270788169,-458.670356394,-19.242509953));
#4608=CARTESIAN_POINT('',(3.925655894,-458.636550461,-19.246099013));
#4609=CARTESIAN_POINT('',(3.580515085,-458.636550461,-19.246099013));
#4610=CARTESIAN_POINT('',(8.85387815,-463.994505458,-19.923794963));
#4611=CARTESIAN_POINT('',(8.853878155,-463.650371174,-19.950577294));
#4612=CARTESIAN_POINT('',(8.819885598,-463.306245399,-19.977358963));
#4613=CARTESIAN_POINT('',(8.685218345,-462.631201715,-20.029894395));
#4614=CARTESIAN_POINT('',(8.584546978,-462.3003005,-20.05564686));
#4615=CARTESIAN_POINT('',(8.320387647,-461.664423253,-20.105134156));
#4616=CARTESIAN_POINT('',(8.156906214,-461.359462945,-20.128867763));
#4617=CARTESIAN_POINT('',(7.7734063,-460.787188542,-20.173405153));
#4618=CARTESIAN_POINT('',(7.553397302,-460.519888596,-20.194207835));
#4619=CARTESIAN_POINT('',(7.065294493,-460.03320922,-20.232083772));
#4620=CARTESIAN_POINT('',(6.797212751,-459.813841824,-20.249156091));
#4621=CARTESIAN_POINT('',(6.223264564,-459.431460291,-20.278915025));
#4622=CARTESIAN_POINT('',(5.917412311,-459.26845561,-20.291600903));
#4623=CARTESIAN_POINT('',(5.279675253,-459.00506663,-20.312099213));
#4624=CARTESIAN_POINT('',(4.947806219,-458.904688843,-20.319911139));
#4625=CARTESIAN_POINT('',(4.270788169,-458.770414305,-20.330361088));
#4626=CARTESIAN_POINT('',(3.925655894,-458.736520874,-20.332998853));
#4627=CARTESIAN_POINT('',(3.580515085,-458.736520874,-20.332998854));
#4628=CARTESIAN_POINT('',(8.85387815,-464.038320433,-20.542965459));
#4629=CARTESIAN_POINT('',(8.853878151,-463.69384217,-20.564891982));
#4630=CARTESIAN_POINT('',(8.81988559,-463.349372425,-20.586817963));
#4631=CARTESIAN_POINT('',(8.685218329,-462.673654005,-20.629828385));
#4632=CARTESIAN_POINT('',(8.58454696,-462.342422039,-20.650911762));
#4633=CARTESIAN_POINT('',(8.320387624,-461.705909206,-20.691426694));
#4634=CARTESIAN_POINT('',(8.15690619,-461.400644078,-20.710857246));
#4635=CARTESIAN_POINT('',(7.773406275,-460.827797662,-20.74731972));
#4636=CARTESIAN_POINT('',(7.553397277,-460.560230539,-20.764350742));
#4637=CARTESIAN_POINT('',(7.065294468,-460.073064707,-20.795359528));
#4638=CARTESIAN_POINT('',(6.797212728,-459.853478044,-20.809336526));
#4639=CARTESIAN_POINT('',(6.223264544,-459.470714306,-20.833699972));
#4640=CARTESIAN_POINT('',(5.917412292,-459.307546696,-20.844085819));
#4641=CARTESIAN_POINT('',(5.279675239,-459.043894447,-20.860867653));
#4642=CARTESIAN_POINT('',(4.947806207,-458.943416329,-20.867263226));
#4643=CARTESIAN_POINT('',(4.270788163,-458.809007578,-20.87581853));
#4644=CARTESIAN_POINT('',(3.925655891,-458.775080269,-20.877978051));
#4645=CARTESIAN_POINT('',(3.580515085,-458.775080269,-20.877978051));
#4646=CARTESIAN_POINT('',(8.85387815,-464.099568572,-21.781522499));
#4647=CARTESIAN_POINT('',(8.853878151,-463.754607693,-21.793689573));
#4648=CARTESIAN_POINT('',(8.81988559,-463.409655343,-21.805856346));
#4649=CARTESIAN_POINT('',(8.685218329,-462.732990237,-21.829722921));
#4650=CARTESIAN_POINT('',(8.58454696,-462.401294213,-21.841422132));
#4651=CARTESIAN_POINT('',(8.320387624,-461.763889621,-21.863903953));
#4652=CARTESIAN_POINT('',(8.15690619,-461.458196814,-21.874686008));
#4653=CARTESIAN_POINT('',(7.773406275,-460.884547836,-21.894919113));
#4654=CARTESIAN_POINT('',(7.553397277,-460.61660585,-21.904369663));
#4655=CARTESIAN_POINT('',(7.065294468,-460.128757495,-21.921576504));
#4656=CARTESIAN_POINT('',(6.797212728,-459.90886319,-21.92933237));
#4657=CARTESIAN_POINT('',(6.223264544,-459.525563197,-21.942851699));
#4658=CARTESIAN_POINT('',(5.917412292,-459.362166987,-21.948614827));
#4659=CARTESIAN_POINT('',(5.279675239,-459.09814536,-21.957927103));
#4660=CARTESIAN_POINT('',(4.947806207,-458.997526471,-21.961476019));
#4661=CARTESIAN_POINT('',(4.270788163,-458.862929413,-21.966223376));
#4662=CARTESIAN_POINT('',(3.925655891,-458.828954572,-21.967421699));
#4663=CARTESIAN_POINT('',(3.580515085,-458.828954572,-21.967421699));
#4664=CARTESIAN_POINT('',(8.85387815,-464.117055775,-22.402234784));
#4665=CARTESIAN_POINT('',(8.85387815,-463.77195583,-22.409487726));
#4666=CARTESIAN_POINT('',(8.819885588,-463.426864419,-22.416740488));
#4667=CARTESIAN_POINT('',(8.685218326,-462.749926527,-22.430967645));
#4668=CARTESIAN_POINT('',(8.584546956,-462.418096785,-22.437941688));
#4669=CARTESIAN_POINT('',(8.32038762,-461.780435234,-22.451343377));
#4670=CARTESIAN_POINT('',(8.156906186,-461.474619192,-22.457770692));
#4671=CARTESIAN_POINT('',(7.773406271,-460.900738958,-22.469831893));
#4672=CARTESIAN_POINT('',(7.553397272,-460.632688956,-22.475465482));
#4673=CARTESIAN_POINT('',(7.065294464,-460.144643934,-22.48572269));
#4674=CARTESIAN_POINT('',(6.797212724,-459.924660982,-22.490346057));
#4675=CARTESIAN_POINT('',(6.22326454,-459.541206469,-22.498405094));
#4676=CARTESIAN_POINT('',(5.917412289,-459.377744389,-22.501840565));
#4677=CARTESIAN_POINT('',(5.279675237,-459.113616326,-22.507391726));
#4678=CARTESIAN_POINT('',(4.947806205,-459.012956874,-22.509507279));
#4679=CARTESIAN_POINT('',(4.270788162,-458.878305556,-22.512337237));
#4680=CARTESIAN_POINT('',(3.925655891,-458.844317018,-22.513051571));
#4681=CARTESIAN_POINT('',(3.580515085,-458.844317018,-22.513051571));
#4682=CARTESIAN_POINT('',(8.85387815,-464.12536045,-23.641257988));
#4683=CARTESIAN_POINT('',(8.85387815,-463.780194289,-23.638631623));
#4684=CARTESIAN_POINT('',(8.819885588,-463.435036662,-23.636005323));
#4685=CARTESIAN_POINT('',(8.685218326,-462.757968881,-23.630853522));
#4686=CARTESIAN_POINT('',(8.584546956,-462.426075468,-23.628328149));
#4687=CARTESIAN_POINT('',(8.32038762,-461.788291564,-23.62347526));
#4688=CARTESIAN_POINT('',(8.156906186,-461.482416843,-23.621147863));
#4689=CARTESIAN_POINT('',(7.773406271,-460.908426494,-23.616780377));
#4690=CARTESIAN_POINT('',(7.553397272,-460.640325058,-23.614740397));
#4691=CARTESIAN_POINT('',(7.065294464,-460.152186391,-23.611026156));
#4692=CARTESIAN_POINT('',(6.797212724,-459.93216123,-23.609351987));
#4693=CARTESIAN_POINT('',(6.22326454,-459.54863314,-23.606433726));
#4694=CARTESIAN_POINT('',(5.917412289,-459.385139695,-23.605189707));
#4695=CARTESIAN_POINT('',(5.279675237,-459.120960952,-23.603179574));
#4696=CARTESIAN_POINT('',(4.947806205,-459.020282186,-23.60241351));
#4697=CARTESIAN_POINT('',(4.270788162,-458.885605031,-23.601388754));
#4698=CARTESIAN_POINT('',(3.925655891,-458.851609972,-23.601130086));
#4699=CARTESIAN_POINT('',(3.580515085,-458.851609972,-23.601130086));
#4700=CARTESIAN_POINT('',(8.85387815,-464.116209401,-24.258676068));
#4701=CARTESIAN_POINT('',(8.853878158,-463.77111584,-24.251091701));
#4702=CARTESIAN_POINT('',(8.819885603,-463.426030811,-24.24350752));
#4703=CARTESIAN_POINT('',(8.685218353,-462.749105438,-24.228630247));
#4704=CARTESIAN_POINT('',(8.584546987,-462.417281833,-24.221337523));
#4705=CARTESIAN_POINT('',(8.320387658,-461.779632072,-24.207323438));
#4706=CARTESIAN_POINT('',(8.156906226,-461.473821685,-24.200602424));
#4707=CARTESIAN_POINT('',(7.773406314,-460.89995206,-24.18799008));
#4708=CARTESIAN_POINT('',(7.553397315,-460.631907013,-24.182099062));
#4709=CARTESIAN_POINT('',(7.065294506,-460.143871013,-24.171373145));
#4710=CARTESIAN_POINT('',(6.797212764,-459.923892127,-24.166538511));
#4711=CARTESIAN_POINT('',(6.223264575,-459.540444702,-24.158111211));
#4712=CARTESIAN_POINT('',(5.917412321,-459.376985644,-24.154518754));
#4713=CARTESIAN_POINT('',(5.279675261,-459.112862463,-24.148713928));
#4714=CARTESIAN_POINT('',(4.947806225,-459.012204872,-24.146501703));
#4715=CARTESIAN_POINT('',(4.270788172,-458.877556042,-24.143542428));
#4716=CARTESIAN_POINT('',(3.925655896,-458.843568133,-24.14279545));
#4717=CARTESIAN_POINT('',(3.580515085,-458.843568133,-24.142795449));
#4718=CARTESIAN_POINT('',(8.85387815,-464.048923411,-26.10466191));
#4719=CARTESIAN_POINT('',(8.853878158,-463.704375245,-26.082114654));
#4720=CARTESIAN_POINT('',(8.819885603,-463.359835599,-26.059567956));
#4721=CARTESIAN_POINT('',(8.685218353,-462.683980058,-26.015339922));
#4722=CARTESIAN_POINT('',(8.584546987,-462.352680875,-25.99365968));
#4723=CARTESIAN_POINT('',(8.320387658,-461.716038874,-25.951997783));
#4724=CARTESIAN_POINT('',(8.156906227,-461.410711798,-25.932017157));
#4725=CARTESIAN_POINT('',(7.773406314,-460.837749134,-25.89452244));
#4726=CARTESIAN_POINT('',(7.553397316,-460.570127713,-25.877009275));
#4727=CARTESIAN_POINT('',(7.065294506,-460.082863019,-25.845122638));
#4728=CARTESIAN_POINT('',(6.797212764,-459.863231794,-25.830749955));
#4729=CARTESIAN_POINT('',(6.223264575,-459.48039038,-25.805696785));
#4730=CARTESIAN_POINT('',(5.917412321,-459.317189657,-25.795016917));
#4731=CARTESIAN_POINT('',(5.279675261,-459.053483904,-25.777759993));
#4732=CARTESIAN_POINT('',(4.947806225,-458.952985395,-25.771183363));
#4733=CARTESIAN_POINT('',(4.270788172,-458.818549368,-25.762385859));
#4734=CARTESIAN_POINT('',(3.925655896,-458.784615174,-25.760165202));
#4735=CARTESIAN_POINT('',(3.580515085,-458.784615174,-25.760165201));
#4736=CARTESIAN_POINT('',(8.85387815,-463.951095942,-27.326983355));
#4737=CARTESIAN_POINT('',(8.853878595,-463.607345099,-27.294341925));
#4738=CARTESIAN_POINT('',(8.819886422,-463.263602713,-27.261701294));
#4739=CARTESIAN_POINT('',(8.685219814,-462.589311029,-27.1976728));
#4740=CARTESIAN_POINT('',(8.584548709,-462.258778405,-27.166286519));
#4741=CARTESIAN_POINT('',(8.320389773,-461.623609417,-27.105972975));
#4742=CARTESIAN_POINT('',(8.156908474,-461.318988759,-27.077047202));
#4743=CARTESIAN_POINT('',(7.773408706,-460.747351694,-27.022766428));
#4744=CARTESIAN_POINT('',(7.55339972,-460.480349423,-26.997412767));
#4745=CARTESIAN_POINT('',(7.065296826,-459.99421201,-26.951250745));
#4746=CARTESIAN_POINT('',(6.797214988,-459.775088889,-26.930443525));
#4747=CARTESIAN_POINT('',(6.223266518,-459.393133146,-26.894174239));
#4748=CARTESIAN_POINT('',(5.917414079,-459.230309968,-26.87871307));
#4749=CARTESIAN_POINT('',(5.279676589,-458.967214264,-26.853730331));
#4750=CARTESIAN_POINT('',(4.947807306,-458.866948243,-26.844209378));
#4751=CARTESIAN_POINT('',(4.270788729,-458.732823215,-26.83147326));
#4752=CARTESIAN_POINT('',(3.925656174,-458.698967524,-26.828258409));
#4753=CARTESIAN_POINT('',(3.580515085,-458.698967527,-26.828258382));
#4754=CARTESIAN_POINT('',(8.85387815,-463.646712874,-29.754515962));
#4755=CARTESIAN_POINT('',(8.853878596,-463.305544729,-29.701276864));
#4756=CARTESIAN_POINT('',(8.819886424,-462.964384976,-29.648039074));
#4757=CARTESIAN_POINT('',(8.685219817,-462.295159435,-29.543606802));
#4758=CARTESIAN_POINT('',(8.584548712,-461.967110195,-29.4924149));
#4759=CARTESIAN_POINT('',(8.320389777,-461.336713408,-29.394041833));
#4760=CARTESIAN_POINT('',(8.156908478,-461.03438145,-29.346863099));
#4761=CARTESIAN_POINT('',(7.773408711,-460.467039252,-29.258329665));
#4762=CARTESIAN_POINT('',(7.553399725,-460.202043042,-29.216977154));
#4763=CARTESIAN_POINT('',(7.06529683,-459.719558112,-29.141685649));
#4764=CARTESIAN_POINT('',(6.797214992,-459.502081323,-29.107748517));
#4765=CARTESIAN_POINT('',(6.223266522,-459.122995317,-29.048592356));
#4766=CARTESIAN_POINT('',(5.917414083,-458.961395473,-29.02337479));
#4767=CARTESIAN_POINT('',(5.279676591,-458.700276476,-28.982627315));
#4768=CARTESIAN_POINT('',(4.947807308,-458.60076378,-28.967098414));
#4769=CARTESIAN_POINT('',(4.27078873,-458.467646466,-28.94632553));
#4770=CARTESIAN_POINT('',(3.925656174,-458.43404514,-28.941082061));
#4771=CARTESIAN_POINT('',(3.580515085,-458.434045141,-28.941082061));
#4772=CARTESIAN_POINT('',(8.85387815,-463.440197979,-30.95973353));
#4773=CARTESIAN_POINT('',(8.853879332,-463.100813882,-30.895990471));
#4774=CARTESIAN_POINT('',(8.819887803,-462.761438062,-30.83224897));
#4775=CARTESIAN_POINT('',(8.685222276,-462.095711809,-30.707212401));
#4776=CARTESIAN_POINT('',(8.584551608,-461.769377839,-30.645920425));
#4777=CARTESIAN_POINT('',(8.320393334,-461.142277125,-30.528138511));
#4778=CARTESIAN_POINT('',(8.15691226,-460.84152589,-30.471651486));
#4779=CARTESIAN_POINT('',(7.773412737,-460.277149949,-30.36565054));
#4780=CARTESIAN_POINT('',(7.553403771,-460.0135392,-30.31613924));
#4781=CARTESIAN_POINT('',(7.065300734,-459.533576778,-30.225992836));
#4782=CARTESIAN_POINT('',(6.797218733,-459.317236973,-30.185359962));
#4783=CARTESIAN_POINT('',(6.223269791,-458.940132836,-30.114532391));
#4784=CARTESIAN_POINT('',(5.917417042,-458.779377828,-30.084339446));
#4785=CARTESIAN_POINT('',(5.279678826,-458.519623939,-30.035552584));
#4786=CARTESIAN_POINT('',(4.947809128,-458.420631481,-30.016959873));
#4787=CARTESIAN_POINT('',(4.270789666,-458.28821008,-29.99208858));
#4788=CARTESIAN_POINT('',(3.925656643,-458.254784412,-29.985810613));
#4789=CARTESIAN_POINT('',(3.580515085,-458.254784406,-29.985810647));
#4790=CARTESIAN_POINT('',(8.85387815,-462.911149484,-33.351911082));
#4791=CARTESIAN_POINT('',(8.853879327,-462.576536601,-33.266594262));
#4792=CARTESIAN_POINT('',(8.819887794,-462.241931878,-33.181279534));
#4793=CARTESIAN_POINT('',(8.685222261,-461.585564698,-33.013924514));
#4794=CARTESIAN_POINT('',(8.58455159,-461.263818472,-32.931888361));
#4795=CARTESIAN_POINT('',(8.320393311,-460.64553381,-32.774243349));
#4796=CARTESIAN_POINT('',(8.156912236,-460.349010663,-32.698638388));
#4797=CARTESIAN_POINT('',(7.773412711,-459.792568954,-32.556761619));
#4798=CARTESIAN_POINT('',(7.553403745,-459.532664152,-32.490493319));
#4799=CARTESIAN_POINT('',(7.06530071,-459.059449231,-32.369837061));
#4800=CARTESIAN_POINT('',(6.79721871,-458.846150814,-32.315452087));
#4801=CARTESIAN_POINT('',(6.223269771,-458.474348144,-32.220653113));
#4802=CARTESIAN_POINT('',(5.917417023,-458.315853086,-32.180241457));
#4803=CARTESIAN_POINT('',(5.279678811,-458.059750897,-32.114942854));
#4804=CARTESIAN_POINT('',(4.947809117,-457.9621501,-32.090057521));
#4805=CARTESIAN_POINT('',(4.270789661,-457.831590299,-32.056768689));
#4806=CARTESIAN_POINT('',(3.92565664,-457.798634524,-32.048366012));
#4807=CARTESIAN_POINT('',(3.580515085,-457.798634498,-32.04836612));
#4808=CARTESIAN_POINT('',(8.85387815,-462.588669115,-34.538879443));
#4809=CARTESIAN_POINT('',(8.853878316,-462.25704249,-34.442492221));
#4810=CARTESIAN_POINT('',(8.819885899,-461.925424049,-34.346107379));
#4811=CARTESIAN_POINT('',(8.685218881,-461.274914967,-34.157037033));
#4812=CARTESIAN_POINT('',(8.58454761,-460.956040411,-34.064356204));
#4813=CARTESIAN_POINT('',(8.320388423,-460.343274213,-33.886255829));
#4814=CARTESIAN_POINT('',(8.156907039,-460.049397721,-33.800840687));
#4815=CARTESIAN_POINT('',(7.773407179,-459.497922681,-33.640554585));
#4816=CARTESIAN_POINT('',(7.553398185,-459.240337769,-33.565687588));
#4817=CARTESIAN_POINT('',(7.065295345,-458.771346777,-33.429375467));
#4818=CARTESIAN_POINT('',(6.797213568,-458.559952294,-33.367933713));
#4819=CARTESIAN_POINT('',(6.223265278,-458.191468422,-33.260833975));
#4820=CARTESIAN_POINT('',(5.917412957,-458.034388145,-33.215178638));
#4821=CARTESIAN_POINT('',(5.279675741,-457.78057203,-33.141407069));
#4822=CARTESIAN_POINT('',(4.947806616,-457.683842469,-33.113292659));
#4823=CARTESIAN_POINT('',(4.270788373,-457.554448128,-33.075684259));
#4824=CARTESIAN_POINT('',(3.925655996,-457.521786548,-33.066191199));
#4825=CARTESIAN_POINT('',(3.580515085,-457.521786543,-33.066191219));
#4826=CARTESIAN_POINT('',(8.85387815,-462.008255092,-36.304115568));
#4827=CARTESIAN_POINT('',(8.853878314,-461.682259894,-36.19060127));
#4828=CARTESIAN_POINT('',(8.819885897,-461.356272741,-36.077089776));
#4829=CARTESIAN_POINT('',(8.685218877,-460.716810102,-35.854423464));
#4830=CARTESIAN_POINT('',(8.584547604,-460.403350428,-35.745274151));
#4831=CARTESIAN_POINT('',(8.320388416,-459.800989749,-35.535527068));
#4832=CARTESIAN_POINT('',(8.156907032,-459.51210364,-35.434934485));
#4833=CARTESIAN_POINT('',(7.773407171,-458.96999332,-35.246167101));
#4834=CARTESIAN_POINT('',(7.553398177,-458.716782514,-35.157996966));
#4835=CARTESIAN_POINT('',(7.065295338,-458.255755561,-34.997463508));
#4836=CARTESIAN_POINT('',(6.797213561,-458.047950813,-34.925104154));
#4837=CARTESIAN_POINT('',(6.223265272,-457.685724244,-34.798973837));
#4838=CARTESIAN_POINT('',(5.917412951,-457.53131138,-34.745205994));
#4839=CARTESIAN_POINT('',(5.279675737,-457.281805368,-34.658325938));
#4840=CARTESIAN_POINT('',(4.947806612,-457.18671839,-34.625215875));
#4841=CARTESIAN_POINT('',(4.270788371,-457.059521316,-34.580924835));
#4842=CARTESIAN_POINT('',(3.925655995,-457.027414366,-34.569744954));
#4843=CARTESIAN_POINT('',(3.580515085,-457.027414356,-34.569744982));
#4844=CARTESIAN_POINT('',(8.85387815,-461.798151949,-36.890887983));
#4845=CARTESIAN_POINT('',(8.853878207,-461.474232076,-36.771568301));
#4846=CARTESIAN_POINT('',(8.819885694,-461.150320207,-36.652251566));
#4847=CARTESIAN_POINT('',(8.685218516,-460.514928501,-36.418197581));
#4848=CARTESIAN_POINT('',(8.58454718,-460.203464376,-36.303466117));
#4849=CARTESIAN_POINT('',(8.320387895,-459.604938465,-36.082992076));
#4850=CARTESIAN_POINT('',(8.156906478,-459.317891478,-35.97725495));
#4851=CARTESIAN_POINT('',(7.773406581,-458.77923238,-35.778833548));
#4852=CARTESIAN_POINT('',(7.553397584,-458.527633589,-35.686154179));
#4853=CARTESIAN_POINT('',(7.065294765,-458.069541677,-35.517410642));
#4854=CARTESIAN_POINT('',(6.797213012,-457.863059883,-35.441350646));
#4855=CARTESIAN_POINT('',(6.223264792,-457.503139375,-35.308769694));
#4856=CARTESIAN_POINT('',(5.917412517,-457.349709561,-35.252252015));
#4857=CARTESIAN_POINT('',(5.279675409,-457.101792003,-35.160928661));
#4858=CARTESIAN_POINT('',(4.947806346,-457.007310391,-35.126125243));
#4859=CARTESIAN_POINT('',(4.270788234,-456.880923118,-35.079568993));
#4860=CARTESIAN_POINT('',(3.925655927,-456.849020584,-35.067817311));
#4861=CARTESIAN_POINT('',(3.580515085,-456.849020587,-35.067817303));
#4862=CARTESIAN_POINT('',(8.85387815,-461.349144996,-38.044946688));
#4863=CARTESIAN_POINT('',(8.853878207,-461.029757974,-37.913976457));
#4864=CARTESIAN_POINT('',(8.819885695,-460.710378844,-37.783009462));
#4865=CARTESIAN_POINT('',(8.685218517,-460.083878647,-37.526102102));
#4866=CARTESIAN_POINT('',(8.584547181,-459.776773072,-37.400168091));
#4867=CARTESIAN_POINT('',(8.320387896,-459.186622778,-37.158166642));
#4868=CARTESIAN_POINT('',(8.156906479,-458.903592653,-37.042105189));
#4869=CARTESIAN_POINT('',(7.773406583,-458.372471413,-36.824309633));
#4870=CARTESIAN_POINT('',(7.553397586,-458.12439343,-36.722580915));
#4871=CARTESIAN_POINT('',(7.065294767,-457.672711938,-36.537361014));
#4872=CARTESIAN_POINT('',(6.797213014,-457.469119597,-36.453874411));
#4873=CARTESIAN_POINT('',(6.223264794,-457.114235724,-36.308348064));
#4874=CARTESIAN_POINT('',(5.917412518,-456.962952966,-36.246311919));
#4875=CARTESIAN_POINT('',(5.27967541,-456.718504703,-36.146071623));
#4876=CARTESIAN_POINT('',(4.947806346,-456.625345241,-36.107869951));
#4877=CARTESIAN_POINT('',(4.270788234,-456.500726599,-36.056767885));
#4878=CARTESIAN_POINT('',(3.925655927,-456.4692705,-36.043868755));
#4879=CARTESIAN_POINT('',(3.580515085,-456.469270502,-36.04386875));
#4880=CARTESIAN_POINT('',(8.85387815,-461.109758228,-38.613882107));
#4881=CARTESIAN_POINT('',(8.853878309,-460.792833306,-38.477051106));
#4882=CARTESIAN_POINT('',(8.819885886,-460.475916207,-38.34022348));
#4883=CARTESIAN_POINT('',(8.685218858,-459.854245563,-38.071819789));
#4884=CARTESIAN_POINT('',(8.584547582,-459.549507389,-37.940250361));
#4885=CARTESIAN_POINT('',(8.320388389,-458.963906412,-37.687419591));
#4886=CARTESIAN_POINT('',(8.156907003,-458.683058089,-37.566164502));
#4887=CARTESIAN_POINT('',(7.77340714,-458.15603111,-37.338622804));
#4888=CARTESIAN_POINT('',(7.553398146,-457.909865486,-37.232341822));
#4889=CARTESIAN_POINT('',(7.065295307,-457.461665868,-37.038833501));
#4890=CARTESIAN_POINT('',(6.797213532,-457.259642957,-36.951610947));
#4891=CARTESIAN_POINT('',(6.223265246,-456.90749477,-36.799572423));
#4892=CARTESIAN_POINT('',(5.917412928,-456.757378202,-36.734760212));
#4893=CARTESIAN_POINT('',(5.279675719,-456.514814312,-36.630034244));
#4894=CARTESIAN_POINT('',(4.947806598,-456.422372987,-36.590123076));
#4895=CARTESIAN_POINT('',(4.270788364,-456.298714992,-36.536734226));
#4896=CARTESIAN_POINT('',(3.925655992,-456.26750138,-36.523257865));
#4897=CARTESIAN_POINT('',(3.580515085,-456.267501386,-36.523257852));
#4898=CARTESIAN_POINT('',(8.85387815,-460.345866868,-40.295818582));
#4899=CARTESIAN_POINT('',(8.853878309,-460.036970591,-40.141310103));
#4900=CARTESIAN_POINT('',(8.819885887,-459.728081938,-39.986805436));
#4901=CARTESIAN_POINT('',(8.68521886,-459.122160047,-39.683726126));
#4902=CARTESIAN_POINT('',(8.584547584,-458.825141791,-39.535158976));
#4903=CARTESIAN_POINT('',(8.320388392,-458.254375815,-39.249664488));
#4904=CARTESIAN_POINT('',(8.156907006,-457.980642208,-39.112744209));
#4905=CARTESIAN_POINT('',(7.773407144,-457.466966376,-38.855805944));
#4906=CARTESIAN_POINT('',(7.55339815,-457.227036853,-38.73579431));
#4907=CARTESIAN_POINT('',(7.065295311,-456.790191451,-38.517286266));
#4908=CARTESIAN_POINT('',(6.797213535,-456.593286375,-38.418795258));
#4909=CARTESIAN_POINT('',(6.223265249,-456.250059137,-38.247114582));
#4910=CARTESIAN_POINT('',(5.917412931,-456.103745463,-38.173929158));
#4911=CARTESIAN_POINT('',(5.279675721,-455.867326426,-38.055673446));
#4912=CARTESIAN_POINT('',(4.9478066,-455.77722691,-38.010606082));
#4913=CARTESIAN_POINT('',(4.270788365,-455.656701532,-37.950319837));
#4914=CARTESIAN_POINT('',(3.925655992,-455.62627865,-37.935102447));
#4915=CARTESIAN_POINT('',(3.580515085,-455.626278653,-37.935102442));
#4916=CARTESIAN_POINT('',(8.85387815,-459.775799622,-41.38404144));
#4917=CARTESIAN_POINT('',(8.853878165,-459.473111001,-41.217616489));
#4918=CARTESIAN_POINT('',(8.819885616,-459.170429863,-41.051195652));
#4919=CARTESIAN_POINT('',(8.685218377,-458.57668477,-40.724741365));
#4920=CARTESIAN_POINT('',(8.584547016,-458.285635497,-40.564715986));
#4921=CARTESIAN_POINT('',(8.320387693,-457.726339846,-40.25720277));
#4922=CARTESIAN_POINT('',(8.156906264,-457.458107298,-40.109722535));
#4923=CARTESIAN_POINT('',(7.773406353,-456.954754508,-39.832967951));
#4924=CARTESIAN_POINT('',(7.553397355,-456.719646712,-39.703700444));
#4925=CARTESIAN_POINT('',(7.065294544,-456.29158035,-39.468340016));
#4926=CARTESIAN_POINT('',(6.797212801,-456.098632368,-39.362252914));
#4927=CARTESIAN_POINT('',(6.223264607,-455.762302784,-39.177331412));
#4928=CARTESIAN_POINT('',(5.91741235,-455.618929499,-39.098501584));
#4929=CARTESIAN_POINT('',(5.279675283,-455.387261652,-38.971125437));
#4930=CARTESIAN_POINT('',(4.947806243,-455.298972819,-38.922582269));
#4931=CARTESIAN_POINT('',(4.270788181,-455.180869574,-38.857646472));
#4932=CARTESIAN_POINT('',(3.9256559,-455.151058083,-38.84125545));
#4933=CARTESIAN_POINT('',(3.580515085,-455.151058083,-38.84125545));
#4934=CARTESIAN_POINT('',(8.85387815,-458.822479331,-42.962961361));
#4935=CARTESIAN_POINT('',(8.853878165,-458.530630732,-42.778582815));
#4936=CARTESIAN_POINT('',(8.819885616,-458.238789348,-42.594208828));
#4937=CARTESIAN_POINT('',(8.685218377,-457.666307722,-42.232537298));
#4938=CARTESIAN_POINT('',(8.584547016,-457.385681636,-42.055248699));
#4939=CARTESIAN_POINT('',(8.320387693,-456.846415733,-41.714561566));
#4940=CARTESIAN_POINT('',(8.156906264,-456.58778925,-41.551171456));
#4941=CARTESIAN_POINT('',(7.773406353,-456.102462757,-41.244561136));
#4942=CARTESIAN_POINT('',(7.553397355,-455.875774747,-41.101348506));
#4943=CARTESIAN_POINT('',(7.065294544,-455.46303849,-40.840597862));
#4944=CARTESIAN_POINT('',(6.7972128,-455.277000448,-40.723066294));
#4945=CARTESIAN_POINT('',(6.223264607,-454.95271565,-40.518195828));
#4946=CARTESIAN_POINT('',(5.91741235,-454.814476913,-40.430861994));
#4947=CARTESIAN_POINT('',(5.279675283,-454.591105659,-40.289744763));
#4948=CARTESIAN_POINT('',(4.947806243,-454.505978664,-40.235964854));
#4949=CARTESIAN_POINT('',(4.270788181,-454.392104986,-40.164023914));
#4950=CARTESIAN_POINT('',(3.9256559,-454.363361117,-40.145864661));
#4951=CARTESIAN_POINT('',(3.580515085,-454.363361116,-40.145864662));
#4952=CARTESIAN_POINT('',(8.85387815,-458.488296307,-43.480344022));
#4953=CARTESIAN_POINT('',(8.853878151,-458.200316153,-43.289968898));
#4954=CARTESIAN_POINT('',(8.819885591,-457.912343119,-43.099598481));
#4955=CARTESIAN_POINT('',(8.685218332,-457.347449724,-42.726164243));
#4956=CARTESIAN_POINT('',(8.584546963,-457.070543332,-42.543109654));
#4957=CARTESIAN_POINT('',(8.320387628,-456.53842539,-42.191342293));
#4958=CARTESIAN_POINT('',(8.156906195,-456.283226997,-42.022638218));
#4959=CARTESIAN_POINT('',(7.77340628,-455.804333501,-41.706055957));
#4960=CARTESIAN_POINT('',(7.553397281,-455.580650239,-41.558185598));
#4961=CARTESIAN_POINT('',(7.065294473,-455.173384797,-41.288954516));
#4962=CARTESIAN_POINT('',(6.797212732,-454.989812688,-41.167600449));
#4963=CARTESIAN_POINT('',(6.223264548,-454.669826284,-40.956066945));
#4964=CARTESIAN_POINT('',(5.917412296,-454.533419901,-40.865892738));
#4965=CARTESIAN_POINT('',(5.279675242,-454.313009432,-40.720185926));
#4966=CARTESIAN_POINT('',(4.947806209,-454.229010796,-40.664656924));
#4967=CARTESIAN_POINT('',(4.270788164,-454.116646513,-40.590376236));
#4968=CARTESIAN_POINT('',(3.925655892,-454.088283645,-40.571626386));
#4969=CARTESIAN_POINT('',(3.580515085,-454.088283645,-40.571626386));
#4970=CARTESIAN_POINT('',(8.85387815,-457.785401592,-44.496331724));
#4971=CARTESIAN_POINT('',(8.853878151,-457.505711746,-44.293973508));
#4972=CARTESIAN_POINT('',(8.819885591,-457.226028816,-44.091620296));
#4973=CARTESIAN_POINT('',(8.685218332,-456.677397449,-43.694680377));
#4974=CARTESIAN_POINT('',(8.584546963,-456.408462577,-43.500103485));
#4975=CARTESIAN_POINT('',(8.320387628,-455.891663128,-43.126194257));
#4976=CARTESIAN_POINT('',(8.156906194,-455.64381133,-42.946871166));
#4977=CARTESIAN_POINT('',(7.77340628,-455.178704114,-42.610361751));
#4978=CARTESIAN_POINT('',(7.553397281,-454.961460196,-42.453183747));
#4979=CARTESIAN_POINT('',(7.065294473,-454.565919022,-42.167006013));
#4980=CARTESIAN_POINT('',(6.797212732,-454.387631546,-42.038013359));
#4981=CARTESIAN_POINT('',(6.223264548,-454.07685684,-41.813164957));
#4982=CARTESIAN_POINT('',(5.917412296,-453.944377294,-41.717314768));
#4983=CARTESIAN_POINT('',(5.279675242,-453.730311953,-41.562436494));
#4984=CARTESIAN_POINT('',(4.947806209,-453.648731451,-41.503412239));
#4985=CARTESIAN_POINT('',(4.270788164,-453.539601886,-41.424455981));
#4986=CARTESIAN_POINT('',(3.925655892,-453.512055522,-41.404525929));
#4987=CARTESIAN_POINT('',(3.580515085,-453.512055521,-41.404525929));
#4988=CARTESIAN_POINT('',(8.85387815,-457.416346195,-44.995374508));
#4989=CARTESIAN_POINT('',(8.853878156,-457.141082498,-44.78702443));
#4990=CARTESIAN_POINT('',(8.819885599,-456.865825606,-44.578679503));
#4991=CARTESIAN_POINT('',(8.685218346,-456.325876439,-44.169986122));
#4992=CARTESIAN_POINT('',(8.58454698,-456.061197514,-43.969647773));
#4993=CARTESIAN_POINT('',(8.320387649,-455.55257652,-43.584667024));
#4994=CARTESIAN_POINT('',(8.156906217,-455.308647026,-43.400034144));
#4995=CARTESIAN_POINT('',(7.773406303,-454.850900223,-43.053560623));
#4996=CARTESIAN_POINT('',(7.553397305,-454.637094233,-42.891728549));
#4997=CARTESIAN_POINT('',(7.065294496,-454.247812576,-42.597077039));
#4998=CARTESIAN_POINT('',(6.797212754,-454.072346535,-42.464264888));
#4999=CARTESIAN_POINT('',(6.223264567,-453.7664899,-42.232758681));
#5000=CARTESIAN_POINT('',(5.917412313,-453.636106869,-42.134070349));
#5001=CARTESIAN_POINT('',(5.279675255,-453.425429155,-41.9746061));
#5002=CARTESIAN_POINT('',(4.94780622,-453.345139681,-41.913834125));
#5003=CARTESIAN_POINT('',(4.270788169,-453.237737115,-41.832539954));
#5004=CARTESIAN_POINT('',(3.925655894,-453.210626678,-41.812019769));
#5005=CARTESIAN_POINT('',(3.580515085,-453.210626679,-41.812019768));
#5006=CARTESIAN_POINT('',(8.85387815,-456.256299661,-46.459878755));
#5007=CARTESIAN_POINT('',(8.853878156,-455.995183047,-46.233668648));
#5008=CARTESIAN_POINT('',(8.819885599,-455.734072889,-46.007464134));
#5009=CARTESIAN_POINT('',(8.685218347,-455.221874225,-45.563737046));
#5010=CARTESIAN_POINT('',(8.58454698,-454.970798384,-45.346225443));
#5011=CARTESIAN_POINT('',(8.320387649,-454.488317791,-44.928243665));
#5012=CARTESIAN_POINT('',(8.156906217,-454.25692497,-44.727783824));
#5013=CARTESIAN_POINT('',(7.773406304,-453.822703908,-44.35161016));
#5014=CARTESIAN_POINT('',(7.553397305,-453.619886404,-44.175905639));
#5015=CARTESIAN_POINT('',(7.065294496,-453.250611745,-43.855996234));
#5016=CARTESIAN_POINT('',(6.797212755,-453.084163721,-43.71179926));
#5017=CARTESIAN_POINT('',(6.223264567,-452.794026483,-43.460448053));
#5018=CARTESIAN_POINT('',(5.917412313,-452.670344443,-43.353300035));
#5019=CARTESIAN_POINT('',(5.279675255,-452.470494438,-43.180166311));
#5020=CARTESIAN_POINT('',(4.94780622,-452.394331414,-43.114184887));
#5021=CARTESIAN_POINT('',(4.270788169,-452.292448766,-43.02592208));
#5022=CARTESIAN_POINT('',(3.925655894,-452.26673166,-43.003642879));
#5023=CARTESIAN_POINT('',(3.580515085,-452.266731661,-43.003642878));
#5024=CARTESIAN_POINT('',(8.85387815,-455.428304697,-47.373098302));
#5025=CARTESIAN_POINT('',(8.85387815,-455.177589606,-47.135376063));
#5026=CARTESIAN_POINT('',(8.819885588,-454.926880713,-46.897659702));
#5027=CARTESIAN_POINT('',(8.685218326,-454.43508537,-46.431350756));
#5028=CARTESIAN_POINT('',(8.584546956,-454.19401108,-46.202769701));
#5029=CARTESIAN_POINT('',(8.32038762,-453.730749996,-45.763516279));
#5030=CARTESIAN_POINT('',(8.156906186,-453.508574658,-45.552854773));
#5031=CARTESIAN_POINT('',(7.77340627,-453.091650697,-45.157537137));
#5032=CARTESIAN_POINT('',(7.553397272,-452.896912385,-44.972890782));
#5033=CARTESIAN_POINT('',(7.065294464,-452.542347701,-44.636700768));
#5034=CARTESIAN_POINT('',(6.797212723,-452.382530098,-44.485165421));
#5035=CARTESIAN_POINT('',(6.22326454,-452.103950414,-44.221022621));
#5036=CARTESIAN_POINT('',(5.917412289,-451.985195222,-44.1084217));
#5037=CARTESIAN_POINT('',(5.279675237,-451.793306198,-43.926476975));
#5038=CARTESIAN_POINT('',(4.947806205,-451.720177112,-43.85713767));
#5039=CARTESIAN_POINT('',(4.270788162,-451.622352936,-43.764383054));
#5040=CARTESIAN_POINT('',(3.92565589,-451.597660265,-43.740970036));
#5041=CARTESIAN_POINT('',(3.580515085,-451.597660265,-43.740970036));
#5042=CARTESIAN_POINT('',(8.85387815,-453.662715078,-49.072913106));
#5043=CARTESIAN_POINT('',(8.85387815,-453.434677985,-48.813357709));
#5044=CARTESIAN_POINT('',(8.819885588,-453.20664653,-48.55380873));
#5045=CARTESIAN_POINT('',(8.685218326,-452.759335681,-48.044672504));
#5046=CARTESIAN_POINT('',(8.584546956,-452.540067347,-47.795097846));
#5047=CARTESIAN_POINT('',(8.32038762,-452.118709741,-47.315502008));
#5048=CARTESIAN_POINT('',(8.156906186,-451.916630887,-47.085492686));
#5049=CARTESIAN_POINT('',(7.77340627,-451.53741906,-46.653867835));
#5050=CARTESIAN_POINT('',(7.553397272,-451.360295463,-46.452262978));
#5051=CARTESIAN_POINT('',(7.065294464,-451.037802313,-46.085196215));
#5052=CARTESIAN_POINT('',(6.797212723,-450.892440734,-45.919743385));
#5053=CARTESIAN_POINT('',(6.22326454,-450.639059491,-45.63134088));
#5054=CARTESIAN_POINT('',(5.917412289,-450.531046094,-45.508398337));
#5055=CARTESIAN_POINT('',(5.279675237,-450.356514058,-45.309743236));
#5056=CARTESIAN_POINT('',(4.947806205,-450.289999737,-45.234035591));
#5057=CARTESIAN_POINT('',(4.270788162,-450.201024077,-45.132762099));
#5058=CARTESIAN_POINT('',(3.92565589,-450.178564939,-45.107198756));
#5059=CARTESIAN_POINT('',(3.580515085,-450.178564939,-45.107198756));
#5060=CARTESIAN_POINT('',(8.85387815,-452.725123668,-49.859512113));
#5061=CARTESIAN_POINT('',(8.85387815,-452.509363828,-49.589638017));
#5062=CARTESIAN_POINT('',(8.819885588,-452.293609323,-49.319770594));
#5063=CARTESIAN_POINT('',(8.685218326,-451.870381172,-48.790393512));
#5064=CARTESIAN_POINT('',(8.584546956,-451.662917991,-48.530896943));
#5065=CARTESIAN_POINT('',(8.32038762,-451.26424579,-48.032234635));
#5066=CARTESIAN_POINT('',(8.156906186,-451.073046628,-47.793081227));
#5067=CARTESIAN_POINT('',(7.77340627,-450.714251127,-47.344297007));
#5068=CARTESIAN_POINT('',(7.553397272,-450.546663659,-47.134677292));
#5069=CARTESIAN_POINT('',(7.065294464,-450.241533167,-46.753017685));
#5070=CARTESIAN_POINT('',(6.797212723,-450.103997687,-46.580987231));
#5071=CARTESIAN_POINT('',(6.22326454,-449.864258198,-46.281119202));
#5072=CARTESIAN_POINT('',(5.917412289,-449.762060116,-46.153289042));
#5073=CARTESIAN_POINT('',(5.279675237,-449.596924684,-45.946736351));
#5074=CARTESIAN_POINT('',(4.947806205,-449.533991416,-45.868018928));
#5075=CARTESIAN_POINT('',(4.270788162,-449.449806102,-45.762719279));
#5076=CARTESIAN_POINT('',(3.92565589,-449.428556138,-45.736139658));
#5077=CARTESIAN_POINT('',(3.580515085,-449.428556138,-45.736139658));
#5078=CARTESIAN_POINT('',(8.85387815,-451.233792825,-50.941272217));
#5079=CARTESIAN_POINT('',(8.85387815,-451.037692635,-50.657137686));
#5080=CARTESIAN_POINT('',(8.819885588,-450.841597294,-50.373010182));
#5081=CARTESIAN_POINT('',(8.685218326,-450.456932934,-49.815660252));
#5082=CARTESIAN_POINT('',(8.584546956,-450.268373427,-49.542451608));
#5083=CARTESIAN_POINT('',(8.32038762,-449.906027524,-49.017439454));
#5084=CARTESIAN_POINT('',(8.156906186,-449.732250087,-48.765648925));
#5085=CARTESIAN_POINT('',(7.77340627,-449.406147389,-48.29315047));
#5086=CARTESIAN_POINT('',(7.553397272,-449.253830192,-48.072454226));
#5087=CARTESIAN_POINT('',(7.065294464,-448.976502643,-47.67062732));
#5088=CARTESIAN_POINT('',(6.797212723,-448.85149915,-47.489506593));
#5089=CARTESIAN_POINT('',(6.22326454,-448.633604294,-47.173793219));
#5090=CARTESIAN_POINT('',(5.917412289,-448.540718318,-47.039208377));
#5091=CARTESIAN_POINT('',(5.279675237,-448.390629731,-46.821741223));
#5092=CARTESIAN_POINT('',(4.947806205,-448.33343083,-46.738864287));
#5093=CARTESIAN_POINT('',(4.270788162,-448.256916331,-46.628000493));
#5094=CARTESIAN_POINT('',(3.92565589,-448.237602626,-46.600016376));
#5095=CARTESIAN_POINT('',(3.580515085,-448.237602626,-46.600016376));
#5096=CARTESIAN_POINT('',(8.85387815,-450.722501854,-51.28547548));
#5097=CARTESIAN_POINT('',(8.853878423,-450.533160802,-50.996790245));
#5098=CARTESIAN_POINT('',(8.8198861,-450.343824413,-50.708112127));
#5099=CARTESIAN_POINT('',(8.685219239,-449.972418515,-50.141835598));
#5100=CARTESIAN_POINT('',(8.584548031,-449.790358189,-49.864251188));
#5101=CARTESIAN_POINT('',(8.320388941,-449.440501433,-49.330830312));
#5102=CARTESIAN_POINT('',(8.15690759,-449.272713654,-49.075007034));
#5103=CARTESIAN_POINT('',(7.773407765,-448.957850853,-48.594940896));
#5104=CARTESIAN_POINT('',(7.553398774,-448.810783616,-48.370709906));
#5105=CARTESIAN_POINT('',(7.065295913,-448.543014782,-47.962447198));
#5106=CARTESIAN_POINT('',(6.797214113,-448.422319806,-47.778425575));
#5107=CARTESIAN_POINT('',(6.223265754,-448.211935156,-47.457655619));
#5108=CARTESIAN_POINT('',(5.917413387,-448.122250685,-47.320915217));
#5109=CARTESIAN_POINT('',(5.279676066,-447.977335192,-47.099965035));
#5110=CARTESIAN_POINT('',(4.947806881,-447.922107753,-47.015760718));
#5111=CARTESIAN_POINT('',(4.270788509,-447.848230442,-46.903121311));
#5112=CARTESIAN_POINT('',(3.925656064,-447.829582398,-46.874689005));
#5113=CARTESIAN_POINT('',(3.580515085,-447.829582367,-46.874689026));
#5114=CARTESIAN_POINT('',(8.85387815,-449.670755,-51.940186781));
#5115=CARTESIAN_POINT('',(8.853878421,-449.495301896,-51.642856314));
#5116=CARTESIAN_POINT('',(8.819886096,-449.319853112,-51.345533178));
#5117=CARTESIAN_POINT('',(8.685219232,-448.975689404,-50.762298417));
#5118=CARTESIAN_POINT('',(8.584548023,-448.80698299,-50.476401213));
#5119=CARTESIAN_POINT('',(8.320388931,-448.482787815,-49.927006032));
#5120=CARTESIAN_POINT('',(8.156907579,-448.327307069,-49.66352164));
#5121=CARTESIAN_POINT('',(7.773407754,-448.035539077,-49.169079009));
#5122=CARTESIAN_POINT('',(7.553398763,-447.899259045,-48.938132996));
#5123=CARTESIAN_POINT('',(7.065295902,-447.651130728,-48.517644088));
#5124=CARTESIAN_POINT('',(6.797214102,-447.539288578,-48.328111589));
#5125=CARTESIAN_POINT('',(6.223265745,-447.344335378,-47.997735571));
#5126=CARTESIAN_POINT('',(5.917413379,-447.261229147,-47.856900222));
#5127=CARTESIAN_POINT('',(5.27967606,-447.126943012,-47.629333273));
#5128=CARTESIAN_POINT('',(4.947806876,-447.075766429,-47.542607301));
#5129=CARTESIAN_POINT('',(4.270788507,-447.007307907,-47.4265947));
#5130=CARTESIAN_POINT('',(3.925656063,-446.99002766,-47.39731094));
#5131=CARTESIAN_POINT('',(3.580515085,-446.990027618,-47.397310965));
#5132=CARTESIAN_POINT('',(8.85387815,-449.128172658,-52.251679441));
#5133=CARTESIAN_POINT('',(8.85387815,-448.959876011,-51.950241743));
#5134=CARTESIAN_POINT('',(8.819885588,-448.791583526,-51.648811499));
#5135=CARTESIAN_POINT('',(8.685218326,-448.461457779,-51.057520184));
#5136=CARTESIAN_POINT('',(8.584546956,-448.299632679,-50.767673735));
#5137=CARTESIAN_POINT('',(8.32038762,-447.988661025,-50.210689496));
#5138=CARTESIAN_POINT('',(8.156906186,-447.839522159,-49.943565479));
#5139=CARTESIAN_POINT('',(7.77340627,-447.559655064,-49.442292907));
#5140=CARTESIAN_POINT('',(7.553397272,-447.428933755,-49.208156748));
#5141=CARTESIAN_POINT('',(7.065294464,-447.190926355,-48.781859467));
#5142=CARTESIAN_POINT('',(6.797212723,-447.083646149,-48.589708887));
#5143=CARTESIAN_POINT('',(6.22326454,-446.896644935,-48.254769262));
#5144=CARTESIAN_POINT('',(5.917412289,-446.81692855,-48.1119885));
#5145=CARTESIAN_POINT('',(5.279675237,-446.688119873,-47.881278075));
#5146=CARTESIAN_POINT('',(4.947806205,-446.639030766,-47.793354115));
#5147=CARTESIAN_POINT('',(4.270788162,-446.573364672,-47.67573896));
#5148=CARTESIAN_POINT('',(3.92565589,-446.556789309,-47.646050672));
#5149=CARTESIAN_POINT('',(3.580515085,-446.556789309,-47.646050672));
#5150=CARTESIAN_POINT('',(8.85387815,-447.48162696,-53.12068734));
#5151=CARTESIAN_POINT('',(8.85387815,-447.334928929,-52.807850403));
#5152=CARTESIAN_POINT('',(8.819885588,-447.188234525,-52.495021202));
#5153=CARTESIAN_POINT('',(8.685218326,-446.900475987,-51.881369476));
#5154=CARTESIAN_POINT('',(8.584546956,-446.759418967,-51.580562126));
#5155=CARTESIAN_POINT('',(8.32038762,-446.488356351,-51.00251484));
#5156=CARTESIAN_POINT('',(8.156906186,-446.358357457,-50.725289198));
#5157=CARTESIAN_POINT('',(7.77340627,-446.114407547,-50.205060385));
#5158=CARTESIAN_POINT('',(7.553397272,-446.000462563,-49.962070077));
#5159=CARTESIAN_POINT('',(7.065294464,-445.793000218,-49.519651838));
#5160=CARTESIAN_POINT('',(6.797212723,-445.699487987,-49.320234846));
#5161=CARTESIAN_POINT('',(6.22326454,-445.536485869,-48.972629066));
#5162=CARTESIAN_POINT('',(5.917412289,-445.467000012,-48.824448874));
#5163=CARTESIAN_POINT('',(5.279675237,-445.3547222,-48.585013848));
#5164=CARTESIAN_POINT('',(4.947806205,-445.311933021,-48.493764936));
#5165=CARTESIAN_POINT('',(4.270788162,-445.254694289,-48.371702018));
#5166=CARTESIAN_POINT('',(3.92565589,-445.240246151,-48.340891031));
#5167=CARTESIAN_POINT('',(3.580515085,-445.240246151,-48.340891031));
#5168=CARTESIAN_POINT('',(8.85387815,-446.353562454,-53.6170008));
#5169=CARTESIAN_POINT('',(8.85387815,-446.221505535,-53.297744867));
#5170=CARTESIAN_POINT('',(8.819885588,-446.089451881,-52.978496828));
#5171=CARTESIAN_POINT('',(8.685218326,-445.830412916,-52.352253788));
#5172=CARTESIAN_POINT('',(8.584546956,-445.70343401,-52.045274273));
#5173=CARTESIAN_POINT('',(8.32038762,-445.45942464,-51.455366228));
#5174=CARTESIAN_POINT('',(8.156906186,-445.34240021,-51.172452286));
#5175=CARTESIAN_POINT('',(7.77340627,-445.122797579,-50.641549072));
#5176=CARTESIAN_POINT('',(7.553397272,-445.020224809,-50.393572928));
#5177=CARTESIAN_POINT('',(7.065294464,-444.833468122,-49.942076858));
#5178=CARTESIAN_POINT('',(6.797212723,-444.749288825,-49.738568096));
#5179=CARTESIAN_POINT('',(6.22326454,-444.602555038,-49.383829909));
#5180=CARTESIAN_POINT('',(5.917412289,-444.540004177,-49.232609257));
#5181=CARTESIAN_POINT('',(5.279675237,-444.438932187,-48.988261344));
#5182=CARTESIAN_POINT('',(4.947806205,-444.400413557,-48.895140126));
#5183=CARTESIAN_POINT('',(4.270788162,-444.348887503,-48.770572641));
#5184=CARTESIAN_POINT('',(3.92565589,-444.335881353,-48.739129453));
#5185=CARTESIAN_POINT('',(3.580515085,-444.335881353,-48.739129453));
#5186=CARTESIAN_POINT('',(8.85387815,-444.040545092,-54.454093585));
#5187=CARTESIAN_POINT('',(8.85387815,-443.937695828,-54.124267252));
#5188=CARTESIAN_POINT('',(8.819885588,-443.834849107,-53.794449075));
#5189=CARTESIAN_POINT('',(8.685218326,-443.633103018,-53.147471451));
#5190=CARTESIAN_POINT('',(8.584546956,-443.534208638,-52.830328002));
#5191=CARTESIAN_POINT('',(8.32038762,-443.344167978,-52.220888407));
#5192=CARTESIAN_POINT('',(8.156906186,-443.253026396,-51.92860733));
#5193=CARTESIAN_POINT('',(7.77340627,-443.08199432,-51.380126184));
#5194=CARTESIAN_POINT('',(7.553397272,-443.002108055,-51.123939678));
#5195=CARTESIAN_POINT('',(7.065294464,-442.856657231,-50.657494805));
#5196=CARTESIAN_POINT('',(6.797212723,-442.791096268,-50.447247973));
#5197=CARTESIAN_POINT('',(6.22326454,-442.676816288,-50.080764588));
#5198=CARTESIAN_POINT('',(5.917412289,-442.628100098,-49.924537098));
#5199=CARTESIAN_POINT('',(5.279675237,-442.549382679,-49.672098952));
#5200=CARTESIAN_POINT('',(4.947806205,-442.519383397,-49.575894538));
#5201=CARTESIAN_POINT('',(4.270788162,-442.479253604,-49.447202688));
#5202=CARTESIAN_POINT('',(3.92565589,-442.469124087,-49.414718432));
#5203=CARTESIAN_POINT('',(3.580515085,-442.469124087,-49.414718432));
#5204=CARTESIAN_POINT('',(8.85387815,-442.855576266,-54.794829247));
#5205=CARTESIAN_POINT('',(8.853878812,-442.767291425,-54.460850148));
#5206=CARTESIAN_POINT('',(8.819886828,-442.679008744,-54.126879246));
#5207=CARTESIAN_POINT('',(8.685220538,-442.505831717,-53.471755466));
#5208=CARTESIAN_POINT('',(8.584549561,-442.420941653,-53.150618787));
#5209=CARTESIAN_POINT('',(8.32039082,-442.257812395,-52.533505524));
#5210=CARTESIAN_POINT('',(8.156909587,-442.179577234,-52.2375442));
#5211=CARTESIAN_POINT('',(7.773409891,-442.032764725,-51.68215683));
#5212=CARTESIAN_POINT('',(7.553400911,-441.964191007,-51.422744517));
#5213=CARTESIAN_POINT('',(7.065297975,-441.839337184,-50.950426317));
#5214=CARTESIAN_POINT('',(6.797216089,-441.783060166,-50.737532109));
#5215=CARTESIAN_POINT('',(6.22326748,-441.684963102,-50.366434046));
#5216=CARTESIAN_POINT('',(5.91741495,-441.643145483,-50.208239367));
#5217=CARTESIAN_POINT('',(5.279677246,-441.575575003,-49.952622566));
#5218=CARTESIAN_POINT('',(4.947807842,-441.549823814,-49.855206765));
#5219=CARTESIAN_POINT('',(4.270789004,-441.515376621,-49.724894461));
#5220=CARTESIAN_POINT('',(3.925656312,-441.506681468,-49.692001181));
#5221=CARTESIAN_POINT('',(3.580515085,-441.506681409,-49.692001198));
#5222=CARTESIAN_POINT('',(8.85387815,-441.340249031,-55.127474295));
#5223=CARTESIAN_POINT('',(8.853878807,-441.269815869,-54.789576388));
#5224=CARTESIAN_POINT('',(8.819886819,-441.199384427,-54.451686774));
#5225=CARTESIAN_POINT('',(8.685220522,-441.061224728,-53.788875975));
#5226=CARTESIAN_POINT('',(8.584549542,-440.993499888,-53.463971178));
#5227=CARTESIAN_POINT('',(8.320390797,-440.863356226,-52.839616903));
#5228=CARTESIAN_POINT('',(8.156909563,-440.800940623,-52.540182863));
#5229=CARTESIAN_POINT('',(7.773409865,-440.683814358,-51.978278754));
#5230=CARTESIAN_POINT('',(7.553400885,-440.629106593,-51.71582258));
#5231=CARTESIAN_POINT('',(7.06529795,-440.529498833,-51.237962349));
#5232=CARTESIAN_POINT('',(6.797216065,-440.484601301,-51.022570109));
#5233=CARTESIAN_POINT('',(6.223267459,-440.406339925,-50.647117703));
#5234=CARTESIAN_POINT('',(5.917414931,-440.372978016,-50.48706682));
#5235=CARTESIAN_POINT('',(5.279677232,-440.319070573,-50.228450697));
#5236=CARTESIAN_POINT('',(4.94780783,-440.29852637,-50.129891852));
#5237=CARTESIAN_POINT('',(4.270788998,-440.271044497,-49.99805051));
#5238=CARTESIAN_POINT('',(3.925656309,-440.264107505,-49.964771273));
#5239=CARTESIAN_POINT('',(3.580515085,-440.264107411,-49.964771293));
#5240=CARTESIAN_POINT('',(8.85387815,-441.035035988,-55.189403378));
#5241=CARTESIAN_POINT('',(8.853878214,-440.968160843,-54.850784447));
#5242=CARTESIAN_POINT('',(8.819885709,-440.901287352,-54.512173883));
#5243=CARTESIAN_POINT('',(8.685218542,-440.770107038,-53.847948934));
#5244=CARTESIAN_POINT('',(8.58454721,-440.705803459,-53.522350975));
#5245=CARTESIAN_POINT('',(8.320387932,-440.582234307,-52.896664738));
#5246=CARTESIAN_POINT('',(8.156906517,-440.52297179,-52.596591932));
#5247=CARTESIAN_POINT('',(7.773406623,-440.411762494,-52.033489183));
#5248=CARTESIAN_POINT('',(7.553397627,-440.359818465,-51.770473164));
#5249=CARTESIAN_POINT('',(7.065294806,-440.265242737,-51.291593631));
#5250=CARTESIAN_POINT('',(6.797213052,-440.222613377,-51.075741959));
#5251=CARTESIAN_POINT('',(6.223264827,-440.14830571,-50.699488719));
#5252=CARTESIAN_POINT('',(5.917412548,-440.116629241,-50.539096455));
#5253=CARTESIAN_POINT('',(5.279675433,-440.065445239,-50.279928712));
#5254=CARTESIAN_POINT('',(4.947806365,-440.04593897,-50.181159642));
#5255=CARTESIAN_POINT('',(4.270788244,-440.019845604,-50.049037069));
#5256=CARTESIAN_POINT('',(3.925655932,-440.013259152,-50.015686834));
#5257=CARTESIAN_POINT('',(3.580515085,-440.013259164,-50.015686831));
#5258=CARTESIAN_POINT('',(8.85387815,-440.42328252,-55.303629906));
#5259=CARTESIAN_POINT('',(8.853878214,-440.363458017,-54.96369448));
#5260=CARTESIAN_POINT('',(8.819885709,-440.303634993,-54.623767453));
#5261=CARTESIAN_POINT('',(8.685218543,-440.18628501,-53.956960105));
#5262=CARTESIAN_POINT('',(8.584547211,-440.128760952,-53.630096273));
#5263=CARTESIAN_POINT('',(8.320387933,-440.018219686,-53.001977469));
#5264=CARTESIAN_POINT('',(8.156906519,-439.965205211,-52.700738029));
#5265=CARTESIAN_POINT('',(7.773406625,-439.865720703,-52.135446028));
#5266=CARTESIAN_POINT('',(7.553397628,-439.819253129,-51.871407446));
#5267=CARTESIAN_POINT('',(7.065294807,-439.734648513,-51.390666108));
#5268=CARTESIAN_POINT('',(6.797213053,-439.696513562,-51.173975239));
#5269=CARTESIAN_POINT('',(6.223264828,-439.630040147,-50.796259188));
#5270=CARTESIAN_POINT('',(5.917412549,-439.601703326,-50.635243345));
#5271=CARTESIAN_POINT('',(5.279675433,-439.555915649,-50.375068001));
#5272=CARTESIAN_POINT('',(4.947806365,-439.538465925,-50.275914933));
#5273=CARTESIAN_POINT('',(4.270788244,-439.515123581,-50.14327869));
#5274=CARTESIAN_POINT('',(3.925655932,-439.509231537,-50.109798794));
#5275=CARTESIAN_POINT('',(3.580515085,-439.509231548,-50.109798792));
#5276=CARTESIAN_POINT('',(8.85387815,-440.117386441,-55.355813582));
#5277=CARTESIAN_POINT('',(8.85387815,-440.061047384,-55.015284241));
#5278=CARTESIAN_POINT('',(8.819885588,-440.00470972,-54.674763319));
#5279=CARTESIAN_POINT('',(8.685218326,-439.894196685,-54.006790987));
#5280=CARTESIAN_POINT('',(8.584546956,-439.840024046,-53.679356094));
#5281=CARTESIAN_POINT('',(8.32038762,-439.735923044,-53.050139916));
#5282=CARTESIAN_POINT('',(8.156906186,-439.685997254,-52.74837419));
#5283=CARTESIAN_POINT('',(7.77340627,-439.592308826,-52.18209459));
#5284=CARTESIAN_POINT('',(7.553397272,-439.548548506,-51.917594719));
#5285=CARTESIAN_POINT('',(7.065294464,-439.468873047,-51.436013506));
#5286=CARTESIAN_POINT('',(6.797212723,-439.43295988,-51.218944072));
#5287=CARTESIAN_POINT('',(6.22326454,-439.370359274,-50.84056814));
#5288=CARTESIAN_POINT('',(5.917412289,-439.343673384,-50.679270999));
#5289=CARTESIAN_POINT('',(5.279675237,-439.300553336,-50.418641125));
#5290=CARTESIAN_POINT('',(4.947806205,-439.284120246,-50.319314835));
#5291=CARTESIAN_POINT('',(4.270788162,-439.262137837,-50.186446878));
#5292=CARTESIAN_POINT('',(3.92565589,-439.256589061,-50.152908494));
#5293=CARTESIAN_POINT('',(3.580515085,-439.256589061,-50.152908494));
#5294=CARTESIAN_POINT('',(8.85387815,-439.199642401,-55.498145284));
#5295=CARTESIAN_POINT('',(8.85387815,-439.153635278,-55.156013577));
#5296=CARTESIAN_POINT('',(8.819885588,-439.107629293,-54.813890329));
#5297=CARTESIAN_POINT('',(8.685218326,-439.017383076,-54.142774843));
#5298=CARTESIAN_POINT('',(8.584546956,-438.973145075,-53.8137992));
#5299=CARTESIAN_POINT('',(8.32038762,-438.888134997,-53.181622236));
#5300=CARTESIAN_POINT('',(8.156906186,-438.847365022,-52.878436547));
#5301=CARTESIAN_POINT('',(7.77340627,-438.770857973,-52.30949231));
#5302=CARTESIAN_POINT('',(7.553397272,-438.735122791,-52.043747831));
#5303=CARTESIAN_POINT('',(7.065294464,-438.670058894,-51.55990053));
#5304=CARTESIAN_POINT('',(6.797212723,-438.640731788,-51.341809672));
#5305=CARTESIAN_POINT('',(6.22326454,-438.589611412,-50.961653287));
#5306=CARTESIAN_POINT('',(5.917412289,-438.567819407,-50.79959716));
#5307=CARTESIAN_POINT('',(5.279675237,-438.53260708,-50.537740888));
#5308=CARTESIAN_POINT('',(4.947806205,-438.519187629,-50.437947217));
#5309=CARTESIAN_POINT('',(4.270788162,-438.50123654,-50.304454047));
#5310=CARTESIAN_POINT('',(3.92565589,-438.496705346,-50.270757848));
#5311=CARTESIAN_POINT('',(3.580515085,-438.496705346,-50.270757848));
#5312=CARTESIAN_POINT('',(8.85387815,-438.587738674,-55.574083204));
#5313=CARTESIAN_POINT('',(8.85387815,-438.548453472,-55.23112241));
#5314=CARTESIAN_POINT('',(8.819885588,-438.509169241,-54.888170096));
#5315=CARTESIAN_POINT('',(8.685218326,-438.432108544,-54.215428298));
#5316=CARTESIAN_POINT('',(8.584546956,-438.394333984,-53.885655449));
#5317=CARTESIAN_POINT('',(8.32038762,-438.321744395,-53.251946532));
#5318=CARTESIAN_POINT('',(8.156906186,-438.286931161,-52.948026134));
#5319=CARTESIAN_POINT('',(7.77340627,-438.221602257,-52.377703177));
#5320=CARTESIAN_POINT('',(7.553397272,-438.191088202,-52.11131472));
#5321=CARTESIAN_POINT('',(7.065294464,-438.135530536,-51.626294913));
#5322=CARTESIAN_POINT('',(6.797212723,-438.110488298,-51.407675556));
#5323=CARTESIAN_POINT('',(6.22326454,-438.06683692,-51.026597939));
#5324=CARTESIAN_POINT('',(5.917412289,-438.048228859,-50.864149102));
#5325=CARTESIAN_POINT('',(5.279675237,-438.018161267,-50.601658274));
#5326=CARTESIAN_POINT('',(4.947806205,-438.006702479,-50.501622774));
#5327=CARTESIAN_POINT('',(4.270788162,-437.991374153,-50.36780611));
#5328=CARTESIAN_POINT('',(3.92565589,-437.987504994,-50.334028256));
#5329=CARTESIAN_POINT('',(3.580515085,-437.987504994,-50.334028256));
#5330=CARTESIAN_POINT('',(8.85387815,-437.363792869,-55.690704425));
#5331=CARTESIAN_POINT('',(8.85387815,-437.337602523,-55.346495913));
#5332=CARTESIAN_POINT('',(8.819885588,-437.311412824,-55.002295913));
#5333=CARTESIAN_POINT('',(8.685218326,-437.260038613,-54.32710663));
#5334=CARTESIAN_POINT('',(8.584546956,-437.23485537,-53.996134043));
#5335=CARTESIAN_POINT('',(8.32038762,-437.186461921,-53.360119645));
#5336=CARTESIAN_POINT('',(8.156906186,-437.163252911,-53.055093562));
#5337=CARTESIAN_POINT('',(7.77340627,-437.119699957,-52.482695726));
#5338=CARTESIAN_POINT('',(7.553397272,-437.09935709,-52.215338128));
#5339=CARTESIAN_POINT('',(7.065294464,-437.062318348,-51.728553783));
#5340=CARTESIAN_POINT('',(6.797212723,-437.045623388,-51.509139072));
#5341=CARTESIAN_POINT('',(6.22326454,-437.016522235,-51.126675067));
#5342=CARTESIAN_POINT('',(5.917412289,-437.004116761,-50.963635228));
#5343=CARTESIAN_POINT('',(5.279675237,-436.984071538,-50.700189439));
#5344=CARTESIAN_POINT('',(4.947806205,-436.976432285,-50.599790002));
#5345=CARTESIAN_POINT('',(4.270788162,-436.966213318,-50.465486504));
#5346=CARTESIAN_POINT('',(3.92565589,-436.963633858,-50.431585762));
#5347=CARTESIAN_POINT('',(3.580515085,-436.963633858,-50.431585762));
#5348=CARTESIAN_POINT('',(8.85387815,-436.751750777,-55.731384508));
#5349=CARTESIAN_POINT('',(8.85387815,-436.731933414,-55.386757347));
#5350=CARTESIAN_POINT('',(8.819885588,-436.712116541,-55.042138708));
#5351=CARTESIAN_POINT('',(8.685218326,-436.673243385,-54.366128216));
#5352=CARTESIAN_POINT('',(8.584546956,-436.654188063,-54.034753078));
#5353=CARTESIAN_POINT('',(8.32038762,-436.617570351,-53.397965118));
#5354=CARTESIAN_POINT('',(8.156906186,-436.600008866,-53.092568041));
#5355=CARTESIAN_POINT('',(7.77340627,-436.567053796,-52.519474018));
#5356=CARTESIAN_POINT('',(7.553397272,-436.551661025,-52.251791242));
#5357=CARTESIAN_POINT('',(7.065294464,-436.523635042,-51.764414838));
#5358=CARTESIAN_POINT('',(6.797212723,-436.511002521,-51.544733261));
#5359=CARTESIAN_POINT('',(6.22326454,-436.488982647,-51.161804077));
#5360=CARTESIAN_POINT('',(5.917412289,-436.479595838,-50.998565939));
#5361=CARTESIAN_POINT('',(5.279675237,-436.464428285,-50.734799729));
#5362=CARTESIAN_POINT('',(4.947806205,-436.458647916,-50.63427818));
#5363=CARTESIAN_POINT('',(4.270788162,-436.450915565,-50.499811333));
#5364=CARTESIAN_POINT('',(3.92565589,-436.448963773,-50.465869359));
#5365=CARTESIAN_POINT('',(3.580515085,-436.448963773,-50.465869359));
#5366=CARTESIAN_POINT('',(8.85387815,-435.833590504,-55.767652892));
#5367=CARTESIAN_POINT('',(8.85387815,-435.823064935,-55.422658695));
#5368=CARTESIAN_POINT('',(8.819885588,-435.812539626,-55.077673029));
#5369=CARTESIAN_POINT('',(8.685218326,-435.791892979,-54.400942568));
#5370=CARTESIAN_POINT('',(8.584546956,-435.781772151,-54.069214507));
#5371=CARTESIAN_POINT('',(8.32038762,-435.762323435,-53.431748352));
#5372=CARTESIAN_POINT('',(8.156906186,-435.752996027,-53.126026021));
#5373=CARTESIAN_POINT('',(7.77340627,-435.735492645,-52.552321638));
#5374=CARTESIAN_POINT('',(7.553397272,-435.727317103,-52.284353773));
#5375=CARTESIAN_POINT('',(7.065294464,-435.7124317,-51.796458301));
#5376=CARTESIAN_POINT('',(6.797212723,-435.705722207,-51.576542757));
#5377=CARTESIAN_POINT('',(6.22326454,-435.694026821,-51.193205744));
#5378=CARTESIAN_POINT('',(5.917412289,-435.689041217,-51.029793754));
#5379=CARTESIAN_POINT('',(5.279675237,-435.680985295,-50.765746627));
#5380=CARTESIAN_POINT('',(4.947806205,-435.677915176,-50.66511802));
#5381=CARTESIAN_POINT('',(4.270788162,-435.673808302,-50.530507962));
#5382=CARTESIAN_POINT('',(3.92565589,-435.67277165,-50.496529839));
#5383=CARTESIAN_POINT('',(3.580515085,-435.67277165,-50.496529839));
#5384=CARTESIAN_POINT('',(8.85387815,-435.52752088,-55.775614352));
#5385=CARTESIAN_POINT('',(8.85387815,-435.520048027,-55.430541343));
#5386=CARTESIAN_POINT('',(8.819885588,-435.512575359,-55.085476866));
#5387=CARTESIAN_POINT('',(8.685218326,-435.49791683,-54.40859181));
#5388=CARTESIAN_POINT('',(8.584546956,-435.490731332,-54.076787967));
#5389=CARTESIAN_POINT('',(8.32038762,-435.4769233,-53.439176186));
#5390=CARTESIAN_POINT('',(8.156906186,-435.470301107,-53.133384013));
#5391=CARTESIAN_POINT('',(7.77340627,-435.457874206,-52.559548571));
#5392=CARTESIAN_POINT('',(7.553397272,-435.452069805,-52.29151949));
#5393=CARTESIAN_POINT('',(7.065294464,-435.441501595,-51.80351256));
#5394=CARTESIAN_POINT('',(6.797212723,-435.436738047,-51.583546778));
#5395=CARTESIAN_POINT('',(6.22326454,-435.428434657,-51.200122193));
#5396=CARTESIAN_POINT('',(5.917412289,-435.424895021,-51.036672872));
#5397=CARTESIAN_POINT('',(5.279675237,-435.419175547,-50.772565424));
#5398=CARTESIAN_POINT('',(4.947806205,-435.41699585,-50.671913829));
#5399=CARTESIAN_POINT('',(4.270788162,-435.414080087,-50.53727302));
#5400=CARTESIAN_POINT('',(3.92565589,-435.413344094,-50.503287136));
#5401=CARTESIAN_POINT('',(3.580515085,-435.413344094,-50.503287136));
#5402=CARTESIAN_POINT('',(8.85387815,-435.068392889,-55.781554242));
#5403=CARTESIAN_POINT('',(8.85387815,-435.065432076,-55.436422859));
#5404=CARTESIAN_POINT('',(8.819885588,-435.062471337,-55.09130001));
#5405=CARTESIAN_POINT('',(8.685218326,-435.056663494,-54.414300449));
#5406=CARTESIAN_POINT('',(8.584546956,-435.053816534,-54.082440477));
#5407=CARTESIAN_POINT('',(8.32038762,-435.048345666,-53.444720835));
#5408=CARTESIAN_POINT('',(8.156906186,-435.045721893,-53.138876934));
#5409=CARTESIAN_POINT('',(7.77340627,-435.040798241,-52.564944419));
#5410=CARTESIAN_POINT('',(7.553397272,-435.038498485,-52.296869998));
#5411=CARTESIAN_POINT('',(7.065294464,-435.034311263,-51.808780515));
#5412=CARTESIAN_POINT('',(6.797212723,-435.032423902,-51.588777522));
#5413=CARTESIAN_POINT('',(6.22326454,-435.029134023,-51.205288077));
#5414=CARTESIAN_POINT('',(5.917412289,-435.027731587,-51.041811105));
#5415=CARTESIAN_POINT('',(5.279675237,-435.025465479,-50.777658981));
#5416=CARTESIAN_POINT('',(4.947806205,-435.024601864,-50.676990359));
#5417=CARTESIAN_POINT('',(4.270788162,-435.023446612,-50.542326774));
#5418=CARTESIAN_POINT('',(3.92565589,-435.023155004,-50.50833514));
#5419=CARTESIAN_POINT('',(3.580515085,-435.023155004,-50.50833514));
#5420=CARTESIAN_POINT('',(8.85387815,-434.915346315,-55.782537923));
#5421=CARTESIAN_POINT('',(8.853878427,-434.913878241,-55.437396883));
#5422=CARTESIAN_POINT('',(8.819886107,-434.912410203,-55.09226435));
#5423=CARTESIAN_POINT('',(8.685219252,-434.909530472,-54.415245752));
#5424=CARTESIAN_POINT('',(8.584548047,-434.90811885,-54.083376428));
#5425=CARTESIAN_POINT('',(8.32038896,-434.905406203,-53.445638783));
#5426=CARTESIAN_POINT('',(8.15690761,-434.904105244,-53.139786232));
#5427=CARTESIAN_POINT('',(7.773407787,-434.901663926,-52.565837466));
#5428=CARTESIAN_POINT('',(7.553398796,-434.900523626,-52.297755443));
#5429=CARTESIAN_POINT('',(7.065295934,-434.898447456,-51.809652107));
#5430=CARTESIAN_POINT('',(6.797214133,-434.897511636,-51.589642864));
#5431=CARTESIAN_POINT('',(6.223265771,-434.895880399,-51.206142515));
#5432=CARTESIAN_POINT('',(5.917413403,-434.895185022,-51.042660892));
#5433=CARTESIAN_POINT('',(5.279676078,-434.894061407,-50.778501248));
#5434=CARTESIAN_POINT('',(4.94780689,-434.893633196,-50.677829759));
#5435=CARTESIAN_POINT('',(4.270788515,-434.893060381,-50.543162338));
#5436=CARTESIAN_POINT('',(3.925656067,-434.892915792,-50.509169736));
#5437=CARTESIAN_POINT('',(3.580515085,-434.892915793,-50.509169736));
#5438=CARTESIAN_POINT('',(8.85387815,-434.685770628,-55.782528791));
#5439=CARTESIAN_POINT('',(8.853878427,-434.686525073,-55.437387839));
#5440=CARTESIAN_POINT('',(8.819886107,-434.687279499,-55.092255393));
#5441=CARTESIAN_POINT('',(8.685219252,-434.688759395,-54.415236967));
#5442=CARTESIAN_POINT('',(8.584548047,-434.689484829,-54.083367727));
#5443=CARTESIAN_POINT('',(8.32038896,-434.69087886,-53.445630244));
#5444=CARTESIAN_POINT('',(8.15690761,-434.691547423,-53.139777771));
#5445=CARTESIAN_POINT('',(7.773407786,-434.692802017,-52.565829151));
#5446=CARTESIAN_POINT('',(7.553398796,-434.693388017,-52.297747196));
#5447=CARTESIAN_POINT('',(7.065295934,-434.694454961,-51.809643984));
#5448=CARTESIAN_POINT('',(6.797214133,-434.694935879,-51.589634796));
#5449=CARTESIAN_POINT('',(6.223265771,-434.695774171,-51.206134545));
#5450=CARTESIAN_POINT('',(5.917413403,-434.696131524,-51.042652963));
#5451=CARTESIAN_POINT('',(5.279676078,-434.696708948,-50.778493387));
#5452=CARTESIAN_POINT('',(4.94780689,-434.696929005,-50.677821923));
#5453=CARTESIAN_POINT('',(4.270788515,-434.697223371,-50.543154536));
#5454=CARTESIAN_POINT('',(3.925656067,-434.697297674,-50.509161943));
#5455=CARTESIAN_POINT('',(3.580515085,-434.697297672,-50.509161943));
#5456=CARTESIAN_POINT('',(8.85387815,-434.609244419,-55.782275974));
#5457=CARTESIAN_POINT('',(8.853878205,-434.610736996,-55.437137577));
#5458=CARTESIAN_POINT('',(8.819885691,-434.612229536,-55.09200771));
#5459=CARTESIAN_POINT('',(8.68521851,-434.615157331,-54.414994373));
#5460=CARTESIAN_POINT('',(8.584547172,-434.616592513,-54.083127645));
#5461=CARTESIAN_POINT('',(8.320387885,-434.619350436,-53.445395013));
#5462=CARTESIAN_POINT('',(8.156906468,-434.620673108,-53.139544879));
#5463=CARTESIAN_POINT('',(7.773406571,-434.623155172,-52.565600663));
#5464=CARTESIAN_POINT('',(7.553397574,-434.624314503,-52.297520774));
#5465=CARTESIAN_POINT('',(7.065294755,-434.626425325,-51.809421335));
#5466=CARTESIAN_POINT('',(6.797213003,-434.627376764,-51.589413853));
#5467=CARTESIAN_POINT('',(6.223264784,-434.629035226,-51.20591658));
#5468=CARTESIAN_POINT('',(5.91741251,-434.629742208,-51.042436272));
#5469=CARTESIAN_POINT('',(5.279675403,-434.630884577,-50.778278754));
#5470=CARTESIAN_POINT('',(4.947806341,-434.631319934,-50.677608077));
#5471=CARTESIAN_POINT('',(4.270788232,-434.631902308,-50.542941741));
#5472=CARTESIAN_POINT('',(3.925655925,-434.63204931,-50.508949414));
#5473=CARTESIAN_POINT('',(3.580515085,-434.632049309,-50.508949414));
#5474=CARTESIAN_POINT('',(8.85387815,-434.474660092,-55.781407223));
#5475=CARTESIAN_POINT('',(8.853878205,-434.477445729,-55.436277174));
#5476=CARTESIAN_POINT('',(8.819885691,-434.480231297,-55.091155653));
#5477=CARTESIAN_POINT('',(8.68521851,-434.48569552,-54.414158689));
#5478=CARTESIAN_POINT('',(8.584547172,-434.48837404,-54.082299986));
#5479=CARTESIAN_POINT('',(8.320387885,-434.493521226,-53.444582777));
#5480=CARTESIAN_POINT('',(8.156906468,-434.495989764,-53.138740039));
#5481=CARTESIAN_POINT('',(7.773406571,-434.500622109,-52.564809704));
#5482=CARTESIAN_POINT('',(7.553397574,-434.502785801,-52.296736298));
#5483=CARTESIAN_POINT('',(7.065294755,-434.506725286,-51.808648662));
#5484=CARTESIAN_POINT('',(6.797213003,-434.508500982,-51.588646501));
#5485=CARTESIAN_POINT('',(6.223264784,-434.511596215,-51.205158503));
#5486=CARTESIAN_POINT('',(5.91741251,-434.512915676,-51.041682148));
#5487=CARTESIAN_POINT('',(5.279675403,-434.515047709,-50.777531018));
#5488=CARTESIAN_POINT('',(4.947806341,-434.515860229,-50.676862776));
#5489=CARTESIAN_POINT('',(4.270788232,-434.516947129,-50.542199697));
#5490=CARTESIAN_POINT('',(3.925655925,-434.517221483,-50.508208191));
#5491=CARTESIAN_POINT('',(3.580515085,-434.517221482,-50.508208191));
#5492=CARTESIAN_POINT('',(8.85387815,-434.416602197,-55.780848165));
#5493=CARTESIAN_POINT('',(8.853878173,-434.420059648,-55.435724793));
#5494=CARTESIAN_POINT('',(8.819885632,-434.423517014,-55.090609954));
#5495=CARTESIAN_POINT('',(8.685218404,-434.430299049,-54.413626101));
#5496=CARTESIAN_POINT('',(8.584547048,-434.433623551,-54.081773828));
#5497=CARTESIAN_POINT('',(8.320387733,-434.440012088,-53.444068976));
#5498=CARTESIAN_POINT('',(8.156906305,-434.443075966,-53.138232167));
#5499=CARTESIAN_POINT('',(7.773406398,-434.448825498,-52.56431296));
#5500=CARTESIAN_POINT('',(7.5533974,-434.451511009,-52.296244753));
#5501=CARTESIAN_POINT('',(7.065294587,-434.456400584,-51.808166584));
#5502=CARTESIAN_POINT('',(6.797212842,-434.458604526,-51.588168691));
#5503=CARTESIAN_POINT('',(6.223264643,-434.46244624,-51.204688133));
#5504=CARTESIAN_POINT('',(5.917412382,-434.464083917,-51.04121495));
#5505=CARTESIAN_POINT('',(5.279675307,-434.466730136,-50.777068947));
#5506=CARTESIAN_POINT('',(4.947806263,-434.467738612,-50.676402658));
#5507=CARTESIAN_POINT('',(4.270788191,-434.469087642,-50.541742193));
#5508=CARTESIAN_POINT('',(3.925655905,-434.469428163,-50.507751347));
#5509=CARTESIAN_POINT('',(3.580515085,-434.469428162,-50.507751347));
#5510=CARTESIAN_POINT('',(8.85387815,-434.358544042,-55.780222872));
#5511=CARTESIAN_POINT('',(8.853878158,-434.362293288,-55.435102514));
#5512=CARTESIAN_POINT('',(8.819885603,-434.366042442,-55.08999069));
#5513=CARTESIAN_POINT('',(8.685218353,-434.373396855,-54.413012754));
#5514=CARTESIAN_POINT('',(8.584546988,-434.377001931,-54.081163383));
#5515=CARTESIAN_POINT('',(8.320387659,-434.383929635,-53.44346411));
#5516=CARTESIAN_POINT('',(8.156906227,-434.387252093,-53.137629976));
#5517=CARTESIAN_POINT('',(7.773406314,-434.393486862,-52.563715791));
#5518=CARTESIAN_POINT('',(7.553397316,-434.39639902,-52.295649931));
#5519=CARTESIAN_POINT('',(7.065294506,-434.401701256,-51.807576035));
#5520=CARTESIAN_POINT('',(6.797212764,-434.404091202,-51.587580069));
#5521=CARTESIAN_POINT('',(6.223264576,-434.408257142,-51.204102869));
#5522=CARTESIAN_POINT('',(5.917412321,-434.410033032,-51.040631118));
#5523=CARTESIAN_POINT('',(5.279675261,-434.412902581,-50.776487429));
#5524=CARTESIAN_POINT('',(4.947806225,-434.413996169,-50.675822022));
#5525=CARTESIAN_POINT('',(4.270788172,-434.415459053,-50.541162736));
#5526=CARTESIAN_POINT('',(3.925655896,-434.415828312,-50.507172188));
#5527=CARTESIAN_POINT('',(3.580515085,-434.415828312,-50.507172188));
#5528=B_SPLINE_SURFACE_WITH_KNOTS('',3,3,((#3656,#3657,#3658,#3659,#3660,#3661,#3662,#3663,#3664,#3665,#3666,#3667,#3668,#3669,#3670,#3671,#3672,#3673),(#3674,#3675,#3676,#3677,#3678,#3679,#3680,#3681,#3682,#3683,#3684,#3685,#3686,#3687,#3688,#3689,#3690,#3691),(#3692,#3693,#3694,#3695,#3696,#3697,#3698,#3699,#3700,#3701,#3702,#3703,#3704,#3705,#3706,#3707,#3708,#3709),(#3710,#3711,#3712,#3713,#3714,#3715,#3716,#3717,#3718,#3719,#3720,#3721,#3722,#3723,#3724,#3725,#3726,#3727),(#3728,#3729,#3730,#3731,#3732,#3733,#3734,#3735,#3736,#3737,#3738,#3739,#3740,#3741,#3742,#3743,#3744,#3745),(#3746,#3747,#3748,#3749,#3750,#3751,#3752,#3753,#3754,#3755,#3756,#3757,#3758,#3759,#3760,#3761,#3762,#3763),(#3764,#3765,#3766,#3767,#3768,#3769,#3770,#3771,#3772,#3773,#3774,#3775,#3776,#3777,#3778,#3779,#3780,#3781),(#3782,#3783,#3784,#3785,#3786,#3787,#3788,#3789,#3790,#3791,#3792,#3793,#3794,#3795,#3796,#3797,#3798,#3799),(#3800,#3801,#3802,#3803,#3804,#3805,#3806,#3807,#3808,#3809,#3810,#3811,#3812,#3813,#3814,#3815,#3816,#3817),(#3818,#3819,#3820,#3821,#3822,#3823,#3824,#3825,#3826,#3827,#3828,#3829,#3830,#3831,#3832,#3833,#3834,#3835),(#3836,#3837,#3838,#3839,#3840,#3841,#3842,#3843,#3844,#3845,#3846,#3847,#3848,#3849,#3850,#3851,#3852,#3853),(#3854,#3855,#3856,#3857,#3858,#3859,#3860,#3861,#3862,#3863,#3864,#3865,#3866,#3867,#3868,#3869,#3870,#3871),(#3872,#3873,#3874,#3875,#3876,#3877,#3878,#3879,#3880,#3881,#3882,#3883,#3884,#3885,#3886,#3887,#3888,#3889),(#3890,#3891,#3892,#3893,#3894,#3895,#3896,#3897,#3898,#3899,#3900,#3901,#3902,#3903,#3904,#3905,#3906,#3907),(#3908,#3909,#3910,#3911,#3912,#3913,#3914,#3915,#3916,#3917,#3918,#3919,#3920,#3921,#3922,#3923,#3924,#3925),(#3926,#3927,#3928,#3929,#3930,#3931,#3932,#3933,#3934,#3935,#3936,#3937,#3938,#3939,#3940,#3941,#3942,#3943),(#3944,#3945,#3946,#3947,#3948,#3949,#3950,#3951,#3952,#3953,#3954,#3955,#3956,#3957,#3958,#3959,#3960,#3961),(#3962,#3963,#3964,#3965,#3966,#3967,#3968,#3969,#3970,#3971,#3972,#3973,#3974,#3975,#3976,#3977,#3978,#3979),(#3980,#3981,#3982,#3983,#3984,#3985,#3986,#3987,#3988,#3989,#3990,#3991,#3992,#3993,#3994,#3995,#3996,#3997),(#3998,#3999,#4000,#4001,#4002,#4003,#4004,#4005,#4006,#4007,#4008,#4009,#4010,#4011,#4012,#4013,#4014,#4015),(#4016,#4017,#4018,#4019,#4020,#4021,#4022,#4023,#4024,#4025,#4026,#4027,#4028,#4029,#4030,#4031,#4032,#4033),(#4034,#4035,#4036,#4037,#4038,#4039,#4040,#4041,#4042,#4043,#4044,#4045,#4046,#4047,#4048,#4049,#4050,#4051),(#4052,#4053,#4054,#4055,#4056,#4057,#4058,#4059,#4060,#4061,#4062,#4063,#4064,#4065,#4066,#4067,#4068,#4069),(#4070,#4071,#4072,#4073,#4074,#4075,#4076,#4077,#4078,#4079,#4080,#4081,#4082,#4083,#4084,#4085,#4086,#4087),(#4088,#4089,#4090,#4091,#4092,#4093,#4094,#4095,#4096,#4097,#4098,#4099,#4100,#4101,#4102,#4103,#4104,#4105),(#4106,#4107,#4108,#4109,#4110,#4111,#4112,#4113,#4114,#4115,#4116,#4117,#4118,#4119,#4120,#4121,#4122,#4123),
(#4124,#4125,#4126,#4127,#4128,#4129,#4130,#4131,#4132,#4133,#4134,#4135,#4136,#4137,#4138,#4139,#4140,#4141),(#4142,#4143,#4144,#4145,#4146,#4147,#4148,#4149,#4150,#4151,#4152,#4153,#4154,#4155,#4156,#4157,#4158,#4159),(#4160,#4161,#4162,#4163,#4164,#4165,#4166,#4167,#4168,#4169,#4170,#4171,#4172,#4173,#4174,#4175,#4176,#4177),(#4178,#4179,#4180,#4181,#4182,#4183,#4184,#4185,#4186,#4187,#4188,#4189,#4190,#4191,#4192,#4193,#4194,#4195),(#4196,#4197,#4198,#4199,#4200,#4201,#4202,#4203,#4204,#4205,#4206,#4207,#4208,#4209,#4210,#4211,#4212,#4213),(#4214,#4215,#4216,#4217,#4218,#4219,#4220,#4221,#4222,#4223,#4224,#4225,#4226,#4227,#4228,#4229,#4230,#4231),(#4232,#4233,#4234,#4235,#4236,#4237,#4238,#4239,#4240,#4241,#4242,#4243,#4244,#4245,#4246,#4247,#4248,#4249),(#4250,#4251,#4252,#4253,#4254,#4255,#4256,#4257,#4258,#4259,#4260,#4261,#4262,#4263,#4264,#4265,#4266,#4267),(#4268,#4269,#4270,#4271,#4272,#4273,#4274,#4275,#4276,#4277,#4278,#4279,#4280,#4281,#4282,#4283,#4284,#4285),(#4286,#4287,#4288,#4289,#4290,#4291,#4292,#4293,#4294,#4295,#4296,#4297,#4298,#4299,#4300,#4301,#4302,#4303),(#4304,#4305,#4306,#4307,#4308,#4309,#4310,#4311,#4312,#4313,#4314,#4315,#4316,#4317,#4318,#4319,#4320,#4321),(#4322,#4323,#4324,#4325,#4326,#4327,#4328,#4329,#4330,#4331,#4332,#4333,#4334,#4335,#4336,#4337,#4338,#4339),(#4340,#4341,#4342,#4343,#4344,#4345,#4346,#4347,#4348,#4349,#4350,#4351,#4352,#4353,#4354,#4355,#4356,#4357),(#4358,#4359,#4360,#4361,#4362,#4363,#4364,#4365,#4366,#4367,#4368,#4369,#4370,#4371,#4372,#4373,#4374,#4375),(#4376,#4377,#4378,#4379,#4380,#4381,#4382,#4383,#4384,#4385,#4386,#4387,#4388,#4389,#4390,#4391,#4392,#4393),(#4394,#4395,#4396,#4397,#4398,#4399,#4400,#4401,#4402,#4403,#4404,#4405,#4406,#4407,#4408,#4409,#4410,#4411),(#4412,#4413,#4414,#4415,#4416,#4417,#4418,#4419,#4420,#4421,#4422,#4423,#4424,#4425,#4426,#4427,#4428,#4429),(#4430,#4431,#4432,#4433,#4434,#4435,#4436,#4437,#4438,#4439,#4440,#4441,#4442,#4443,#4444,#4445,#4446,#4447),(#4448,#4449,#4450,#4451,#4452,#4453,#4454,#4455,#4456,#4457,#4458,#4459,#4460,#4461,#4462,#4463,#4464,#4465),(#4466,#4467,#4468,#4469,#4470,#4471,#4472,#4473,#4474,#4475,#4476,#4477,#4478,#4479,#4480,#4481,#4482,#4483),(#4484,#4485,#4486,#4487,#4488,#4489,#4490,#4491,#4492,#4493,#4494,#4495,#4496,#4497,#4498,#4499,#4500,#4501),(#4502,#4503,#4504,#4505,#4506,#4507,#4508,#4509,#4510,#4511,#4512,#4513,#4514,#4515,#4516,#4517,#4518,#4519),(#4520,#4521,#4522,#4523,#4524,#4525,#4526,#4527,#4528,#4529,#4530,#4531,#4532,#4533,#4534,#4535,#4536,#4537),(#4538,#4539,#4540,#4541,#4542,#4543,#4544,#4545,#4546,#4547,#4548,#4549,#4550,#4551,#4552,#4553,#4554,#4555),(#4556,#4557,#4558,#4559,#4560,#4561,#4562,#4563,#4564,#4565,#4566,#4567,#4568,#4569,#4570,#4571,#4572,#4573),
(#4574,#4575,#4576,#4577,#4578,#4579,#4580,#4581,#4582,#4583,#4584,#4585,#4586,#4587,#4588,#4589,#4590,#4591),(#4592,#4593,#4594,#4595,#4596,#4597,#4598,#4599,#4600,#4601,#4602,#4603,#4604,#4605,#4606,#4607,#4608,#4609),(#4610,#4611,#4612,#4613,#4614,#4615,#4616,#4617,#4618,#4619,#4620,#4621,#4622,#4623,#4624,#4625,#4626,#4627),(#4628,#4629,#4630,#4631,#4632,#4633,#4634,#4635,#4636,#4637,#4638,#4639,#4640,#4641,#4642,#4643,#4644,#4645),(#4646,#4647,#4648,#4649,#4650,#4651,#4652,#4653,#4654,#4655,#4656,#4657,#4658,#4659,#4660,#4661,#4662,#4663),(#4664,#4665,#4666,#4667,#4668,#4669,#4670,#4671,#4672,#4673,#4674,#4675,#4676,#4677,#4678,#4679,#4680,#4681),(#4682,#4683,#4684,#4685,#4686,#4687,#4688,#4689,#4690,#4691,#4692,#4693,#4694,#4695,#4696,#4697,#4698,#4699),(#4700,#4701,#4702,#4703,#4704,#4705,#4706,#4707,#4708,#4709,#4710,#4711,#4712,#4713,#4714,#4715,#4716,#4717),(#4718,#4719,#4720,#4721,#4722,#4723,#4724,#4725,#4726,#4727,#4728,#4729,#4730,#4731,#4732,#4733,#4734,#4735),(#4736,#4737,#4738,#4739,#4740,#4741,#4742,#4743,#4744,#4745,#4746,#4747,#4748,#4749,#4750,#4751,#4752,#4753),(#4754,#4755,#4756,#4757,#4758,#4759,#4760,#4761,#4762,#4763,#4764,#4765,#4766,#4767,#4768,#4769,#4770,#4771),(#4772,#4773,#4774,#4775,#4776,#4777,#4778,#4779,#4780,#4781,#4782,#4783,#4784,#4785,#4786,#4787,#4788,#4789),(#4790,#4791,#4792,#4793,#4794,#4795,#4796,#4797,#4798,#4799,#4800,#4801,#4802,#4803,#4804,#4805,#4806,#4807),(#4808,#4809,#4810,#4811,#4812,#4813,#4814,#4815,#4816,#4817,#4818,#4819,#4820,#4821,#4822,#4823,#4824,#4825),(#4826,#4827,#4828,#4829,#4830,#4831,#4832,#4833,#4834,#4835,#4836,#4837,#4838,#4839,#4840,#4841,#4842,#4843),(#4844,#4845,#4846,#4847,#4848,#4849,#4850,#4851,#4852,#4853,#4854,#4855,#4856,#4857,#4858,#4859,#4860,#4861),(#4862,#4863,#4864,#4865,#4866,#4867,#4868,#4869,#4870,#4871,#4872,#4873,#4874,#4875,#4876,#4877,#4878,#4879),(#4880,#4881,#4882,#4883,#4884,#4885,#4886,#4887,#4888,#4889,#4890,#4891,#4892,#4893,#4894,#4895,#4896,#4897),(#4898,#4899,#4900,#4901,#4902,#4903,#4904,#4905,#4906,#4907,#4908,#4909,#4910,#4911,#4912,#4913,#4914,#4915),(#4916,#4917,#4918,#4919,#4920,#4921,#4922,#4923,#4924,#4925,#4926,#4927,#4928,#4929,#4930,#4931,#4932,#4933),(#4934,#4935,#4936,#4937,#4938,#4939,#4940,#4941,#4942,#4943,#4944,#4945,#4946,#4947,#4948,#4949,#4950,#4951),(#4952,#4953,#4954,#4955,#4956,#4957,#4958,#4959,#4960,#4961,#4962,#4963,#4964,#4965,#4966,#4967,#4968,#4969),(#4970,#4971,#4972,#4973,#4974,#4975,#4976,#4977,#4978,#4979,#4980,#4981,#4982,#4983,#4984,#4985,#4986,#4987),(#4988,#4989,#4990,#4991,#4992,#4993,#4994,#4995,#4996,#4997,#4998,#4999,#5000,#5001,#5002,#5003,#5004,#5005),(#5006,#5007,#5008,#5009,#5010,#5011,#5012,#5013,#5014,#5015,#5016,#5017,#5018,#5019,#5020,#5021,#5022,#5023),
(#5024,#5025,#5026,#5027,#5028,#5029,#5030,#5031,#5032,#5033,#5034,#5035,#5036,#5037,#5038,#5039,#5040,#5041),(#5042,#5043,#5044,#5045,#5046,#5047,#5048,#5049,#5050,#5051,#5052,#5053,#5054,#5055,#5056,#5057,#5058,#5059),(#5060,#5061,#5062,#5063,#5064,#5065,#5066,#5067,#5068,#5069,#5070,#5071,#5072,#5073,#5074,#5075,#5076,#5077),(#5078,#5079,#5080,#5081,#5082,#5083,#5084,#5085,#5086,#5087,#5088,#5089,#5090,#5091,#5092,#5093,#5094,#5095),(#5096,#5097,#5098,#5099,#5100,#5101,#5102,#5103,#5104,#5105,#5106,#5107,#5108,#5109,#5110,#5111,#5112,#5113),(#5114,#5115,#5116,#5117,#5118,#5119,#5120,#5121,#5122,#5123,#5124,#5125,#5126,#5127,#5128,#5129,#5130,#5131),(#5132,#5133,#5134,#5135,#5136,#5137,#5138,#5139,#5140,#5141,#5142,#5143,#5144,#5145,#5146,#5147,#5148,#5149),(#5150,#5151,#5152,#5153,#5154,#5155,#5156,#5157,#5158,#5159,#5160,#5161,#5162,#5163,#5164,#5165,#5166,#5167),(#5168,#5169,#5170,#5171,#5172,#5173,#5174,#5175,#5176,#5177,#5178,#5179,#5180,#5181,#5182,#5183,#5184,#5185),(#5186,#5187,#5188,#5189,#5190,#5191,#5192,#5193,#5194,#5195,#5196,#5197,#5198,#5199,#5200,#5201,#5202,#5203),(#5204,#5205,#5206,#5207,#5208,#5209,#5210,#5211,#5212,#5213,#5214,#5215,#5216,#5217,#5218,#5219,#5220,#5221),(#5222,#5223,#5224,#5225,#5226,#5227,#5228,#5229,#5230,#5231,#5232,#5233,#5234,#5235,#5236,#5237,#5238,#5239),(#5240,#5241,#5242,#5243,#5244,#5245,#5246,#5247,#5248,#5249,#5250,#5251,#5252,#5253,#5254,#5255,#5256,#5257),(#5258,#5259,#5260,#5261,#5262,#5263,#5264,#5265,#5266,#5267,#5268,#5269,#5270,#5271,#5272,#5273,#5274,#5275),(#5276,#5277,#5278,#5279,#5280,#5281,#5282,#5283,#5284,#5285,#5286,#5287,#5288,#5289,#5290,#5291,#5292,#5293),(#5294,#5295,#5296,#5297,#5298,#5299,#5300,#5301,#5302,#5303,#5304,#5305,#5306,#5307,#5308,#5309,#5310,#5311),(#5312,#5313,#5314,#5315,#5316,#5317,#5318,#5319,#5320,#5321,#5322,#5323,#5324,#5325,#5326,#5327,#5328,#5329),(#5330,#5331,#5332,#5333,#5334,#5335,#5336,#5337,#5338,#5339,#5340,#5341,#5342,#5343,#5344,#5345,#5346,#5347),(#5348,#5349,#5350,#5351,#5352,#5353,#5354,#5355,#5356,#5357,#5358,#5359,#5360,#5361,#5362,#5363,#5364,#5365),(#5366,#5367,#5368,#5369,#5370,#5371,#5372,#5373,#5374,#5375,#5376,#5377,#5378,#5379,#5380,#5381,#5382,#5383),(#5384,#5385,#5386,#5387,#5388,#5389,#5390,#5391,#5392,#5393,#5394,#5395,#5396,#5397,#5398,#5399,#5400,#5401),(#5402,#5403,#5404,#5405,#5406,#5407,#5408,#5409,#5410,#5411,#5412,#5413,#5414,#5415,#5416,#5417,#5418,#5419),(#5420,#5421,#5422,#5423,#5424,#5425,#5426,#5427,#5428,#5429,#5430,#5431,#5432,#5433,#5434,#5435,#5436,#5437),(#5438,#5439,#5440,#5441,#5442,#5443,#5444,#5445,#5446,#5447,#5448,#5449,#5450,#5451,#5452,#5453,#5454,#5455),(#5456,#5457,#5458,#5459,#5460,#5461,#5462,#5463,#5464,#5465,#5466,#5467,#5468,#5469,#5470,#5471,#5472,#5473),
(#5474,#5475,#5476,#5477,#5478,#5479,#5480,#5481,#5482,#5483,#5484,#5485,#5486,#5487,#5488,#5489,#5490,#5491),(#5492,#5493,#5494,#5495,#5496,#5497,#5498,#5499,#5500,#5501,#5502,#5503,#5504,#5505,#5506,#5507,#5508,#5509),(#5510,#5511,#5512,#5513,#5514,#5515,#5516,#5517,#5518,#5519,#5520,#5521,#5522,#5523,#5524,#5525,#5526,#5527)),.UNSPECIFIED.,.F.,.F.,.U.,(4,2,2,2,2,2,2,2,2,2,2,2,2,2,2,2,2,2,2,2,2,2,2,2,2,2,
2,2,2,2,2,2,2,2,2,2,2,2,2,2,2,2,2,2,2,2,2,2,2,2,2,
4),(4,2,2,2,2,2,2,2,4),(0.336080087,0.33642861,0.336658471,0.336715936,0.336744669,0.336773401,0.336888332,0.337348053,0.338267497,0.340106384,0.34194527,0.342864714,0.343784157,0.34746193,0.351139704,0.352978591,0.353898034,0.354817477,0.358495251,0.362173024,0.365850798,0.366770241,0.367689684,0.369528571,0.373206344,0.376884118,
0.378723005,0.380561891,0.382400778,0.384239665,0.387917438,0.391595212,0.395272985,0.397111872,0.398950759,0.402628532,0.404467419,0.406306305,0.409984079,0.413661852,0.415500739,0.417339626,0.421017399,0.424695173,0.425614616,0.426534059,0.428372946,0.430211833,0.431131276,0.431590998,0.431820859,
0.431995242),(0.,0.125,0.25,0.375,0.5,0.625,0.75,0.875,1.),.UNSPECIFIED.);
#5529=CARTESIAN_POINT('',(8.85387815,-434.38948372,-55.780571439));
#5530=CARTESIAN_POINT('',(8.85387815,-434.391300207,-55.432504677));
#5531=CARTESIAN_POINT('',(8.819441827,-434.393121415,-55.085766095));
#5532=CARTESIAN_POINT('',(8.751205047,-434.39492486,-54.74504098));
#5533=CARTESIAN_POINT('',(8.717086657,-434.395826583,-54.574678422));
#5534=CARTESIAN_POINT('',(8.67448911,-434.396722773,-54.405987479));
#5535=CARTESIAN_POINT('',(8.624185301,-434.397601466,-54.241172608));
#5536=CARTESIAN_POINT('',(8.573881493,-434.39848016,-54.076357738));
#5537=CARTESIAN_POINT('',(8.515749882,-434.399344843,-53.91476062));
#5538=CARTESIAN_POINT('',(8.449893017,-434.400195438,-53.756339098));
#5539=CARTESIAN_POINT('',(8.384036152,-434.401046033,-53.597917577));
#5540=CARTESIAN_POINT('',(8.310454118,-434.401882545,-53.442671618));
#5541=CARTESIAN_POINT('',(8.22902601,-434.402704407,-53.290650919));
#5542=CARTESIAN_POINT('',(8.147597901,-434.403526269,-53.138630221));
#5543=CARTESIAN_POINT('',(8.057756292,-434.404337833,-52.98903725));
#5544=CARTESIAN_POINT('',(7.961351696,-434.405120864,-52.845161996));
#5545=CARTESIAN_POINT('',(7.768542504,-434.406686925,-52.557411487));
#5546=CARTESIAN_POINT('',(7.550249269,-434.40813966,-52.292346753));
#5547=CARTESIAN_POINT('',(7.307053722,-434.40947775,-52.049449919));
#5548=CARTESIAN_POINT('',(7.063858176,-434.41081584,-51.806553085));
#5549=CARTESIAN_POINT('',(6.792551854,-434.412048553,-51.584178678));
#5550=CARTESIAN_POINT('',(6.506106578,-434.41311161,-51.39317216));
#5551=CARTESIAN_POINT('',(6.219661301,-434.414174667,-51.202165643));
#5552=CARTESIAN_POINT('',(5.916973557,-434.415079312,-51.040467248));
#5553=CARTESIAN_POINT('',(5.597892327,-434.415820303,-50.908349454));
#5554=CARTESIAN_POINT('',(5.438351712,-434.416190798,-50.842290556));
#5555=CARTESIAN_POINT('',(5.273823297,-434.416521253,-50.783475615));
#5556=CARTESIAN_POINT('',(5.108319573,-434.416803023,-50.733377024));
#5557=CARTESIAN_POINT('',(4.942815849,-434.417084794,-50.683278433));
#5558=CARTESIAN_POINT('',(4.775876439,-434.417319482,-50.641609874));
#5559=CARTESIAN_POINT('',(4.607533247,-434.41750786,-50.608184011));
#5560=CARTESIAN_POINT('',(4.270846864,-434.417884615,-50.541332284));
#5561=CARTESIAN_POINT('',(3.928586731,-434.418077409,-50.507208374));
#5562=CARTESIAN_POINT('',(3.580515085,-434.418077391,-50.507208374));
#5563=B_SPLINE_CURVE_WITH_KNOTS('',3,(#5529,#5530,#5531,#5532,#5533,#5534,#5535,#5536,#5537,#5538,#5539,#5540,#5541,#5542,#5543,#5544,#5545,#5546,#5547,#5548,#5549,#5550,#5551,#5552,#5553,#5554,
#5555,#5556,#5557,#5558,#5559,#5560,#5561,#5562),.UNSPECIFIED.,.F.,.F.,(4,3,3,3,3,3,3,3,3,3,3,4),(0.,0.001029394,0.001544091,0.002058787,0.002573484,0.003088181,0.004117575,0.005146969,0.006176362,0.006691059,0.007205756,0.00823515),.UNSPECIFIED.);
#5564=EDGE_CURVE('',#538,#3406,#5563,.T.);
#5565=ORIENTED_EDGE('',*,*,#5564,.F.);
#5566=ORIENTED_EDGE('',*,*,#634,.F.);
#5567=CARTESIAN_POINT('',(3.580515085,-438.936024694,7.697345678));
#5568=CARTESIAN_POINT('',(3.930083734,-438.936024691,7.697345678));
#5569=CARTESIAN_POINT('',(4.273734534,-438.941807549,7.731551732));
#5570=CARTESIAN_POINT('',(4.611714633,-438.95313175,7.798535291));
#5571=CARTESIAN_POINT('',(4.780704683,-438.95879385,7.832027071));
#5572=CARTESIAN_POINT('',(4.948266431,-438.965851671,7.873774653));
#5573=CARTESIAN_POINT('',(5.114367543,-438.974336808,7.923964925));
#5574=CARTESIAN_POINT('',(5.280468656,-438.982821946,7.974155197));
#5575=CARTESIAN_POINT('',(5.445430387,-438.992775345,8.033030355));
#5576=CARTESIAN_POINT('',(5.605295874,-439.003945893,8.099105048));
#5577=CARTESIAN_POINT('',(5.925026849,-439.026286989,8.231254434));
#5578=CARTESIAN_POINT('',(6.228174918,-439.053616687,8.3929118));
#5579=CARTESIAN_POINT('',(6.514908475,-439.085884328,8.583777502));
#5580=CARTESIAN_POINT('',(6.658275254,-439.102018149,8.679210353));
#5581=CARTESIAN_POINT('',(6.798117755,-439.11948153,8.782507659));
#5582=CARTESIAN_POINT('',(6.932202911,-439.138030437,8.892225941));
#5583=CARTESIAN_POINT('',(7.066288067,-439.156579344,9.001944222));
#5584=CARTESIAN_POINT('',(7.193890101,-439.176094137,9.117375798));
#5585=CARTESIAN_POINT('',(7.315212139,-439.196544553,9.238341659));
#5586=CARTESIAN_POINT('',(7.557856215,-439.237445386,9.480273382));
#5587=CARTESIAN_POINT('',(7.775558208,-439.282062207,9.744185477));
#5588=CARTESIAN_POINT('',(7.967732533,-439.330482259,10.030593993));
#5589=CARTESIAN_POINT('',(8.063819695,-439.354692285,10.173798251));
#5590=CARTESIAN_POINT('',(8.152999867,-439.379769021,10.322129164));
#5591=CARTESIAN_POINT('',(8.233896761,-439.405266818,10.472950693));
#5592=CARTESIAN_POINT('',(8.314793656,-439.430764616,10.623772222));
#5593=CARTESIAN_POINT('',(8.387897896,-439.456803358,10.77779348));
#5594=CARTESIAN_POINT('',(8.453321176,-439.48337529,10.934968603));
#5595=CARTESIAN_POINT('',(8.518744457,-439.509947222,11.092143726));
#5596=CARTESIAN_POINT('',(8.576486766,-439.537052346,11.25247272));
#5597=CARTESIAN_POINT('',(8.62643877,-439.564698251,11.416000477));
#5598=CARTESIAN_POINT('',(8.676390774,-439.592344156,11.579528234));
#5599=CARTESIAN_POINT('',(8.718683667,-439.620661602,11.747028211));
#5600=CARTESIAN_POINT('',(8.752432707,-439.64915417,11.915564046));
#5601=CARTESIAN_POINT('',(8.819930787,-439.706139305,12.252635718));
#5602=CARTESIAN_POINT('',(8.85387815,-439.763869271,12.594095039));
#5603=CARTESIAN_POINT('',(8.85387815,-439.822124342,12.938696571));
#5604=B_SPLINE_CURVE_WITH_KNOTS('',3,(#5567,#5568,#5569,#5570,#5571,#5572,#5573,#5574,#5575,#5576,#5577,#5578,#5579,#5580,#5581,#5582,#5583,#5584,#5585,#5586,#5587,#5588,#5589,#5590,#5591,#5592,
#5593,#5594,#5595,#5596,#5597,#5598,#5599,#5600,#5601,#5602,#5603),.UNSPECIFIED.,.F.,.F.,(4,3,3,3,3,3,3,3,3,3,3,3,4),(0.,0.001033773,0.001550659,0.002067546,0.003101318,0.003618205,0.004135091,0.005168864,0.00568575,0.006202637,0.006719523,0.007236409,0.008270182),.UNSPECIFIED.);
#5605=EDGE_CURVE('',#3118,#530,#5604,.T.);
#5606=ORIENTED_EDGE('',*,*,#5605,.F.);
#5607=ORIENTED_EDGE('',*,*,#3538,.F.);
#5608=EDGE_LOOP('',(#5565,#5566,#5606,#5607));
#5609=FACE_BOUND('',#5608,.T.);
#5610=ADVANCED_FACE('',(#5609),#5528,.F.);
#5611=CARTESIAN_POINT('',(3.580515085,-110.640258996,26.49045031));
#5612=DIRECTION('',(0.,-0.999153674,-0.041133142));
#5613=DIRECTION('',(0.,0.041133142,-0.999153674));
#5614=AXIS2_PLACEMENT_3D('',#5611,#5612,#5613);
#5615=CYLINDRICAL_SURFACE('',#5614,5.273363065);
#5616=ORIENTED_EDGE('',*,*,#5605,.T.);
#5617=ORIENTED_EDGE('',*,*,#535,.F.);
#5618=CARTESIAN_POINT('',(3.580515085,-358.342986716,11.01519857));
#5619=CARTESIAN_POINT('',(3.928611285,-358.342986716,11.01519857));
#5620=CARTESIAN_POINT('',(4.270894991,-358.344084687,11.049310955));
#5621=CARTESIAN_POINT('',(4.607604016,-358.346235707,11.116140047));
#5622=CARTESIAN_POINT('',(4.775958528,-358.347311217,11.149554593));
#5623=CARTESIAN_POINT('',(4.942909023,-358.348651943,11.191209045));
#5624=CARTESIAN_POINT('',(5.108423582,-358.350263916,11.241290719));
#5625=CARTESIAN_POINT('',(5.273938141,-358.351875889,11.291372393));
#5626=CARTESIAN_POINT('',(5.438476047,-358.353768309,11.350167161));
#5627=CARTESIAN_POINT('',(5.598024915,-358.355893797,11.416203022));
#5628=CARTESIAN_POINT('',(5.917122653,-358.360144773,11.548274743));
#5629=CARTESIAN_POINT('',(6.219824583,-358.365347514,11.709916408));
#5630=CARTESIAN_POINT('',(6.506281526,-358.371493264,11.900856011));
#5631=CARTESIAN_POINT('',(6.79273847,-358.377639013,12.091795613));
#5632=CARTESIAN_POINT('',(7.064050012,-358.384793958,12.314089449));
#5633=CARTESIAN_POINT('',(7.307246213,-358.392609144,12.556896031));
#5634=CARTESIAN_POINT('',(7.550442414,-358.400424329,12.799702613));
#5635=CARTESIAN_POINT('',(7.768733539,-358.408952759,13.064668648));
#5636=CARTESIAN_POINT('',(7.961536996,-358.418211116,13.352312498));
#5637=CARTESIAN_POINT('',(8.057938725,-358.422840295,13.496134424));
#5638=CARTESIAN_POINT('',(8.147773691,-358.427653297,13.645667491));
#5639=CARTESIAN_POINT('',(8.229194849,-358.432544413,13.797627403));
#5640=CARTESIAN_POINT('',(8.310616006,-358.437435528,13.949587315));
#5641=CARTESIAN_POINT('',(8.384190512,-358.442430413,14.10477122));
#5642=CARTESIAN_POINT('',(8.450039119,-358.447527472,14.263129503));
#5643=CARTESIAN_POINT('',(8.515887726,-358.45262453,14.421487786));
#5644=CARTESIAN_POINT('',(8.574010348,-358.457823764,14.583020482));
#5645=CARTESIAN_POINT('',(8.624304245,-358.46312653,14.747769806));
#5646=CARTESIAN_POINT('',(8.674598141,-358.468429296,14.91251913));
#5647=CARTESIAN_POINT('',(8.717188213,-358.473857398,15.081162458));
#5648=CARTESIAN_POINT('',(8.751288551,-358.479337615,15.251424909));
#5649=CARTESIAN_POINT('',(8.819489227,-358.490298049,15.591949812));
#5650=CARTESIAN_POINT('',(8.85387815,-358.501443511,15.938128431));
#5651=CARTESIAN_POINT('',(8.85387815,-358.512638779,16.286044165));
#5652=B_SPLINE_CURVE_WITH_KNOTS('',3,(#5618,#5619,#5620,#5621,#5622,#5623,#5624,#5625,#5626,#5627,#5628,#5629,#5630,#5631,#5632,#5633,#5634,#5635,#5636,#5637,#5638,#5639,#5640,#5641,#5642,#5643,
#5644,#5645,#5646,#5647,#5648,#5649,#5650,#5651),.UNSPECIFIED.,.F.,.F.,(4,3,3,3,3,3,3,3,3,3,3,4),(0.,0.001029466,0.001544199,0.002058932,0.003088399,0.004117865,0.005147331,0.005662064,0.006176797,0.00669153,0.007206264,0.00823573),.UNSPECIFIED.);
#5653=EDGE_CURVE('',#3128,#422,#5652,.T.);
#5654=ORIENTED_EDGE('',*,*,#5653,.F.);
#5655=ORIENTED_EDGE('',*,*,#3133,.F.);
#5656=EDGE_LOOP('',(#5616,#5617,#5654,#5655));
#5657=FACE_BOUND('',#5656,.T.);
#5658=ADVANCED_FACE('',(#5657),#5615,.F.);
#5659=CARTESIAN_POINT('',(3.580515085,-359.890160038,-55.780571439));
#5660=DIRECTION('',(0.,1.,0.));
#5661=DIRECTION('',(0.,-0.,1.));
#5662=AXIS2_PLACEMENT_3D('',#5659,#5660,#5661);
#5663=CYLINDRICAL_SURFACE('',#5662,5.273363065);
#5664=ORIENTED_EDGE('',*,*,#5564,.T.);
#5665=ORIENTED_EDGE('',*,*,#3411,.F.);
#5666=CARTESIAN_POINT('',(8.85387815,-359.927005917,-55.780571439));
#5667=CARTESIAN_POINT('',(8.85387815,-359.924630295,-55.432496489));
#5668=CARTESIAN_POINT('',(8.819464852,-359.922265399,-55.085951074));
#5669=CARTESIAN_POINT('',(8.751246001,-359.91992287,-54.745245497));
#5670=CARTESIAN_POINT('',(8.717136575,-359.918751605,-54.574892708));
#5671=CARTESIAN_POINT('',(8.674542516,-359.917588724,-54.406184779));
#5672=CARTESIAN_POINT('',(8.624243478,-359.916449915,-54.241363229));
#5673=CARTESIAN_POINT('',(8.573944439,-359.915311106,-54.076541679));
#5674=CARTESIAN_POINT('',(8.515817126,-359.914191776,-53.914938099));
#5675=CARTESIAN_POINT('',(8.449964181,-359.913091913,-53.756510294));
#5676=CARTESIAN_POINT('',(8.384111236,-359.91199205,-53.598082489));
#5677=CARTESIAN_POINT('',(8.310532745,-359.910911652,-53.442830424));
#5678=CARTESIAN_POINT('',(8.229107877,-359.909851339,-53.290803766));
#5679=CARTESIAN_POINT('',(8.147683009,-359.908791026,-53.138777108));
#5680=CARTESIAN_POINT('',(8.057844459,-359.907745202,-52.989178318));
#5681=CARTESIAN_POINT('',(7.961441159,-359.906737202,-52.845295516));
#5682=CARTESIAN_POINT('',(7.76863456,-359.904721201,-52.557529911));
#5683=CARTESIAN_POINT('',(7.550342153,-359.902855438,-52.292451553));
#5684=CARTESIAN_POINT('',(7.307146096,-359.901139902,-52.049542182));
#5685=CARTESIAN_POINT('',(7.06395004,-359.899424367,-51.806632811));
#5686=CARTESIAN_POINT('',(6.792641035,-359.897847263,-51.584246023));
#5687=CARTESIAN_POINT('',(6.506190095,-359.896489067,-51.393227852));
#5688=CARTESIAN_POINT('',(6.219739156,-359.895130872,-51.202209681));
#5689=CARTESIAN_POINT('',(5.917044566,-359.893977133,-51.040501489));
#5690=CARTESIAN_POINT('',(5.597955404,-359.893032926,-50.908375572));
#5691=CARTESIAN_POINT('',(5.438410824,-359.892560822,-50.842312613));
#5692=CARTESIAN_POINT('',(5.273877869,-359.892139999,-50.783493904));
#5693=CARTESIAN_POINT('',(5.108368989,-359.8917813,-50.733391983));
#5694=CARTESIAN_POINT('',(4.942860109,-359.891422601,-50.683290062));
#5695=CARTESIAN_POINT('',(4.775915427,-359.891123986,-50.641618753));
#5696=CARTESIAN_POINT('',(4.607566854,-359.890884346,-50.608190684));
#5697=CARTESIAN_POINT('',(4.270869707,-359.890405067,-50.541334546));
#5698=CARTESIAN_POINT('',(3.92859838,-359.890160038,-50.507208374));
#5699=CARTESIAN_POINT('',(3.580515085,-359.890160038,-50.507208374));
#5700=B_SPLINE_CURVE_WITH_KNOTS('',3,(#5666,#5667,#5668,#5669,#5670,#5671,#5672,#5673,#5674,#5675,#5676,#5677,#5678,#5679,#5680,#5681,#5682,#5683,#5684,#5685,#5686,#5687,#5688,#5689,#5690,#5691,
#5692,#5693,#5694,#5695,#5696,#5697,#5698,#5699),.UNSPECIFIED.,.F.,.F.,(4,3,3,3,3,3,3,3,3,3,3,4),(0.,0.001029428,0.001544142,0.002058856,0.00257357,0.003088284,0.004117713,0.005147141,0.006176569,0.006691283,0.007205997,0.008235425),.UNSPECIFIED.);
#5701=EDGE_CURVE('',#420,#3163,#5700,.T.);
#5702=ORIENTED_EDGE('',*,*,#5701,.F.);
#5703=ORIENTED_EDGE('',*,*,#640,.F.);
#5704=EDGE_LOOP('',(#5664,#5665,#5702,#5703));
#5705=FACE_BOUND('',#5704,.T.);
#5706=ADVANCED_FACE('',(#5705),#5663,.F.);
#5707=CARTESIAN_POINT('',(8.85387815,-359.965844123,-55.780028486));
#5708=CARTESIAN_POINT('',(8.85387815,-359.96090752,-55.434922985));
#5709=CARTESIAN_POINT('',(8.819885588,-359.955971038,-55.089826017));
#5710=CARTESIAN_POINT('',(8.685218327,-359.946287543,-54.412877226));
#5711=CARTESIAN_POINT('',(8.584546957,-359.941540768,-54.081042142));
#5712=CARTESIAN_POINT('',(8.32038762,-359.932419115,-53.443370324));
#5713=CARTESIAN_POINT('',(8.156906186,-359.928044462,-53.137549358));
#5714=CARTESIAN_POINT('',(7.773406271,-359.919835191,-52.563659884));
#5715=CARTESIAN_POINT('',(7.553397272,-359.916000776,-52.295605566));
#5716=CARTESIAN_POINT('',(7.065294464,-359.909019365,-51.807552686));
#5717=CARTESIAN_POINT('',(6.797212724,-359.905872541,-51.587566192));
#5718=CARTESIAN_POINT('',(6.22326454,-359.900387282,-51.204105505));
#5719=CARTESIAN_POINT('',(5.917412289,-359.898048981,-51.040640793));
#5720=CARTESIAN_POINT('',(5.279675237,-359.894270669,-50.776508478));
#5721=CARTESIAN_POINT('',(4.947806205,-359.89283075,-50.675847406));
#5722=CARTESIAN_POINT('',(4.270788162,-359.890904583,-50.541193919));
#5723=CARTESIAN_POINT('',(3.925655891,-359.890418382,-50.507204834));
#5724=CARTESIAN_POINT('',(3.580515085,-359.890418382,-50.507204834));
#5725=CARTESIAN_POINT('',(8.85387815,-359.962854331,-55.780071248));
#5726=CARTESIAN_POINT('',(8.85387815,-359.9579267,-55.43496562));
#5727=CARTESIAN_POINT('',(8.819885588,-359.952999192,-55.089868524));
#5728=CARTESIAN_POINT('',(8.685218327,-359.943333297,-54.412919482));
#5729=CARTESIAN_POINT('',(8.584546957,-359.93859515,-54.081084275));
#5730=CARTESIAN_POINT('',(8.320387621,-359.929490077,-53.443412221));
#5731=CARTESIAN_POINT('',(8.156906186,-359.925123375,-53.137591142));
#5732=CARTESIAN_POINT('',(7.773406271,-359.916929025,-52.563701456));
#5733=CARTESIAN_POINT('',(7.553397273,-359.91310158,-52.295647038));
#5734=CARTESIAN_POINT('',(7.065294464,-359.906132858,-51.807593977));
#5735=CARTESIAN_POINT('',(6.797212724,-359.902991755,-51.587607402));
#5736=CARTESIAN_POINT('',(6.223264541,-359.897516465,-51.204146573));
#5737=CARTESIAN_POINT('',(5.917412289,-359.895182415,-51.040681801));
#5738=CARTESIAN_POINT('',(5.279675237,-359.89141097,-50.776549388));
#5739=CARTESIAN_POINT('',(4.947806205,-359.889973668,-50.675888278));
#5740=CARTESIAN_POINT('',(4.270788162,-359.888051002,-50.541234742));
#5741=CARTESIAN_POINT('',(3.925655891,-359.887565685,-50.507245644));
#5742=CARTESIAN_POINT('',(3.580515085,-359.887565685,-50.507245644));
#5743=CARTESIAN_POINT('',(8.85387815,-359.95986454,-55.780113873));
#5744=CARTESIAN_POINT('',(8.85387815,-359.954950207,-55.435008055));
#5745=CARTESIAN_POINT('',(8.819885588,-359.950035996,-55.089910771));
#5746=CARTESIAN_POINT('',(8.685218327,-359.940396185,-54.412961358));
#5747=CARTESIAN_POINT('',(8.584546957,-359.935670824,-54.081125969));
#5748=CARTESIAN_POINT('',(8.320387621,-359.92659032,-53.443453566));
#5749=CARTESIAN_POINT('',(8.156906186,-359.922235403,-53.13763232));
#5750=CARTESIAN_POINT('',(7.773406271,-359.914063166,-52.563742319));
#5751=CARTESIAN_POINT('',(7.553397273,-359.910246048,-52.295687755));
#5752=CARTESIAN_POINT('',(7.065294464,-359.903296132,-51.807634427));
#5753=CARTESIAN_POINT('',(6.797212724,-359.900163505,-51.587647731));
#5754=CARTESIAN_POINT('',(6.223264541,-359.89470299,-51.204186692));
#5755=CARTESIAN_POINT('',(5.917412289,-359.892375238,-51.04072183));
#5756=CARTESIAN_POINT('',(5.279675237,-359.888613971,-50.776589272));
#5757=CARTESIAN_POINT('',(4.947806205,-359.887180548,-50.675928108));
#5758=CARTESIAN_POINT('',(4.270788162,-359.885263071,-50.541274497));
#5759=CARTESIAN_POINT('',(3.925655891,-359.884779063,-50.507285382));
#5760=CARTESIAN_POINT('',(3.580515085,-359.884779063,-50.507285382));
#5761=CARTESIAN_POINT('',(8.85387815,-359.93472931,-55.780470373));
#5762=CARTESIAN_POINT('',(8.85387815,-359.929979699,-55.435362219));
#5763=CARTESIAN_POINT('',(8.819885588,-359.925230205,-55.090262599));
#5764=CARTESIAN_POINT('',(8.685218327,-359.915913507,-54.413308603));
#5765=CARTESIAN_POINT('',(8.584546957,-359.911346534,-54.081470968));
#5766=CARTESIAN_POINT('',(8.320387621,-359.902570397,-53.443794248));
#5767=CARTESIAN_POINT('',(8.156906186,-359.89836145,-53.137970931));
#5768=CARTESIAN_POINT('',(7.773406271,-359.890463135,-52.564077045));
#5769=CARTESIAN_POINT('',(7.553397273,-359.886773962,-52.296020666));
#5770=CARTESIAN_POINT('',(7.065294464,-359.880056997,-51.807964034));
#5771=CARTESIAN_POINT('',(6.797212724,-359.877029371,-51.587975849));
#5772=CARTESIAN_POINT('',(6.223264541,-359.871751886,-51.204512214));
#5773=CARTESIAN_POINT('',(5.917412289,-359.869502157,-51.041046246));
#5774=CARTESIAN_POINT('',(5.279675237,-359.865866962,-50.7769119));
#5775=CARTESIAN_POINT('',(4.947806205,-359.864481586,-50.676250054));
#5776=CARTESIAN_POINT('',(4.270788162,-359.862628379,-50.541595532));
#5777=CARTESIAN_POINT('',(3.925655891,-359.862160595,-50.507606186));
#5778=CARTESIAN_POINT('',(3.580515085,-359.862160595,-50.507606186));
#5779=CARTESIAN_POINT('',(8.85387815,-359.912584039,-55.780770657));
#5780=CARTESIAN_POINT('',(8.853878161,-359.907979705,-55.435660527));
#5781=CARTESIAN_POINT('',(8.819885608,-359.903375485,-55.09055893));
#5782=CARTESIAN_POINT('',(8.685218362,-359.894343758,-54.413601055));
#5783=CARTESIAN_POINT('',(8.584546999,-359.889916476,-54.081761517));
#5784=CARTESIAN_POINT('',(8.320387672,-359.881408776,-53.444081141));
#5785=CARTESIAN_POINT('',(8.156906241,-359.877328569,-53.13825607));
#5786=CARTESIAN_POINT('',(7.773406329,-359.869671841,-52.564358891));
#5787=CARTESIAN_POINT('',(7.553397331,-359.86609551,-52.296300973));
#5788=CARTESIAN_POINT('',(7.065294521,-359.859583998,-51.80824154));
#5789=CARTESIAN_POINT('',(6.797212778,-359.856648979,-51.588252092));
#5790=CARTESIAN_POINT('',(6.223264588,-359.851532917,-51.204786255));
#5791=CARTESIAN_POINT('',(5.917412332,-359.849352002,-51.041319347));
#5792=CARTESIAN_POINT('',(5.27967527,-359.845827997,-50.777183484));
#5793=CARTESIAN_POINT('',(4.947806232,-359.844484996,-50.67652106));
#5794=CARTESIAN_POINT('',(4.270788175,-359.842688474,-50.541865765));
#5795=CARTESIAN_POINT('',(3.925655897,-359.842234999,-50.507876223));
#5796=CARTESIAN_POINT('',(3.580515085,-359.842234999,-50.507876223));
#5797=CARTESIAN_POINT('',(8.85387815,-359.713278178,-55.783345734));
#5798=CARTESIAN_POINT('',(8.853878161,-359.709982574,-55.438218695));
#5799=CARTESIAN_POINT('',(8.819885608,-359.706687051,-55.09310019));
#5800=CARTESIAN_POINT('',(8.685218362,-359.700222491,-54.416109147));
#5801=CARTESIAN_POINT('',(8.584546999,-359.697053613,-54.08425335));
#5802=CARTESIAN_POINT('',(8.320387672,-359.690964131,-53.446541729));
#5803=CARTESIAN_POINT('',(8.156906241,-359.688043677,-53.140701674));
#5804=CARTESIAN_POINT('',(7.773406329,-359.682563288,-52.566776376));
#5805=CARTESIAN_POINT('',(7.553397331,-359.680003488,-52.298705325));
#5806=CARTESIAN_POINT('',(7.065294521,-359.6753428,-51.810621978));
#5807=CARTESIAN_POINT('',(6.797212778,-359.673242027,-51.590621752));
#5808=CARTESIAN_POINT('',(6.223264588,-359.669580148,-51.207137126));
#5809=CARTESIAN_POINT('',(5.917412332,-359.668019133,-51.04366221));
#5810=CARTESIAN_POINT('',(5.27967527,-359.665496787,-50.779513405));
#5811=CARTESIAN_POINT('',(4.947806232,-359.664535519,-50.678846048));
#5812=CARTESIAN_POINT('',(4.270788175,-359.663249638,-50.544184155));
#5813=CARTESIAN_POINT('',(3.925655897,-359.662925058,-50.510192949));
#5814=CARTESIAN_POINT('',(3.580515085,-359.662925058,-50.510192949));
#5815=CARTESIAN_POINT('',(8.85387815,-359.536128403,-55.784748041));
#5816=CARTESIAN_POINT('',(8.853878775,-359.534005615,-55.439611343));
#5817=CARTESIAN_POINT('',(8.819886761,-359.53188288,-55.094483118));
#5818=CARTESIAN_POINT('',(8.685220418,-359.527718885,-54.417472919));
#5819=CARTESIAN_POINT('',(8.584549419,-359.525677727,-54.085607686));
#5820=CARTESIAN_POINT('',(8.320390645,-359.521755332,-53.447877865));
#5821=CARTESIAN_POINT('',(8.156909402,-359.519874193,-53.142029047));
#5822=CARTESIAN_POINT('',(7.773409694,-359.516344135,-52.56808726));
#5823=CARTESIAN_POINT('',(7.553400713,-359.514695305,-52.300008483));
#5824=CARTESIAN_POINT('',(7.065297784,-359.511693242,-51.811911042));
#5825=CARTESIAN_POINT('',(6.797215906,-359.510340085,-51.591904447));
#5826=CARTESIAN_POINT('',(6.22326732,-359.507981386,-51.208408705));
#5827=CARTESIAN_POINT('',(5.917414805,-359.506975903,-51.044929042));
#5828=CARTESIAN_POINT('',(5.279677137,-359.505351211,-50.78077256));
#5829=CARTESIAN_POINT('',(4.947807753,-359.504732042,-50.680102274));
#5830=CARTESIAN_POINT('',(4.270788958,-359.503903793,-50.545436462));
#5831=CARTESIAN_POINT('',(3.925656289,-359.503694733,-50.511444265));
#5832=CARTESIAN_POINT('',(3.580515085,-359.503694745,-50.511444265));
#5833=CARTESIAN_POINT('',(8.85387815,-359.004713259,-55.786197566));
#5834=CARTESIAN_POINT('',(8.853878776,-359.006135714,-55.441051198));
#5835=CARTESIAN_POINT('',(8.819886761,-359.007558134,-55.095913303));
#5836=CARTESIAN_POINT('',(8.685220418,-359.010348381,-54.418884135));
#5837=CARTESIAN_POINT('',(8.58454942,-359.01171614,-54.087009603));
#5838=CARTESIAN_POINT('',(8.320390646,-359.014344498,-53.449261913));
#5839=CARTESIAN_POINT('',(8.156909402,-359.015605033,-53.143404526));
#5840=CARTESIAN_POINT('',(7.773409695,-359.017970496,-52.569446658));
#5841=CARTESIAN_POINT('',(7.553400713,-359.019075365,-52.30136037));
#5842=CARTESIAN_POINT('',(7.065297784,-359.021087028,-51.813249253));
#5843=CARTESIAN_POINT('',(6.797215906,-359.021993773,-51.593236493));
#5844=CARTESIAN_POINT('',(6.223267321,-359.02357433,-51.209730007));
#5845=CARTESIAN_POINT('',(5.917414806,-359.024248103,-51.046245763));
#5846=CARTESIAN_POINT('',(5.279677137,-359.025336813,-50.78208188));
#5847=CARTESIAN_POINT('',(4.947807753,-359.025751723,-50.681408774));
#5848=CARTESIAN_POINT('',(4.270788959,-359.026306748,-50.546739188));
#5849=CARTESIAN_POINT('',(3.925656289,-359.026446849,-50.512746039));
#5850=CARTESIAN_POINT('',(3.580515085,-359.026446855,-50.51274604));
#5851=CARTESIAN_POINT('',(8.85387815,-358.650481719,-55.783515634));
#5852=CARTESIAN_POINT('',(8.85387815,-358.6543044,-55.438387381));
#5853=CARTESIAN_POINT('',(8.819885588,-358.658126986,-55.093267662));
#5854=CARTESIAN_POINT('',(8.685218326,-358.665625444,-54.416274242));
#5855=CARTESIAN_POINT('',(8.584546956,-358.66930113,-54.08441728));
#5856=CARTESIAN_POINT('',(8.32038762,-358.676364523,-53.446703422));
#5857=CARTESIAN_POINT('',(8.156906186,-358.679752055,-53.140862295));
#5858=CARTESIAN_POINT('',(7.77340627,-358.68610894,-52.566934986));
#5859=CARTESIAN_POINT('',(7.553397272,-358.689078137,-52.298862995));
#5860=CARTESIAN_POINT('',(7.065294464,-358.694484224,-51.81077794));
#5861=CARTESIAN_POINT('',(6.797212723,-358.69692098,-51.590776943));
#5862=CARTESIAN_POINT('',(6.22326454,-358.701168516,-51.207290975));
#5863=CARTESIAN_POINT('',(5.917412289,-358.702979189,-51.043815487));
#5864=CARTESIAN_POINT('',(5.279675237,-358.705904942,-50.779665758));
#5865=CARTESIAN_POINT('',(4.947806205,-358.707019949,-50.678998049));
#5866=CARTESIAN_POINT('',(4.270788162,-358.708511485,-50.544335685));
#5867=CARTESIAN_POINT('',(3.92565589,-358.708887977,-50.51034436));
#5868=CARTESIAN_POINT('',(3.580515085,-358.708887977,-50.51034436));
#5869=CARTESIAN_POINT('',(8.85387815,-356.87955609,-55.751384166));
#5870=CARTESIAN_POINT('',(8.85387815,-356.895571187,-55.406477131));
#5871=CARTESIAN_POINT('',(8.819885588,-356.911585888,-55.061578625));
#5872=CARTESIAN_POINT('',(8.685218326,-356.943000631,-54.385019138));
#5873=CARTESIAN_POINT('',(8.584546956,-356.958399896,-54.053374888));
#5874=CARTESIAN_POINT('',(8.32038762,-356.987991937,-53.416069787));
#5875=CARTESIAN_POINT('',(8.156906186,-357.002183981,-53.110424696));
#5876=CARTESIAN_POINT('',(7.77340627,-357.028816113,-52.536865258));
#5877=CARTESIAN_POINT('',(7.553397272,-357.041255544,-52.268965095));
#5878=CARTESIAN_POINT('',(7.065294464,-357.063904311,-51.781192888));
#5879=CARTESIAN_POINT('',(6.797212723,-357.074113088,-51.561332906));
#5880=CARTESIAN_POINT('',(6.22326454,-357.09190811,-51.178092743));
#5881=CARTESIAN_POINT('',(5.917412289,-357.099493916,-51.014722037));
#5882=CARTESIAN_POINT('',(5.279675237,-357.111751341,-50.750741621));
#5883=CARTESIAN_POINT('',(4.947806205,-357.116422657,-50.650138438));
#5884=CARTESIAN_POINT('',(4.270788162,-357.122671437,-50.515562389));
#5885=CARTESIAN_POINT('',(3.92565589,-357.124248748,-50.481592851));
#5886=CARTESIAN_POINT('',(3.580515085,-357.124248748,-50.481592851));
#5887=CARTESIAN_POINT('',(8.85387815,-355.463557813,-55.665801217));
#5888=CARTESIAN_POINT('',(8.85387815,-355.489935196,-55.321491632));
#5889=CARTESIAN_POINT('',(8.819885588,-355.516311926,-54.977190562));
#5890=CARTESIAN_POINT('',(8.685218326,-355.568053023,-54.301803017));
#5891=CARTESIAN_POINT('',(8.584546956,-355.59341611,-53.970733244));
#5892=CARTESIAN_POINT('',(8.32038762,-355.642155158,-53.334532088));
#5893=CARTESIAN_POINT('',(8.156906186,-355.665529913,-53.029416438));
#5894=CARTESIAN_POINT('',(7.77340627,-355.709393897,-52.456850524));
#5895=CARTESIAN_POINT('',(7.553397272,-355.729882041,-52.18941442));
#5896=CARTESIAN_POINT('',(7.065294464,-355.767185293,-51.702487136));
#5897=CARTESIAN_POINT('',(6.797212723,-355.783999479,-51.483007997));
#5898=CARTESIAN_POINT('',(6.22326454,-355.813308456,-51.100431685));
#5899=CARTESIAN_POINT('',(5.917412289,-355.825802523,-50.937343972));
#5900=CARTESIAN_POINT('',(5.279675237,-355.845990897,-50.673820825));
#5901=CARTESIAN_POINT('',(4.947806205,-355.853684706,-50.573391907));
#5902=CARTESIAN_POINT('',(4.270788162,-355.86397665,-50.439048972));
#5903=CARTESIAN_POINT('',(3.92565589,-355.866574531,-50.405138276));
#5904=CARTESIAN_POINT('',(3.580515085,-355.866574531,-50.405138276));
#5905=CARTESIAN_POINT('',(8.85387815,-353.340836366,-55.434490371));
#5906=CARTESIAN_POINT('',(8.85387815,-353.383730164,-55.091980564));
#5907=CARTESIAN_POINT('',(8.819885588,-353.426622902,-54.749479226));
#5908=CARTESIAN_POINT('',(8.685218326,-353.510762114,-54.077622072));
#5909=CARTESIAN_POINT('',(8.584546956,-353.552006508,-53.748282869));
#5910=CARTESIAN_POINT('',(8.32038762,-353.631263913,-53.115407269));
#5911=CARTESIAN_POINT('',(8.156906186,-353.669274964,-52.811886521));
#5912=CARTESIAN_POINT('',(7.77340627,-353.740604744,-52.242313528));
#5913=CARTESIAN_POINT('',(7.553397272,-353.773921709,-51.976275367));
#5914=CARTESIAN_POINT('',(7.065294464,-353.834582701,-51.491893353));
#5915=CARTESIAN_POINT('',(6.797212723,-353.861925227,-51.273561477));
#5916=CARTESIAN_POINT('',(6.22326454,-353.909586263,-50.89298497));
#5917=CARTESIAN_POINT('',(5.917412289,-353.929903593,-50.730749751));
#5918=CARTESIAN_POINT('',(5.279675237,-353.962733085,-50.468604094));
#5919=CARTESIAN_POINT('',(4.947806205,-353.975244435,-50.368700138));
#5920=CARTESIAN_POINT('',(4.270788162,-353.991980765,-50.235059441));
#5921=CARTESIAN_POINT('',(3.92565589,-353.996205331,-50.201326004));
#5922=CARTESIAN_POINT('',(3.580515085,-353.996205331,-50.201326004));
#5923=CARTESIAN_POINT('',(8.85387815,-352.633475581,-55.340200825));
#5924=CARTESIAN_POINT('',(8.853878542,-352.682036912,-54.99844212));
#5925=CARTESIAN_POINT('',(8.819886322,-352.730597042,-54.656691828));
#5926=CARTESIAN_POINT('',(8.685219636,-352.825853517,-53.98630788));
#5927=CARTESIAN_POINT('',(8.584548498,-352.872547506,-53.657690801));
#5928=CARTESIAN_POINT('',(8.320389514,-352.962277138,-53.026202829));
#5929=CARTESIAN_POINT('',(8.156908199,-353.005310561,-52.723347551));
#5930=CARTESIAN_POINT('',(7.773408414,-353.086065084,-52.15502332));
#5931=CARTESIAN_POINT('',(7.553399426,-353.123784188,-51.889568419));
#5932=CARTESIAN_POINT('',(7.065296542,-353.192460247,-51.40624834));
#5933=CARTESIAN_POINT('',(6.797214716,-353.223415505,-51.188395113));
#5934=CARTESIAN_POINT('',(6.223266281,-353.277373915,-50.808652934));
#5935=CARTESIAN_POINT('',(5.917413864,-353.300375733,-50.646773371));
#5936=CARTESIAN_POINT('',(5.279676426,-353.337542899,-50.385202391));
#5937=CARTESIAN_POINT('',(4.947807174,-353.351707328,-50.285517442));
#5938=CARTESIAN_POINT('',(4.270788661,-353.370654934,-50.152169702));
#5939=CARTESIAN_POINT('',(3.92565614,-353.375437642,-50.118510208));
#5940=CARTESIAN_POINT('',(3.580515085,-353.375437592,-50.118510201));
#5941=CARTESIAN_POINT('',(8.85387815,-351.572779512,-55.170925599));
#5942=CARTESIAN_POINT('',(8.85387854,-351.630087742,-54.830562803));
#5943=CARTESIAN_POINT('',(8.81988632,-351.687394555,-54.490208385));
#5944=CARTESIAN_POINT('',(8.685219631,-351.79980869,-53.822562609));
#5945=CARTESIAN_POINT('',(8.584548492,-351.854913233,-53.495287761));
#5946=CARTESIAN_POINT('',(8.320389507,-351.960805025,-52.866379091));
#5947=CARTESIAN_POINT('',(8.156908192,-352.011589657,-52.56476082));
#5948=CARTESIAN_POINT('',(7.773408406,-352.106889738,-51.998757897));
#5949=CARTESIAN_POINT('',(7.553399418,-352.151402832,-51.734387241));
#5950=CARTESIAN_POINT('',(7.065296535,-352.232448868,-51.253041273));
#5951=CARTESIAN_POINT('',(6.797214708,-352.268979808,-51.036077863));
#5952=CARTESIAN_POINT('',(6.223266274,-352.332657242,-50.65788673));
#5953=CARTESIAN_POINT('',(5.917413858,-352.359802162,-50.49666836));
#5954=CARTESIAN_POINT('',(5.279676422,-352.403663901,-50.236165757));
#5955=CARTESIAN_POINT('',(4.94780717,-352.420379636,-50.136887967));
#5956=CARTESIAN_POINT('',(4.270788659,-352.442740096,-50.004084878));
#5957=CARTESIAN_POINT('',(3.925656139,-352.448384269,-49.970562863));
#5958=CARTESIAN_POINT('',(3.580515085,-352.448384209,-49.970562853));
#5959=CARTESIAN_POINT('',(8.85387815,-351.219121858,-55.109823603));
#5960=CARTESIAN_POINT('',(8.853879022,-351.279388121,-54.769971076));
#5961=CARTESIAN_POINT('',(8.819887223,-351.339652921,-54.430126869));
#5962=CARTESIAN_POINT('',(8.685221241,-351.457869548,-53.76348187));
#5963=CARTESIAN_POINT('',(8.584550389,-351.515818452,-53.436697563));
#5964=CARTESIAN_POINT('',(8.320391837,-351.627176167,-52.808731497));
#5965=CARTESIAN_POINT('',(8.156910668,-351.680582224,-52.507565267));
#5966=CARTESIAN_POINT('',(7.773411043,-351.780801599,-51.942410595));
#5967=CARTESIAN_POINT('',(7.553402068,-351.827612438,-51.678436129));
#5968=CARTESIAN_POINT('',(7.065299091,-351.912842085,-51.197811498));
#5969=CARTESIAN_POINT('',(6.797217159,-351.951258786,-50.981173218));
#5970=CARTESIAN_POINT('',(6.223268415,-352.018223368,-50.603548823));
#5971=CARTESIAN_POINT('',(5.917415796,-352.046769594,-50.442572044));
#5972=CARTESIAN_POINT('',(5.279677885,-352.092895691,-50.182459824));
#5973=CARTESIAN_POINT('',(4.947808362,-352.110474422,-50.083330814));
#5974=CARTESIAN_POINT('',(4.270789272,-352.133989429,-49.950726768));
#5975=CARTESIAN_POINT('',(3.925656446,-352.139925123,-49.917255011));
#5976=CARTESIAN_POINT('',(3.580515085,-352.139925245,-49.917255033));
#5977=CARTESIAN_POINT('',(8.85387815,-350.515693184,-54.978696496));
#5978=CARTESIAN_POINT('',(8.853879024,-350.581924944,-54.639956004));
#5979=CARTESIAN_POINT('',(8.819887227,-350.648155094,-54.301223805));
#5980=CARTESIAN_POINT('',(8.685221248,-350.778073464,-53.636760142));
#5981=CARTESIAN_POINT('',(8.584550397,-350.841758471,-53.311045108));
#5982=CARTESIAN_POINT('',(8.320391847,-350.964138985,-52.685133815));
#5983=CARTESIAN_POINT('',(8.156910679,-351.022831464,-52.384953033));
#5984=CARTESIAN_POINT('',(7.773411054,-351.132971091,-51.821647608));
#5985=CARTESIAN_POINT('',(7.553402079,-351.184415515,-51.558536894));
#5986=CARTESIAN_POINT('',(7.065299102,-351.278081639,-51.079484918));
#5987=CARTESIAN_POINT('',(6.797217169,-351.320301021,-50.863555502));
#5988=CARTESIAN_POINT('',(6.223268424,-351.393894093,-50.487166733));
#5989=CARTESIAN_POINT('',(5.917415805,-351.425265961,-50.326716687));
#5990=CARTESIAN_POINT('',(5.279677891,-351.475957831,-50.06745558));
#5991=CARTESIAN_POINT('',(4.947808367,-351.495276579,-49.96865093));
#5992=CARTESIAN_POINT('',(4.270789275,-351.52111918,-49.836480778));
#5993=CARTESIAN_POINT('',(3.925656447,-351.527642395,-49.803118543));
#5994=CARTESIAN_POINT('',(3.580515085,-351.527642502,-49.803118564));
#5995=CARTESIAN_POINT('',(8.85387815,-350.165466938,-54.908598145));
#5996=CARTESIAN_POINT('',(8.85387815,-350.234709599,-54.570460178));
#5997=CARTESIAN_POINT('',(8.819885588,-350.303950547,-54.232330572));
#5998=CARTESIAN_POINT('',(8.685218326,-350.439774912,-53.56904909));
#5999=CARTESIAN_POINT('',(8.584546956,-350.50635497,-53.243913615));
#6000=CARTESIAN_POINT('',(8.32038762,-350.634298724,-52.619116121));
#6001=CARTESIAN_POINT('',(8.156906186,-350.695659256,-52.319469552));
#6002=CARTESIAN_POINT('',(7.77340627,-350.810805593,-51.757166663));
#6003=CARTESIAN_POINT('',(7.553397272,-350.86458855,-51.494524248));
#6004=CARTESIAN_POINT('',(7.065294464,-350.96251246,-51.016324949));
#6005=CARTESIAN_POINT('',(6.797212723,-351.006650991,-50.800779889));
#6006=CARTESIAN_POINT('',(6.22326454,-351.083589314,-50.425061111));
#6007=CARTESIAN_POINT('',(5.917412289,-351.116387202,-50.264896683));
#6008=CARTESIAN_POINT('',(5.279675237,-351.16938324,-50.006097087));
#6009=CARTESIAN_POINT('',(4.947806205,-351.18958008,-49.907468319));
#6010=CARTESIAN_POINT('',(4.270788162,-351.216597226,-49.775533429));
#6011=CARTESIAN_POINT('',(3.92565589,-351.223416864,-49.74223057));
#6012=CARTESIAN_POINT('',(3.580515085,-351.223416864,-49.74223057));
#6013=CARTESIAN_POINT('',(8.85387815,-348.421864376,-54.535163554));
#6014=CARTESIAN_POINT('',(8.85387815,-348.506298924,-54.200279297));
#6015=CARTESIAN_POINT('',(8.819885588,-348.590731385,-53.86540332));
#6016=CARTESIAN_POINT('',(8.685218326,-348.75635571,-53.20850422));
#6017=CARTESIAN_POINT('',(8.584546956,-348.837543479,-52.886497339));
#6018=CARTESIAN_POINT('',(8.32038762,-348.993558181,-52.267711916));
#6019=CARTESIAN_POINT('',(8.156906186,-349.068381257,-51.970948675));
#6020=CARTESIAN_POINT('',(7.77340627,-349.20879078,-51.414056508));
#6021=CARTESIAN_POINT('',(7.553397272,-349.274373755,-51.153941352));
#6022=CARTESIAN_POINT('',(7.065294464,-349.393782239,-50.680343493));
#6023=CARTESIAN_POINT('',(6.797212723,-349.447604795,-50.466872501));
#6024=CARTESIAN_POINT('',(6.22326454,-349.541423439,-50.094769052));
#6025=CARTESIAN_POINT('',(5.917412289,-349.581417206,-49.936145794));
#6026=CARTESIAN_POINT('',(5.279675237,-349.646040612,-49.67983648));
#6027=CARTESIAN_POINT('',(4.947806205,-349.670668652,-49.582156761));
#6028=CARTESIAN_POINT('',(4.270788162,-349.703613379,-49.451491406));
#6029=CARTESIAN_POINT('',(3.92565589,-349.711929251,-49.418509001));
#6030=CARTESIAN_POINT('',(3.580515085,-349.711929251,-49.418509001));
#6031=CARTESIAN_POINT('',(8.85387815,-347.051095242,-54.162934312));
#6032=CARTESIAN_POINT('',(8.85387815,-347.148122112,-53.831432635));
#6033=CARTESIAN_POINT('',(8.819885588,-347.245146583,-53.499939155));
#6034=CARTESIAN_POINT('',(8.685218326,-347.435471635,-52.849675225));
#6035=CARTESIAN_POINT('',(8.584546956,-347.528767511,-52.530920853));
#6036=CARTESIAN_POINT('',(8.32038762,-347.70804979,-51.918385625));
#6037=CARTESIAN_POINT('',(8.156906186,-347.794031761,-51.624619914));
#6038=CARTESIAN_POINT('',(7.77340627,-347.955381549,-51.073352772));
#6039=CARTESIAN_POINT('',(7.553397272,-348.030745377,-50.815864973));
#6040=CARTESIAN_POINT('',(7.065294464,-348.167962093,-50.347050806));
#6041=CARTESIAN_POINT('',(6.797212723,-348.229811588,-50.13573603));
#6042=CARTESIAN_POINT('',(6.22326454,-348.33762207,-49.767391102));
#6043=CARTESIAN_POINT('',(5.917412289,-348.38358039,-49.610370058));
#6044=CARTESIAN_POINT('',(5.279675237,-348.457841542,-49.356649659));
#6045=CARTESIAN_POINT('',(4.947806205,-348.486142536,-49.259956578));
#6046=CARTESIAN_POINT('',(4.270788162,-348.524000543,-49.13061104));
#6047=CARTESIAN_POINT('',(3.92565589,-348.533556619,-49.097961782));
#6048=CARTESIAN_POINT('',(3.580515085,-348.533556619,-49.097961782));
#6049=CARTESIAN_POINT('',(8.85387815,-344.361797984,-53.259276852));
#6050=CARTESIAN_POINT('',(8.85387815,-344.484638812,-52.936449179));
#6051=CARTESIAN_POINT('',(8.819885588,-344.607476603,-52.613629489));
#6052=CARTESIAN_POINT('',(8.685218326,-344.848437555,-51.98038023));
#6053=CARTESIAN_POINT('',(8.584546956,-344.966554758,-51.669966319));
#6054=CARTESIAN_POINT('',(8.32038762,-345.193535011,-51.073458561));
#6055=CARTESIAN_POINT('',(8.156906186,-345.302392449,-50.787379462));
#6056=CARTESIAN_POINT('',(7.77340627,-345.50666928,-50.250536662));
#6057=CARTESIAN_POINT('',(7.553397272,-345.602083622,-49.999786235));
#6058=CARTESIAN_POINT('',(7.065294464,-345.775806787,-49.543238962));
#6059=CARTESIAN_POINT('',(6.797212723,-345.854111314,-49.337453405));
#6060=CARTESIAN_POINT('',(6.22326454,-345.990604729,-48.978746514));
#6061=CARTESIAN_POINT('',(5.917412289,-346.048790242,-48.825834051));
#6062=CARTESIAN_POINT('',(5.279675237,-346.142808541,-48.578752447));
#6063=CARTESIAN_POINT('',(4.947806205,-346.178639003,-48.484589416));
#6064=CARTESIAN_POINT('',(4.270788162,-346.226569116,-48.358628307));
#6065=CARTESIAN_POINT('',(3.92565589,-346.238667583,-48.326833343));
#6066=CARTESIAN_POINT('',(3.580515085,-346.238667583,-48.326833343));
#6067=CARTESIAN_POINT('',(8.85387815,-343.043246345,-52.727920298));
#6068=CARTESIAN_POINT('',(8.85387815,-343.179308816,-52.410385194));
#6069=CARTESIAN_POINT('',(8.819885588,-343.315367924,-52.092857941));
#6070=CARTESIAN_POINT('',(8.685218326,-343.582264063,-51.469990428));
#6071=CARTESIAN_POINT('',(8.584546956,-343.713094495,-51.164665569));
#6072=CARTESIAN_POINT('',(8.32038762,-343.964505161,-50.577937201));
#6073=CARTESIAN_POINT('',(8.156906186,-344.085079178,-50.2965482));
#6074=CARTESIAN_POINT('',(7.77340627,-344.3113428,-49.76850662));
#6075=CARTESIAN_POINT('',(7.553397272,-344.41702681,-49.521867097));
#6076=CARTESIAN_POINT('',(7.065294464,-344.609448203,-49.072804646));
#6077=CARTESIAN_POINT('',(6.797212723,-344.696180828,-48.870392821));
#6078=CARTESIAN_POINT('',(6.22326454,-344.847365346,-48.517566717));
#6079=CARTESIAN_POINT('',(5.917412289,-344.911813501,-48.367161162));
#6080=CARTESIAN_POINT('',(5.279675237,-345.015951209,-48.124130315));
#6081=CARTESIAN_POINT('',(4.947806205,-345.055638186,-48.031511031));
#6082=CARTESIAN_POINT('',(4.270788162,-345.108727129,-47.90761498));
#6083=CARTESIAN_POINT('',(3.92565589,-345.122127782,-47.876341275));
#6084=CARTESIAN_POINT('',(3.580515085,-345.122127782,-47.876341275));
#6085=CARTESIAN_POINT('',(8.85387815,-341.108732698,-51.798891186));
#6086=CARTESIAN_POINT('',(8.85387815,-341.264821875,-51.490973688));
#6087=CARTESIAN_POINT('',(8.819885588,-341.420907192,-51.183063805));
#6088=CARTESIAN_POINT('',(8.685218326,-341.727087127,-50.579061906));
#6089=CARTESIAN_POINT('',(8.584546956,-341.877174173,-50.282984827));
#6090=CARTESIAN_POINT('',(8.32038762,-342.165589365,-49.71402748));
#6091=CARTESIAN_POINT('',(8.156906186,-342.303910379,-49.441161281));
#6092=CARTESIAN_POINT('',(7.77340627,-342.563477195,-48.929113196));
#6093=CARTESIAN_POINT('',(7.553397272,-342.684716577,-48.689943972));
#6094=CARTESIAN_POINT('',(7.065294464,-342.905460009,-48.254482872));
#6095=CARTESIAN_POINT('',(6.797212723,-343.004958599,-48.058201762));
#6096=CARTESIAN_POINT('',(6.22326454,-343.1783956,-47.71606217));
#6097=CARTESIAN_POINT('',(5.917412289,-343.252329722,-47.570212148));
#6098=CARTESIAN_POINT('',(5.279675237,-343.371795206,-47.334542299));
#6099=CARTESIAN_POINT('',(4.947806205,-343.417323614,-47.244728299));
#6100=CARTESIAN_POINT('',(4.270788162,-343.478226589,-47.124584851));
#6101=CARTESIAN_POINT('',(3.92565589,-343.493599651,-47.094258375));
#6102=CARTESIAN_POINT('',(3.580515085,-343.493599651,-47.094258375));
#6103=CARTESIAN_POINT('',(8.85387815,-340.46969542,-51.466205946));
#6104=CARTESIAN_POINT('',(8.853879215,-340.632507678,-51.161784019));
#6105=CARTESIAN_POINT('',(8.819887584,-340.795315975,-50.857369535));
#6106=CARTESIAN_POINT('',(8.685221886,-341.11468394,-50.260224156));
#6107=CARTESIAN_POINT('',(8.584551148,-341.27123571,-49.967508027));
#6108=CARTESIAN_POINT('',(8.320392769,-341.572073944,-49.405009177));
#6109=CARTESIAN_POINT('',(8.156911659,-341.716352968,-49.135240364));
#6110=CARTESIAN_POINT('',(7.773412097,-341.98710038,-48.629004641));
#6111=CARTESIAN_POINT('',(7.553403128,-342.113562074,-48.392550249));
#6112=CARTESIAN_POINT('',(7.065300114,-342.343813953,-47.962032085));
#6113=CARTESIAN_POINT('',(6.797218139,-342.447598445,-47.767978959));
#6114=CARTESIAN_POINT('',(6.223269272,-342.628506306,-47.429722991));
#6115=CARTESIAN_POINT('',(5.917416572,-342.705625202,-47.285528513));
#6116=CARTESIAN_POINT('',(5.279678471,-342.83023683,-47.052533778));
#6117=CARTESIAN_POINT('',(4.947808839,-342.877726481,-46.963739283));
#6118=CARTESIAN_POINT('',(4.270789518,-342.941253102,-46.844959674));
#6119=CARTESIAN_POINT('',(3.925656569,-342.957288501,-46.814977497));
#6120=CARTESIAN_POINT('',(3.580515085,-342.957288657,-46.814977581));
#6121=CARTESIAN_POINT('',(8.85387815,-339.224923582,-50.764758593));
#6122=CARTESIAN_POINT('',(8.853879222,-339.400994008,-50.467807835));
#6123=CARTESIAN_POINT('',(8.819887597,-339.577060146,-50.170864335));
#6124=CARTESIAN_POINT('',(8.685221908,-339.922434941,-49.588374181));
#6125=CARTESIAN_POINT('',(8.584551175,-340.091735058,-49.30284193));
#6126=CARTESIAN_POINT('',(8.320392802,-340.417071184,-48.754147996));
#6127=CARTESIAN_POINT('',(8.156911694,-340.573099147,-48.490999881));
#6128=CARTESIAN_POINT('',(7.773412135,-340.865894069,-47.997188252));
#6129=CARTESIAN_POINT('',(7.553403165,-341.002653787,-47.766536947));
#6130=CARTESIAN_POINT('',(7.06530015,-341.251655517,-47.3465846));
#6131=CARTESIAN_POINT('',(6.797218174,-341.363891371,-47.157293941));
#6132=CARTESIAN_POINT('',(6.223269302,-341.559530873,-46.827339474));
#6133=CARTESIAN_POINT('',(5.917416599,-341.642929684,-46.686683823));
#6134=CARTESIAN_POINT('',(5.279678491,-341.777688613,-46.45940725));
#6135=CARTESIAN_POINT('',(4.947808856,-341.829045399,-46.372791947));
#6136=CARTESIAN_POINT('',(4.270789526,-341.897745024,-46.256927414));
#6137=CARTESIAN_POINT('',(3.925656573,-341.915086165,-46.227681049));
#6138=CARTESIAN_POINT('',(3.580515085,-341.915086277,-46.227681116));
#6139=CARTESIAN_POINT('',(8.85387815,-338.617100298,-50.395117742));
#6140=CARTESIAN_POINT('',(8.85387815,-338.799726804,-50.102151403));
#6141=CARTESIAN_POINT('',(8.819885588,-338.982348795,-49.809192308));
#6142=CARTESIAN_POINT('',(8.685218326,-339.340583574,-49.234518162));
#6143=CARTESIAN_POINT('',(8.584546956,-339.516187504,-48.952817321));
#6144=CARTESIAN_POINT('',(8.32038762,-339.853637287,-48.411486112));
#6145=CARTESIAN_POINT('',(8.156906186,-340.015474796,-48.15186913));
#6146=CARTESIAN_POINT('',(7.77340627,-340.319171578,-47.664683913));
#6147=CARTESIAN_POINT('',(7.553397272,-340.46102334,-47.437127725));
#6148=CARTESIAN_POINT('',(7.065294464,-340.719296223,-47.022810755));
#6149=CARTESIAN_POINT('',(6.797212723,-340.835710956,-46.836060218));
#6150=CARTESIAN_POINT('',(6.22326454,-341.038634658,-46.510533463));
#6151=CARTESIAN_POINT('',(5.917412289,-341.125138609,-46.371765295));
#6152=CARTESIAN_POINT('',(5.279675237,-341.264914885,-46.147538567));
#6153=CARTESIAN_POINT('',(4.947806205,-341.318183755,-46.062085551));
#6154=CARTESIAN_POINT('',(4.270788162,-341.389441083,-45.947775756));
#6155=CARTESIAN_POINT('',(3.92565589,-341.407427779,-45.918921803));
#6156=CARTESIAN_POINT('',(3.580515085,-341.407427779,-45.918921803));
#6157=CARTESIAN_POINT('',(8.85387815,-336.83722759,-49.229561563));
#6158=CARTESIAN_POINT('',(8.85387815,-337.039220056,-48.949277094));
#6159=CARTESIAN_POINT('',(8.819885588,-337.241207528,-48.668999556));
#6160=CARTESIAN_POINT('',(8.685218326,-337.637430004,-48.119201792));
#6161=CARTESIAN_POINT('',(8.584546956,-337.83165521,-47.849695162));
#6162=CARTESIAN_POINT('',(8.32038762,-338.204888621,-47.331796994));
#6163=CARTESIAN_POINT('',(8.156906186,-338.383887596,-47.083418261));
#6164=CARTESIAN_POINT('',(7.77340627,-338.719788792,-46.617322223));
#6165=CARTESIAN_POINT('',(7.553397272,-338.876682706,-46.399616443));
#6166=CARTESIAN_POINT('',(7.065294464,-339.162343192,-46.003234345));
#6167=CARTESIAN_POINT('',(6.797212723,-339.291102699,-45.824567829));
#6168=CARTESIAN_POINT('',(6.22326454,-339.515544703,-45.513132413));
#6169=CARTESIAN_POINT('',(5.917412289,-339.611221648,-45.380371215));
#6170=CARTESIAN_POINT('',(5.279675237,-339.765819989,-45.165850769));
#6171=CARTESIAN_POINT('',(4.947806205,-339.824737561,-45.084096827));
#6172=CARTESIAN_POINT('',(4.270788162,-339.903551112,-44.974735252));
#6173=CARTESIAN_POINT('',(3.92565589,-339.923445141,-44.947130324));
#6174=CARTESIAN_POINT('',(3.580515085,-339.923445141,-44.947130324));
#6175=CARTESIAN_POINT('',(8.85387815,-335.70871412,-48.377092099));
#6176=CARTESIAN_POINT('',(8.85387815,-335.923210248,-48.10623875));
#6177=CARTESIAN_POINT('',(8.819885588,-336.137701072,-47.835392098));
#6178=CARTESIAN_POINT('',(8.685218326,-336.558450361,-47.304094142));
#6179=CARTESIAN_POINT('',(8.584546956,-336.764698423,-47.043655975));
#6180=CARTESIAN_POINT('',(8.32038762,-337.161035587,-46.543184244));
#6181=CARTESIAN_POINT('',(8.156906186,-337.35111489,-46.303163055));
#6182=CARTESIAN_POINT('',(7.77340627,-337.707808914,-45.852750397));
#6183=CARTESIAN_POINT('',(7.553397272,-337.874414816,-45.642370065));
#6184=CARTESIAN_POINT('',(7.065294464,-338.177758149,-45.259325585));
#6185=CARTESIAN_POINT('',(6.797212723,-338.314488079,-45.086670909));
#6186=CARTESIAN_POINT('',(6.22326454,-338.552823406,-44.785714792));
#6187=CARTESIAN_POINT('',(5.917412289,-338.65442291,-44.657420793));
#6188=CARTESIAN_POINT('',(5.279675237,-338.818591139,-44.450118615));
#6189=CARTESIAN_POINT('',(4.947806205,-338.881155804,-44.371115561));
#6190=CARTESIAN_POINT('',(4.270788162,-338.964848042,-44.265433826));
#6191=CARTESIAN_POINT('',(3.92565589,-338.985973544,-44.238757759));
#6192=CARTESIAN_POINT('',(3.580515085,-338.985973544,-44.238757759));
#6193=CARTESIAN_POINT('',(8.85387815,-334.10460809,-46.983211242));
#6194=CARTESIAN_POINT('',(8.85387815,-334.336933197,-46.727850305));
#6195=CARTESIAN_POINT('',(8.819885588,-334.569252559,-46.472495683));
#6196=CARTESIAN_POINT('',(8.685218326,-335.024974649,-45.971587188));
#6197=CARTESIAN_POINT('',(8.584546956,-335.248366108,-45.7260457));
#6198=CARTESIAN_POINT('',(8.32038762,-335.67764693,-45.254200215));
#6199=CARTESIAN_POINT('',(8.156906186,-335.883525678,-45.027907884));
#6200=CARTESIAN_POINT('',(7.77340627,-336.26986821,-44.603258166));
#6201=CARTESIAN_POINT('',(7.553397272,-336.450322442,-44.40491128));
#6202=CARTESIAN_POINT('',(7.065294464,-336.778879759,-44.04377638));
#6203=CARTESIAN_POINT('',(6.797212723,-336.92697472,-43.880997297));
#6204=CARTESIAN_POINT('',(6.22326454,-337.185120547,-43.597255427));
#6205=CARTESIAN_POINT('',(5.917412289,-337.29516503,-43.476299656));
#6206=CARTESIAN_POINT('',(5.279675237,-337.472978969,-43.280854857));
#6207=CARTESIAN_POINT('',(4.947806205,-337.540744027,-43.206370661));
#6208=CARTESIAN_POINT('',(4.270788162,-337.631392787,-43.106733766));
#6209=CARTESIAN_POINT('',(3.92565589,-337.654274247,-43.081583531));
#6210=CARTESIAN_POINT('',(3.580515085,-337.654274247,-43.081583531));
#6211=CARTESIAN_POINT('',(8.85387815,-333.584707643,-46.499356742));
#6212=CARTESIAN_POINT('',(8.85387815,-333.822821811,-46.249383442));
#6213=CARTESIAN_POINT('',(8.819885588,-334.06093009,-45.999416324));
#6214=CARTESIAN_POINT('',(8.685218326,-334.528007832,-45.509076058));
#6215=CARTESIAN_POINT('',(8.584546956,-334.756965744,-45.268715035));
#6216=CARTESIAN_POINT('',(8.32038762,-335.196943356,-44.806824605));
#6217=CARTESIAN_POINT('',(8.156906186,-335.407952176,-44.585306618));
#6218=CARTESIAN_POINT('',(7.77340627,-335.803921565,-44.169616212));
#6219=CARTESIAN_POINT('',(7.553397272,-335.988872343,-43.975454073));
#6220=CARTESIAN_POINT('',(7.065294464,-336.325616629,-43.621938442));
#6221=CARTESIAN_POINT('',(6.797212723,-336.477401809,-43.462593692));
#6222=CARTESIAN_POINT('',(6.22326454,-336.741980097,-43.184838243));
#6223=CARTESIAN_POINT('',(5.917412289,-336.854766661,-43.066434412));
#6224=CARTESIAN_POINT('',(5.279675237,-337.037011355,-42.875113132));
#6225=CARTESIAN_POINT('',(4.947806205,-337.106464978,-42.802200413));
#6226=CARTESIAN_POINT('',(4.270788162,-337.199372517,-42.704665669));
#6227=CARTESIAN_POINT('',(3.92565589,-337.222824136,-42.680046057));
#6228=CARTESIAN_POINT('',(3.580515085,-337.222824136,-42.680046057));
#6229=CARTESIAN_POINT('',(8.85387815,-332.827500288,-45.74416084));
#6230=CARTESIAN_POINT('',(8.85387815,-333.074033115,-45.502583836));
#6231=CARTESIAN_POINT('',(8.819885588,-333.320559846,-45.261012806));
#6232=CARTESIAN_POINT('',(8.685218326,-333.804151382,-44.787142467));
#6233=CARTESIAN_POINT('',(8.584546956,-334.041204229,-44.554854875));
#6234=CARTESIAN_POINT('',(8.32038762,-334.496737495,-44.108478777));
#6235=CARTESIAN_POINT('',(8.156906186,-334.715206649,-43.894401306));
#6236=CARTESIAN_POINT('',(7.77340627,-335.125175758,-43.492673431));
#6237=CARTESIAN_POINT('',(7.553397272,-335.316665573,-43.305032959));
#6238=CARTESIAN_POINT('',(7.065294464,-335.665315641,-42.963391484));
#6239=CARTESIAN_POINT('',(6.797212723,-335.822467271,-42.809398928));
#6240=CARTESIAN_POINT('',(6.22326454,-336.096399872,-42.540972943));
#6241=CARTESIAN_POINT('',(5.917412289,-336.213174068,-42.426546152));
#6242=CARTESIAN_POINT('',(5.279675237,-336.401862125,-42.241651118));
#6243=CARTESIAN_POINT('',(4.947806205,-336.473771319,-42.171187447));
#6244=CARTESIAN_POINT('',(4.270788162,-336.569963657,-42.076928776));
#6245=CARTESIAN_POINT('',(3.92565589,-336.59424442,-42.053136106));
#6246=CARTESIAN_POINT('',(3.580515085,-336.59424442,-42.053136106));
#6247=CARTESIAN_POINT('',(8.85387815,-332.578868037,-45.487531301));
#6248=CARTESIAN_POINT('',(8.85387874,-332.828163349,-45.24880536));
#6249=CARTESIAN_POINT('',(8.819886694,-333.077452532,-45.010085274));
#6250=CARTESIAN_POINT('',(8.685220299,-333.566462998,-44.541807329));
#6251=CARTESIAN_POINT('',(8.58454928,-333.806172188,-44.31226105));
#6252=CARTESIAN_POINT('',(8.320390474,-334.266810057,-43.871152742));
#6253=CARTESIAN_POINT('',(8.15690922,-334.487727346,-43.659601622));
#6254=CARTESIAN_POINT('',(7.7734095,-334.902290525,-43.262614534));
#6255=CARTESIAN_POINT('',(7.553400518,-335.095926165,-43.077188382));
#6256=CARTESIAN_POINT('',(7.065297596,-335.448483189,-42.739578537));
#6257=CARTESIAN_POINT('',(6.797215725,-335.607395856,-42.587403191));
#6258=CARTESIAN_POINT('',(6.223267163,-335.884398127,-42.322144775));
#6259=CARTESIAN_POINT('',(5.917414663,-336.002480882,-42.209068262));
#6260=CARTESIAN_POINT('',(5.279677029,-336.193283335,-42.026355028));
#6261=CARTESIAN_POINT('',(4.947807665,-336.265998315,-41.956722824));
#6262=CARTESIAN_POINT('',(4.270788913,-336.363268503,-41.863576355));
#6263=CARTESIAN_POINT('',(3.925656266,-336.387821306,-41.840064393));
#6264=CARTESIAN_POINT('',(3.580515085,-336.387821244,-41.840064328));
#6265=CARTESIAN_POINT('',(8.85387815,-332.089263581,-44.964321661));
#6266=CARTESIAN_POINT('',(8.853878738,-332.34398977,-44.731399361));
#6267=CARTESIAN_POINT('',(8.81988669,-332.598709696,-44.498482773));
#6268=CARTESIAN_POINT('',(8.685220292,-333.098373211,-44.041589079));
#6269=CARTESIAN_POINT('',(8.584549271,-333.343304445,-43.817623271));
#6270=CARTESIAN_POINT('',(8.320390463,-333.813977266,-43.387238692));
#6271=CARTESIAN_POINT('',(8.156909208,-334.039707215,-43.180830564));
#6272=CARTESIAN_POINT('',(7.773409488,-334.463301611,-42.793494573));
#6273=CARTESIAN_POINT('',(7.553400506,-334.661155583,-42.612576289));
#6274=CARTESIAN_POINT('',(7.065297584,-335.021393022,-42.283174024));
#6275=CARTESIAN_POINT('',(6.797215714,-335.183767583,-42.134698187));
#6276=CARTESIAN_POINT('',(6.223267153,-335.466804314,-41.875888419));
#6277=CARTESIAN_POINT('',(5.917414654,-335.587459486,-41.765560887));
#6278=CARTESIAN_POINT('',(5.279677023,-335.782418543,-41.587289551));
#6279=CARTESIAN_POINT('',(4.94780766,-335.856717606,-41.519350157));
#6280=CARTESIAN_POINT('',(4.27078891,-335.956106804,-41.428468136));
#6281=CARTESIAN_POINT('',(3.925656265,-335.981194481,-41.405527758));
#6282=CARTESIAN_POINT('',(3.580515085,-335.981194411,-41.405527682));
#6283=CARTESIAN_POINT('',(8.85387815,-331.847885849,-44.697253972));
#6284=CARTESIAN_POINT('',(8.853878174,-332.105284894,-44.467289596));
#6285=CARTESIAN_POINT('',(8.819885634,-332.362677577,-44.237330905));
#6286=CARTESIAN_POINT('',(8.685218409,-332.867583973,-43.78623955));
#6287=CARTESIAN_POINT('',(8.584547053,-333.115085203,-43.565118041));
#6288=CARTESIAN_POINT('',(8.320387739,-333.590696634,-43.140199273));
#6289=CARTESIAN_POINT('',(8.156906312,-333.818795076,-42.936412522));
#6290=CARTESIAN_POINT('',(7.773406405,-334.24683406,-42.553995732));
#6291=CARTESIAN_POINT('',(7.553397407,-334.446764019,-42.37537515));
#6292=CARTESIAN_POINT('',(7.065294594,-334.810781256,-42.050156404));
#6293=CARTESIAN_POINT('',(6.797212849,-334.974859534,-41.90356628));
#6294=CARTESIAN_POINT('',(6.223264649,-335.260866045,-41.648043551));
#6295=CARTESIAN_POINT('',(5.917412388,-335.382787206,-41.539117263));
#6296=CARTESIAN_POINT('',(5.279675312,-335.579791919,-41.363110148));
#6297=CARTESIAN_POINT('',(4.947806266,-335.654870601,-41.296033672));
#6298=CARTESIAN_POINT('',(4.270788193,-335.755302736,-41.206306025));
#6299=CARTESIAN_POINT('',(3.925655906,-335.780653706,-41.183657073));
#6300=CARTESIAN_POINT('',(3.580515085,-335.780653709,-41.183657076));
#6301=CARTESIAN_POINT('',(8.85387815,-330.668856546,-43.34668019));
#6302=CARTESIAN_POINT('',(8.853878175,-330.939283035,-43.131638703));
#6303=CARTESIAN_POINT('',(8.819885635,-331.209702839,-42.916602532));
#6304=CARTESIAN_POINT('',(8.685218409,-331.740163485,-42.494783477));
#6305=CARTESIAN_POINT('',(8.584547054,-332.000191211,-42.288011023));
#6306=CARTESIAN_POINT('',(8.32038774,-332.499874219,-41.890666159));
#6307=CARTESIAN_POINT('',(8.156906313,-332.739517146,-41.700103573));
#6308=CARTESIAN_POINT('',(7.773406406,-333.189219976,-41.34250264));
#6309=CARTESIAN_POINT('',(7.553397408,-333.39926876,-41.175473136));
#6310=CARTESIAN_POINT('',(7.065294596,-333.781709584,-40.871358541));
#6311=CARTESIAN_POINT('',(6.79721285,-333.954092167,-40.734280969));
#6312=CARTESIAN_POINT('',(6.22326465,-334.254573997,-40.495339664));
#6313=CARTESIAN_POINT('',(5.917412389,-334.382665813,-40.39348184));
#6314=CARTESIAN_POINT('',(5.279675312,-334.589641299,-40.228896208));
#6315=CARTESIAN_POINT('',(4.947806267,-334.66851985,-40.16617247));
#6316=CARTESIAN_POINT('',(4.270788193,-334.77403504,-40.082267444));
#6317=CARTESIAN_POINT('',(3.925655906,-334.800669068,-40.061088231));
#6318=CARTESIAN_POINT('',(3.580515085,-334.80066907,-40.061088233));
#6319=CARTESIAN_POINT('',(8.85387815,-329.809633761,-42.212738445));
#6320=CARTESIAN_POINT('',(8.85387815,-330.089449712,-42.010113512));
#6321=CARTESIAN_POINT('',(8.819885588,-330.369258744,-41.807493589));
#6322=CARTESIAN_POINT('',(8.685218326,-330.918137476,-41.410030486));
#6323=CARTESIAN_POINT('',(8.584546956,-331.187193603,-41.215197133));
#6324=CARTESIAN_POINT('',(8.32038762,-331.704226063,-40.840795077));
#6325=CARTESIAN_POINT('',(8.156906186,-331.952189611,-40.66123563));
#6326=CARTESIAN_POINT('',(7.77340627,-332.417506531,-40.324282682));
#6327=CARTESIAN_POINT('',(7.553397272,-332.634848398,-40.166897511));
#6328=CARTESIAN_POINT('',(7.065294464,-333.030567911,-39.880342582));
#6329=CARTESIAN_POINT('',(6.797212723,-333.208935772,-39.751179911));
#6330=CARTESIAN_POINT('',(6.22326454,-333.519850598,-39.526035148));
#6331=CARTESIAN_POINT('',(5.917412289,-333.652389875,-39.430058625));
#6332=CARTESIAN_POINT('',(5.279675237,-333.866551732,-39.274976215));
#6333=CARTESIAN_POINT('',(4.947806205,-333.948169016,-39.215874164));
#6334=CARTESIAN_POINT('',(4.270788162,-334.057347784,-39.136813837));
#6335=CARTESIAN_POINT('',(3.92565589,-334.084906568,-39.116857516));
#6336=CARTESIAN_POINT('',(3.580515085,-334.084906568,-39.116857516));
#6337=CARTESIAN_POINT('',(8.85387815,-328.248927895,-39.844423019));
#6338=CARTESIAN_POINT('',(8.85387815,-328.54549388,-39.667215664));
#6339=CARTESIAN_POINT('',(8.819885588,-328.842052531,-39.490012691));
#6340=CARTESIAN_POINT('',(8.685218326,-329.423787635,-39.142407959));
#6341=CARTESIAN_POINT('',(8.584546956,-329.708949704,-38.972014797));
#6342=CARTESIAN_POINT('',(8.32038762,-330.25693219,-38.6445783));
#6343=CARTESIAN_POINT('',(8.156906186,-330.519739057,-38.487543062));
#6344=CARTESIAN_POINT('',(7.77340627,-331.012910265,-38.192858));
#6345=CARTESIAN_POINT('',(7.553397272,-331.243262411,-38.055215463));
#6346=CARTESIAN_POINT('',(7.065294464,-331.662670049,-37.804606418));
#6347=CARTESIAN_POINT('',(6.797212723,-331.851715169,-37.691646107));
#6348=CARTESIAN_POINT('',(6.22326454,-332.181241635,-37.494743843));
#6349=CARTESIAN_POINT('',(5.917412289,-332.321714833,-37.41080676));
#6350=CARTESIAN_POINT('',(5.279675237,-332.54869661,-37.275178122));
#6351=CARTESIAN_POINT('',(4.947806205,-332.635199578,-37.223489921));
#6352=CARTESIAN_POINT('',(4.270788162,-332.750913885,-37.154347041));
#6353=CARTESIAN_POINT('',(3.92565589,-332.780122363,-37.136894072));
#6354=CARTESIAN_POINT('',(3.580515085,-332.780122363,-37.136894072));
#6355=CARTESIAN_POINT('',(8.85387815,-327.547459656,-38.61003989));
#6356=CARTESIAN_POINT('',(8.853878904,-327.85138838,-38.445832496));
#6357=CARTESIAN_POINT('',(8.819887002,-328.155309652,-38.281629122));
#6358=CARTESIAN_POINT('',(8.685220847,-328.751487508,-37.95952459));
#6359=CARTESIAN_POINT('',(8.584549925,-329.043729349,-37.801631397));
#6360=CARTESIAN_POINT('',(8.320391267,-329.605316766,-37.498215453));
#6361=CARTESIAN_POINT('',(8.156910063,-329.874648455,-37.352700205));
#6362=CARTESIAN_POINT('',(7.773410398,-330.380063884,-37.079632986));
#6363=CARTESIAN_POINT('',(7.55340142,-330.616135127,-36.952087767));
#6364=CARTESIAN_POINT('',(7.065298466,-331.045955683,-36.719863123));
#6365=CARTESIAN_POINT('',(6.797216559,-331.239694368,-36.615189439));
#6366=CARTESIAN_POINT('',(6.223267892,-331.577402243,-36.432731656));
#6367=CARTESIAN_POINT('',(5.917415322,-331.721363081,-36.354952068));
#6368=CARTESIAN_POINT('',(5.279677527,-331.953980313,-36.229272917));
#6369=CARTESIAN_POINT('',(4.947808071,-332.042630955,-36.18137646));
#6370=CARTESIAN_POINT('',(4.270789122,-332.161218171,-36.117305733));
#6371=CARTESIAN_POINT('',(3.925656371,-332.191151812,-36.101133047));
#6372=CARTESIAN_POINT('',(3.580515085,-332.191151785,-36.101133));
#6373=CARTESIAN_POINT('',(8.85387815,-326.766687013,-37.005898455));
#6374=CARTESIAN_POINT('',(8.8538789,-327.078622739,-36.858141903));
#6375=CARTESIAN_POINT('',(8.819886993,-327.390550815,-36.710388965));
#6376=CARTESIAN_POINT('',(8.685220832,-328.002434968,-36.42055392));
#6377=CARTESIAN_POINT('',(8.584549907,-328.302375915,-36.27847898));
#6378=CARTESIAN_POINT('',(8.320391245,-328.878758339,-36.005460223));
#6379=CARTESIAN_POINT('',(8.156910039,-329.155185564,-35.874523157));
#6380=CARTESIAN_POINT('',(7.773410373,-329.673916144,-35.628812674));
#6381=CARTESIAN_POINT('',(7.553401395,-329.916206673,-35.514045333));
#6382=CARTESIAN_POINT('',(7.065298442,-330.35735083,-35.305085667));
#6383=CARTESIAN_POINT('',(6.797216536,-330.556193549,-35.210898508));
#6384=CARTESIAN_POINT('',(6.223267871,-330.902798313,-35.046719883));
#6385=CARTESIAN_POINT('',(5.917415304,-331.050551787,-34.976732477));
#6386=CARTESIAN_POINT('',(5.279677514,-331.289297295,-34.863644203));
#6387=CARTESIAN_POINT('',(4.94780806,-331.380283424,-34.820546132));
#6388=CARTESIAN_POINT('',(4.270789116,-331.501994794,-34.76289414));
#6389=CARTESIAN_POINT('',(3.925656368,-331.532717024,-34.748341645));
#6390=CARTESIAN_POINT('',(3.580515085,-331.532716984,-34.74834156));
#6391=CARTESIAN_POINT('',(8.85387815,-326.615357656,-36.68199801));
#6392=CARTESIAN_POINT('',(8.853878262,-326.928834692,-36.537542049));
#6393=CARTESIAN_POINT('',(8.819885798,-327.242303986,-36.393089655));
#6394=CARTESIAN_POINT('',(8.685218701,-327.857211344,-36.109729074));
#6395=CARTESIAN_POINT('',(8.584547397,-328.158634202,-35.970827894));
#6396=CARTESIAN_POINT('',(8.320388162,-328.737864291,-35.703908046));
#6397=CARTESIAN_POINT('',(8.156906762,-329.015657198,-35.575895978));
#6398=CARTESIAN_POINT('',(7.773406883,-329.53695052,-35.335674447));
#6399=CARTESIAN_POINT('',(7.553397888,-329.780438046,-35.223470924));
#6400=CARTESIAN_POINT('',(7.065295058,-330.223761585,-35.019179293));
#6401=CARTESIAN_POINT('',(6.797213293,-330.423586636,-34.927096236));
#6402=CARTESIAN_POINT('',(6.223265038,-330.771903708,-34.766585321));
#6403=CARTESIAN_POINT('',(5.917412739,-330.920387117,-34.698161431));
#6404=CARTESIAN_POINT('',(5.279675577,-331.160312088,-34.587599578));
#6405=CARTESIAN_POINT('',(4.947806482,-331.251747718,-34.545464349));
#6406=CARTESIAN_POINT('',(4.270788304,-331.374060403,-34.48910039));
#6407=CARTESIAN_POINT('',(3.925655962,-331.404934432,-34.474873055));
#6408=CARTESIAN_POINT('',(3.580515085,-331.404934426,-34.474873041));
#6409=CARTESIAN_POINT('',(8.85387815,-326.322309367,-36.02807822));
#6410=CARTESIAN_POINT('',(8.853878261,-326.638752585,-35.890241119));
#6411=CARTESIAN_POINT('',(8.819885797,-326.955187988,-35.752407421));
#6412=CARTESIAN_POINT('',(8.6852187,-327.575913722,-35.4820302));
#6413=CARTESIAN_POINT('',(8.584547396,-327.880188704,-35.349493364));
#6414=CARTESIAN_POINT('',(8.32038816,-328.464899582,-35.094803574));
#6415=CARTESIAN_POINT('',(8.15690676,-328.745321021,-34.972656918));
#6416=CARTESIAN_POINT('',(7.773406882,-329.271546925,-34.743442148));
#6417=CARTESIAN_POINT('',(7.553397886,-329.517338378,-34.636379701));
#6418=CARTESIAN_POINT('',(7.065295056,-329.964856731,-34.44144855));
#6419=CARTESIAN_POINT('',(6.797213292,-330.166572566,-34.353584665));
#6420=CARTESIAN_POINT('',(6.223265036,-330.518185484,-34.20042823));
#6421=CARTESIAN_POINT('',(5.917412738,-330.668073872,-34.135139467));
#6422=CARTESIAN_POINT('',(5.279675576,-330.91026906,-34.029643467));
#6423=CARTESIAN_POINT('',(4.947806481,-331.002569871,-33.989438839));
#6424=CARTESIAN_POINT('',(4.270788304,-331.126039901,-33.935657427));
#6425=CARTESIAN_POINT('',(3.925655962,-331.157206067,-33.922081975));
#6426=CARTESIAN_POINT('',(3.580515085,-331.15720606,-33.922081959));
#6427=CARTESIAN_POINT('',(8.85387815,-326.18045393,-35.697658722));
#6428=CARTESIAN_POINT('',(8.85387815,-326.498322975,-35.56314386));
#6429=CARTESIAN_POINT('',(8.819885589,-326.81618416,-35.428632324));
#6430=CARTESIAN_POINT('',(8.685218328,-327.439706721,-35.164771931));
#6431=CARTESIAN_POINT('',(8.584546958,-327.74535268,-35.035429599));
#6432=CARTESIAN_POINT('',(8.320387622,-328.332698089,-34.786878543));
#6433=CARTESIAN_POINT('',(8.156906188,-328.614383018,-34.667675967));
#6434=CARTESIAN_POINT('',(7.773406273,-329.142979922,-34.443985926));
#6435=CARTESIAN_POINT('',(7.553397274,-329.389878826,-34.339503994));
#6436=CARTESIAN_POINT('',(7.065294466,-329.839413541,-34.149271252));
#6437=CARTESIAN_POINT('',(6.797212726,-330.042038236,-34.063525146));
#6438=CARTESIAN_POINT('',(6.223264542,-330.395235395,-33.91406024));
#6439=CARTESIAN_POINT('',(5.917412291,-330.545799126,-33.850345136));
#6440=CARTESIAN_POINT('',(5.279675238,-330.789085561,-33.747391918));
#6441=CARTESIAN_POINT('',(4.947806206,-330.881802249,-33.70815635));
#6442=CARTESIAN_POINT('',(4.270788162,-331.005828598,-33.655671255));
#6443=CARTESIAN_POINT('',(3.925655891,-331.037135192,-33.642423025));
#6444=CARTESIAN_POINT('',(3.580515085,-331.037135192,-33.642423025));
#6445=CARTESIAN_POINT('',(8.85387815,-325.771816315,-34.703423838));
#6446=CARTESIAN_POINT('',(8.85387815,-326.093765895,-34.578837112));
#6447=CARTESIAN_POINT('',(8.819885589,-326.415707514,-34.454253467));
#6448=CARTESIAN_POINT('',(8.685218328,-327.047234331,-34.209867813));
#6449=CARTESIAN_POINT('',(8.584546958,-327.356803914,-34.090071847));
#6450=CARTESIAN_POINT('',(8.320387622,-327.951689168,-33.859865594));
#6451=CARTESIAN_POINT('',(8.156906188,-328.23699013,-33.749461));
#6452=CARTESIAN_POINT('',(7.773406273,-328.772372715,-33.542280846));
#6453=CARTESIAN_POINT('',(7.553397274,-329.022441099,-33.44551041));
#6454=CARTESIAN_POINT('',(7.065294466,-329.477746561,-33.269318172));
#6455=CARTESIAN_POINT('',(6.797212726,-329.682972381,-33.189900727));
#6456=CARTESIAN_POINT('',(6.223264542,-330.040703587,-33.051467374));
#6457=CARTESIAN_POINT('',(5.917412291,-330.193200128,-32.992454889));
#6458=CARTESIAN_POINT('',(5.279675238,-330.439609669,-32.897100337));
#6459=CARTESIAN_POINT('',(4.947806206,-330.533516575,-32.860760628));
#6460=CARTESIAN_POINT('',(4.270788162,-330.659135069,-32.812149299));
#6461=CARTESIAN_POINT('',(3.925655891,-330.690843551,-32.799878881));
#6462=CARTESIAN_POINT('',(3.580515085,-330.690843551,-32.799878881));
#6463=CARTESIAN_POINT('',(8.85387815,-325.521136626,-34.034947901));
#6464=CARTESIAN_POINT('',(8.853878154,-325.845552188,-33.916945548));
#6465=CARTESIAN_POINT('',(8.819885597,-326.169959728,-33.798946112));
#6466=CARTESIAN_POINT('',(8.685218342,-326.806323744,-33.567476168));
#6467=CARTESIAN_POINT('',(8.584546974,-327.118264485,-33.454011384));
#6468=CARTESIAN_POINT('',(8.320387642,-327.717706282,-33.235971464));
#6469=CARTESIAN_POINT('',(8.156906209,-328.005192516,-33.13140172));
#6470=CARTESIAN_POINT('',(7.773406295,-328.544675881,-32.935170977));
#6471=CARTESIAN_POINT('',(7.553397297,-328.796659673,-32.84351483));
#6472=CARTESIAN_POINT('',(7.065294488,-329.255452563,-32.6766343));
#6473=CARTESIAN_POINT('',(6.797212747,-329.462250316,-32.601414044));
#6474=CARTESIAN_POINT('',(6.22326456,-329.822721577,-32.470296853));
#6475=CARTESIAN_POINT('',(5.917412307,-329.976386171,-32.414403161));
#6476=CARTESIAN_POINT('',(5.279675251,-330.224683095,-32.324088069));
#6477=CARTESIAN_POINT('',(4.947806216,-330.319309285,-32.289668903));
#6478=CARTESIAN_POINT('',(4.270788168,-330.445889959,-32.243626669));
#6479=CARTESIAN_POINT('',(3.925655893,-330.477841313,-32.23200474));
#6480=CARTESIAN_POINT('',(3.580515085,-330.477841313,-32.23200474));
#6481=CARTESIAN_POINT('',(8.85387815,-324.831339272,-32.01334045));
#6482=CARTESIAN_POINT('',(8.853878154,-325.162455236,-31.914975145));
#6483=CARTESIAN_POINT('',(8.819885597,-325.493563013,-31.816612272));
#6484=CARTESIAN_POINT('',(8.685218342,-326.143070342,-31.623661785));
#6485=CARTESIAN_POINT('',(8.584546974,-326.461453834,-31.529078942));
#6486=CARTESIAN_POINT('',(8.320387642,-327.073276361,-31.347323557));
#6487=CARTESIAN_POINT('',(8.156906209,-327.366700268,-31.260155509));
#6488=CARTESIAN_POINT('',(7.773406295,-327.917325996,-31.096579984));
#6489=CARTESIAN_POINT('',(7.553397297,-328.174514202,-31.020176552));
#6490=CARTESIAN_POINT('',(7.065294488,-328.642782892,-30.881067002));
#6491=CARTESIAN_POINT('',(6.797212747,-328.853851798,-30.818364326));
#6492=CARTESIAN_POINT('',(6.22326456,-329.221768148,-30.709066654));
#6493=CARTESIAN_POINT('',(5.917412307,-329.378606494,-30.662474362));
#6494=CARTESIAN_POINT('',(5.279675251,-329.632031683,-30.587188817));
#6495=CARTESIAN_POINT('',(4.947806216,-329.72861226,-30.558497425));
#6496=CARTESIAN_POINT('',(4.270788168,-329.857807301,-30.520117187));
#6497=CARTESIAN_POINT('',(3.925655893,-329.890418571,-30.510429289));
#6498=CARTESIAN_POINT('',(3.580515085,-329.890418571,-30.51042929));
#6499=CARTESIAN_POINT('',(8.85387815,-324.454226037,-30.644090974));
#6500=CARTESIAN_POINT('',(8.853878333,-324.788882096,-30.558659143));
#6501=CARTESIAN_POINT('',(8.819885932,-325.123529897,-30.473229419));
#6502=CARTESIAN_POINT('',(8.68521894,-325.77998143,-30.305648838));
#6503=CARTESIAN_POINT('',(8.584547679,-326.10176893,-30.223502124));
#6504=CARTESIAN_POINT('',(8.320388508,-326.720132797,-30.065644657));
#6505=CARTESIAN_POINT('',(8.15690713,-327.016693875,-29.989937806));
#6506=CARTESIAN_POINT('',(7.773407276,-327.573206684,-29.847869831));
#6507=CARTESIAN_POINT('',(7.553398282,-327.833144656,-29.781512218));
#6508=CARTESIAN_POINT('',(7.065295439,-328.306419918,-29.66069333));
#6509=CARTESIAN_POINT('',(6.797213658,-328.519745506,-29.606235042));
#6510=CARTESIAN_POINT('',(6.223265356,-328.891595505,-29.511308248));
#6511=CARTESIAN_POINT('',(5.917413028,-329.050110721,-29.470842088));
#6512=CARTESIAN_POINT('',(5.279675795,-329.306245461,-29.405455373));
#6513=CARTESIAN_POINT('',(4.94780666,-329.403858651,-29.380536434));
#6514=CARTESIAN_POINT('',(4.270788396,-329.53443501,-29.347202575));
#6515=CARTESIAN_POINT('',(3.925656007,-329.567394951,-29.338788478));
#6516=CARTESIAN_POINT('',(3.580515085,-329.56739495,-29.338788477));
#6517=CARTESIAN_POINT('',(8.85387815,-324.005463589,-28.559826855));
#6518=CARTESIAN_POINT('',(8.853878333,-324.344248574,-28.493571707));
#6519=CARTESIAN_POINT('',(8.819885932,-324.6830252,-28.427318192));
#6520=CARTESIAN_POINT('',(8.685218939,-325.347575915,-28.297354027));
#6521=CARTESIAN_POINT('',(8.584547678,-325.673333571,-28.233646591));
#6522=CARTESIAN_POINT('',(8.320388506,-326.299326701,-28.111223011));
#6523=CARTESIAN_POINT('',(8.156907128,-326.599546696,-28.052509895));
#6524=CARTESIAN_POINT('',(7.773407273,-327.16292566,-27.942331574));
#6525=CARTESIAN_POINT('',(7.55339828,-327.426070698,-27.890869092));
#6526=CARTESIAN_POINT('',(7.065295436,-327.905185144,-27.797170122));
#6527=CARTESIAN_POINT('',(6.797213656,-328.121142703,-27.754935951));
#6528=CARTESIAN_POINT('',(6.223265355,-328.497580519,-27.681317134));
#6529=CARTESIAN_POINT('',(5.917413026,-328.658051466,-27.649934309));
#6530=CARTESIAN_POINT('',(5.279675793,-328.917346347,-27.599224778));
#6531=CARTESIAN_POINT('',(4.947806659,-329.01616387,-27.579899325));
#6532=CARTESIAN_POINT('',(4.270788395,-329.148351253,-27.554047818));
#6533=CARTESIAN_POINT('',(3.925656007,-329.181717846,-27.547522404));
#6534=CARTESIAN_POINT('',(3.580515085,-329.181717844,-27.547522393));
#6535=CARTESIAN_POINT('',(8.85387815,-323.875421949,-27.859991236));
#6536=CARTESIAN_POINT('',(8.853878274,-324.215385609,-27.800091889));
#6537=CARTESIAN_POINT('',(8.819885821,-324.555340874,-27.740194021));
#6538=CARTESIAN_POINT('',(8.685218741,-325.222203621,-27.622697215));
#6539=CARTESIAN_POINT('',(8.584547445,-325.549094614,-27.565101183));
#6540=CARTESIAN_POINT('',(8.32038822,-326.177265617,-27.454421603));
#6541=CARTESIAN_POINT('',(8.156906824,-326.478530094,-27.401340791));
#6542=CARTESIAN_POINT('',(7.773406949,-327.043869081,-27.301731793));
#6543=CARTESIAN_POINT('',(7.553397954,-327.307929612,-27.255206069));
#6544=CARTESIAN_POINT('',(7.065295122,-327.788710914,-27.170495572));
#6545=CARTESIAN_POINT('',(6.797213355,-328.005419797,-27.132312893));
#6546=CARTESIAN_POINT('',(6.223265092,-328.383167249,-27.065756276));
#6547=CARTESIAN_POINT('',(5.917412788,-328.544196479,-27.037383982));
#6548=CARTESIAN_POINT('',(5.279675614,-328.804393452,-26.991538979));
#6549=CARTESIAN_POINT('',(4.947806512,-328.903554762,-26.974067403));
#6550=CARTESIAN_POINT('',(4.27078832,-329.036202029,-26.950695813));
#6551=CARTESIAN_POINT('',(3.92565597,-329.069684704,-26.944796377));
#6552=CARTESIAN_POINT('',(3.580515085,-329.069684703,-26.944796367));
#6553=CARTESIAN_POINT('',(8.85387815,-323.709292847,-26.802716623));
#6554=CARTESIAN_POINT('',(8.853878273,-324.050747239,-26.752304565));
#6555=CARTESIAN_POINT('',(8.81988582,-324.392193201,-26.70189375));
#6556=CARTESIAN_POINT('',(8.68521874,-325.061980127,-26.603006929));
#6557=CARTESIAN_POINT('',(8.584547443,-325.390304529,-26.554533368));
#6558=CARTESIAN_POINT('',(8.320388218,-326.021230048,-26.46138401));
#6559=CARTESIAN_POINT('',(8.156906822,-326.323815563,-26.416710516));
#6560=CARTESIAN_POINT('',(7.773406948,-326.891633549,-26.3328783));
#6561=CARTESIAN_POINT('',(7.553397953,-327.15685198,-26.29372165));
#6562=CARTESIAN_POINT('',(7.065295121,-327.639741497,-26.222428202));
#6563=CARTESIAN_POINT('',(6.797213353,-327.857400643,-26.190293166));
#6564=CARTESIAN_POINT('',(6.22326509,-328.236804509,-26.134278255));
#6565=CARTESIAN_POINT('',(5.917412787,-328.398539848,-26.110399765));
#6566=CARTESIAN_POINT('',(5.279675613,-328.659877779,-26.071816013));
#6567=CARTESIAN_POINT('',(4.947806511,-328.759473909,-26.057111705));
#6568=CARTESIAN_POINT('',(4.270788319,-328.89270283,-26.037441866));
#6569=CARTESIAN_POINT('',(3.925655969,-328.926332327,-26.03247682));
#6570=CARTESIAN_POINT('',(3.580515085,-328.926332325,-26.032476806));
#6571=CARTESIAN_POINT('',(8.85387815,-323.658743758,-26.449036908));
#6572=CARTESIAN_POINT('',(8.853878182,-324.00064873,-26.401779587));
#6573=CARTESIAN_POINT('',(8.819885649,-324.342545251,-26.354523434));
#6574=CARTESIAN_POINT('',(8.685218436,-325.013215989,-26.261824861));
#6575=CARTESIAN_POINT('',(8.584547085,-325.341973623,-26.216384734));
#6576=CARTESIAN_POINT('',(8.320387778,-325.973731653,-26.129064585));
#6577=CARTESIAN_POINT('',(8.156906354,-326.276716427,-26.087186722));
#6578=CARTESIAN_POINT('',(7.77340645,-326.845283638,-26.008600662));
#6579=CARTESIAN_POINT('',(7.553397452,-327.110852015,-25.971894408));
#6580=CARTESIAN_POINT('',(7.065294638,-327.594378686,-25.905062455));
#6581=CARTESIAN_POINT('',(6.79721289,-327.812325023,-25.874938409));
#6582=CARTESIAN_POINT('',(6.223264686,-328.192229492,-25.822428878));
#6583=CARTESIAN_POINT('',(5.917412421,-328.354178231,-25.800044691));
#6584=CARTESIAN_POINT('',(5.279675336,-328.615860981,-25.763875494));
#6585=CARTESIAN_POINT('',(4.947806286,-328.715588522,-25.750091379));
#6586=CARTESIAN_POINT('',(4.270788203,-328.848993231,-25.731652478));
#6587=CARTESIAN_POINT('',(3.925655911,-328.882667101,-25.726998149));
#6588=CARTESIAN_POINT('',(3.580515085,-328.8826671,-25.726998145));
#6589=CARTESIAN_POINT('',(8.85387815,-323.567272581,-25.739174954));
#6590=CARTESIAN_POINT('',(8.853878182,-323.909988832,-25.698213569));
#6591=CARTESIAN_POINT('',(8.819885649,-324.252696613,-25.657253197));
#6592=CARTESIAN_POINT('',(8.685218435,-324.924958734,-25.576904547));
#6593=CARTESIAN_POINT('',(8.584547085,-325.254496451,-25.537518257));
#6594=CARTESIAN_POINT('',(8.320387778,-325.887753531,-25.461831482));
#6595=CARTESIAN_POINT('',(8.156906354,-326.191457234,-25.425532868));
#6596=CARTESIAN_POINT('',(7.773406449,-326.761373554,-25.357416567));
#6597=CARTESIAN_POINT('',(7.553397452,-327.027572078,-25.325600564));
#6598=CARTESIAN_POINT('',(7.065294637,-327.512246072,-25.267672409));
#6599=CARTESIAN_POINT('',(6.79721289,-327.730709556,-25.241561689));
#6600=CARTESIAN_POINT('',(6.223264685,-328.111515471,-25.196047827));
#6601=CARTESIAN_POINT('',(5.91741242,-328.273848486,-25.176645811));
#6602=CARTESIAN_POINT('',(5.279675336,-328.536152163,-25.145295314));
#6603=CARTESIAN_POINT('',(4.947806286,-328.63611634,-25.133347609));
#6604=CARTESIAN_POINT('',(4.270788203,-328.769837594,-25.11736526));
#6605=CARTESIAN_POINT('',(3.925655911,-328.803591366,-25.113331011));
#6606=CARTESIAN_POINT('',(3.580515085,-328.803591365,-25.113331007));
#6607=CARTESIAN_POINT('',(8.85387815,-323.52632485,-25.382695636));
#6608=CARTESIAN_POINT('',(8.85387815,-323.869401963,-25.344878044));
#6609=CARTESIAN_POINT('',(8.819885588,-324.212470593,-25.307061386));
#6610=CARTESIAN_POINT('',(8.685218326,-324.885440558,-25.232879509));
#6611=CARTESIAN_POINT('',(8.584546956,-325.215325253,-25.196516125));
#6612=CARTESIAN_POINT('',(8.32038762,-325.849249099,-25.126638325));
#6613=CARTESIAN_POINT('',(8.156906186,-326.153272575,-25.093125638));
#6614=CARTESIAN_POINT('',(7.77340627,-326.723788963,-25.030237279));
#6615=CARTESIAN_POINT('',(7.553397272,-326.990267769,-25.000863163));
#6616=CARTESIAN_POINT('',(7.065294464,-327.475452075,-24.947381011));
#6617=CARTESIAN_POINT('',(6.797212723,-327.694145579,-24.923274297));
#6618=CARTESIAN_POINT('',(6.22326454,-328.075352442,-24.881253639));
#6619=CARTESIAN_POINT('',(5.917412289,-328.237856376,-24.863340734));
#6620=CARTESIAN_POINT('',(5.279675237,-328.50043623,-24.834396402));
#6621=CARTESIAN_POINT('',(4.947806205,-328.600505659,-24.82336569));
#6622=CARTESIAN_POINT('',(4.270788162,-328.734367708,-24.808609997));
#6623=CARTESIAN_POINT('',(3.92565589,-328.768157018,-24.804885382));
#6624=CARTESIAN_POINT('',(3.580515085,-328.768157018,-24.804885382));
#6625=CARTESIAN_POINT('',(8.85387815,-323.418180209,-24.312090097));
#6626=CARTESIAN_POINT('',(8.85387815,-323.762205995,-24.28366413));
#6627=CARTESIAN_POINT('',(8.819885588,-324.106223274,-24.255238865));
#6628=CARTESIAN_POINT('',(8.685218326,-324.781054127,-24.199479324));
#6629=CARTESIAN_POINT('',(8.584546956,-325.111851015,-24.172146426));
#6630=CARTESIAN_POINT('',(8.32038762,-325.747527779,-24.119622087));
#6631=CARTESIAN_POINT('',(8.156906186,-326.052391936,-24.094431944));
#6632=CARTESIAN_POINT('',(7.77340627,-326.624485909,-24.047161288));
#6633=CARTESIAN_POINT('',(7.553397272,-326.891701579,-24.025081943));
#6634=CARTESIAN_POINT('',(7.065294464,-327.37822751,-23.984881554));
#6635=CARTESIAN_POINT('',(6.797212723,-327.597525743,-23.966761504));
#6636=CARTESIAN_POINT('',(6.22326454,-327.979786714,-23.935176261));
#6637=CARTESIAN_POINT('',(5.917412289,-328.142740002,-23.921711849));
#6638=CARTESIAN_POINT('',(5.279675237,-328.406045939,-23.899955556));
#6639=CARTESIAN_POINT('',(4.947806205,-328.506392077,-23.891664212));
#6640=CARTESIAN_POINT('',(4.270788162,-328.64062428,-23.88057295));
#6641=CARTESIAN_POINT('',(3.92565589,-328.674507025,-23.877773305));
#6642=CARTESIAN_POINT('',(3.580515085,-328.674507025,-23.877773305));
#6643=CARTESIAN_POINT('',(8.85387815,-323.365637264,-23.596914));
#6644=CARTESIAN_POINT('',(8.85387815,-323.710117424,-23.574695168));
#6645=CARTESIAN_POINT('',(8.819885588,-324.054589066,-23.552476886));
#6646=CARTESIAN_POINT('',(8.685218326,-324.730311207,-23.508893079));
#6647=CARTESIAN_POINT('',(8.584546956,-325.061544998,-23.487528633));
#6648=CARTESIAN_POINT('',(8.32038762,-325.698061337,-23.446473585));
#6649=CARTESIAN_POINT('',(8.156906186,-326.003328146,-23.426783999));
#6650=CARTESIAN_POINT('',(7.77340627,-326.576177717,-23.389835432));
#6651=CARTESIAN_POINT('',(7.553397272,-326.843746313,-23.372577365));
#6652=CARTESIAN_POINT('',(7.065294464,-327.330914828,-23.341155192));
#6653=CARTESIAN_POINT('',(6.797212723,-327.5505027,-23.326991863));
#6654=CARTESIAN_POINT('',(6.22326454,-327.933268545,-23.30230362));
#6655=CARTESIAN_POINT('',(5.917412289,-328.096437055,-23.291779317));
#6656=CARTESIAN_POINT('',(5.279675237,-328.360090755,-23.274773759));
#6657=CARTESIAN_POINT('',(4.947806205,-328.460569427,-23.268292925));
#6658=CARTESIAN_POINT('',(4.270788162,-328.594978917,-23.259623567));
#6659=CARTESIAN_POINT('',(3.92565589,-328.628906413,-23.257435257));
#6660=CARTESIAN_POINT('',(3.580515085,-328.628906413,-23.257435257));
#6661=CARTESIAN_POINT('',(8.85387815,-323.315584215,-22.522033111));
#6662=CARTESIAN_POINT('',(8.85387815,-323.660494951,-22.509060813));
#6663=CARTESIAN_POINT('',(8.819885588,-324.005397158,-22.496088835));
#6664=CARTESIAN_POINT('',(8.685218326,-324.681963903,-22.470642755));
#6665=CARTESIAN_POINT('',(8.584546956,-325.013611711,-22.458169283));
#6666=CARTESIAN_POINT('',(8.32038762,-325.65092365,-22.434199601));
#6667=CARTESIAN_POINT('',(8.156906186,-325.956572021,-22.422703983));
#6668=CARTESIAN_POINT('',(7.77340627,-326.530137612,-22.401131839));
#6669=CARTESIAN_POINT('',(7.553397272,-326.79804065,-22.391055845));
#6670=CARTESIAN_POINT('',(7.065294464,-327.28581809,-22.372710245));
#6671=CARTESIAN_POINT('',(6.797212723,-327.505680431,-22.364441091));
#6672=CARTESIAN_POINT('',(6.22326454,-327.888924706,-22.350027045));
#6673=CARTESIAN_POINT('',(5.917412289,-328.052297164,-22.343882509));
#6674=CARTESIAN_POINT('',(5.279675237,-328.316280412,-22.333953941));
#6675=CARTESIAN_POINT('',(4.947806205,-328.416884675,-22.330170155));
#6676=CARTESIAN_POINT('',(4.270788162,-328.551462168,-22.325108615));
#6677=CARTESIAN_POINT('',(3.92565589,-328.585432071,-22.323830987));
#6678=CARTESIAN_POINT('',(3.580515085,-328.585432071,-22.323830987));
#6679=CARTESIAN_POINT('',(8.85387815,-323.303709149,-22.163407658));
#6680=CARTESIAN_POINT('',(8.853878181,-323.648721427,-22.153506643));
#6681=CARTESIAN_POINT('',(8.819885647,-323.993725176,-22.143605873));
#6682=CARTESIAN_POINT('',(8.685218431,-324.670491114,-22.124184335));
#6683=CARTESIAN_POINT('',(8.58454708,-325.002236568,-22.114664047));
#6684=CARTESIAN_POINT('',(8.320387772,-325.63973615,-22.09636936));
#6685=CARTESIAN_POINT('',(8.156906347,-325.945474514,-22.087595414));
#6686=CARTESIAN_POINT('',(7.773406442,-326.519208986,-22.071130632));
#6687=CARTESIAN_POINT('',(7.553397444,-326.787190906,-22.063440205));
#6688=CARTESIAN_POINT('',(7.06529463,-327.275111971,-22.049438062));
#6689=CARTESIAN_POINT('',(6.797212883,-327.495039051,-22.043126692));
#6690=CARTESIAN_POINT('',(6.223264679,-327.878396174,-22.032125281));
#6691=CARTESIAN_POINT('',(5.917412415,-328.041816738,-22.027435512));
#6692=CARTESIAN_POINT('',(5.279675332,-328.305877718,-22.019857612));
#6693=CARTESIAN_POINT('',(4.947806283,-328.406511604,-22.016969669));
#6694=CARTESIAN_POINT('',(4.270788202,-328.541128725,-22.013106494));
#6695=CARTESIAN_POINT('',(3.92565591,-328.57510863,-22.012131358));
#6696=CARTESIAN_POINT('',(3.580515085,-328.575108631,-22.012131363));
#6697=CARTESIAN_POINT('',(8.85387815,-323.289509033,-21.448066574));
#6698=CARTESIAN_POINT('',(8.853878181,-323.634642442,-21.444267613));
#6699=CARTESIAN_POINT('',(8.819885647,-323.979767319,-21.440468747));
#6700=CARTESIAN_POINT('',(8.685218431,-324.656770864,-21.433016819));
#6701=CARTESIAN_POINT('',(8.58454708,-324.988632791,-21.429363941));
#6702=CARTESIAN_POINT('',(8.320387772,-325.626356193,-21.422344381));
#6703=CARTESIAN_POINT('',(8.156906348,-325.9322019,-21.418977871));
#6704=CARTESIAN_POINT('',(7.773406443,-326.506137805,-21.412660435));
#6705=CARTESIAN_POINT('',(7.553397445,-326.774213812,-21.409709665));
#6706=CARTESIAN_POINT('',(7.065294631,-327.262306181,-21.404337129));
#6707=CARTESIAN_POINT('',(6.797212884,-327.482310475,-21.401915496));
#6708=CARTESIAN_POINT('',(6.22326468,-327.865802192,-21.397694324));
#6709=CARTESIAN_POINT('',(5.917412415,-328.029280131,-21.39589489));
#6710=CARTESIAN_POINT('',(5.279675332,-328.293433821,-21.3929873));
#6711=CARTESIAN_POINT('',(4.947806283,-328.394103039,-21.391879215));
#6712=CARTESIAN_POINT('',(4.270788202,-328.528767422,-21.390396943));
#6713=CARTESIAN_POINT('',(3.925655911,-328.562759258,-21.390022792));
#6714=CARTESIAN_POINT('',(3.580515085,-328.562759258,-21.390022796));
#6715=CARTESIAN_POINT('',(8.85387815,-323.287164189,-21.091020925));
#6716=CARTESIAN_POINT('',(8.853878263,-323.632317414,-21.090255567));
#6717=CARTESIAN_POINT('',(8.819885801,-323.977462115,-21.089490229));
#6718=CARTESIAN_POINT('',(8.685218706,-324.654504559,-21.08798893));
#6719=CARTESIAN_POINT('',(8.584547403,-324.98638556,-21.087253007));
#6720=CARTESIAN_POINT('',(8.320388169,-325.624145625,-21.08583882));
#6721=CARTESIAN_POINT('',(8.15690677,-325.930008919,-21.085160593));
#6722=CARTESIAN_POINT('',(7.773406892,-326.503977834,-21.083887865));
#6723=CARTESIAN_POINT('',(7.553397897,-326.772069262,-21.083293397));
#6724=CARTESIAN_POINT('',(7.065295066,-327.260189714,-21.082211038));
#6725=CARTESIAN_POINT('',(6.797213301,-327.480206669,-21.081723174));
#6726=CARTESIAN_POINT('',(6.223265045,-327.863720455,-21.080872779));
#6727=CARTESIAN_POINT('',(5.917412746,-328.027207803,-21.080510268));
#6728=CARTESIAN_POINT('',(5.279675582,-328.291376697,-21.079924516));
#6729=CARTESIAN_POINT('',(4.947806486,-328.392051711,-21.079701289));
#6730=CARTESIAN_POINT('',(4.270788306,-328.526723846,-21.079402691));
#6731=CARTESIAN_POINT('',(3.925655963,-328.560717638,-21.079327327));
#6732=CARTESIAN_POINT('',(3.580515085,-328.560717638,-21.079327342));
#6733=CARTESIAN_POINT('',(8.85387815,-323.298796215,-19.30886198));
#6734=CARTESIAN_POINT('',(8.853878264,-323.643850949,-19.323186653));
#6735=CARTESIAN_POINT('',(8.819885802,-323.988897162,-19.337510973));
#6736=CARTESIAN_POINT('',(8.685218708,-324.665746408,-19.365609836));
#6737=CARTESIAN_POINT('',(8.584547406,-324.997532705,-19.379383683));
#6738=CARTESIAN_POINT('',(8.320388172,-325.635110782,-19.405852238));
#6739=CARTESIAN_POINT('',(8.156906773,-325.940886797,-19.418546291));
#6740=CARTESIAN_POINT('',(7.773406895,-326.514691927,-19.442367366));
#6741=CARTESIAN_POINT('',(7.5533979,-326.782706853,-19.453493799));
#6742=CARTESIAN_POINT('',(7.06529507,-327.270688017,-19.473751964));
#6743=CARTESIAN_POINT('',(6.797213304,-327.490642189,-19.482883195));
#6744=CARTESIAN_POINT('',(6.223265047,-327.874046536,-19.498799938));
#6745=CARTESIAN_POINT('',(5.917412748,-328.037487233,-19.505585058));
#6746=CARTESIAN_POINT('',(5.279675584,-328.301580744,-19.516548709));
#6747=CARTESIAN_POINT('',(4.947806488,-328.402227029,-19.520726969));
#6748=CARTESIAN_POINT('',(4.270788307,-328.536860734,-19.526316201));
#6749=CARTESIAN_POINT('',(3.925655963,-328.570844825,-19.527727034));
#6750=CARTESIAN_POINT('',(3.580515085,-328.570844825,-19.527727044));
#6751=CARTESIAN_POINT('',(8.85387815,-323.382524298,-17.89291485));
#6752=CARTESIAN_POINT('',(8.853878182,-323.726873973,-17.91906245));
#6753=CARTESIAN_POINT('',(8.819885649,-324.071215135,-17.945209405));
#6754=CARTESIAN_POINT('',(8.685218435,-324.746681329,-17.99649977));
#6755=CARTESIAN_POINT('',(8.584547085,-325.077789659,-18.021641912));
#6756=CARTESIAN_POINT('',(8.320387778,-325.71406491,-18.069956381));
#6757=CARTESIAN_POINT('',(8.156906354,-326.019216097,-18.093127513));
#6758=CARTESIAN_POINT('',(7.773406449,-326.5918487,-18.136609387));
#6759=CARTESIAN_POINT('',(7.553397452,-326.859315955,-18.156919055));
#6760=CARTESIAN_POINT('',(7.065294637,-327.346299957,-18.193897351));
#6761=CARTESIAN_POINT('',(6.79721289,-327.565804662,-18.210565065));
#6762=CARTESIAN_POINT('',(6.223264685,-327.94842554,-18.239618726));
#6763=CARTESIAN_POINT('',(5.91741242,-328.111532251,-18.252003956));
#6764=CARTESIAN_POINT('',(5.279675336,-328.375086096,-18.272016467));
#6765=CARTESIAN_POINT('',(4.947806286,-328.475526713,-18.279643254));
#6766=CARTESIAN_POINT('',(4.270788203,-328.609885299,-18.289845546));
#6767=CARTESIAN_POINT('',(3.925655911,-328.643799944,-18.292420798));
#6768=CARTESIAN_POINT('',(3.580515085,-328.643799944,-18.2924208));
#6769=CARTESIAN_POINT('',(8.85387815,-323.692756911,-15.079783169));
#6770=CARTESIAN_POINT('',(8.853878182,-324.034529288,-15.129301216));
#6771=CARTESIAN_POINT('',(8.819885649,-324.376293218,-15.17881804));
#6772=CARTESIAN_POINT('',(8.685218436,-325.046703863,-15.275951185));
#6773=CARTESIAN_POINT('',(8.584547085,-325.375334001,-15.323565106));
#6774=CARTESIAN_POINT('',(8.320387778,-326.006847029,-15.415062529));
#6775=CARTESIAN_POINT('',(8.156906354,-326.309714302,-15.45894377));
#6776=CARTESIAN_POINT('',(7.773406449,-326.878061017,-15.541289276));
#6777=CARTESIAN_POINT('',(7.553397452,-327.143526405,-15.579751505));
#6778=CARTESIAN_POINT('',(7.065294637,-327.62686556,-15.649780602));
#6779=CARTESIAN_POINT('',(6.79721289,-327.844727375,-15.681345738));
#6780=CARTESIAN_POINT('',(6.223264685,-328.224484514,-15.736367247));
#6781=CARTESIAN_POINT('',(5.91741242,-328.386370448,-15.759822259));
#6782=CARTESIAN_POINT('',(5.279675336,-328.647951716,-15.797721733));
#6783=CARTESIAN_POINT('',(4.947806286,-328.747640582,-15.812165258));
#6784=CARTESIAN_POINT('',(4.270788203,-328.880993556,-15.831486242));
#6785=CARTESIAN_POINT('',(3.925655911,-328.914654367,-15.836363223));
#6786=CARTESIAN_POINT('',(3.580515085,-328.914654367,-15.836363222));
#6787=CARTESIAN_POINT('',(8.85387815,-323.919278095,-13.682600807));
#6788=CARTESIAN_POINT('',(8.853878229,-324.259177934,-13.743666418));
#6789=CARTESIAN_POINT('',(8.819885737,-324.599069377,-13.804730519));
#6790=CARTESIAN_POINT('',(8.685218591,-325.265806924,-13.924515027));
#6791=CARTESIAN_POINT('',(8.584547268,-325.592636541,-13.98323247));
#6792=CARTESIAN_POINT('',(8.320388003,-326.220689596,-14.096067011));
#6793=CARTESIAN_POINT('',(8.156906593,-326.521897505,-14.150181318));
#6794=CARTESIAN_POINT('',(7.773406704,-327.087130336,-14.251729723));
#6795=CARTESIAN_POINT('',(7.553397708,-327.351141282,-14.29916131));
#6796=CARTESIAN_POINT('',(7.065294884,-327.831832301,-14.385521129));
#6797=CARTESIAN_POINT('',(6.797213127,-328.048500488,-14.424447226));
#6798=CARTESIAN_POINT('',(6.223264892,-328.426177004,-14.4922997));
#6799=CARTESIAN_POINT('',(5.917412608,-328.587175994,-14.521224399));
#6800=CARTESIAN_POINT('',(5.279675477,-328.847324106,-14.567961993));
#6801=CARTESIAN_POINT('',(4.947806401,-328.946466796,-14.585773733));
#6802=CARTESIAN_POINT('',(4.270788263,-329.079089154,-14.609600349));
#6803=CARTESIAN_POINT('',(3.925655941,-329.112565544,-14.615614635));
#6804=CARTESIAN_POINT('',(3.580515085,-329.112565545,-14.615614631));
#6805=CARTESIAN_POINT('',(8.85387815,-324.367024687,-11.601015168));
#6806=CARTESIAN_POINT('',(8.853878229,-324.703209641,-11.67935138));
#6807=CARTESIAN_POINT('',(8.819885736,-325.039386289,-11.757685657));
#6808=CARTESIAN_POINT('',(8.68521859,-325.698836824,-11.911347669));
#6809=CARTESIAN_POINT('',(8.584547267,-326.022094405,-11.986671604));
#6810=CARTESIAN_POINT('',(8.320388002,-326.643283246,-12.131418056));
#6811=CARTESIAN_POINT('',(8.156906592,-326.941199147,-12.200836993));
#6812=CARTESIAN_POINT('',(7.773406702,-327.500254348,-12.331105357));
#6813=CARTESIAN_POINT('',(7.553397706,-327.761379825,-12.391951564));
#6814=CARTESIAN_POINT('',(7.065294883,-328.236817203,-12.502735701));
#6815=CARTESIAN_POINT('',(6.797213125,-328.451117348,-12.552670891));
#6816=CARTESIAN_POINT('',(6.223264891,-328.824666105,-12.639713425));
#6817=CARTESIAN_POINT('',(5.917412606,-328.98390548,-12.676818617));
#6818=CARTESIAN_POINT('',(5.279675476,-329.241210343,-12.736774553));
#6819=CARTESIAN_POINT('',(4.9478064,-329.339269468,-12.759623814));
#6820=CARTESIAN_POINT('',(4.270788262,-329.470442352,-12.790189078));
#6821=CARTESIAN_POINT('',(3.925655941,-329.503552867,-12.797904324));
#6822=CARTESIAN_POINT('',(3.580515085,-329.503552869,-12.797904316));
#6823=CARTESIAN_POINT('',(8.85387815,-324.534322098,-10.909525089));
#6824=CARTESIAN_POINT('',(8.853878207,-324.86911679,-10.993609594));
#6825=CARTESIAN_POINT('',(8.819885696,-325.20390321,-11.07769202));
#6826=CARTESIAN_POINT('',(8.685218518,-325.860626642,-11.242629712));
#6827=CARTESIAN_POINT('',(8.584547182,-326.182547416,-11.323480899));
#6828=CARTESIAN_POINT('',(8.320387898,-326.801167377,-11.478848809));
#6829=CARTESIAN_POINT('',(8.156906481,-327.097851268,-11.553361689));
#6830=CARTESIAN_POINT('',(7.773406585,-327.654594534,-11.693189114));
#6831=CARTESIAN_POINT('',(7.553397588,-327.914640144,-11.758500199));
#6832=CARTESIAN_POINT('',(7.065294769,-328.38811138,-11.877413648));
#6833=CARTESIAN_POINT('',(6.797213016,-328.601525299,-11.93101307));
#6834=CARTESIAN_POINT('',(6.223264796,-328.973529267,-12.024442764));
#6835=CARTESIAN_POINT('',(5.91741252,-329.132110118,-12.064270726));
#6836=CARTESIAN_POINT('',(5.279675411,-329.38835091,-12.128626214));
#6837=CARTESIAN_POINT('',(4.947806347,-329.486004517,-12.153152149));
#6838=CARTESIAN_POINT('',(4.270788235,-329.616634942,-12.185960286));
#6839=CARTESIAN_POINT('',(3.925655927,-329.649608531,-12.194241677));
#6840=CARTESIAN_POINT('',(3.580515085,-329.649608533,-12.19424167));
#6841=CARTESIAN_POINT('',(8.85387815,-324.812960458,-9.875929071));
#6842=CARTESIAN_POINT('',(8.853878207,-325.145429226,-9.968641485));
#6843=CARTESIAN_POINT('',(8.819885695,-325.477889779,-10.061351607));
#6844=CARTESIAN_POINT('',(8.685218518,-326.130050746,-10.24321355));
#6845=CARTESIAN_POINT('',(8.584547182,-326.449735034,-10.332360874));
#6846=CARTESIAN_POINT('',(8.320387897,-327.064057247,-10.50367108));
#6847=CARTESIAN_POINT('',(8.15690648,-327.358679981,-10.585829725));
#6848=CARTESIAN_POINT('',(7.773406584,-327.911555377,-10.740004836));
#6849=CARTESIAN_POINT('',(7.553397587,-328.169794367,-10.81201749));
#6850=CARTESIAN_POINT('',(7.065294768,-328.63997625,-10.943132642));
#6851=CARTESIAN_POINT('',(6.797213015,-328.851907516,-11.002231899));
#6852=CARTESIAN_POINT('',(6.223264795,-329.221327055,-11.10524841));
#6853=CARTESIAN_POINT('',(5.917412519,-329.378806194,-11.149163117));
#6854=CARTESIAN_POINT('',(5.279675411,-329.633266802,-11.220122119));
#6855=CARTESIAN_POINT('',(4.947806347,-329.730241979,-11.247164659));
#6856=CARTESIAN_POINT('',(4.270788235,-329.859964875,-11.283339237));
#6857=CARTESIAN_POINT('',(3.925655927,-329.892709386,-11.29247038));
#6858=CARTESIAN_POINT('',(3.580515085,-329.892709388,-11.292470372));
#6859=CARTESIAN_POINT('',(8.85387815,-324.910459862,-9.532004184));
#6860=CARTESIAN_POINT('',(8.853878156,-325.242113136,-9.627593455));
#6861=CARTESIAN_POINT('',(8.8198856,-325.57375821,-9.723180363));
#6862=CARTESIAN_POINT('',(8.685218347,-326.224319511,-9.910685464));
#6863=CARTESIAN_POINT('',(8.584546981,-326.543219652,-10.002599021));
#6864=CARTESIAN_POINT('',(8.32038765,-327.156034999,-10.179224964));
#6865=CARTESIAN_POINT('',(8.156906218,-327.449935052,-10.263932983));
#6866=CARTESIAN_POINT('',(7.773406305,-328.001454295,-10.422892132));
#6867=CARTESIAN_POINT('',(7.553397306,-328.259059847,-10.497139332));
#6868=CARTESIAN_POINT('',(7.065294497,-328.72808841,-10.632322976));
#6869=CARTESIAN_POINT('',(6.797212755,-328.939499823,-10.693256077));
#6870=CARTESIAN_POINT('',(6.223264568,-329.308013201,-10.799469185));
#6871=CARTESIAN_POINT('',(5.917412314,-329.465106053,-10.844746564));
#6872=CARTESIAN_POINT('',(5.279675256,-329.718942483,-10.917907424));
#6873=CARTESIAN_POINT('',(4.947806221,-329.815679784,-10.945789096));
#6874=CARTESIAN_POINT('',(4.27078817,-329.945084474,-10.983086178));
#6875=CARTESIAN_POINT('',(3.925655894,-329.977748663,-10.992500666));
#6876=CARTESIAN_POINT('',(3.580515085,-329.977748664,-10.992500665));
#6877=CARTESIAN_POINT('',(8.85387815,-325.114845759,-8.845387988));
#6878=CARTESIAN_POINT('',(8.853878156,-325.444784895,-8.946735754));
#6879=CARTESIAN_POINT('',(8.8198856,-325.774715873,-9.048081014));
#6880=CARTESIAN_POINT('',(8.685218347,-326.421914771,-9.246881809));
#6881=CARTESIAN_POINT('',(8.584546981,-326.739166687,-9.344332428));
#6882=CARTESIAN_POINT('',(8.32038765,-327.34881472,-9.531598681));
#6883=CARTESIAN_POINT('',(8.156906218,-327.641195761,-9.621409686));
#6884=CARTESIAN_POINT('',(7.773406304,-328.189864496,-9.789944862));
#6885=CARTESIAN_POINT('',(7.553397306,-328.446138623,-9.868664866));
#6886=CARTESIAN_POINT('',(7.065294497,-328.912743028,-10.011992251));
#6887=CARTESIAN_POINT('',(6.797212755,-329.123061769,-10.076596089));
#6888=CARTESIAN_POINT('',(6.223264568,-329.489670498,-10.189207692));
#6889=CARTESIAN_POINT('',(5.917412314,-329.645951422,-10.237212674));
#6890=CARTESIAN_POINT('',(5.279675256,-329.898475907,-10.314780895));
#6891=CARTESIAN_POINT('',(4.947806221,-329.994713225,-10.344342216));
#6892=CARTESIAN_POINT('',(4.27078817,-330.123449091,-10.383886151));
#6893=CARTESIAN_POINT('',(3.925655894,-330.155944457,-10.393867787));
#6894=CARTESIAN_POINT('',(3.580515085,-330.155944457,-10.393867786));
#6895=CARTESIAN_POINT('',(8.85387815,-325.221749656,-8.502705105));
#6896=CARTESIAN_POINT('',(8.853878202,-325.550789991,-8.606934458));
#6897=CARTESIAN_POINT('',(8.819885686,-325.879822195,-8.711161237));
#6898=CARTESIAN_POINT('',(8.685218502,-326.525258045,-8.915614477));
#6899=CARTESIAN_POINT('',(8.584547163,-326.841645732,-9.015835883));
#6900=CARTESIAN_POINT('',(8.320387874,-327.44963302,-9.208426631));
#6901=CARTESIAN_POINT('',(8.156906455,-327.741217587,-9.300791211));
#6902=CARTESIAN_POINT('',(7.773406557,-328.288391699,-9.474118312));
#6903=CARTESIAN_POINT('',(7.55339756,-328.543967712,-9.555076547));
#6904=CARTESIAN_POINT('',(7.065294742,-329.009301048,-9.702479135));
#6905=CARTESIAN_POINT('',(6.79721299,-329.219046864,-9.768919844));
#6906=CARTESIAN_POINT('',(6.223264773,-329.584656921,-9.88473332));
#6907=CARTESIAN_POINT('',(5.9174125,-329.740512123,-9.934103224));
#6908=CARTESIAN_POINT('',(5.279675396,-329.992348711,-10.01387694));
#6909=CARTESIAN_POINT('',(4.947806335,-330.08832387,-10.044278781));
#6910=CARTESIAN_POINT('',(4.270788228,-330.216709046,-10.084947077));
#6911=CARTESIAN_POINT('',(3.925655924,-330.24911589,-10.095212528));
#6912=CARTESIAN_POINT('',(3.580515085,-330.249115887,-10.095212537));
#6913=CARTESIAN_POINT('',(8.85387815,-325.776637799,-6.802744933));
#6914=CARTESIAN_POINT('',(8.853878203,-326.100997493,-6.921313941));
#6915=CARTESIAN_POINT('',(8.819885687,-326.42534917,-7.03988002));
#6916=CARTESIAN_POINT('',(8.685218503,-327.061603612,-7.272461506));
#6917=CARTESIAN_POINT('',(8.584547164,-327.373490643,-7.386471161));
#6918=CARTESIAN_POINT('',(8.320387875,-327.972829234,-7.605558136));
#6919=CARTESIAN_POINT('',(8.156906457,-328.260265973,-7.710630039));
#6920=CARTESIAN_POINT('',(7.773406559,-328.799656462,-7.907803114));
#6921=CARTESIAN_POINT('',(7.553397562,-329.051596874,-7.99989941));
#6922=CARTESIAN_POINT('',(7.065294744,-329.510310783,-8.167581331));
#6923=CARTESIAN_POINT('',(6.797212992,-329.717072938,-8.243162811));
#6924=CARTESIAN_POINT('',(6.223264775,-330.077482146,-8.374909656));
#6925=CARTESIAN_POINT('',(5.917412501,-330.231120287,-8.431071764));
#6926=CARTESIAN_POINT('',(5.279675397,-330.479374468,-8.521820574));
#6927=CARTESIAN_POINT('',(4.947806336,-330.573984368,-8.556405032));
#6928=CARTESIAN_POINT('',(4.270788229,-330.700543249,-8.602668381));
#6929=CARTESIAN_POINT('',(3.925655924,-330.732489101,-8.614346127));
#6930=CARTESIAN_POINT('',(3.580515085,-330.732489099,-8.614346133));
#6931=CARTESIAN_POINT('',(8.85387815,-326.287871594,-5.47734376));
#6932=CARTESIAN_POINT('',(8.853878484,-326.607873829,-5.607239156));
#6933=CARTESIAN_POINT('',(8.819886215,-326.927868181,-5.737131356));
#6934=CARTESIAN_POINT('',(8.685219445,-327.555575247,-5.991930394));
#6935=CARTESIAN_POINT('',(8.584548273,-327.863272439,-6.116830933));
#6936=CARTESIAN_POINT('',(8.320389238,-328.45455964,-6.356846422));
#6937=CARTESIAN_POINT('',(8.156907906,-328.738135027,-6.471955437));
#6938=CARTESIAN_POINT('',(7.773408101,-329.270279499,-6.687963704));
#6939=CARTESIAN_POINT('',(7.553399112,-329.518835425,-6.788857614));
#6940=CARTESIAN_POINT('',(7.065296239,-329.971387129,-6.972557573));
#6941=CARTESIAN_POINT('',(6.797214425,-330.175371717,-7.055359078));
#6942=CARTESIAN_POINT('',(6.223266027,-330.530939324,-7.199691233));
#6943=CARTESIAN_POINT('',(5.917413635,-330.682513551,-7.261218314));
#6944=CARTESIAN_POINT('',(5.279676253,-330.927432781,-7.360636055));
#6945=CARTESIAN_POINT('',(4.947807033,-331.020771727,-7.398524257));
#6946=CARTESIAN_POINT('',(4.270788588,-331.145630459,-7.449207011));
#6947=CARTESIAN_POINT('',(3.925656104,-331.177147157,-7.46200031));
#6948=CARTESIAN_POINT('',(3.580515085,-331.177147145,-7.462000337));
#6949=CARTESIAN_POINT('',(8.85387815,-327.444827013,-2.895593847));
#6950=CARTESIAN_POINT('',(8.853878486,-327.754748264,-3.047984997));
#6951=CARTESIAN_POINT('',(8.819886218,-328.064661881,-3.200372393));
#6952=CARTESIAN_POINT('',(8.685219449,-328.672594384,-3.499298437));
#6953=CARTESIAN_POINT('',(8.584548278,-328.970598238,-3.645829694));
#6954=CARTESIAN_POINT('',(8.320389244,-329.54325821,-3.92741191));
#6955=CARTESIAN_POINT('',(8.156907912,-329.817900167,-4.062455907));
#6956=CARTESIAN_POINT('',(7.773408108,-330.333280577,-4.315873235));
#6957=CARTESIAN_POINT('',(7.553399119,-330.574006287,-4.4342403));
#6958=CARTESIAN_POINT('',(7.065296246,-331.012301332,-4.649754042));
#6959=CARTESIAN_POINT('',(6.797214432,-331.20985983,-4.74689539));
#6960=CARTESIAN_POINT('',(6.223266033,-331.554226056,-4.916223464));
#6961=CARTESIAN_POINT('',(5.91741364,-331.701025269,-4.988406002));
#6962=CARTESIAN_POINT('',(5.279676257,-331.938228859,-5.105041216));
#6963=CARTESIAN_POINT('',(4.947807036,-332.02862737,-5.149491007));
#6964=CARTESIAN_POINT('',(4.270788589,-332.149552712,-5.20895113));
#6965=CARTESIAN_POINT('',(3.925656104,-332.180076552,-5.223959992));
#6966=CARTESIAN_POINT('',(3.580515085,-332.180076549,-5.223959997));
#6967=CARTESIAN_POINT('',(8.85387815,-328.090542652,-1.639242033));
#6968=CARTESIAN_POINT('',(8.853878152,-328.394740136,-1.802802915));
#6969=CARTESIAN_POINT('',(8.819885592,-328.698930099,-1.966359753));
#6970=CARTESIAN_POINT('',(8.685218334,-329.295634928,-2.287195965));
#6971=CARTESIAN_POINT('',(8.584546966,-329.588135041,-2.444467405));
#6972=CARTESIAN_POINT('',(8.320387632,-330.150218701,-2.746688509));
#6973=CARTESIAN_POINT('',(8.156906198,-330.419788349,-2.891630699));
#6974=CARTESIAN_POINT('',(7.773406283,-330.925650279,-3.163622506));
#6975=CARTESIAN_POINT('',(7.553397285,-331.161930052,-3.290665398));
#6976=CARTESIAN_POINT('',(7.065294477,-331.592130261,-3.521975417));
#6977=CARTESIAN_POINT('',(6.797212736,-331.786040059,-3.626236824));
#6978=CARTESIAN_POINT('',(6.223264551,-332.124046195,-3.807975939));
#6979=CARTESIAN_POINT('',(5.917412298,-332.268134174,-3.885449154));
#6980=CARTESIAN_POINT('',(5.279675244,-332.500956849,-4.010633234));
#6981=CARTESIAN_POINT('',(4.947806211,-332.589685789,-4.058341004));
#6982=CARTESIAN_POINT('',(4.270788165,-332.708377759,-4.122159294));
#6983=CARTESIAN_POINT('',(3.925655892,-332.738337856,-4.138268237));
#6984=CARTESIAN_POINT('',(3.580515085,-332.738337856,-4.138268237));
#6985=CARTESIAN_POINT('',(8.85387815,-329.522625024,0.801244653));
#6986=CARTESIAN_POINT('',(8.853878152,-329.813777466,0.615453031));
#6987=CARTESIAN_POINT('',(8.819885592,-330.104922709,0.429666003));
#6988=CARTESIAN_POINT('',(8.685218334,-330.67603877,0.065222627));
#6989=CARTESIAN_POINT('',(8.584546966,-330.955995465,-0.113424709));
#6990=CARTESIAN_POINT('',(8.320387632,-331.493975031,-0.456722863));
#6991=CARTESIAN_POINT('',(8.156906198,-331.751984599,-0.621365192));
#6992=CARTESIAN_POINT('',(7.773406283,-332.236153417,-0.930325368));
#6993=CARTESIAN_POINT('',(7.553397285,-332.462300695,-1.074635576));
#6994=CARTESIAN_POINT('',(7.065294477,-332.87405243,-1.337384608));
#6995=CARTESIAN_POINT('',(6.797212736,-333.059646704,-1.455816935));
#6996=CARTESIAN_POINT('',(6.223264551,-333.383157966,-1.662257524));
#6997=CARTESIAN_POINT('',(5.917412298,-333.521066954,-1.750260682));
#6998=CARTESIAN_POINT('',(5.279675244,-333.743905387,-1.892459434));
#6999=CARTESIAN_POINT('',(4.947806211,-333.828829323,-1.946651511));
#7000=CARTESIAN_POINT('',(4.270788165,-333.942431371,-2.019143805));
#7001=CARTESIAN_POINT('',(3.925655892,-333.971106675,-2.03744223));
#7002=CARTESIAN_POINT('',(3.580515085,-333.971106675,-2.03744223));
#7003=CARTESIAN_POINT('',(8.85387815,-330.308940765,1.985405706));
#7004=CARTESIAN_POINT('',(8.853878155,-330.592771664,1.788552211));
#7005=CARTESIAN_POINT('',(8.819885599,-330.876595544,1.591703584));
#7006=CARTESIAN_POINT('',(8.685218345,-331.43334988,1.205561563));
#7007=CARTESIAN_POINT('',(8.584546978,-331.706266569,1.016277718));
#7008=CARTESIAN_POINT('',(8.320387647,-332.230717688,0.652539888));
#7009=CARTESIAN_POINT('',(8.156906215,-332.482239149,0.478094897));
#7010=CARTESIAN_POINT('',(7.773406301,-332.954232687,0.150739498));
#7011=CARTESIAN_POINT('',(7.553397303,-333.174693092,-0.002162816));
#7012=CARTESIAN_POINT('',(7.065294494,-333.576090602,-0.280555699));
#7013=CARTESIAN_POINT('',(6.797212752,-333.757017781,-0.406039385));
#7014=CARTESIAN_POINT('',(6.223264565,-334.072393782,-0.624771269));
#7015=CARTESIAN_POINT('',(5.917412311,-334.206834805,-0.71801406));
#7016=CARTESIAN_POINT('',(5.279675254,-334.424069572,-0.868679202));
#7017=CARTESIAN_POINT('',(4.947806219,-334.506857946,-0.926097828));
#7018=CARTESIAN_POINT('',(4.270788169,-334.61760327,-1.002906251));
#7019=CARTESIAN_POINT('',(3.925655894,-334.645557483,-1.022294148));
#7020=CARTESIAN_POINT('',(3.580515085,-334.645557484,-1.022294148));
#7021=CARTESIAN_POINT('',(8.85387815,-331.388095522,3.416182531));
#7022=CARTESIAN_POINT('',(8.853878155,-331.661575685,3.205605711));
#7023=CARTESIAN_POINT('',(8.819885598,-331.935049087,2.995034099));
#7024=CARTESIAN_POINT('',(8.685218345,-332.471499728,2.581972809));
#7025=CARTESIAN_POINT('',(8.584546978,-332.734463701,2.379493345));
#7026=CARTESIAN_POINT('',(8.320387647,-333.239789156,1.990398117));
#7027=CARTESIAN_POINT('',(8.156906215,-333.482138142,1.803791974));
#7028=CARTESIAN_POINT('',(7.773406301,-333.936919038,1.45361552));
#7029=CARTESIAN_POINT('',(7.553397303,-334.149339701,1.290053868));
#7030=CARTESIAN_POINT('',(7.065294493,-334.536099062,0.992253273));
#7031=CARTESIAN_POINT('',(6.797212752,-334.710428196,0.858021694));
#7032=CARTESIAN_POINT('',(6.223264565,-335.014303076,0.624041269));
#7033=CARTESIAN_POINT('',(5.917412311,-335.143841309,0.524298207));
#7034=CARTESIAN_POINT('',(5.279675254,-335.353153968,0.363129688));
#7035=CARTESIAN_POINT('',(4.947806219,-335.432923218,0.301708214));
#7036=CARTESIAN_POINT('',(4.270788169,-335.539629887,0.219545216));
#7037=CARTESIAN_POINT('',(3.925655894,-335.566564667,0.198805723));
#7038=CARTESIAN_POINT('',(3.580515085,-335.566564668,0.198805724));
#7039=CARTESIAN_POINT('',(8.85387815,-331.608998603,3.700126468));
#7040=CARTESIAN_POINT('',(8.853878368,-331.880346207,3.486807768));
#7041=CARTESIAN_POINT('',(8.819885998,-332.151687116,3.273494327));
#7042=CARTESIAN_POINT('',(8.685219057,-332.683954637,2.855054588));
#7043=CARTESIAN_POINT('',(8.584547817,-332.944868087,2.649938637));
#7044=CARTESIAN_POINT('',(8.320388677,-333.446253161,2.255776974));
#7045=CARTESIAN_POINT('',(8.15690731,-333.686712388,2.066741009));
#7046=CARTESIAN_POINT('',(7.773407467,-334.137947053,1.712004847));
#7047=CARTESIAN_POINT('',(7.553398474,-334.348711334,1.546313421));
#7048=CARTESIAN_POINT('',(7.065295624,-334.732454882,1.244635082));
#7049=CARTESIAN_POINT('',(6.797213836,-334.905424659,1.108655629));
#7050=CARTESIAN_POINT('',(6.223265512,-335.206930027,0.871628452));
#7051=CARTESIAN_POINT('',(5.917413168,-335.335458163,0.770586589));
#7052=CARTESIAN_POINT('',(5.279675901,-335.54313866,0.607319403));
#7053=CARTESIAN_POINT('',(4.947806746,-335.622285886,0.545098117));
#7054=CARTESIAN_POINT('',(4.27078844,-335.728160462,0.461865193));
#7055=CARTESIAN_POINT('',(3.92565603,-335.754885192,0.440855613));
#7056=CARTESIAN_POINT('',(3.580515085,-335.754885167,0.440855581));
#7057=CARTESIAN_POINT('',(8.85387815,-332.057320827,4.25871712));
#7058=CARTESIAN_POINT('',(8.853878369,-332.32431068,4.039968845));
#7059=CARTESIAN_POINT('',(8.819885999,-332.591293945,3.821225962));
#7060=CARTESIAN_POINT('',(8.68521906,-333.115013429,3.392135727));
#7061=CARTESIAN_POINT('',(8.58454782,-333.371736698,3.181798984));
#7062=CARTESIAN_POINT('',(8.320388681,-333.865069698,2.777604774));
#7063=CARTESIAN_POINT('',(8.156907314,-334.101667231,2.583757301));
#7064=CARTESIAN_POINT('',(7.773407471,-334.545655221,2.219992086));
#7065=CARTESIAN_POINT('',(7.553398479,-334.7530347,2.050083338));
#7066=CARTESIAN_POINT('',(7.065295628,-335.130615458,1.740726422));
#7067=CARTESIAN_POINT('',(6.79721384,-335.3008074,1.601285903));
#7068=CARTESIAN_POINT('',(6.223265515,-335.597470696,1.358225709));
#7069=CARTESIAN_POINT('',(5.917413171,-335.723934715,1.254612044));
#7070=CARTESIAN_POINT('',(5.279675903,-335.928279937,1.087189245));
#7071=CARTESIAN_POINT('',(4.947806748,-336.006156087,1.023384252));
#7072=CARTESIAN_POINT('',(4.270788441,-336.110330356,0.938032819));
#7073=CARTESIAN_POINT('',(3.92565603,-336.136625898,0.91648849));
#7074=CARTESIAN_POINT('',(3.580515085,-336.136625875,0.916488462));
#7075=CARTESIAN_POINT('',(8.85387815,-332.285106288,4.53386878));
#7076=CARTESIAN_POINT('',(8.85387815,-332.549867466,4.312428014));
#7077=CARTESIAN_POINT('',(8.819885588,-332.814622097,4.090992723));
#7078=CARTESIAN_POINT('',(8.685218326,-333.333969828,3.656621034));
#7079=CARTESIAN_POINT('',(8.584546956,-333.588550087,3.443695377));
#7080=CARTESIAN_POINT('',(8.32038762,-334.077764953,3.034526194));
#7081=CARTESIAN_POINT('',(8.156906186,-334.312387463,2.838292784));
#7082=CARTESIAN_POINT('',(7.77340627,-334.752669211,2.470050248));
#7083=CARTESIAN_POINT('',(7.553397272,-334.958317561,2.298050226));
#7084=CARTESIAN_POINT('',(7.065294464,-335.332746409,1.984885691));
#7085=CARTESIAN_POINT('',(6.797212723,-335.501517648,1.843728921));
#7086=CARTESIAN_POINT('',(6.22326454,-335.795704506,1.597677124));
#7087=CARTESIAN_POINT('',(5.917412289,-335.921112851,1.492788182));
#7088=CARTESIAN_POINT('',(5.279675237,-336.123752283,1.323304757));
#7089=CARTESIAN_POINT('',(4.947806205,-336.20097836,1.258714465));
#7090=CARTESIAN_POINT('',(4.270788162,-336.304283047,1.172312564));
#7091=CARTESIAN_POINT('',(3.92565589,-336.330359102,1.150503091));
#7092=CARTESIAN_POINT('',(3.580515085,-336.330359102,1.150503091));
#7093=CARTESIAN_POINT('',(8.85387815,-332.979304764,5.346928154));
#7094=CARTESIAN_POINT('',(8.85387815,-333.237228924,5.117479734));
#7095=CARTESIAN_POINT('',(8.819885588,-333.495146707,4.888036987));
#7096=CARTESIAN_POINT('',(8.685218326,-334.001083147,4.437957721));
#7097=CARTESIAN_POINT('',(8.584546956,-334.249089294,4.21733233));
#7098=CARTESIAN_POINT('',(8.32038762,-334.725670999,3.793366932));
#7099=CARTESIAN_POINT('',(8.156906186,-334.954234773,3.590037407));
#7100=CARTESIAN_POINT('',(7.77340627,-335.383146976,3.208478629));
#7101=CARTESIAN_POINT('',(7.553397272,-335.583484799,3.030258811));
#7102=CARTESIAN_POINT('',(7.065294464,-335.948244645,2.705769743));
#7103=CARTESIAN_POINT('',(6.797212723,-336.112657647,2.559508517));
#7104=CARTESIAN_POINT('',(6.22326454,-336.399247619,2.304559093));
#7105=CARTESIAN_POINT('',(5.917412289,-336.521417502,2.195877198));
#7106=CARTESIAN_POINT('',(5.279675237,-336.718824107,2.02026498));
#7107=CARTESIAN_POINT('',(4.947806205,-336.79405595,1.953338999));
#7108=CARTESIAN_POINT('',(4.270788162,-336.894692965,1.863812667));
#7109=CARTESIAN_POINT('',(3.92565589,-336.920095649,1.841214529));
#7110=CARTESIAN_POINT('',(3.580515085,-336.920095649,1.841214529));
#7111=CARTESIAN_POINT('',(8.85387815,-333.456560224,5.872439856));
#7112=CARTESIAN_POINT('',(8.85387815,-333.709724423,5.637746084));
#7113=CARTESIAN_POINT('',(8.819885588,-333.962882363,5.403058115));
#7114=CARTESIAN_POINT('',(8.685218326,-334.459481803,4.94268972));
#7115=CARTESIAN_POINT('',(8.584546956,-334.702911024,4.717020677));
#7116=CARTESIAN_POINT('',(8.32038762,-335.170697468,4.283363132));
#7117=CARTESIAN_POINT('',(8.156906186,-335.395043124,4.075385351));
#7118=CARTESIAN_POINT('',(7.77340627,-335.816039801,3.685103871));
#7119=CARTESIAN_POINT('',(7.553397272,-336.012680413,3.502809822));
#7120=CARTESIAN_POINT('',(7.065294464,-336.370708657,3.170902706));
#7121=CARTESIAN_POINT('',(6.797212723,-336.532087436,3.021297846));
#7122=CARTESIAN_POINT('',(6.22326454,-336.813388423,2.760520099));
#7123=CARTESIAN_POINT('',(5.917412289,-336.933303674,2.649353659));
#7124=CARTESIAN_POINT('',(5.279675237,-337.127067163,2.469726822));
#7125=CARTESIAN_POINT('',(4.947806205,-337.20091061,2.401270867));
#7126=CARTESIAN_POINT('',(4.270788162,-337.299690381,2.309697899));
#7127=CARTESIAN_POINT('',(3.92565589,-337.324624261,2.286583152));
#7128=CARTESIAN_POINT('',(3.580515085,-337.324624261,2.286583152));
#7129=CARTESIAN_POINT('',(8.85387815,-334.931871729,7.399190453));
#7130=CARTESIAN_POINT('',(8.85387815,-335.170133406,7.149074559));
#7131=CARTESIAN_POINT('',(8.819885588,-335.408389192,6.898964849));
#7132=CARTESIAN_POINT('',(8.685218326,-335.875756285,6.408344874));
#7133=CARTESIAN_POINT('',(8.584546956,-336.104856035,6.16784674));
#7134=CARTESIAN_POINT('',(8.32038762,-336.54510621,5.705692829));
#7135=CARTESIAN_POINT('',(8.156906186,-336.756245748,5.48404848));
#7136=CARTESIAN_POINT('',(7.77340627,-337.152460438,5.068120949));
#7137=CARTESIAN_POINT('',(7.553397272,-337.337525791,4.873848051));
#7138=CARTESIAN_POINT('',(7.065294464,-337.674478687,4.520130761));
#7139=CARTESIAN_POINT('',(6.797212723,-337.826357898,4.360695115));
#7140=CARTESIAN_POINT('',(6.22326454,-338.091100089,4.082781224));
#7141=CARTESIAN_POINT('',(5.917412289,-338.203956524,3.964309851));
#7142=CARTESIAN_POINT('',(5.279675237,-338.386314117,3.772879433));
#7143=CARTESIAN_POINT('',(4.947806205,-338.455810767,3.699925122));
#7144=CARTESIAN_POINT('',(4.270788162,-338.548775862,3.602334741));
#7145=CARTESIAN_POINT('',(3.92565589,-338.572242008,3.577701085));
#7146=CARTESIAN_POINT('',(3.580515085,-338.572242008,3.577701085));
#7147=CARTESIAN_POINT('',(8.85387815,-335.973334902,8.350802605));
#7148=CARTESIAN_POINT('',(8.85387815,-336.200828939,8.090820806));
#7149=CARTESIAN_POINT('',(8.819885588,-336.428317351,7.830845435));
#7150=CARTESIAN_POINT('',(8.685218326,-336.874562957,7.320872791));
#7151=CARTESIAN_POINT('',(8.584546956,-337.093309116,7.070888128));
#7152=CARTESIAN_POINT('',(8.32038762,-337.513663285,6.590504402));
#7153=CARTESIAN_POINT('',(8.156906186,-337.7152609,6.360117217));
#7154=CARTESIAN_POINT('',(7.77340627,-338.093569658,5.927783285));
#7155=CARTESIAN_POINT('',(7.553397272,-338.270271445,5.725847229));
#7156=CARTESIAN_POINT('',(7.065294464,-338.591996598,5.358177442));
#7157=CARTESIAN_POINT('',(6.797212723,-338.737012007,5.192452804));
#7158=CARTESIAN_POINT('',(6.22326454,-338.989789837,4.903576506));
#7159=CARTESIAN_POINT('',(5.917412289,-339.097546008,4.78043199));
#7160=CARTESIAN_POINT('',(5.279675237,-339.271662406,4.581450536));
#7161=CARTESIAN_POINT('',(4.947806205,-339.338018328,4.505618517));
#7162=CARTESIAN_POINT('',(4.270788162,-339.426782097,4.404178651));
#7163=CARTESIAN_POINT('',(3.92565589,-339.44918775,4.378573312));
#7164=CARTESIAN_POINT('',(3.580515085,-339.44918775,4.378573312));
#7165=CARTESIAN_POINT('',(8.85387815,-338.176340387,10.11674217));
#7166=CARTESIAN_POINT('',(8.85387815,-338.380588654,9.838126452));
#7167=CARTESIAN_POINT('',(8.819885588,-338.584831871,9.559517624));
#7168=CARTESIAN_POINT('',(8.685218326,-338.98547926,9.012993235));
#7169=CARTESIAN_POINT('',(8.584546956,-339.181873524,8.745091188));
#7170=CARTESIAN_POINT('',(8.32038762,-339.559275112,8.23027647));
#7171=CARTESIAN_POINT('',(8.156906186,-339.740273103,7.983376529));
#7172=CARTESIAN_POINT('',(7.77340627,-340.079925558,7.520055524));
#7173=CARTESIAN_POINT('',(7.553397272,-340.238571624,7.303645916));
#7174=CARTESIAN_POINT('',(7.065294464,-340.527422294,6.909623789));
#7175=CARTESIAN_POINT('',(6.797212723,-340.657619756,6.732021014));
#7176=CARTESIAN_POINT('',(6.22326454,-340.884568271,6.422439816));
#7177=CARTESIAN_POINT('',(5.917412289,-340.981313712,6.290469048));
#7178=CARTESIAN_POINT('',(5.279675237,-341.137638568,6.07722581));
#7179=CARTESIAN_POINT('',(4.947806205,-341.197214117,5.995958612));
#7180=CARTESIAN_POINT('',(4.270788162,-341.276907838,5.887248152));
#7181=CARTESIAN_POINT('',(3.92565589,-341.297024039,5.859807578));
#7182=CARTESIAN_POINT('',(3.580515085,-341.297024039,5.859807578));
#7183=CARTESIAN_POINT('',(8.85387815,-339.337856855,10.931099129));
#7184=CARTESIAN_POINT('',(8.853878216,-339.529625724,10.643716511));
#7185=CARTESIAN_POINT('',(8.819885711,-339.721389855,10.356340994));
#7186=CARTESIAN_POINT('',(8.685218546,-340.097558038,9.792619694));
#7187=CARTESIAN_POINT('',(8.584547215,-340.281952788,9.51628785));
#7188=CARTESIAN_POINT('',(8.320387938,-340.636295481,8.985273985));
#7189=CARTESIAN_POINT('',(8.156906524,-340.806234661,8.730605094));
#7190=CARTESIAN_POINT('',(7.773406631,-341.125134669,8.252705234));
#7191=CARTESIAN_POINT('',(7.553397634,-341.27408761,8.029486081));
#7192=CARTESIAN_POINT('',(7.065294813,-341.545289782,7.623065654));
#7193=CARTESIAN_POINT('',(6.797213058,-341.667532305,7.439874428));
#7194=CARTESIAN_POINT('',(6.223264833,-341.88061449,7.120551946));
#7195=CARTESIAN_POINT('',(5.917412554,-341.971448883,6.984428585));
#7196=CARTESIAN_POINT('',(5.279675437,-342.118222451,6.764475436));
#7197=CARTESIAN_POINT('',(4.947806368,-342.174157997,6.680651086));
#7198=CARTESIAN_POINT('',(4.270788246,-342.248982521,6.568519947));
#7199=CARTESIAN_POINT('',(3.925655932,-342.267869648,6.540215931));
#7200=CARTESIAN_POINT('',(3.580515085,-342.267869655,6.540215936));
#7201=CARTESIAN_POINT('',(8.85387815,-340.870387025,11.856856973));
#7202=CARTESIAN_POINT('',(8.853878215,-341.04551623,11.559422809));
#7203=CARTESIAN_POINT('',(8.81988571,-341.220641108,11.261995993));
#7204=CARTESIAN_POINT('',(8.685218544,-341.564169416,10.678557875));
#7205=CARTESIAN_POINT('',(8.584547213,-341.732564351,10.392560999));
#7206=CARTESIAN_POINT('',(8.320387935,-342.056160954,9.842974297));
#7207=CARTESIAN_POINT('',(8.156906521,-342.211354621,9.579398061));
#7208=CARTESIAN_POINT('',(7.773406627,-342.502583879,9.08478309));
#7209=CARTESIAN_POINT('',(7.55339763,-342.63861227,8.853756584));
#7210=CARTESIAN_POINT('',(7.06529481,-342.886282406,8.433121124));
#7211=CARTESIAN_POINT('',(6.797213055,-342.997918025,8.24352257));
#7212=CARTESIAN_POINT('',(6.22326483,-343.19251121,7.913031408));
#7213=CARTESIAN_POINT('',(5.917412551,-343.275463963,7.772146973));
#7214=CARTESIAN_POINT('',(5.279675435,-343.409502088,7.544500705));
#7215=CARTESIAN_POINT('',(4.947806366,-343.460584146,7.4577445));
#7216=CARTESIAN_POINT('',(4.270788245,-343.528916201,7.341691445));
#7217=CARTESIAN_POINT('',(3.925655932,-343.546164508,7.312397464));
#7218=CARTESIAN_POINT('',(3.580515085,-343.546164519,7.31239747));
#7219=CARTESIAN_POINT('',(8.85387815,-341.181567956,12.037732273));
#7220=CARTESIAN_POINT('',(8.853878266,-341.35331066,11.738329509));
#7221=CARTESIAN_POINT('',(8.819885805,-341.52504912,11.438934137));
#7222=CARTESIAN_POINT('',(8.685218714,-341.861934564,10.851634451));
#7223=CARTESIAN_POINT('',(8.584547412,-342.027073217,10.563744659));
#7224=CARTESIAN_POINT('',(8.32038818,-342.344412373,10.010520422));
#7225=CARTESIAN_POINT('',(8.156906781,-342.49660503,9.745199657));
#7226=CARTESIAN_POINT('',(7.773406904,-342.782202728,9.247310975));
#7227=CARTESIAN_POINT('',(7.553397909,-342.915600707,9.014755369));
#7228=CARTESIAN_POINT('',(7.065295079,-343.158481582,8.591335834));
#7229=CARTESIAN_POINT('',(6.797213313,-343.267958472,8.400482374));
#7230=CARTESIAN_POINT('',(6.223265055,-343.458788745,8.067803767));
#7231=CARTESIAN_POINT('',(5.917412755,-343.540137409,7.925986846));
#7232=CARTESIAN_POINT('',(5.279675589,-343.671583577,7.696833826));
#7233=CARTESIAN_POINT('',(4.947806492,-343.72167783,7.609503392));
#7234=CARTESIAN_POINT('',(4.270788309,-343.788688486,7.492682183));
#7235=CARTESIAN_POINT('',(3.925655964,-343.805603233,7.463194297));
#7236=CARTESIAN_POINT('',(3.580515085,-343.805603215,7.463194286));
#7237=CARTESIAN_POINT('',(8.85387815,-341.808996638,12.388233426));
#7238=CARTESIAN_POINT('',(8.853878266,-341.973899798,12.085009881));
#7239=CARTESIAN_POINT('',(8.819885806,-342.138798885,11.781793822));
#7240=CARTESIAN_POINT('',(8.685218715,-342.462268083,11.186999404));
#7241=CARTESIAN_POINT('',(8.584547414,-342.620830195,10.895435751));
#7242=CARTESIAN_POINT('',(8.320388183,-342.925531524,10.335151631));
#7243=CARTESIAN_POINT('',(8.156906784,-343.071663207,10.066445017));
#7244=CARTESIAN_POINT('',(7.773406907,-343.345887161,9.562202609));
#7245=CARTESIAN_POINT('',(7.553397912,-343.473972653,9.326679282));
#7246=CARTESIAN_POINT('',(7.065295081,-343.707180955,8.897856347));
#7247=CARTESIAN_POINT('',(6.797213315,-343.812298,8.704567342));
#7248=CARTESIAN_POINT('',(6.223265057,-343.995528582,8.367643312));
#7249=CARTESIAN_POINT('',(5.917412757,-344.073637589,8.224016618));
#7250=CARTESIAN_POINT('',(5.27967559,-344.199848999,7.9919393));
#7251=CARTESIAN_POINT('',(4.947806493,-344.247948282,7.903494414));
#7252=CARTESIAN_POINT('',(4.27078831,-344.312290285,7.785182414));
#7253=CARTESIAN_POINT('',(3.925655965,-344.328531414,7.755318224));
#7254=CARTESIAN_POINT('',(3.580515085,-344.328531398,7.755318215));
#7255=CARTESIAN_POINT('',(8.85387815,-342.124781386,12.557632414));
#7256=CARTESIAN_POINT('',(8.85387815,-342.286236583,12.252559217));
#7257=CARTESIAN_POINT('',(8.819885588,-342.447687788,11.947493564));
#7258=CARTESIAN_POINT('',(8.685218326,-342.76439355,11.349070962));
#7259=CARTESIAN_POINT('',(8.584546956,-342.919640276,11.055728811));
#7260=CARTESIAN_POINT('',(8.32038762,-343.217970581,10.492027047));
#7261=CARTESIAN_POINT('',(8.156906186,-343.361046783,10.221681372));
#7262=CARTESIAN_POINT('',(7.77340627,-343.629536964,9.714363186));
#7263=CARTESIAN_POINT('',(7.553397272,-343.754944303,9.477403221));
#7264=CARTESIAN_POINT('',(7.065294464,-343.983276433,9.045964568));
#7265=CARTESIAN_POINT('',(6.797212723,-344.086195577,8.85149655));
#7266=CARTESIAN_POINT('',(6.22326454,-344.265594981,8.512517376));
#7267=CARTESIAN_POINT('',(5.917412289,-344.342070804,8.368014602));
#7268=CARTESIAN_POINT('',(5.279675237,-344.465643262,8.134521686));
#7269=CARTESIAN_POINT('',(4.947806205,-344.512736842,8.045537318));
#7270=CARTESIAN_POINT('',(4.270788162,-344.575733535,7.926503661));
#7271=CARTESIAN_POINT('',(3.92565589,-344.59163509,7.896457317));
#7272=CARTESIAN_POINT('',(3.580515085,-344.59163509,7.896457317));
#7273=CARTESIAN_POINT('',(8.85387815,-343.078261931,13.048514619));
#7274=CARTESIAN_POINT('',(8.85387815,-343.229297518,12.738077074));
#7275=CARTESIAN_POINT('',(8.819885588,-343.380329371,12.427647206));
#7276=CARTESIAN_POINT('',(8.685218326,-343.676596332,11.818702057));
#7277=CARTESIAN_POINT('',(8.584546956,-343.821824115,11.520201835));
#7278=CARTESIAN_POINT('',(8.32038762,-344.10090149,10.946588048));
#7279=CARTESIAN_POINT('',(8.156906186,-344.234744181,10.671488667));
#7280=CARTESIAN_POINT('',(7.77340627,-344.485907183,10.155249897));
#7281=CARTESIAN_POINT('',(7.553397272,-344.603221283,9.914123273));
#7282=CARTESIAN_POINT('',(7.065294464,-344.816817859,9.475098288));
#7283=CARTESIAN_POINT('',(6.797212723,-344.913095052,9.277210781));
#7284=CARTESIAN_POINT('',(6.22326454,-345.080916805,8.932271063));
#7285=CARTESIAN_POINT('',(5.917412289,-345.152457214,8.785227381));
#7286=CARTESIAN_POINT('',(5.279675237,-345.268054847,8.547628771));
#7287=CARTESIAN_POINT('',(4.947806205,-345.312109214,8.457079718));
#7288=CARTESIAN_POINT('',(4.270788162,-345.371040376,8.335952997));
#7289=CARTESIAN_POINT('',(3.92565589,-345.385915715,8.305378324));
#7290=CARTESIAN_POINT('',(3.580515085,-345.385915715,8.305378324));
#7291=CARTESIAN_POINT('',(8.85387815,-343.722082438,13.352687581));
#7292=CARTESIAN_POINT('',(8.85387815,-343.86607028,13.038920293));
#7293=CARTESIAN_POINT('',(8.819885588,-344.01005456,12.725160763));
#7294=CARTESIAN_POINT('',(8.685218326,-344.292496871,12.109684088));
#7295=CARTESIAN_POINT('',(8.584546956,-344.430947917,11.807982162));
#7296=CARTESIAN_POINT('',(8.32038762,-344.697002755,11.228215811));
#7297=CARTESIAN_POINT('',(8.156906186,-344.82459997,10.950165723));
#7298=CARTESIAN_POINT('',(7.77340627,-345.064042999,10.428389792));
#7299=CARTESIAN_POINT('',(7.553397272,-345.175882893,10.184676852));
#7300=CARTESIAN_POINT('',(7.065294464,-345.379512451,9.740942898));
#7301=CARTESIAN_POINT('',(6.797212723,-345.47129708,9.540932856));
#7302=CARTESIAN_POINT('',(6.22326454,-345.631287797,9.192293326));
#7303=CARTESIAN_POINT('',(5.917412289,-345.699489929,9.043672457));
#7304=CARTESIAN_POINT('',(5.279675237,-345.809693451,8.803525372));
#7305=CARTESIAN_POINT('',(4.947806205,-345.851692117,8.712005093));
#7306=CARTESIAN_POINT('',(4.270788162,-345.907873385,8.58957917));
#7307=CARTESIAN_POINT('',(3.92565589,-345.922054599,8.558676554));
#7308=CARTESIAN_POINT('',(3.580515085,-345.922054599,8.558676554));
#7309=CARTESIAN_POINT('',(8.85387815,-345.677548314,14.197362994));
#7310=CARTESIAN_POINT('',(8.85387815,-345.800161859,13.874362948));
#7311=CARTESIAN_POINT('',(8.819885588,-345.922772373,13.55137089));
#7312=CARTESIAN_POINT('',(8.685218326,-346.163287494,12.917783509));
#7313=CARTESIAN_POINT('',(8.584546956,-346.281186154,12.607203854));
#7314=CARTESIAN_POINT('',(8.32038762,-346.507746444,12.010377592));
#7315=CARTESIAN_POINT('',(8.156906186,-346.616402471,11.724145743));
#7316=CARTESIAN_POINT('',(7.77340627,-346.820301346,11.187016298));
#7317=CARTESIAN_POINT('',(7.553397272,-346.91553915,10.936131984));
#7318=CARTESIAN_POINT('',(7.065294464,-347.088940889,10.479340939));
#7319=CARTESIAN_POINT('',(6.797212723,-347.167100535,10.273445503));
#7320=CARTESIAN_POINT('',(6.22326454,-347.303341407,9.914547082));
#7321=CARTESIAN_POINT('',(5.917412289,-347.361419264,9.761552971));
#7322=CARTESIAN_POINT('',(5.279675237,-347.455263609,9.514339439));
#7323=CARTESIAN_POINT('',(4.947806205,-347.491027777,9.420126131));
#7324=CARTESIAN_POINT('',(4.270788162,-347.538869209,9.294097765));
#7325=CARTESIAN_POINT('',(3.92565589,-347.55094529,9.262285824));
#7326=CARTESIAN_POINT('',(3.580515085,-347.55094529,9.262285824));
#7327=CARTESIAN_POINT('',(8.85387815,-347.013146453,14.670167765));
#7328=CARTESIAN_POINT('',(8.85387815,-347.12120146,14.342024485));
#7329=CARTESIAN_POINT('',(8.819885588,-347.229253796,14.013889319));
#7330=CARTESIAN_POINT('',(8.685218326,-347.441211317,13.370213121));
#7331=CARTESIAN_POINT('',(8.584546956,-347.545111261,13.054688005));
#7332=CARTESIAN_POINT('',(8.32038762,-347.744770881,12.448358285));
#7333=CARTESIAN_POINT('',(8.156906186,-347.840525618,12.157568673));
#7334=CARTESIAN_POINT('',(7.77340627,-348.020214528,11.611886341));
#7335=CARTESIAN_POINT('',(7.553397272,-348.104144257,11.357007115));
#7336=CARTESIAN_POINT('',(7.065294464,-348.256957114,10.892942438));
#7337=CARTESIAN_POINT('',(6.797212723,-348.325836463,10.683768462));
#7338=CARTESIAN_POINT('',(6.22326454,-348.445900754,10.319155185));
#7339=CARTESIAN_POINT('',(5.917412289,-348.497082727,10.163724899));
#7340=CARTESIAN_POINT('',(5.279675237,-348.579784449,9.912574906));
#7341=CARTESIAN_POINT('',(4.947806205,-348.611302153,9.816861408));
#7342=CARTESIAN_POINT('',(4.270788162,-348.653463125,9.688826252));
#7343=CARTESIAN_POINT('',(3.92565589,-348.664105351,9.656507759));
#7344=CARTESIAN_POINT('',(3.580515085,-348.664105351,9.656507759));
#7345=CARTESIAN_POINT('',(8.85387815,-349.063542008,15.246543567));
#7346=CARTESIAN_POINT('',(8.85387815,-349.149615409,14.912221154));
#7347=CARTESIAN_POINT('',(8.819885588,-349.235686682,14.577907009));
#7348=CARTESIAN_POINT('',(8.685218326,-349.404525731,13.922110006));
#7349=CARTESIAN_POINT('',(8.584546956,-349.487289333,13.600643366));
#7350=CARTESIAN_POINT('',(8.32038762,-349.64633224,12.982896097));
#7351=CARTESIAN_POINT('',(8.156906186,-349.722607612,12.686630744));
#7352=CARTESIAN_POINT('',(7.77340627,-349.865742447,12.130672891));
#7353=CARTESIAN_POINT('',(7.553397272,-349.93259837,11.870994137));
#7354=CARTESIAN_POINT('',(7.065294464,-350.054324541,11.398190847));
#7355=CARTESIAN_POINT('',(6.797212723,-350.109191779,11.185078001));
#7356=CARTESIAN_POINT('',(6.22326454,-350.204831418,10.81359884));
#7357=CARTESIAN_POINT('',(5.917412289,-350.245601454,10.65524171));
#7358=CARTESIAN_POINT('',(5.279675237,-350.311479183,10.399362413));
#7359=CARTESIAN_POINT('',(4.947806205,-350.336585247,10.301846574));
#7360=CARTESIAN_POINT('',(4.270788162,-350.370169422,10.171400439));
#7361=CARTESIAN_POINT('',(3.92565589,-350.378646702,10.13847337));
#7362=CARTESIAN_POINT('',(3.580515085,-350.378646702,10.13847337));
#7363=CARTESIAN_POINT('',(8.85387815,-349.754853797,15.416491989));
#7364=CARTESIAN_POINT('',(8.85387815,-349.833576334,15.080365034));
#7365=CARTESIAN_POINT('',(8.819885588,-349.912296924,14.744246391));
#7366=CARTESIAN_POINT('',(8.685218326,-350.066716735,14.084909652));
#7367=CARTESIAN_POINT('',(8.584546956,-350.142412137,13.76170786));
#7368=CARTESIAN_POINT('',(8.32038762,-350.287872417,13.140626232));
#7369=CARTESIAN_POINT('',(8.156906186,-350.357633699,12.842761755));
#7370=CARTESIAN_POINT('',(7.77340627,-350.488544493,12.283803057));
#7371=CARTESIAN_POINT('',(7.553397272,-350.549690768,12.022722659));
#7372=CARTESIAN_POINT('',(7.065294464,-350.661021247,11.547367361));
#7373=CARTESIAN_POINT('',(6.797212723,-350.711202698,11.333104216));
#7374=CARTESIAN_POINT('',(6.22326454,-350.798674494,10.959619955));
#7375=CARTESIAN_POINT('',(5.917412289,-350.835962677,10.800408074));
#7376=CARTESIAN_POINT('',(5.279675237,-350.896214298,10.543147641));
#7377=CARTESIAN_POINT('',(4.947806205,-350.919176247,10.445105449));
#7378=CARTESIAN_POINT('',(4.270788162,-350.949892257,10.313955217));
#7379=CARTESIAN_POINT('',(3.92565589,-350.957645558,10.28085042));
#7380=CARTESIAN_POINT('',(3.580515085,-350.957645558,10.28085042));
#7381=CARTESIAN_POINT('',(8.85387815,-350.803586662,15.638162709));
#7382=CARTESIAN_POINT('',(8.85387815,-350.871288525,15.299706314));
#7383=CARTESIAN_POINT('',(8.819885588,-350.938988715,14.961258288));
#7384=CARTESIAN_POINT('',(8.685218326,-351.071790697,14.297352187));
#7385=CARTESIAN_POINT('',(8.584546956,-351.136889205,13.971910529));
#7386=CARTESIAN_POINT('',(8.32038762,-351.261985937,13.346524657));
#7387=CARTESIAN_POINT('',(8.156906186,-351.321981066,13.046595908));
#7388=CARTESIAN_POINT('',(7.77340627,-351.434565151,12.483763493));
#7389=CARTESIAN_POINT('',(7.553397272,-351.487151321,12.220873745));
#7390=CARTESIAN_POINT('',(7.065294464,-351.582896215,11.742224121));
#7391=CARTESIAN_POINT('',(6.797212723,-351.62605257,11.52647608));
#7392=CARTESIAN_POINT('',(6.22326454,-351.70127885,11.150403484));
#7393=CARTESIAN_POINT('',(5.917412289,-351.733346914,10.990088227));
#7394=CARTESIAN_POINT('',(5.279675237,-351.785163677,10.731044917));
#7395=CARTESIAN_POINT('',(4.947806205,-351.804911094,10.632323269));
#7396=CARTESIAN_POINT('',(4.270788162,-351.831327051,10.500264135));
#7397=CARTESIAN_POINT('',(3.92565589,-351.837994937,10.466929914));
#7398=CARTESIAN_POINT('',(3.580515085,-351.837994937,10.466929914));
#7399=CARTESIAN_POINT('',(8.85387815,-351.155125361,15.706510357));
#7400=CARTESIAN_POINT('',(8.853878249,-351.219154624,15.367340262));
#7401=CARTESIAN_POINT('',(8.819885773,-351.283182306,15.028178544));
#7402=CARTESIAN_POINT('',(8.685218657,-351.408780234,14.362872437));
#7403=CARTESIAN_POINT('',(8.584547345,-351.470347374,14.0367445));
#7404=CARTESIAN_POINT('',(8.320388098,-351.588658045,13.410039828));
#7405=CARTESIAN_POINT('',(8.156906694,-351.645398651,13.109478589));
#7406=CARTESIAN_POINT('',(7.773406811,-351.751875452,12.545459269));
#7407=CARTESIAN_POINT('',(7.553397815,-351.801609014,12.282015134));
#7408=CARTESIAN_POINT('',(7.065294988,-351.8921601,11.80235612));
#7409=CARTESIAN_POINT('',(6.797213226,-351.932975384,11.586153102));
#7410=CARTESIAN_POINT('',(6.223264979,-352.004120924,11.209287429));
#7411=CARTESIAN_POINT('',(5.917412686,-352.034449422,11.048634091));
#7412=CARTESIAN_POINT('',(5.279675537,-352.083455333,10.789044499));
#7413=CARTESIAN_POINT('',(4.94780645,-352.102131536,10.690114663));
#7414=CARTESIAN_POINT('',(4.270788288,-352.127114549,10.557777038));
#7415=CARTESIAN_POINT('',(3.925655953,-352.133420741,10.524372522));
#7416=CARTESIAN_POINT('',(3.580515085,-352.133420756,10.524372525));
#7417=CARTESIAN_POINT('',(8.85387815,-351.862134586,15.83209314));
#7418=CARTESIAN_POINT('',(8.853878248,-351.918827255,15.491619879));
#7419=CARTESIAN_POINT('',(8.819885773,-351.975518525,15.151155028));
#7420=CARTESIAN_POINT('',(8.685218655,-352.086725206,14.483292672));
#7421=CARTESIAN_POINT('',(8.584547344,-352.141237868,14.15591168));
#7422=CARTESIAN_POINT('',(8.320388096,-352.245992282,13.526799073));
#7423=CARTESIAN_POINT('',(8.156906692,-352.296231445,13.225083013));
#7424=CARTESIAN_POINT('',(7.773406809,-352.390507937,12.658896609));
#7425=CARTESIAN_POINT('',(7.553397813,-352.434542936,12.394440265));
#7426=CARTESIAN_POINT('',(7.065294986,-352.514718512,11.912938297));
#7427=CARTESIAN_POINT('',(6.797213224,-352.550857107,11.695904581));
#7428=CARTESIAN_POINT('',(6.223264978,-352.613850663,11.317590907));
#7429=CARTESIAN_POINT('',(5.917412685,-352.640704068,11.156320305));
#7430=CARTESIAN_POINT('',(5.279675536,-352.684094797,10.895733314));
#7431=CARTESIAN_POINT('',(4.947806449,-352.700631049,10.796423368));
#7432=CARTESIAN_POINT('',(4.270788287,-352.722751468,10.663577274));
#7433=CARTESIAN_POINT('',(3.925655953,-352.728335089,10.63004441));
#7434=CARTESIAN_POINT('',(3.580515085,-352.728335106,10.630044413));
#7435=CARTESIAN_POINT('',(8.85387815,-352.217523053,15.889295277));
#7436=CARTESIAN_POINT('',(8.853878771,-352.270553005,15.54823265));
#7437=CARTESIAN_POINT('',(8.819886752,-352.323581645,15.207178395));
#7438=CARTESIAN_POINT('',(8.685220402,-352.427603632,14.538159772));
#7439=CARTESIAN_POINT('',(8.5845494,-352.478594406,14.210211947));
#7440=CARTESIAN_POINT('',(8.320390622,-352.57658096,13.580010023));
#7441=CARTESIAN_POINT('',(8.156909377,-352.623574316,13.277771508));
#7442=CARTESIAN_POINT('',(7.773409668,-352.71175986,12.710604645));
#7443=CARTESIAN_POINT('',(7.553400686,-352.752949867,12.445690322));
#7444=CARTESIAN_POINT('',(7.065297758,-352.827945473,11.963354474));
#7445=CARTESIAN_POINT('',(6.797215881,-352.861749217,11.745944876));
#7446=CARTESIAN_POINT('',(6.223267299,-352.920672838,11.366975982));
#7447=CARTESIAN_POINT('',(5.917414786,-352.945791258,11.205426057));
#7448=CARTESIAN_POINT('',(5.279677122,-352.986378488,10.944387713));
#7449=CARTESIAN_POINT('',(4.947807741,-353.001846295,10.844905748));
#7450=CARTESIAN_POINT('',(4.270788952,-353.022537386,10.711829532));
#7451=CARTESIAN_POINT('',(3.925656286,-353.027760159,10.678238572));
#7452=CARTESIAN_POINT('',(3.580515085,-353.02776006,10.678238557));
#7453=CARTESIAN_POINT('',(8.85387815,-353.991010424,16.145781824));
#7454=CARTESIAN_POINT('',(8.853878776,-354.025898436,15.802095458));
#7455=CARTESIAN_POINT('',(8.819886761,-354.060785585,15.458417528));
#7456=CARTESIAN_POINT('',(8.685220418,-354.129220877,14.784252255));
#7457=CARTESIAN_POINT('',(8.58454942,-354.162767329,14.453781582));
#7458=CARTESIAN_POINT('',(8.320390646,-354.227231955,13.818731621));
#7459=CARTESIAN_POINT('',(8.156909402,-354.258148535,13.514168036));
#7460=CARTESIAN_POINT('',(7.773409695,-354.316165148,12.942638058));
#7461=CARTESIAN_POINT('',(7.553400713,-354.343263747,12.675685796));
#7462=CARTESIAN_POINT('',(7.065297784,-354.392602797,12.189639427));
#7463=CARTESIAN_POINT('',(6.797215906,-354.414842029,11.970557338));
#7464=CARTESIAN_POINT('',(6.223267321,-354.453607439,11.588673111));
#7465=CARTESIAN_POINT('',(5.917414806,-354.47013266,11.425880415));
#7466=CARTESIAN_POINT('',(5.279677137,-354.496834695,11.162833961));
#7467=CARTESIAN_POINT('',(4.947807753,-354.507010848,11.062586705));
#7468=CARTESIAN_POINT('',(4.270788959,-354.52062336,10.928486774));
#7469=CARTESIAN_POINT('',(3.925656289,-354.524059382,10.894637413));
#7470=CARTESIAN_POINT('',(3.580515085,-354.524059316,10.894637408));
#7471=CARTESIAN_POINT('',(8.85387815,-355.409354979,16.258858223));
#7472=CARTESIAN_POINT('',(8.85387815,-355.430176973,15.914081732));
#7473=CARTESIAN_POINT('',(8.819885588,-355.450998451,15.569313767));
#7474=CARTESIAN_POINT('',(8.685218326,-355.491842261,14.893010352));
#7475=CARTESIAN_POINT('',(8.584546956,-355.511863582,14.561491626));
#7476=CARTESIAN_POINT('',(8.32038762,-355.550337609,13.92442774));
#7477=CARTESIAN_POINT('',(8.156906186,-355.568789364,13.618898333));
#7478=CARTESIAN_POINT('',(7.77340627,-355.603415074,13.045555983));
#7479=CARTESIAN_POINT('',(7.553397272,-355.619588173,12.777757217));
#7480=CARTESIAN_POINT('',(7.065294464,-355.649034919,12.290169628));
#7481=CARTESIAN_POINT('',(6.797212723,-355.662307838,12.070392861));
#7482=CARTESIAN_POINT('',(6.22326454,-355.685443997,11.68729775));
#7483=CARTESIAN_POINT('',(5.917412289,-355.695306666,11.52398888));
#7484=CARTESIAN_POINT('',(5.279675237,-355.71124313,11.260108378));
#7485=CARTESIAN_POINT('',(4.947806205,-355.717316531,11.159543272));
#7486=CARTESIAN_POINT('',(4.270788162,-355.72544087,11.025018159));
#7487=CARTESIAN_POINT('',(3.92565589,-355.727491607,10.991061478));
#7488=CARTESIAN_POINT('',(3.580515085,-355.727491607,10.991061478));
#7489=CARTESIAN_POINT('',(8.85387815,-357.18178425,16.296491467));
#7490=CARTESIAN_POINT('',(8.85387815,-357.185736974,15.951356798));
#7491=CARTESIAN_POINT('',(8.819885588,-357.1896896,15.606230664));
#7492=CARTESIAN_POINT('',(8.685218326,-357.197443148,14.929224658));
#7493=CARTESIAN_POINT('',(8.584546956,-357.201243877,14.597361527));
#7494=CARTESIAN_POINT('',(8.32038762,-357.208547559,13.959635814));
#7495=CARTESIAN_POINT('',(8.156906186,-357.212050331,13.653789001));
#7496=CARTESIAN_POINT('',(7.77340627,-357.218623471,13.079851022));
#7497=CARTESIAN_POINT('',(7.553397272,-357.221693677,12.811774049));
#7498=CARTESIAN_POINT('',(7.065294464,-357.227283673,12.323679919));
#7499=CARTESIAN_POINT('',(6.797212723,-357.229803325,12.103674832));
#7500=CARTESIAN_POINT('',(6.22326454,-357.234195357,11.720181736));
#7501=CARTESIAN_POINT('',(5.917412289,-357.236067628,11.556703208));
#7502=CARTESIAN_POINT('',(5.279675237,-357.239092912,11.292548569));
#7503=CARTESIAN_POINT('',(4.947806205,-357.240245851,11.191878989));
#7504=CARTESIAN_POINT('',(4.270788162,-357.241788127,11.057214121));
#7505=CARTESIAN_POINT('',(3.92565589,-357.242177427,11.023222164));
#7506=CARTESIAN_POINT('',(3.580515085,-357.242177427,11.023222164));
#7507=CARTESIAN_POINT('',(8.85387815,-357.536244982,16.298822012));
#7508=CARTESIAN_POINT('',(8.853878474,-357.53685931,15.953665751));
#7509=CARTESIAN_POINT('',(8.819886197,-357.537473623,15.608517993));
#7510=CARTESIAN_POINT('',(8.685219412,-357.53867867,14.931469522));
#7511=CARTESIAN_POINT('',(8.584548235,-357.539269375,14.599585551));
#7512=CARTESIAN_POINT('',(8.32038919,-357.540404504,13.961819755));
#7513=CARTESIAN_POINT('',(8.156907855,-357.540948901,13.6559537));
#7514=CARTESIAN_POINT('',(7.773408047,-357.541970489,13.08197959));
#7515=CARTESIAN_POINT('',(7.553399058,-357.542447656,12.813885727));
#7516=CARTESIAN_POINT('',(7.065296187,-357.543316444,12.325760832));
#7517=CARTESIAN_POINT('',(6.797214375,-357.543708045,12.10574187));
#7518=CARTESIAN_POINT('',(6.223265983,-357.544390646,11.72222458));
#7519=CARTESIAN_POINT('',(5.917413595,-357.544681631,11.558735734));
#7520=CARTESIAN_POINT('',(5.279676223,-357.545151814,11.294564419));
#7521=CARTESIAN_POINT('',(4.947807008,-357.545331,11.193888481));
#7522=CARTESIAN_POINT('',(4.270788575,-357.545570695,11.05921511));
#7523=CARTESIAN_POINT('',(3.925656097,-357.545631197,11.025221005));
#7524=CARTESIAN_POINT('',(3.580515085,-357.545631195,11.025221005));
#7525=CARTESIAN_POINT('',(8.85387815,-358.067899163,16.294681924));
#7526=CARTESIAN_POINT('',(8.853878474,-358.063560785,15.949564231));
#7527=CARTESIAN_POINT('',(8.819886197,-358.059222515,15.60445504));
#7528=CARTESIAN_POINT('',(8.685219412,-358.050712481,14.927482222));
#7529=CARTESIAN_POINT('',(8.584548234,-358.046540928,14.595635336));
#7530=CARTESIAN_POINT('',(8.32038919,-358.038524651,13.957940803));
#7531=CARTESIAN_POINT('',(8.156907855,-358.034680125,13.652108926));
#7532=CARTESIAN_POINT('',(7.773408047,-358.027465667,13.078198951));
#7533=CARTESIAN_POINT('',(7.553399058,-358.024095912,12.810135045));
#7534=CARTESIAN_POINT('',(7.065296187,-358.017960521,12.322064693));
#7535=CARTESIAN_POINT('',(6.797214375,-358.015195035,12.102070316));
#7536=CARTESIAN_POINT('',(6.223265983,-358.01037449,11.718595879));
#7537=CARTESIAN_POINT('',(5.917413595,-358.008319549,11.555125302));
#7538=CARTESIAN_POINT('',(5.279676223,-358.004999102,11.290983505));
#7539=CARTESIAN_POINT('',(4.947807008,-358.003733677,11.190318817));
#7540=CARTESIAN_POINT('',(4.270788575,-358.00204093,11.055660494));
#7541=CARTESIAN_POINT('',(3.925656097,-358.00161365,11.021670188));
#7542=CARTESIAN_POINT('',(3.580515085,-358.001613652,11.021670188));
#7543=CARTESIAN_POINT('',(8.85387815,-358.245111052,16.292025436));
#7544=CARTESIAN_POINT('',(8.853878152,-358.239130846,15.94693258));
#7545=CARTESIAN_POINT('',(8.819885592,-358.233150787,15.601848256));
#7546=CARTESIAN_POINT('',(8.685218333,-358.22142019,14.924924267));
#7547=CARTESIAN_POINT('',(8.584546964,-358.215669942,14.59310134));
#7548=CARTESIAN_POINT('',(8.32038763,-358.204619961,13.955452884));
#7549=CARTESIAN_POINT('',(8.156906196,-358.199320502,13.649643123));
#7550=CARTESIAN_POINT('',(7.773406282,-358.189375782,13.075774674));
#7551=CARTESIAN_POINT('',(7.553397283,-358.184730767,12.807730176));
#7552=CARTESIAN_POINT('',(7.065294475,-358.176273478,12.319695176));
#7553=CARTESIAN_POINT('',(6.797212734,-358.172461413,12.099716742));
#7554=CARTESIAN_POINT('',(6.223264549,-358.165816564,11.716270103));
#7555=CARTESIAN_POINT('',(5.917412297,-358.162983944,11.55281138));
#7556=CARTESIAN_POINT('',(5.279675243,-358.158406892,11.288688741));
#7557=CARTESIAN_POINT('',(4.94780621,-358.156662574,11.188031356));
#7558=CARTESIAN_POINT('',(4.270788164,-358.154329213,11.053382803));
#7559=CARTESIAN_POINT('',(3.925655892,-358.153740228,11.019394963));
#7560=CARTESIAN_POINT('',(3.580515085,-358.153740228,11.019394963));
#7561=CARTESIAN_POINT('',(8.85387815,-358.433392247,16.287871589));
#7562=CARTESIAN_POINT('',(8.853878152,-358.425677601,15.942816998));
#7563=CARTESIAN_POINT('',(8.819885592,-358.417963146,15.597770938));
#7564=CARTESIAN_POINT('',(8.685218333,-358.402830324,14.920922008));
#7565=CARTESIAN_POINT('',(8.584546964,-358.395412331,14.589135875));
#7566=CARTESIAN_POINT('',(8.32038763,-358.381157524,13.951558124));
#7567=CARTESIAN_POINT('',(8.156906196,-358.374321062,13.645782272));
#7568=CARTESIAN_POINT('',(7.773406282,-358.361492075,13.071977456));
#7569=CARTESIAN_POINT('',(7.553397283,-358.355499866,12.80396268));
#7570=CARTESIAN_POINT('',(7.065294475,-358.344589709,12.315981795));
#7571=CARTESIAN_POINT('',(6.797212734,-358.339672031,12.096027753));
#7572=CARTESIAN_POINT('',(6.223264549,-358.331099976,11.712623632));
#7573=CARTESIAN_POINT('',(5.917412297,-358.327445811,11.549183033));
#7574=CARTESIAN_POINT('',(5.279675243,-358.321541277,11.285089681));
#7575=CARTESIAN_POINT('',(4.94780621,-358.319291053,11.184443458));
#7576=CARTESIAN_POINT('',(4.270788164,-358.316280947,11.049809835));
#7577=CARTESIAN_POINT('',(3.925655892,-358.31552114,11.015825764));
#7578=CARTESIAN_POINT('',(3.580515085,-358.31552114,11.015825764));
#7579=CARTESIAN_POINT('',(8.85387815,-358.444467588,16.287622301));
#7580=CARTESIAN_POINT('',(8.85387815,-358.436650952,15.942570006));
#7581=CARTESIAN_POINT('',(8.819885588,-358.428834509,15.597526243));
#7582=CARTESIAN_POINT('',(8.685218327,-358.413501626,14.920681819));
#7583=CARTESIAN_POINT('',(8.584546956,-358.405985565,14.588897895));
#7584=CARTESIAN_POINT('',(8.32038762,-358.391542305,13.951324389));
#7585=CARTESIAN_POINT('',(8.156906186,-358.384615463,13.645550572));
#7586=CARTESIAN_POINT('',(7.773406271,-358.371616873,13.071749576));
#7587=CARTESIAN_POINT('',(7.553397272,-358.365545445,12.803736585));
#7588=CARTESIAN_POINT('',(7.065294464,-358.354491052,12.31575895));
#7589=CARTESIAN_POINT('',(6.797212724,-358.349508361,12.095806372));
#7590=CARTESIAN_POINT('',(6.22326454,-358.34082298,11.712404804));
#7591=CARTESIAN_POINT('',(5.917412289,-358.337120506,11.548965294));
#7592=CARTESIAN_POINT('',(5.279675237,-358.331137912,11.284873701));
#7593=CARTESIAN_POINT('',(4.947806205,-358.32885794,11.184228148));
#7594=CARTESIAN_POINT('',(4.270788162,-358.325808039,11.049595421));
#7595=CARTESIAN_POINT('',(3.925655891,-358.325038187,11.015611577));
#7596=CARTESIAN_POINT('',(3.580515085,-358.325038187,11.015611577));
#7597=CARTESIAN_POINT('',(8.85387815,-358.466618222,16.287113963));
#7598=CARTESIAN_POINT('',(8.85387815,-358.45859768,15.942066348));
#7599=CARTESIAN_POINT('',(8.819885588,-358.450577336,15.597027264));
#7600=CARTESIAN_POINT('',(8.685218327,-358.434844477,14.92019202));
#7601=CARTESIAN_POINT('',(8.584546956,-358.42713235,14.588412595));
#7602=CARTESIAN_POINT('',(8.32038762,-358.412312321,13.950847735));
#7603=CARTESIAN_POINT('',(8.156906186,-358.405204784,13.645078066));
#7604=CARTESIAN_POINT('',(7.773406271,-358.39186711,13.071284852));
#7605=CARTESIAN_POINT('',(7.553397272,-358.385637303,12.803275495));
#7606=CARTESIAN_POINT('',(7.065294464,-358.374294543,12.315304477));
#7607=CARTESIAN_POINT('',(6.797212724,-358.369181872,12.095354882));
#7608=CARTESIAN_POINT('',(6.22326454,-358.360269923,11.711958514));
#7609=CARTESIAN_POINT('',(5.917412289,-358.356470866,11.548521221));
#7610=CARTESIAN_POINT('',(5.279675237,-358.350332209,11.284433209));
#7611=CARTESIAN_POINT('',(4.947806205,-358.347992761,11.183789021));
#7612=CARTESIAN_POINT('',(4.270788162,-358.3448633,11.04915812));
#7613=CARTESIAN_POINT('',(3.925655891,-358.344073365,11.015174736));
#7614=CARTESIAN_POINT('',(3.580515085,-358.344073366,11.015174736));
#7615=CARTESIAN_POINT('',(8.85387815,-358.477693517,16.286855278));
#7616=CARTESIAN_POINT('',(8.85387815,-358.469684626,15.941807407));
#7617=CARTESIAN_POINT('',(8.819885588,-358.461675933,15.596768068));
#7618=CARTESIAN_POINT('',(8.685218326,-358.445965929,14.919932322));
#7619=CARTESIAN_POINT('',(8.584546956,-358.438265005,14.588152651));
#7620=CARTESIAN_POINT('',(8.32038762,-358.423466505,13.95058732));
#7621=CARTESIAN_POINT('',(8.156906186,-358.416369293,13.644817424));
#7622=CARTESIAN_POINT('',(7.77340627,-358.403050995,13.071023785));
#7623=CARTESIAN_POINT('',(7.553397272,-358.396830237,12.80301423));
#7624=CARTESIAN_POINT('',(7.065294464,-358.385503955,12.315042851));
#7625=CARTESIAN_POINT('',(6.797212723,-358.380398711,12.095093093));
#7626=CARTESIAN_POINT('',(6.22326454,-358.371499708,11.711696441));
#7627=CARTESIAN_POINT('',(5.917412289,-358.367706169,11.548259027));
#7628=CARTESIAN_POINT('',(5.279675237,-358.36157643,11.28417082));
#7629=CARTESIAN_POINT('',(4.947806205,-358.35924038,11.183526557));
#7630=CARTESIAN_POINT('',(4.270788162,-358.356115466,11.048895556));
#7631=CARTESIAN_POINT('',(3.92565589,-358.355326679,11.014912148));
#7632=CARTESIAN_POINT('',(3.580515085,-358.355326679,11.014912148));
#7633=CARTESIAN_POINT('',(8.85387815,-358.496725473,16.286413528));
#7634=CARTESIAN_POINT('',(8.85387815,-358.488716582,15.941365657));
#7635=CARTESIAN_POINT('',(8.819885588,-358.480707889,15.596326318));
#7636=CARTESIAN_POINT('',(8.685218326,-358.464997885,14.919490572));
#7637=CARTESIAN_POINT('',(8.584546956,-358.457296961,14.587710902));
#7638=CARTESIAN_POINT('',(8.32038762,-358.442498461,13.95014557));
#7639=CARTESIAN_POINT('',(8.156906186,-358.435401249,13.644375674));
#7640=CARTESIAN_POINT('',(7.77340627,-358.422082951,13.070582035));
#7641=CARTESIAN_POINT('',(7.553397272,-358.415862193,12.80257248));
#7642=CARTESIAN_POINT('',(7.065294464,-358.404535911,12.314601101));
#7643=CARTESIAN_POINT('',(6.797212723,-358.399430667,12.094651344));
#7644=CARTESIAN_POINT('',(6.22326454,-358.390531664,11.711254691));
#7645=CARTESIAN_POINT('',(5.917412289,-358.386738125,11.547817277));
#7646=CARTESIAN_POINT('',(5.279675237,-358.380608386,11.28372907));
#7647=CARTESIAN_POINT('',(4.947806205,-358.378272336,11.183084807));
#7648=CARTESIAN_POINT('',(4.270788162,-358.375147422,11.048453806));
#7649=CARTESIAN_POINT('',(3.92565589,-358.374358634,11.014470398));
#7650=CARTESIAN_POINT('',(3.580515085,-358.374358634,11.014470398));
#7651=CARTESIAN_POINT('',(8.85387815,-358.504682126,16.286228847));
#7652=CARTESIAN_POINT('',(8.85387815,-358.496673235,15.941180976));
#7653=CARTESIAN_POINT('',(8.819885588,-358.488664542,15.596141637));
#7654=CARTESIAN_POINT('',(8.685218326,-358.472954538,14.919305891));
#7655=CARTESIAN_POINT('',(8.584546956,-358.465253614,14.58752622));
#7656=CARTESIAN_POINT('',(8.32038762,-358.450455114,13.949960888));
#7657=CARTESIAN_POINT('',(8.156906186,-358.443357902,13.644190993));
#7658=CARTESIAN_POINT('',(7.77340627,-358.430039604,13.070397354));
#7659=CARTESIAN_POINT('',(7.553397272,-358.423818846,12.802387799));
#7660=CARTESIAN_POINT('',(7.065294464,-358.412492564,12.31441642));
#7661=CARTESIAN_POINT('',(6.797212723,-358.40738732,12.094466662));
#7662=CARTESIAN_POINT('',(6.22326454,-358.398488317,11.71107001));
#7663=CARTESIAN_POINT('',(5.917412289,-358.394694778,11.547632596));
#7664=CARTESIAN_POINT('',(5.279675237,-358.388565039,11.283544388));
#7665=CARTESIAN_POINT('',(4.947806205,-358.386228989,11.182900125));
#7666=CARTESIAN_POINT('',(4.270788162,-358.383104075,11.048269125));
#7667=CARTESIAN_POINT('',(3.92565589,-358.382315288,11.014285716));
#7668=CARTESIAN_POINT('',(3.580515085,-358.382315288,11.014285716));
#7669=CARTESIAN_POINT('',(8.85387815,-358.512638779,16.286044165));
#7670=CARTESIAN_POINT('',(8.85387815,-358.504629888,15.940996294));
#7671=CARTESIAN_POINT('',(8.819885588,-358.496621195,15.595956955));
#7672=CARTESIAN_POINT('',(8.685218326,-358.480911191,14.919121209));
#7673=CARTESIAN_POINT('',(8.584546956,-358.473210267,14.587341538));
#7674=CARTESIAN_POINT('',(8.32038762,-358.458411767,13.949776207));
#7675=CARTESIAN_POINT('',(8.156906186,-358.451314555,13.644006311));
#7676=CARTESIAN_POINT('',(7.77340627,-358.437996257,13.070212672));
#7677=CARTESIAN_POINT('',(7.553397272,-358.431775499,12.802203117));
#7678=CARTESIAN_POINT('',(7.065294464,-358.420449217,12.314231738));
#7679=CARTESIAN_POINT('',(6.797212723,-358.415343973,12.094281981));
#7680=CARTESIAN_POINT('',(6.22326454,-358.40644497,11.710885328));
#7681=CARTESIAN_POINT('',(5.917412289,-358.402651431,11.547447914));
#7682=CARTESIAN_POINT('',(5.279675237,-358.396521692,11.283359707));
#7683=CARTESIAN_POINT('',(4.947806205,-358.394185642,11.182715444));
#7684=CARTESIAN_POINT('',(4.270788162,-358.391060728,11.048084443));
#7685=CARTESIAN_POINT('',(3.92565589,-358.390271941,11.014101035));
#7686=CARTESIAN_POINT('',(3.580515085,-358.390271941,11.014101035));
#7687=B_SPLINE_SURFACE_WITH_KNOTS('',3,3,((#5707,#5708,#5709,#5710,#5711,#5712,#5713,#5714,#5715,#5716,#5717,#5718,#5719,#5720,#5721,#5722,#5723,#5724),(#5725,#5726,#5727,#5728,#5729,#5730,#5731,#5732,#5733,#5734,#5735,#5736,#5737,#5738,#5739,#5740,#5741,#5742),(#5743,#5744,#5745,#5746,#5747,#5748,#5749,#5750,#5751,#5752,#5753,#5754,#5755,#5756,#5757,#5758,#5759,#5760),(#5761,#5762,#5763,#5764,#5765,#5766,#5767,#5768,#5769,#5770,#5771,#5772,#5773,#5774,#5775,#5776,#5777,#5778),(#5779,#5780,#5781,#5782,#5783,#5784,#5785,#5786,#5787,#5788,#5789,#5790,#5791,#5792,#5793,#5794,#5795,#5796),(#5797,#5798,#5799,#5800,#5801,#5802,#5803,#5804,#5805,#5806,#5807,#5808,#5809,#5810,#5811,#5812,#5813,#5814),(#5815,#5816,#5817,#5818,#5819,#5820,#5821,#5822,#5823,#5824,#5825,#5826,#5827,#5828,#5829,#5830,#5831,#5832),(#5833,#5834,#5835,#5836,#5837,#5838,#5839,#5840,#5841,#5842,#5843,#5844,#5845,#5846,#5847,#5848,#5849,#5850),(#5851,#5852,#5853,#5854,#5855,#5856,#5857,#5858,#5859,#5860,#5861,#5862,#5863,#5864,#5865,#5866,#5867,#5868),(#5869,#5870,#5871,#5872,#5873,#5874,#5875,#5876,#5877,#5878,#5879,#5880,#5881,#5882,#5883,#5884,#5885,#5886),(#5887,#5888,#5889,#5890,#5891,#5892,#5893,#5894,#5895,#5896,#5897,#5898,#5899,#5900,#5901,#5902,#5903,#5904),(#5905,#5906,#5907,#5908,#5909,#5910,#5911,#5912,#5913,#5914,#5915,#5916,#5917,#5918,#5919,#5920,#5921,#5922),(#5923,#5924,#5925,#5926,#5927,#5928,#5929,#5930,#5931,#5932,#5933,#5934,#5935,#5936,#5937,#5938,#5939,#5940),(#5941,#5942,#5943,#5944,#5945,#5946,#5947,#5948,#5949,#5950,#5951,#5952,#5953,#5954,#5955,#5956,#5957,#5958),(#5959,#5960,#5961,#5962,#5963,#5964,#5965,#5966,#5967,#5968,#5969,#5970,#5971,#5972,#5973,#5974,#5975,#5976),(#5977,#5978,#5979,#5980,#5981,#5982,#5983,#5984,#5985,#5986,#5987,#5988,#5989,#5990,#5991,#5992,#5993,#5994),(#5995,#5996,#5997,#5998,#5999,#6000,#6001,#6002,#6003,#6004,#6005,#6006,#6007,#6008,#6009,#6010,#6011,#6012),(#6013,#6014,#6015,#6016,#6017,#6018,#6019,#6020,#6021,#6022,#6023,#6024,#6025,#6026,#6027,#6028,#6029,#6030),(#6031,#6032,#6033,#6034,#6035,#6036,#6037,#6038,#6039,#6040,#6041,#6042,#6043,#6044,#6045,#6046,#6047,#6048),(#6049,#6050,#6051,#6052,#6053,#6054,#6055,#6056,#6057,#6058,#6059,#6060,#6061,#6062,#6063,#6064,#6065,#6066),(#6067,#6068,#6069,#6070,#6071,#6072,#6073,#6074,#6075,#6076,#6077,#6078,#6079,#6080,#6081,#6082,#6083,#6084),(#6085,#6086,#6087,#6088,#6089,#6090,#6091,#6092,#6093,#6094,#6095,#6096,#6097,#6098,#6099,#6100,#6101,#6102),(#6103,#6104,#6105,#6106,#6107,#6108,#6109,#6110,#6111,#6112,#6113,#6114,#6115,#6116,#6117,#6118,#6119,#6120),(#6121,#6122,#6123,#6124,#6125,#6126,#6127,#6128,#6129,#6130,#6131,#6132,#6133,#6134,#6135,#6136,#6137,#6138),(#6139,#6140,#6141,#6142,#6143,#6144,#6145,#6146,#6147,#6148,#6149,#6150,#6151,#6152,#6153,#6154,#6155,#6156),(#6157,#6158,#6159,#6160,#6161,#6162,#6163,#6164,#6165,#6166,#6167,#6168,#6169,#6170,#6171,#6172,#6173,#6174),
(#6175,#6176,#6177,#6178,#6179,#6180,#6181,#6182,#6183,#6184,#6185,#6186,#6187,#6188,#6189,#6190,#6191,#6192),(#6193,#6194,#6195,#6196,#6197,#6198,#6199,#6200,#6201,#6202,#6203,#6204,#6205,#6206,#6207,#6208,#6209,#6210),(#6211,#6212,#6213,#6214,#6215,#6216,#6217,#6218,#6219,#6220,#6221,#6222,#6223,#6224,#6225,#6226,#6227,#6228),(#6229,#6230,#6231,#6232,#6233,#6234,#6235,#6236,#6237,#6238,#6239,#6240,#6241,#6242,#6243,#6244,#6245,#6246),(#6247,#6248,#6249,#6250,#6251,#6252,#6253,#6254,#6255,#6256,#6257,#6258,#6259,#6260,#6261,#6262,#6263,#6264),(#6265,#6266,#6267,#6268,#6269,#6270,#6271,#6272,#6273,#6274,#6275,#6276,#6277,#6278,#6279,#6280,#6281,#6282),(#6283,#6284,#6285,#6286,#6287,#6288,#6289,#6290,#6291,#6292,#6293,#6294,#6295,#6296,#6297,#6298,#6299,#6300),(#6301,#6302,#6303,#6304,#6305,#6306,#6307,#6308,#6309,#6310,#6311,#6312,#6313,#6314,#6315,#6316,#6317,#6318),(#6319,#6320,#6321,#6322,#6323,#6324,#6325,#6326,#6327,#6328,#6329,#6330,#6331,#6332,#6333,#6334,#6335,#6336),(#6337,#6338,#6339,#6340,#6341,#6342,#6343,#6344,#6345,#6346,#6347,#6348,#6349,#6350,#6351,#6352,#6353,#6354),(#6355,#6356,#6357,#6358,#6359,#6360,#6361,#6362,#6363,#6364,#6365,#6366,#6367,#6368,#6369,#6370,#6371,#6372),(#6373,#6374,#6375,#6376,#6377,#6378,#6379,#6380,#6381,#6382,#6383,#6384,#6385,#6386,#6387,#6388,#6389,#6390),(#6391,#6392,#6393,#6394,#6395,#6396,#6397,#6398,#6399,#6400,#6401,#6402,#6403,#6404,#6405,#6406,#6407,#6408),(#6409,#6410,#6411,#6412,#6413,#6414,#6415,#6416,#6417,#6418,#6419,#6420,#6421,#6422,#6423,#6424,#6425,#6426),(#6427,#6428,#6429,#6430,#6431,#6432,#6433,#6434,#6435,#6436,#6437,#6438,#6439,#6440,#6441,#6442,#6443,#6444),(#6445,#6446,#6447,#6448,#6449,#6450,#6451,#6452,#6453,#6454,#6455,#6456,#6457,#6458,#6459,#6460,#6461,#6462),(#6463,#6464,#6465,#6466,#6467,#6468,#6469,#6470,#6471,#6472,#6473,#6474,#6475,#6476,#6477,#6478,#6479,#6480),(#6481,#6482,#6483,#6484,#6485,#6486,#6487,#6488,#6489,#6490,#6491,#6492,#6493,#6494,#6495,#6496,#6497,#6498),(#6499,#6500,#6501,#6502,#6503,#6504,#6505,#6506,#6507,#6508,#6509,#6510,#6511,#6512,#6513,#6514,#6515,#6516),(#6517,#6518,#6519,#6520,#6521,#6522,#6523,#6524,#6525,#6526,#6527,#6528,#6529,#6530,#6531,#6532,#6533,#6534),(#6535,#6536,#6537,#6538,#6539,#6540,#6541,#6542,#6543,#6544,#6545,#6546,#6547,#6548,#6549,#6550,#6551,#6552),(#6553,#6554,#6555,#6556,#6557,#6558,#6559,#6560,#6561,#6562,#6563,#6564,#6565,#6566,#6567,#6568,#6569,#6570),(#6571,#6572,#6573,#6574,#6575,#6576,#6577,#6578,#6579,#6580,#6581,#6582,#6583,#6584,#6585,#6586,#6587,#6588),(#6589,#6590,#6591,#6592,#6593,#6594,#6595,#6596,#6597,#6598,#6599,#6600,#6601,#6602,#6603,#6604,#6605,#6606),(#6607,#6608,#6609,#6610,#6611,#6612,#6613,#6614,#6615,#6616,#6617,#6618,#6619,#6620,#6621,#6622,#6623,#6624),
(#6625,#6626,#6627,#6628,#6629,#6630,#6631,#6632,#6633,#6634,#6635,#6636,#6637,#6638,#6639,#6640,#6641,#6642),(#6643,#6644,#6645,#6646,#6647,#6648,#6649,#6650,#6651,#6652,#6653,#6654,#6655,#6656,#6657,#6658,#6659,#6660),(#6661,#6662,#6663,#6664,#6665,#6666,#6667,#6668,#6669,#6670,#6671,#6672,#6673,#6674,#6675,#6676,#6677,#6678),(#6679,#6680,#6681,#6682,#6683,#6684,#6685,#6686,#6687,#6688,#6689,#6690,#6691,#6692,#6693,#6694,#6695,#6696),(#6697,#6698,#6699,#6700,#6701,#6702,#6703,#6704,#6705,#6706,#6707,#6708,#6709,#6710,#6711,#6712,#6713,#6714),(#6715,#6716,#6717,#6718,#6719,#6720,#6721,#6722,#6723,#6724,#6725,#6726,#6727,#6728,#6729,#6730,#6731,#6732),(#6733,#6734,#6735,#6736,#6737,#6738,#6739,#6740,#6741,#6742,#6743,#6744,#6745,#6746,#6747,#6748,#6749,#6750),(#6751,#6752,#6753,#6754,#6755,#6756,#6757,#6758,#6759,#6760,#6761,#6762,#6763,#6764,#6765,#6766,#6767,#6768),(#6769,#6770,#6771,#6772,#6773,#6774,#6775,#6776,#6777,#6778,#6779,#6780,#6781,#6782,#6783,#6784,#6785,#6786),(#6787,#6788,#6789,#6790,#6791,#6792,#6793,#6794,#6795,#6796,#6797,#6798,#6799,#6800,#6801,#6802,#6803,#6804),(#6805,#6806,#6807,#6808,#6809,#6810,#6811,#6812,#6813,#6814,#6815,#6816,#6817,#6818,#6819,#6820,#6821,#6822),(#6823,#6824,#6825,#6826,#6827,#6828,#6829,#6830,#6831,#6832,#6833,#6834,#6835,#6836,#6837,#6838,#6839,#6840),(#6841,#6842,#6843,#6844,#6845,#6846,#6847,#6848,#6849,#6850,#6851,#6852,#6853,#6854,#6855,#6856,#6857,#6858),(#6859,#6860,#6861,#6862,#6863,#6864,#6865,#6866,#6867,#6868,#6869,#6870,#6871,#6872,#6873,#6874,#6875,#6876),(#6877,#6878,#6879,#6880,#6881,#6882,#6883,#6884,#6885,#6886,#6887,#6888,#6889,#6890,#6891,#6892,#6893,#6894),(#6895,#6896,#6897,#6898,#6899,#6900,#6901,#6902,#6903,#6904,#6905,#6906,#6907,#6908,#6909,#6910,#6911,#6912),(#6913,#6914,#6915,#6916,#6917,#6918,#6919,#6920,#6921,#6922,#6923,#6924,#6925,#6926,#6927,#6928,#6929,#6930),(#6931,#6932,#6933,#6934,#6935,#6936,#6937,#6938,#6939,#6940,#6941,#6942,#6943,#6944,#6945,#6946,#6947,#6948),(#6949,#6950,#6951,#6952,#6953,#6954,#6955,#6956,#6957,#6958,#6959,#6960,#6961,#6962,#6963,#6964,#6965,#6966),(#6967,#6968,#6969,#6970,#6971,#6972,#6973,#6974,#6975,#6976,#6977,#6978,#6979,#6980,#6981,#6982,#6983,#6984),(#6985,#6986,#6987,#6988,#6989,#6990,#6991,#6992,#6993,#6994,#6995,#6996,#6997,#6998,#6999,#7000,#7001,#7002),(#7003,#7004,#7005,#7006,#7007,#7008,#7009,#7010,#7011,#7012,#7013,#7014,#7015,#7016,#7017,#7018,#7019,#7020),(#7021,#7022,#7023,#7024,#7025,#7026,#7027,#7028,#7029,#7030,#7031,#7032,#7033,#7034,#7035,#7036,#7037,#7038),(#7039,#7040,#7041,#7042,#7043,#7044,#7045,#7046,#7047,#7048,#7049,#7050,#7051,#7052,#7053,#7054,#7055,#7056),(#7057,#7058,#7059,#7060,#7061,#7062,#7063,#7064,#7065,#7066,#7067,#7068,#7069,#7070,#7071,#7072,#7073,#7074),
(#7075,#7076,#7077,#7078,#7079,#7080,#7081,#7082,#7083,#7084,#7085,#7086,#7087,#7088,#7089,#7090,#7091,#7092),(#7093,#7094,#7095,#7096,#7097,#7098,#7099,#7100,#7101,#7102,#7103,#7104,#7105,#7106,#7107,#7108,#7109,#7110),(#7111,#7112,#7113,#7114,#7115,#7116,#7117,#7118,#7119,#7120,#7121,#7122,#7123,#7124,#7125,#7126,#7127,#7128),(#7129,#7130,#7131,#7132,#7133,#7134,#7135,#7136,#7137,#7138,#7139,#7140,#7141,#7142,#7143,#7144,#7145,#7146),(#7147,#7148,#7149,#7150,#7151,#7152,#7153,#7154,#7155,#7156,#7157,#7158,#7159,#7160,#7161,#7162,#7163,#7164),(#7165,#7166,#7167,#7168,#7169,#7170,#7171,#7172,#7173,#7174,#7175,#7176,#7177,#7178,#7179,#7180,#7181,#7182),(#7183,#7184,#7185,#7186,#7187,#7188,#7189,#7190,#7191,#7192,#7193,#7194,#7195,#7196,#7197,#7198,#7199,#7200),(#7201,#7202,#7203,#7204,#7205,#7206,#7207,#7208,#7209,#7210,#7211,#7212,#7213,#7214,#7215,#7216,#7217,#7218),(#7219,#7220,#7221,#7222,#7223,#7224,#7225,#7226,#7227,#7228,#7229,#7230,#7231,#7232,#7233,#7234,#7235,#7236),(#7237,#7238,#7239,#7240,#7241,#7242,#7243,#7244,#7245,#7246,#7247,#7248,#7249,#7250,#7251,#7252,#7253,#7254),(#7255,#7256,#7257,#7258,#7259,#7260,#7261,#7262,#7263,#7264,#7265,#7266,#7267,#7268,#7269,#7270,#7271,#7272),(#7273,#7274,#7275,#7276,#7277,#7278,#7279,#7280,#7281,#7282,#7283,#7284,#7285,#7286,#7287,#7288,#7289,#7290),(#7291,#7292,#7293,#7294,#7295,#7296,#7297,#7298,#7299,#7300,#7301,#7302,#7303,#7304,#7305,#7306,#7307,#7308),(#7309,#7310,#7311,#7312,#7313,#7314,#7315,#7316,#7317,#7318,#7319,#7320,#7321,#7322,#7323,#7324,#7325,#7326),(#7327,#7328,#7329,#7330,#7331,#7332,#7333,#7334,#7335,#7336,#7337,#7338,#7339,#7340,#7341,#7342,#7343,#7344),(#7345,#7346,#7347,#7348,#7349,#7350,#7351,#7352,#7353,#7354,#7355,#7356,#7357,#7358,#7359,#7360,#7361,#7362),(#7363,#7364,#7365,#7366,#7367,#7368,#7369,#7370,#7371,#7372,#7373,#7374,#7375,#7376,#7377,#7378,#7379,#7380),(#7381,#7382,#7383,#7384,#7385,#7386,#7387,#7388,#7389,#7390,#7391,#7392,#7393,#7394,#7395,#7396,#7397,#7398),(#7399,#7400,#7401,#7402,#7403,#7404,#7405,#7406,#7407,#7408,#7409,#7410,#7411,#7412,#7413,#7414,#7415,#7416),(#7417,#7418,#7419,#7420,#7421,#7422,#7423,#7424,#7425,#7426,#7427,#7428,#7429,#7430,#7431,#7432,#7433,#7434),(#7435,#7436,#7437,#7438,#7439,#7440,#7441,#7442,#7443,#7444,#7445,#7446,#7447,#7448,#7449,#7450,#7451,#7452),(#7453,#7454,#7455,#7456,#7457,#7458,#7459,#7460,#7461,#7462,#7463,#7464,#7465,#7466,#7467,#7468,#7469,#7470),(#7471,#7472,#7473,#7474,#7475,#7476,#7477,#7478,#7479,#7480,#7481,#7482,#7483,#7484,#7485,#7486,#7487,#7488),(#7489,#7490,#7491,#7492,#7493,#7494,#7495,#7496,#7497,#7498,#7499,#7500,#7501,#7502,#7503,#7504,#7505,#7506),(#7507,#7508,#7509,#7510,#7511,#7512,#7513,#7514,#7515,#7516,#7517,#7518,#7519,#7520,#7521,#7522,#7523,#7524),
(#7525,#7526,#7527,#7528,#7529,#7530,#7531,#7532,#7533,#7534,#7535,#7536,#7537,#7538,#7539,#7540,#7541,#7542),(#7543,#7544,#7545,#7546,#7547,#7548,#7549,#7550,#7551,#7552,#7553,#7554,#7555,#7556,#7557,#7558,#7559,#7560),(#7561,#7562,#7563,#7564,#7565,#7566,#7567,#7568,#7569,#7570,#7571,#7572,#7573,#7574,#7575,#7576,#7577,#7578),(#7579,#7580,#7581,#7582,#7583,#7584,#7585,#7586,#7587,#7588,#7589,#7590,#7591,#7592,#7593,#7594,#7595,#7596),(#7597,#7598,#7599,#7600,#7601,#7602,#7603,#7604,#7605,#7606,#7607,#7608,#7609,#7610,#7611,#7612,#7613,#7614),(#7615,#7616,#7617,#7618,#7619,#7620,#7621,#7622,#7623,#7624,#7625,#7626,#7627,#7628,#7629,#7630,#7631,#7632),(#7633,#7634,#7635,#7636,#7637,#7638,#7639,#7640,#7641,#7642,#7643,#7644,#7645,#7646,#7647,#7648,#7649,#7650),(#7651,#7652,#7653,#7654,#7655,#7656,#7657,#7658,#7659,#7660,#7661,#7662,#7663,#7664,#7665,#7666,#7667,#7668),(#7669,#7670,#7671,#7672,#7673,#7674,#7675,#7676,#7677,#7678,#7679,#7680,#7681,#7682,#7683,#7684,#7685,#7686)),.UNSPECIFIED.,.F.,.F.,.U.,(4,2,2,2,2,2,2,2,2,2,2,2,2,2,2,2,2,2,2,2,2,2,2,2,2,2,
2,2,2,2,2,2,2,2,2,2,2,2,2,2,2,2,2,2,2,2,2,2,2,2,2,
2,2,2,4),(4,2,2,2,2,2,2,2,4),(0.223045661,0.223054631,0.223121074,0.223652621,0.224715714,0.228968086,0.231094271,0.232157364,0.233220457,0.237472829,0.241725201,0.243851387,0.245977573,0.250229945,0.252356131,0.253419224,0.254482317,0.258734689,0.262987061,0.264050154,0.265113247,0.267239433,0.271491805,0.273617991,0.274681084,0.275744177,
0.277870363,0.278933455,0.279996548,0.28424892,0.288501292,0.290627478,0.291690571,0.292753664,0.297006036,0.301258408,0.30551078,0.306573873,0.307636966,0.309763152,0.314015524,0.318267896,0.319330989,0.320394082,0.322520268,0.326772639,0.328898825,0.329961918,0.331025011,0.335277383,0.336340476,
0.336872023,0.336905244,0.336938466,0.336962333),(0.,0.125,0.25,0.375,0.5,0.625,0.75,0.875,1.),.UNSPECIFIED.);
#7688=ORIENTED_EDGE('',*,*,#5653,.T.);
#7689=ORIENTED_EDGE('',*,*,#527,.F.);
#7690=ORIENTED_EDGE('',*,*,#5701,.T.);
#7691=ORIENTED_EDGE('',*,*,#3286,.F.);
#7692=EDGE_LOOP('',(#7688,#7689,#7690,#7691));
#7693=FACE_BOUND('',#7692,.T.);
#7694=ADVANCED_FACE('',(#7693),#7687,.F.);
#7695=CLOSED_SHELL('',(#82,#173,#205,#296,#343,#413,#687,#720,#753,#801,#837,#868,#916,#947,#961,#1012,#1062,#1096,#1161,#1218,#1256,#1332,#1589,#2135,#2175,#2219,
#2286,#2402,#2633,#2659,#2677,#2958,#2991,#3028,#3058,#3076,#3095,#3111,#3151,#3398,#3429,#3637,#3655,#5610,#5658,#5706,#7694));
#7696=MANIFOLD_SOLID_BREP('Rear Arm',#7695);
#7697=COLOUR_RGB('',0.941176474,0.862745106,0.015686275);
#7698=FILL_AREA_STYLE_COLOUR('',#7697);
#7699=FILL_AREA_STYLE('',(#7698));
#7700=SURFACE_STYLE_FILL_AREA(#7699);
#7701=SURFACE_SIDE_STYLE('',(#7700));
#7702=SURFACE_STYLE_USAGE(.BOTH.,#7701);
#7703=PRESENTATION_STYLE_ASSIGNMENT((#7702));
#26=STYLED_ITEM('',(#7703),#7696);
#16=SHAPE_REPRESENTATION('root',(#15),#10);
#17=ADVANCED_BREP_SHAPE_REPRESENTATION('root',(#7696),#10);
#7711=SHAPE_REPRESENTATION_RELATIONSHIP('','',#16,#17);
#7712=APPLICATION_CONTEXT('configuration controlled 3D design of mechanical parts and assemblies');
#7713=APPLICATION_PROTOCOL_DEFINITION('international standard','configuration_control_3d_design_ed2_mim',2004,#7712);
#7714=PRODUCT_CONTEXT('',#7712,'mechanical');
#7715=PRODUCT_DEFINITION_CONTEXT('part definition',#7712,'design');
#24=PRODUCT('root','root','',(#7714));
#7716=PRODUCT_RELATED_PRODUCT_CATEGORY('part','',(#24));
#7717=PRODUCT_DEFINITION_FORMATION_WITH_SPECIFIED_SOURCE('','',#24,.NOT_KNOWN.);
#25=PRODUCT_DEFINITION('design','',#7717,#7715);
#23=PRODUCT_DEFINITION_SHAPE('','',#25);
#7718=SHAPE_DEFINITION_REPRESENTATION(#23,#16);
#11=DRAUGHTING_MODEL('',(),#10);
#1=MECHANICAL_DESIGN_GEOMETRIC_PRESENTATION_REPRESENTATION('',(#26),#10);
ENDSEC;
END-ISO-10303-21;
