:0200000460009A
:100000004643464200000156000000000103030081
:1000100000000000000000000000000000000000E0
:1000200000000000000000000000000000000000D0
:1000300000000000000000000000000000000000C0
:1000400000000000010408000000000000000000A3
:100050000000200000000000000000000000000080
:100060000000000000000000000000000000000090
:100070000000000000000000000000000000000080
:10008000EB04180A063204260000000000000000FD
:10009000050404240000000000000000000000002F
:1000A0000000000000000000000000000000000050
:1000B0000604000000000000000000000000000036
:1000C0000000000000000000000000000000000030
:1000D00020041808000000000000000000000000DC
:1000E0000000000000000000000000000000000010
:1000F0000000000000000000000000000000000000
:10010000D8041808000000000000000000000000F3
:100110000204180804200000000000000000000095
:1001200000000000000000000000000000000000CF
:10013000600400000000000000000000000000005B
:1001400000000000000000000000000000000000AF
:10015000000000000000000000000000000000009F
:10016000000000000000000000000000000000008F
:10017000000000000000000000000000000000007F
:10018000000000000000000000000000000000006F
:10019000000000000000000000000000000000005F
:1001A000000000000000000000000000000000004F
:1001B000000000000000000000000000000000003F
:1001C000000100000010000001000000000000001D
:1001D000000001000000000000000000000000001E
:1001E000000000000000000000000000000000000F
:1001F00000000000000000000000000000000000FF
:10020000FFFFFFFFFFFFFFFFFFFFFFFFFFFFFFFFFE
:10021000FFFFFFFFFFFFFFFFFFFFFFFFFFFFFFFFEE
:10022000FFFFFFFFFFFFFFFFFFFFFFFFFFFFFFFFDE
:10023000FFFFFFFFFFFFFFFFFFFFFFFFFFFFFFFFCE
:10024000FFFFFFFFFFFFFFFFFFFFFFFFFFFFFFFFBE
:10025000FFFFFFFFFFFFFFFFFFFFFFFFFFFFFFFFAE
:10026000FFFFFFFFFFFFFFFFFFFFFFFFFFFFFFFF9E
:10027000FFFFFFFFFFFFFFFFFFFFFFFFFFFFFFFF8E
:10028000FFFFFFFFFFFFFFFFFFFFFFFFFFFFFFFF7E
:10029000FFFFFFFFFFFFFFFFFFFFFFFFFFFFFFFF6E
:1002A000FFFFFFFFFFFFFFFFFFFFFFFFFFFFFFFF5E
:1002B000FFFFFFFFFFFFFFFFFFFFFFFFFFFFFFFF4E
:1002C000FFFFFFFFFFFFFFFFFFFFFFFFFFFFFFFF3E
:1002D000FFFFFFFFFFFFFFFFFFFFFFFFFFFFFFFF2E
:1002E000FFFFFFFFFFFFFFFFFFFFFFFFFFFFFFFF1E
:1002F000FFFFFFFFFFFFFFFFFFFFFFFFFFFFFFFF0E
:10030000FFFFFFFFFFFFFFFFFFFFFFFFFFFFFFFFFD
:10031000FFFFFFFFFFFFFFFFFFFFFFFFFFFFFFFFED
:10032000FFFFFFFFFFFFFFFFFFFFFFFFFFFFFFFFDD
:10033000FFFFFFFFFFFFFFFFFFFFFFFFFFFFFFFFCD
:10034000FFFFFFFFFFFFFFFFFFFFFFFFFFFFFFFFBD
:10035000FFFFFFFFFFFFFFFFFFFFFFFFFFFFFFFFAD
:10036000FFFFFFFFFFFFFFFFFFFFFFFFFFFFFFFF9D
:10037000FFFFFFFFFFFFFFFFFFFFFFFFFFFFFFFF8D
:10038000FFFFFFFFFFFFFFFFFFFFFFFFFFFFFFFF7D
:10039000FFFFFFFFFFFFFFFFFFFFFFFFFFFFFFFF6D
:1003A000FFFFFFFFFFFFFFFFFFFFFFFFFFFFFFFF5D
:1003B000FFFFFFFFFFFFFFFFFFFFFFFFFFFFFFFF4D
:1003C000FFFFFFFFFFFFFFFFFFFFFFFFFFFFFFFF3D
:1003D000FFFFFFFFFFFFFFFFFFFFFFFFFFFFFFFF2D
:1003E000FFFFFFFFFFFFFFFFFFFFFFFFFFFFFFFF1D
:1003F000FFFFFFFFFFFFFFFFFFFFFFFFFFFFFFFF0D
:10040000FFFFFFFFFFFFFFFFFFFFFFFFFFFFFFFFFC
:10041000FFFFFFFFFFFFFFFFFFFFFFFFFFFFFFFFEC
:10042000FFFFFFFFFFFFFFFFFFFFFFFFFFFFFFFFDC
:10043000FFFFFFFFFFFFFFFFFFFFFFFFFFFFFFFFCC
:10044000FFFFFFFFFFFFFFFFFFFFFFFFFFFFFFFFBC
:10045000FFFFFFFFFFFFFFFFFFFFFFFFFFFFFFFFAC
:10046000FFFFFFFFFFFFFFFFFFFFFFFFFFFFFFFF9C
:10047000FFFFFFFFFFFFFFFFFFFFFFFFFFFFFFFF8C
:10048000FFFFFFFFFFFFFFFFFFFFFFFFFFFFFFFF7C
:10049000FFFFFFFFFFFFFFFFFFFFFFFFFFFFFFFF6C
:1004A000FFFFFFFFFFFFFFFFFFFFFFFFFFFFFFFF5C
:1004B000FFFFFFFFFFFFFFFFFFFFFFFFFFFFFFFF4C
:1004C000FFFFFFFFFFFFFFFFFFFFFFFFFFFFFFFF3C
:1004D000FFFFFFFFFFFFFFFFFFFFFFFFFFFFFFFF2C
:1004E000FFFFFFFFFFFFFFFFFFFFFFFFFFFFFFFF1C
:1004F000FFFFFFFFFFFFFFFFFFFFFFFFFFFFFFFF0C
:10050000FFFFFFFFFFFFFFFFFFFFFFFFFFFFFFFFFB
:10051000FFFFFFFFFFFFFFFFFFFFFFFFFFFFFFFFEB
:10052000FFFFFFFFFFFFFFFFFFFFFFFFFFFFFFFFDB
:10053000FFFFFFFFFFFFFFFFFFFFFFFFFFFFFFFFCB
:10054000FFFFFFFFFFFFFFFFFFFFFFFFFFFFFFFFBB
:10055000FFFFFFFFFFFFFFFFFFFFFFFFFFFFFFFFAB
:10056000FFFFFFFFFFFFFFFFFFFFFFFFFFFFFFFF9B
:10057000FFFFFFFFFFFFFFFFFFFFFFFFFFFFFFFF8B
:10058000FFFFFFFFFFFFFFFFFFFFFFFFFFFFFFFF7B
:10059000FFFFFFFFFFFFFFFFFFFFFFFFFFFFFFFF6B
:1005A000FFFFFFFFFFFFFFFFFFFFFFFFFFFFFFFF5B
:1005B000FFFFFFFFFFFFFFFFFFFFFFFFFFFFFFFF4B
:1005C000FFFFFFFFFFFFFFFFFFFFFFFFFFFFFFFF3B
:1005D000FFFFFFFFFFFFFFFFFFFFFFFFFFFFFFFF2B
:1005E000FFFFFFFFFFFFFFFFFFFFFFFFFFFFFFFF1B
:1005F000FFFFFFFFFFFFFFFFFFFFFFFFFFFFFFFF0B
:10060000FFFFFFFFFFFFFFFFFFFFFFFFFFFFFFFFFA
:10061000FFFFFFFFFFFFFFFFFFFFFFFFFFFFFFFFEA
:10062000FFFFFFFFFFFFFFFFFFFFFFFFFFFFFFFFDA
:10063000FFFFFFFFFFFFFFFFFFFFFFFFFFFFFFFFCA
:10064000FFFFFFFFFFFFFFFFFFFFFFFFFFFFFFFFBA
:10065000FFFFFFFFFFFFFFFFFFFFFFFFFFFFFFFFAA
:10066000FFFFFFFFFFFFFFFFFFFFFFFFFFFFFFFF9A
:10067000FFFFFFFFFFFFFFFFFFFFFFFFFFFFFFFF8A
:10068000FFFFFFFFFFFFFFFFFFFFFFFFFFFFFFFF7A
:10069000FFFFFFFFFFFFFFFFFFFFFFFFFFFFFFFF6A
:1006A000FFFFFFFFFFFFFFFFFFFFFFFFFFFFFFFF5A
:1006B000FFFFFFFFFFFFFFFFFFFFFFFFFFFFFFFF4A
:1006C000FFFFFFFFFFFFFFFFFFFFFFFFFFFFFFFF3A
:1006D000FFFFFFFFFFFFFFFFFFFFFFFFFFFFFFFF2A
:1006E000FFFFFFFFFFFFFFFFFFFFFFFFFFFFFFFF1A
:1006F000FFFFFFFFFFFFFFFFFFFFFFFFFFFFFFFF0A
:10070000FFFFFFFFFFFFFFFFFFFFFFFFFFFFFFFFF9
:10071000FFFFFFFFFFFFFFFFFFFFFFFFFFFFFFFFE9
:10072000FFFFFFFFFFFFFFFFFFFFFFFFFFFFFFFFD9
:10073000FFFFFFFFFFFFFFFFFFFFFFFFFFFFFFFFC9
:10074000FFFFFFFFFFFFFFFFFFFFFFFFFFFFFFFFB9
:10075000FFFFFFFFFFFFFFFFFFFFFFFFFFFFFFFFA9
:10076000FFFFFFFFFFFFFFFFFFFFFFFFFFFFFFFF99
:10077000FFFFFFFFFFFFFFFFFFFFFFFFFFFFFFFF89
:10078000FFFFFFFFFFFFFFFFFFFFFFFFFFFFFFFF79
:10079000FFFFFFFFFFFFFFFFFFFFFFFFFFFFFFFF69
:1007A000FFFFFFFFFFFFFFFFFFFFFFFFFFFFFFFF59
:1007B000FFFFFFFFFFFFFFFFFFFFFFFFFFFFFFFF49
:1007C000FFFFFFFFFFFFFFFFFFFFFFFFFFFFFFFF39
:1007D000FFFFFFFFFFFFFFFFFFFFFFFFFFFFFFFF29
:1007E000FFFFFFFFFFFFFFFFFFFFFFFFFFFFFFFF19
:1007F000FFFFFFFFFFFFFFFFFFFFFFFFFFFFFFFF09
:10080000FFFFFFFFFFFFFFFFFFFFFFFFFFFFFFFFF8
:10081000FFFFFFFFFFFFFFFFFFFFFFFFFFFFFFFFE8
:10082000FFFFFFFFFFFFFFFFFFFFFFFFFFFFFFFFD8
:10083000FFFFFFFFFFFFFFFFFFFFFFFFFFFFFFFFC8
:10084000FFFFFFFFFFFFFFFFFFFFFFFFFFFFFFFFB8
:10085000FFFFFFFFFFFFFFFFFFFFFFFFFFFFFFFFA8
:10086000FFFFFFFFFFFFFFFFFFFFFFFFFFFFFFFF98
:10087000FFFFFFFFFFFFFFFFFFFFFFFFFFFFFFFF88
:10088000FFFFFFFFFFFFFFFFFFFFFFFFFFFFFFFF78
:10089000FFFFFFFFFFFFFFFFFFFFFFFFFFFFFFFF68
:1008A000FFFFFFFFFFFFFFFFFFFFFFFFFFFFFFFF58
:1008B000FFFFFFFFFFFFFFFFFFFFFFFFFFFFFFFF48
:1008C000FFFFFFFFFFFFFFFFFFFFFFFFFFFFFFFF38
:1008D000FFFFFFFFFFFFFFFFFFFFFFFFFFFFFFFF28
:1008E000FFFFFFFFFFFFFFFFFFFFFFFFFFFFFFFF18
:1008F000FFFFFFFFFFFFFFFFFFFFFFFFFFFFFFFF08
:10090000FFFFFFFFFFFFFFFFFFFFFFFFFFFFFFFFF7
:10091000FFFFFFFFFFFFFFFFFFFFFFFFFFFFFFFFE7
:10092000FFFFFFFFFFFFFFFFFFFFFFFFFFFFFFFFD7
:10093000FFFFFFFFFFFFFFFFFFFFFFFFFFFFFFFFC7
:10094000FFFFFFFFFFFFFFFFFFFFFFFFFFFFFFFFB7
:10095000FFFFFFFFFFFFFFFFFFFFFFFFFFFFFFFFA7
:10096000FFFFFFFFFFFFFFFFFFFFFFFFFFFFFFFF97
:10097000FFFFFFFFFFFFFFFFFFFFFFFFFFFFFFFF87
:10098000FFFFFFFFFFFFFFFFFFFFFFFFFFFFFFFF77
:10099000FFFFFFFFFFFFFFFFFFFFFFFFFFFFFFFF67
:1009A000FFFFFFFFFFFFFFFFFFFFFFFFFFFFFFFF57
:1009B000FFFFFFFFFFFFFFFFFFFFFFFFFFFFFFFF47
:1009C000FFFFFFFFFFFFFFFFFFFFFFFFFFFFFFFF37
:1009D000FFFFFFFFFFFFFFFFFFFFFFFFFFFFFFFF27
:1009E000FFFFFFFFFFFFFFFFFFFFFFFFFFFFFFFF17
:1009F000FFFFFFFFFFFFFFFFFFFFFFFFFFFFFFFF07
:100A0000FFFFFFFFFFFFFFFFFFFFFFFFFFFFFFFFF6
:100A1000FFFFFFFFFFFFFFFFFFFFFFFFFFFFFFFFE6
:100A2000FFFFFFFFFFFFFFFFFFFFFFFFFFFFFFFFD6
:100A3000FFFFFFFFFFFFFFFFFFFFFFFFFFFFFFFFC6
:100A4000FFFFFFFFFFFFFFFFFFFFFFFFFFFFFFFFB6
:100A5000FFFFFFFFFFFFFFFFFFFFFFFFFFFFFFFFA6
:100A6000FFFFFFFFFFFFFFFFFFFFFFFFFFFFFFFF96
:100A7000FFFFFFFFFFFFFFFFFFFFFFFFFFFFFFFF86
:100A8000FFFFFFFFFFFFFFFFFFFFFFFFFFFFFFFF76
:100A9000FFFFFFFFFFFFFFFFFFFFFFFFFFFFFFFF66
:100AA000FFFFFFFFFFFFFFFFFFFFFFFFFFFFFFFF56
:100AB000FFFFFFFFFFFFFFFFFFFFFFFFFFFFFFFF46
:100AC000FFFFFFFFFFFFFFFFFFFFFFFFFFFFFFFF36
:100AD000FFFFFFFFFFFFFFFFFFFFFFFFFFFFFFFF26
:100AE000FFFFFFFFFFFFFFFFFFFFFFFFFFFFFFFF16
:100AF000FFFFFFFFFFFFFFFFFFFFFFFFFFFFFFFF06
:100B0000FFFFFFFFFFFFFFFFFFFFFFFFFFFFFFFFF5
:100B1000FFFFFFFFFFFFFFFFFFFFFFFFFFFFFFFFE5
:100B2000FFFFFFFFFFFFFFFFFFFFFFFFFFFFFFFFD5
:100B3000FFFFFFFFFFFFFFFFFFFFFFFFFFFFFFFFC5
:100B4000FFFFFFFFFFFFFFFFFFFFFFFFFFFFFFFFB5
:100B5000FFFFFFFFFFFFFFFFFFFFFFFFFFFFFFFFA5
:100B6000FFFFFFFFFFFFFFFFFFFFFFFFFFFFFFFF95
:100B7000FFFFFFFFFFFFFFFFFFFFFFFFFFFFFFFF85
:100B8000FFFFFFFFFFFFFFFFFFFFFFFFFFFFFFFF75
:100B9000FFFFFFFFFFFFFFFFFFFFFFFFFFFFFFFF65
:100BA000FFFFFFFFFFFFFFFFFFFFFFFFFFFFFFFF55
:100BB000FFFFFFFFFFFFFFFFFFFFFFFFFFFFFFFF45
:100BC000FFFFFFFFFFFFFFFFFFFFFFFFFFFFFFFF35
:100BD000FFFFFFFFFFFFFFFFFFFFFFFFFFFFFFFF25
:100BE000FFFFFFFFFFFFFFFFFFFFFFFFFFFFFFFF15
:100BF000FFFFFFFFFFFFFFFFFFFFFFFFFFFFFFFF05
:100C0000FFFFFFFFFFFFFFFFFFFFFFFFFFFFFFFFF4
:100C1000FFFFFFFFFFFFFFFFFFFFFFFFFFFFFFFFE4
:100C2000FFFFFFFFFFFFFFFFFFFFFFFFFFFFFFFFD4
:100C3000FFFFFFFFFFFFFFFFFFFFFFFFFFFFFFFFC4
:100C4000FFFFFFFFFFFFFFFFFFFFFFFFFFFFFFFFB4
:100C5000FFFFFFFFFFFFFFFFFFFFFFFFFFFFFFFFA4
:100C6000FFFFFFFFFFFFFFFFFFFFFFFFFFFFFFFF94
:100C7000FFFFFFFFFFFFFFFFFFFFFFFFFFFFFFFF84
:100C8000FFFFFFFFFFFFFFFFFFFFFFFFFFFFFFFF74
:100C9000FFFFFFFFFFFFFFFFFFFFFFFFFFFFFFFF64
:100CA000FFFFFFFFFFFFFFFFFFFFFFFFFFFFFFFF54
:100CB000FFFFFFFFFFFFFFFFFFFFFFFFFFFFFFFF44
:100CC000FFFFFFFFFFFFFFFFFFFFFFFFFFFFFFFF34
:100CD000FFFFFFFFFFFFFFFFFFFFFFFFFFFFFFFF24
:100CE000FFFFFFFFFFFFFFFFFFFFFFFFFFFFFFFF14
:100CF000FFFFFFFFFFFFFFFFFFFFFFFFFFFFFFFF04
:100D0000FFFFFFFFFFFFFFFFFFFFFFFFFFFFFFFFF3
:100D1000FFFFFFFFFFFFFFFFFFFFFFFFFFFFFFFFE3
:100D2000FFFFFFFFFFFFFFFFFFFFFFFFFFFFFFFFD3
:100D3000FFFFFFFFFFFFFFFFFFFFFFFFFFFFFFFFC3
:100D4000FFFFFFFFFFFFFFFFFFFFFFFFFFFFFFFFB3
:100D5000FFFFFFFFFFFFFFFFFFFFFFFFFFFFFFFFA3
:100D6000FFFFFFFFFFFFFFFFFFFFFFFFFFFFFFFF93
:100D7000FFFFFFFFFFFFFFFFFFFFFFFFFFFFFFFF83
:100D8000FFFFFFFFFFFFFFFFFFFFFFFFFFFFFFFF73
:100D9000FFFFFFFFFFFFFFFFFFFFFFFFFFFFFFFF63
:100DA000FFFFFFFFFFFFFFFFFFFFFFFFFFFFFFFF53
:100DB000FFFFFFFFFFFFFFFFFFFFFFFFFFFFFFFF43
:100DC000FFFFFFFFFFFFFFFFFFFFFFFFFFFFFFFF33
:100DD000FFFFFFFFFFFFFFFFFFFFFFFFFFFFFFFF23
:100DE000FFFFFFFFFFFFFFFFFFFFFFFFFFFFFFFF13
:100DF000FFFFFFFFFFFFFFFFFFFFFFFFFFFFFFFF03
:100E0000FFFFFFFFFFFFFFFFFFFFFFFFFFFFFFFFF2
:100E1000FFFFFFFFFFFFFFFFFFFFFFFFFFFFFFFFE2
:100E2000FFFFFFFFFFFFFFFFFFFFFFFFFFFFFFFFD2
:100E3000FFFFFFFFFFFFFFFFFFFFFFFFFFFFFFFFC2
:100E4000FFFFFFFFFFFFFFFFFFFFFFFFFFFFFFFFB2
:100E5000FFFFFFFFFFFFFFFFFFFFFFFFFFFFFFFFA2
:100E6000FFFFFFFFFFFFFFFFFFFFFFFFFFFFFFFF92
:100E7000FFFFFFFFFFFFFFFFFFFFFFFFFFFFFFFF82
:100E8000FFFFFFFFFFFFFFFFFFFFFFFFFFFFFFFF72
:100E9000FFFFFFFFFFFFFFFFFFFFFFFFFFFFFFFF62
:100EA000FFFFFFFFFFFFFFFFFFFFFFFFFFFFFFFF52
:100EB000FFFFFFFFFFFFFFFFFFFFFFFFFFFFFFFF42
:100EC000FFFFFFFFFFFFFFFFFFFFFFFFFFFFFFFF32
:100ED000FFFFFFFFFFFFFFFFFFFFFFFFFFFFFFFF22
:100EE000FFFFFFFFFFFFFFFFFFFFFFFFFFFFFFFF12
:100EF000FFFFFFFFFFFFFFFFFFFFFFFFFFFFFFFF02
:100F0000FFFFFFFFFFFFFFFFFFFFFFFFFFFFFFFFF1
:100F1000FFFFFFFFFFFFFFFFFFFFFFFFFFFFFFFFE1
:100F2000FFFFFFFFFFFFFFFFFFFFFFFFFFFFFFFFD1
:100F3000FFFFFFFFFFFFFFFFFFFFFFFFFFFFFFFFC1
:100F4000FFFFFFFFFFFFFFFFFFFFFFFFFFFFFFFFB1
:100F5000FFFFFFFFFFFFFFFFFFFFFFFFFFFFFFFFA1
:100F6000FFFFFFFFFFFFFFFFFFFFFFFFFFFFFFFF91
:100F7000FFFFFFFFFFFFFFFFFFFFFFFFFFFFFFFF81
:100F8000FFFFFFFFFFFFFFFFFFFFFFFFFFFFFFFF71
:100F9000FFFFFFFFFFFFFFFFFFFFFFFFFFFFFFFF61
:100FA000FFFFFFFFFFFFFFFFFFFFFFFFFFFFFFFF51
:100FB000FFFFFFFFFFFFFFFFFFFFFFFFFFFFFFFF41
:100FC000FFFFFFFFFFFFFFFFFFFFFFFFFFFFFFFF31
:100FD000FFFFFFFFFFFFFFFFFFFFFFFFFFFFFFFF21
:100FE000FFFFFFFFFFFFFFFFFFFFFFFFFFFFFFFF11
:100FF000FFFFFFFFFFFFFFFFFFFFFFFFFFFFFFFF01
:10100000D1002043491600600000000000000000ED
:10101000201000600010006000D800600000000098
:101020000000006000E4000000000000FFFFFFFF80
:10103000FFFFFFFFFFFFFFFFFFFFFFFFFFFFFFFFC0
:10104000FFFFFFFFFFFFFFFFFFFFFFFFFFFFFFFFB0
:10105000FFFFFFFFFFFFFFFFFFFFFFFFFFFFFFFFA0
:10106000FFFFFFFFFFFFFFFFFFFFFFFFFFFFFFFF90
:10107000FFFFFFFFFFFFFFFFFFFFFFFFFFFFFFFF80
:10108000FFFFFFFFFFFFFFFFFFFFFFFFFFFFFFFF70
:10109000FFFFFFFFFFFFFFFFFFFFFFFFFFFFFFFF60
:1010A000FFFFFFFFFFFFFFFFFFFFFFFFFFFFFFFF50
:1010B000FFFFFFFFFFFFFFFFFFFFFFFFFFFFFFFF40
:1010C000FFFFFFFFFFFFFFFFFFFFFFFFFFFFFFFF30
:1010D000FFFFFFFFFFFFFFFFFFFFFFFFFFFFFFFF20
:1010E000FFFFFFFFFFFFFFFFFFFFFFFFFFFFFFFF10
:1010F000FFFFFFFFFFFFFFFFFFFFFFFFFFFFFFFF00
:10110000FFFFFFFFFFFFFFFFFFFFFFFFFFFFFFFFEF
:10111000FFFFFFFFFFFFFFFFFFFFFFFFFFFFFFFFDF
:10112000FFFFFFFFFFFFFFFFFFFFFFFFFFFFFFFFCF
:10113000FFFFFFFFFFFFFFFFFFFFFFFFFFFFFFFFBF
:10114000FFFFFFFFFFFFFFFFFFFFFFFFFFFFFFFFAF
:10115000FFFFFFFFFFFFFFFFFFFFFFFFFFFFFFFF9F
:10116000FFFFFFFFFFFFFFFFFFFFFFFFFFFFFFFF8F
:10117000FFFFFFFFFFFFFFFFFFFFFFFFFFFFFFFF7F
:10118000FFFFFFFFFFFFFFFFFFFFFFFFFFFFFFFF6F
:10119000FFFFFFFFFFFFFFFFFFFFFFFFFFFFFFFF5F
:1011A000FFFFFFFFFFFFFFFFFFFFFFFFFFFFFFFF4F
:1011B000FFFFFFFFFFFFFFFFFFFFFFFFFFFFFFFF3F
:1011C000FFFFFFFFFFFFFFFFFFFFFFFFFFFFFFFF2F
:1011D000FFFFFFFFFFFFFFFFFFFFFFFFFFFFFFFF1F
:1011E000FFFFFFFFFFFFFFFFFFFFFFFFFFFFFFFF0F
:1011F000FFFFFFFFFFFFFFFFFFFFFFFFFFFFFFFFFF
:10120000FFFFFFFFFFFFFFFFFFFFFFFFFFFFFFFFEE
:10121000FFFFFFFFFFFFFFFFFFFFFFFFFFFFFFFFDE
:10122000FFFFFFFFFFFFFFFFFFFFFFFFFFFFFFFFCE
:10123000FFFFFFFFFFFFFFFFFFFFFFFFFFFFFFFFBE
:10124000FFFFFFFFFFFFFFFFFFFFFFFFFFFFFFFFAE
:10125000FFFFFFFFFFFFFFFFFFFFFFFFFFFFFFFF9E
:10126000FFFFFFFFFFFFFFFFFFFFFFFFFFFFFFFF8E
:10127000FFFFFFFFFFFFFFFFFFFFFFFFFFFFFFFF7E
:10128000FFFFFFFFFFFFFFFFFFFFFFFFFFFFFFFF6E
:10129000FFFFFFFFFFFFFFFFFFFFFFFFFFFFFFFF5E
:1012A000FFFFFFFFFFFFFFFFFFFFFFFFFFFFFFFF4E
:1012B000FFFFFFFFFFFFFFFFFFFFFFFFFFFFFFFF3E
:1012C000FFFFFFFFFFFFFFFFFFFFFFFFFFFFFFFF2E
:1012D000FFFFFFFFFFFFFFFFFFFFFFFFFFFFFFFF1E
:1012E000FFFFFFFFFFFFFFFFFFFFFFFFFFFFFFFF0E
:1012F000FFFFFFFFFFFFFFFFFFFFFFFFFFFFFFFFFE
:10130000FFFFFFFFFFFFFFFFFFFFFFFFFFFFFFFFED
:10131000FFFFFFFFFFFFFFFFFFFFFFFFFFFFFFFFDD
:10132000FFFFFFFFFFFFFFFFFFFFFFFFFFFFFFFFCD
:10133000FFFFFFFFFFFFFFFFFFFFFFFFFFFFFFFFBD
:10134000FFFFFFFFFFFFFFFFFFFFFFFFFFFFFFFFAD
:10135000FFFFFFFFFFFFFFFFFFFFFFFFFFFFFFFF9D
:10136000FFFFFFFFFFFFFFFFFFFFFFFFFFFFFFFF8D
:10137000FFFFFFFFFFFFFFFFFFFFFFFFFFFFFFFF7D
:10138000FFFFFFFFFFFFFFFFFFFFFFFFFFFFFFFF6D
:10139000FFFFFFFFFFFFFFFFFFFFFFFFFFFFFFFF5D
:1013A000FFFFFFFFFFFFFFFFFFFFFFFFFFFFFFFF4D
:1013B000FFFFFFFFFFFFFFFFFFFFFFFFFFFFFFFF3D
:1013C000FFFFFFFFFFFFFFFFFFFFFFFFFFFFFFFF2D
:1013D000FFFFFFFFFFFFFFFFFFFFFFFFFFFFFFFF1D
:1013E000FFFFFFFFFFFFFFFFFFFFFFFFFFFFFFFF0D
:1013F000FFFFFFFFFFFFFFFFFFFFFFFFFFFFFFFFFD
:10140000814205D051F8043B40F8043B8242F9D8B0
:10141000704700BF044A05494FF0000342F8043BFF
:101420009142FBD8704700BFC01600200045002045
:101430002DE98848BFF34F8F00BF00BF00BF00BF3A
:1014400000F040F9674B0822C3F8542100BF00BFE9
:1014500000BF00BF00BF00BF00BF00BF00BF00BF94
:1014600000BF00BF00BF00BF00BF00BF5E4A5F49B2
:101470005F48FFF7C5FF5F4A5F496048FFF7C0FF5D
:101480005F4CFFF7C7FF4FF470004FF0E0210023DF
:101490005C4AC1F8880D44F823200133B02BFAD1FF
:1014A000594B8021594A03F8011B9342FBD14FF05D
:1014B000E0254C4E4FF08039DFF880B1DFF880A195
:1014C0004FF0FF31C5F8084D0027C6F80491C6F863
:1014D00000B1C6F8F490C6F8F0A0D5F8243DDFF8C6
:1014E000648143F4E0234A4AC5F8243DD8F81C300F
:1014F00023F07F0343F04003C8F81C30D8F82430B1
:1015000023F07F0343F04003C8F824309166D1668E
:101510001167516700F0DEF83E4B3F49A3633F4B34
:10152000E36363236B610323AF612B613C4BC5F81D
:10153000203DD5F8FC3D43F08073C5F8FC3D394BA8
:101540001A6842F001021A605B680B6000F04AF909
:10155000C6F804913448C6F800B1C6F8F490C6F84D
:10156000F0A000F0ADFAD8F86C10304B304A41F4DE
:101570004051C8F86C101F60C3F80871C3F81871A7
:10158000C3F82871C3F83871936BDB0708D442F6AF
:101590001563284951651365936B43F00103936309
:1015A000234A254C936843F00113936000F060F8E0
:1015B00000F092FA00F044F900F086F82368132B4B
:1015C000FCD900F0D5F92368B3F5967FFBD300F082
:1015D0007FF800F07BF800F087FA00F079FA30BF6E
:1015E000FDE700BF00800D4080A30000001C0060EC
:1015F00000000000C016002084BF00600000002032
:1016000000140020B128000000E400E0A0E400E0A5
:1016100000C00A40D93C000090440020DD3C00009E
:1016200000002020001000E00046C32300400840D6
:1016300000400D400000C056944400201B101820AC
:101640000C0D111300C00F40054B4FF42A01054A41
:1016500005485A641864054A99639546FFF7E8FE01
:1016600000C00A40AFAAAAAA070020000000072075
:10167000104BA020104AD96E41F4403110B4D96605
:1016800040F23764D96E41F44071D9665464906475
:10169000936C1B06FCD4094A40F23761A0235164C5
:1016A0009364936C13F08003FBD1054A13705DF8CB
:1016B000044B704700C00F4000400C4000800C40BD
:1016C000BF440020704700BF704700BF704700BF95
:1016D00000BF704710B44FF0E023002110243148C0
:1016E000C3F8941DC3F89C4D1124C3F8A00D2E48D7
:1016F000C3F89C4D1224C3F8A00D2C48C3F89C4D90
:101700002B4AC3F8A00D2B4C42F015022A48C3F80F
:101710009C4DC3F8A00D294C2948C3F89C4DC3F833
:10172000A00D284CC3F89C2D2748284AC3F8A04D8B
:10173000C3F89C0DC3F8A02D02F5A022244C0C3256
:101740002448C3F89C4DC3F8A02D234AC3F89C0D30
:10175000224CC3F8A02D02F14062C3F89C4D2048F2
:10176000C3F8A02D0C32C3F89C0DC3F8A02D00BF08
:1017700000BF00BF00BF00BF0122C3F8942DBFF31C
:101780004F8FBFF36F8FC3F8501FBFF34F8FBFF35F
:101790006F8FD3F8142D5DF8044B42F44032C3F838
:1017A000142D70473F0000102500080709001000A5
:1017B0000045002013002000210002071400002033
:1017C00025000813090000101600202027000B1325
:1017D00017000040180000602F000B071900007070
:1017E0001A000080F0B4154A40274FF480314FF4BE
:1017F00080564FF400554FF4404443F242001369C1
:1018000013F0020F0ED113F4005F0FD013F4805FBA
:101810000ED0002BF3DA13F4803F0BD15B060BD50F
:10182000F0BC7047946151619061E8E75561E6E76B
:101830005661E4E79161E2E75761E0E700800D401F
:101840003F4A03203F49F3EE095AD2F880304FF067
:10185000000C9FED3D6A23F001039FED3C5A30B42C
:10186000C2F88030C2F89000D1F8E010384DCBB209
:10187000384C39482B6007EE903A0B0DC1F30B2121
:10188000F8EEE77A06EE903A07EE101A334BB8EE10
:10189000C77A2160F8EEE66A314937EEC66A37EE5C
:1018A000C55A76EEC76A77EEE57A26EE266AC3ED6C
:1018B000006A25EE265AD2F8803067EEA64AC0EDBF
:1018C000007AC6EE275A274885EE276AC4EEA76A33
:1018D00075EE875AFCEEE55A36EE076A15EE904A29
:1018E000BCEEC66A43EA045376EE877AC2F88030CB
:1018F00016EE103AD2F89041FCEEE77A01EA034185
:10190000214317EE903AC2F89011C3F30B03D2F8BB
:1019100090110B431449C2F89031D2F8803043F053
:101920000203C2F88030114B80F840C0C1F840314A
:101930004FF0E023012230BCC3F80821704700BFFC
:1019400000810D4000441F400000AA420000B44244
:10195000804400207C4400208444002088440020EF
:101960000000FF0F00E400E000140020992A0000AE
:10197000314B40F6617210B5C3F8202140F20444A7
:1019800000F0A2F82D4A2E49D2F880302D4843F0BD
:101990000303C2F880302C4BC1F8604102681A4240
:1019A00003D1D1F8A8319A071BD0254A4FF0004146
:1019B000244B5963D2F8403143F00203C2F840315E
:1019C000D2F840319B07FBD44FF400304FF0E021B8
:1019D0001C4B4FF00042C1F88C0219209A6300F0B2
:1019E0007FF8184A4FF08040154C002190630A2080
:1019F000164B11604FF42072C4F8A801184600F08D
:101A00005BF84FF4800203464FF4810040F243112B
:101A10001860C4F858311A640D4B0E4AC4F84811C6
:101A2000C3F804224FF0E0224FF400310123C2F842
:101A30000C11C4F8403110BD00800D4000C00F40B3
:101A400000002E4000900D40001C1E0000000020F1
:101A500000140020812C000008B50E4B1B6E9B0764
:101A600000D4FBBE72B60C4B00200C4AC3F84001F8
:101A700003F160430A49A3F55F2311649D46BFF358
:101A80004F8F4FF400130748074ADB6902609B68D9
:101A9000984700BF00441F4000002E4000C00A408D
:101AA0000300200000802020000012EBF8B500BFEA
:101AB000F8BC08BC9E4670475FF800F05D4E000021
:101AC0005FF800F0FD3C00005FF800F0F13300002B
:101AD0005FF800F0092700005FF800F0694000009F
:101AE0005FF800F05D2500005FF800F0495000004D
:081AF000450000005522000032
:101AF8001603550053004200200053006500720091
:101B0800690061006C00000018035400650065005E
:101B18006E00730079006400750069006E006F0044
:101B28000403090409026200030100C032080B0023
:101B3800020202010009040000010202010005245A
:101B480000100105240101010424020605240600F1
:101B5800010705820310001009040100020A0000B1
:101B68000007050302400000070584024000000941
:101B780004020002FF6AFF00070581024000010716
:101B8800050102400001000009026200030100C0D3
:101B980032080B00020202010009040000010202DF
:101BA8000100052400100105240101010424020696
:101BB8000524060001070582031000050904010039
:101BC800020A00000007050302000200070584025C
:101BD8000002000904020002FF6AC700070581022B
:101BE8000002010705010200020100000A060002C6
:081BF800EF02014001000000B2
:101C000000000000000000000000000000000000D4
:101C100000000000000000000000000000000000C4
:101C20000548064B1B1AD90F01EBA301491002D03E
:101C3000034B03B118477047C0160020C0160020A0
:101C40000000000008B5054B1BB105490548AFF37E
:101C50000080BDE80840FFF7E3BF00BF00000000C0
:101C60002C44002000E4006000207047034B1868FB
:101C700010B103681B681847704700BFE4180020C4
:101C80002DE9F04100F5005090B0574C9646574B67
:101C90000094C0F810191B6A5548C3F30123046867
:101CA000403304F080746B4413F8406C514B03FBD9
:101CB00006F60368B6FBF1F2B6FBF2F543F0A0437B
:101CC0004D1B03600368DF01FCD5052A4FF0000CB3
:101CD0002AD96046831C0130B2FBF3F7192F07FBAA
:101CE00003F3F7D84FF00108B6FBF3F3CB1A002B40
:101CF000B8BF5B42AB420BDBA7F10C0318BF4FF040
:101D00000008062B0AD8B8F1000F07D08446E1E797
:101D10001D46A7F10C038446062BF4D9052FD9D80C
:101D20000CF10103B2FBF3F2B5F5967FA2F10502C7
:101D30004CDC142A4AD802EB42022F4F6E46DFF8E1
:101D4000B08002F14003BEF1020F0DEB03050FCF8F
:101D50000FC60FCF0FC60FCF0FC697E80F0007C6ED
:101D600026F8023B4FEA1343337015F83F3C15F851
:101D70003E2C4FEAC34315F8401C4FEA024203F4DD
:101D8000601301F0070102F4E02243EA020343EA90
:101D9000010343F4800343EA0C6343F48043C8F82F
:101DA0000430D8F8043014BF23F0080343F00803CC
:101DB000C8F804303CB90E4A136823F0805313600E
:101DC0001368DB01FCD410B0BDE8F081002CFAD11F
:101DD000074A136823F0805313601368D901FCD4B9
:101DE00010B0BDE8F08100BF3C18500000C00F40AB
:101DF00000001D4040420F007003002008B58368BA
:101E000003B19847044AD3889BB243F48043D380FC
:101E1000BFF34F8F08BD00BF00800B4008B583683B
:101E200003B19847034A137803F0F7031370BFF325
:101E30004F8F08BD00400B400020704700207047C6
:101E400008207047036870B504462BB9C37913B9ED
:101E5000C37A022B36D070BD40F281129342FAD180
:101E6000C37A082BF7D11E4D8289C37B2A60827BFF
:101E70001C4E6A6003F00102C3F340032A723278F9
:101E80006B729A4205D023B90121084602F0BAF9D3
:101E90006B7A228AA17C3370134EC5E90321E37C5F
:101EA000327803F001032B75E37CC3F340039A42BD
:101EB0006B7505D023B90121032002F0A3F96B7DD6
:101EC000337070BD037B812BC5D1437B0BB1052BD8
:101ED000C1D14FF0E023054AC3F80C2DFEE700BF47
:101EE00088180020BB440020BA4400200400FA05F2
:101EF00010490B68486B0A68496B02F07F02C1F316
:101F0000036101320431B2EB410F10D303F07F03C0
:101F1000C0F30360053B0130A3EB4003DBB2054A8D
:101F2000106800F07F000130C01AC0B27047002373
:101F3000F5E700BF00001D402DE9F84F704C0E463C
:101F400021688D007CD5656BC5F30365ED00083510
:101F5000B54275D9984623680746934603F08079C1
:101F6000236843F0A04323602568E801FCD523687B
:101F700013F4407F53D198F80040012C00F08B807F
:101F80000A9B604D1978604BA1F1020103EACB4333
:101F9000B1FA81F14909C9070B435C4931444FEA61
:101FA000810ACAF80030564B1B68990008D5FFF724
:101FB0009FFF2028A8BF2020864201DACAF8A05738
:101FC000A4F1010406EB46034D496FF04040B4FA1A
:101FD00084F407EBC3038864640903F5F051240417
:101FE0000C60086800F4702030430860086840F016
:101FF00080000860086840F00050086041F6046006
:10200000002143F800B041F60860195041F60C6019
:10201000195041F61060195041F614601950384BB0
:102020001B68C3F30123012B0CD0B9F1000F07D1BA
:10203000334A136823F0805313601368DB01FCD428
:10204000BDE8F88F98F80030012B33D00A9B1B783D
:10205000022B44D043F6F8712B4A2C4B01EACB01FA
:102060002B4C02EACB4233440A439B001A60244BB8
:102070001B689A000AD5FFF73BFF2028A8BF202045
:10208000B04203DD234B33449B001C601C4B6FF0BC
:1020900080229A64C9E70A9B4FF0FF351B78022B18
:1020A0001D4B08BF4FF0404103EA4B0318BF4FF0F0
:1020B000804171E70A9B4FEADB3214494FF0FF344D
:1020C0001B7842EA02423144022B4FEA81010CBFE5
:1020D0004FF0C0234FF0402313430B60C7E743F694
:1020E000F873094809496FF0071403EACB0300EAC3
:1020F000CB4231441343890043F080230B60B6E7A1
:1021000000001D400100F8FF0000F83F38400710B4
:10211000F87FF87F20420710FEFFFF3F0B4B186847
:1021200088B103680A4A1B6893420DD1836810B5D1
:1021300003B19847074AD3889BB243F48043D380C6
:10214000BFF34F8F10BD7047184700BFE81800203D
:10215000FD01000000800B40634A2DE9F041146846
:10216000136804F0807443F0A04313601368DD012A
:10217000FCD511680023DFF878C121F000515B4FD6
:10218000594E1160194653629362126803EB0C02B8
:10219000DD1901331201AD00D160DBB291605160F5
:1021A00011602960326802F07F0201329342EDD360
:1021B000B1643161F26A336BF262336333680028D1
:1021C00049D1DFF82C810546474E484F19E0336866
:1021D00003F07F030133B0EB930F34BF4FF0806304
:1021E0004FF08C631360736BC3F300439B070B606A
:1021F0003368013503F07F03EDB2013328469D4279
:102200001ED2336805EB0802E91903F07F031201BF
:1022100089000133B0EB530FD9D34FF00063136043
:1022200033689A0003D5FFF763FEA842E0D8012384
:102230001F2D03FA05F34CD8B26A1343B362D7E7F4
:102240003CB9294A136823F0805313601368DB01FB
:10225000FCD4BDE8F08143F000533360356815F0DD
:1022600000553ED0FFF744FE3368054603F07F0378
:1022700001338342E4D91E4F4FF00066DFF86880D7
:102280000DE0D8F828201343C8F82830D8F80030DB
:10229000013503F07F03EDB201339D42D0D2EB193B
:1022A0001B011E60D8F80030990003D5FFF720FE0F
:1022B0008542EBD301231F2D03FA05F3E1D9A5F1E4
:1022C00020010123D8F824208B401343C8F8243080
:1022D000DCE7A5F120010123726A8B40134373628E
:1022E00086E73368C7E700BF00001D4020420710A3
:1022F00008D0010470B5584B82B0584900220193B0
:102300000B6AC3F3012308336B4413F8043CC0E9A0
:102310000122C0E90322002B00F0858000F5005562
:102320004E4924204E4B01244E4A0226C5F80C0982
:102330001220C3F8D0208A6E4B4B42F470328A666A
:1023400041F2B00185F81549484A494CC3F81C01CF
:10235000C3F80C13E664C3F82001C3F81013136824
:1023600023F000431360136843F0A0431360136825
:10237000DC01FCD553683D4943F008035360136802
:1023800043F0804313600B68D802FCD40B68374AD3
:1023900043F000730B6013689901FCD4334C23683D
:1023A000DA01FCD52368002043F40033236023685E
:1023B00043F480332360236843F48053236023680D
:1023C00043F400532360236843F4800323602368AD
:1023D00043F400232360236823F408432360636BE2
:1023E00043F4E0236363236843F40013236023680A
:1023F00043F080632360FFF7AFFE23681B4A23F09E
:10240000805323601368DB01FCD4D5F80C2901212B
:10241000184B03EB521302F01F029B0001FA02F269
:102420001A6002B070BD0B6A134A23F47F7343F441
:1024300080730B621368002B3FF470AF0B4A00F5FA
:1024400000551C6818465268D5F81019C2F3C0022E
:1024500063685200984763E73C18500000C00F4083
:10246000001400206D00000000801F4000001D408F
:1024700000841F4040380038E41800201F2910B4A1
:1024800022D8012318488B400363184B4FF0006497
:10249000D0790B441B011C60E8B1117A1068090562
:1024A00020F0604041F4C0015860D0685DF8044BF2
:1024B00000BA9860106900BAD860D27A41EA024244
:1024C00042F040621A607047A1F1200401230648DF
:1024D000A340C362D9E714680548117A00EA844032
:1024E00009055860E1E700BF00001D4008D0010465
:1024F0000000FC1F3B4B1B6A2DE9F04113F0200E3E
:1025000086B066D100F580540646B4F81E3B9BB2F7
:10251000102B62D0B4F81C8B0D461A27086808F0FF
:102520000F084968AA68EC46EB6807FB0848ACE866
:102530000F0028691822696988F830EB41F6303EAF
:10254000B4F81C3B03F00F0307FB034383F8312B64
:10255000B4F81C3B03F00F03ACE8030007FB036671
:10256000EC46B644BCE80F00CEF80200CEF80610E8
:10257000CEF80A20CEF80E30BCE80300CEF81200E8
:10258000CEF81610B4F81C2BB4F81A3B92B29BB2DA
:1025900083F010039A4206D1B4F81A3B013303F0DA
:1025A0001F03A4F81A3BB4F81C3B013303F01F03CC
:1025B000A4F81C3BB4F81E3B9BB20F2B09D8B4F80F
:1025C0001E3B012003449BB2A4F81E3B06B0BDE8AD
:1025D000F081012006B0BDE8F081704606B0BDE88C
:1025E000F08100BF00001D408B7D70B50D4686B0A8
:1025F00004463F4E002B3CD1336813F0005C25D0DD
:10260000FFF776FC3368844603F07F03013398427A
:102610001ED23849364807E003685FFA82FC03F0AF
:102620007F0301339C4513D20CEB01030CF1010233
:102630001B011B68C3F30363082BEDD120462A4618
:102640006146FFF71BFF012006B070BD3368E0E76D
:102650000FCDEC46FF26ACE80F0095E803008CE8B0
:102660000300694620468DF81460FFF743FF06B06B
:1026700070BD306810F0005030D0FFF739FC33687F
:1026800003F07F030133834224D91A49184E05E031
:10269000336803F07F03013398421BD24318421C76
:1026A00084461B01D0B21A681201F1D51B68C3F32E
:1026B0000363082B14D06E460FCD0FC695E80300B8
:1026C00086E80300694620468DF814C0FFF712FF24
:1026D00006B070BD084B4FF0FF3CE7E73368D4E726
:1026E00020462A465FFA8CF1FFF7C8FE0120ABE7CF
:1026F00000001D4008D0010470001D402DE9F0438A
:10270000204F95B00D46814690460DF1040C541EA5
:102710001D4E0FCFACE80F0097E803002A468DF856
:102720000F50CDF804908CE80300414604A801F056
:10273000F3FD01A91548FFF757FF2B46013D4A4617
:10274000134907A804F0A8F858FA85F507A804F07B
:10275000B7FA014607A802F0B3FF14F8012F31467B
:1027600007A804F099F807A804F0AAFA014607A8F8
:1027700002F0A6FFAC42F0D1064801F037FC15B0DC
:10278000BDE8F083B0030020D8030020EC1800203F
:10279000C8030020B80B00202DE9F043B94D85B0E7
:1027A000B94C40F2EE28B94FDFF840932E6803F0A1
:1027B00005F82378002B00F032813B78DB0740F1ED
:1027C0002E812B68D9F800209B1A0E2B40F227810E
:1027D0001721AF4802F074FFAE4801F007FCAE4885
:1027E000AE490026036CAE4A43F40013AD4C0364BB
:1027F0004B6FAD4843F440334B670260966046F23E
:10280000A012AA4BAA49AB48C1F8B0014FF4A2618B
:102810001A8044F2040219804FF0E020DA8002218D
:102820001A8892B242F06C021A801E814FF08053D7
:10283000C0F80831304601F02FFD0121084601F0B3
:102840002BFD0221084601F027FD0121032001F0A4
:1028500023FD0221042001F01FFD0121052001F0CC
:102860001BFD0221062001F017FD0121072001F0C8
:1028700013FD0221082001F00FFD0920012101F0C4
:102880000BFD3146102001F007FD31460F2001F00D
:1028900003FD0E20022101F0FFFC3146132001F060
:1028A000FBFC3146122001F0F7FC0221112001F05F
:1028B000F3FC814801F06CFB804A0120314613880B
:1028C00043F01003138001F09DFC3146032001F01A
:1028D00099FC3146052001F095FC3146072001F0B6
:1028E00091FC3146092001F08DFC754B2A681020BF
:1028F0001A6001F0EFFB7348FFF7FCFC32467249A7
:102900007048FFF7BDF9236843F0A04323602368B4
:10291000DE01FCD500202668FFF71EFCE26A236B6F
:10292000E2622363236823F07F032360236843F07C
:102930003F032360B40000F1DD805A4C236823F08C
:10294000805323602368D801FCD40120DFF8A081E4
:10295000FFF702FC23685D4A9900C8F804270AD5EE
:10296000A36A9A0607D4A36A23F0FF03A362A36AAB
:1029700043F02003A362002603AC03270DF10B03F1
:10298000324631464F4800948DF80C608DF80B703C
:10299000FFF7D2FA0DF10B0381220121494800947F
:1029A0008DF80B708DF80C60FFF7C6FA0DF10B0374
:1029B00040F281120221434800948DF80B708DF88B
:1029C0000C60FFF7B9FA374B1B689B0035D5FFF752
:1029D0008FFA3F2831D900233D492E6822468B616A
:1029E0002C6828688DF80C30C1E90033C1E9023346
:1029F000C1E9043337490E6037490C603749086034
:102A000037483849037040F205700B700121FFF719
:102A100075FE2A68344B1A6005B0BDE8F0832B6858
:102A200022789B1B32B1B3F5FA6F3FF6D1AE02F0BC
:102A3000C5FEBCE64345FAD9CAE61A4B5A6A22F0EB
:102A400000425A620022D3F87014C3F87424C3F809
:102A50007824C3F87C244FF00062C3F870245A6ACB
:102A600042F000425A624FF000429968DA62D3F8AD
:102A7000703413F4C00F14BF01230023DB06C8F821
:102A8000E836A8E794440020C7440020C64400204C
:102A900088090020B80B002000C00A4000C00F4089
:102AA000D818002000001D40E818002000800B40CE
:102AB000001400201D05000058420020B0440020F2
:102AC0006C420020EC18002048E80100450200009C
:102AD00088180020A4180020D0180020D418002046
:102AE000BB440020BA44002004420020A44400203B
:102AF000EC3800200120FFF72FFB1EE710B504463D
:102B000082B081B90D215A4802F0DAFD594801F02E
:102B10006DFA0A2C18D8DFE804F027313B454F172F
:102B2000171717595F000F21534802F0C9FD51488C
:102B300001F05CFA0A2C07D8DFE804F0545F6A75EC
:102B400080060606068B92004C4B1B884C4C01AA53
:102B5000032140F285102478ADF804308DF806404A
:102B6000FFF7CCFD02B010BD0021012001F04AFBAF
:102B7000424A138843F001031380E7E70021032052
:102B800001F040FB3D4A138843F002031380DDE768
:102B90000021052001F036FB384A138843F0040376
:102BA0001380D3E70021072001F02CFB334A138860
:102BB00043F008031380C9E70021092001F022FB3C
:102BC0002E4A138843F010031380BFE72B4A138863
:102BD00043F480731380B9E7284A138843F40073E1
:102BE0001380B3E70121084601F00CFB234A138848
:102BF00023F001039BB21380A8E70121032001F019
:102C000001FB1E4A138823F002039BB213809DE749
:102C10000121052001F0F6FA184A138823F0040375
:102C20009BB2138092E70121072001F0EBFA134ACF
:102C3000138823F008039BB2138087E70121092042
:102C400001F0E0FA0D4A138823F010039BB21380C1
:102C50007CE70A4A138823F480739BB2138075E7DC
:102C6000064A138823F400739BB213806EE700BFFB
:102C7000E0030020B80B0020F0030020B044002047
:102C8000B94400200B78632B10B5044682B010467F
:102C900013D003F51C6304EB83035B6813B101924B
:102CA0009847019804F50054D4F804381BB102B0D9
:102CB000BDE81040184702B010BD04F50054D4F828
:102CC0000437002BF0D0019298470198ECE700BF41
:102CD0002DE9F04300F500578FB0044697F8003710
:102CE00013B9012387F80037238B9BB2002B57D1F0
:102CF000D7F80C2904F58056724B02F01F0103EB44
:102D0000521301229B008A401A60B6F81E3B9BB208
:102D100083B3B6F81A3B1A2208AD0DF1080C03F084
:102D20000F03AE4602FB034341F6323203EB0208C7
:102D30009858D8F80410D8F80820D8F80C300FC5E7
:102D4000D8F81000D8F8141003C5BEE80F00ACE89E
:102D50000F009EE803008CE803009DF91C104B1C3B
:102D600054D0594B0B441B011B68C3F30363082B5E
:102D700000F08B80D7F80C29544B02F01F0103EBB5
:102D8000521301229B008A4000211A60238BB6F85F
:102D90001E0B9BB280B240EA03300FB0BDE8F08357
:102DA000A68A1A23B4F814C008ADF6B20CF1010CCF
:102DB00003FB0646CCF3080CD6F81C01D6F820110C
:102DC000D6F82831D6F824210FC5D6F82C01D6F82C
:102DD0003011A4F814C0238B9BB203C51BB1238B05
:102DE000013B9BB2238308AD02AE0FCD0FC695E821
:102DF000030002AA86E803009DF81C300DF10701CC
:102E000020468DF80730FFF73DFF71E7DFF8C080FF
:102E1000D8F8005015F0005550D0FFF769F8D8F8F1
:102E20000030054603F07F0301338342A2D9DFF867
:102E30009890DFF89C8008E0D8F80030013503F066
:102E40007F03EDB201339D4294D205EB09031B01D0
:102E50001B68C3F30363082BEED102AA2946204660
:102E6000FFF70CFBB6F81A3B013303F01F03A6F87B
:102E70001A3BB6F81E3B9BB2002BDDD0B6F81E3BCA
:102E8000013B9BB2A6F81E3BD6E702AAC9B2204678
:102E9000FFF7F4FAB6F81A3B013303F01F03A6F864
:102EA0001A3BB6F81E3B9BB2002B3FF463AFB6F85B
:102EB0001E3B013B9BB2A6F81E3B5BE7D8F80030F7
:102EC000B5E700BF6038003808D00104403800384A
:102ED00000001D4070B5A74882B0FFF7F9FE002042
:102EE00001F0C8F90146A44801F056F8022001F0AB
:102EF000C1F90146A14801F04FF8042001F0BAF9E8
:102F000001469F4801F048F8062001F0B3F9014658
:102F10009C4801F041F8082001F0ACF901469A48BC
:102F200001F03AF80E2001F0A5F90146974801F0AA
:102F300033F8112001F09EF90146954801F02CF874
:102F4000102001F06FF804460F2001F06BF8642C9C
:102F500066DC904C2378DE077CD5002664286EDC86
:102F60005A0703D443F0040301262370132001F011
:102F700059F80546122001F055F8642D7EDC2378BF
:102F8000DA0600F1978043F010056428257040F3BD
:102F9000818040F29A32904240F33481290604D471
:102FA0002B4663F07F03DDB225707B4B01AA032122
:102FB00040F285101B888DF80650ADF80430FFF7FD
:102FC0009DFB764B764D1A783AB976492A6809689E
:102FD000521AB2F57A7F80F0F38073492B680A6841
:102FE0009B1A632B7ED8714A2B6811685B1A312BB0
:102FF00068D86F4C637A3BB16E4A2B6811685B1AD4
:10300000B3F5C87F80F0AF80637D3BB16A4A2B681F
:1030100011685B1AB3F5C87F80F09D8002B070BD67
:1030200040F29A339C425B4C237818DD9D0794D480
:1030300043F0020364284FF00106237090DD40F254
:103040009A3290426BDD1D0790D443F008030126AD
:1030500023708BE743F00103012623707EE713F012
:10306000010603D003F0FE030126237099077FF5C4
:1030700075AF03F0FD03012623706FE740F29A322B
:10308000237895420EDD9D0614D443F02005642874
:10309000257080DC5E0688D42B4643F04003DDB209
:1030A000257082E7D90603D503F0EF0301262370CC
:1030B0009A0642D4642828DC5806EED5002E80D02B
:1030C000257872E73448296800882378116001AABE
:1030D000ADF80400032140F285108DF80630FFF7AB
:1030E0000DFB86E76432052340F205700A6001AAF1
:1030F00001218DF80430FFF701FB304B45F25551AB
:103100004AF6AA2259805A806DE740F29A329042DC
:103110001ADC58066CD41A06D0D51D466EE0580746
:1031200003D503F0FB030126237019077FF51EAFBB
:1031300023F008030126237018E703F0DF05642855
:1031400025703FF726AFA5E71A067FF52AAF002EB8
:103150003FF437AFB4E72B680320136002B0BDE83B
:10316000704001F079B82B680120136001F074F809
:103170004AE700BFEC180020084200201C42002053
:10318000304200204442002058420020A81800206D
:10319000BC180020B9440020B0440020B8440020EE
:1031A000944400206C42002004420020A418002017
:1031B00088180020D0180020D418002000800B4070
:1031C0000126304631461E7001F01CF831460320BE
:1031D00001F018F83146052001F014F831460720B7
:1031E00001F010F83146092001F00CF8F5E62B4605
:1031F00003F0BF05290625707FF5D7AE05F07F05E2
:103200002570D2E65B06F2D42E067FF559AFF5E7BE
:1032100000F58053D3F8003EDB0069D5374B2DE92C
:10322000F04F5E6B4FF0000E41F6146941F60467F3
:10323000C6F3036641F60868F600083609E013682D
:103240005B0F052B34D00EF1010E5FFA8EF39E4218
:1032500050D90EEB4E0500EBC50C0CF5F05213687F
:103260005B0F012B13680DD05B0F022BE7D15CF8CD
:1032700007308B42E7D85CF808308B42E3D301205B
:10328000BDE8F08F13F4607FDDD06D00002304E013
:103290001468C4F3C21C6345D5D2013305EB030C9B
:1032A000DBB20CF5F06C50F82C408C42F0D1E6E724
:1032B000136813F4607FC6D0CC446D00012405E090
:1032C0001368C3F3C21301339C42BCD22B19DCF840
:1032D00000A0013403F5F0630AEA010AE4B250F8F1
:1032E0002330DCF800B003EA0B039A45E8D1C6E7C7
:1032F000012070470020BDE8F08F00BF00001D4096
:103300002DE9F04F8C468DB00F4605466C460646BB
:1033100000F110084FF00109DFF814A1BCE80F001C
:103320000FC49CE8030084E8030056F8044F5CB126
:103330009DF91420A36809FA02F1194256D02368B6
:10334000D3F800B0D3454CD14645EED105F5005336
:1033500093F80037002B5FD0EE8A4FF01A0C3868D4
:1033600006AC7968F6B2BA68FB680CFB06560FC467
:10337000002338697969182286F81A31EB8A0DEB37
:103380000206DBB20CFB035303C483F81B21EC8A57
:10339000E4B20FCE0CFB0454C4F81C01C4F8201195
:1033A000C4F82421C4F8283103CEC4F82C01C4F891
:1033B0003011EA8AAB8A92B29BB283F480739A424C
:1033C00024D0EB8A0133C3F30803EB822B8B9BB22F
:1033D000FF2B03D82B8B01339BB22B830DB0BDE8A1
:1033E000F08F9DF8153069462046D847237C002B86
:1033F000AAD02368D3F800B09DF81530D345A3D0E8
:1034000020464FF0FF326946D8479DE7AB8A01332B
:10341000C3F30803AB82D4E73B7D3A4606A92846AE
:103420008DF81830FFF72EFC0DB0BDE8F08F00BF0F
:103430006900000001EB410170B500EBC10404F527
:10344000045EDEF80030DB0028D5DEF800305B0FCC
:10345000012B0BD0DEF800305B0F022B42D0DEF8E0
:1034600000305B0F052B1BD0002070BDDEF8004044
:1034700014F4607FF8D000234D0005E0DEF8001062
:10348000C1F3C21C6345EFD2013305EB030CDBB281
:103490000CF5046C50F82C409442EFD1012070BD23
:1034A000DEF8005015F4607FDED042F214154900BA
:1034B0000123254407E0DEF80040C4F3C21C0CF1F0
:1034C000010C6345D0D22C6804EA020CCC180133FD
:1034D00004F50464DBB250F824402E683440A4455F
:1034E000E9D1DBE742F20413E3589342BCD842F23D
:1034F0000813E058904234BF0020012070BD00BF87
:1035000000F5005393F80137002B00F0DB80DFF863
:103510006CC22DE9F04F0F4689B005460E4602AC4D
:103520000FCF0FC497E8030084E80300DCF80030F5
:103530009B0052D5DCF8343000244FF06309C3F30C
:10354000036A22464FEACA0A0AF1080A0CE05B0F36
:10355000022B3B6800F09A805B0F052B00F0DD80AA
:103560000134E2B2924538D996F91430632B34D045
:1035700004EB440805EBC80B0BF5F0573B6813F060
:10358000604FEDD03B685B0F012B3B68DFD1C3F38D
:103590000043F2799A42E3D13B6813F4607FDFD0B5
:1035A0004FEA480B002306E03A685FFA88F3C2F35B
:1035B000C2129342D4D203F10108029A0BEB080322
:1035C00003F5F06355F823309A42EDD102A928465D
:1035D0008DF81C90FFF794FEE6E70023674F8DF807
:1035E0000E303C6814F000543FD0FEF781FC3B687D
:1035F000044603F07F030133834233D942F20417B8
:1036000042F20818DFF8749196F91430A34220D0E2
:1036100004EB440105EBC10202F5045ADAF800306C
:1036200013F0604F15D0DAF80030F079C3F3C063BF
:1036300098420ED1DAF800305B0F012BDAF8003037
:1036400041D05B0F022B12D0DAF800305B0F052B54
:103650005BD0D9F80030013403F07F03E4B20133CA
:103660009C42D1D309B0BDE8F08F3B68C6E7D15981
:10367000029B8B42EDD352F808209342E9D802A96D
:1036800028468DF81C40FFF73BFEE2E7C3F30043FA
:10369000F2799A427FF464AF41F604635BF8032049
:1036A000029B9342FFF45CAF41F608625BF8022094
:1036B00093423FF655AF02A928468DF81C90FFF7BC
:1036C0001FFE4DE7704713F4607FC2D04A0000230D
:1036D00007E0DAF800105FFA8BF3C1F3C2118B42F6
:1036E000B7D203F1010B029902EB0B0303F504635C
:1036F00055F823309942ECD102A9284600928DF862
:103700001C40FFF7FDFD009AE3E7029A2146284698
:10371000FFF790FE00289CD0B1E73B6813F4607F70
:103720003FF41EAF41F6146301275B440AE00BF53A
:10373000F05101370968FFB2C1F3C21101318F4264
:10374000BFF40EAF07EB4801186801F5F06155F8BA
:1037500021E00299D3F800C008400EEA0C0188422B
:10376000E5D102A9284601938DF80E2000928DF82C
:103770001C90FFF7C5FDDDE90023D8E700001D40E0
:103780002DE9F04F934D9BB0934F08AC05900FCDB2
:103790000FC495E8030084E803007E6AB96AD7F88D
:1037A0002C90386B3B68039113F40043049003D1D1
:1037B0003A68950000F11881049B43F00103B9F1C8
:1037C000000F00F00281B9FA89F3834DC3F1400381
:1037D0002C68DFB214F00054029700F09F82FEF7CD
:1037E00087FB2B68044603F07F030133984280F087
:1037F000C280874240F2BF80059B671CDFF8D8B1CA
:1038000003F50053FDB2019706931AE0042A00F075
:103810005881082A00F0E281DBF800309DF804406E
:1038200003F07F03029A0133A24288BFAB4205F145
:10383000010594BF01230023002B40F09C80631CF2
:103840000193C4F12002039BA4F1200A06FA02F1BD
:10385000E3400B4326FA0AF10B43DF07DCD5049B58
:1038600009FA02F2E340134329FA0AF21343D80794
:10387000D2D5DFF87081A0444FEA0818D8F800309C
:10388000190EC3F3036201F00B010229BED1D8F86F
:10389000041003F4001021F06041002812BF4FF023
:1038A000010C4FF0000C890C062A8DF827C00891F6
:1038B00002D101228DF82920ADF82430C3F303434F
:1038C0008DF8344000288DF82B30069B93F815397D
:1038D0008DF83530D8F808308DF82F30D8F808300A
:1038E0004FEA13238DF82E30D8F808304FEA1343EF
:1038F0008DF82D30D8F808304FEA13638DF82C304E
:10390000D8F80C308DF83330D8F80C304FEA132348
:103910008DF83230D8F80C304FEA13438DF831303F
:10392000D8F80C304FEA13638DF8303014BF4FF0E5
:103930008C634FF080631F2CC8F80030DBF8083030
:103940004FF0010331D8A34021460598CBF8303021
:10395000089AFFF76FFD002832D108A90598FFF7F4
:10396000CFFD08A8AFF3008008A8AFF3008008A837
:10397000AFF3008050E7184A1848116A0268184BE4
:103980004A40134043B1059B03F58053B3F8D42C50
:1039900092B20F2A40F2DB810F4A136A0B43136283
:1039A000BFF34F8F1BB0BDE8F08F03FA0AF3214637
:1039B0000598CBF82C30089AFFF73CFD0028CCD0B6
:1039C00008A90598FFF79CFCC7E7B3FA83F32033F7
:1039D000FBE600BFB003002000001D409C42002019
:1039E000BFFF070008D001048C067FF5E5AE810615
:1039F0007FF5E2AED7F88020C94C02F40011C2F383
:103A00000050ADF824200029C2F303414FEAD252FE
:103A10008DF82B10D7F884108DF8280018BF0120DE
:103A200021F0604108BF00208DF826204FF00002F1
:103A300008BF890C8DF827000CA80891D4F88810CD
:103A4000D1400832202A00F8011DF7D10DA9B44851
:103A5000D0F88C20DA400833202B01F8012DF7D163
:103A6000059A02F5005292F815298DF83520632247
:103A70008DF8342082680363049B5A0601D54023E5
:103A80000363049B1B0602D5A54B80221A63059C89
:103A900008A92046FFF734FD08A8AFF3008008A866
:103AA000AFF3008008A8AFF3008008992046FFF725
:103AB000AFFB00283FF480AE08A90598FFF720FC73
:103AC0007AE603F40012002AD8F80420ADF8243076
:103AD000C3F303438DF8344022F060428DF82B305D
:103AE00018BF0121069B04BF920C002193F81539E1
:103AF00008928DF83530D8F80830059A8DF82F30B7
:103B0000D8F808308DF827101B0A8DF82E30D8F819
:103B100008301B0C8DF82D30D8F808301B0E8DF8AE
:103B20002C30D8F80C308DF83330D8F80C301B0A14
:103B30008DF83230D8F80C301B0C8DF8313004F68B
:103B4000022352F82330D8F80C20120E8DF83020C2
:103B50000BB108A89847069BD3F808390BB108A801
:103B60009847059901F58052B2F81E3B17469BB263
:103B7000002B00F0D780B2F81A3B1A220DF1500C3E
:103B800003F00F03E04602FB031341F632320EA9A5
:103B900003EB020A98588E460791DAF80820DAF803
:103BA0000410DAF80C30ACE80F00DAF81000DAF89C
:103BB0001410ACE80300B8E80F00AEE80F0098E876
:103BC00003008EE803009DF94C30591C00F023815E
:103BD0009C427FF421AE079AE1B21EE103F4001289
:103BE000002AD8F80420ADF82430C3F303438DF83D
:103BF000344022F060428DF82B3018BF0121069B23
:103C000004BF920C002193F8153908928DF83530D5
:103C1000D8F80830059A8DF82F30D8F808308DF88C
:103C200027101B0A8DF82E30D8F808301B0C8DF8A1
:103C30002D30D8F808301B0E8DF82C30D8F80C3009
:103C40008DF83330D8F80C301B0A8DF83230D8F8A4
:103C50000C301B0C8DF83130D8F80C301B0E8DF861
:103C6000303004F6022352F823300BB108A89847ED
:103C7000069BD3F808390BB108A89847059901F5B8
:103C80008058B8F81E3B9BB2002B58D0B8F81A3BAE
:103C90001A220DF1500C03F00F03674602FB0313C9
:103CA00041F632320EA903EB020A98588E4607916C
:103CB000DAF80820DAF80410DAF80C30ACE80F0073
:103CC000DAF81000DAF81410ACE803000FCFAEE811
:103CD0000F0097E803008EE803009DF94C305A1C52
:103CE00000F0B2809C427FF497AD079AE1B205984C
:103CF000FEF7C4FBB8F81A3B013303F01F03A8F822
:103D00001A3BB8F81E3B9BB2002B3FF485ADB8F8C8
:103D10001E3B013B9BB2A8F81E3B7DE52B686BE583
:103D200000001D401F2C4FF001036BD903FA0AF36A
:103D3000CBF82C304FF00063C8F800306CE51F2C36
:103D40004FF0010362D8A340CBF8303064E5B3F8FC
:103D5000D42C92B20F2A05D8B3F8D42C013292B2E7
:103D6000A3F8D42CB3F8D22CB3F8D24C02F00F0243
:103D7000A4B203EB8202C2F8D81CB3F8D02C92B2E2
:103D800082F01002944206D1B3F8D02C013202F036
:103D90001F02A3F8D02CB3F8D22C2D4C013202F024
:103DA0001F02A3F8D22CE469B3F89C2DA4B292B2FE
:103DB0000F2A05D8B3F89C2D013292B2A3F89C2D9E
:103DC000B3F89A2D02F00F0203EB4202A2F89E4DC7
:103DD000B3F89A4DB3F8982DA4B292B282F01002C3
:103DE000944206D1B3F8982D013202F01F02A3F8D5
:103DF000982DB3F89A2D0160013202F01F02A3F84A
:103E00009A2DC9E5A340CBF8303093E703FA0AF3C3
:103E1000CBF82C3000E5079A21460598FEF72EFBDB
:103E2000B7F81A3B013303F01F03A7F81A3BB7F8A2
:103E30001E3B9BB2002B3FF4EFACB7F81E3B013B9F
:103E40009BB2A7F81E3BE7E4079A21464FE700BF65
:103E500000001D40304A0021304802F5805310B563
:103E60002F4C91822260D1822E4C1183A3F81A1B11
:103E7000A3F81C1BA3F81E1BA3F8D01CA3F8D21C8C
:103E8000A3F8D41CA3F8981DA3F89A1DA3F89C1DB1
:103E900002F50053106083F80017C3F80C1983F87B
:103EA0000117C3F81019206883F814191E4B1F4A14
:103EB00018601F4B1F48C3E900011F4800F054F869
:103EC0001A4A01211D4800F04FF8184A02211C48E7
:103ED00000F04AF8154A03211A4800F045F8134A41
:103EE0000421194800F040F8104A0921174800F051
:103EF0003BF80E4A0A21164800F036F820681549AA
:103F00002268154B08601A60206814492268144B17
:103F100008601A6010BD00BFEC18002008040020E3
:103F2000E41800209444002004420020FD0E00000C
:103F3000D818002054040020084200201C42002011
:103F4000304200204442002058420020A81800209F
:103F5000BC1800206C420020A4180020D0180020BB
:103F6000D4180020704700BF0123002A01700749C0
:103F7000437008BF0A4683701923026110B40024FD
:103F8000C0E9023344605DF8044B704765230000CC
:103F90000023437083707047003938B518BF012182
:103FA00083788B4212D00E4B1D684560427884683E
:103FB000817002B9C4681B685B1B8A4218BFA342A8
:103FC0008CBF0124002404D8204638BD4568044B2A
:103FD000ECE70369417000789847204638BD00BF80
:103FE00094440020084601F055BB00BF00B50368AB
:103FF00083B040F60D2C022201A95B68ADF804C025
:10400000984703B05DF804FB054B022888BF0346C0
:1040100010B41C68184663685DF8044B184700BF6D
:10402000B80B00201C2849D8F8B5254F04463B782A
:10403000E3B9244B1B5DFF2B29D0234A02EB04126A
:1040400091680A6802F44050B0F5805F30D01C06D9
:104050001FD41E4C2360236AD80704D401F0AEFBA2
:10406000236AD907FAD5194B586AF8BD174D184E6F
:1040700001E001F0A3FBAB6C1B06FAD4B36C13F0A8
:104080008003F6D13B700F4B1B5DFF2BD5D1002079
:10409000F8BD0F4C03F07F032360236ADA0704D4D2
:1040A00001F08CFB236ADB07FAD5094B586AF8BD8F
:1040B00022F480521C060A60EBD4CAE70020704745
:1040C000BF4400206C090020E006002000400C40A6
:1040D00000800C4010B41F4C1F281F49A36C23F014
:1040E0002003A364626C8B6C22F4404223F0200313
:1040F0008B644B6C23F4404312D942F4404243F4A6
:10410000404362644B641349134A8B6C5DF8044B63
:1041100043F020038B64936C43F020039364704757
:104120000F2808D942F4004243F4004309480A49E1
:1041300042644B64E7E7072804D942F4804243F421
:104140008043F3E7032862644B64DCD85DF8044BDA
:10415000704700BF00400C4000800C4000B9704721
:104160002DE9F84F01218146214C224D224E54E881
:10417000003F2A68306844E80013002BF7D11F493C
:104180004B684FF47A7BDFF878A01B1A01270BFBF2
:1041900002F8DAF80020A3FB02325A4594BF90449B
:1041A000D84454E8003F2A68306844E80073002B84
:1041B000F7D14B68DAF800C01B1A0BFB02F2A3FB25
:1041C0000C3CBCF57A7F94BF624402F57A72A2EB94
:1041D0000802B2F57A7F06D3B9F1010908F57A78B9
:1041E000DFD1BDE8F88F01F0E9FA0449D9E700BF53
:1041F000984400209444002090440020001000E0E7
:104200008C440020272816D80201104B03EB001025
:104210009B5810B4C2685C68144205D061B95DF85F
:10422000044BC3F888207047836851B1084A5DF891
:10423000044B1A60704770475DF8044BC3F8842044
:104240007047044A5DF8044B1A607047E00600208E
:1042500038F0010038300100272807D8044B02014C
:1042600003EB00109B58C268C3F88C20704700BF56
:10427000E006002027280BD8064B020103EB0010B4
:104280009A58C36892681A4214BF012000207047F0
:1042900000207047E0060020272829D8164B02018D
:1042A000012903EB00109A5810B45368C4680ED06B
:1042B00004290CD023EA040353608368A9B10229BE
:1042C00017D003290CBF0D4A0D4A1A6007E023439B
:1042D00001295360836808D040F638021A604368A9
:1042E00015225DF8044B1A60704738221A60F6E711
:1042F0007047044A1A60F2E7E006002038300100F7
:104300003800010038F0010008B5FEF745FAFEF765
:10431000E1FD01F053FAFAE7844641EA000313F0A5
:1043200003036DD1403A41D351F8043B40F8043BBC
:1043300051F8043B40F8043B51F8043B40F8043B7F
:1043400051F8043B40F8043B51F8043B40F8043B6F
:1043500051F8043B40F8043B51F8043B40F8043B5F
:1043600051F8043B40F8043B51F8043B40F8043B4F
:1043700051F8043B40F8043B51F8043B40F8043B3F
:1043800051F8043B40F8043B51F8043B40F8043B2F
:1043900051F8043B40F8043B51F8043B40F8043B1F
:1043A00051F8043B40F8043B403ABDD2303211D3BF
:1043B00051F8043B40F8043B51F8043B40F8043BFF
:1043C00051F8043B40F8043B51F8043B40F8043BEF
:1043D000103AEDD20C3205D351F8043B40F8043BBF
:1043E000043AF9D2043208D0D2071CBF11F8013BBD
:1043F00000F8013B01D30B8803806046704700BF83
:10440000082A13D38B078DD010F003038AD0C3F191
:104410000403D21ADB071CBF11F8013B00F8013B73
:1044200080D331F8023B20F8023B7BE7043AD9D332
:10443000013A11F8013B00F8013BF9D20B78037007
:104440004B7843708B7883706046704701F1FF3C76
:1044500070B56646002400E00134B0FBF2F502FBC3
:104460001503092B03F1370E03F130035FFA8EFEBB
:1044700098BF5FFA83FE9042284606F801EFEBD220
:10448000631C0022C818CA547CB162461CF8015F44
:1044900010F8016DA1EB0C0302328CF80060013BB7
:1044A000521A057023449A42EFDB084670BD00BFE4
:1044B00072B6EFF30583524CC4F884301EF0040F3B
:1044C0000CBFEFF30882EFF309824FF0E0234D4E6B
:1044D0004D4DD3F8280DD3F82C1DC4E92201D3F893
:1044E000341DD3F8383DC4E924139369C4F89830D7
:1044F000D369C4F89C3000F0D1F884ED280A01F0AB
:104500002DFC0B214FF0FF32C4F8A4000B46C4F879
:1045100080103E49301D5A40202402F00103013C26
:1045200001FB03F383EA5202F7D1A84202D0736879
:104530000646EFE7324BC3F8A820BFF34F8F4FF08A
:10454000E0233049324AC3F8701FC3F8702FBFF31D
:104550004F8FBFF36F8F2F4A02252F48D36E2F49FD
:1045600043F44053D3660560D3692D4823F07F039D
:1045700043F04003D3610B6883423DD8264D0021B0
:104580004FF0E0234FF0FF3229600126C5F80811F3
:104590002449C5F80011C5F80861C3F88021C3F8A3
:1045A0008421C3F88821C3F88C21C3F8902101E04D
:1045B00000F066F9D5F80C31002BF9D00134C5F8BC
:1045C0000C614F2CF4D9184B022018494FF00042CF
:1045D000C1F840015A63D5F80C313BB9144815496C
:1045E0000D4A0163D2F80C31002BFAD04FF0E023D2
:1045F000114AC3F80C2DFEE701F080F9BEE700BFB9
:1046000000FF272080FF2720A8FF27202083B8ED68
:10461000A0FF272000C00F4000400840B40B00203E
:10462000803DCD0B009F240000900D4000002E40E7
:1046300000800F40F100AD0B0400FA050A490A683A
:1046400038B108B513180948834204D810460B60E6
:1046500008BD1046704702F0F1FA0C234FF0FF320C
:104660000360104608BD00BFC80B002000002820D2
:10467000002070474FF0FF30704700BF4FF40053E9
:1046800000204B60704700BF012070474FF0FF30A3
:10469000704700BF30BFFDE7FFF70ABF124AD2F8EC
:1046A00080305B07FBD5D2F880301048C3F30B2372
:1046B0000F4990ED007A07EE903A91ED006AB8EE5E
:1046C000477A0C4AF8EEE77A0B4BD2ED006A77EEA8
:1046D000C77A93ED007AB8EE477A67EE867A87EE6E
:1046E000A60A37EE400A704700810D407C44002046
:1046F000844400208844002080440020836BF0B470
:104700001BB1536843F40043536072B6446B3CB32F
:104710001A4B2260D3F8B0410C421DD1184E776875
:1047200004E07468E41BB4F5166F0BD2D3F8404173
:1047300044F48044C3F84041D3F8B851D3F8404121
:104740006404EED50D4007D10C4CC0E90225D4F825
:10475000B0310B43C4F8B031426362B6F0BC70476D
:10476000064DC0E90224D5F8B0310B43C5F8B0318D
:104770000263426362B6F0BC704700BF00002E4087
:10478000001000E070B5056B9DB106462A46002476
:1047900003E012680134012A0CD0536813F080033F
:1047A000F7D032632CB12846B36B2D689847013C93
:1047B000F9D170BDC6E90C33F4E700BF30B4D9B904
:1047C0001F4C204B0021204A01254FF00110996019
:1047D0001D60C4E9023180245C60C2F8BC01D2F8DB
:1047E000B0311A482B43C2F8B0310160D2F8B03171
:1047F000002BFBD130BC70470904154B104C012530
:1048000041F080019860104A596000F580511D60A8
:10481000D96000F50051A364196100F5405100F51D
:104820008040596100219861E164D2F8B03143F4CD
:104830008033C2F8B031D2F8B031002BFBD1C0E7E1
:1048400000000020C016002000002E402044002060
:10485000E0160020084901220B7802FA00F023EA52
:104860000000087030B9054AD2F8483123F08003BF
:10487000C2F84831704700BFC244002000002E40FB
:104880002DE9F04F974C83B0D4F84471FB07C4F87E
:10489000447153D5D4F8AC21002A4AD0924EDFF8A7
:1048A00060A2DFF87492DFF874B2DFF87482C4F8A3
:1048B000AC21D6E90A20D4F8403143F40053C4F8BF
:1048C0004031D4F840319D04F5D5D4F8403123F47B
:1048D0000053C4F840314FF00113C4F8B431D4F898
:1048E000B45115F00115FAD193B28446CAF80050BC
:1048F000B3F5086F00F0CF8100F2DB8040F20231A7
:104900008B4200F0E78100F29A80822B00F0CB818D
:10491000B3F5817F40F08A8010F0780F83B200F009
:1049200003824FF00113C4F8C031D4F8AC21002A3F
:10493000BDD16C4AD2F8BC31002B42D17E0616D5CF
:10494000684BD3F8AC21C3F8AC21D3F8BC21C3F831
:10495000BC21D3F8B041002CFBD14FF0FF32C3F89B
:10496000B421D3F8843100F02DFD604B1C60FC01B4
:1049700003D55F4B1B6803B19847B80103D55D4B66
:104980001B6803B19847790708D5564BD3F8843193
:1049900013F4007347D0584B01221A70514BD3F8CF
:1049A00048311A060AD53B0608D5544A13782BB16C
:1049B000013BDBB21370002B00F0728203B0BDE844
:1049C000F08F4F49C2F8BC310868034240F0D181F2
:1049D000464A14681C40B1D05FEA144810D0424ED9
:1049E0004FF0010998FAA8F5B5FA85F506EBC51060
:1049F00009FA05F54030FFF7C5FE38EA0508F1D1A0
:104A0000A4B2002C9AD0384E4FF0010894FAA4F5C5
:104A1000B5FA85F506EBC51008FA05F5FFF7B2FE05
:104A2000AC43F3D18AE7344A1370B7E7802B7FF4A5
:104A300078AF344802210580FFF7C0FE75E7B3F573
:104A4000A06F00F00B81A3F5D063012B3FF669AF97
:104A50002D4B5D68002D3FF464AF1FFA8CFC4FEACC
:104A6000124E04E01D690C33002D3FF45AAF1A8832
:104A70007245F7D15A886245F4D14FEA1E22032AC3
:104A800000F0A5811A89000C824228BF0246BEF5BB
:104A9000007F40F0A181184B1C4918781C4B0192F3
:104AA000002818BF19461B48FFF736FC194D019A1C
:104AB000E1E142F221218B427CD033D942F2213113
:104AC0008B4200F081804FF6C0018B427FF429AF0A
:104AD00010F47F4F83B27FF424AF43F46E4363F34B
:104AE0000F0CB5E700002E400000002024440020F9
:104AF000A8440020AC440020C8440020C944002041
:104B00002044002044440020E80900202C1B0060C1
:104B1000901B006000002020184400205DCFC6B824
:104B2000C0012E40B3F5106F66D042F221018B42D6
:104B30007FF4F7AE030C072B7FF4F3AEB24BB3490F
:104B4000F560D960B249B360C3F80890C1E90020AC
:104B500001221A60AF4A5A60AF4A1A61D4F8B01104
:104B600041F00101C4F8B01102F5805102F5005284
:104B700059619A61D4F8B031002BFBD1A74AF36494
:104B800093600123B264136048F2800353604FF0D6
:104B90000113C4F8BC31D4F8B03143F48033C4F805
:104BA000B0314FF48033CAF80030D4F8B031002B64
:104BB000FBD1BAE680B238B9994BC2F30742196803
:104BC000984B1960984B1A70944B00229A60F264CB
:104BD0000122B3641A6080225A604FF00113C4F8B6
:104BE000BC31D4F8B03143F48033C4F8B031D4F8D8
:104BF000B031002BFBD198E6C2F307428B4B1A7001
:104C00008B4BC4F8C8318B4BC4F8CC318A4BC4F8F9
:104C1000D03100F0D9FB80222946884801F01EFFE0
:104C2000874B8022C6F8A0B0C6F8E0307B4BF56415
:104C30005A600122B3649D601A604FF00113C4F8FA
:104C4000BC31D4F8B03143F48033C4F8B031CAF881
:104C50000050D4F8B031002BFBD166E66F4B012138
:104C6000F564196080219D60B36459604FF00113B1
:104C7000C4F8BC31D4F8B03143F48033C4F8B03157
:104C8000D4F8B031002BFBD1130C5B0643F08073DA
:104C9000C4F8543149E6654B01216A481B7803701A
:104CA000FFF78CFD41E683B210F078007FF439AE57
:104CB00003F07F0258F82210624A1080180600F1B3
:104CC0009E80CB0701D50123137002215D48FFF7B9
:104CD00075FD2AE610F0780F83B27FF422AE03F060
:104CE0007F0213F0800F58F8223014BF43F4803352
:104CF00043F0010348F822300022484BF2649A60E6
:104D00000122B3641A6080225A604FF00113C4F884
:104D1000BC31D4F8B03143F48033C4F8B031D4F8A6
:104D2000B031002BFBD100E603F07F0213F0800FBF
:104D300058F8223014BF23F4803323F0010348F8DD
:104D400022300022354BF2649A600122B3641A606B
:104D500080225A604FF00113C4F8BC31D4F8B0314E
:104D600043F48033C4F8B031D4F8B031002BFBD118
:104D7000DBE50020086026490C88486842F22101E2
:104D80008C427FF425AE80B200287FF421AE2E49FC
:104D90002E4C03C9A18086284FEA11412060A171E1
:104DA0007FF416AE72B62A48017841F0080101700E
:104DB000D2F848110D0605D480200143C2F8440101
:104DC000C2F8481162B6234A5021117000E6000C67
:104DD0002A78824228BF0246BEF5E06F44D11E4BBE
:104DE0001E4D18781E491F4B0192002818BF194606
:104DF0002846FFF791FA07236B70019A3BE0C9033D
:104E00003FF561AF61E700BFE016002018540020B5
:104E1000801800208000070018640020C0160020C1
:104E200094440020A4440020C6440020C74400202D
:104E30000200CC00C80002000200C8008000002070
:104E40001993D57444440020184400209C44002049
:104E5000C2440020C9440020C84400200000202093
:104E6000901B00602C1B00602946104D01922846C3
:104E7000FFF752FA019A25F01F031544BFF34F8F35
:104E80004FF0E021C1F8703F20339D42FAD8BFF3C4
:104E90004F8FBFF36F8F05481146FFF78FFC44E536
:104EA0000320FFF7D7FC07F067F800BF00002020C1
:104EB0002DE9F0471F46831E022B01D9BDE8F0877C
:104EC000DFF84C9015460C463C2209EBC01806460C
:104ED0004FEAC01A002108F10400240401F0BEFDCD
:104EE000B5FA85F20123520944EA427449F80A40AE
:104EF000C8F83870C8F80830002FDFD0034AB34034
:104F000011680B431360BDE8F08700BF2444002004
:104F1000000000202DE9F0470D46811E022901D92D
:104F2000BDE8F087C701DFF84C9092460446403751
:104F30003C2200211E4609EB07082D0408F104005D
:104F400001F08CFDBAFA8AF2520945EA427249F838
:104F500007200122C8F83860C8F80820002EDFD0EA
:104F6000034B10341968A2400A431A60BDE8F08769
:104F7000244400200000002012048160C36101F578
:104F8000405342F0800210B40124426001F5005207
:104F9000046001F5805401F58041C46081615DF8D1
:104FA000044BC0E904237047831E0A46022B00D934
:104FB0007047064B00F110014FF0010C03EBC010DD
:104FC0000CFA01F14030FFF799BB00BF0000002050
:104FD000831E0A46022B00D970470121024B8140F3
:104FE00003EBC010FFF78ABB000000204068704749
:104FF000124A134BD2F8200220F07F40984210B59D
:1050000084B002D200EB800040000E4C01A90A22BD
:10501000FFF71CFA01A90023204611F8012B0133E8
:105020003AB10A2B20F8022FF7D11623237004B0CF
:1050300010BD5B00DBB2237004B010BD00441F4004
:1050400080969800A811002000F0DCBA00F0ACBAFD
:1050500000F010BB00F0CABA00F066BB00F03CBB29
:105060000846114600F02CBBF8B5144C4FF0E02573
:10507000134E4FF4003204EB4024124F06EB40165F
:105080000346C5F88C2121463A883046FFF774FF65
:105090003B882344BFF34F8FC5F85C4F2034A342B5
:1050A000FAD8BFF34F8FBFF36F8F03203146FFF75E
:1050B0008FFF4FF40033C5F80C31F8BD800020207D
:1050C00000170020B2440020244B2DE9F0411C8839
:1050D0004368C569C3F30E43E41A002C24DD20495C
:1050E00020480A780078D3B21F4E82421F4807D06A
:1050F00010F8038036F81870C7F50072944218D97A
:105100000133002226F81540082B194E88BF13469C
:1051100026F8152098BFDAB2C554164B0A701A68E3
:1051200014441C60BDE8F0812846BDE8F041FFF75B
:105130009BBF07EB4820104922462744084401EB57
:105140004521FFF7E9F80B4A284626F8187013683E
:105150002344BDE8F0411360FFF786BFB24400204E
:10516000C0440020C144002050440020704400206E
:10517000604400204C440020800020201D4B1A7801
:10518000002A36D102F0FF031B4A12788AB32DE9B8
:10519000F0411A4D2A8852B3194EC2F50068194FD2
:1051A0003278194C07EB421704EBC22442463846CA
:1051B0002146FFF7E1FE04EB0802BFF34F8F4FF0EB
:1051C000E023C3F8704F2034A242FAD8BFF34F8FC8
:1051D000BFF36F8F04203946FFF7E6FE33780133C3
:1051E000DBB2032B88BF0023337000232B80BDE884
:1051F000F0817047C5440020C7440020B44400201B
:10520000C444002000180020801020202DE9F04F19
:1052100085B0CDE90110002900F0BF800023604C6B
:10522000DFF89881DFF898A15E4F009301235E4A72
:1052300023705E4B1978B8F8003002EB4119002B4F
:1052400040F0A7801E461D469B464846FFF7CEFE0F
:1052500010F0800000F08C80BFF34F8F9AF8003080
:1052600084F800B005B93E68002B7DD13B689B1BDC
:10527000782B00F287804E4B1B78002B74D000F007
:105280009DFA0122B8F8003015462270002BDCD0C0
:10529000464AC3F5006011781A4600EBC120454D1F
:1052A000C9022844019D954217D20393DDE90151BB
:1052B0002A46FFF731F8039B4FF040425B1BA8F8EA
:1052C00000303D4BC3F88420BFF34F8F009800237C
:1052D0002844237005B0BDE8F08F364BCD180299F5
:1052E000FFF71AF800234FF4006229464846FFF7FB
:1052F00043FEBFF34F8F05F1200205F50063934293
:1053000034BF012340234FF0E02205EB4313C2F8E2
:10531000705F2035AB42FAD1BFF34F8FBFF36F8F71
:1053200004204946FFF740FE204A13780133DBB2E0
:10533000032B84BF00231D4A1370B8F80030019A74
:10534000D11A009A1A4401910092029A1A44002339
:105350000292194AA8F80030C2F88430BFF34F8F88
:10536000237000297FF462AF009805B0BDE8F08F8C
:105370004FF400620D4B8AF8000019781346A8F824
:1053800000208AE7012300988AF8003005B0BDE8C4
:10539000F08F1A46C3F500607FE70198E5E700BF8C
:1053A000C54400209444002000180020C44400207C
:1053B000C74400208010202000002E40B44400206C
:1053C000C3440020704700BF2D4B002180222D4890
:1053D00070B51B7800242C4D8B422C4E0CBF402303
:1053E0004FF400732B80338001F038FB284A2146AC
:1053F000284B14704FF4807227481C8001F02EFB5C
:10540000264A1021264B0220C2E90044C2E9024488
:10541000244AC3E900441470234AC3E90244234BDD
:105420001C70234614602246FFF774FD2246318823
:1054300003201F4BFFF73CFD23460122298804204F
:10544000FFF768FD20460134FFF70EFE082CF9D166
:10545000184B00214A221848184C0460C3F88410E5
:10546000C3F88020D3F84821154942F08072C3F870
:10547000482121B1134A137843F00103137070BD22
:10548000C844002000180020B6440020B244002088
:10549000C4440020B44400200017002050440020E1
:1054A00060440020C04400204C440020C14400203F
:1054B000C934000000002E40A84400207D350000C3
:1054C00000000000CA4400202DE9F04F4FF0E02317
:1054D0004FF40032DFF8C8A083B0C3F88C218B46AC
:1054E0009AF8004000294FD08046E4B20027DFF848
:1054F000B490264BABEB070225491B78A34204F17D
:1055000001043FD0092C234B404628BF00241E5DD8
:1055100039F816C00CEB462319441F4B33F81650CC
:10552000A5EB0C05AA421CD20CEB462C18491B4CCF
:1055300061440192FEF7F0FE216839F81650584692
:10554000019AA1EB0B012A44394429F81620216065
:105550004FF0E0234FF40032C3F80C2103B0BDE854
:10556000F08F2A462F44FEF7D7FE0C49E3B23046AF
:105570000A68A844521B0A608AF80030FFF774FDDD
:10558000BB45B6D83846E3E70846E1E7C04400200B
:105590008000202070440020504400204C44002013
:1055A000C1440020604400200B4B0C4A127819784B
:1055B000D3B28A420DD0013309480A4A092B0A495D
:1055C00028BF0023C35C31F8131002EB4323585C5F
:1055D00070474FF0FF307047C0440020C1440020A6
:1055E000704400208000202060440020044B10B54F
:1055F0001C680CB1204610BD00F0E0F8204610BD3C
:105600004C4400202DE9F84F144E154D33782A787C
:10561000934221D0DCB2DFF85090DFF850B0DFF8D1
:105620005080104F0134082C5FFA84FA01D900240D
:10563000A24619F80400DBF8003038F8102037F8DB
:105640001010521A9B1ACBF80030FFF70DFD86F8A8
:1056500000A02B78A342E5D1BDE8F88FC14400201B
:10566000C044002060440020704400204C440020CE
:105670005044002000B583B001210DF10700FFF771
:1056800023FF20B19DF8070003B05DF804FB4FF045
:10569000FF30F9E7094B00B583B01B788DF80700A0
:1056A0003BB101210DF10700FFF7B0FD03B05DF83C
:1056B00004FB03F0FF0003B05DF804FBC7440020C7
:1056C000044B1B7803F0FF020BB1FFF79FBD1046A0
:1056D000704700BFC74400202DE9F0410024DFF8E7
:1056E000448001230D4D27460D4E88F80030337855
:1056F00028462035A34204F1010405D0FFF776FCCB
:10570000030658BF07F50067042CF0D1BFF34F8F95
:105710000023384688F80030BDE8F08100180020EA
:10572000C4440020C54400202DE9F8431D4B1B78DC
:1057300013B11D4D2A880AB9BDE8F8831B4EC2F586
:1057400000691B4933784A461A4C01EB43181A4F3B
:1057500004EBC324012340463B7021460023FFF79E
:105760000BFC04EB0902BFF34F8F4FF0E023C3F8AB
:10577000704F2034A242FAD8BFF34F8FBFF36F8F20
:1057800004204146FFF710FC33780133DBB2032BD2
:1057900088BF0023337000232B80BFF34F8F3B70F3
:1057A000BDE8F883C7440020B4440020C44400206E
:1057B0000018002080102020C54400202DE9F84367
:1057C0002D4B1E7866B12D4F3B784BB90123F10765
:1057D0003B7043D4B20726D400233B70730701D437
:1057E000BDE8F883264B1A68002AF9D0EFF305824A
:1057F000002AF5D1EFF3108572B61868002834D06E
:10580000204C2178002930D10122227042691A608F
:10581000002A2ED0916105B962B6002583684577CC
:1058200098472570DCE7DFF8648098F80030002B9B
:10583000D2D00025DFF858902B4659F82340013587
:10584000236820461B69984710B163699B68984795
:1058500098F80020EBB29A42EFD8BDE7FFF7C6FEFA
:105860000028B7D0AFF30080B4E7002DB8D162B6FE
:10587000B6E7054B1A60CEE7CA440020BE440020BC
:1058800070420020BC4400207C420020BD44002027
:105890008042002070B5EFF3108272B60C4C206885
:1058A00080B10C4E00254369236073B19D6102B93C
:1058B00062B6836845779847EFF3108272B6206826
:1058C0000028F0D102B962B670BD3360EFE700BFC7
:1058D0007842002074420020FFF7DCBF0449054AEB
:1058E0004968054B1960136801331360704700BFA6
:1058F000001000E09444002090440020A249A34BF3
:1059000088422DE9F047A24C5E699A69D4F80C8070
:105910001BD9A04B984240F20281C31A9E491B0A30
:10592000A1FB031340F22761DB0903EB830303EBC5
:10593000830303F2E2438B4228BF0B46A3F548776B
:10594000964BA3FB0737FF0804E0954FB8428CBF86
:105950000E2706278D4908F01F09D1F88030B94578
:1059600043F0C003C1F880300CD228F01F08A1F525
:10597000F82148EA0708C1F80C800B68002BFCDA14
:1059800008F01F0916F0007324D186490C69864976
:10599000A14300F0EA8082F4805134464FF48055F0
:1059A00014F0605F04D026F060561E43774B5E61B2
:1059B00011F4405F07D022F4405274492A438A61AF
:1059C0008B6C1A07FCD446F00076704A5661936CD3
:1059D0009B06FCD4754CA04200F2CE804FF0010C27
:1059E0000146634603FB011203F1010E0CF10105B0
:1059F000A24218D8BEF1080F4FF0010340F08D808D
:105A0000BCF1040F00F291800A18A24200F2A480B7
:105A100005FB00F1AC4603F1010E03FB01120CF192
:105A20000105A242E6D90CF1FF318C0286EA812100
:105A30005F4810445F4A90427FD9DFF8A4A16C22EE
:105A40005D48584DB0FBFEF0D5F800E0B0FBFCF02F
:105A5000DFF890C10EEA0C0CD44509D042F4005294
:105A60004FF4805CC5F800C02A602A68002AFCDA7E
:105A7000464A156905F007059D4203D01361936CF2
:105A8000DD03FCD411F4E05F09D026F4E05604F401
:105A9000E0543E4A26435661936C9907FCD447492B
:105AA000474A014491423CD8464BC909A3FB013106
:105AB000090B4B1E1B0286EA030212F4407F06D03C
:105AC00026F4407603F44073304A334353612F4A3F
:105AD000536923F000735361936C9B06FCD43A4BDB
:105AE0004F45A3FB00234FF0FF324FEA9343B0FB37
:105AF000F1F1B2FBF3F3354A1060354A1160354AD3
:105B0000136008D228F01F08214A48EA0707D76027
:105B10001368002BFCDABDE8F087734662E71227B2
:105B200018E74FF440730421C5E70CF1FF3120481A
:105B300007238C02104486EA8121274ADFF8A8A0B7
:105B4000A2FB0020020D2548362A38BF362202FB70
:105B500000F042EA0A0A74E74FEA8C24002386EA3E
:105B60008C214FF0010EAC4662E71D4686F0C05412
:105B700011464FF0C05313E700244FF0010C0246CA
:105B800031462346E64653E700A4781F00C00F4085
:105B9000000008400046C32323B24C001F85EB5190
:105BA00000366E0100800D4040300080FFB19F261E
:105BB000808D5B00FF7EF64D00643F4D7FD1F00885
:105BC0007F17B42C9F10E50083DE1B43B40B00202D
:105BD000B00B00208C440020819F5E16001BB70094
:105BE0006C2000807F3001800020008000230F2285
:105BF00048F2B82C194610B54FF470444FF4806E3B
:105C0000A0F88C414FF46044A0F88E210A46A0F819
:105C10009031B0F888319BB243F0F003A0F888319E
:105C200001EB4103013100EB431304299C80A3F8ED
:105C300006E05A841A865A805A81A3F80EC05A8206
:105C4000DA825A83DA83EBD1B0F888319BB243F021
:105C50000F03A0F88831B0F888319BB243F4706329
:105C6000A0F8883110BD00BF374B384A996F3848CB
:105C700041F47F0170B5996741F20106D3F88010B5
:105C800045F6C05543F226040A43C3F88020FFF7C7
:105C9000ADFF00F58040FFF7A9FF00F58040FFF75A
:105CA000A5FF00F58040FFF7A1FF0022A0F503103B
:105CB0004FF00F0E114600EB42134FEA421C013227
:105CC0009981042A5981A3F80EE09E82DD8020F894
:105CD0000C1019829C81EED100221E484FF00F0E4D
:105CE00041F20106114645F6C05543F2260400EB89
:105CF00042134FEA421C01329981042A5981A3F8C8
:105D00000EE09E82DD8020F80C1019829C81EED17D
:105D1000002211480F2641F20105114645F6C054F4
:105D200043F2260E00EB42134FEA421C01329981E6
:105D3000042A5981DE819D82DC8020F80C101982B2
:105D4000A3F80CE0EED170BD00C00F40000003FCD2
:105D500000C03D4000001E4000401E40074A506AFF
:105D6000936A19468446506A936A9942F9D18445E8
:105D7000F7D1DB0B43EA4040704700BF00400D40C5
:105D80002DE9F04F01F10B06162E83B0044624D8FE
:105D9000102900F2BA8000F0A3FA1026182202207F
:105DA000B54F3A44A2F1080153688B4200F0BA8023
:105DB0005A68D96822F003021A449D68E9608D6030
:105DC000516841F001012046516003F1080500F0DF
:105DD0008DFA284603B0BDE8F08F36F0070600F1D3
:105DE0009480B14200F2918000F07AFAB6F5FC7F1F
:105DF000C0F09A81730A00F08F80042B00F26F814B
:105E0000B30903F1390003F1380CC3009A4F3B4446
:105E1000A3F108055B689D4206D10CE0002980F2E1
:105E20002781DB689D4206D05A6822F00302911B4D
:105E30000F29F3DD60463D69DFF850C265457CD02F
:105E40006A6822F00302931B0F2B00F37B81002B67
:105E5000C7E904CC80F26C81B2F5007F80F01A8132
:105E6000D308796801334FEA521E012202FA0EF27A
:105E70000A4357F833E0C5F808E007EBC3010839D7
:105E8000E9607A6047F83350CEF80C508310012156
:105E90009940914257D8114206D120F003004900A1
:105EA000114200F10400FAD007EBC0094D468646C6
:105EB000D5F80C80454508D11DE1002B80F22481E6
:105EC000D8F80C80454500F01681D8F8042022F05F
:105ED0000302931B0F2BF0DD2046D8E9025408EB98
:105EE000060146F00106C8F80460EC60A56043F0C6
:105EF0000104C7E90411C1E902CC4C6048F8023042
:105F000000F0F4F908F1080502E00C2323600025F5
:105F1000284603B0BDE8F08F4FF4007340204FF0E7
:105F20003F0C73E7D3689A4208BF02307FF440AF5A
:105F30003D69DFF858C1654582D17A688310012137
:105F400099409142A7D9BD686B6823F003094E457B
:105F500003D8A9EB06030F2B7ADCDFF834B1474BEB
:105F6000DBF800201B680132334405EB090A00F01E
:105F7000338103F580530F3323F47F6828F00F0833
:105F80004146204600F032FE411C024600F0F380FC
:105F9000824500F2EE803A4B196841441960084688
:105FA00000F04E81DBF80010019301311BBFA2EB22
:105FB0000A010918CBF80020196012F0070B00F055
:105FC0001781CBF108010A44CBF580519044083188
:105FD000A1EB0801C1F30B0A51462046009200F0E4
:105FE00005FE421CDDE9002300F04F81801A00EB22
:105FF0000A081968BA6048F001005144BD42506077
:10600000196000F02981B9F10F0F40F2278168680B
:10601000A9F10C0C2CF0070C00F0010040EA0C0078
:1060200068604FF0050E05EB0C00BCF10F0FC0E9E6
:1060300001EE00F2328150681546124B1A688A420E
:1060400038BF1960104B1A688A4238BF196094E053
:10605000AA1943F0010346F001066E602046BA60BB
:10606000536000F043F90835284603B0BDE8F08FCF
:10607000D9681A44A1E600BF380D0020D84200209C
:10608000A8420020D0420020D4420020400D002031
:1060900040110020B2F5206F4FEA522363D3142B36
:1060A00000F2B78003F15C01C9005B3307EB010E1E
:1060B0007958AEF1080E8E4500F091804B6823F0C0
:1060C0000303934202D989688E45F7D1D1F80CE0D9
:1060D0007A68C5E9021ECEF80850CD60D6E6142BCA
:1060E00059D9542B00F29D80330B03F16F0003F15B
:1060F0006E0CC3008AE60EF1010E1EF0030F05F1CF
:1061000008057FF4D5AE51E0424445465368D8F8BF
:106110000C1043F00103536055F8083F2046D96046
:106120008B6000F0E3F8F3E6F00806F1080237E6CA
:106130002A442046536843F001035360083500F0B9
:10614000D5F8E5E6A919204646F0010643F001041A
:106150006E60C7E90411C1E902CC4C60AB5000F09D
:10616000C5F80835D4E6930903F13901C90038337D
:106170009CE7BD425FD0BD68686820F003084645D3
:10618000A8EB060302D80F2B3FF762AF204600F0C2
:10619000ADF80025BCE603F15C0003F15B0CC30025
:1061A00034E659F808394B4540F0968010F0030F5B
:1061B00000F1FF30F5D17B6823EA01037B604900E1
:1061C00099423FF6C0AE19B9BDE649000EF1040E82
:1061D0001942FAD0704667E603F11008D0E69A102B
:1061E0004FF001087B6808FA02F21A437A6070E700
:1061F00002EB08014942C1F30B0A514620460092C6
:1062000000F0F4FC431CDDE900237FF4EFAEDA4636
:10621000EFE6542B25D8130B03F16F01C9006E3341
:1062200044E7B3F5AA7F25D8F30B03F1780003F117
:10623000770CC300EAE5294B186840441860B1E6C2
:10624000CAF30B0CBCF1000F7FF4ACAEBD68C844C0
:1062500048F001006860F0E61546EEE60123536061
:1062600094E7B3F5AA7F23D8D30B03F17801C900D3
:1062700077331BE740F25452934223D8B30C03F117
:106280007D0003F17C0CC300C0E5ABF1080BD844E2
:10629000A8EB02084FF0000AABE605F10801204622
:1062A000009300F0CBFDBD68009B68681968C4E6E8
:1062B00040F254518B420BD8930C03F17D01C9007D
:1062C0007C33F3E64FF47E737F204FF07E0C9DE528
:1062D0004FF47E717E23E9E67B6870E7A8420020D8
:1062E000014800F0D9BC00BFA0420020014800F0E6
:1062F000D5BC00BFA04200202DE9F84F1746002969
:1063000000F098800C4607F10B058046FFF7E8FF88
:10631000162D54F8041C5BD810252A46AF425CD8D1
:1063200021F003069642A4F1080962DABC4BD3F8C7
:1063300008C009EB0600844500F09780D0F804C03F
:106340002CF0010303445B68DB0768D42CF0030CDA
:1063500006EB0C03934247DACB0710D454F8083C01
:10636000A9EB030ADAF8043023F003018C44B444A7
:10637000944580F211817318934280F2E880394687
:106380004046FFF7FDFC0746E0B154F8043C23F01B
:1063900001034B44A0F10802934200F0D280321F67
:1063A000242A00F2F580132A00F2AC80034622462C
:1063B000116819605168596092689A602146404698
:1063C00000F03CFD4046FFF791FF3846BDE8F88FEE
:1063D00025F00705002D2A46A0DA0C23C8F8003066
:1063E00000273846BDE8F88F1E46D0E90223D36067
:1063F0009A60731B0F2B22D8D9F8043003F00103E5
:1064000033434E44C9F80430736843F001037360AA
:1064100040462746FFF76AFF3846BDE8F88FC907B0
:10642000ADD454F8083CA9EB030ADAF8041021F0C3
:106430000301A0E7BDE8F84F1146FFF7A1BCD9F86A
:10644000042009EB050102F001024E4443F0010370
:106450002A43C9F804204B60736843F001030831F4
:106460007360404600F0EAFCD2E7DCF8040020F05C
:10647000030B06EB0B0C05F1100084454DDAC90740
:106480003FF57DAF54F8081CA9EB010ADAF80410B7
:1064900021F003018B44B34458453FF76CAF574696
:1064A000DAF80C1057F8080F321F242AC1608860F0
:1064B00000F2DB80132A40F2D6802168CAF8081067
:1064C0006168CAF80C101B2A00F2DF8008340AF158
:1064D00010022168116061685160A16891600AEB47
:1064E0000501ABEB050242F0010299604A60DAF85F
:1064F000043003F001032B434046CAF80430FFF791
:10650000F5FE6EE723680360636843601B2A68D862
:1065100004F1080200F108034AE709EB05029A605A
:10652000ACEB050343F00103536054F8043C03F063
:1065300001032B43404644F8043CFFF7D7FE2746AF
:106540004FE750F8043C23F003031E4451E757463D
:10655000DAF80C1057F8080F321F242AC16088603F
:106560004CD8132A48D92168CAF808106168CAF8BB
:106570000C101B2A56D808340AF110021E46236854
:10658000136063685360A3689360D1463C4630E76C
:10659000214600F0E7F911E7D0E902135746CB6036
:1065A000996057F8081FDAF80C30CB60321F242AA4
:1065B00099602DD8132A29D92368CAF8083063684E
:1065C000CAF80C301B2A42D808340AF1100322689A
:1065D0001A6062685A60A2689A606646D1463C4674
:1065E00007E7A3688360E368C360242A26D004F128
:1065F000100200F11003DBE63A46BFE721463846B9
:106600001E46D14600F0AEF93C46F2E63B46DEE7D8
:10661000214638466646D14600F0A4F93C46E8E6F5
:10662000380D0020A168CAF81010E168CAF81410EB
:10663000242A20D010340AF118029FE7236903614D
:106640006169416104F1180200F11803B0E6A36822
:10665000CAF81030E368CAF81430242A21D0103464
:106660000AF11803B3E73A4633E72146384600F00B
:1066700079F9164B33E72269CAF818206269CAF81B
:106680001C2018340AF1200278E7A168CAF810101B
:10669000E168CAF81410242A0DD010340AF1180247
:1066A00017E72369CAF818306369CAF81C30183430
:1066B0000AF120038BE72269CAF818206269CAF838
:1066C0001C2018340AF1200203E700BF380D002017
:1066D000024A0349034800F0BBB800BF481100203C
:1066E0004D770000900A00200C4B4168994210B58C
:1066F000044601D002F02AFEA168094B994202D05B
:10670000204602F023FEE168064B994204D0204661
:10671000BDE8104002F01ABE10BD00BFDC420020F0
:1067200044430020AC4300202DE9F8432A4C2B4B76
:106730002B48DFF8C090DFF8C0802A4F1860002592
:1067400004230822294604F15C00274E6566C4E94B
:106750000253C4E90055C4E90455A56100F07EF96F
:10676000224B63670822294604F1C400C4E90749A3
:10677000C4E90987C4E91A55C4E91E55C4F8CC50C8
:106780002567C4F88050E66200F068F9184BC4F839
:10679000DC30294604F16803082204F59670C4F839
:1067A0008430C4E92298C4E92476C4E93455C4E9A4
:1067B0003855C4F83451C4F8D850C4F8E85000F043
:1067C0004DF904F1D003C4E93C98C4E93E76C4F81D
:1067D000EC30BDE8F88300BFDC4200201444002008
:1067E000D14A00003D4D00005D4D00000900010050
:1067F00012000200D94C0000FD4C000010B5044608
:106800000A4800F049FA636B23B9094B094A1B682F
:10681000626323B1BDE81040044800F03FBAFFF7BF
:1068200083FFBDE81040014800F038BAA4420020C0
:1068300014440020E94A0000014800F02DBA00BFCE
:10684000A4420020014800F029BA00BFA442002061
:106850002DE9F84380460F4616464FF00009D6E969
:106860000154013D11D4A389012B05F1FF3508D94D
:10687000B4F90E300133214603D04046B84749EA07
:1068800000096B1C04F16804EDD13668002EE6D1D6
:106890004846BDE8F88300BF0EB410B59DB06FF058
:1068A00000411FABCDE906010491094953F8042BBF
:1068B0000290084C0868019302A9059400F0A4FF17
:1068C000029B00221A701DB0BDE8104003B0704753
:1068D000541100200802FFFF10B50C46B1F90E104C
:1068E00000F06EF9002803DB236D0344236510BD1F
:1068F000A38923F48053A38110BD00BF2DE9F0418B
:106900000C46B1F90C101F46CB05054616460BD4B4
:1069100021F48051A1813B46B4F90E10324628463D
:10692000BDE8F04100F074B9B4F90E100223002262
:1069300000F030F9B4F90C10EAE700BF10B50C46CE
:10694000B1F90E1000F026F9A389421C0EBF23F402
:10695000805343F480532065A38110BDB1F90E101C
:1069600000F006B988420DD98B1883420AD900EB92
:10697000020CBAB1624613F801CD02F801CD99427A
:10698000F9D170470F2A0ED8034602F1FF3C4AB1F5
:106990000CF1010C013B8C4411F8012B03F8012F81
:1069A0006145F9D1704740EA01039B0750D1A2F13C
:1069B000100370B501F1200C23F00F0501F1100E4A
:1069C00000F11004AC441B095EF8105C44F8105C44
:1069D0005EF80C5C44F80C5C5EF8085C44F8085CFB
:1069E0005EF8045C44F8045C0EF1100EE64504F118
:1069F0001004E9D1013312F00C0F01EB031102F086
:106A00000F0400EB031327D0043C24F003064FEAE5
:106A1000940C1E441C1F8E465EF8045B44F8045F11
:106A2000B442F9D10CF1010402F0030203EB840338
:106A300001EB840102F1FF3C4AB10CF1010C013B76
:106A40008C4411F8012B03F8012F6145F9D170BD79
:106A500002F1FF3C03469BE72246EBE7830730B594
:106A600048D0541E002A3FD0CAB2034601E0013C80
:106A70003AD303F8012B9D07F9D1032C2DD9CDB2C0
:106A800045EA05250F2C45EA054536D9A4F1100243
:106A900022F00F0C03F1200EE6444FEA121C03F122
:106AA000100242E9045542E9025510327245F8D10C
:106AB0000CF1010214F00C0F03EB021204F00F0CA6
:106AC00013D0ACF1040323F003030433134442F85E
:106AD000045B9342FBD10CF003042CB1C9B21C44FB
:106AE00003F8011B9C42FBD130BD64461346002CC9
:106AF000F4D1F9E703461446BFE71A46A446E0E797
:106B000040EA01039B0730B501D1032A0FD8844620
:106B100001F1FF3E07E01EF8011F03F8011B541EA0
:106B2000C1B19C4622466346002AF4D130BD0B46D3
:106B30008446194653F8045BA5F1013424EA0504A0
:106B400014F0803FE4D1043A032A4CF8045B194660
:106B5000EFD8DDE79444002CE8D003F8011B63452F
:106B6000FBD130BD014B93F828017047CC0B0020BE
:106B700038B5074D0022044608462A60FDF77AFD25
:106B8000431C00D038BD2B68002BFBD0236038BDE0
:106B90002844002038B50C46084D8446114620464E
:106BA0001A4600232B606446FDF770FD431C00D09D
:106BB00038BD2B68002BFBD0236038BD2844002053
:106BC00038B50C46084D8446114620461A46002327
:106BD0002B606446FDF74CFD431C00D038BD2B688C
:106BE000002BFBD0236038BD2844002038B5074D6A
:106BF0000022044608462A60FDF720FD431C00D011
:106C000038BD2B68002BFBD0236038BD2844002002
:106C100038B50C46084D8446114620461A460023D6
:106C20002B606446FDF7F0F9431C00D038BD2B689B
:106C3000002BFBD0236038BD28440020014B18688E
:106C4000704700BF5411002070B50D4E0D4D761BDE
:106C5000B61006D0002455F8043B01349847A642EC
:106C6000F9D1094E094D761B05F082F9B61006D010
:106C7000002455F8043B01349847A642F9D170BD71
:106C8000F01A0060F01A0060F81A0060F01A006054
:106C9000704700BF704700BF704700BF704700BF1C
:106CA00000000000000000000000000000000000E4
:106CB00000000000000000000000000000000000D4
:106CC00090F800F06DE9024520F007016FF0000C2C
:106CD00010F0070491F820F040F049804FF00004D4
:106CE0006FF00700D1E9002391F840F000F10800AF
:106CF00082FA4CF2A4FA8CF283FA4CF3A2FA8CF3E7
:106D00004BBBD1E9022382FA4CF200F10800A4FA4D
:106D10008CF283FA4CF3A2FA8CF3E3B9D1E90423A1
:106D200082FA4CF200F10800A4FA8CF283FA4CF3D8
:106D3000A2FA8CF37BB9D1E9062301F1200182FA92
:106D40004CF200F10800A4FA8CF283FA4CF3A2FA98
:106D50008CF3002BC6D0002A04BF04301A4612BAA6
:106D6000B2FA82F2FDE8024500EBD2007047D1E9A9
:106D7000002304F00305C4F100004FEAC50514F038
:106D8000040F91F840F00CFA05F562EA05021CBF09
:106D900063EA050362464FF00004A9E7F8B5244F03
:106DA0000C460646FFF79CFABB685D68C4F57E6139
:106DB0000F3125F003054B1923F47F6323F00F03F4
:106DC000A3F58054B4F5805F07DB00213046FFF760
:106DD0000DFFBB682B44984204D03046FFF786FA7B
:106DE0000020F8BD61423046FFF700FF01300DD0B2
:106DF000104ABB682D1B45F001055D6013683046E5
:106E00001B1B1360FFF772FA0120F8BD002130460A
:106E1000FFF7ECFEBA68831A0F2BDEDD43F00103A7
:106E20005360054B03491B68C01A0860D5E700BFD3
:106E3000380D0020A842002040110020002961D018
:106E4000F8B50C460646FFF74BFA54F8042C7B4F76
:106E5000A4F1080522F0010105EB010CB868DCF88B
:106E60000430604523F0030300F08B80D207CCF898
:106E7000043032D454F8082CAD1A1144AA6807F132
:106E8000080082426AD00CEB0304D4F804E0EC68FA
:106E9000D4601EF0010FA26000F0978041F0010362
:106EA0006B60CCF80010B1F5007F35D27868CB0864
:106EB0000122490901338A40024357F833107A60AE
:106EC00007EBC302083AC5E9021247F83350CD6018
:106ED0003046BDE8F840FFF709BA0CEB03025268F0
:106EE000D00710D4194407F10800DCF808308342B9
:106EF00073D0DCF80C20DA60936041F001036B6022
:106F00006950D0E7704741F00103B1F5007F44F8C4
:106F1000043CCCF80010C9D3B1F5206F4FEA5123DF
:106F200048D28B0903F1390003F13802C300F81885
:106F3000FB580838984259D05A6822F003028A4216
:106F400002D99B689842F7D1D868C5E902308560BC
:106F5000DD603046BDE8F840FFF7C8B90CEB03022E
:106F60005268D20763D40B44DCE90212CA60916014
:106F700043F001026A603046EB50BDE8F840FFF78D
:106F8000B5B90B44D10707D454F8082CAD1A1344F3
:106F9000D5E90212CA60916043F001026A60284A92
:106FA000BD6012689A4293D8264B30461968FFF7A5
:106FB000F5FE8DE7142B0AD9542B1FD80B0B03F1C8
:106FC0006F0003F16E02C300B1E719448DE703F1CE
:106FD0005C0003F15B02C300A9E741F00103C7E9CC
:106FE0000455C5E902006B60695071E77968921039
:106FF000012404FA02F20A437A60A6E7B3F5AA7FF5
:1070000006D8CB0B03F1780003F17702C3008EE7BB
:1070100040F25452934206D88B0C03F17D0003F1E9
:107020007C02C30083E74FF47E737E227FE741F04A
:1070300001036B60CCF800104AE700BF380D002058
:1070400044110020D842002082B049B15AB16BB13E
:1070500013780B601278101E18BF012002B0704721
:1070600001A9002AF3D1104602B070476FF0010069
:10707000F4E700BF436C70B505460C464BB153F8BE
:10708000240080B1026843F824200023C0E90333C0
:1070900070BD2122042102F02FFB03466864002802
:1070A000EDD1002070BD012101FA04F6721D92009D
:1070B000284602F021FB0028F3D0C0E90146E4E7AE
:1070C00031B1436C4A6853F82200086043F822103B
:1070D000704700BF2DE9F0410E6980460F461D46FE
:1070E00001F1140E0020DEF800108CB202FB0453F4
:1070F000090C4FEA134C02FB01CC01309CB204EBAB
:107100000C4486424EF8044B4FEA1C45EBDC3DB183
:10711000BB68B34207DD07EB860301365D613E6164
:107120003846BDE8F081796840460131FFF7A2FF9B
:107130000446B0B13A69023207F10C0192000C30FA
:10714000FDF7EAF8D8F844307A6853F8221039602D
:1071500043F82270274607EB860301365D613E61E6
:10716000DEE7034B03482246BA2102F0A5FA00BF2E
:107170009C040020B0040020030C1B04D3B90004BD
:10718000102310F07F4F04BF0002083310F0704F3F
:1071900004BF0001043310F0404F04BF80000233ED
:1071A000002805DB10F0804F03F1010308BF202306
:1071B000184670470023E4E7036813F0070208D07D
:1071C000D9071FD49A0722D55B0803600122104615
:1071D000704799B209B91B0C1022D9B209B908320B
:1071E0001B0A190704BF1B090432990704BF9B0837
:1071F0000232D90703D45B0802F1010205D0036013
:10720000104670470022104670472022DFE79B0897
:10721000022203601046704738B5436C04460D46A1
:107220004BB15868B0B102685A6000220123C0E92E
:107230000435C26038BD2122042102F05DFA034604
:1072400060640028EDD1094B0948002240F2451145
:1072500002F032FA1C220121204602F04DFA0028E9
:10726000F1D001220223C0E90123DEE79C040020C3
:10727000B00400202DE9F04F0E691569AE4285B0CB
:107280008846144605DB2A46234635460C461646F4
:107290009846A3686168AF19BB42B8BF0131FFF7D8
:1072A000E9FE0190002800F08780019B03F114099A
:1072B00009EB870AD14505D24B46002243F8042B3F
:1072C0009A45FBD808F1140808EB860B04F1140367
:1072D000D8451A4603EB85055FD22B1B153B23F0DF
:1072E000030304331534A54238BF0423CDE902A7B4
:1072F000AC461F46924605E0090C29D1C34509F169
:10730000040948D958F8041B8DB2002DF4D0564614
:107310004C46002356F8041B22681FFA81FE90B2E7
:10732000090C05FB0E00120C034405FB012202EBC5
:1073300013429BB243EA0243B44544F8043B4FEA8C
:107340001243E7D849F8073058F8041C090CD5D087
:10735000D9F8003050461A464C4600260588120CD3
:1073600001FB052216449BB243EA064344F8043B62
:1073700050F8045B22682D0C93B201FB053303EB3C
:10738000164384454FEA1346E8D8C34549F8073009
:1073900009F10409B6D8DDE902A7002F02DC05E0F7
:1073A000013F03D05AF8043D002BF9D0019B184649
:1073B0001F6105B0BDE8F08F034B0448019A4FF4FC
:1073C000B17102F079F900BF9C040020B0040020E4
:1073D00012F003032DE9F0411446064632D10D4662
:1073E000A41020D0D6F84080B8F1000F33D0E307C6
:1073F0004FF0000707D4641015D0D8F80000A8B1EA
:107400008046E307F7D5424629463046FFF732FF6C
:10741000B5B16968736C641053F821202A6043F891
:1074200021500546E9D12846BDE8F0814246414653
:107430003046FFF71FFFC8F8000007608046E0E70E
:107440000546D8E7013B0F4A52F823200023FFF7F7
:1074500041FE0546C4E701213046FFF70BFE80469A
:1074600040B1012340F27122C0E9043200233064AC
:107470000360BCE7044B0548424640F2451102F068
:107480001BF900BF600900209C040020B00400200C
:107490002DE9F0470D4614462F69AB68496807EBA4
:1074A00062177E1C9E4280464FEA621904DD5B0033
:1074B0009E4201F10101FADC4046FFF7DBFD844604
:1074C000002852D0B9F1000F00F114020EDD09F1CD
:1074D00005014FEA810E134600EB8101002043F8BD
:1074E000040B8B42FBD1AEF114031A44296905F158
:1074F000140314F01F0E03EB81012ED0CEF12009EE
:1075000010464FF0000A1C6804FA0EF444EA0A041C
:1075100040F8044B53F8044B994224FA09FAF2D884
:107520004B1B153B23F00303043305F11500814287
:1075300038BF0423BAF1000F18BF374642F803A042
:10754000D8F844306A68CCF8107053F822102960DB
:10755000604643F82250BDE8F087043A53F8040B24
:1075600042F8040F9942F9D8EAE7034B0348624610
:107570004FF4EF7102F0A0F89C040020B00400204A
:107580000B6984460069C01A16D10CF1140C143131
:107590000CEB830210B401EB830301E0944508D2A5
:1075A00052F8044D53F8041D8C42F7D005D24FF029
:1075B000FF305DF8044B7047704701205DF8044BC5
:1075C000704700BF2DE9F84F0F691369FF1A002FAC
:1075D0000E4690467FD101F11405143202EB83026E
:1075E00005EB830301E09D4278D253F8041D52F865
:1075F000044DA142F7D069D37168FFF73BFD814686
:10760000002877D03569D8F81020C76008F1140E2B
:1076100006F1140009F1140A06F110010EEB8202C2
:1076200000EB850756464FF0000C5EF8044B51F80E
:1076300004BFA3B21CFA8BFCACEB03034FEA144C5F
:10764000CCEB1B4C0CEB234C9BB243EA0C43724536
:1076500046F8043B4FEA2C4CE7D8A2EB0801153959
:1076600008F11508424521F0030404F1040438BF71
:107670000424204421F0030238BF002287425244F0
:10768000544418D92646014651F8043B1CFA83FCA1
:107690004FEA2C4202EB13421FFA8CFC4CEA0243E5
:1076A0008F4246F8043B4FEA224CEDD8013F3F1A87
:1076B00027F00307E21923B952F8043D013D002BDE
:1076C000FAD0C9F810504846BDE8F88F3346012774
:1076D0004646984690E7F9DB00278DE70021FFF743
:1076E000C9FC814668B101220023C9E90423484648
:1076F000BDE8F88F064B07484A4640F2452101F0A5
:10770000DBFF034B03484A4640F2372101F0D4FF28
:107710009C040020B00400202DE9F043884683B08B
:10772000012157EC106B1546FFF7A4FC0446002816
:1077300051D0C7F30A59C7F31303B9F1000F01D0B1
:1077400043F48013002E019318D101A8FFF734FDF4
:10775000019A6261012200F120032261B9F1000F58
:1077600025D0A9F2334909EB03022046C3F13503C2
:10777000C8F800202B6003B0BDE8F083684600968F
:10778000FFF71AFD034610B3DDE90002C3F1200143
:1077900002FA01F10143DA4061610192002AA2611B
:1077A00014BF022201222261B9F1000FD9D1A3F244
:1077B0003243C8F8003004EB82031869FFF7DCFCA1
:1077C000C0EB421320462B6003B0BDE8F083009A63
:1077D0006261019AE2E7034B0348224640F20F310F
:1077E00001F06AFF9C040020B004002049B1FF2A88
:1077F00002D80A70012070478A2303604FF0FF30DF
:1078000070470846704700BF2DE9F04F2DED088BFB
:10781000D1B00C460BEE101A90460893834601F047
:10782000BBFE036812931846FFF74AFA20AF109088
:10783000082200213846FFF711F9A3891B0603D55A
:107840002369002B00F0558700239FED838B9FED6C
:10785000849BCDE92533CDE91333CDE9153327AA30
:107860000E9324929246119304934446A1467E4B74
:10787000D3F8E450FFF776F94A4603461CA900976F
:107880005846A847002800F0B080C0F2A6801C9A95
:10789000252A034601D09944E9E7B9EB04050646D9
:1078A00040F0A78000234FF0FF328DF867309846F4
:1078B000069309F1010999F8003003922B2520263F
:1078C00009F10109A3F120025A2A00F2CF80DFE872
:1078D00012F0E802CD00CD00E302CD00CD00CD00D6
:1078E0006A00CD00CD0005028402CD001002C9025D
:1078F000CD00BD025B005B005B005B005B005B00DA
:107900005B005B005B00CD00CD00CD00CD00CD0065
:10791000CD00CD005301CD0083011A025301530164
:107920005301CD00CD00CD00CD001502CD00CD001E
:107930009602CD00CD00CD00AB01CD00AA02CD0056
:10794000CD00E306CD00CD00CD00CD00CD00CD00B3
:10795000CD00CD005301CD008301DE015301530161
:1079600053017702DE017F00CD008902CD005F0266
:10797000E0062F027F00CD00AB017C00B806CD00F1
:10798000CD00BD06CD007C00A3F13002002119F826
:10799000013B01EB810102EB4101A3F13002092A15
:1079A000F5D906918EE7584601F0F6FD4368159328
:1079B0001846FFF785F91690584601F0EDFD8368EB
:1079C0001393169B002B40F02D8699F8003077E733
:1079D00099F8003048F0200872E708220021384664
:1079E000FFF73CF80123994441E7B9EB040506464B
:1079F00011D0269B2B442693259B0133072BCAE9E4
:107A0000004525931CDC0AF1080A049B2B440493CF
:107A1000002E7FF447AF269B002B41F00B821BEE1C
:107A2000103AB3F90C3013F0400F049B18BF4FF01D
:107A3000FF330493049851B0BDEC088BBDE8F08F80
:107A40001BEE101A24AA584602F0E2FD0028E6D1E7
:107A50000DF19C0AD9E700BF000000000000000003
:107A6000FFFFFFFFFFFFEF7FCC0B00200B93002BEE
:107A7000D1D00021CDE90C118DF8DC3001238DF837
:107A8000671002930791059303910F9137AC18F09B
:107A90000203099302D0029B0233029318F084037D
:107AA0000A9305D1069B029A9D1A002D00F3698363
:107AB000269A89B125990DF1670001310132CAF882
:107AC000000007294FF0010026922591CAF8040012
:107AD00000F3A2830AF1080A099B83B1259B1AA926
:107AE00001330232CAF80010072B4FF00201269230
:107AF0002593CAF8041000F3A3830AF1080A0A9B2D
:107B0000802B00F06C82039B05995D1A002D00F319
:107B1000A58218F4807F40F00D82059BCAF80430DE
:107B20001A44259BCAF800400133072B269225935F
:107B300000F31B830AF1080A18F0040F05D0069B16
:107B400002995C1A002C00F38883049B0699029822
:107B50008142ACBF5B181B180493002A40F0B0822E
:107B600000232593079B1BB107995846FFF766F939
:107B70000DF19C0A4C4679E60B93089B073323F0E2
:107B80000703B3EC028BB0EEC87BB4EE497BF1EE99
:107B900010FA089340F3E984B5EEC08BF1EE10FAC9
:107BA00001F159809DF86710AB4CAC4B28F0800870
:107BB0000B9A472AC8BF1C460023CDE90C33032289
:107BC00007930292059203930F9300293FF45FAF4E
:107BD000029B013302935AE7432B0B9303D018F017
:107BE000100F00F05D85089D0822002122A837AC07
:107BF000FEF734FF22AB55F8042B2146584602F01D
:107C0000C1FC03460133059001F0EE82059B089507
:107C100023EAE37302930021CDE90C118DF867107C
:107C2000079103910F9132E70B93089B1A460023AB
:107C30008DF86730134653F8044B0893002C00F07E
:107C400048850B9B532B00F0EC8618F010030C9327
:107C500040F0E786039B5D1C01F0E5800C991A4615
:107C6000204601F09DFC0790002801F02883079B27
:107C70001A1B05920C9B039322EAE2720F930D9359
:107C8000079373239DF8671002920B939DE718F0FA
:107C9000200F0B93089B3DD0073323F007031A46B0
:107CA00011465B6851F8082B08911946002BC0F269
:107CB0000C84039B013300F09E8228F0800052EA7E
:107CC0000103029040F09982039B002B40F09A82BE
:107CD000804600230393059350AC06E1089B53F8BC
:107CE000042B0692002A80F21984069A08935242C5
:107CF000069299F8003048F00408E1E599F8003060
:107D000048F00808DCE548F0100818F0200F0B9345
:107D1000089BC1D118F0100F40F00B8418F0400FF1
:107D200000F0038433F9042B0893D1170B46BDE709
:107D3000089B48F00202029253F8042B089347F67E
:107D40003003ADF868307820454B119300210223B1
:107D50000B900020039C8DF86700601C00F0AD8044
:107D6000029820F0800852EA010040F0A480002C24
:107D700040F0AE86002BACD1029B13F001030593BB
:107D800000F0D18330238DF83F310DF23F14ACE089
:107D900018F0200F40F0D48318F0100F40F09F86A9
:107DA00018F0400F40F0978718F4007F00F0978696
:107DB000089B049953F8042B089311704C4655E521
:107DC00099F80030682B03BF99F8013048F4007827
:107DD00009F1010948F0400872E599F800308DF882
:107DE00067506DE599F800306C2B03BF99F80130AE
:107DF00048F0200809F1010948F0100860E50B93EC
:107E000048F0100818F0200100F05183089B073358
:107E100023F00703596853F8082B089328F480636C
:107E20000293002395E70B9348F010030293029B03
:107E300013F0200100F02983089B073323F0070388
:107E4000596853F8082B0893012382E799F800300A
:107E500048F0800834E500BF7C0600208006002042
:107E60008C060020494611F8013B2A2B01F049827B
:107E7000A3F13002092A894698BF002101F244810A
:107E800019F8013B01EB810102EB4101A3F1300242
:107E9000092AF5D9039115E599F8003048F0010851
:107EA0000EE59DF86730002B7FF48FAD99F8003018
:107EB0008DF8676004E5CDF80880012B00F09D8106
:107EC000022B50AC20D1119802F00F031209C35CB1
:107ED00004F8013D42EA0172090952EA0103F3D1B3
:107EE00050AB1B1BDDF808800593059A03989DF89D
:107EF000671082424FF00003B8BF0246CDE90C3351
:107F0000079302920F9360E602F00703D20842EA59
:107F10004172C908303352EA0105204604F8013D98
:107F2000F2D1029AD10700F14D8250AB1B1B904653
:107F30000593DAE70B9B652B40F3D480B5EE408BBD
:107F4000F1EE10FA40F0C181259BBA49CAF8001041
:107F5000013301320121072B26922593CAF8041020
:107F600000F351850AF1080A1B9B0E998B4280F29F
:107F7000D082109B12991A44CAE90013259B2692BD
:107F80000133072B259300F397830AF1080A0E9B10
:107F90005C1E002C7FF7D0AD102C259B40F36E8526
:107FA0001BEE106A102505E00AF1080A103C102C9F
:107FB00040F364850133A0491032072BCAE900154C
:107FC000CDE92532F0DD24AA3146584602F020FBE7
:107FD00000287ED1DDE925320DF19C0AE6E7069BFB
:107FE00002995D1A002D7FF78EAD102D259B21DDA6
:107FF000099410261BEE104A04E0103D102D0AF1E2
:10800000080A16DD01338C491032072BCAE9001625
:10801000CDE92532F1DD24AA214658460DF19C0A0E
:1080200002F0F6FA002854D1103D102DDDE925327A
:10803000E8DC099C8049CAF8045001332A44072B24
:10804000CDE92532CAF8001000F32685039B059977
:108050005D1A002D0AF1080A7FF75BAD102D259BF4
:108060001FDD514610261BEE10AA04E0103D102D16
:1080700001F1080114DD01336F481032072BC1E90B
:108080000006CDE92532F1DD24AA5146584602F01A
:10809000BFFAF0B9103D102DDDE9253227A9EADC41
:1080A0008A4601336449CAF804502A44072BCDE9B3
:1080B0002532CAF8001000F3DA810AF1080A28E52F
:1080C0001BEE101A24AA584602F0A2FA00283FF428
:1080D00047AD079B002B3FF4A2AC07995846FEF72B
:1080E000ADFE9CE40E9B012B40F37A81259BCAF8E0
:1080F0000040013301320121072B26922593CAF853
:10810000041000F3F8810AF1080A1099129801335B
:108110000A44072BCAE90001CDE9253200F3DD81CD
:108120000AF1080AB5EE408BF1EE10FA00F0778103
:108130000E990133013901340A44072BCAF8004073
:108140002593CAF80410269200F35B810AF1080A0D
:108150001499CAF8041001330A44072B1EA9CDE96B
:108160002532CAF800107FF7E5AC1BEE101A24AADE
:10817000584602F04DFA0028ABD1269A0DF19C0A20
:10818000DAE4102DDDE925122C4E24DD179410239E
:108190001BEE104A084604E0103D102D0AF1080AB3
:1081A00017DD013010320728CAE90063CDE9250246
:1081B000F2DD24AA214658460DF19C0A02F028FA65
:1081C000002886D1103D102DDDE925024FF0100367
:1081D000E7DC179C014601312A440729CDE9251225
:1081E000CAF80060CAF8045000F3BD839DF8671018
:1081F0000AF1080A5DE4CDF808800A2A71F100034B
:1082000080F0458330320123DDF808808DF83F216E
:1082100005930DF23F1468E61BEE101A24AA584687
:1082200002F0F6F900287FF454AF269A0DF19C0A6B
:1082300052E400BFBC0600206C0A0020C0060020EB
:108240001BEE101A24AA584602F0E2F900287FF427
:1082500040AF269A0DF19C0A51E4102C259BBE4E8E
:108260001FDD1BEE108A102504E0103C102C0AF1D3
:10827000080A16DD01331032072BCAE90065CDE983
:108280002532F2DD24AA414658460DF19C0A02F03F
:10829000BFF900287FF41DAF103C102CDDE925321A
:1082A000E8DC01332244072BCAE90064CDE925321A
:1082B0007FF74BAC1BEE101A24AA584602F0A8F91F
:1082C00000287FF406AF269A3FE41B99002940F36B
:1082D0005A830C9E0E9B9E42A8BF1E46002E0BDDAD
:1082E000259B01333244072BCAE900462692259389
:1082F00000F389860AF1080A0C9D002EA8BFAD1B69
:10830000002D00F303820C9B18F4806F2344059327
:1083100040F01F821B9B0E998B4203DB18F0010F6C
:1083200000F0CF84109912980A44CAE900012599F7
:10833000269201310729259100F3A5860AF1080A42
:108340000E996518CC1A059BED1AA542A8BF2546C3
:10835000002D0DDDCAF80030259BCAF8045001330A
:108360002A44072B2692259300F3BB860AF1080ABC
:10837000002DA8BF641B002C7FF7DEAB102C259BC3
:1083800040F37C831BEE106A102505E00AF1080A11
:10839000103C102C40F37283013370491032072BCC
:1083A000CAE90015CDE92532F0DD24AA3146584648
:1083B00002F02EF900287FF48CAEDDE925320DF1B4
:1083C0009C0AE5E7302B3FF48BAD3023023804F8EC
:1083D000013C50AB1B1ADDF808800593044684E588
:1083E00018F0010F7FF482AE259BCAF800400133DC
:1083F00001320121072B26922593CAF804107FF73A
:10840000A5AE1BEE101A24AA584602F001F9002866
:108410007FF45FAEDDE925320DF19C0A98E60E99F6
:108420004C1E002C7FF794AE102C40F361831BEEA2
:10843000106A102505E00AF1080A103C102C40F3E0
:108440005783013345491032072BCAE90015CDE99E
:108450002532F0DD24AA3146584602F0D9F800282A
:108460007FF437AEDDE925320DF19C0AE5E71BEE1E
:10847000101A24AA584602F0CBF800287FF429AE3F
:10848000269A0DF19C0AFFF744BB029B13F01003E0
:1084900040F0C180029A12F0400200F07A830898FE
:1084A00050F8042B0890194692B2012351E418F0B9
:1084B000100355D118F0400200F05D83089850F881
:1084C000042B0890194692B2A8E4524261EB410194
:1084D000CDF808802D2001233CE41BEE101A24AABD
:1084E000584602F095F800287FF4F3ADDDE9253217
:1084F0000DF19C0A16E61BEE101A24AA584602F04B
:1085000087F800287FF4E5ADDDE925320DF19C0AFE
:10851000FBE518F0010F3FF40FAB2AE5089399F83B
:108520000030FFF7CDB950ACDFE418F4007F40F025
:10853000DB8353F8042B0893D1170B46FFF7B6BB28
:10854000089B049853F8041B0893C217C1E9000262
:108550004C46FFF78BB900BFC00600206C0A002014
:10856000089B53F8042B089358E4B4EE488BF1EEC3
:1085700010FA80F194860B9B612B00F05285412B01
:1085800000F0C085039B01330B9B23F0200500F016
:108590008084472D04D1039B002B08BF0123039344
:1085A00018EE903A002B48F480724646C0F21886C6
:1085B000B0EE48AB00239046099307930B9B413BD9
:1085C000252B00F29883DFE813F06F0496039603DF
:1085D000960368046C049603960396039603960329
:1085E00096039603960396039603960396039603C3
:1085F00096039603960396039603960396039603B3
:1086000096039603960396039603960396039603A2
:10861000960368046C04089B53F8042B0893012309
:10862000FFF797BB139B002B3FF4CFA9139B1B783D
:10863000002B3FF4CAA999F8003048F48068FFF78E
:108640003FB90B93CDF80880FFF7F1BB0B939A4B22
:10865000119318F0200100F00581089B073323F0E7
:108660000703596853F8082B089318F0010F0AD034
:1086700052EA010307D00B9B8DF86930302348F094
:1086800002088DF8683028F4806302930223FFF714
:1086900060BB0B93FFF7B6BB0B93884B1193D8E7E6
:1086A000089B012153F8042B02918DF8DC200893DC
:1086B000059137ACFFF7AFBA1BEE101A24AA584643
:1086C00001F0A6FF00287FF404AD269A0DF19C0A64
:1086D0005DE4039B0794062B224628BF06230394E0
:1086E0002146CDE90C22764C029305930F92FFF7B9
:1086F0006CBA40215846FDF743FB206020610028FA
:1087000000F00F8640236361FFF79EB8102D259B74
:1087100040F35D82514610261BEE10AA04E008319A
:10872000103D102D40F35282013366481032072B62
:10873000C1E90006CDE92532F1DD24AA51465846AB
:1087400001F066FF00287FF4C4ACDDE9253227A9DB
:10875000E6E70E9BCDF82490E31803930D9BCDF82C
:108760002880139E059DDDF85890DDF83C800B9421
:108770001BEE101A5046002B34D0B8F1000F35D143
:108780000D9B013B013E0D93159BC0E90039259BD4
:1087900001334A44072B269225936CDC0830039B57
:1087A00096F800C05B1B6345A8BF6346002B9A4642
:1087B0000CDD259C01341A44072CC0E90053269295
:1087C000259400F3778196F800C00830BAF1000FC5
:1087D000ACBFACEB0A046446002C0ADC65440D9B7C
:1087E000002BCAD1B8F1000F00F0AC8308F1FF38BC
:1087F000CAE7102CDDF894C024DD05954FF0100A6F
:1088000063460D4604E0103C102C00F1080016DD14
:1088100001332C491032072BC0E9001ACDE925326B
:10882000F1DD24AA2946584601F0F2FE00287FF423
:1088300050AC103C102CDDE9253227A8E8DC294695
:10884000059D9C460CF1010322444460072B1D4CFE
:108850000460CDE9253200F3C68396F800C00830E5
:108860006544BCE718F0100300F0C280089B53F881
:10887000042B0893F9E624AA5846059101F0C8FE96
:1088800000287FF426AC269A059927A887E7029846
:10889000CDF81CA050AC00F4806000250AEE10BAA0
:1088A000094BDDF84CA0CDF81490A3464FF0050815
:1088B000AC46044610E000BF8C060020A006002055
:1088C000B40600206C0A0020CDCCCCCC0A2A71F171
:1088D000000136D34A463146501840F10000A3FB50
:1088E000005626F0030505EB9605401B151A4FF0C0
:1088F000CC3661F1000E06FB05F6A5FB039503FBE4
:108900000E6609F0010E2E44AEFB085E2D184FEAEC
:10891000590930350BF8015C49EAC6790CF1010CB4
:108920000BF1FF3B7608002CD0D09AF8000084456C
:10893000CCD1BCF1FF0FC9D00A2A71F1000180F03F
:108940008F815C4650AB1B1BDDF81490CDF84CA01A
:108950001AEE10BADDF81CA0DDF80880CDF838C09A
:108960000593FFF7C2BA1BEE101A24AA584601F06D
:108970004FFE00287FF4ADAB9DF86710269A0DF1ED
:108980009C0AFFF796B8259BBE48CAF80000013341
:1089900001320120072B26922593CAF8040000F328
:1089A00077810AF1080A002940F0AF800E9908F09B
:1089B00001030B433FF4C0A8109B12991A44CAE963
:1089C0000013259B26920133072B259300F3528237
:1089D0000AF1080A0E99CAF8004001330A44072B2D
:1089E000CDE92532CAF804107FF7A4A8FFF7BDBB74
:1089F00018F0400200F0DD80089850F8042B089031
:108A0000194692B231E61BEE101A24AA584601F01C
:108A1000FFFD00287FF45DAB269A0DF19C0AFFF75D
:108A2000A3BA22AE0822002130461D94FEF716F8A4
:108A3000039B5A1C00F0DB800025CDF80890CDF890
:108A40001C809946A8460CE037A9584601F09AFDCB
:108A5000431C404400F0C883484508DC00F01884FB
:108A600080461D9A525933460435002AECD1CDF880
:108A70001480DDF80890DDF81C80C5E001338249E0
:108A8000CAF804402244072BCAF80010CDE9253269
:108A90007FF750A8FFF769BB1BEE101A24AA5846AF
:108AA00001F0B6FD00287FF414AB269A0DF19C0A64
:108AB000FFF729B824AA5846059101F0A9FD00281E
:108AC0007FF407AB96F800C0269A059927A87DE6A3
:108AD000012BCDF808807FF4F3A9FFF793BB089B27
:108AE000049953F8042B4C4611600893FEF7BEBE60
:108AF00001336549CAF804402244072BCDE92532E9
:108B0000CAF800107FF722AB7BE4109B12981A443E
:108B1000CAE90003259B26920133072B259300F316
:108B2000A9810AF1080A0029BFF654AF4D4210315D
:108B300080F20F831BEE101A102605E00AF1080AD6
:108B4000103D102D40F3058301334F481032072BA1
:108B5000CAE90006CDE92532F0DD24AA5846039182
:108B600001F056FD00287FF4B4AADDE9253203990F
:108B70000DF19C0AE4E7089B18F400711ABF114636
:108B800053F8042B53F8042B089318BFD2B2FFF705
:108B900045B9029B13F40071089B1ABF114653F8A4
:108BA000042B53F8042B089318BFD2B20123FFF70C
:108BB000D0B8089B18F400711ABF114653F8042B63
:108BC00053F8042B089318BFD2B24EE58A460133FE
:108BD0002D49CAF804502A44072BCDE92532CAF89A
:108BE000001000F339810AF1080AFFF78CBB00235B
:108BF000194600961DAA584601F0EAFC03460133C7
:108C0000059000F0F1821D94059B002B4ED0632B44
:108C100000F318810023079337AC08220021304667
:108C2000FDF71CFF059D00962B461DAA21465846C0
:108C300001F0CEFC854240F07C83059A0023A354CA
:108C400022EAE272CDE90C339DF867100393029299
:108C50000F93FEF7BABF2D218DF86710FEF7A4BF62
:108C6000169B1599ABEB030B1A465846FDF748FFC8
:108C70009AF80120054B0AB10AF1010A4FF0000CE5
:108C800028E600BFBC0600206C0A0020CDCCCCCC6E
:108C90001BEE101A24AA584601F0BAFC00287FF4F3
:108CA00018AA1B99269A0DF19C0A7CE6059B9DF853
:108CB00067100F93CDE90233CDE90C330793FEF72C
:108CC00084BF0E99059865182D1ACC1AA542A8BF25
:108CD0002546FFF74DBB089B049953F8042B0893D6
:108CE00011804C46FEF7C2BD13F9042B0893D1172F
:108CF0000B46FEF7DBBF039A022122AB01931DABAB
:108D0000009358461BABB0EE4A0B029200F0C4FD34
:108D1000472D029A044600F06181462D104405D18A
:108D20002378302B00F06F821B9A1044B5EE40ABD5
:108D3000F1EE10FA40F0468103461B1B0E93472DBF
:108D400000F01081462D00F0B5811B9B0C930C9B0D
:108D5000412D03F1FF331B9300F0E5819DF82C209A
:108D60000021002BB8BF0C9B8DF87820BABFC3F14F
:108D700001032D222B22092B8DF8792040F3DA8173
:108D80000DF18F05DFF81CC42A4610468CFB032129
:108D9000DA17C2EBA10202EB8201A3EB41013031F1
:108DA00000F8011C19466329134600F1FF32ECDC80
:108DB0003033D9B2831E9D4202F8011C40F28B82EF
:108DC00013460DF17A0201E013F8011B02F8011BB2
:108DD0009D42F9D10DF191030DF17A021B1A134452
:108DE0001EAA9B1A14930E9B149A012B1A440592E7
:108DF00040F30382059B109A1344059326F4806385
:108E0000059A43F480780023CDE90C3322EAE2721C
:108E10000F930292099B002B40F0B1809DF86710E0
:108E20000393FEF7D2BE2046FDF74AFF02460590A7
:108E3000FEF720BF1BEE101A24AA584601F0E8FBEB
:108E4000FEF7EDBD591C5846FCF79AFF0446002872
:108E500000F0CA810790E0E61BEE101A24AA5846DB
:108E600001F0D6FB00287FF434A9269A0DF19C0A64
:108E7000FFF749BA1BEE101A24AA584601F0C8FBA6
:108E800000287FF426A9DDE925321B990DF19C0A03
:108E900049E606230393FFF783BB039B02215A1C79
:108EA0002BE7039A032128E71BA8B0EE4A0B00F03A
:108EB000C7FBB4EE007B20EE070BB5EE400BF1EEE6
:108EC00010FA01D101231B93B348039BB3EE005B5F
:108ED000013B224604E0B5EE400BF1EE10FA13D050
:108EE00020EE050BFDEEC07BB3F1FF3F17EE901AAD
:108EF000415CB8EEE76B944630EE460B02F8011B7E
:108F0000194603F1FF33E6D1B6EE006BB4EEC60BA3
:108F1000F1EE10FA00F34881B4EE460BF1EE10FAD0
:108F200004D117EE903ADB0700F13E81002906DB01
:108F30004B1C1344302102F8011B9342FBD1131B3D
:108F40000E93FCE60B9C0E9BDDF82490DDF8288048
:108F50001396E3189D42294628BF1946824605917B
:108F6000FFF7D8B91B9B0C93DA1C02DB039A9342E0
:108F70000CDD0B9B023B0B9323F02005E7E62D2134
:108F800000238DF867100393FEF722BE0C9B0E9A08
:108F90009342C0F2BD80F0070C9B40F13281109AE1
:108FA00013440593710503D50C9B002B00F3358109
:108FB000059B23EAE373029367230B9300230F932C
:108FC0000D9327E7229B8342BFF4B7AE30215A1C92
:108FD00022921970229B9842F9D8AEE6F30700F16D
:108FE000A780229BA9E624AA5846059101F010FB10
:108FF00000287FF46EA896F800C0269A059927A845
:109000006544FFF7ECBB1BEE101A24AA584601F08A
:10901000FFFA00287FF45DA8269A0DF19C0AFFF75D
:109020006BB978238DF8693030238DF86830039B55
:10903000632B48F0020600F3A6800023079337ACA9
:1090400018EE903A002B48F481782BDBB0EE48AB59
:109050000B9B23F02005002309930B9B612B7FF4CE
:10906000ADAAB0EE4A0B1BA800F0EAFAB4EE007B02
:1090700020EE070BB5EE400BF1EE10FA01D1012303
:109080001B93464821E71BEE101A24AA584601F00C
:10909000BFFA00287FF41DA81B9B269A0DF19C0A9D
:1090A000FFF74EB90B9B23F020052D230993B1EE5A
:1090B00048ABD2E71B9A0C92002A06F0010340F35A
:1090C0000D8103990B4340F0CF800C9B05936623E1
:1090D0000B93720500F1A380059B23EAE3730293CF
:1090E0006CE71BEE101A24AA584601F091FA0028EA
:1090F0007EF4EFAF1B9C0E9B269A1C1B0DF19C0A65
:10910000FFF736B958238DE700220392FEF7DABB4A
:109110000E9B109A9A180C9B0592002B40F3AB8083
:1091200067230B93D5E70B9A0F32D2B2012118E6D1
:10913000A018FBE5002940F0A88030228DF87A20A5
:109140000DF17B02303302F8013B1EABD31A1493AE
:1091500049E601331249CAF804502A44072BCDE9E5
:109160002532CAF800107FF733AC1BEE101A24AA80
:10917000584601F04DFA00287EF4ABAFDDE9253208
:109180000DF19C0A26E4591C5846FCF7F9FD0446EB
:1091900050B3079054E700BFA00600208C060020C3
:1091A0006C0A002067666666CDF888C012F8011C5C
:1091B00090F80FC0614513460AD14FF0300E03F806
:1091C00001EC229B591E229113F8011C8C45F6D00C
:1091D000392916BF0131817AC9B203F8011CAEE604
:1091E00000239046079360E71BEE102AB2F90C307B
:1091F00043F040039381FEF716BCF5077FF5FEAD03
:10920000F8E50593CEE6B5EE40ABF1EE10FA3FF48B
:109210008BADC2F101021B9287E567230B93139973
:109220000B78FF2B79D000250C9A284603E00130FB
:109230000131FF2B08D0934206DAD21A4B78002B6B
:10924000F5D10B780135F4E70C9213910D900F9541
:109250000F9A0D9B16991344059A01FB032305935E
:1092600023EAE3730293D5E5109BD31819446623D0
:1092700005910B932DE7C3F101031A4422EAE2732F
:109280000293672305920B9398E60DF17A0259E752
:10929000039BDDF80890DDF81C800593B4E418EE1C
:1092A000903A002BB4BF2D219DF86710254C264B1A
:1092B000B8BF8DF8671028F08008FEF779BC039BD3
:1092C0000293059373239DF8671003900F900D9000
:1092D0000B93FEF77ABC0223149384E5039A13439D
:1092E00005D10123662202930B92059366E6109B3B
:1092F00001331A4422EAE2730293662305920B9328
:109300005CE6089A99F80130894652F8041B0892E5
:1093100041EAE1710391FEF7D3BA00230F930D9355
:1093200096E70C23CBF800304FF0FF330493FEF7A1
:1093300081BB1BEE102A938943F040039381FEF713
:10934000C8BE00BF840600208806002070B5002932
:109350004BD006460C4610B1436B002B48D0636ED1
:10936000D80734D5B4F90C30002B3ED02146304616
:1093700000F050F8E36A054633B1E169304698479A
:109380000028B8BF4FF0FF35A3891A063CD4216BE3
:1093900041B104F14003994202D03046FDF74EFD41
:1093A00000232363616C21B13046FDF747FD0023A4
:1093B0006364FDF741FA636E0022DB07A2811FD5CB
:1093C000A06DFDF767FCFDF73DFA284670BDA38947
:1093D0009905CBD4A06DFDF75FFCB4F90C30002BE0
:1093E000C4D1656E15F0010505D00025284670BD75
:1093F000FDF704FAB3E7A06DFDF750FC284670BDF9
:10940000A06DFDF74BFCDBE721693046FDF716FD4B
:10941000BDE700BFB1F90C202DE9F0410C46110762
:10942000804647D4636842F40062002BA2815EDD6F
:10943000A56A002D58D00023D8F80060C8F8003085
:1094400093B212F4805256D10123E1694046A847F5
:10945000431C67D0A389A56A5F0705D56368C01A56
:10946000236B0BB1E36BC01AE1690246002340464F
:10947000A847411C41D1D8F80030002B3DD01D2B0E
:1094800001D0162B56D1A3892269226023F40063F0
:1094900000216160A381216BC8F8006021B304F151
:1094A0004003994202D04046FDF7C8FC00202063EB
:1094B000BDE8F0812669BEB193B2256826609A079F
:1094C0000CBF63690023AD1BA3600BE02B46324643
:1094D000E169676A4046B847B0F1000CA5EB0C059E
:1094E000664417DD002DF1DC0020BDE8F081E36B60
:1094F000002B9DDCF8E7206DAEE7B4F90C30226953
:10950000226023F40063A3810022DB046260C2D5E1
:109510002065C0E7A38943F040034FF0FF30A381EB
:10952000BDE8F081D8F80030002B93D01D2B06D079
:10953000162B04D0A38943F04003A381D5E7C8F8D4
:109540000060D1E738B50C46054608B1436B03B35C
:10955000B4F90C0088B1636EDB0701D481050FD527
:1095600028462146FFF756FF636EDA07054602D408
:10957000A3899B0508D5284638BD0546284638BD31
:10958000A06DFDF789FBEBE7A06DFDF787FB284693
:1095900038BDFDF733F9DBE700487047BC0C00200D
:1095A00001F0FF01102A2BDB10F0070F08D010F894
:1095B000013B013A8B422DD010F0070F42B3F6D198
:1095C000F0B441EA012141EA014122F007047FF0B1
:1095D00000070023F0E80256083C85EA010586EA08
:1095E000010685FA47F5A3FA87F586FA47F6A5FA44
:1095F00087F68EB9EED1F0BC01F0FF0102F0070250
:1096000032B110F8013B013A83EA010313B1F8D1FA
:109610000020704701387047002D06BF35460338DB
:10962000073815F0010F07D1013015F4807F02BF14
:10963000013015F4C03F0130F0BC0138704700BF65
:1096400030B482B08DED000B019A194C22F000432A
:109650000021A342016021DC009C1C431ED0154C5C
:10966000144054B99FED107B20EE077B8DED007BFD
:10967000019A6FF0350122F0004322F0FF42DDE94C
:10968000004522F4E00242F07F551B1545F4001519
:10969000A3F2FE33CDE900450B4403609DED000BC2
:1096A00002B030BC704700BF000000000000504313
:1096B000FFFFEF7F0000F07F00B50B4C25681446DC
:1096C000EE681A4685B003460D464CB10749009531
:1096D000CDE901143046064900F086FFFAF7DAFFBB
:1096E00004490C46F3E700BF541100205C0400203D
:1096F0006C0400206804002038B5A1FB02148CBB68
:10970000FCF73EFB0546E0B150F8042C22F00302C2
:10971000043A242A17D8132A1AD91B2AC0E900446C
:109720001DD9242A14BF00F1100200F118024FF0D5
:109730000003C0E9024404BF04614461C2E900338C
:109740009360284638BD2146FDF788F9284638BD84
:1097500002460023C2E900339360284638BD00F179
:109760000802F6E7FDF76AFA0C2300250360E8E734
:109770002DE9F04F03690C69A34283B0C0F28780E2
:10978000013C01F11405A30000F11408009355F801
:10979000243058F82420013381469A4208EB840093
:1097A00005EB84070190B2FBF3F63BD34FF0000CBE
:1097B000AE464046E24663465EF804BB02681FFAC6
:1097C0008BFC06FB0C334FEA134C4FEA1B4B06FB9A
:1097D0000BCC9BB2AAEB03031FFA8CFA13FA82F3A9
:1097E000CAEB124202EB23429BB243EA02437745A3
:1097F00040F8043B4FEA224A4FEA1C43DCD2009B6C
:1098000058F8033073B9019B043B984504D307E033
:10981000984504F1FF3403D253F80429002AF7D005
:10982000C9F810404846FDF7ABFE00282BDB013697
:109830004146002355F8040BD1F800C082B29A1AB1
:10984000030C12FA8CF2C3EB1C4303EB224392B2DB
:1098500042EA0342AF4241F8042B4FEA2343E9D2E4
:1098600058F8242008EB84036AB9043B984504D3D4
:1098700007E0984504F1FF3403D253F80429002A85
:10988000F7D0C9F81040304603B0BDE8F08F002093
:1098900003B0BDE8F08F00BF2DE9F04F2DED028B36
:1098A0008FB08DED020B0191816B1A9D059357ECE2
:1098B000106B0446934641B1C26B4A60012393404A
:1098C0008B60FDF7FDFB0023A363B7F10008B4BF75
:1098D000012300232B60BE4BBCBF28F00048CDF80D
:1098E0000C8033EA080300F09F809DED028BB5EEFB
:1098F000408BF1EE10FA11D1059A012313601B9BE6
:10990000002B00F03F82B34B1B9A1360013B009386
:1099100000980FB0BDEC028BBDE8F08F0CAA0DA92A
:109920002046B0EE480BFDF7F7FE5FEA18530546F8
:1099300040F09280DDE90C130B4403F23242202AFE
:1099400040F3FA82C2F1400208FA02F803F212422E
:10995000D64048EA060207EE102AB8EE477B581EAA
:1099600017EE906A53EC172B4FF0010AA6F1F8732B
:109970009FED913B9FED927B9FED935B06EE900AEE
:1099800043EC122BB8EEE64BB7EE086B32EE466BAB
:10999000A6EE037BA4EE057BFDEEC76BB5EEC07BA8
:1099A000F1EE10FA16EE907A08D5B8EEE66BB4EE4A
:1099B000476BF1EE10FA18BF07F1FF37162F00F2D0
:1099C0004581854B03EBC70393ED007BB4EEC78B5A
:1099D000F1EE10FA57D5091A0023B1F1010807F189
:1099E000FF370A9300F1398100230693002F52DAE2
:1099F000069B0497DB1B06937B420893019B092B74
:109A00004FF000074ED8052B40F39D82043B019395
:109A10000026019B9A1E032A00F22581DFE812F03E
:109A2000AA03A7039D037E03059AC8F3130842F215
:109A30000F7358EA060813601ED11B9B002B00F021
:109A40009185664B009308331B9A009813600FB002
:109A5000BDEC028BBDE8F08F18EE906AC6F31306DA
:109A6000A3F2FF3053EC182B46F07F530C994FF0C4
:109A7000000A43F440137BE71B9B002B40F03B8321
:109A8000574B009344E7091A0023B1F101080A93E8
:109A900000F1E380069300230893019B0497092BB0
:109AA000B844B0D900230126019307964FF0FF393F
:109AB0009B460021E163CDF82C902046FDF7DAFAB1
:109AC0000090002800F04085009BA363B9F10E0FC1
:109AD00000F2DC80002E00F0D980049B002B40F3C4
:109AE000DE833D4A03F00F0102EBC10292ED007BE1
:109AF0001A11DB0540F182833A4991ED086B02F0BF
:109B00000F02032088EE065B5AB13649D60704D50A
:109B100091ED006B013027EE067B521001F1080138
:109B2000F4D185EE076B0A9B3BB1B7EE007BB4EE38
:109B3000C76BF1EE10FA00F1AE8407EE900AB8EEB2
:109B4000E75BB1EE0C7BA5EE067B17EE902A51EC9D
:109B5000170BA2F15071B9F1000F00F08883049E39
:109B60004A46079B002B00F04784B6EE003B1A4B99
:109B7000FDEEC64B03EBC20CB8EEE47B36EE477B42
:109B80001CED026B83EE065B41EC160B14EE900AA3
:109B900035EE465B0099B4EEC75B3030F1EE10FA5B
:109BA00001F8010B00F3AC84B7EE002BB2EE044BCE
:109BB0004FF0000C31E000BF61436F63A787D23FD5
:109BC000B3C8608B288AC63FFB799F501344D33FAC
:109BD0000000F07FBD060020A80200201006002033
:109BE0001C060020800200200CF1010C94454DDA87
:109BF00027EE047B25EE045BFDEEC76B16EE903A74
:109C0000B8EEE63B303337EE437BB4EEC57BF1EE86
:109C100010FA01F8013B00F1738432EE476BB4EEA9
:109C2000C56BF1EE10FADFD5009A049602E08A4285
:109C300000F05084894611F8013D392BF7D00133EB
:109C4000DBB20B70049B0133049355E1091A012325
:109C5000B1F101080A937FF5C7AEC1F10103069384
:109C60004FF00008C2E60026E66331462046FDF7C5
:109C700001FA0090002800F06784009BA3634FF076
:109C8000FF330B9399460123B34607930D9A002A9D
:109C900055DB04990E2952DCB74BBBF1000F03EBE7
:109CA000C10393ED006B15DAB9F1000F12DC40F03F
:109CB000F282B1EE047B26EE077BB4EEC78BF1EEA9
:109CC00010FACA464E4600F26D82DDF800806FEA57
:109CD0000B0B70E288EE067BBDEEC77B009917EE9A
:109CE000103AB9F1010F03F13003B8EEC75B01F888
:109CF000013BA5EE468B00F03483B2EE044B01230A
:109D000011E088EE067BBDEEC77B013317EE102A0B
:109D10004B4502F13002B8EEC75B01F8012BA5EE0E
:109D2000468B00F01E8328EE048BB5EE408BF1EEDF
:109D300010FAE6D1049B013304938946DCE0079BCB
:109D400043B3019B012B40F37682089B09F1FF3A54
:109D5000534580F23F82089BCDF820A0AAEB030276
:109D600017444FF0000AB9F1000FC0F22583069B9B
:109D700009934B44C844069301212046FDF74CFA51
:109D800006460CE07D4B009300980FB0BDEC028BB3
:109D9000BDE8F08F069BDDF820A0079E0993099B84
:109DA0006BB1B8F1000F0ADD434506991A46A8BF0A
:109DB0004246891A9B1A06910993A8EB0208089B50
:109DC00063B1079B002B00F0A782BAF1000F00F3EC
:109DD0000482089BB3EB0A0240F0FF820121204677
:109DE000FDF71AFA002F824600F3AF80019B012B8A
:109DF00040F38781002308930120002F40F0B180B9
:109E0000404410F01F0000F07A81C0F12002042AC3
:109E100000F3888040F0F681069B002B05DD294683
:109E20001A462046FDF734FB0546B8F1000F05DD64
:109E3000514642462046FDF72BFB82460A9B002BEB
:109E400040F03F81B9F1000F40F32581079B002BC3
:109E500040F0A380049B01330493DDF800800127C8
:109E600007E0294600230A222046FDF733F901378F
:109E7000054651462846FFF77BFCB94500F1300006
:109E800008F8010BEDDCB9F1000F009ACCBFCB460E
:109E90004FF0010B03469344002729460122204638
:109EA0000193FDF7F5FA51460546FDF769FB0028D9
:109EB00040F3AF811BF8013C009A0BF1FF3B04E03B
:109EC0005A4500F0B1811BF8013D392B0BF1010916
:109ED000F6D001338BF8003051462046FDF7F0F8FC
:109EE00056B12FB1B74203D039462046FDF7E8F806
:109EF00031462046FDF7E4F829462046FDF7E0F814
:109F0000002389F80030DDE904231A601B9B002B35
:109F10003FF4FEAC0098C3F800900FB0BDEC028B8C
:109F2000BDE8F08FC0F11C00069B03440693099B1B
:109F30000344099380446FE7C2F1200206FA02F25B
:109F400007EE102A09E5012663E501463A46204658
:109F5000FDF73EFA019B012B824640F3C5810023A9
:109F60000893DAF810200AEB82021069FDF704F971
:109F7000C0F1200044E700BFA8020020BC0600207A
:109F8000314600230A222046FDF7A4F80B9B002B44
:109F9000064640F3CE8204979946099B002B05DDC7
:109FA00031461A462046FDF773FA0646089B002BF9
:109FB00040F0EB81B046029B009F03F001027B1E44
:109FC0004B440893019B0A92134309935146284638
:109FD000FFF7CEFB314683462846FDF7D1FA4246CD
:109FE000514681462046FDF7EDFAC26801460BF165
:109FF0003003002A42D1CDE906032846FDF7C0FA16
:10A00000069902902046FDF75BF8029A079B1AB961
:10A010000999002900F07E82B9F1000FC0F2838116
:10A02000019949EA01090A9951EA090900F07B817D
:10A03000002A00F3C681089A3B7007F10109974294
:10A04000CB4600F0C481294600230A222046FDF7B2
:10A0500041F84645054631464FF000034FF00A02ED
:10A06000204612D0FDF736F84146064600230A2264
:10A070002046FDF72FF84F468046A7E7204602937B
:10A08000FDF71EF8029B0122C6E7FDF723F84F46B5
:10A09000064680469AE7019B022B71DC079B002B4A
:10A0A0007FF47BAF049B5146013328460493FFF7AE
:10A0B0005FFBDDF800B000F130030BF8013B002737
:10A0C000EBE651462846FDF75BFA0028BFF6BAAE2C
:10A0D000294600230A222046FCF7FCFF049B5F1E52
:10A0E000079B0546002B7FF44BAF0B9B002B40F3E7
:10A0F00018829946B1E6BC4B00930333A4E41C20BC
:10A1000012E7DDE9020100287FF474AEC1F3130207
:10A11000002A00F0F480029B08936DE60123079368
:10A12000049B5B4403F10109B9F1010FCC460B9389
:10A13000B8BF4FF0010C0021BCF1170FE1637FF7AE
:10A14000BCAC01200422520002F114036345014615
:10A1500000F10100F7D9E163AFE401230793BBF1FC
:10A16000000F52DDCDF82CB0D946DC46E3E70023E2
:10A170000793D5E700230793F1E7DDF82C900497C8
:10A18000B9F1000F7FF4A1AD51464B4605222046A0
:10A19000FCF7A0FF014682462846FDF7F1F90028AA
:10A1A0007FF793AD049B03F1010B009B312298468E
:10A1B00003F8012B009351462046FCF781FF0BF179
:10A1C0000103DDF800900493CDF80080002E7FF4A9
:10A1D0008FAE91E6A3EB0A0AC5E53146524620460A
:10A1E000FDF7F6F82A46014606462046FDF742F8F6
:10A1F000294605462046FCF763FFEAE50220B0EE5B
:10A20000485B81E4C0F13C008EE64FF0010BD9467B
:10A210004FE403D1019BDB073FF54CAED9461BF859
:10A22000013D302BFAD057E6049B009A013304938A
:10A230003123137050E6BAF1000F00F0238102F2CF
:10A240003342069B09931344DDF820A00693904403
:10A2500092E507EE900AB1EE0C5BB8EEE77BA6EE56
:10A26000075B15EE902A51EC150BA2F1507141ECF1
:10A27000150BB1EE047B36EE477BB4EEC57BF1EEF9
:10A2800010FA00F33781B1EE455BB4EEC57BF1EE19
:10A2900010FA7FF5FBAC4FF0000A564615E500F0CA
:10A2A000F580049B51495A4202F00F0001EBC001B6
:10A2B00091ED006B121128EE066B00F04281B0EEBA
:10A2C000467B4B4900260220D30705D591ED005B64
:10A2D0000130012627EE057B521001F10801F3D170
:10A2E000002E06FE076B1EE4029B002B7FF437AEA8
:10A2F000DDE90201C1F31302002A40F037813D4A33
:10A300000A40002A00F0FA80069B013306930123DD
:10A3100008F1010808936FE52946089A2046FDF7E1
:10A3200057F805465AE5002A12DD29460122204643
:10A330000193FDF7ADF851460546FDF721F90028D8
:10A34000019B40F3E180392B00F0CA800BF131030F
:10A35000B94609F8013B049B01333746049346464E
:10A36000BAE538EE088BB4EEC68BF1EE10FA0ADCD3
:10A37000B4EE468BF1EE10FA7FF4DCAC17EE103A37
:10A38000D8077FF5D7AC009A54E471682046FCF7F3
:10A3900071FE0746002800F0DE80336902339A0020
:10A3A00006F10C010C30F9F7B7FF394601222046BF
:10A3B000FDF76EF88046FEE5069BA3EB09030993C3
:10A3C000DAE4392B00F08C80B9460133C1E7049AF6
:10A3D00001323746049246465FE529462046FCF79F
:10A3E000F7FF0546FAE400BF1C060020A802002083
:10A3F000800200200000F07F5E4BFDEEC65B03EBA9
:10A40000C20C1CED023BB8EEE57B36EE477B41EC1F
:10A41000160B15EE901A23EE063B00983031012AF8
:10A4200000F8011B00F08380B2EE044B009B9918EA
:10A4300027EE047BFDEEC76B16EE903A303300F842
:10A44000013B8142B8EEE65B37EE457BF0D1B6EEDC
:10A45000006B33EE065BB4EEC75BF1EE10FA3FF52E
:10A46000E3AB36EE436BB4EEC76BF1EE10FA7FF759
:10A470000DAC8946013919F8013C302BF9D0731C19
:10A48000049339E50C9AC2F13602DAE60220B0EE06
:10A49000486BFFF748BBB9F1000F3FF4DAAE0B9AF7
:10A4A000002A7FF7F3ABB2EE044B26EE046B0130CB
:10A4B00007EE900A049BB8EEE75BB1EE0C7BA6EECC
:10A4C000057B17EE90CA51EC170B5E1EACF1507174
:10A4D000FFF747BB049B013304933123FFF7B1BB64
:10A4E000049BBB4601330493392337460BF8013BE9
:10A4F0004646E1E44FF0000A564653E608927BE4F4
:10A50000731C04938946F7E47FF422AFDA077FF5E2
:10A510001FAF18E7392BE3D0B9F1000F3FF716AFA3
:10A5200016E7019B022B3FF728AE0497BAE50146D8
:10A530008DE7019B022B3FF720AEDDF82C900497AE
:10A540002BE50220FFF7EFBA0B4B0C48002240F23C
:10A55000AF11FFF7B1F8084B08483A4640F2EF2137
:10A56000FFF7AAF8064B0093FFF7D2B9029B0893B6
:10A57000F7E400BFA80200209C0400202006002071
:10A580001006002070B5054684B05BB11C4669B169
:10A590000E4B2846D3F8E0602346B047431C0FD04B
:10A5A00004B070BD00F582740029F1D1074A23463A
:10A5B000D2F8E06028460A4601A9B047431CEFD113
:10A5C00000228A2322602B6004B070BDCC0B0020D7
:10A5D00010B582B0049CCDE900344FF0FF3301F098
:10A5E000C7FB02B010BD00BF0EB410B583B005AB01
:10A5F000064C53F8042B01930146206800F0C4F880
:10A6000003B0BDE8104003B0704700BF54110020F4
:10A610002DE9F04F9368176883B09246002B70D0F5
:10A6200081468A6808680C46083743E0A38913F41A
:10A63000906F2ED0D4E90416A0EB010806EB460675
:10A6400006EBD67608F1010076102844B042324677
:10A6500084BF064632465B0537D511464846FBF7B0
:10A660008FFB019000283AD042462169F9F754FE49
:10A67000A289019B22F4906242F08002A281A6EBA3
:10A68000080203EB08006661A260236120602E4689
:10A69000A84642465946FCF765F9DAF80830A26840
:10A6A0002068921B40445B1BA2602060CAF80830FF
:10A6B0003BB3083757E902B5002DFAD0AA42164637
:10A6C0009046B3D92E46A846E3E74846FBF714FE6A
:10A6D00003460028D3D121694846FCF7AFFBA38984
:10A6E0000C2243F04003C9F800204FF0FF30A38153
:10A6F00000220023CAF80820CAF8043003B0BDE8DD
:10A70000F08F00200023CAF8043003B0BDE8F08FBA
:10A710002DE9F84F4B6E9C0490462DD59368126836
:10A7200043B38B46064602F1080959E9025A5FEA2B
:10A730009A0715D0043D002401E0A7420ED055F839
:10A74000041F5A46304601F05BFA431C04F1010431
:10A75000F3D10023C8E90133BDE8F88FD8F80830F9
:10A760002AF0030AA3EB0A03C8F8083009F1080924
:10A77000002BDAD10020ECE701F00CF80023C8E947
:10A780000133BDE8F88F00BF2DE9F04F2DED028BAE
:10A79000C5B00DF1500A834608EE101A1646002186
:10A7A000082250461C460793FCF758F9BBF1000FEE
:10A7B00004D0DBF83430002B00F0A08618EE102A0D
:10A7C000536EDB0740F11385B2F90C108AB2950481
:10A7D0000BD418EE103A41F4005199815B6E8AB2A5
:10A7E00018EE101A23F400534B66100740F1058150
:10A7F00018EE103A1B69002B00F0FF8002F01A03DC
:10A800000A2B00F00A810023CDE91933CDE90D337D
:10A810001BAA0C93189291460B930593B04644469D
:10A82000A84BD3F8E450FCF79DF92246034612A941
:10A83000CDF800A05846A847002800F04581C0F296
:10A840003981129A252A034601D01C44E8E7B4EB6B
:10A850000806054640F03C81002361788DF84330BE
:10A8600004F1010806934FF0FF371E462B2408F130
:10A870000108A1F120035A2B00F27881DFE813F0E0
:10A88000B50276017601B0027601760176016A00A2
:10A89000760176017D028D027601880297027601AB
:10A8A00092025B005B005B005B005B005B005B0097
:10A8B0005B005B0076017601760176017601760118
:10A8C0007601760176015C028400760176017601DC
:10A8D0007601760176017601760176017601E8004F
:10A8E00076017601760133027601DA02760176018D
:10A8F0008B05760176017601760176017601760187
:10A900007601760176015C02860076017601760199
:10A91000CD0286007F007601C0027601FD02EA00CA
:10A92000ED027F00760133027C0069057601760135
:10A930006B0576017C00A1F13003002218F8011BA1
:10A9400002EB820203EB4202A1F13003092BF5D99D
:10A9500006928EE75846FEF71FFE43680D93184691
:10A96000FCF7AEF90E9005465846FEF715FE8368D3
:10A970000B93002D40F0D68498F8001077E798F8F4
:10A98000001046F0200672E746F01006B40640F1CB
:10A990008E81079B073323F007031A46596852F844
:10A9A000083B07920A460029C0F27084791C00F027
:10A9B000A28526F08001039153EA020100F03F8452
:10A9C0000A2B72F1000180F0418530338DF80F3190
:10A9D000039E012304930DF20F14049BBB42B8BFE6
:10A9E0003B460393002308939DF84330002B00F06F
:10A9F000CB80039B01330393C6E018EE101A584630
:10AA000018EE105A01F040F8002840F05286AA894A
:10AA100002F01A030A2B7FF4F6AE18EE101AB1F901
:10AA20000E30002BFFF6EFAE4B6EDB0702D497051E
:10AA300040F1128618EE101A23463246584600F0AE
:10AA400069FE0590059845B0BDEC028BBDE8F08F1E
:10AA500046F0100616F0200200F03681079B0733FF
:10AA600023F0070319465A6851F8083B079126F46A
:10AA700080610391002100208DF84300781C00F0D4
:10AA80001082039820F0800653EA020040F008820A
:10AA9000002F40F03885002940F0D583039B13F048
:10AAA0000103049300F0118430238DF80F310DF26F
:10AAB0000F1492E7082200215046FBF7CFFF012335
:10AAC0001C44ADE6CC0B0020B4EB080605461BD0B9
:10AAD000199B1A9A01333244072BC9E900861A924E
:10AAE00019931CDD002A00F0A68318EE101A18AA8C
:10AAF0005846FFF70DFE20BB0DF16C09059B334452
:10AB00000593002D7FF4A8AE1A9B002B40F0C18561
:10AB100018EE103A0022B3F90C30199215E009F141
:10AB20000809EBE718EE101A18AA5846FFF7F0FDCF
:10AB3000002800F0A680089B1BB108995846FCF736
:10AB40007DF918EE103AB3F90C3018EE102A526E57
:10AB500012F0010F9AB200F0A080500600F1B28509
:10AB6000059845B0BDEC028BBDE8F08F0029CBD035
:10AB700000238DF843300123CDE903338DF8AC1069
:10AB80002BAC002308931F4616F00203099302D052
:10AB9000039B0233039316F084030A9305D1069BAB
:10ABA000039A9D1A002D00F37B82DDE91903411CF5
:10ABB0009DF8432082B101220133C9F804200729FE
:10ABC0000DF14302CDE91913C9F8002000F34A82C0
:10ABD000084609F108090131099AE2B111AA0233C4
:10ABE000C9F8002007294FF00202CDE91913C9F86E
:10ABF000042040F35082002B00F0438318EE101A1B
:10AC000018AA5846FFF784FD002894D1DDE91903FE
:10AC10000DF16C09411C0A9A802A00F08481049A83
:10AC2000BD1A002D00F3D781049AC9F800401344DF
:10AC30000729CDE91913C9F8042040F36E81002BD0
:10AC400000F0758218EE101A18AA5846FFF760FD3A
:10AC500000287FF470AF1A9B0DF16C09750705D5BC
:10AC6000069A0399541A002C00F36B82DDE9052142
:10AC700003988142ACBF521812180592002B7FF442
:10AC800051AF089900231993002900F049815846D3
:10AC9000FCF7D4F80DF16C09C1E59C053FF55DAFFB
:10ACA00018EE104AA06DFBF7F9FFA28955E7F006F0
:10ACB000079A00F11F83710640F1198332F9043BB2
:10ACC0000792DA1711466EE616F01003079940F066
:10ACD000098316F0400000F001831A4651F8043B46
:10ACE00007919BB2C3E6079B1A4600238DF84330B9
:10ACF000134653F8044B0393002C00F0128453299D
:10AD000000F0658316F0100540F061837B1C00F0B5
:10AD1000B3843A4629462046FEF742FC08900028B4
:10AD200000F09F84031B039A049323EAE3732F46E6
:10AD300007920393089557E6432902D0F50640F1A0
:10AD40002D83079D0822002116A82BACFBF786FE59
:10AD500016AB55F8042B21465846FFF713FC034663
:10AD60000133049000F0B384049B079523EAE37356
:10AD7000039300238DF8433003E7079B53F8042B1C
:10AD80000692002A80F29C82069A5242CDE906235E
:10AD900098F8001046F0040669E598F800108DF860
:10ADA000434064E598F8001046F080065FE54246AF
:10ADB00012F8011B2A2900F09684A1F13003092B17
:10ADC00090464FF000073FF654AD18F8011B07EB13
:10ADD000870703EB4707A1F13003092BF5D948E5B5
:10ADE00098F8001046F0010641E59DF84330002B2D
:10ADF0007FF4C2AD202398F800108DF8433036E57B
:10AE000098F800106C2903BF98F8011046F020064E
:10AE100008F1010846F0100629E598F800106829A5
:10AE200003BF98F8011046F4007608F1010846F0D7
:10AE300040061CE546F010030393039B13F0200229
:10AE400000F00682079B073323F0070319465A6870
:10AE500051F8083B079101210DE6079A46F00203DD
:10AE6000039352F8043B079247F63002ADF84420B2
:10AE7000B84A0C9202210022FDE5B70600F1488293
:10AE8000F50600F14683740600F1D583B00540F164
:10AE90004083079B059953F8042B07931170BEE478
:10AEA000039601293FF48CAD022944AC11D10C98D2
:10AEB00003F00F011B09415C04F8011D43EA027312
:10AEC000120953EA0201F3D1039E44AB1B1B049306
:10AED00083E503F00701DB0843EA4273D20830310F
:10AEE00053EA0205204604F8011DF2D1039EF30740
:10AEF000EBD53029E8D03023023804F8013C44ABCC
:10AF00001B1A039E0493044667E5049B1B940122CD
:10AF10001C931A9319920DF16C0909F108099DE629
:10AF20000DF16C097BE4069A039D551B002D7FF7FC
:10AF300076AE102D40F3BB83099418EE104A07E05B
:10AF400000F1020C09F108091046103D102D1EDD1C
:10AF50008149C9F80010421C10331021072ACDE99D
:10AF60001923C9F80410EBDD18AA002B74D0214670
:10AF700058460DF16C09FFF7CBFB00287FF4DBADE1
:10AF8000DDE91903103D102D00F1010CE0DC099CF6
:10AF9000714AC9F804502B44BCF1070FCDE919C31D
:10AFA000C9F8002040F39481002B00F01F8318EEB5
:10AFB000101A18AA5846FFF7ABFB00287FF4BBAD68
:10AFC000049ADDE91903BD1A002D00F101010DF10C
:10AFD0006C097FF729AE102D29DD0994102718EE92
:10AFE000104A07E000F1020C09F108091046103D73
:10AFF000102D1ADD421C58491033072AC9E90017E1
:10B00000CDE91923EEDD18AA03B3214658460DF108
:10B010006C09FFF77DFB00287FF48DADDDE9190396
:10B02000103D102D00F1010CE4DC099C61464A4AF8
:10B03000C9F804502B440729CDE91913C9F8002099
:10B0400000F3E78009F108090131EDE54FF0010C4B
:10B0500018460DF16C09CAE74FF0010C18460DF1C6
:10B060006C0972E7002B00F0048118EE101A18AA80
:10B070005846FFF74DFB00287FF45DADDDE919036D
:10B080000DF16C09411CA7E5022311AA1C931B9228
:10B0900001210DF16C09084609F10809411CBAE5C6
:10B0A000102D40F3E582DDE919130F94084618EEE0
:10B0B000104A07E000F1020C09F108091046103DA2
:10B0C000102D1DDD2549C9F80010421C1033102138
:10B0D000072ACDE91923C9F80410EBDD18AA03B338
:10B0E000214658460DF16C09FFF712FB00287FF44A
:10B0F00022ADDDE91903103D102D00F1010CE1DC5A
:10B100000F9C6046154AC9F804502B440728CDE926
:10B110001903C9F8002000F3C18009F10809411C96
:10B1200046E518464FF0010C0DF16C09C7E77607AC
:10B13000199353D5069A0399541A002C4EDD0DF13C
:10B140006C09102C40F3B082199918EE106A102582
:10B150000DE000BF8C0600207C0A0020D0060020F5
:10B16000881C09F108091146103C102C1ADD4A1CF4
:10B17000B3481033072AC9E90005CDE91923EFDDEB
:10B1800018AA33B331465846FFF7C2FA00287FF4B5
:10B19000D2ACDDE91913103C102C01F101000DF1C6
:10B1A0006C09E4DCA64AC9F8044023440728CDE929
:10B1B0001903C9F800207FF759AD7BB118EE101ABA
:10B1C00018AA5846FFF7A4FA00287FF4B4AC1A9BDB
:10B1D0004CE5012019460DF16C09C5E7DDE90532A2
:10B1E00003998A42ACBF9B185B18059349E5B2F9F5
:10B1F0000C108F0518EE103A8AB23FF5E8AA18EE47
:10B20000105A986DFBF748FDB5F90C108AB2FFF79C
:10B21000DEBA002B3FF479AE18EE101A18AA584681
:10B22000FFF776FA00287FF486AC19991A9B013152
:10B230000DF16C09F8E419920DF16C095EE4002F30
:10B240007FF4C3AB039E0027049744ACFFF7C5BB54
:10B25000039B13F0100354D1039A12F0400000F046
:10B260006B8107991A4651F8043B07919BB2012163
:10B2700001E4099A002A64D1184601210DF16C09F4
:10B28000C9E4012118460DF16C09C4E45B4262EB8C
:10B29000420203962D200121FFF7EEBB002B00F0A8
:10B2A000888018EE101A18AA5846FFF731FA0028BD
:10B2B0007FF441ACDDE919030DF16C09411C77E421
:10B2C00098F800100793FFF7D2BA44ACFFF785BB9C
:10B2D00009F108090CF101016046A0E416F40072BE
:10B2E00040F0978151F8043B0791FFF7C0BBB305CD
:10B2F00000F1888152F8043B0792DA171146FFF7F4
:10B3000052BB079951F8043B07910121FFF7B3BBEA
:10B31000079B059853F8041B0793C217C1E9000265
:10B32000FFF77DBA0B9B002B3FF426AB0B9B1B78E2
:10B33000002B3FF421AB98F8001046F48066FFF72D
:10B3400096BA022311AA1C931B9201200DF16C09DD
:10B35000A2E6039671E53B4B0C9316F0200259D000
:10B36000079B073323F0070318465A6850F8083B39
:10B370000790F40709D553EA020006D08DF845106E
:10B38000302146F002068DF8441026F480610391C6
:10B390000221FFF770BB2C4B0C93DEE7079B0121CA
:10B3A00053F8042B03918DF8AC20079304912BAC38
:10B3B000DFE49DF84320002A40F03281099A002AF8
:10B3C0007FF462AE184601210DF16C0927E40021DB
:10B3D000082216A81394FBF741FB791C00F0BC80EF
:10B3E000002507942C460CE02BA95846FFF7CAF815
:10B3F000421C204400F06B81B84208DC00F07081F0
:10B400000446139A525916AB0435002AECD1049421
:10B41000079CAFE016F0100307980CD116F040041B
:10B4200005D01A4650F8043B07909BB2A1E716F4EA
:10B43000007240F0E18050F8043B079099E700BFAC
:10B44000D00600208C060020A00600200399049757
:10B4500044AC9E4608EE90BA01F480664FF0000CB2
:10B46000234606E0BEF10A0F72F1000239D3A64668
:10B470002A46A6491EEB020040F100000F46A1FB40
:10B48000001424F0030101EB9401401ABEEB00010B
:10B490004FF0CC3562F1000405FB01F507FB0455C4
:10B4A000A1FB07410D44052704F00101A1FB071B87
:10B4B00009186408303103F8011C44EAC5740CF122
:10B4C000010C013B6D08002ECCD00B990978614529
:10B4D000C8D1BCF1FF0FC5D0BEF10A0F72F1000256
:10B4E0006CD21C4644AB1B1B049F039E049318EEB6
:10B4F00090BAFFF772BA0396FFF762BA5846FBF7A5
:10B500007DF9FFF75BB9012903967FF4CDACFFF716
:10B510005CBA079B059953F8042B11600793FFF75A
:10B520007EB9062F3B46039A794C079228BF062323
:10B5300004930393FFF725BB039B079913F4007251
:10B5400014BF51F8043B51F8043B07911CBF02465D
:10B55000DBB20121FFF78FBA16AB00930023194627
:10B5600013AA5846FFF734F803460133049000F05D
:10B57000AE801394049B002B30D0632B63DC00233C
:10B5800008932BAC0822002116A8FBF767FA049D4C
:10B5900016AB009313AA2B4621465846FFF718F81E
:10B5A000854240F0AB80039B049A07930023A35489
:10B5B0001F4622EAE2730393FFF716BA0E9A0D991B
:10B5C0009B1A18460893FBF79BFA0B99089B4A783D
:10B5D0000AB101310B914FF0000C48E7039B079330
:10B5E000049B03931F460893FFF7FEB901211846F9
:10B5F0000DF16C09FFF713BB50F8043B079022468E
:10B60000DBB2B6E612F9043B0792DA171146FFF7F0
:10B61000CAB951F8043B07910246DBB2FFF727BADB
:10B6200001231C9301210DF143031B930DF16C09C0
:10B630000B46FFF7CDBA079B059953F8042B0793E8
:10B640001180FFF7ECB8591C5846FAF799FB0446ED
:10B6500000283CD0089095E7886DFBF71FFBFFF7AB
:10B66000E9B9039B0793CDE90377089FFFF7BCB9BE
:10B6700019981A9B013045E5039B07932046FBF779
:10B680001FFB20EAE0732F46049003930895FFF711
:10B69000ABB918EE101A18AA5846FFF739F8002867
:10B6A0003FF436AAFFF74DBA199801307AE58C4677
:10B6B0006EE46B6ED90705D4AB899A0502D4A86DE8
:10B6C000FBF7ECFA4FF0FF330593FFF749BA18EE9A
:10B6D000102AB2F90C3043F040039381FFF735BADA
:10B6E000079C049746E7079B98F8011053F8047BE2
:10B6F0000793904647EAE777FFF7B9B818EE102AA4
:10B70000938943F040039381FFF715BACDCCCCCC9D
:10B71000B406002070B50C468989ADF58E6D21F018
:10B720000201ADF81410616E1B91E189ADF816109D
:10B73000E1690991616A0B911CA9029106914FF48C
:10B74000806106460491079118A80021CDE90032D6
:10B750000891FBF79DFADDE9003202A93046FFF7B8
:10B7600013F8051E07DB02A93046FDF7EBFE0028A3
:10B7700018BF4FF0FF35BDF814305B0603D5A38921
:10B7800043F04003A3811898FBF784FA28460DF58F
:10B790008E6D70BD9368002B00F085802DE9F04F11
:10B7A000B1F90C300C461907804683B0174698B2A1
:10B7B00025D523691BB310F002033D682DD04FF04F
:10B7C000000ADFF8C0B25646B9465E4533465246D7
:10B7D00028BF5B464046002E52D0E169676AB847F1
:10B7E000002856DDD9F808301B1A8244361AC9F8E9
:10B7F0000830002BE9D1002003B0BDE8F08F2146CE
:10B80000404600F041F9002840F03881B4F90C308E
:10B810003D6898B210F00203D1D110F0010944D173
:10B820004E46009746B38205D4F808B040F18580B3
:10B83000B3455A4600F2B48010F4906F40F0C180D6
:10B84000206801924946FBF78DF8A368019AA3EBA3
:10B850000B012368A1601344B24623600026009ABE
:10B860009368A3EB0A03D1449360002BC3D0B4F9CF
:10B870000C0080B2002ED6D1D5E900960835D1E76C
:10B88000D5E900A60835A0E721464046FDF75AFE57
:10B8900088B3B4F90C3043F040034FF0FF30A3817C
:10B8A00003B0BDE8F08F002070471E46BA469946A7
:10B8B000184600951F4666B3002832D04A46D4E9A0
:10B8C00004132068A568B24228BF3246884204D9D2
:10B8D00005EB030B5A4500F3A780934264DCE16952
:10B8E000656A3A464046A847B0F1000BD1DDB9EB96
:10B8F0000B09C9D00120DAF80830A3EB0B035F4431
:10B90000A6EB0B06CAF80830002B3FF474AF002EEC
:10B91000D2D1009A5668134608320092002EF8D011
:10B920001F6832460A213846FDF73AFE002800F02B
:10B930009C800130A0EB0709C0E72068236998428A
:10B9400016D86269B24213D86FF00043B34228BFE1
:10B950003346E16993FBF2F3676A02FB03F3404667
:10B960004A46B847B0F1000A93DDA6EB0A0676E72F
:10B97000B345DA4628BFB24652464946FAF7F2FFC7
:10B98000A3682268A3EB0A035244A3602260002B41
:10B99000EBD121464046FDF7D5FD0028E5D078E7FC
:10B9A0002068B34632464CE739460192FAF7DAFF8F
:10B9B000019AA3689B1AA3602368134423609346EB
:10B9C00095E723682169A3EB010B636903EB430A45
:10B9D0000AEBDA7A0BF101034FEA6A0A3344534562
:10B9E000524684BF9A46524643052CD511464046DE
:10B9F000FAF7C6F900283BD05A4621690190F8F7BA
:10BA00008BFCA289019B22F4906242F08002A28109
:10BA100003EB0B002361AAEB0B03C4F814A0A36093
:10BA20002060B34632460CE739465A46FAF79AFF89
:10BA300023685B44236021464046FDF783FD0028D0
:10BA40003FF455AF25E74046FAF756FC0346002879
:10BA5000DED121694046FBF7F1F9B4F90C300C2234
:10BA600023F08003C8F8002015E7721C914626E7F2
:10BA70000C22B4F90C30C8F800200CE74FF0FF306E
:10BA8000BAE600BF00FCFF7F38B5314B1B680546A6
:10BA90000C4613B15A6B002A4ED0B4F90C3018077B
:10BAA0009AB21CD5216929B312F0010007D00020F9
:10BAB000A06060694042A06139B1002038BD95079F
:10BAC00058BF6069A0600029F7D1120658BF084628
:10BAD000F4D543F04003A3814FF0FF3038BDD106C9
:10BAE0002ED5520714D4216943F00803A3819AB2DA
:10BAF0000029D9D102F42070B0F5007FD4D02146BE
:10BB0000284600F047F9B4F90C3021699AB2CBE726
:10BB1000216B51B104F14002914204D02846FBF759
:10BB20008DF9B4F90C300022226321690022C4E9A6
:10BB3000001223F02403D7E71846FAF75FFEACE7BC
:10BB4000092243F040032A604FF0FF30A38138BD43
:10BB5000541100202DE9F04782B0824688461446F1
:10BB6000FBF700F8012803D108F1FF33FE2B36D98B
:10BB70000DF10409424604F15C0349465046FEF7C4
:10BB800001FD421C064632D020B39DF804C00025BA
:10BB900009E023685A1C226083F800C00135B542D1
:10BBA00018D219F801CFA368013B002BA360F0DA8B
:10BBB000A769BB4261462246504602DBBCF10A0F30
:10BBC000E7D100F053F9431CE8D10646304602B0F5
:10BBD000BDE8F0874646304602B0BDE8F0875FFA20
:10BBE00088FC8DF804C006460DF10409CFE7A3894F
:10BBF000304643F04003A38102B0BDE8F08700BFA8
:10BC000030B5536E13F0010FB2F90C30144683B007
:10BC100005469AB201D198051CD5900406D4626EEF
:10BC200043F4005342F40052A38162662246284640
:10BC3000FFF790FF636EDA07054602D4A3899B05E0
:10BC400002D5284603B030BDA06DFBF727F8284683
:10BC500003B030BDA06D0191FBF71EF8B4F90C30B4
:10BC600001999AB2D9E700BF2DE9F04F8BB0DDE919
:10BC7000158A149F0391814605921E46B8F1000F64
:10BC80005CD0039B002B5ED0059B1D68002F6AD003
:10BC9000741E4EB3039B0493043D002601950BE0F4
:10BCA000039B2BBB019B1A68002A3AD0BC455CD28F
:10BCB000013C631C664617D0D8F800300293019B04
:10BCC000DAF8E05053F8042F019307A94346484699
:10BCD000D8F804B0A847421C3AD000EB060CBC458B
:10BCE000DED9029BC8E9003B30460BB0BDE8F08FBF
:10BCF00000280EDD049B019D18445A1E07A900F17F
:10BD0000FF3E11F8013B02F8013F7245F9D1019560
:10BD10000490059B1A6804321A60019B1A68002A75
:10BD2000C4D1039B0BB1059B1A600CF1FF360022B6
:10BD30003046C8F800200BB0BDE8F08F039B00F53B
:10BD40008678002BA0D1059B4FF0FF371D689FE739
:10BD500006468A2100223046C9F80010C8F80020A3
:10BD60000BB0BDE8F08F3E46BEE76646BCE700BFBD
:10BD700010B584B0054C06980090079801900448CF
:10BD800000680294FFF770FF04B010BDCC0B0020D8
:10BD9000541100202DE9F0418B890C46990796B08B
:10BDA00008D504F143030122C4E90432236016B02C
:10BDB000BDE8F081B4F90E100029064625DB6A467D
:10BDC00000F0ACF800281FDB019D05F47045A5F5D7
:10BDD0000055B5FA85F54FF480686D094FF400679A
:10BDE00041463046F9F7CCFFE0B1B4F90C30C4F865
:10BDF000148043F0800320602061A38135BB3B4366
:10BE0000A38116B0BDE8F081A38913F0800519D095
:10BE10004FF040080025414630462F46F9F7B0FF65
:10BE20000028E2D1B4F90C309A05C0D423F0030302
:10BE300004F1430243F002030121C4E90421A38178
:10BE40002260B4E74FF480682F46C9E7B4F90E10BA
:10BE5000304600F079F810B9B4F90C30CFE7A38977
:10BE600023F0030343F001031BB2C8E7F8B50D4606
:10BE70001446064610B1436B002B4CD0B4F90C208D
:10BE8000A369A360170790B21BD52369CBB1EDB2AC
:10BE900081042F4622D522686169D31A994229DD8F
:10BEA0000133A1680139A160511C216015706269DC
:10BEB0009A4227D0A389DB0701D50A2D22D0384624
:10BEC000F8BD21463046FFF7DFFD08BBB4F90C2072
:10BED000236990B2EDB281042F46DCD442F40052C3
:10BEE000A281626E616922F4005262662268D31AEE
:10BEF0009942D5DC21463046FDF724FB40B9226843
:10BF00000123CEE721463046FDF71CFB0028D6D0A2
:10BF10004FF0FF37D3E7FAF771FCAFE770B50C4687
:10BF2000084D03460026204611461C462E60F8F7B1
:10BF3000A5FB431C00D070BD2B68002BFBD02360F9
:10BF400070BD00BF2844002038B5074D00220446CC
:10BF500008462A60F8F798FB431C00D038BD2B68D0
:10BF6000002BFBD0236038BD2844002000000000D7
:10BF70005FF800F0AD1A00605FF800F0591A006039
:04BF8000F8B500BF51
:10BF840000000000000000000000000000000000AD
:10BF9400000000000000000000000000000000009D
:10BFA400000000000000000000000000000000008D
:10BFB400000000000000000000000000000000007D
:10BFC400000000000000000000000000000000006D
:10BFD400000000000000000000000000000000005D
:10BFE400000000000000000000000000000000004D
:10BFF400000000000000000000000000000000003D
:10C00400000000000000000000000000000000002C
:10C01400000000000000000000000000000000001C
:10C02400000000000000000000000000000000000C
:10C0340000000000000000000000000000000000FC
:10C0440000000000000000000000000000000000EC
:10C0540000000000000000000000000000000000DC
:10C0640000000000000000000000000000000000CC
:10C0740000000000000000000000000000000000BC
:10C0840000000000000000000000000000000000AC
:10C09400000000000000000000000000000000009C
:10C0A400000000000000000000000000000000008C
:10C0B400000000000000000000000000000000007C
:10C0C400000000000000000000000000000000006C
:10C0D400000000000000000000000000000000005C
:10C0E400000000000000000000000000000000004C
:10C0F400000000000000000000000000000000003C
:10C10400000000000000000000000000000000002B
:10C11400000000000000000000000000000000001B
:10C12400000000000000000000000000000000000B
:10C1340000000000000000000000000000000000FB
:10C1440000000000000000000000000000000000EB
:10C1540000000000000000000000000000000000DB
:10C1640000000000000000000000000000000000CB
:10C1740000000000000000000000000000000000BB
:10C1840000000000000000000000000000000000AB
:10C19400000000000000000000000000000000009B
:10C1A400000000000000000000000000000000008B
:10C1B400000000000000000000000000000000007B
:10C1C400000000000000000000000000000000006B
:10C1D400000000000000000000000000000000005B
:10C1E400000000000000000000000000000000004B
:10C1F400000000000000000000000000000000003B
:10C204000080E03779C34143176E05B5B5B893464E
:10C21400F5F93FE9034F384D321D30F94877825A1A
:10C224003CBF737FDD4F1575000000000000F03F38
:10C2340000000000000024400000000000005940FD
:10C244000000000000408F40000000000088C34050
:10C2540000000000006AF8400000000080842E41C5
:10C2640000000000D01263410000000084D7974111
:10C274000000000065CDCD41000000205FA0024217
:10C28400000000E876483742000000A2941A6D428C
:10C29400000040E59C30A2420000901EC4BCD6427F
:10C2A40000003426F56B0C430080E03779C341432A
:10C2B40000A0D8855734764300C84E676DC1AB43A0
:10C2C400003D9160E458E143408CB5781DAF1544BE
:10C2D40050EFE2D6E41A4B4492D54D06CFF0804499
:10C2E400F64AE1C7022DB544B49DD9794378EA44AE
:10C2F4000000010100010101010201010202010229
:10C3040003010203020204020205020205030206FB
:10C3140003020703020704030704030705040705D0
:10C3240004070605070606070606070707070700AA
:10C3340000000000000000000000000800000000F1
:10C34400000000000000000054783A2025332E330A
:10C35400582025642000000025322E325820000089
:10C3640050757368656420627574746F6E000000A4
:10C3740052656C656173656420627574746F6E00D8
:10C384000000000000000000811B0000810000008C
:10C39400D110000039020000E90900003D0200004C
:10C3A400410200000000000000000000E52300003E
:10C3B400613400005D34000059340000553400003D
:10C3C400513400004D3400004934000000000000E6
:10C3D40000000000FD0100001D0200002C20667515
:10C3E4006E6374696F6E3A200000000061737365B8
:10C3F4007274696F6E2022257322206661696C65F0
:10C40400643A2066696C6520222573222C206C69AD
:10C414006E65202564257325730A000042616C6CE7
:10C424006F63207375636365656465640000000071
:10C434002F646174612F6A656E6B696E732F776FF9
:10C44400726B73706163652F474E552D746F6F6CFB
:10C45400636861696E2F61726D2D31312F73726360
:10C464002F6E65776C69622D63796777696E2F6EBD
:10C4740065776C69622F6C6962632F7374646C698D
:10C48400622F6D707265632E63000000002020200F
:10C494002020202020202828282828202020202070
:10C4A4002020202020202020202020202088101040
:10C4B400101010101010101010101010100404049C
:10C4C400040404040404041010101010101041415A
:10C4D4004141414101010101010101010101010148
:10C4E400010101010101010110101010101042425C
:10C4F4004242424202020202020202020202020218
:10C5040002020202020202021010101020000000B7
:10C514000000000000000000000000000000000017
:10C524000000000000000000000000000000000007
:10C5340000000000000000000000000000000000F7
:10C5440000000000000000000000000000000000E7
:10C5540000000000000000000000000000000000D7
:10C5640000000000000000000000000000000000C7
:10C5740000000000000000000000000000000000B7
:10C5840000000000000000000000000000000000A7
:10C59400496E66696E697479000000004E614E0050
:10C5A4002F646174612F6A656E6B696E732F776F88
:10C5B400726B73706163652F474E552D746F6F6C8A
:10C5C400636861696E2F61726D2D31312F737263EF
:10C5D4002F6E65776C69622D63796777696E2F6E4C
:10C5E40065776C69622F6C6962632F7374646C691C
:10C5F400622F64746F612E6300000000494E460090
:10C60400696E66004E414E006E616E003031323309
:10C61400343536373839616263646566000000007A
:10C624003031323334353637383941424344454664
:10C6340000000000286E756C6C29000030000000BA
:10C6440020202020202020202020202020202020E6
:10C6540020202020202020202020202020202020D6
:10C6640000000042C8801F40B8821F40080000003C
:10C6740000000042C4801F40B4821F400400000038
:10C6840000C0004224801F4014821F40100000009C
:10C6940000C0004228801F4018821F402000000074
:10C6A40000C000422C801F401C821F40400000003C
:10C6B40000C0004234801F4024821F40000100005B
:10C6C4000040004264811F4054831F400004000066
:10C6D4000040004280811F4070831F400000020020
:10C6E400004000427C811F406C831F400000010019
:10C6F4000040004268811F4058831F40000800002A
:10C70400004000423C811F402C831F400100000078
:10C714000040004244811F4034831F400400000055
:10C724000040004240811F4030831F40020000004F
:10C734000040004248811F4038831F400800000029
:10C744000000004204811F40F4821F4000000400E6
:10C754000000004208811F40F8821F4000000800CA
:10C764000000004218811F4008831F400000800021
:10C774000000004214811F4004831F400000400059
:10C784000000004200811F40F0821F4000000200B0
:10C7940000000042FC801F40EC821F4000000100AA
:10C7A4000000004224811F4014831F400000000445
:10C7B4000000004228811F4018831F400000000829
:10C7C400000000421C811F400C831F400000000138
:10C7D4000000004220811F4010831F40000000021F
:10C7E40000000042EC801F40DC821F40001000006B
:10C7F40000000042F0801F40E0821F400020000043
:10C804000000004234811F4024831F400000004088
:10C814000000004238811F4028831F400000008030
:10C824000080004294801F4084821F400000040066
:10C8340000C0004290801F4080821F4000000080A2
:10C8440000800042A8801F4098821F4000008000A2
:10C8540000800042A4801F4094821F4000004000DA
:10C86400004000426C811F405C831F4000100000A8
:10C8740000C0004230801F4020821F408000000022
:10C8840000800042C8811F40B8831F400080000020
:10C8940000800042C4811F40B4831F400040000058
:10C8A40000800042C0811F40B0831F400020000070
:10C8B40000800042BC811F40AC831F400010000078
:10C8C40000800042D0811F40C0831F40000002004E
:10C8D40000800042CC811F40BC831F400000010047
:10C8E40005000000190000007D00000007080C0B83
:10C8F40006050F000D0E0102838407080C0B0605C4
:10C904000F000D0E0102838454616E64656D204C2A
:10C914006576656C6C65722050656E64616E74003A
:10C924002E0000004C435F434F4C4C4154450000E3
:10C934004C435F4354595045000000004C435F4D45
:10C944004F4E4554415259004C435F4E554D45524C
:10C95400494300004C435F54494D45004C435F4DEF
:10C96400455353414745530000010000581100202E
:10C974001200000000060000F41B00600A00000022
:10C9840000020000901B006062000000000700002D
:10C994002C1B006062000000EE03000094110020D4
:10C9A40012000000000004EE6C11002028000000BA
:10C9B40000030000281B00600000000001030904BC
:10C9C400101B00600000000002030904F81A006054
:10C9D4000000000003030904A81100200000000067
:10C9E4000000000000000000000000003030303083
:10C9F4003030303030303030303030303030303033
:10CA040030303030303030303030303000000000E2
:10CA140000000000DC42002044430020AC4300201E
:10CA24000000000000000000000000000000000002
:10CA340000000000000000000000000000000000F2
:10CA440000000000000000000000000000000000E2
:10CA540000000000000000000000000000000000D2
:10CA640000000000000000000000000000000000C2
:10CA740000000000000000000000000000000000B2
:10CA840000000000000000000000000000000000A2
:10CA94000000000000000000000000000000000092
:10CAA4000000000000000000010000000000000081
:10CAB4000E33CDAB34126DE6ECDE05000B00000046
:10CAC4000000000000000000000000000000000062
:10CAD4000000000000000000000000000000000052
:10CAE4000000000000000000000000000000000042
:10CAF4000000000000000000000000000000000032
:10CB04000000000000000000000000000000000021
:10CB14000000000000000000000000000000000011
:10CB24000000000000000000000000000000000001
:10CB34000029DE07007B9A172C0400200000000067
:10CB4400E8030000000000008030202043000000C3
:10CB540000000000000000000000000000000000D1
:10CB6400000000000000000000000000430000007E
:10CB740000000000000000000000000000000000B1
:10CB8400000000000000000000000000430000005E
:10CB94000000000000000000000000000000000091
:10CBA400000000000000000000000000430000003E
:10CBB4000000000000000000000000000000000071
:10CBC400000000000000000000000000430000001E
:10CBD4000000000000000000000000000000000051
:10CBE40000000000000000000000000043000000FE
:10CBF4000000000000000000000000000000000031
:10CC040000000000000000000000000043000000DD
:10CC14000000000000000000000000000000000010
:10CC2400000000000000000000000000ED5B0000B8
:10CC340049540000000000000C050020A009002059
:10CC440068040020680400206804002068040020B0
:10CC540068040020680400206804002068040020A0
:10CC640068040020FFFFFFFFFFFFFFFFFFFFFFFF40
:10CC7400FFFF000001004153434949000000000048
:10CC840000000000000000000000000000000000A0
:10CC94000000000000004153434949000000000027
:10CCA4000000000000000000000000000000000080
:10CCB4000000000000000000000000000000000070
:10CCC400380D0020380D0020400D0020400D0020BC
:10CCD400480D0020480D0020500D0020500D00206C
:10CCE400580D0020580D0020600D0020600D00201C
:10CCF400680D0020680D0020700D0020700D0020CC
:10CD0400780D0020780D0020800D0020800D00207B
:10CD1400880D0020880D0020900D0020900D00202B
:10CD2400980D0020980D0020A00D0020A00D0020DB
:10CD3400A80D0020A80D0020B00D0020B00D00208B
:10CD4400B80D0020B80D0020C00D0020C00D00203B
:10CD5400C80D0020C80D0020D00D0020D00D0020EB
:10CD6400D80D0020D80D0020E00D0020E00D00209B
:10CD7400E80D0020E80D0020F00D0020F00D00204B
:10CD8400F80D0020F80D0020000E0020000E0020F9
:10CD9400080E0020080E0020100E0020100E0020A7
:10CDA400180E0020180E0020200E0020200E002057
:10CDB400280E0020280E0020300E0020300E002007
:10CDC400380E0020380E0020400E0020400E0020B7
:10CDD400480E0020480E0020500E0020500E002067
:10CDE400580E0020580E0020600E0020600E002017
:10CDF400680E0020680E0020700E0020700E0020C7
:10CE0400780E0020780E0020800E0020800E002076
:10CE1400880E0020880E0020900E0020900E002026
:10CE2400980E0020980E0020A00E0020A00E0020D6
:10CE3400A80E0020A80E0020B00E0020B00E002086
:10CE4400B80E0020B80E0020C00E0020C00E002036
:10CE5400C80E0020C80E0020D00E0020D00E0020E6
:10CE6400D80E0020D80E0020E00E0020E00E002096
:10CE7400E80E0020E80E0020F00E0020F00E002046
:10CE8400F80E0020F80E0020000F0020000F0020F4
:10CE9400080F0020080F0020100F0020100F0020A2
:10CEA400180F0020180F0020200F0020200F002052
:10CEB400280F0020280F0020300F0020300F002002
:10CEC400380F0020380F0020400F0020400F0020B2
:10CED400480F0020480F0020500F0020500F002062
:10CEE400580F0020580F0020600F0020600F002012
:10CEF400680F0020680F0020700F0020700F0020C2
:10CF0400780F0020780F0020800F0020800F002071
:10CF1400880F0020880F0020900F0020900F002021
:10CF2400980F0020980F0020A00F0020A00F0020D1
:10CF3400A80F0020A80F0020B00F0020B00F002081
:10CF4400B80F0020B80F0020C00F0020C00F002031
:10CF5400C80F0020C80F0020D00F0020D00F0020E1
:10CF6400D80F0020D80F0020E00F0020E00F002091
:10CF7400E80F0020E80F0020F00F0020F00F002041
:10CF8400F80F0020F80F00200010002000100020EF
:10CF9400081000200810002010100020101000209D
:10CFA400181000201810002020100020201000204D
:10CFB40028100020281000203010002030100020FD
:10CFC40038100020381000204010002040100020AD
:10CFD400481000204810002050100020501000205D
:10CFE400581000205810002060100020601000200D
:10CFF40068100020681000207010002070100020BD
:10D00400781000207810002080100020801000206C
:10D01400881000208810002090100020901000201C
:10D024009810002098100020A0100020A0100020CC
:10D03400A8100020A8100020B0100020B01000207C
:10D04400B8100020B8100020C0100020C01000202C
:10D05400C8100020C8100020D0100020D0100020DC
:10D06400D8100020D8100020E0100020E01000208C
:10D07400E8100020E8100020F0100020F01000203C
:10D08400F8100020F81000200011002000110020EA
:10D094000811002008110020101100201011002098
:10D0A4001811002018110020201100202011002048
:10D0B40028110020281100203011002030110020F8
:10D0C400FFFFFFFF0000020000000000030000005B
:10D0D400DC420020900A002012010002EF0201400D
:10D0E400C016830479020102030100002800000035
:10D0F4000001040001000000000000000201574983
:10D104004E555342000000000000000000000000E3
:10D114000000000012034D0053004600540031008B
:10D1240030003000F80000000C0300000000000094
:10D1340000000000000000000000000000000000EB
:10D1440000000000000000000000000000000000DB
:10D1540000000000000000000000000000000000CB
:10D1640000000000000000000000000000000000BB
:10D1740000000000000000000000000000000000AB
:10D18400000000000000000000000000000000009B
:10D19400000000000000000000000000000000008B
:10D1A400000000000000000000000000000000007B
:10D1B400000000000000000000000000000000006B
:10D1C400000000000000000000000000000000005B
:10D1D400000000000000000000000000000000004B
:10D1E400000000000000000000000000000000003B
:10D1F400000000000000000000000000000000002B
:10D20400000000000000000000000000000000001A
:10D21400000000000000000000000000000000000A
:10D2240000000000000000000000000000000000FA
:10D2340000000000000000000000000000000000EA
:10D2440000000000000000000000000000000000DA
:10D2540000000000000000000000000000000000CA
:10D2640000000000000000000000000000000000BA
:10D2740000000000000000000000000000000000AA
:10D28400000000000000000000000000000000009A
:10D29400000000000000000000000000000000008A
:10D2A400000000000000000000000000000000007A
:10D2B400000000000000000000000000000000006A
:10D2C400000000000000000000000000000000005A
:10D2D400000000000000000000000000000000004A
:10D2E400000000000000000000000000000000003A
:10D2F400000000000000000000000000000000002A
:10D304000000000000000000000000000000000019
:10D314000000000000000000000000000000000009
:10D3240000000000000000000000000000000000F9
:10D3340000000000000000000000000000000000E9
:10D3440000000000000000000000000000000000D9
:10D3540000000000000000000000000000000000C9
:10D3640000000000000000000000000000000000B9
:10D3740000000000000000000000000000000000A9
:10D384000000000000000000000000000000000099
:10D394000000000000000000000000000000000089
:10D3A4000000000000000000000000000000000079
:10D3B4000000000000000000000000000000000069
:10D3C4000000000000000000000000000000000059
:10D3D4000000000000000000000000000000000049
:10D3E4000000000000000000000000000000000039
:10D3F4000000000000000000000000000000000029
:10D404000000000000000000000000000000000018
:10D414000000000000000000000000000000000008
:10D4240000000000000000000000000000000000F8
:10D4340000000000000000000000000000000000E8
:10D4440000000000000000000000000000000000D8
:10D4540000000000000000000000000000000000C8
:10D4640000000000000000000000000000000000B8
:10D4740000000000000000000000000000000000A8
:10D484000000000000000000000000000000000098
:10D494000000000000000000000000000000000088
:10D4A4000000000000000000000000000000000078
:10D4B4000000000000000000000000000000000068
:10D4C4000000000000000000000000000000000058
:10D4D4000000000000000000000000000000000048
:10D4E4000000000000000000000000000000000038
:10D4F4000000000000000000000000000000000028
:10D504000000000000000000000000000000000017
:10D514000000000000000000000000000000000007
:10D5240000000000000000000000000000000000F7
:10D5340000000000000000000000000000000000E7
:10D5440000000000000000000000000000000000D7
:10D5540000000000000000000000000000000000C7
:10D5640000000000000000000000000000000000B7
:10D5740000000000000000000000000000000000A7
:10D584000000000000000000000000000000000097
:10D594000000000000000000000000000000000087
:10D5A4000000000000000000000000000000000077
:10D5B4000000000000000000000000000000000067
:10D5C4000000000000000000000000000000000057
:10D5D4000000000000000000000000000000000047
:10D5E4000000000000000000000000000000000037
:10D5F4000000000000000000000000000000000027
:10D604000000000000000000000000000000000016
:10D614000000000000000000000000000000000006
:10D6240000000000000000000000000000000000F6
:10D6340000000000000000000000000000000000E6
:10D64400FFFFFFFFFFFFFFFFFFFFFFFFFFFFFFFFE6
:10D65400FFFFFFFFFFFFFFFFFFFFFFFFFFFFFFFFD6
:10D66400FFFFFFFFFFFFFFFFFFFFFFFFFFFFFFFFC6
:10D67400FFFFFFFFFFFFFFFFFFFFFFFFFFFFFFFFB6
:10D68400FFFFFFFFFFFFFFFFFFFFFFFFFFFFFFFFA6
:10D69400FFFFFFFFFFFFFFFFFFFFFFFFFFFFFFFF96
:10D6A400FFFFFFFFFFFFFFFFFFFFFFFFFFFFFFFF86
:10D6B400FFFFFFFFFFFFFFFFFFFFFFFFFFFFFFFF76
:10D6C400FFFFFFFFFFFFFFFFFFFFFFFFFFFFFFFF66
:10D6D400FFFFFFFFFFFFFFFFFFFFFFFFFFFFFFFF56
:10D6E400FFFFFFFFFFFFFFFFFFFFFFFFFFFFFFFF46
:10D6F400FFFFFFFFFFFFFFFFFFFFFFFFFFFFFFFF36
:10D70400FFFFFFFFFFFFFFFFFFFFFFFFFFFFFFFF25
:10D71400FFFFFFFFFFFFFFFFFFFFFFFFFFFFFFFF15
:10D72400FFFFFFFFFFFFFFFFFFFFFFFFFFFFFFFF05
:10D73400FFFFFFFFFFFFFFFFFFFFFFFFFFFFFFFFF5
:10D74400FFFFFFFFFFFFFFFFFFFFFFFFFFFFFFFFE5
:10D75400FFFFFFFFFFFFFFFFFFFFFFFFFFFFFFFFD5
:10D76400FFFFFFFFFFFFFFFFFFFFFFFFFFFFFFFFC5
:10D77400FFFFFFFFFFFFFFFFFFFFFFFFFFFFFFFFB5
:10D78400FFFFFFFFFFFFFFFFFFFFFFFFFFFFFFFFA5
:10D79400FFFFFFFFFFFFFFFFFFFFFFFFFFFFFFFF95
:10D7A400FFFFFFFFFFFFFFFFFFFFFFFFFFFFFFFF85
:10D7B400FFFFFFFFFFFFFFFFFFFFFFFFFFFFFFFF75
:10D7C400FFFFFFFFFFFFFFFFFFFFFFFFFFFFFFFF65
:10D7D400FFFFFFFFFFFFFFFFFFFFFFFFFFFFFFFF55
:10D7E400FFFFFFFFFFFFFFFFFFFFFFFFFFFFFFFF45
:10D7F400FFFFFFFFFFFFFFFFFFFFFFFF0000000031
:10D804000000000000000000000000000000000014
:10D814000000000000000000000000000000000004
:10D8240000000000000000000000000000000000F4
:10D8340000000000000000000000000000000000E4
:10D8440000000000000000000000000000000000D4
:10D8540000000000000000000000000000000000C4
:10D8640000000000000000000000000000000000B4
:10D8740000000000000000000000000000000000A4
:10D884000000000000000000000000000000000094
:10D894000000000000000000000000000000000084
:10D8A4000000000000000000000000000000000074
:10D8B4000000000000000000000000000000000064
:10D8C4000000000000000000000000000000000054
:10D8D4000000000000000000000000000000000044
:10D8E4000000000000000000000000000000000034
:10D8F4000000000000000000000000000000000024
:10D904000000000000000000000000000000000013
:10D914000000000000000000000000000000000003
:10D9240000000000000000000000000000000000F3
:10D9340000000000000000000000000000000000E3
:10D9440000000000000000000000000000000000D3
:10D9540000000000000000000000000000000000C3
:10D9640000000000000000000000000000000000B3
:10D9740000000000000000000000000000000000A3
:10D984000000000000000000000000000000000093
:10D994000000000000000000000000000000000083
:10D9A4000000000000000000000000000000000073
:10D9B4000000000000000000000000000000000063
:10D9C4000000000000000000000000000000000053
:10D9D4000000000000000000000000000000000043
:10D9E4000000000000000000000000000000000033
:10D9F4000000000000000000000000000000000023
:10DA04000000000000000000000000000000000012
:10DA14000000000000000000000000000000000002
:10DA240000000000000000000000000000000000F2
:10DA340000000000000000000000000000000000E2
:10DA440000000000000000000000000000000000D2
:10DA540000000000000000000000000000000000C2
:10DA640000000000000000000000000000000000B2
:10DA740000000000000000000000000000000000A2
:10DA84000000000000000000000000000000000092
:10DA94000000000000000000000000000000000082
:10DAA4000000000000000000000000000000000072
:10DAB4000000000000000000000000000000000062
:10DAC4000000000000000000000000000000000052
:10DAD4000000000000000000000000000000000042
:10DAE4000000000000000000000000000000000032
:10DAF4000000000000000000000000000000000022
:10DB04000000000000000000000000000000000011
:10DB14000000000000000000000000000000000001
:10DB240000000000000000000000000000000000F1
:10DB340000000000000000000000000000000000E1
:10DB440000000000000000000000000000000000D1
:10DB540000000000000000000000000000000000C1
:10DB640000000000000000000000000000000000B1
:10DB740000000000000000000000000000000000A1
:10DB84000000000000000000000000000000000091
:10DB94000000000000000000000000000000000081
:10DBA4000000000000000000000000000000000071
:10DBB4000000000000000000000000000000000061
:10DBC4000000000000000000000000000000000051
:10DBD4000000000000000000000000000000000041
:10DBE4000000000000000000000000000000000031
:10DBF4000000000000000000000000000000000021
:10DC04000000000000000000000000000000000010
:10DC14000000000000000000000000000000000000
:10DC240000000000000000000000000000000000F0
:10DC340000000000000000000000000000000000E0
:10DC440000000000000000000000000000000000D0
:10DC540000000000000000000000000000000000C0
:10DC640000000000000000000000000000000000B0
:10DC740000000000000000000000000000000000A0
:10DC84000000000000000000000000000000000090
:10DC94000000000000000000000000000000000080
:10DCA4000000000000000000000000000000000070
:10DCB4000000000000000000000000000000000060
:10DCC4000000000000000000000000000000000050
:10DCD4000000000000000000000000000000000040
:10DCE4000000000000000000000000000000000030
:10DCF4000000000000000000000000000000000020
:10DD0400000000000000000000000000000000000F
:10DD140000000000000000000000000000000000FF
:10DD240000000000000000000000000000000000EF
:10DD340000000000000000000000000000000000DF
:10DD440000000000000000000000000000000000CF
:10DD540000000000000000000000000000000000BF
:10DD640000000000000000000000000000000000AF
:10DD7400000000000000000000000000000000009F
:10DD8400000000000000000000000000000000008F
:10DD9400000000000000000000000000000000007F
:10DDA400000000000000000000000000000000006F
:10DDB400000000000000000000000000000000005F
:10DDC400000000000000000000000000000000004F
:10DDD400000000000000000000000000000000003F
:10DDE400000000000000000000000000000000002F
:10DDF400000000000000000000000000000000001F
:10DE0400000000000000000000000000000000000E
:10DE140000000000000000000000000000000000FE
:10DE240000000000000000000000000000000000EE
:10DE340000000000000000000000000000000000DE
:10DE440000000000000000000000000000000000CE
:10DE540000000000000000000000000000000000BE
:10DE640000000000000000000000000000000000AE
:10DE7400000000000000000000000000000000009E
:10DE8400000000000000000000000000000000008E
:10DE9400000000000000000000000000000000007E
:10DEA400000000000000000000000000000000006E
:10DEB400000000000000000000000000000000005E
:10DEC400000000000000000000000000000000004E
:10DED400000000000000000000000000000000003E
:10DEE400000000000000000000000000000000002E
:10DEF400000000000000000000000000000000001E
:10DF0400000000000000000000000000000000000D
:10DF140000000000000000000000000000000000FD
:10DF240000000000000000000000000000000000ED
:10DF340000000000000000000000000000000000DD
:10DF440000000000000000000000000000000000CD
:10DF540000000000000000000000000000000000BD
:10DF640000000000000000000000000000000000AD
:10DF7400000000000000000000000000000000009D
:10DF8400000000000000000000000000000000008D
:10DF9400000000000000000000000000000000007D
:10DFA400000000000000000000000000000000006D
:10DFB400000000000000000000000000000000005D
:10DFC400000000000000000000000000000000004D
:10DFD400000000000000000000000000000000003D
:10DFE400000000000000000000000000000000002D
:10DFF400000000000000000000000000000000001D
:10E00400000000000000000000000000000000000C
:10E0140000000000000000000000000000000000FC
:10E0240000000000000000000000000000000000EC
:10E0340000000000000000000000000000000000DC
:10E0440000000000000000000000000000000000CC
:10E0540000000000000000000000000000000000BC
:10E0640000000000000000000000000000000000AC
:10E07400000000000000000000000000000000009C
:10E08400000000000000000000000000000000008C
:10E09400000000000000000000000000000000007C
:10E0A400000000000000000000000000000000006C
:10E0B400000000000000000000000000000000005C
:10E0C400000000000000000000000000000000004C
:10E0D400000000000000000000000000000000003C
:10E0E400000000000000000000000000000000002C
:10E0F400000000000000000000000000000000001C
:10E10400000000000000000000000000000000000B
:10E1140000000000000000000000000000000000FB
:10E1240000000000000000000000000000000000EB
:10E1340000000000000000000000000000000000DB
:10E1440000000000000000000000000000000000CB
:10E1540000000000000000000000000000000000BB
:10E1640000000000000000000000000000000000AB
:10E17400000000000000000000000000000000009B
:10E18400000000000000000000000000000000008B
:10E19400000000000000000000000000000000007B
:10E1A400000000000000000000000000000000006B
:10E1B400000000000000000000000000000000005B
:10E1C400000000000000000000000000000000004B
:10E1D400000000000000000000000000000000003B
:10E1E400000000000000000000000000000000002B
:10E1F400000000000000000000000000000000001B
:10E20400000000000000000000000000000000000A
:10E2140000000000000000000000000000000000FA
:10E2240000000000000000000000000000000000EA
:10E2340000000000000000000000000000000000DA
:10E2440000000000000000000000000000000000CA
:10E2540000000000000000000000000000000000BA
:10E2640000000000000000000000000000000000AA
:10E27400000000000000000000000000000000009A
:10E28400000000000000000000000000000000008A
:10E29400000000000000000000000000000000007A
:10E2A400000000000000000000000000000000006A
:10E2B400000000000000000000000000000000005A
:10E2C400000000000000000000000000000000004A
:10E2D400000000000000000000000000000000003A
:10E2E400000000000000000000000000000000002A
:10E2F400000000000000000000000000000000001A
:10E304000000000000000000000000000000000009
:10E3140000000000000000000000000000000000F9
:10E3240000000000000000000000000000000000E9
:10E3340000000000000000000000000000000000D9
:10E3440000000000000000000000000000000000C9
:10E3540000000000000000000000000000000000B9
:10E3640000000000000000000000000000000000A9
:10E374000000000000000000000000000000000099
:10E384000000000000000000000000000000000089
:10E394000000000000000000000000000000000079
:10E3A4000000000000000000000000000000000069
:10E3B4000000000000000000000000000000000059
:10E3C4000000000000000000000000000000000049
:10E3D4000000000000000000000000000000000039
:10E3E4000000000000000000000000000000000029
:0CE3F4000000000000000000000000001D
:040000056000100087
:00000001FF
