:0200000460009A
:100000004643464200000156000000000103030081
:1000100000000000000000000000000000000000E0
:1000200000000000000000000000000000000000D0
:1000300000000000000000000000000000000000C0
:1000400000000000010408000000000000000000A3
:100050000000200000000000000000000000000080
:100060000000000000000000000000000000000090
:100070000000000000000000000000000000000080
:10008000EB04180A063204260000000000000000FD
:10009000050404240000000000000000000000002F
:1000A0000000000000000000000000000000000050
:1000B0000604000000000000000000000000000036
:1000C0000000000000000000000000000000000030
:1000D00020041808000000000000000000000000DC
:1000E0000000000000000000000000000000000010
:1000F0000000000000000000000000000000000000
:10010000D8041808000000000000000000000000F3
:100110000204180804200000000000000000000095
:1001200000000000000000000000000000000000CF
:10013000600400000000000000000000000000005B
:1001400000000000000000000000000000000000AF
:10015000000000000000000000000000000000009F
:10016000000000000000000000000000000000008F
:10017000000000000000000000000000000000007F
:10018000000000000000000000000000000000006F
:10019000000000000000000000000000000000005F
:1001A000000000000000000000000000000000004F
:1001B000000000000000000000000000000000003F
:1001C000000100000010000001000000000000001D
:1001D000000001000000000000000000000000001E
:1001E000000000000000000000000000000000000F
:1001F00000000000000000000000000000000000FF
:10020000FFFFFFFFFFFFFFFFFFFFFFFFFFFFFFFFFE
:10021000FFFFFFFFFFFFFFFFFFFFFFFFFFFFFFFFEE
:10022000FFFFFFFFFFFFFFFFFFFFFFFFFFFFFFFFDE
:10023000FFFFFFFFFFFFFFFFFFFFFFFFFFFFFFFFCE
:10024000FFFFFFFFFFFFFFFFFFFFFFFFFFFFFFFFBE
:10025000FFFFFFFFFFFFFFFFFFFFFFFFFFFFFFFFAE
:10026000FFFFFFFFFFFFFFFFFFFFFFFFFFFFFFFF9E
:10027000FFFFFFFFFFFFFFFFFFFFFFFFFFFFFFFF8E
:10028000FFFFFFFFFFFFFFFFFFFFFFFFFFFFFFFF7E
:10029000FFFFFFFFFFFFFFFFFFFFFFFFFFFFFFFF6E
:1002A000FFFFFFFFFFFFFFFFFFFFFFFFFFFFFFFF5E
:1002B000FFFFFFFFFFFFFFFFFFFFFFFFFFFFFFFF4E
:1002C000FFFFFFFFFFFFFFFFFFFFFFFFFFFFFFFF3E
:1002D000FFFFFFFFFFFFFFFFFFFFFFFFFFFFFFFF2E
:1002E000FFFFFFFFFFFFFFFFFFFFFFFFFFFFFFFF1E
:1002F000FFFFFFFFFFFFFFFFFFFFFFFFFFFFFFFF0E
:10030000FFFFFFFFFFFFFFFFFFFFFFFFFFFFFFFFFD
:10031000FFFFFFFFFFFFFFFFFFFFFFFFFFFFFFFFED
:10032000FFFFFFFFFFFFFFFFFFFFFFFFFFFFFFFFDD
:10033000FFFFFFFFFFFFFFFFFFFFFFFFFFFFFFFFCD
:10034000FFFFFFFFFFFFFFFFFFFFFFFFFFFFFFFFBD
:10035000FFFFFFFFFFFFFFFFFFFFFFFFFFFFFFFFAD
:10036000FFFFFFFFFFFFFFFFFFFFFFFFFFFFFFFF9D
:10037000FFFFFFFFFFFFFFFFFFFFFFFFFFFFFFFF8D
:10038000FFFFFFFFFFFFFFFFFFFFFFFFFFFFFFFF7D
:10039000FFFFFFFFFFFFFFFFFFFFFFFFFFFFFFFF6D
:1003A000FFFFFFFFFFFFFFFFFFFFFFFFFFFFFFFF5D
:1003B000FFFFFFFFFFFFFFFFFFFFFFFFFFFFFFFF4D
:1003C000FFFFFFFFFFFFFFFFFFFFFFFFFFFFFFFF3D
:1003D000FFFFFFFFFFFFFFFFFFFFFFFFFFFFFFFF2D
:1003E000FFFFFFFFFFFFFFFFFFFFFFFFFFFFFFFF1D
:1003F000FFFFFFFFFFFFFFFFFFFFFFFFFFFFFFFF0D
:10040000FFFFFFFFFFFFFFFFFFFFFFFFFFFFFFFFFC
:10041000FFFFFFFFFFFFFFFFFFFFFFFFFFFFFFFFEC
:10042000FFFFFFFFFFFFFFFFFFFFFFFFFFFFFFFFDC
:10043000FFFFFFFFFFFFFFFFFFFFFFFFFFFFFFFFCC
:10044000FFFFFFFFFFFFFFFFFFFFFFFFFFFFFFFFBC
:10045000FFFFFFFFFFFFFFFFFFFFFFFFFFFFFFFFAC
:10046000FFFFFFFFFFFFFFFFFFFFFFFFFFFFFFFF9C
:10047000FFFFFFFFFFFFFFFFFFFFFFFFFFFFFFFF8C
:10048000FFFFFFFFFFFFFFFFFFFFFFFFFFFFFFFF7C
:10049000FFFFFFFFFFFFFFFFFFFFFFFFFFFFFFFF6C
:1004A000FFFFFFFFFFFFFFFFFFFFFFFFFFFFFFFF5C
:1004B000FFFFFFFFFFFFFFFFFFFFFFFFFFFFFFFF4C
:1004C000FFFFFFFFFFFFFFFFFFFFFFFFFFFFFFFF3C
:1004D000FFFFFFFFFFFFFFFFFFFFFFFFFFFFFFFF2C
:1004E000FFFFFFFFFFFFFFFFFFFFFFFFFFFFFFFF1C
:1004F000FFFFFFFFFFFFFFFFFFFFFFFFFFFFFFFF0C
:10050000FFFFFFFFFFFFFFFFFFFFFFFFFFFFFFFFFB
:10051000FFFFFFFFFFFFFFFFFFFFFFFFFFFFFFFFEB
:10052000FFFFFFFFFFFFFFFFFFFFFFFFFFFFFFFFDB
:10053000FFFFFFFFFFFFFFFFFFFFFFFFFFFFFFFFCB
:10054000FFFFFFFFFFFFFFFFFFFFFFFFFFFFFFFFBB
:10055000FFFFFFFFFFFFFFFFFFFFFFFFFFFFFFFFAB
:10056000FFFFFFFFFFFFFFFFFFFFFFFFFFFFFFFF9B
:10057000FFFFFFFFFFFFFFFFFFFFFFFFFFFFFFFF8B
:10058000FFFFFFFFFFFFFFFFFFFFFFFFFFFFFFFF7B
:10059000FFFFFFFFFFFFFFFFFFFFFFFFFFFFFFFF6B
:1005A000FFFFFFFFFFFFFFFFFFFFFFFFFFFFFFFF5B
:1005B000FFFFFFFFFFFFFFFFFFFFFFFFFFFFFFFF4B
:1005C000FFFFFFFFFFFFFFFFFFFFFFFFFFFFFFFF3B
:1005D000FFFFFFFFFFFFFFFFFFFFFFFFFFFFFFFF2B
:1005E000FFFFFFFFFFFFFFFFFFFFFFFFFFFFFFFF1B
:1005F000FFFFFFFFFFFFFFFFFFFFFFFFFFFFFFFF0B
:10060000FFFFFFFFFFFFFFFFFFFFFFFFFFFFFFFFFA
:10061000FFFFFFFFFFFFFFFFFFFFFFFFFFFFFFFFEA
:10062000FFFFFFFFFFFFFFFFFFFFFFFFFFFFFFFFDA
:10063000FFFFFFFFFFFFFFFFFFFFFFFFFFFFFFFFCA
:10064000FFFFFFFFFFFFFFFFFFFFFFFFFFFFFFFFBA
:10065000FFFFFFFFFFFFFFFFFFFFFFFFFFFFFFFFAA
:10066000FFFFFFFFFFFFFFFFFFFFFFFFFFFFFFFF9A
:10067000FFFFFFFFFFFFFFFFFFFFFFFFFFFFFFFF8A
:10068000FFFFFFFFFFFFFFFFFFFFFFFFFFFFFFFF7A
:10069000FFFFFFFFFFFFFFFFFFFFFFFFFFFFFFFF6A
:1006A000FFFFFFFFFFFFFFFFFFFFFFFFFFFFFFFF5A
:1006B000FFFFFFFFFFFFFFFFFFFFFFFFFFFFFFFF4A
:1006C000FFFFFFFFFFFFFFFFFFFFFFFFFFFFFFFF3A
:1006D000FFFFFFFFFFFFFFFFFFFFFFFFFFFFFFFF2A
:1006E000FFFFFFFFFFFFFFFFFFFFFFFFFFFFFFFF1A
:1006F000FFFFFFFFFFFFFFFFFFFFFFFFFFFFFFFF0A
:10070000FFFFFFFFFFFFFFFFFFFFFFFFFFFFFFFFF9
:10071000FFFFFFFFFFFFFFFFFFFFFFFFFFFFFFFFE9
:10072000FFFFFFFFFFFFFFFFFFFFFFFFFFFFFFFFD9
:10073000FFFFFFFFFFFFFFFFFFFFFFFFFFFFFFFFC9
:10074000FFFFFFFFFFFFFFFFFFFFFFFFFFFFFFFFB9
:10075000FFFFFFFFFFFFFFFFFFFFFFFFFFFFFFFFA9
:10076000FFFFFFFFFFFFFFFFFFFFFFFFFFFFFFFF99
:10077000FFFFFFFFFFFFFFFFFFFFFFFFFFFFFFFF89
:10078000FFFFFFFFFFFFFFFFFFFFFFFFFFFFFFFF79
:10079000FFFFFFFFFFFFFFFFFFFFFFFFFFFFFFFF69
:1007A000FFFFFFFFFFFFFFFFFFFFFFFFFFFFFFFF59
:1007B000FFFFFFFFFFFFFFFFFFFFFFFFFFFFFFFF49
:1007C000FFFFFFFFFFFFFFFFFFFFFFFFFFFFFFFF39
:1007D000FFFFFFFFFFFFFFFFFFFFFFFFFFFFFFFF29
:1007E000FFFFFFFFFFFFFFFFFFFFFFFFFFFFFFFF19
:1007F000FFFFFFFFFFFFFFFFFFFFFFFFFFFFFFFF09
:10080000FFFFFFFFFFFFFFFFFFFFFFFFFFFFFFFFF8
:10081000FFFFFFFFFFFFFFFFFFFFFFFFFFFFFFFFE8
:10082000FFFFFFFFFFFFFFFFFFFFFFFFFFFFFFFFD8
:10083000FFFFFFFFFFFFFFFFFFFFFFFFFFFFFFFFC8
:10084000FFFFFFFFFFFFFFFFFFFFFFFFFFFFFFFFB8
:10085000FFFFFFFFFFFFFFFFFFFFFFFFFFFFFFFFA8
:10086000FFFFFFFFFFFFFFFFFFFFFFFFFFFFFFFF98
:10087000FFFFFFFFFFFFFFFFFFFFFFFFFFFFFFFF88
:10088000FFFFFFFFFFFFFFFFFFFFFFFFFFFFFFFF78
:10089000FFFFFFFFFFFFFFFFFFFFFFFFFFFFFFFF68
:1008A000FFFFFFFFFFFFFFFFFFFFFFFFFFFFFFFF58
:1008B000FFFFFFFFFFFFFFFFFFFFFFFFFFFFFFFF48
:1008C000FFFFFFFFFFFFFFFFFFFFFFFFFFFFFFFF38
:1008D000FFFFFFFFFFFFFFFFFFFFFFFFFFFFFFFF28
:1008E000FFFFFFFFFFFFFFFFFFFFFFFFFFFFFFFF18
:1008F000FFFFFFFFFFFFFFFFFFFFFFFFFFFFFFFF08
:10090000FFFFFFFFFFFFFFFFFFFFFFFFFFFFFFFFF7
:10091000FFFFFFFFFFFFFFFFFFFFFFFFFFFFFFFFE7
:10092000FFFFFFFFFFFFFFFFFFFFFFFFFFFFFFFFD7
:10093000FFFFFFFFFFFFFFFFFFFFFFFFFFFFFFFFC7
:10094000FFFFFFFFFFFFFFFFFFFFFFFFFFFFFFFFB7
:10095000FFFFFFFFFFFFFFFFFFFFFFFFFFFFFFFFA7
:10096000FFFFFFFFFFFFFFFFFFFFFFFFFFFFFFFF97
:10097000FFFFFFFFFFFFFFFFFFFFFFFFFFFFFFFF87
:10098000FFFFFFFFFFFFFFFFFFFFFFFFFFFFFFFF77
:10099000FFFFFFFFFFFFFFFFFFFFFFFFFFFFFFFF67
:1009A000FFFFFFFFFFFFFFFFFFFFFFFFFFFFFFFF57
:1009B000FFFFFFFFFFFFFFFFFFFFFFFFFFFFFFFF47
:1009C000FFFFFFFFFFFFFFFFFFFFFFFFFFFFFFFF37
:1009D000FFFFFFFFFFFFFFFFFFFFFFFFFFFFFFFF27
:1009E000FFFFFFFFFFFFFFFFFFFFFFFFFFFFFFFF17
:1009F000FFFFFFFFFFFFFFFFFFFFFFFFFFFFFFFF07
:100A0000FFFFFFFFFFFFFFFFFFFFFFFFFFFFFFFFF6
:100A1000FFFFFFFFFFFFFFFFFFFFFFFFFFFFFFFFE6
:100A2000FFFFFFFFFFFFFFFFFFFFFFFFFFFFFFFFD6
:100A3000FFFFFFFFFFFFFFFFFFFFFFFFFFFFFFFFC6
:100A4000FFFFFFFFFFFFFFFFFFFFFFFFFFFFFFFFB6
:100A5000FFFFFFFFFFFFFFFFFFFFFFFFFFFFFFFFA6
:100A6000FFFFFFFFFFFFFFFFFFFFFFFFFFFFFFFF96
:100A7000FFFFFFFFFFFFFFFFFFFFFFFFFFFFFFFF86
:100A8000FFFFFFFFFFFFFFFFFFFFFFFFFFFFFFFF76
:100A9000FFFFFFFFFFFFFFFFFFFFFFFFFFFFFFFF66
:100AA000FFFFFFFFFFFFFFFFFFFFFFFFFFFFFFFF56
:100AB000FFFFFFFFFFFFFFFFFFFFFFFFFFFFFFFF46
:100AC000FFFFFFFFFFFFFFFFFFFFFFFFFFFFFFFF36
:100AD000FFFFFFFFFFFFFFFFFFFFFFFFFFFFFFFF26
:100AE000FFFFFFFFFFFFFFFFFFFFFFFFFFFFFFFF16
:100AF000FFFFFFFFFFFFFFFFFFFFFFFFFFFFFFFF06
:100B0000FFFFFFFFFFFFFFFFFFFFFFFFFFFFFFFFF5
:100B1000FFFFFFFFFFFFFFFFFFFFFFFFFFFFFFFFE5
:100B2000FFFFFFFFFFFFFFFFFFFFFFFFFFFFFFFFD5
:100B3000FFFFFFFFFFFFFFFFFFFFFFFFFFFFFFFFC5
:100B4000FFFFFFFFFFFFFFFFFFFFFFFFFFFFFFFFB5
:100B5000FFFFFFFFFFFFFFFFFFFFFFFFFFFFFFFFA5
:100B6000FFFFFFFFFFFFFFFFFFFFFFFFFFFFFFFF95
:100B7000FFFFFFFFFFFFFFFFFFFFFFFFFFFFFFFF85
:100B8000FFFFFFFFFFFFFFFFFFFFFFFFFFFFFFFF75
:100B9000FFFFFFFFFFFFFFFFFFFFFFFFFFFFFFFF65
:100BA000FFFFFFFFFFFFFFFFFFFFFFFFFFFFFFFF55
:100BB000FFFFFFFFFFFFFFFFFFFFFFFFFFFFFFFF45
:100BC000FFFFFFFFFFFFFFFFFFFFFFFFFFFFFFFF35
:100BD000FFFFFFFFFFFFFFFFFFFFFFFFFFFFFFFF25
:100BE000FFFFFFFFFFFFFFFFFFFFFFFFFFFFFFFF15
:100BF000FFFFFFFFFFFFFFFFFFFFFFFFFFFFFFFF05
:100C0000FFFFFFFFFFFFFFFFFFFFFFFFFFFFFFFFF4
:100C1000FFFFFFFFFFFFFFFFFFFFFFFFFFFFFFFFE4
:100C2000FFFFFFFFFFFFFFFFFFFFFFFFFFFFFFFFD4
:100C3000FFFFFFFFFFFFFFFFFFFFFFFFFFFFFFFFC4
:100C4000FFFFFFFFFFFFFFFFFFFFFFFFFFFFFFFFB4
:100C5000FFFFFFFFFFFFFFFFFFFFFFFFFFFFFFFFA4
:100C6000FFFFFFFFFFFFFFFFFFFFFFFFFFFFFFFF94
:100C7000FFFFFFFFFFFFFFFFFFFFFFFFFFFFFFFF84
:100C8000FFFFFFFFFFFFFFFFFFFFFFFFFFFFFFFF74
:100C9000FFFFFFFFFFFFFFFFFFFFFFFFFFFFFFFF64
:100CA000FFFFFFFFFFFFFFFFFFFFFFFFFFFFFFFF54
:100CB000FFFFFFFFFFFFFFFFFFFFFFFFFFFFFFFF44
:100CC000FFFFFFFFFFFFFFFFFFFFFFFFFFFFFFFF34
:100CD000FFFFFFFFFFFFFFFFFFFFFFFFFFFFFFFF24
:100CE000FFFFFFFFFFFFFFFFFFFFFFFFFFFFFFFF14
:100CF000FFFFFFFFFFFFFFFFFFFFFFFFFFFFFFFF04
:100D0000FFFFFFFFFFFFFFFFFFFFFFFFFFFFFFFFF3
:100D1000FFFFFFFFFFFFFFFFFFFFFFFFFFFFFFFFE3
:100D2000FFFFFFFFFFFFFFFFFFFFFFFFFFFFFFFFD3
:100D3000FFFFFFFFFFFFFFFFFFFFFFFFFFFFFFFFC3
:100D4000FFFFFFFFFFFFFFFFFFFFFFFFFFFFFFFFB3
:100D5000FFFFFFFFFFFFFFFFFFFFFFFFFFFFFFFFA3
:100D6000FFFFFFFFFFFFFFFFFFFFFFFFFFFFFFFF93
:100D7000FFFFFFFFFFFFFFFFFFFFFFFFFFFFFFFF83
:100D8000FFFFFFFFFFFFFFFFFFFFFFFFFFFFFFFF73
:100D9000FFFFFFFFFFFFFFFFFFFFFFFFFFFFFFFF63
:100DA000FFFFFFFFFFFFFFFFFFFFFFFFFFFFFFFF53
:100DB000FFFFFFFFFFFFFFFFFFFFFFFFFFFFFFFF43
:100DC000FFFFFFFFFFFFFFFFFFFFFFFFFFFFFFFF33
:100DD000FFFFFFFFFFFFFFFFFFFFFFFFFFFFFFFF23
:100DE000FFFFFFFFFFFFFFFFFFFFFFFFFFFFFFFF13
:100DF000FFFFFFFFFFFFFFFFFFFFFFFFFFFFFFFF03
:100E0000FFFFFFFFFFFFFFFFFFFFFFFFFFFFFFFFF2
:100E1000FFFFFFFFFFFFFFFFFFFFFFFFFFFFFFFFE2
:100E2000FFFFFFFFFFFFFFFFFFFFFFFFFFFFFFFFD2
:100E3000FFFFFFFFFFFFFFFFFFFFFFFFFFFFFFFFC2
:100E4000FFFFFFFFFFFFFFFFFFFFFFFFFFFFFFFFB2
:100E5000FFFFFFFFFFFFFFFFFFFFFFFFFFFFFFFFA2
:100E6000FFFFFFFFFFFFFFFFFFFFFFFFFFFFFFFF92
:100E7000FFFFFFFFFFFFFFFFFFFFFFFFFFFFFFFF82
:100E8000FFFFFFFFFFFFFFFFFFFFFFFFFFFFFFFF72
:100E9000FFFFFFFFFFFFFFFFFFFFFFFFFFFFFFFF62
:100EA000FFFFFFFFFFFFFFFFFFFFFFFFFFFFFFFF52
:100EB000FFFFFFFFFFFFFFFFFFFFFFFFFFFFFFFF42
:100EC000FFFFFFFFFFFFFFFFFFFFFFFFFFFFFFFF32
:100ED000FFFFFFFFFFFFFFFFFFFFFFFFFFFFFFFF22
:100EE000FFFFFFFFFFFFFFFFFFFFFFFFFFFFFFFF12
:100EF000FFFFFFFFFFFFFFFFFFFFFFFFFFFFFFFF02
:100F0000FFFFFFFFFFFFFFFFFFFFFFFFFFFFFFFFF1
:100F1000FFFFFFFFFFFFFFFFFFFFFFFFFFFFFFFFE1
:100F2000FFFFFFFFFFFFFFFFFFFFFFFFFFFFFFFFD1
:100F3000FFFFFFFFFFFFFFFFFFFFFFFFFFFFFFFFC1
:100F4000FFFFFFFFFFFFFFFFFFFFFFFFFFFFFFFFB1
:100F5000FFFFFFFFFFFFFFFFFFFFFFFFFFFFFFFFA1
:100F6000FFFFFFFFFFFFFFFFFFFFFFFFFFFFFFFF91
:100F7000FFFFFFFFFFFFFFFFFFFFFFFFFFFFFFFF81
:100F8000FFFFFFFFFFFFFFFFFFFFFFFFFFFFFFFF71
:100F9000FFFFFFFFFFFFFFFFFFFFFFFFFFFFFFFF61
:100FA000FFFFFFFFFFFFFFFFFFFFFFFFFFFFFFFF51
:100FB000FFFFFFFFFFFFFFFFFFFFFFFFFFFFFFFF41
:100FC000FFFFFFFFFFFFFFFFFFFFFFFFFFFFFFFF31
:100FD000FFFFFFFFFFFFFFFFFFFFFFFFFFFFFFFF21
:100FE000FFFFFFFFFFFFFFFFFFFFFFFFFFFFFFFF11
:100FF000FFFFFFFFFFFFFFFFFFFFFFFFFFFFFFFF01
:10100000D1002043491600600000000000000000ED
:10101000201000600010006000D0006000000000A0
:101020000000006000DC000000000000FFFFFFFF88
:10103000FFFFFFFFFFFFFFFFFFFFFFFFFFFFFFFFC0
:10104000FFFFFFFFFFFFFFFFFFFFFFFFFFFFFFFFB0
:10105000FFFFFFFFFFFFFFFFFFFFFFFFFFFFFFFFA0
:10106000FFFFFFFFFFFFFFFFFFFFFFFFFFFFFFFF90
:10107000FFFFFFFFFFFFFFFFFFFFFFFFFFFFFFFF80
:10108000FFFFFFFFFFFFFFFFFFFFFFFFFFFFFFFF70
:10109000FFFFFFFFFFFFFFFFFFFFFFFFFFFFFFFF60
:1010A000FFFFFFFFFFFFFFFFFFFFFFFFFFFFFFFF50
:1010B000FFFFFFFFFFFFFFFFFFFFFFFFFFFFFFFF40
:1010C000FFFFFFFFFFFFFFFFFFFFFFFFFFFFFFFF30
:1010D000FFFFFFFFFFFFFFFFFFFFFFFFFFFFFFFF20
:1010E000FFFFFFFFFFFFFFFFFFFFFFFFFFFFFFFF10
:1010F000FFFFFFFFFFFFFFFFFFFFFFFFFFFFFFFF00
:10110000FFFFFFFFFFFFFFFFFFFFFFFFFFFFFFFFEF
:10111000FFFFFFFFFFFFFFFFFFFFFFFFFFFFFFFFDF
:10112000FFFFFFFFFFFFFFFFFFFFFFFFFFFFFFFFCF
:10113000FFFFFFFFFFFFFFFFFFFFFFFFFFFFFFFFBF
:10114000FFFFFFFFFFFFFFFFFFFFFFFFFFFFFFFFAF
:10115000FFFFFFFFFFFFFFFFFFFFFFFFFFFFFFFF9F
:10116000FFFFFFFFFFFFFFFFFFFFFFFFFFFFFFFF8F
:10117000FFFFFFFFFFFFFFFFFFFFFFFFFFFFFFFF7F
:10118000FFFFFFFFFFFFFFFFFFFFFFFFFFFFFFFF6F
:10119000FFFFFFFFFFFFFFFFFFFFFFFFFFFFFFFF5F
:1011A000FFFFFFFFFFFFFFFFFFFFFFFFFFFFFFFF4F
:1011B000FFFFFFFFFFFFFFFFFFFFFFFFFFFFFFFF3F
:1011C000FFFFFFFFFFFFFFFFFFFFFFFFFFFFFFFF2F
:1011D000FFFFFFFFFFFFFFFFFFFFFFFFFFFFFFFF1F
:1011E000FFFFFFFFFFFFFFFFFFFFFFFFFFFFFFFF0F
:1011F000FFFFFFFFFFFFFFFFFFFFFFFFFFFFFFFFFF
:10120000FFFFFFFFFFFFFFFFFFFFFFFFFFFFFFFFEE
:10121000FFFFFFFFFFFFFFFFFFFFFFFFFFFFFFFFDE
:10122000FFFFFFFFFFFFFFFFFFFFFFFFFFFFFFFFCE
:10123000FFFFFFFFFFFFFFFFFFFFFFFFFFFFFFFFBE
:10124000FFFFFFFFFFFFFFFFFFFFFFFFFFFFFFFFAE
:10125000FFFFFFFFFFFFFFFFFFFFFFFFFFFFFFFF9E
:10126000FFFFFFFFFFFFFFFFFFFFFFFFFFFFFFFF8E
:10127000FFFFFFFFFFFFFFFFFFFFFFFFFFFFFFFF7E
:10128000FFFFFFFFFFFFFFFFFFFFFFFFFFFFFFFF6E
:10129000FFFFFFFFFFFFFFFFFFFFFFFFFFFFFFFF5E
:1012A000FFFFFFFFFFFFFFFFFFFFFFFFFFFFFFFF4E
:1012B000FFFFFFFFFFFFFFFFFFFFFFFFFFFFFFFF3E
:1012C000FFFFFFFFFFFFFFFFFFFFFFFFFFFFFFFF2E
:1012D000FFFFFFFFFFFFFFFFFFFFFFFFFFFFFFFF1E
:1012E000FFFFFFFFFFFFFFFFFFFFFFFFFFFFFFFF0E
:1012F000FFFFFFFFFFFFFFFFFFFFFFFFFFFFFFFFFE
:10130000FFFFFFFFFFFFFFFFFFFFFFFFFFFFFFFFED
:10131000FFFFFFFFFFFFFFFFFFFFFFFFFFFFFFFFDD
:10132000FFFFFFFFFFFFFFFFFFFFFFFFFFFFFFFFCD
:10133000FFFFFFFFFFFFFFFFFFFFFFFFFFFFFFFFBD
:10134000FFFFFFFFFFFFFFFFFFFFFFFFFFFFFFFFAD
:10135000FFFFFFFFFFFFFFFFFFFFFFFFFFFFFFFF9D
:10136000FFFFFFFFFFFFFFFFFFFFFFFFFFFFFFFF8D
:10137000FFFFFFFFFFFFFFFFFFFFFFFFFFFFFFFF7D
:10138000FFFFFFFFFFFFFFFFFFFFFFFFFFFFFFFF6D
:10139000FFFFFFFFFFFFFFFFFFFFFFFFFFFFFFFF5D
:1013A000FFFFFFFFFFFFFFFFFFFFFFFFFFFFFFFF4D
:1013B000FFFFFFFFFFFFFFFFFFFFFFFFFFFFFFFF3D
:1013C000FFFFFFFFFFFFFFFFFFFFFFFFFFFFFFFF2D
:1013D000FFFFFFFFFFFFFFFFFFFFFFFFFFFFFFFF1D
:1013E000FFFFFFFFFFFFFFFFFFFFFFFFFFFFFFFF0D
:1013F000FFFFFFFFFFFFFFFFFFFFFFFFFFFFFFFFFD
:10140000814205D051F8043B40F8043B8242F9D8B0
:10141000704700BF044A05494FF0000342F8043BFF
:101420009142FBD8704700BFC01600204044002006
:101430002DE98848BFF34F8F00BF00BF00BF00BF3A
:1014400000F040F9674B0822C3F8542100BF00BFE9
:1014500000BF00BF00BF00BF00BF00BF00BF00BF94
:1014600000BF00BF00BF00BF00BF00BF5E4A5F49B2
:101470005F48FFF7C5FF5F4A5F496048FFF7C0FF5D
:101480005F4CFFF7C7FF4FF470004FF0E0210023DF
:101490005C4AC1F8880D44F823200133B02BFAD1FF
:1014A000594B8021594A03F8011B9342FBD14FF05D
:1014B000E0254C4E4FF08039DFF880B1DFF880A195
:1014C0004FF0FF31C5F8084D0027C6F80491C6F863
:1014D00000B1C6F8F490C6F8F0A0D5F8243DDFF8C6
:1014E000648143F4E0234A4AC5F8243DD8F81C300F
:1014F00023F07F0343F04003C8F81C30D8F82430B1
:1015000023F07F0343F04003C8F824309166D1668E
:101510001167516700F0DEF83E4B3F49A3633F4B34
:10152000E36363236B610323AF612B613C4BC5F81D
:10153000203DD5F8FC3D43F08073C5F8FC3D394BA8
:101540001A6842F001021A605B680B6000F04AF909
:10155000C6F804913448C6F800B1C6F8F490C6F84D
:10156000F0A000F0B5FAD8F86C10304B304A41F4D6
:101570004051C8F86C101F60C3F80871C3F81871A7
:10158000C3F82871C3F83871936BDB0708D442F6AF
:101590001563284951651365936B43F00103936309
:1015A000234A254C936843F00113936000F060F8E0
:1015B00000F086FA00F044F900F086F82368132B57
:1015C000FCD900F0D5F92368B3F5967FFBD300F082
:1015D0007FF800F07BF800F077FA00F06DFA30BF8A
:1015E000FDE700BF00800D40809B0000001C0060F4
:1015F00000000000C016002084B70060000000203A
:1016000000140020C520000000E400E0A0E400E099
:1016100000C00A40ED340000DC430020F13400003B
:1016200000002020001000E00046C32300400840D6
:1016300000400D400000C056E04300201B10182061
:101640000C0D111300C00F40054B4FF42A01054A41
:1016500005485A641864054A99639546FFF7E8FE01
:1016600000C00A40AFAAAAAA070020000000072075
:10167000104BA020104AD96E41F4403110B4D96605
:1016800040F23764D96E41F44071D9665464906475
:10169000936C1B06FCD4094A40F23761A0235164C5
:1016A0009364936C13F08003FBD1054A13705DF8CB
:1016B000044B704700C00F4000400C4000800C40BD
:1016C00007440020704700BF704700BF704700BF4D
:1016D00000BF704710B44FF0E023002110243148C0
:1016E000C3F8941DC3F89C4D1124C3F8A00D2E48D7
:1016F000C3F89C4D1224C3F8A00D2C48C3F89C4D90
:101700002B4AC3F8A00D2B4C42F015022A48C3F80F
:101710009C4DC3F8A00D294C2948C3F89C4DC3F833
:10172000A00D284CC3F89C2D2748284AC3F8A04D8B
:10173000C3F89C0DC3F8A02D02F5A022244C0C3256
:101740002448C3F89C4DC3F8A02D234AC3F89C0D30
:10175000224CC3F8A02D02F14062C3F89C4D2048F2
:10176000C3F8A02D0C32C3F89C0DC3F8A02D00BF08
:1017700000BF00BF00BF00BF0122C3F8942DBFF31C
:101780004F8FBFF36F8FC3F8501FBFF34F8FBFF35F
:101790006F8FD3F8142D5DF8044B42F44032C3F838
:1017A000142D70473F0000102500080709001000A5
:1017B00040440020130020002100020714000020F4
:1017C00025000813090000101600202027000B1325
:1017D00017000040180000602F000B071900007070
:1017E0001A000080F0B4154A40274FF480314FF4BE
:1017F00080564FF400554FF4404443F242001369C1
:1018000013F0020F0ED113F4005F0FD013F4805FBA
:101810000ED0002BF3DA13F4803F0BD15B060BD50F
:10182000F0BC7047946151619061E8E75561E6E76B
:101830005661E4E79161E2E75761E0E700800D401F
:101840003F4A03203F49F3EE095AD2F880304FF067
:10185000000C9FED3D6A23F001039FED3C5A30B42C
:10186000C2F88030C2F89000D1F8E010384DCBB209
:10187000384C39482B6007EE903A0B0DC1F30B2121
:10188000F8EEE77A06EE903A07EE101A334BB8EE10
:10189000C77A2160F8EEE66A314937EEC66A37EE5C
:1018A000C55A76EEC76A77EEE57A26EE266AC3ED6C
:1018B000006A25EE265AD2F8803067EEA64AC0EDBF
:1018C000007AC6EE275A274885EE276AC4EEA76A33
:1018D00075EE875AFCEEE55A36EE076A15EE904A29
:1018E000BCEEC66A43EA045376EE877AC2F88030CB
:1018F00016EE103AD2F89041FCEEE77A01EA034185
:10190000214317EE903AC2F89011C3F30B03D2F8BB
:1019100090110B431449C2F89031D2F8803043F053
:101920000203C2F88030114B80F840C0C1F840314A
:101930004FF0E023012230BCC3F80821704700BFFC
:1019400000810D4000441F400000AA420000B44244
:10195000CC430020C8430020D0430020D4430020C3
:101960000000FF0F00E400E000140020AD220000A2
:10197000314B40F6617210B5C3F8202140F20444A7
:1019800000F0AEF82D4A2E49D2F880302D4843F0B1
:101990000303C2F880302C4BC1F8604102681A4240
:1019A00003D1D1F8A8319A071BD0254A4FF0004146
:1019B000244B5963D2F8403143F00203C2F840315E
:1019C000D2F840319B07FBD44FF400304FF0E021B8
:1019D0001C4B4FF00042C1F88C0219209A6300F0B2
:1019E00083F8184A4FF08040154C002190630A207C
:1019F000164B11604FF42072C4F8A801184600F08D
:101A00006BF84FF4800203464FF4810040F243111B
:101A10001860C4F858311A640D4B0E4AC4F84811C6
:101A2000C3F804224FF0E0224FF400310123C2F842
:101A30000C11C4F8403110BD00800D4000C00F40B3
:101A400000002E4000900D40001C1E0000000020F1
:101A5000001400209524000008B50E4B1B6E9B0758
:101A600000D4FBBE72B60C4B00200C4AC3F84001F8
:101A700003F160430A49A3F55F2311649D46BFF358
:101A80004F8F4FF400130748074ADB6902609B68D9
:101A9000984700BF00441F4000002E4000C00A408D
:101AA0000300200000802020000012EBF8B500BFEA
:101AB000F8BC08BC9E4670475FF800F01D1F000090
:101AC0005FF800F07D3800005FF800F05D4800002E
:101AD0005FF800F0113500005FF800F0714600007B
:101AE0005FF800F0052C00005FF800F0E11D000039
:081AF00045000000D91B0000B5
:101AF8001603550053004200200053006500720091
:101B0800690061006C00000018035400650065005E
:101B18006E00730079006400750069006E006F0044
:101B28000403090409026200030100C032080B0023
:101B3800020202010009040000010202010005245A
:101B480000100105240101010424020605240600F1
:101B5800010705820310001009040100020A0000B1
:101B68000007050302400000070584024000000941
:101B780004020002FF6AFF00070581024000010716
:101B8800050102400001000009026200030100C0D3
:101B980032080B00020202010009040000010202DF
:101BA8000100052400100105240101010424020696
:101BB8000524060001070582031000050904010039
:101BC800020A00000007050302000200070584025C
:101BD8000002000904020002FF6AC700070581022B
:101BE8000002010705010200020100000A060002C6
:081BF800EF02014001000000B2
:101C000000000000000000000000000000000000D4
:101C100000000000000000000000000000000000C4
:101C20000548064B1B1AD90F01EBA301491002D03E
:101C3000034B03B118477047C0160020C0160020A0
:101C40000000000008B5054B1BB105490548AFF37E
:101C50000080BDE80840FFF7E3BF00BF00000000C0
:101C60007843002000DC006000207047034B1868B8
:101C700010B103681B681847704700BF9C1800200C
:101C80002DE9F04100F5005090B0574C9646574B67
:101C90000094C0F810191B6A5548C3F30123046867
:101CA000403304F080746B4413F8406C514B03FBD9
:101CB00006F60368B6FBF1F2B6FBF2F543F0A0437B
:101CC0004D1B03600368DF01FCD5052A4FF0000CB3
:101CD0002AD96046831C0130B2FBF3F7192F07FBAA
:101CE00003F3F7D84FF00108B6FBF3F3CB1A002B40
:101CF000B8BF5B42AB420BDBA7F10C0318BF4FF040
:101D00000008062B0AD8B8F1000F07D08446E1E797
:101D10001D46A7F10C038446062BF4D9052FD9D80C
:101D20000CF10103B2FBF3F2B5F5967FA2F10502C7
:101D30004CDC142A4AD802EB42022F4F6E46DFF8E1
:101D4000B08002F14003BEF1020F0DEB03050FCF8F
:101D50000FC60FCF0FC60FCF0FC697E80F0007C6ED
:101D600026F8023B4FEA1343337015F83F3C15F851
:101D70003E2C4FEAC34315F8401C4FEA024203F4DD
:101D8000601301F0070102F4E02243EA020343EA90
:101D9000010343F4800343EA0C6343F48043C8F82F
:101DA0000430D8F8043014BF23F0080343F00803CC
:101DB000C8F804303CB90E4A136823F0805313600E
:101DC0001368DB01FCD410B0BDE8F081002CFAD11F
:101DD000074A136823F0805313601368D901FCD4B9
:101DE00010B0BDE8F08100BF3C18500000C00F40AB
:101DF00000001D4040420F007003002008B58368BA
:101E000003B19847044AD3889BB243F48043D380FC
:101E1000BFF34F8F08BD00BF00800B4008B583683B
:101E200003B19847034A137803F0F7031370BFF325
:101E30004F8F08BD00400B400020704700207047C6
:101E40000820704710490B68486B0A68496B02F01C
:101E50007F02C1F3036101320431B2EB410F10D3B1
:101E600003F07F03C0F30360053B0130A3EB4003A5
:101E7000DBB2054A106800F07F000130C01AC0B222
:101E800070470023F5E700BF00001D40036823B939
:101E9000C37913B9C37A022B00D07047037B812B1F
:101EA000FBD1064A437B12789A4201D0002BF4D131
:101EB0004FF0E023024AC3F80C2DFEE7A6110020E4
:101EC0000400FA050B4B186888B103680A4A1B68BE
:101ED00093420DD1836810B503B19847074AD38860
:101EE0009BB243F48043D380BFF34F8F10BD704744
:101EF000184700BFA0180020FD01000000800B4023
:101F0000634A2DE9F0411468136804F0807443F0CB
:101F1000A04313601368DD01FCD511680023DFF8CE
:101F200078C121F000515B4F594E11601946536240
:101F30009362126803EB0C02DD1901331201AD004C
:101F4000D160DBB29160516011602960326802F0AB
:101F50007F0201329342EDD3B1643161F26A336B97
:101F6000F26233633368002849D1DFF82C810546DB
:101F7000474E484F19E0336803F07F030133B0EB5D
:101F8000930F34BF4FF080634FF08C631360736B1B
:101F9000C3F300439B070B603368013503F07F03F5
:101FA000EDB2013328469D421ED2336805EB08028C
:101FB000E91903F07F03120189000133B0EB530FDD
:101FC000D9D34FF00063136033689A0003D5FFF74D
:101FD00039FFA842E0D801231F2D03FA05F34CD89E
:101FE000B26A1343B362D7E73CB9294A136823F0B6
:101FF000805313601368DB01FCD4BDE8F08143F02B
:1020000000533360356815F000553ED0FFF71AFFD6
:102010003368054603F07F0301338342E4D91E4F42
:102020004FF00066DFF868800DE0D8F828201343F1
:10203000C8F82830D8F80030013503F07F03EDB23E
:1020400001339D42D0D2EB191B011E60D8F800303D
:10205000990003D5FFF7F6FE8542EBD301231F2D30
:1020600003FA05F3E1D9A5F120010123D8F82420D2
:102070008B401343C8F82430DCE7A5F1200101238D
:10208000726A8B401343736286E73368C7E700BF09
:1020900000001D402042071008D0010470B5584BC5
:1020A00082B05849002201930B6AC3F3012308331D
:1020B0006B4413F8043CC0E90122C0E90322002B61
:1020C00000F0858000F500554E4924204E4B012438
:1020D0004E4A0226C5F80C091220C3F8D0208A6E99
:1020E0004B4B42F470328A6641F2B00185F81549D3
:1020F000484A494CC3F81C01C3F80C13E664C3F802
:102100002001C3F81013136823F000431360136811
:1021100043F0A04313601368DC01FCD553683D49CC
:1021200043F008035360136843F0804313600B6867
:10213000D802FCD40B68374A43F000730B60136875
:102140009901FCD4334C2368DA01FCD523680020C4
:1021500043F400332360236843F48033236023680F
:1021600043F480532360236843F4005323602368BF
:1021700043F480032360236843F40023236023682F
:1021800023F408432360636B43F4E0236363236811
:1021900043F400132360236843F080632360FFF758
:1021A000AFFE23681B4A23F0805323601368DB01D2
:1021B000FCD4D5F80C290121184B03EB521302F083
:1021C0001F029B0001FA02F21A6002B070BD0B6A96
:1021D000134A23F47F7343F480730B621368002B5C
:1021E0003FF470AF0B4A00F500551C681846526862
:1021F000D5F81019C2F3C00263685200984763E72C
:102200003C18500000C00F40001400206D0000007A
:1022100000801F4000001D4000841F4040380038EF
:102220009C1800201F2910B422D8012318488B4085
:102230000363184B4FF00064D0790B441B011C6002
:10224000E8B1117A1068090520F0604041F4C0013E
:102250005860D0685DF8044B00BA9860106900BA05
:10226000D860D27A41EA024242F040621A60704776
:10227000A1F1200401230648A340C362D9E71468F2
:102280000548117A00EA844009055860E1E700BF7B
:1022900000001D4008D001040000FC1F3B4B1B6ADE
:1022A0002DE9F04113F0200E86B066D100F5805480
:1022B0000646B4F81E3B9BB2102B62D0B4F81C8BC0
:1022C0000D461A27086808F00F084968AA68EC4606
:1022D000EB6807FB0848ACE80F0028691822696919
:1022E00088F830EB41F6303EB4F81C3B03F00F03A6
:1022F00007FB034383F8312BB4F81C3B03F00F03B7
:10230000ACE8030007FB0366EC46B644BCE80F00EC
:10231000CEF80200CEF80610CEF80A20CEF80E3025
:10232000BCE80300CEF81200CEF81610B4F81C2B4F
:10233000B4F81A3B92B29BB283F010039A4206D1D2
:10234000B4F81A3B013303F01F03A4F81A3BB4F8A6
:102350001C3B013303F01F03A4F81C3BB4F81E3BE5
:102360009BB20F2B09D8B4F81E3B012003449BB24B
:10237000A4F81E3B06B0BDE8F081012006B0BDE820
:10238000F081704606B0BDE8F08100BF00001D403E
:102390008B7D70B50D4686B004463F4E002B3CD178
:1023A000336813F0005C25D0FFF74CFD336884469A
:1023B00003F07F03013398421ED23849364807E0C4
:1023C00003685FFA82FC03F07F0301339C4513D25C
:1023D0000CEB01030CF101021B011B68C3F3036347
:1023E000082BEDD120462A466146FFF71BFF01204E
:1023F00006B070BD3368E0E70FCDEC46FF26ACE8D1
:102400000F0095E803008CE80300694620468DF82C
:102410001460FFF743FF06B070BD306810F0005045
:1024200030D0FFF70FFD336803F07F0301338342A1
:1024300024D91A49184E05E0336803F07F030133AD
:1024400098421BD24318421C84461B01D0B21A6822
:102450001201F1D51B68C3F30363082B14D06E4639
:102460000FCD0FC695E8030086E8030069462046B5
:102470008DF814C0FFF712FF06B070BD084B4FF087
:10248000FF3CE7E73368D4E720462A465FFA8CF141
:10249000FFF7C8FE0120ABE700001D4008D0010493
:1024A00070001D402DE9F041214E94B00D4680464C
:1024B00092F800C0174601AC022D0FCE0FC496E86B
:1024C00003008DF810C0CDF804808DF80F5084E81B
:1024D000030002D17B788DF8113001A91548FFF770
:1024E00057FF2B46013D4246134907A803F0DEFD86
:1024F0007C1E07A8114E57FA85F503F0E1FF01464F
:1025000007A802F0E7FC14F8012F314607A803F0F2
:10251000CDFD07A803F0D4FF014607A802F0DAFCBE
:10252000AC42F0D1064801F0A3F914B0BDE8F08147
:10253000B0030020A4180020C8030020D803002006
:10254000A00B00202DE9F043A84D83B0A84C40F229
:10255000EE28A84FDFF8EC922E6802F039FD2378C0
:10256000002B00F00B813B78DB0740F107812B68E3
:10257000D9F800209B1A0E2B40F200811D219E48A5
:1025800002F0A8FC9D4801F073F99D489D49002484
:10259000036C9D4A43F400139C4E03644B6F9C48AC
:1025A00043F440334B670260946046F2A012994BAB
:1025B00099499A48C1F8B0014FF4A2611A8044F2D7
:1025C000040219804FF0E020DA8021461A8892B286
:1025D00042F06C021A801C814FF08053C0F8083121
:1025E000102001F063FA2146204601F05FFA012035
:1025F000214601F05BFA10232046337001F044FAC3
:1026000010B1337801333370012001F03DFA10B17D
:102610003378023333701020814C01F09DF98148EA
:10262000FFF73CFD002280497E48FFF729FB236825
:1026300043F0A04323602368D801FCD5002027681D
:10264000FFF75EFCE26A236BB900E2622363236852
:1026500023F07F032360236843F03F03236000F1EE
:10266000C0806F4C236823F0805323602368DA0115
:10267000FCD401206D4FFFF743FC6D4BC7F80437C6
:1026800023689B000AD5A36A980607D4A36A23F09F
:10269000FF03A362A36A43F02003A362604C236894
:1026A000990050D5636BD4F80080236843F0A043B1
:1026B00023602368DA01FCD5236813F4407FC3F359
:1026C00001222ED1C4F8E02023689B0005D5FFF736
:1026D000B9FB10B1574BC4F88038574B0022504912
:1026E0006FF040408864C3F8002ED3F8001E01F458
:1026F0007021C3F8001ED3F8001E41F08001C3F81A
:10270000001ED3F8001E41F00051C3F8001EC3F8AC
:10271000042EC3F8082EC3F80C2EC3F8102EC3F8ED
:10272000142E3F4C2368C3F30123012B00F08C804F
:1027300018F0807F07D13A4A136823F08053136062
:102740001368D901FCD4364B1B689B0024D5FFF7D6
:1027500079FB3F2820D93078002301AA012100F518
:10276000E0608DF80430FFF79DFE286833492A6841
:10277000334B08601A6003B0BDE8F0832B68227801
:102780009B1B32B1B3F5FA6F3FF6F8AE02F020FCB6
:10279000E3E64345FAD9F1E6214B5A6A22F00042BA
:1027A0005A620022D3F87014C3F87424C3F8782452
:1027B000C3F87C244FF00062C3F870245A6A42F0D8
:1027C00000425A624FF000429968DA62D3F87034DE
:1027D00013F4C00F14BF01230023DB06C7F8E8364B
:1027E000B9E70120FFF78CFB3BE700BFE043002087
:1027F0000F4400200E44002068090020A00B002098
:1028000000C00A4000C00F4090180020A611002010
:10281000A018002000800B4000140020C50200001A
:1028200000001D40A418002048E80100A438002042
:102830008D0200000100F8FFA42800208818002065
:102840008C180020F04300200023C4F8E0302368F7
:10285000980005D5FFF7F6FA10B1044BC4F880389C
:10286000034B6FF080229A6462E700BFF87FF87F25
:1028700000001D400B78632B10B5044682B0104653
:1028800013D003F51C6304EB83035B6813B101925F
:102890009847019804F50054D4F804381BB102B0ED
:1028A000BDE81040184702B010BD04F50054D4F83C
:1028B0000437002BF0D0019298470198ECE700BF55
:1028C0002DE9F04300F500578FB0044697F8003724
:1028D00013B9012387F80037238B9BB2002B57D104
:1028E000D7F80C2904F58056724B02F01F0103EB58
:1028F000521301229B008A401A60B6F81E3B9BB21D
:1029000083B3B6F81A3B1A2208AD0DF1080C03F098
:102910000F03AE4602FB034341F6323203EB0208DB
:102920009858D8F80410D8F80820D8F80C300FC5FB
:10293000D8F81000D8F8141003C5BEE80F00ACE8B2
:102940000F009EE803008CE803009DF91C104B1C4F
:1029500054D0594B0B441B011B68C3F30363082B72
:1029600000F08B80D7F80C29544B02F01F0103EBC9
:10297000521301229B008A4000211A60238BB6F873
:102980001E0B9BB280B240EA03300FB0BDE8F0836B
:10299000A68A1A23B4F814C008ADF6B20CF1010CE3
:1029A00003FB0646CCF3080CD6F81C01D6F8201120
:1029B000D6F82831D6F824210FC5D6F82C01D6F840
:1029C0003011A4F814C0238B9BB203C51BB1238B19
:1029D000013B9BB2238308AD02AE0FCD0FC695E835
:1029E000030002AA86E803009DF81C300DF10701E0
:1029F00020468DF80730FFF73DFF71E7DFF8C08014
:102A0000D8F8005015F0005550D0FFF71BFAD8F851
:102A10000030054603F07F0301338342A2D9DFF87B
:102A20009890DFF89C8008E0D8F80030013503F07A
:102A30007F03EDB201339D4294D205EB09031B01E4
:102A40001B68C3F30363082BEED102AA2946204674
:102A5000FFF7E8FBB6F81A3B013303F01F03A6F8B3
:102A60001A3BB6F81E3B9BB2002BDDD0B6F81E3BDE
:102A7000013B9BB2A6F81E3BD6E702AAC9B220468C
:102A8000FFF7D0FBB6F81A3B013303F01F03A6F89B
:102A90001A3BB6F81E3B9BB2002B3FF463AFB6F86F
:102AA0001E3B013B9BB2A6F81E3B5BE7D8F800300B
:102AB000B5E700BF6038003808D00104403800385E
:102AC00000001D400000000030B52B4883B0FFF728
:102AD000F7FE102000F0E8FEA0F18003274C07EE7F
:102AE000103A27482749B8EEC77B22689FED1E5B46
:102AF0009FED1F6B27EE057B27EE067BBCEEC77BA9
:102B000017EE103A9BB203800868121A092A07D8F8
:102B10001D4923680A689B1A632B0ED803B030BD89
:102B20001A4801AA256800780D60022100F5C070DE
:102B3000ADF80430FFF7B6FCEAE7144802F164038D
:102B4000052401AA00780B60012100F5E0608DF8F2
:102B50000440FFF7A7FC0E4B45F255514AF6AA2256
:102B600059805A8003B030BD529D26079997B23FD5
:102B70000000000000005940A4180020E04300209D
:102B8000FC4300208C18002088180020A61100208B
:102B900000800B4000F58053D3F8003EDB0069D580
:102BA000374B2DE9F04F5E6B4FF0000E41F6146984
:102BB00041F60467C6F3036641F60868F600083676
:102BC00009E013685B0F052B34D00EF1010E5FFA9C
:102BD0008EF39E4250D90EEB4E0500EBC50C0CF562
:102BE000F05213685B0F012B13680DD05B0F022BA3
:102BF000E7D15CF807308B42E7D85CF808308B42AD
:102C0000E3D30120BDE8F08F13F4607FDDD06D00C9
:102C1000002304E01468C4F3C21C6345D5D2013319
:102C200005EB030CDBB20CF5F06C50F82C408C4239
:102C3000F0D1E6E7136813F4607FC6D0CC446D0092
:102C4000012405E01368C3F3C21301339C42BCD2D4
:102C50002B19DCF800A0013403F5F0630AEA010A3D
:102C6000E4B250F82330DCF800B003EA0B039A45D5
:102C7000E8D1C6E7012070470020BDE8F08F00BF13
:102C800000001D402DE9F04F8C468DB00F460546E3
:102C90006C46064600F110084FF00109DFF814A158
:102CA000BCE80F000FC49CE8030084E8030056F85A
:102CB000044F5CB19DF91420A36809FA02F119428E
:102CC00056D02368D3F800B0D3454CD14645EED159
:102CD00005F5005393F80037002B5FD0EE8A4FF0D4
:102CE0001A0C386806AC7968F6B2BA68FB680CFB57
:102CF00006560FC4002338697969182286F81A31FC
:102D0000EB8A0DEB0206DBB20CFB035303C483F822
:102D10001B21EC8AE4B20FCE0CFB0454C4F81C0156
:102D2000C4F82011C4F82421C4F8283103CEC4F813
:102D30002C01C4F83011EA8AAB8A92B29BB283F4B8
:102D400080739A4224D0EB8A0133C3F30803EB82E9
:102D50002B8B9BB2FF2B03D82B8B01339BB22B8386
:102D60000DB0BDE8F08F9DF8153069462046D84774
:102D7000237C002BAAD02368D3F800B09DF815302F
:102D8000D345A3D020464FF0FF326946D8479DE790
:102D9000AB8A0133C3F30803AB82D4E73B7D3A46E9
:102DA00006A928468DF81830FFF764FD0DB0BDE880
:102DB000F08F00BF6900000001EB410170B500EB2E
:102DC000C10404F5045EDEF80030DB0028D5DEF82F
:102DD00000305B0F012B0BD0DEF800305B0F022BB5
:102DE00042D0DEF800305B0F052B1BD0002070BDF9
:102DF000DEF8004014F4607FF8D000234D0005E0B9
:102E0000DEF80010C1F3C21C6345EFD2013305EBBD
:102E1000030CDBB20CF5046C50F82C409442EFD15B
:102E2000012070BDDEF8005015F4607FDED042F264
:102E3000141549000123254407E0DEF80040C4F3DF
:102E4000C21C0CF1010C6345D0D22C6804EA020CC0
:102E5000CC18013304F50464DBB250F824402E682A
:102E60003440A445E9D1DBE742F20413E35893422E
:102E7000BCD842F20813E058904234BF0020012031
:102E800070BD00BF00F5005393F80137002B00F030
:102E9000DB80DFF86CC22DE9F04F0F4689B00546A4
:102EA0000E4602AC0FCF0FC497E8030084E803007E
:102EB000DCF800309B0052D5DCF8343000244FF0B1
:102EC0006309C3F3036A22464FEACA0A0AF1080AF1
:102ED0000CE05B0F022B3B6800F09A805B0F052B28
:102EE00000F0DD800134E2B2924538D996F9143011
:102EF000632B34D004EB440805EBC80B0BF5F057FB
:102F00003B6813F0604FEDD03B685B0F012B3B68D3
:102F1000DFD1C3F30043F2799A42E3D13B6813F463
:102F2000607FDFD04FEA480B002306E03A685FFA83
:102F300088F3C2F3C2129342D4D203F10108029A79
:102F40000BEB080303F5F06355F823309A42EDD1FB
:102F500002A928468DF81C90FFF794FEE6E70023AF
:102F6000674F8DF80E303C6814F000543FD0FEF7E8
:102F700069FF3B68044603F07F030133834233D982
:102F800042F2041742F20818DFF8749196F91430EF
:102F9000A34220D004EB440105EBC10202F5045A20
:102FA000DAF8003013F0604F15D0DAF80030F0791D
:102FB000C3F3C06398420ED1DAF800305B0F012BE7
:102FC000DAF8003041D05B0F022B12D0DAF8003073
:102FD0005B0F052B5BD0D9F80030013403F07F0381
:102FE000E4B201339C42D1D309B0BDE8F08F3B6815
:102FF000C6E7D159029B8B42EDD352F80820934289
:10300000E9D802A928468DF81C40FFF73BFEE2E70D
:10301000C3F30043F2799A427FF464AF41F604634C
:103020005BF80320029B9342FFF45CAF41F6086219
:103030005BF8022093423FF655AF02A928468DF86F
:103040001C90FFF71FFE4DE7704713F4607FC2D05E
:103050004A00002307E0DAF800105FFA8BF3C1F3AF
:10306000C2118B42B7D203F1010B029902EB0B03A1
:1030700003F5046355F823309942ECD102A92846A0
:1030800000928DF81C40FFF7FDFD009AE3E7029ADD
:1030900021462846FFF790FE00289CD0B1E73B6808
:1030A00013F4607F3FF41EAF41F6146301275B44C5
:1030B0000AE00BF5F05101370968FFB2C1F3C21104
:1030C00001318F42BFF40EAF07EB4801186801F5DC
:1030D000F06155F821E00299D3F800C008400EEAEB
:1030E0000C018842E5D102A9284601938DF80E20F3
:1030F00000928DF81C90FFF7C5FDDDE90023D8E7AD
:1031000000001D402DE9F04F934D9BB0934F08AC4C
:1031100005900FCD0FC495E8030084E803007E6A94
:10312000B96AD7F82C90386B3B68039113F40043CD
:10313000049003D13A68950000F11881049B43F094
:103140000103B9F1000F00F00281B9FA89F3834D50
:10315000C3F140032C68DFB214F00054029700F072
:103160009F82FEF76FFE2B68044603F07F03013356
:10317000984280F0C280874240F2BF80059B671C66
:10318000DFF8D8B103F50053FDB2019706931AE0BA
:10319000042A00F05881082A00F0E281DBF80030B0
:1031A0009DF8044003F07F03029A0133A24288BFD6
:1031B000AB4205F1010594BF01230023002B40F031
:1031C0009C80631C0193C4F12002039BA4F1200A9C
:1031D00006FA02F1E3400B4326FA0AF10B43DF073C
:1031E000DCD5049B09FA02F2E340134329FA0AF200
:1031F0001343D807D2D5DFF87081A0444FEA0818EE
:10320000D8F80030190EC3F3036201F00B01022954
:10321000BED1D8F8041003F4001021F0604100285A
:1032200012BF4FF0010C4FF0000C890C062A8DF8EC
:1032300027C0089102D101228DF82920ADF8243051
:10324000C3F303438DF8344000288DF82B30069BE0
:1032500093F815398DF83530D8F808308DF82F30BF
:10326000D8F808304FEA13238DF82E30D8F80830FC
:103270004FEA13438DF82D30D8F808304FEA136326
:103280008DF82C30D8F80C308DF83330D8F80C305D
:103290004FEA13238DF83230D8F80C304FEA13433D
:1032A0008DF83130D8F80C304FEA13638DF8303098
:1032B00014BF4FF08C634FF080631F2CC8F80030B0
:1032C000DBF808304FF0010331D8A34021460598C0
:1032D000CBF83030089AFFF76FFD002832D108A9EB
:1032E0000598FFF7CFFD08A8AFF3008008A8AFF35B
:1032F000008008A8AFF3008050E7184A1848116A08
:103300000268184B4A40134043B1059B03F58053B4
:10331000B3F8D42C92B20F2A40F2DB810F4A136A21
:103320000B431362BFF34F8F1BB0BDE8F08F03FA5E
:103330000AF321460598CBF82C30089AFFF73CFD9C
:103340000028CCD008A90598FFF79CFCC7E7B3FA82
:1033500083F32033FBE600BFB003002000001D40D4
:10336000E8410020BFFF070008D001048C067FF56C
:10337000E5AE81067FF5E2AED7F88020C94C02F4B5
:103380000011C2F30050ADF824200029C2F303411C
:103390004FEAD2528DF82B10D7F884108DF8280000
:1033A00018BF012021F0604108BF00208DF82620C1
:1033B0004FF0000208BF890C8DF827000CA8089177
:1033C000D4F88810D1400832202A00F8011DF7D126
:1033D0000DA9B448D0F88C20DA400833202B01F82E
:1033E000012DF7D1059A02F5005292F815298DF8B2
:1033F000352063228DF8342082680363049B5A06CB
:1034000001D540230363049B1B0602D5A54B8022F4
:103410001A63059C08A92046FFF734FD08A8AFF3FE
:10342000008008A8AFF3008008A8AFF300800899D7
:103430002046FFF7AFFB00283FF480AE08A90598AF
:10344000FFF720FC7AE603F40012002AD8F80420E3
:10345000ADF82430C3F303438DF8344022F06042CA
:103460008DF82B3018BF0121069B04BF920C002160
:1034700093F8153908928DF83530D8F80830059A48
:103480008DF82F30D8F808308DF827101B0A8DF8EA
:103490002E30D8F808301B0C8DF82D30D8F80830B5
:1034A0001B0E8DF82C30D8F80C308DF83330D8F84E
:1034B0000C301B0A8DF83230D8F80C301B0C8DF80C
:1034C000313004F6022352F82330D8F80C20120EC3
:1034D0008DF830200BB108A89847069BD3F808391F
:1034E0000BB108A89847059901F58052B2F81E3B28
:1034F00017469BB2002B00F0D780B2F81A3B1A2275
:103500000DF1500C03F00F03E04602FB031341F6EC
:1035100032320EA903EB020A98588E460791DAF868
:103520000820DAF80410DAF80C30ACE80F00DAF80A
:103530001000DAF81410ACE80300B8E80F00AEE8A9
:103540000F0098E803008EE803009DF94C30591CE9
:1035500000F023819C427FF421AE079AE1B21EE184
:1035600003F40012002AD8F80420ADF82430C3F385
:1035700003438DF8344022F060428DF82B3018BFA1
:103580000121069B04BF920C002193F81539089283
:103590008DF83530D8F80830059A8DF82F30D8F8E6
:1035A00008308DF827101B0A8DF82E30D8F8083017
:1035B0001B0C8DF82D30D8F808301B0E8DF82C30F0
:1035C000D8F80C308DF83330D8F80C301B0A8DF851
:1035D0003230D8F80C301B0C8DF83130D8F80C3064
:1035E0001B0E8DF8303004F6022352F823300BB155
:1035F00008A89847069BD3F808390BB108A8984744
:10360000059901F58058B8F81E3B9BB2002B58D0A5
:10361000B8F81A3B1A220DF1500C03F00F0367465D
:1036200002FB031341F632320EA903EB020A98584B
:103630008E460791DAF80820DAF80410DAF80C3030
:10364000ACE80F00DAF81000DAF81410ACE8030068
:103650000FCFAEE80F0097E803008EE803009DF956
:103660004C305A1C00F0B2809C427FF497AD079A10
:10367000E1B20598FEF7D6FDB8F81A3B013303F026
:103680001F03A8F81A3BB8F81E3B9BB2002B3FF46F
:1036900085ADB8F81E3B013B9BB2A8F81E3B7DE50B
:1036A0002B686BE500001D401F2C4FF001036BD908
:1036B00003FA0AF3CBF82C304FF00063C8F800305F
:1036C0006CE51F2C4FF0010362D8A340CBF83030DB
:1036D00064E5B3F8D42C92B20F2A05D8B3F8D42CF1
:1036E000013292B2A3F8D42CB3F8D22CB3F8D24C56
:1036F00002F00F02A4B203EB8202C2F8D81CB3F8A6
:10370000D02C92B282F01002944206D1B3F8D02CA1
:10371000013202F01F02A3F8D02CB3F8D22C2D4CAA
:10372000013202F01F02A3F8D22CE469B3F89C2DF9
:10373000A4B292B20F2A05D8B3F89C2D013292B2EE
:10374000A3F89C2DB3F89A2D02F00F0203EB42026E
:10375000A2F89E4DB3F89A4DB3F8982DA4B292B248
:1037600082F01002944206D1B3F8982D013202F093
:103770001F02A3F8982DB3F89A2D0160013202F0D0
:103780001F02A3F89A2DC9E5A340CBF8303093E788
:1037900003FA0AF3CBF82C3000E5079A2146059886
:1037A000FEF740FDB7F81A3B013303F01F03A7F8FB
:1037B0001A3BB7F81E3B9BB2002B3FF4EFACB7F8B7
:1037C0001E3B013B9BB2A7F81E3BE7E4079A21464C
:1037D0004FE700BF00001D401B4900231B4801F5B7
:1037E000805210B48B820160CB82194C0B83194834
:1037F000A2F81A3BA2F81C3BA2F81E3BA2F8D03C50
:10380000A2F8D23CA2F8D43CA2F8983DA2F89A3D86
:10381000A2F89C3D01F500520C6082F800370E4979
:1038200082F80137046882F814390C6000680B4C88
:103830000B49C2F80C39C2F810390A4A0860C2E9CB
:1038400000435DF8044B7047A41800209C1800202A
:10385000E8030020E0430020881800203404002002
:103860008C18002090180020084601F01DBB00BFF6
:1038700000B5036883B040F60D2C022201A95B68F5
:10388000ADF804C0984703B05DF804FB054B02286F
:1038900088BF034610B41C68184663685DF8044B83
:1038A000184700BFA00B00201C2849D8F8B5254FA9
:1038B00004463B78E3B9244B1B5DFF2B29D0234AF8
:1038C00002EB041291680A6802F44050B0F5805F80
:1038D00030D01C061FD41E4C2360236AD80704D4A2
:1038E00001F076FB236AD907FAD5194B586AF8BD5F
:1038F000174D184E01E001F06BFBAB6C1B06FAD4C0
:10390000B36C13F08003F6D13B700F4B1B5DFF2BA4
:10391000D5D10020F8BD0F4C03F07F032360236A4C
:10392000DA0704D401F054FB236ADB07FAD5094B0C
:10393000586AF8BD22F480521C060A60EBD4CAE72C
:1039400000207047074400204C090020C0060020DA
:1039500000400C4000800C4010B41F4C1F281F4931
:10396000A36C23F02003A364626C8B6C22F44042AE
:1039700023F020038B644B6C23F4404312D942F4B0
:10398000404243F4404362644B641349134A8B6CD6
:103990005DF8044B43F020038B64936C43F02003E9
:1039A000936470470F2808D942F4004243F400435F
:1039B00009480A4942644B64E7E7072804D942F4FE
:1039C000804243F48043F3E7032862644B64DCD80D
:1039D0005DF8044B704700BF00400C4000800C4075
:1039E00000B970472DE9F84F01218146214C224D45
:1039F000224E54E8003F2A68306844E80013002B48
:103A0000F7D11F494B684FF47A7BDFF878A01B1A77
:103A100001270BFB02F8DAF80020A3FB02325A451B
:103A200094BF9044D84454E8003F2A68306844E882
:103A30000073002BF7D14B68DAF800C01B1A0BFBA0
:103A400002F2A3FB0C3CBCF57A7F94BF624402F502
:103A50007A72A2EB0802B2F57A7F06D3B9F10109B6
:103A600008F57A78DFD1BDE8F88F01F0B1FA0449A2
:103A7000D9E700BFE4430020E0430020DC430020FE
:103A8000001000E0D843002027280BD8064B020185
:103A900003EB00109A58C36892681A4214BF0120C1
:103AA0000020704700207047C0060020272829D832
:103AB000164B0201012903EB00109A5810B4536809
:103AC000C4680ED004290CD023EA04035360836831
:103AD000A9B1022917D003290CBF0D4A0D4A1A605B
:103AE00007E0234301295360836808D040F6380279
:103AF0001A60436815225DF8044B1A60704738223B
:103B00001A60F6E77047044A1A60F2E7C006002020
:103B1000383001003800010038F0010008B5FEF728
:103B200011FDFEF7D1FF01F053FAFAE7844641EAAE
:103B3000000313F003036DD1403A41D351F8043B25
:103B400040F8043B51F8043B40F8043B51F8043B77
:103B500040F8043B51F8043B40F8043B51F8043B67
:103B600040F8043B51F8043B40F8043B51F8043B57
:103B700040F8043B51F8043B40F8043B51F8043B47
:103B800040F8043B51F8043B40F8043B51F8043B37
:103B900040F8043B51F8043B40F8043B51F8043B27
:103BA00040F8043B51F8043B40F8043B51F8043B17
:103BB00040F8043B51F8043B40F8043B403ABDD286
:103BC000303211D351F8043B40F8043B51F8043B28
:103BD00040F8043B51F8043B40F8043B51F8043BE7
:103BE00040F8043B103AEDD20C3205D351F8043BB7
:103BF00040F8043B043AF9D2043208D0D2071CBF83
:103C000011F8013B00F8013B01D30B8803806046AB
:103C1000704700BF082A13D38B078DD010F0030321
:103C20008AD0C3F10403D21ADB071CBF11F8013B91
:103C300000F8013B80D331F8023B20F8023B7BE7E0
:103C4000043AD9D3013A11F8013B00F8013BF9D20B
:103C50000B7803704B7843708B78837060467047A5
:103C600001F1FF3C70B56646002400E00134B0FB72
:103C7000F2F502FB1503092B03F1370E03F13003B4
:103C80005FFA8EFE98BF5FFA83FE9042284606F8E0
:103C900001EFEBD2631C0022C818CA547CB1624603
:103CA0001CF8015F10F8016DA1EB0C0302328CF8D7
:103CB0000060013B521A057023449A42EFDB08462C
:103CC00070BD00BF72B6EFF30583524CC4F8843068
:103CD0001EF0040F0CBFEFF30882EFF309824FF0E0
:103CE000E0234D4E4D4DD3F8280DD3F82C1DC4E9DB
:103CF0002201D3F8341DD3F8383DC4E92413936965
:103D0000C4F89830D369C4F89C3000F0D1F884ED41
:103D1000280A01F02DFC0B214FF0FF32C4F8A4005B
:103D20000B46C4F880103E49301D5A40202402F052
:103D30000103013C01FB03F383EA5202F7D1A842DD
:103D400002D073680646EFE7324BC3F8A820BFF3F2
:103D50004F8F4FF0E0233049324AC3F8701FC3F849
:103D6000702FBFF34F8FBFF36F8F2F4A02252F485D
:103D7000D36E2F4943F44053D3660560D3692D4871
:103D800023F07F0343F04003D3610B6883423DD8A7
:103D9000264D00214FF0E0234FF0FF32296001262D
:103DA000C5F808112449C5F80011C5F80861C3F821
:103DB0008021C3F88421C3F88821C3F88C21C3F87B
:103DC000902101E000F066F9D5F80C31002BF9D014
:103DD0000134C5F80C614F2CF4D9184B0220184956
:103DE0004FF00042C1F840015A63D5F80C313BB99D
:103DF000144815490D4A0163D2F80C31002BFAD052
:103E00004FF0E023114AC3F80C2DFEE701F080F9D2
:103E1000BEE700BF00FF272080FF2720A8FF272044
:103E20002083B8EDA0FF272000C00F4000400840CD
:103E30009C0B0020803DCD0B009F240000900D4086
:103E400000002E4000800F40F100AD0B0400FA0589
:103E50000A490A6838B108B513180948834204D8DA
:103E600010460B6008BD1046704702F0F1FA0C23B3
:103E70004FF0FF320360104608BD00BFB00B0020BA
:103E800000002820002070474FF0FF30704700BF2F
:103E90004FF4005300204B60704700BF0120704773
:103EA0004FF0FF30704700BF30BFFDE7FFF70ABF9C
:103EB000124AD2F880305B07FBD5D2F88030104828
:103EC000C3F30B230F4990ED007A07EE903A91ED82
:103ED000006AB8EE477A0C4AF8EEE77A0B4BD2ED5F
:103EE000006A77EEC77A93ED007AB8EE477A67EE0C
:103EF000867A87EEA60A37EE400A704700810D40A9
:103F0000C8430020D0430020D4430020CC430020ED
:103F1000836BF0B41BB1536843F40043536072B633
:103F2000446B3CB31A4B2260D3F8B0410C421DD114
:103F3000184E776804E07468E41BB4F5166F0BD272
:103F4000D3F8404144F48044C3F84041D3F8B85119
:103F5000D3F840416404EED50D4007D10C4CC0E9C4
:103F60000225D4F8B0310B43C4F8B031426362B6D5
:103F7000F0BC7047064DC0E90224D5F8B0310B43C0
:103F8000C5F8B0310263426362B6F0BC704700BF4F
:103F900000002E40001000E070B5056B9DB1064694
:103FA0002A46002403E012680134012A0CD0536829
:103FB00013F08003F7D032632CB12846B36B2D6821
:103FC0009847013CF9D170BDC6E90C33F4E700BF56
:103FD00030B4D9B91F4C204B0021204A01254FF0A5
:103FE000011099601D60C4E9023180245C60C2F850
:103FF000BC01D2F8B0311A482B43C2F8B03101608D
:10400000D2F8B031002BFBD130BC70470904154BFE
:10401000104C012541F080019860104A596000F56C
:1040200080511D60D96000F50051A364196100F54D
:10403000405100F58040596100219861E164D2F857
:10404000B03143F48033C2F8B031D2F8B031002B34
:10405000FBD1C0E700000020C016002000002E4069
:104060006C430020E0160020084901220B7802FA78
:1040700000F023EA0000087030B9054AD2F8483150
:1040800023F08003C2F84831704700BF0A44002083
:1040900000002E402DE9F04F974C83B0D4F84471C6
:1040A000FB07C4F8447153D5D4F8AC21002A4AD098
:1040B000924EDFF860A2DFF87492DFF874B2DFF896
:1040C0007482C4F8AC21D6E90A20D4F8403143F414
:1040D0000053C4F84031D4F840319D04F5D5D4F8EC
:1040E000403123F40053C4F840314FF00113C4F8B9
:1040F000B431D4F8B45115F00115FAD193B2844615
:10410000CAF80050B3F5086F00F0CF8100F2DB80F1
:1041100040F202318B4200F0E78100F29A80822B5C
:1041200000F0CB81B3F5817F40F08A8010F0780FEA
:1041300083B200F003824FF00113C4F8C031D4F809
:10414000AC21002ABDD16C4AD2F8BC31002B42D13F
:104150007E0616D5684BD3F8AC21C3F8AC21D3F852
:10416000BC21C3F8BC21D3F8B041002CFBD14FF0E7
:10417000FF32C3F8B421D3F8843100F02DFD604B39
:104180001C60FC0103D55F4B1B6803B19847B80165
:1041900003D55D4B1B6803B19847790708D5564B8B
:1041A000D3F8843113F4007347D0584B01221A70AE
:1041B000514BD3F848311A060AD53B0608D5544A64
:1041C00013782BB1013BDBB21370002B00F072822D
:1041D00003B0BDE8F08F4F49C2F8BC310868034214
:1041E00040F0D181464A14681C40B1D05FEA1448BF
:1041F00010D0424E4FF0010998FAA8F5B5FA85F5AE
:1042000006EBC51009FA05F54030FFF7C5FE38EAA0
:104210000508F1D1A4B2002C9AD0384E4FF0010815
:1042200094FAA4F5B5FA85F506EBC51008FA05F57C
:10423000FFF7B2FEAC43F3D18AE7344A1370B7E715
:10424000802B7FF478AF344802210580FFF7C0FE51
:1042500075E7B3F5A06F00F00B81A3F5D063012BD8
:104260003FF669AF2D4B5D68002D3FF464AF1FFA38
:104270008CFC4FEA124E04E01D690C33002D3FF414
:104280005AAF1A887245F7D15A886245F4D14FEA7D
:104290001E22032A00F0A5811A89000C824228BF41
:1042A0000246BEF5007F40F0A181184B1C491878EA
:1042B0001C4B0192002818BF19461B48FFF736FC1B
:1042C000194D019AE1E142F221218B427CD033D990
:1042D00042F221318B4200F081804FF6C0018B42C7
:1042E0007FF429AF10F47F4F83B27FF424AF43F4FF
:1042F0006E4363F30F0CB5E700002E400000002072
:1043000070430020F4430020F843002010440020B4
:10431000114400206C43002090430020D00900206D
:104320002C1B0060901B00600000202064430020D4
:104330005DCFC6B8C0012E40B3F5106F66D042F213
:1043400021018B427FF4F7AE030C072B7FF4F3AE11
:10435000B24BB349F560D960B249B360C3F8089075
:10436000C1E9002001221A60AF4A5A60AF4A1A61BF
:10437000D4F8B01141F00101C4F8B01102F5805138
:1043800002F5005259619A61D4F8B031002BFBD18B
:10439000A74AF36493600123B264136048F2800378
:1043A00053604FF00113C4F8BC31D4F8B03143F47A
:1043B0008033C4F8B0314FF48033CAF80030D4F8F9
:1043C000B031002BFBD1BAE680B238B9994BC2F3B9
:1043D00007421968984B1960984B1A70944B002249
:1043E0009A60F2640122B3641A6080225A604FF02E
:1043F0000113C4F8BC31D4F8B03143F48033C4F8AD
:10440000B031D4F8B031002BFBD198E6C2F30742AB
:104410008B4B1A708B4BC4F8C8318B4BC4F8CC3122
:104420008A4BC4F8D03100F0D9FB80222946884855
:1044300001F01EFF874B8022C6F8A0B0C6F8E0301E
:104440007B4BF5645A600122B3649D601A604FF0A3
:104450000113C4F8BC31D4F8B03143F48033C4F84C
:10446000B031CAF80050D4F8B031002BFBD166E669
:104470006F4B0121F564196080219D60B364596020
:104480004FF00113C4F8BC31D4F8B03143F4803399
:10449000C4F8B031D4F8B031002BFBD1130C5B065B
:1044A00043F08073C4F8543149E6654B01216A48F2
:1044B0001B780370FFF78CFD41E683B210F07800A3
:1044C0007FF439AE03F07F0258F82210624A108060
:1044D000180600F19E80CB0701D50123137002213D
:1044E0005D48FFF775FD2AE610F0780F83B27FF480
:1044F00022AE03F07F0213F0800F58F8223014BF71
:1045000043F4803343F0010348F822300022484B43
:10451000F2649A600122B3641A6080225A604FF0FC
:104520000113C4F8BC31D4F8B03143F48033C4F87B
:10453000B031D4F8B031002BFBD100E603F07F029C
:1045400013F0800F58F8223014BF23F4803323F087
:10455000010348F822300022354BF2649A600122B0
:10456000B3641A6080225A604FF00113C4F8BC3162
:10457000D4F8B03143F48033C4F8B031D4F8B0315A
:10458000002BFBD1DBE50020086026490C88486839
:1045900042F221018C427FF425AE80B200287FF4E4
:1045A00021AE2E492E4C03C9A18086284FEA114125
:1045B0002060A1717FF416AE72B62A48017841F0EE
:1045C00008010170D2F848110D0605D4802001437E
:1045D000C2F84401C2F8481162B6234A5021117052
:1045E00000E6000C2A78824228BF0246BEF5E06F42
:1045F00044D11E4B1E4D18781E491F4B01920028B6
:1046000018BF19462846FFF791FA07236B70019AE5
:104610003BE0C9033FF561AF61E700BFE016002052
:10462000645300208018002080000700646300208D
:10463000C0160020E0430020F04300200E4400207C
:104640000F4400200200CC00C80002000200C80095
:10465000800000201993D57490430020644300200B
:10466000E84300200A4400201144002010440020A8
:1046700000002020901B00602C1B00602946104D7C
:1046800001922846FFF752FA019A25F01F031544BC
:10469000BFF34F8F4FF0E021C1F8703F20339D42B0
:1046A000FAD8BFF34F8FBFF36F8F05481146FFF75E
:1046B0008FFC44E50320FFF7D7FC07F05DF800BF4F
:1046C000000020202DE9F0471F46831E022B01D950
:1046D000BDE8F087DFF84C9015460C463C2209EB0C
:1046E000C01806464FEAC01A002108F1040024044D
:1046F00001F0BEFDB5FA85F20123520944EA427485
:1047000049F80A40C8F83870C8F80830002FDFD0E0
:10471000034AB34011680B431360BDE8F08700BF44
:1047200070430020000000202DE9F0470D46811E57
:10473000022901D9BDE8F087C701DFF84C90924605
:10474000044640373C2200211E4609EB07082D0491
:1047500008F1040001F08CFDBAFA8AF2520945EA28
:10476000427249F807200122C8F83860C8F80820CA
:10477000002EDFD0034B10341968A2400A431A60A0
:10478000BDE8F08770430020000000201204816023
:10479000C36101F5405342F0800210B4012442602D
:1047A00001F50052046001F5805401F58041C460B8
:1047B00081615DF8044BC0E904237047831E0A46FB
:1047C000022B00D97047064B00F110014FF0010C8D
:1047D00003EBC0100CFA01F14030FFF799BB00BFAA
:1047E00000000020831E0A46022B00D970470121D9
:1047F000024B814003EBC010FFF78ABB0000002092
:1048000040687047124A134BD2F8200220F07F40D4
:10481000984210B584B002D200EB800040000E4CEC
:1048200001A90A22FFF71CFA01A90023204611F86A
:10483000012B01333AB10A2B20F8022FF7D11623AE
:10484000237004B010BD5B00DBB2237004B010BD58
:1048500000441F40809698009011002000F0DCBAC0
:1048600000F0ACBA00F010BB00F0CABA00F066BBB2
:1048700000F03CBB0846114600F02CBBF8B5144CC8
:104880004FF0E025134E4FF4003204EB4024124F5A
:1048900006EB40160346C5F88C2121463A8830467F
:1048A000FFF774FF3B882344BFF34F8FC5F85C4F7D
:1048B0002034A342FAD8BFF34F8FBFF36F8F03208A
:1048C0003146FFF78FFF4FF40033C5F80C31F8BDC8
:1048D0008000202000170020FE430020244B2DE9FB
:1048E000F0411C884368C569C3F30E43E41A002CE9
:1048F00024DD204920480A780078D3B21F4E824236
:104900001F4807D010F8038036F81870C7F50072FA
:10491000944218D90133002226F81540082B194E6D
:1049200088BF134626F8152098BFDAB2C554164B37
:104930000A701A6814441C60BDE8F0812846BDE87E
:10494000F041FFF79BBF07EB482010492246274460
:10495000084401EB4521FFF7E9F80B4A284626F801
:10496000187013682344BDE8F0411360FFF786BF59
:10497000FE43002008440020094400209C430020FE
:10498000BC430020AC43002098430020800020203E
:104990001D4B1A78002A36D102F0FF031B4A127809
:1049A0008AB32DE9F0411A4D2A8852B3194EC2F547
:1049B0000068194F3278194C07EB421704EBC224F8
:1049C000424638462146FFF7E1FE04EB0802BFF3FA
:1049D0004F8F4FF0E023C3F8704F2034A242FAD833
:1049E000BFF34F8FBFF36F8F04203946FFF7E6FE0A
:1049F00033780133DBB2032B88BF002333700023ED
:104A00002B80BDE8F08170470D4400200F4400204A
:104A1000004400200C4400200018002080102020BA
:104A20002DE9F04F85B0CDE90110002900F0BF80DD
:104A30000023604CDFF89881DFF898A15E4F009367
:104A400001235E4A23705E4B1978B8F8003002EB00
:104A50004119002B40F0A7801E461D469B46484644
:104A6000FFF7CEFE10F0800000F08C80BFF34F8F78
:104A70009AF8003084F800B005B93E68002B7DD16B
:104A80003B689B1B782B00F287804E4B1B78002BDA
:104A900074D000F09DFA0122B8F80030154622705B
:104AA000002BDCD0464AC3F5006011781A4600EBB3
:104AB000C120454DC9022844019D954217D2039358
:104AC000DDE901512A46FFF731F8039B4FF04042E0
:104AD0005B1BA8F800303D4BC3F88420BFF34F8F19
:104AE000009800232844237005B0BDE8F08F364BB2
:104AF000CD180299FFF71AF800234FF400622946F7
:104B00004846FFF743FEBFF34F8F05F1200205F53E
:104B10000063934234BF012340234FF0E02205EBB2
:104B20004313C2F8705F2035AB42FAD1BFF34F8F09
:104B3000BFF36F8F04204946FFF740FE204A1378E9
:104B40000133DBB2032B84BF00231D4A1370B8F876
:104B50000030019AD11A009A1A4401910092029AE7
:104B60001A4400230292194AA8F80030C2F884308F
:104B7000BFF34F8F237000297FF462AF009805B018
:104B8000BDE8F08F4FF400620D4B8AF800001978F1
:104B90001346A8F800208AE7012300988AF800301D
:104BA00005B0BDE8F08F1A46C3F500607FE70198B5
:104BB000E5E700BF0D440020E0430020001800207E
:104BC0000C4400200F4400208010202000002E40C4
:104BD000004400200B440020704700BF2D4B0021F3
:104BE00080222D4870B51B7800242C4D8B422C4E12
:104BF0000CBF40234FF400732B80338001F038FB4F
:104C0000284A2146284B14704FF4807227481C8094
:104C100001F02EFB264A1021264B0220C2E9004457
:104C2000C2E90244244AC3E900441470234AC3E998
:104C30000244234B1C70234614602246FFF774FD88
:104C40002246318803201F4BFFF73CFD23460122FB
:104C500029880420FFF768FD20460134FFF70EFE87
:104C6000082CF9D1184B00214A221848184C04602E
:104C7000C3F88410C3F88020D3F84821154942F0C6
:104C80008072C3F8482121B1134A137843F001031D
:104C9000137070BD10440020001800200244002052
:104CA000FE4300200C440020004400200017002098
:104CB0009C430020AC43002008440020984300207F
:104CC00009440020DD2C000000002E40F4430020A9
:104CD000912D000000000000124400202DE9F04F4B
:104CE0004FF0E0234FF40032DFF8C8A083B0C3F8E0
:104CF0008C218B469AF8004000294FD08046E4B2C0
:104D00000027DFF8B490264BABEB070225491B7850
:104D1000A34204F101043FD0092C234B404628BF95
:104D200000241E5D39F816C00CEB462319441F4BB6
:104D300033F81650A5EB0C05AA421CD20CEB462CFE
:104D400018491B4C61440192FEF7F0FE216839F8C6
:104D500016505846019AA1EB0B012A44394429F810
:104D6000162021604FF0E0234FF40032C3F80C21ED
:104D700003B0BDE8F08F2A462F44FEF7D7FE0C495A
:104D8000E3B230460A68A844521B0A608AF8003031
:104D9000FFF774FDBB45B6D83846E3E70846E1E7C0
:104DA0000844002080002020BC4300209C430020B9
:104DB0009843002009440020AC4300200B4B0C4AD0
:104DC00012781978D3B28A420DD0013309480A4AC1
:104DD000092B0A4928BF0023C35C31F8131002EBEA
:104DE0004323585C70474FF0FF3070470844002061
:104DF00009440020BC43002080002020AC43002058
:104E0000044B10B51C680CB1204610BD00F0E0F852
:104E1000204610BD984300202DE9F84F144E154D43
:104E200033782A78934221D0DCB2DFF85090DFF853
:104E300050B0DFF85080104F0134082C5FFA84FA2C
:104E400001D90024A24619F80400DBF8003038F834
:104E5000102037F81010521A9B1ACBF80030FFF7C9
:104E60000DFD86F800A02B78A342E5D1BDE8F88FB0
:104E70000944002008440020AC430020BC4300202B
:104E8000984300209C43002000B583B001210DF120
:104E90000700FFF723FF20B19DF8070003B05DF87E
:104EA00004FB4FF0FF30F9E7094B00B583B01B78E6
:104EB0008DF807003BB101210DF10700FFF7B0FDB0
:104EC00003B05DF804FB03F0FF0003B05DF804FBE2
:104ED0000F440020044B1B7803F0FF020BB1FFF7D7
:104EE0009FBD1046704700BF0F4400202DE9F041E0
:104EF0000024DFF8448001230D4D27460D4E88F82D
:104F00000030337828462035A34204F1010405D04F
:104F1000FFF776FC030658BF07F50067042CF0D1B5
:104F2000BFF34F8F0023384688F80030BDE8F0818A
:104F3000001800200C4400200D4400202DE9F84307
:104F40001D4B1B7813B11D4D2A880AB9BDE8F883A3
:104F50001B4EC2F500691B4933784A461A4C01EBD7
:104F600043181A4F04EBC324012340463B702146EB
:104F70000023FFF70BFC04EB0902BFF34F8F4FF048
:104F8000E023C3F8704F2034A242FAD8BFF34F8F0A
:104F9000BFF36F8F04204146FFF710FC33780133D5
:104FA000DBB2032B88BF0023337000232B80BFF3B9
:104FB0004F8F3B70BDE8F8830F4400200044002071
:104FC0000C44002000180020801020200D440020F8
:104FD0002DE9F8432D4B1E7866B12D4F3B784BB928
:104FE0000123F1073B7043D4B20726D400233B7062
:104FF000730701D4BDE8F883264B1A68002AF9D05C
:10500000EFF30582002AF5D1EFF3108572B6186828
:10501000002834D0204C2178002930D10122227080
:1050200042691A60002A2ED0916105B962B6002546
:105030008368457798472570DCE7DFF8648098F847
:105040000030002BD2D00025DFF858902B4659F8BD
:1050500023400135236820461B69984710B16369D6
:105060009B68984798F80020EBB29A42EFD8BDE7CA
:10507000FFF7C6FE0028B7D0AFF30080B4E7002DDD
:10508000B8D162B6B6E7054B1A60CEE712440020ED
:1050900006440020BC41002004440020C8410020F8
:1050A00005440020CC41002070B5EFF3108272B6A9
:1050B0000C4C206880B10C4E00254369236073B10D
:1050C0009D6102B962B6836845779847EFF3108215
:1050D00072B620680028F0D102B962B670BD3360A4
:1050E000EFE700BFC4410020C0410020FFF7DCBF54
:1050F0000449054A4968054B196013680133136078
:10510000704700BF001000E0E0430020DC430020B7
:10511000A249A34B88422DE9F047A24C5E699A69E7
:10512000D4F80C801BD9A04B984240F20281C31ADC
:105130009E491B0AA1FB031340F22761DB0903EB25
:10514000830303EB830303F2E2438B4228BF0B4646
:10515000A3F54877964BA3FB0737FF0804E0954F6C
:10516000B8428CBF0E2706278D4908F01F09D1F8D9
:105170008030B94543F0C003C1F880300CD228F02C
:105180001F08A1F5F82148EA0708C1F80C800B6850
:10519000002BFCDA08F01F0916F0007324D18649B1
:1051A0000C698649A14300F0EA8082F480513446BC
:1051B0004FF4805514F0605F04D026F060561E4313
:1051C000774B5E6111F4405F07D022F4405274497E
:1051D0002A438A618B6C1A07FCD446F00076704A29
:1051E0005661936C9B06FCD4754CA04200F2CE80B5
:1051F0004FF0010C0146634603FB011203F1010E5F
:105200000CF10105A24218D8BEF1080F4FF00103BE
:1052100040F08D80BCF1040F00F291800A18A24288
:1052200000F2A48005FB00F1AC4603F1010E03FB84
:1052300001120CF10105A242E6D90CF1FF318C02FA
:1052400086EA81215F4810445F4A90427FD9DFF8A7
:10525000A4A16C225D48584DB0FBFEF0D5F800E0EB
:10526000B0FBFCF0DFF890C10EEA0C0CD44509D07D
:1052700042F400524FF4805CC5F800C02A602A68EE
:10528000002AFCDA464A156905F007059D4203D05D
:105290001361936CDD03FCD411F4E05F09D026F4B4
:1052A000E05604F4E0543E4A26435661936C990755
:1052B000FCD44749474A014491423CD8464BC9096E
:1052C000A3FB0131090B4B1E1B0286EA030212F4F9
:1052D000407F06D026F4407603F44073304A3343CF
:1052E00053612F4A536923F000735361936C9B06FB
:1052F000FCD43A4B4F45A3FB00234FF0FF324FEA5B
:105300009343B0FBF1F1B2FBF3F3354A1060354A39
:105310001160354A136008D228F01F08214A48EA74
:105320000707D7601368002BFCDABDE8F0877346E7
:1053300062E7122718E74FF440730421C5E70CF128
:10534000FF31204807238C02104486EA8121274A36
:10535000DFF8A8A0A2FB0020020D2548362A38BF9E
:10536000362202FB00F042EA0A0A74E74FEA8C2474
:10537000002386EA8C214FF0010EAC4662E71D4601
:1053800086F0C05411464FF0C05313E700244FF08D
:10539000010C024631462346E64653E700A4781F37
:1053A00000C00F40000008400046C32323B24C0059
:1053B0001F85EB5100366E0100800D4040300080AB
:1053C000FFB19F26808D5B00FF7EF64D00643F4D50
:1053D0007FD1F0087F17B42C9F10E50083DE1B43BC
:1053E0009C0B0020980B0020D8430020819F5E1664
:1053F000001BB7006C2000807F30018000200080FF
:1054000000230F2248F2B82C194610B54FF470440F
:105410004FF4806EA0F88C414FF46044A0F88E21C8
:105420000A46A0F89031B0F888319BB243F0F003FF
:10543000A0F8883101EB4103013100EB431304294B
:105440009C80A3F806E05A841A865A805A81A3F8F1
:105450000EC05A82DA825A83DA83EBD1B0F88831EF
:105460009BB243F00F03A0F88831B0F888319BB2AB
:1054700043F47063A0F8883110BD00BF374B384A41
:10548000996F384841F47F0170B5996741F2010680
:10549000D3F8801045F6C05543F226040A43C3F8FA
:1054A0008020FFF7ADFF00F58040FFF7A9FF00F572
:1054B0008040FFF7A5FF00F58040FFF7A1FF002225
:1054C000A0F503104FF00F0E114600EB42134FEA08
:1054D000421C01329981042A5981A3F80EE09E8270
:1054E000DD8020F80C1019829C81EED100221E482C
:1054F0004FF00F0E41F20106114645F6C05543F23A
:10550000260400EB42134FEA421C01329981042A1F
:105510005981A3F80EE09E82DD8020F80C101982DC
:105520009C81EED1002211480F2641F2010511465F
:1055300045F6C05443F2260E00EB42134FEA421CDC
:1055400001329981042A5981DE819D82DC8020F814
:105550000C101982A3F80CE0EED170BD00C00F4012
:10556000000003FC00C03D4000001E4000401E4003
:10557000074A506A936A19468446506A936A994268
:10558000F9D18445F7D1DB0B43EA4040704700BFB7
:1055900000400D402DE9F04F01F10B06162E83B0AF
:1055A000044624D8102900F2BA8000F0A3FA10268D
:1055B00018220220B54F3A44A2F1080153688B42E9
:1055C00000F0BA805A68D96822F003021A449D6834
:1055D000E9608D60516841F001012046516003F19E
:1055E000080500F08DFA284603B0BDE8F08F36F0CC
:1055F000070600F19480B14200F2918000F07AFA3F
:10560000B6F5FC7FC0F09A81730A00F08F80042BFE
:1056100000F26F81B30903F1390003F1380CC300C4
:105620009A4F3B44A3F108055B689D4206D10CE00C
:10563000002980F22781DB689D4206D05A6822F05B
:105640000302911B0F29F3DD60463D69DFF850C26C
:1056500065457CD06A6822F00302931B0F2B00F390
:105660007B81002BC7E904CC80F26C81B2F5007F0E
:1056700080F01A81D308796801334FEA521E012263
:1056800002FA0EF20A4357F833E0C5F808E007EBD8
:10569000C3010839E9607A6047F83350CEF80C50FE
:1056A000831001219940914257D8114206D120F030
:1056B00003004900114200F10400FAD007EBC009D1
:1056C0004D468646D5F80C80454508D11DE1002B96
:1056D00080F22481D8F80C80454500F01681D8F876
:1056E000042022F00302931B0F2BF0DD2046D8E9A3
:1056F000025408EB060146F00106C8F80460EC60AD
:10570000A56043F00104C7E90411C1E902CC4C6073
:1057100048F8023000F0F4F908F1080502E00C2323
:1057200023600025284603B0BDE8F08F4FF40073D6
:1057300040204FF03F0C73E7D3689A4208BF023015
:105740007FF440AF3D69DFF858C1654582D17A6882
:105750008310012199409142A7D9BD686B6823F05D
:1057600003094E4503D8A9EB06030F2B7ADCDFF8BB
:1057700034B1474BDBF800201B680132334405EBA2
:10578000090A00F0338103F580530F3323F47F6857
:1057900028F00F084146204600F032FE411C024628
:1057A00000F0F380824500F2EE803A4B19684144E4
:1057B0001960084600F04E81DBF8001001930131BA
:1057C0001BBFA2EB0A010918CBF80020196012F0E8
:1057D000070B00F01781CBF108010A44CBF580518B
:1057E00090440831A1EB0801C1F30B0A5146204651
:1057F000009200F005FE421CDDE9002300F04F811D
:10580000801A00EB0A081968BA6048F00100514498
:10581000BD425060196000F02981B9F10F0F40F2CC
:1058200027816868A9F10C0C2CF0070C00F001002E
:1058300040EA0C0068604FF0050E05EB0C00BCF16F
:105840000F0FC0E901EE00F2328150681546124B8D
:105850001A688A4238BF1960104B1A688A4238BFEA
:10586000196094E0AA1943F0010346F001066E6046
:105870002046BA60536000F043F90835284603B06B
:10588000BDE8F08FD9681A44A1E600BF200D0020C2
:1058900024420020F44100201C420020204200202D
:1058A000280D002028110020B2F5206F4FEA522366
:1058B00063D3142B00F2B78003F15C01C9005B33A2
:1058C00007EB010E7958AEF1080E8E4500F091807D
:1058D0004B6823F00303934202D989688E45F7D1C0
:1058E000D1F80CE07A68C5E9021ECEF80850CD6008
:1058F000D6E6142B59D9542B00F29D80330B03F1BB
:105900006F0003F16E0CC3008AE60EF1010E1EF06B
:10591000030F05F108057FF4D5AE51E0424445463A
:105920005368D8F80C1043F00103536055F8083F52
:105930002046D9608B6000F0E3F8F3E6F00806F14A
:10594000080237E62A442046536843F001035360B7
:10595000083500F0D5F8E5E6A919204646F001061D
:1059600043F001046E60C7E90411C1E902CC4C6048
:10597000AB5000F0C5F80835D4E6930903F13901BE
:10598000C90038339CE7BD425FD0BD68686820F02D
:1059900003084645A8EB060302D80F2B3FF762AF7A
:1059A000204600F0ADF80025BCE603F15C0003F1F1
:1059B0005B0CC30034E659F808394B4540F096803B
:1059C00010F0030F00F1FF30F5D17B6823EA0103EB
:1059D0007B60490099423FF6C0AE19B9BDE6490067
:1059E0000EF1040E1942FAD0704667E603F1100872
:1059F000D0E69A104FF001087B6808FA02F21A43C9
:105A00007A6070E702EB08014942C1F30B0A514684
:105A10002046009200F0F4FC431CDDE900237FF4F3
:105A2000EFAEDA46EFE6542B25D8130B03F16F01E6
:105A3000C9006E3344E7B3F5AA7F25D8F30B03F111
:105A4000780003F1770CC300EAE5294B186840445D
:105A50001860B1E6CAF30B0CBCF1000F7FF4ACAEDA
:105A6000BD68C84448F001006860F0E61546EEE6FF
:105A70000123536094E7B3F5AA7F23D8D30B03F136
:105A80007801C90077331BE740F25452934223D880
:105A9000B30C03F17D0003F17C0CC300C0E5ABF156
:105AA000080BD844A8EB02084FF0000AABE605F15A
:105AB00008012046009300F0C1FDBD68009B6868A6
:105AC0001968C4E640F254518B420BD8930C03F191
:105AD0007D01C9007C33F3E64FF47E737F204FF0E5
:105AE0007E0C9DE54FF47E717E23E9E67B6870E7CE
:105AF000F4410020014800F0D9BC00BFEC41002077
:105B0000014800F0D5BC00BFEC4100202DE9F84F62
:105B10001746002900F098800C4607F10B058046D7
:105B2000FFF7E8FF162D54F8041C5BD810252A4611
:105B3000AF425CD821F003069642A4F1080962DA6C
:105B4000BC4BD3F808C009EB0600844500F09780F1
:105B5000D0F804C02CF0010303445B68DB0768D471
:105B60002CF0030C06EB0C03934247DACB0710D45E
:105B700054F8083CA9EB030ADAF8043023F00301D7
:105B80008C44B444944580F211817318934280F29E
:105B9000E88039464046FFF7FDFC0746E0B154F87F
:105BA000043C23F001034B44A0F10802934200F0AF
:105BB000D280321F242A00F2F580132A00F2AC8032
:105BC00003462246116819605168596092689A60CC
:105BD0002146404600F032FD4046FFF791FF38462F
:105BE000BDE8F88F25F00705002D2A46A0DA0C2322
:105BF000C8F8003000273846BDE8F88F1E46D0E9C7
:105C00000223D3609A60731B0F2B22D8D9F804307B
:105C100003F0010333434E44C9F80430736843F082
:105C20000103736040462746FFF76AFF3846BDE828
:105C3000F88FC907ADD454F8083CA9EB030ADAF889
:105C4000041021F00301A0E7BDE8F84F1146FFF76B
:105C5000A1BCD9F8042009EB050102F001024E4471
:105C600043F001032A43C9F804204B60736843F0F2
:105C7000010308317360404600F0E0FCD2E7DCF835
:105C8000040020F0030B06EB0B0C05F1100084451B
:105C90004DDAC9073FF57DAF54F8081CA9EB010A9E
:105CA000DAF8041021F003018B44B34458453FF760
:105CB0006CAF5746DAF80C1057F8080F321F242A39
:105CC000C160886000F2DB80132A40F2D680216830
:105CD000CAF808106168CAF80C101B2A00F2DF80AD
:105CE00008340AF110022168116061685160A168EE
:105CF00091600AEB0501ABEB050242F001029960ED
:105D00004A60DAF8043003F001032B434046CAF836
:105D10000430FFF7F5FE6EE72368036063684360B5
:105D20001B2A68D804F1080200F108034AE709EBCE
:105D300005029A60ACEB050343F00103536054F88D
:105D4000043C03F001032B43404644F8043CFFF7B6
:105D5000D7FE27464FE750F8043C23F003031E44C8
:105D600051E75746DAF80C1057F8080F321F242A6B
:105D7000C16088604CD8132A48D92168CAF8081035
:105D80006168CAF80C101B2A56D808340AF11002B0
:105D90001E462368136063685360A3689360D1460E
:105DA0003C4630E7214600F0E7F911E7D0E902135D
:105DB0005746CB60996057F8081FDAF80C30CB6073
:105DC000321F242A99602DD8132A29D92368CAF8AA
:105DD00008306368CAF80C301B2A42D808340AF12C
:105DE000100322681A6062685A60A2689A60664668
:105DF000D1463C4607E7A3688360E368C360242A72
:105E000026D004F1100200F11003DBE63A46BFE7AA
:105E1000214638461E46D14600F0AEF93C46F2E631
:105E20003B46DEE7214638466646D14600F0A4F9F7
:105E30003C46E8E6200D0020A168CAF81010E16891
:105E4000CAF81410242A20D010340AF118029FE74F
:105E5000236903616169416104F1180200F11803CB
:105E6000B0E6A368CAF81030E368CAF81430242AF0
:105E700021D010340AF11803B3E73A4633E721463C
:105E8000384600F079F9164B33E72269CAF8182032
:105E90006269CAF81C2018340AF1200278E7A16868
:105EA000CAF81010E168CAF81410242A0DD0103472
:105EB0000AF1180217E72369CAF818306369CAF8AB
:105EC0001C3018340AF120038BE72269CAF8182025
:105ED0006269CAF81C2018340AF1200203E700BFE7
:105EE000200D0020024A0349034800F0BBB800BF60
:105EF000301100204D6F0000780A00200C4B4168E3
:105F0000994210B5044601D002F020FEA168094B69
:105F1000994202D0204602F019FEE168064B9942F0
:105F200004D02046BDE8104002F010BE10BD00BFF6
:105F30002842002090420020F84200202DE9F8433A
:105F40002A4C2B4B2B48DFF8C090DFF8C0802A4F3B
:105F50001860002504230822294604F15C00274E1E
:105F60006566C4E90253C4E90055C4E90455A56156
:105F700000F07EF9224B63670822294604F1C40031
:105F8000C4E90749C4E90987C4E91A55C4E91E559B
:105F9000C4F8CC502567C4F88050E66200F068F978
:105FA000184BC4F8DC30294604F16803082204F5D4
:105FB0009670C4F88430C4E92298C4E92476C4E910
:105FC0003455C4E93855C4F83451C4F8D850C4F82D
:105FD000E85000F04DF904F1D003C4E93C98C4E95D
:105FE0003E76C4F8EC30BDE8F88300BF28420020BC
:105FF00060430020E542000051450000714500006B
:106000000900010012000200ED44000011450000EB
:1060100010B504460A4800F049FA636B23B9094BEE
:10602000094A1B68626323B1BDE81040044800F0D0
:106030003FBAFFF783FFBDE81040014800F038BACF
:10604000F041002060430020FD420000014800F0C4
:106050002DBA00BFF0410020014800F029BA00BF6E
:10606000F04100202DE9F84380460F4616464FF0D8
:106070000009D6E90154013D11D4A389012B05F192
:10608000FF3508D9B4F90E300133214603D040461C
:10609000B84749EA00096B1C04F16804EDD1366881
:1060A000002EE6D14846BDE8F88300BF0EB410B517
:1060B0009DB06FF000411FABCDE906010491094985
:1060C00053F8042B0290084C0868019302A9059428
:1060D00000F09AFF029B00221A701DB0BDE810402C
:1060E00003B070473C1100200802FFFF10B50C46BA
:1060F000B1F90E1000F06EF9002803DB236D0344A4
:10610000236510BDA38923F48053A38110BD00BF74
:106110002DE9F0410C46B1F90C101F46CB050546A0
:1061200016460BD421F48051A1813B46B4F90E10E0
:1061300032462846BDE8F04100F074B9B4F90E10BB
:106140000223002200F030F9B4F90C10EAE700BF96
:1061500010B50C46B1F90E1000F026F9A389421CC7
:106160000EBF23F4805343F480532065A38110BDF8
:10617000B1F90E1000F006B988420DD98B18834290
:106180000AD900EB020CBAB1624613F801CD02F84D
:1061900001CD9942F9D170470F2A0ED8034602F17A
:1061A000FF3C4AB10CF1010C013B8C4411F8012B6E
:1061B00003F8012F6145F9D1704740EA01039B07BD
:1061C00050D1A2F1100370B501F1200C23F00F059E
:1061D00001F1100E00F11004AC441B095EF8105CD4
:1061E00044F8105C5EF80C5C44F80C5C5EF8085CEB
:1061F00044F8085C5EF8045C44F8045C0EF1100E90
:10620000E64504F11004E9D1013312F00C0F01EB63
:10621000031102F00F0400EB031327D0043C24F019
:1062200003064FEA940C1E441C1F8E465EF8045B66
:1062300044F8045FB442F9D10CF1010402F0030206
:1062400003EB840301EB840102F1FF3C4AB10CF142
:10625000010C013B8C4411F8012B03F8012F61451F
:10626000F9D170BD02F1FF3C03469BE72246EBE704
:10627000830730B548D0541E002A3FD0CAB2034627
:1062800001E0013C3AD303F8012B9D07F9D1032C1F
:106290002DD9CDB245EA05250F2C45EA054536D95D
:1062A000A4F1100222F00F0C03F1200EE6444FEA95
:1062B000121C03F1100242E9045542E90255103262
:1062C0007245F8D10CF1010214F00C0F03EB02122D
:1062D00004F00F0C13D0ACF1040323F003030433D8
:1062E000134442F8045B9342FBD10CF003042CB13D
:1062F000C9B21C4403F8011B9C42FBD130BD64466B
:106300001346002CF4D1F9E703461446BFE71A46BA
:10631000A446E0E740EA01039B0730B501D1032A18
:106320000FD8844601F1FF3E07E01EF8011F03F875
:10633000011B541EC1B19C4622466346002AF4D17B
:1063400030BD0B468446194653F8045BA5F1013471
:1063500024EA050414F0803FE4D1043A032A4CF8FF
:10636000045B1946EFD8DDE79444002CE8D003F82D
:10637000011B6345FBD130BD014B93F828017047E9
:10638000B40B002038B5074D0022044608462A60A9
:10639000FDF77AFD431C00D038BD2B68002BFBD0E5
:1063A000236038BD7443002038B50C46084D844640
:1063B000114620461A4600232B606446FDF770FD07
:1063C000431C00D038BD2B68002BFBD0236038BDA8
:1063D0007443002038B50C46084D844611462046CB
:1063E0001A4600232B606446FDF74CFD431C00D089
:1063F00038BD2B68002BFBD0236038BD74430020D0
:1064000038B5074D0022044608462A60FDF720FDF6
:10641000431C00D038BD2B68002BFBD0236038BD57
:106420007443002038B50C46084D8446114620467A
:106430001A4600232B606446FDF728FA431C00D05F
:1064400038BD2B68002BFBD0236038BD744300207F
:10645000014B1868704700BF3C11002070B50D4E0D
:106460000D4D761BB61006D0002455F8043B0134C0
:106470009847A642F9D1094E094D761B05F078F9E7
:10648000B61006D0002455F8043B01349847A642C4
:10649000F9D170BDF01A0060F01A0060F81A0060BF
:1064A000F01A0060704700BF704700BF704700BF20
:1064B000704700BF00000000000000000000000066
:1064C00090F800F06DE9024520F007016FF0000C34
:1064D00010F0070491F820F040F049804FF00004DC
:1064E0006FF00700D1E9002391F840F000F10800B7
:1064F00082FA4CF2A4FA8CF283FA4CF3A2FA8CF3EF
:106500004BBBD1E9022382FA4CF200F10800A4FA55
:106510008CF283FA4CF3A2FA8CF3E3B9D1E90423A9
:1065200082FA4CF200F10800A4FA8CF283FA4CF3E0
:10653000A2FA8CF37BB9D1E9062301F1200182FA9A
:106540004CF200F10800A4FA8CF283FA4CF3A2FAA0
:106550008CF3002BC6D0002A04BF04301A4612BAAE
:10656000B2FA82F2FDE8024500EBD2007047D1E9B1
:10657000002304F00305C4F100004FEAC50514F040
:10658000040F91F840F00CFA05F562EA05021CBF11
:1065900063EA050362464FF00004A9E7F8B5244F0B
:1065A0000C460646FFF7A6FABB685D68C4F57E6137
:1065B0000F3125F003054B1923F47F6323F00F03FC
:1065C000A3F58054B4F5805F07DB00213046FFF768
:1065D00017FFBB682B44984204D03046FFF790FA6F
:1065E0000020F8BD61423046FFF70AFF01300DD0B0
:1065F000104ABB682D1B45F001055D6013683046ED
:106600001B1B1360FFF77CFA0120F8BD0021304608
:10661000FFF7F6FEBA68831A0F2BDEDD43F00103A5
:106620005360054B03491B68C01A0860D5E700BFDB
:10663000200D0020F441002028110020002961D005
:10664000F8B50C460646FFF755FA54F8042C7B4F74
:10665000A4F1080522F0010105EB010CB868DCF893
:106660000430604523F0030300F08B80D207CCF8A0
:10667000043032D454F8082CAD1A1144AA6807F13A
:10668000080082426AD00CEB0304D4F804E0EC6802
:10669000D4601EF0010FA26000F0978041F001036A
:1066A0006B60CCF80010B1F5007F35D27868CB086C
:1066B0000122490901338A40024357F833107A60B6
:1066C00007EBC302083AC5E9021247F83350CD6020
:1066D0003046BDE8F840FFF713BA0CEB03025268EE
:1066E000D00710D4194407F10800DCF808308342C1
:1066F00073D0DCF80C20DA60936041F001036B602A
:106700006950D0E7704741F00103B1F5007F44F8CC
:10671000043CCCF80010C9D3B1F5206F4FEA5123E7
:1067200048D28B0903F1390003F13802C300F8188D
:10673000FB580838984259D05A6822F003028A421E
:1067400002D99B689842F7D1D868C5E902308560C4
:10675000DD603046BDE8F840FFF7D2B90CEB03022C
:106760005268D20763D40B44DCE90212CA6091601C
:1067700043F001026A603046EB50BDE8F840FFF795
:10678000BFB90B44D10707D454F8082CAD1A1344F1
:10679000D5E90212CA60916043F001026A60284A9A
:1067A000BD6012689A4293D8264B30461968FFF7AD
:1067B000F5FE8DE7142B0AD9542B1FD80B0B03F1D0
:1067C0006F0003F16E02C300B1E719448DE703F1D6
:1067D0005C0003F15B02C300A9E741F00103C7E9D4
:1067E0000455C5E902006B60695071E77968921041
:1067F000012404FA02F20A437A60A6E7B3F5AA7FFD
:1068000006D8CB0B03F1780003F17702C3008EE7C3
:1068100040F25452934206D88B0C03F17D0003F1F1
:106820007C02C30083E74FF47E737E227FE741F052
:1068300001036B60CCF800104AE700BF200D002078
:106840002C1100202442002082B049B15AB16BB112
:1068500013780B601278101E18BF012002B0704729
:1068600001A9002AF3D1104602B070476FF0010071
:10687000F4E700BF436C70B505460C464BB153F8C6
:10688000240080B1026843F824200023C0E90333C8
:1068900070BD2122042102F02FFB0346686400280A
:1068A000EDD1002070BD012101FA04F6721D9200A5
:1068B000284602F021FB0028F3D0C0E90146E4E7B6
:1068C00031B1436C4A6853F82200086043F8221043
:1068D000704700BF2DE9F0410E6980460F461D4606
:1068E00001F1140E0020DEF800108CB202FB0453FC
:1068F000090C4FEA134C02FB01CC01309CB204EBB3
:106900000C4486424EF8044B4FEA1C45EBDC3DB18B
:10691000BB68B34207DD07EB860301365D613E616C
:106920003846BDE8F081796840460131FFF7A2FFA3
:106930000446B0B13A69023207F10C0192000C3002
:10694000FDF7F4F8D8F844307A6853F8221039602B
:1069500043F82270274607EB860301365D613E61EE
:10696000DEE7034B03482246BA2102F0A5FA00BF36
:106970007C04002090040020030C1B04D3B9000405
:10698000102310F07F4F04BF0002083310F0704F47
:1069900004BF0001043310F0404F04BF80000233F5
:1069A000002805DB10F0804F03F1010308BF20230E
:1069B000184670470023E4E7036813F0070208D085
:1069C000D9071FD49A0722D55B080360012210461D
:1069D000704799B209B91B0C1022D9B209B9083213
:1069E0001B0A190704BF1B090432990704BF9B083F
:1069F0000232D90703D45B0802F1010205D003601B
:106A0000104670470022104670472022DFE79B089F
:106A1000022203601046704738B5436C04460D46A9
:106A20004BB15868B0B102685A6000220123C0E936
:106A30000435C26038BD2122042102F05DFA03460C
:106A400060640028EDD1094B0948002240F245114D
:106A500002F032FA1C220121204602F04DFA0028F1
:106A6000F1D001220223C0E90123DEE77C040020EB
:106A7000900400202DE9F04F0E691569AE4285B0F3
:106A80008846144605DB2A46234635460C461646FC
:106A90009846A3686168AF19BB42B8BF0131FFF7E0
:106AA000E9FE0190002800F08780019B03F11409A2
:106AB00009EB870AD14505D24B46002243F8042B47
:106AC0009A45FBD808F1140808EB860B04F114036F
:106AD000D8451A4603EB85055FD22B1B153B23F0E7
:106AE000030304331534A54238BF0423CDE902A7BC
:106AF000AC461F46924605E0090C29D1C34509F171
:106B0000040948D958F8041B8DB2002DF4D056461C
:106B10004C46002356F8041B22681FFA81FE90B2EF
:106B2000090C05FB0E00120C034405FB012202EBCD
:106B300013429BB243EA0243B44544F8043B4FEA94
:106B40001243E7D849F8073058F8041C090CD5D08F
:106B5000D9F8003050461A464C4600260588120CDB
:106B600001FB052216449BB243EA064344F8043B6A
:106B700050F8045B22682D0C93B201FB053303EB44
:106B8000164384454FEA1346E8D8C34549F8073011
:106B900009F10409B6D8DDE902A7002F02DC05E0FF
:106BA000013F03D05AF8043D002BF9D0019B184651
:106BB0001F6105B0BDE8F08F034B0448019A4FF404
:106BC000B17102F079F900BF7C040020900400202C
:106BD00012F003032DE9F0411446064632D10D466A
:106BE000A41020D0D6F84080B8F1000F33D0E307CE
:106BF0004FF0000707D4641015D0D8F80000A8B1F2
:106C00008046E307F7D5424629463046FFF732FF74
:106C1000B5B16968736C641053F821202A6043F899
:106C200021500546E9D12846BDE8F081424641465B
:106C30003046FFF71FFFC8F8000007608046E0E716
:106C40000546D8E7013B0F4A52F823200023FFF7FF
:106C500041FE0546C4E701213046FFF70BFE8046A2
:106C600040B1012340F27122C0E9043200233064B4
:106C70000360BCE7044B0548424640F2451102F070
:106C80001BF900BF400900207C0400209004002074
:106C90002DE9F0470D4614462F69AB68496807EBAC
:106CA00062177E1C9E4280464FEA621904DD5B003B
:106CB0009E4201F10101FADC4046FFF7DBFD84460C
:106CC000002852D0B9F1000F00F114020EDD09F1D5
:106CD00005014FEA810E134600EB8101002043F8C5
:106CE000040B8B42FBD1AEF114031A44296905F160
:106CF000140314F01F0E03EB81012ED0CEF12009F6
:106D000010464FF0000A1C6804FA0EF444EA0A0424
:106D100040F8044B53F8044B994224FA09FAF2D88C
:106D20004B1B153B23F00303043305F1150081428F
:106D300038BF0423BAF1000F18BF374642F803A04A
:106D4000D8F844306A68CCF8107053F822102960E3
:106D5000604643F82250BDE8F087043A53F8040B2C
:106D600042F8040F9942F9D8EAE7034B0348624618
:106D70004FF4EF7102F0A0F87C0400209004002092
:106D80000B6984460069C01A16D10CF1140C143139
:106D90000CEB830210B401EB830301E0944508D2AD
:106DA00052F8044D53F8041D8C42F7D005D24FF031
:106DB000FF305DF8044B7047704701205DF8044BCD
:106DC000704700BF2DE9F84F0F691369FF1A002FB4
:106DD0000E4690467FD101F11405143202EB830276
:106DE00005EB830301E09D4278D253F8041D52F86D
:106DF000044DA142F7D069D37168FFF73BFD81468E
:106E0000002877D03569D8F81020C76008F1140E33
:106E100006F1140009F1140A06F110010EEB8202CA
:106E200000EB850756464FF0000C5EF8044B51F816
:106E300004BFA3B21CFA8BFCACEB03034FEA144C67
:106E4000CCEB1B4C0CEB234C9BB243EA0C4372453E
:106E500046F8043B4FEA2C4CE7D8A2EB0801153961
:106E600008F11508424521F0030404F1040438BF79
:106E70000424204421F0030238BF002287425244F8
:106E8000544418D92646014651F8043B1CFA83FCA9
:106E90004FEA2C4202EB13421FFA8CFC4CEA0243ED
:106EA0008F4246F8043B4FEA224CEDD8013F3F1A8F
:106EB00027F00307E21923B952F8043D013D002BE6
:106EC000FAD0C9F810504846BDE8F88F334601277C
:106ED0004646984690E7F9DB00278DE70021FFF74B
:106EE000C9FC814668B101220023C9E90423484650
:106EF000BDE8F88F064B07484A4640F2452101F0AD
:106F0000DBFF034B03484A4640F2372101F0D4FF30
:106F10007C040020900400202DE9F043884683B0D3
:106F2000012157EC106B1546FFF7A4FC044600281E
:106F300051D0C7F30A59C7F31303B9F1000F01D0B9
:106F400043F48013002E019318D101A8FFF734FDFC
:106F5000019A6261012200F120032261B9F1000F60
:106F600025D0A9F2334909EB03022046C3F13503CA
:106F7000C8F800202B6003B0BDE8F0836846009697
:106F8000FFF71AFD034610B3DDE90002C3F120014B
:106F900002FA01F10143DA4061610192002AA26123
:106FA00014BF022201222261B9F1000FD9D1A3F24C
:106FB0003243C8F8003004EB82031869FFF7DCFCA9
:106FC000C0EB421320462B6003B0BDE8F083009A6B
:106FD0006261019AE2E7034B0348224640F20F3117
:106FE00001F06AFF7C0400209004002049B1FF2AD0
:106FF00002D80A70012070478A2303604FF0FF30E7
:1070000070470846704700BF2DE9F04F2DED088B03
:10701000D1B00C460BEE101A90460893834601F04F
:10702000BBFE036812931846FFF74AFA20AF109090
:10703000082200213846FFF71BF9A3891B0603D558
:107040002369002B00F0558700239FED838B9FED74
:10705000849BCDE92533CDE91333CDE9153327AA38
:107060000E9324929246119304934446A1467E4B7C
:10707000D3F8E450FFF780F94A4603461CA900976D
:107080005846A847002800F0B080C0F2A6801C9A9D
:10709000252A034601D09944E9E7B9EB04050646E1
:1070A00040F0A78000234FF0FF328DF867309846FC
:1070B000069309F1010999F8003003922B25202647
:1070C00009F10109A3F120025A2A00F2CF80DFE87A
:1070D00012F0E802CD00CD00E302CD00CD00CD00DE
:1070E0006A00CD00CD0005028402CD001002C90265
:1070F000CD00BD025B005B005B005B005B005B00E2
:107100005B005B005B00CD00CD00CD00CD00CD006D
:10711000CD00CD005301CD0083011A02530153016C
:107120005301CD00CD00CD00CD001502CD00CD0026
:107130009602CD00CD00CD00AB01CD00AA02CD005E
:10714000CD00E306CD00CD00CD00CD00CD00CD00BB
:10715000CD00CD005301CD008301DE015301530169
:1071600053017702DE017F00CD008902CD005F026E
:10717000E0062F027F00CD00AB017C00B806CD00F9
:10718000CD00BD06CD007C00A3F13002002119F82E
:10719000013B01EB810102EB4101A3F13002092A1D
:1071A000F5D906918EE7584601F0F6FD4368159330
:1071B0001846FFF785F91690584601F0EDFD8368F3
:1071C0001393169B002B40F02D8699F8003077E73B
:1071D00099F8003048F0200872E70822002138466C
:1071E000FFF746F80123994441E7B9EB0405064649
:1071F00011D0269B2B442693259B0133072BCAE9EC
:10720000004525931CDC0AF1080A049B2B440493D7
:10721000002E7FF447AF269B002B41F00B821BEE24
:10722000103AB3F90C3013F0400F049B18BF4FF025
:10723000FF330493049851B0BDEC088BBDE8F08F88
:107240001BEE101A24AA584602F0E2FD0028E6D1EF
:107250000DF19C0AD9E700BF00000000000000000B
:10726000FFFFFFFFFFFFEF7FB40B00200B93002B0E
:10727000D1D00021CDE90C118DF8DC3001238DF83F
:10728000671002930791059303910F9137AC18F0A3
:107290000203099302D0029B0233029318F0840385
:1072A0000A9305D1069B029A9D1A002D00F369836B
:1072B000269A89B125990DF1670001310132CAF88A
:1072C000000007294FF0010026922591CAF804001A
:1072D00000F3A2830AF1080A099B83B1259B1AA92E
:1072E00001330232CAF80010072B4FF00201269238
:1072F0002593CAF8041000F3A3830AF1080A0A9B35
:10730000802B00F06C82039B05995D1A002D00F321
:10731000A58218F4807F40F00D82059BCAF80430E6
:107320001A44259BCAF800400133072B2692259367
:1073300000F31B830AF1080A18F0040F05D0069B1E
:1073400002995C1A002C00F38883049B069902982A
:107350008142ACBF5B181B180493002A40F0B08236
:1073600000232593079B1BB107995846FFF766F941
:107370000DF19C0A4C4679E60B93089B073323F0EA
:107380000703B3EC028BB0EEC87BB4EE497BF1EEA1
:1073900010FA089340F3E984B5EEC08BF1EE10FAD1
:1073A00001F159809DF86710AB4CAC4B28F0800878
:1073B0000B9A472AC8BF1C460023CDE90C33032291
:1073C00007930292059203930F9300293FF45FAF56
:1073D000029B013302935AE7432B0B9303D018F01F
:1073E000100F00F05D85089D0822002122A837AC0F
:1073F000FEF73EFF22AB55F8042B2146584602F01B
:10740000C1FC03460133059001F0EE82059B08950F
:1074100023EAE37302930021CDE90C118DF8671084
:10742000079103910F9132E70B93089B1A460023B3
:107430008DF86730134653F8044B0893002C00F086
:1074400048850B9B532B00F0EC8618F010030C932F
:1074500040F0E786039B5D1C01F0E5800C991A461D
:10746000204601F09DFC0790002801F02883079B2F
:107470001A1B05920C9B039322EAE2720F930D9361
:10748000079373239DF8671002920B939DE718F002
:10749000200F0B93089B3DD0073323F007031A46B8
:1074A00011465B6851F8082B08911946002BC0F271
:1074B0000C84039B013300F09E8228F0800052EA86
:1074C0000103029040F09982039B002B40F09A82C6
:1074D000804600230393059350AC06E1089B53F8C4
:1074E000042B0692002A80F21984069A08935242CD
:1074F000069299F8003048F00408E1E599F8003068
:1075000048F00808DCE548F0100818F0200F0B934D
:10751000089BC1D118F0100F40F00B8418F0400FF9
:1075200000F0038433F9042B0893D1170B46BDE711
:10753000089B48F00202029253F8042B089347F686
:107540003003ADF868307820454B119300210223B9
:107550000B900020039C8DF86700601C00F0AD804C
:10756000029820F0800852EA010040F0A480002C2C
:1075700040F0AE86002BACD1029B13F001030593C3
:1075800000F0D18330238DF83F310DF23F14ACE091
:1075900018F0200F40F0D48318F0100F40F09F86B1
:1075A00018F0400F40F0978718F4007F00F097869E
:1075B000089B049953F8042B089311704C4655E529
:1075C00099F80030682B03BF99F8013048F400782F
:1075D00009F1010948F0400872E599F800308DF88A
:1075E00067506DE599F800306C2B03BF99F80130B6
:1075F00048F0200809F1010948F0100860E50B93F4
:1076000048F0100818F0200100F05183089B073360
:1076100023F00703596853F8082B089328F4806374
:107620000293002395E70B9348F010030293029B0B
:1076300013F0200100F02983089B073323F0070390
:10764000596853F8082B0893012382E799F8003012
:1076500048F0800834E500BF5C060020600600208A
:107660006C060020494611F8013B2A2B01F04982A3
:10767000A3F13002092A894698BF002101F2448112
:1076800019F8013B01EB810102EB4101A3F130024A
:10769000092AF5D9039115E599F8003048F0010859
:1076A0000EE59DF86730002B7FF48FAD99F8003020
:1076B0008DF8676004E5CDF80880012B00F09D810E
:1076C000022B50AC20D1119802F00F031209C35CB9
:1076D00004F8013D42EA0172090952EA0103F3D1BB
:1076E00050AB1B1BDDF808800593059A03989DF8A5
:1076F000671082424FF00003B8BF0246CDE90C3359
:10770000079302920F9360E602F00703D20842EA61
:107710004172C908303352EA0105204604F8013DA0
:10772000F2D1029AD10700F14D8250AB1B1B90465B
:107730000593DAE70B9B652B40F3D480B5EE408BC5
:10774000F1EE10FA40F0C181259BBA49CAF8001049
:10775000013301320121072B26922593CAF8041028
:1077600000F351850AF1080A1B9B0E998B4280F2A7
:10777000D082109B12991A44CAE90013259B2692C5
:107780000133072B259300F397830AF1080A0E9B18
:107790005C1E002C7FF7D0AD102C259B40F36E852E
:1077A0001BEE106A102505E00AF1080A103C102CA7
:1077B00040F364850133A0491032072BCAE9001554
:1077C000CDE92532F0DD24AA3146584602F020FBEF
:1077D00000287ED1DDE925320DF19C0AE6E7069B03
:1077E00002995D1A002D7FF78EAD102D259B21DDAE
:1077F000099410261BEE104A04E0103D102D0AF1EA
:10780000080A16DD01338C491032072BCAE900162D
:10781000CDE92532F1DD24AA214658460DF19C0A16
:1078200002F0F6FA002854D1103D102DDDE9253282
:10783000E8DC099C8049CAF8045001332A44072B2C
:10784000CDE92532CAF8001000F32685039B05997F
:107850005D1A002D0AF1080A7FF75BAD102D259BFC
:107860001FDD514610261BEE10AA04E0103D102D1E
:1078700001F1080114DD01336F481032072BC1E913
:107880000006CDE92532F1DD24AA5146584602F022
:10789000BFFAF0B9103D102DDDE9253227A9EADC49
:1078A0008A4601336449CAF804502A44072BCDE9BB
:1078B0002532CAF8001000F3DA810AF1080A28E537
:1078C0001BEE101A24AA584602F0A2FA00283FF430
:1078D00047AD079B002B3FF4A2AC07995846FEF733
:1078E000ADFE9CE40E9B012B40F37A81259BCAF8E8
:1078F0000040013301320121072B26922593CAF85B
:10790000041000F3F8810AF1080A10991298013363
:107910000A44072BCAE90001CDE9253200F3DD81D5
:107920000AF1080AB5EE408BF1EE10FA00F077810B
:107930000E990133013901340A44072BCAF800407B
:107940002593CAF80410269200F35B810AF1080A15
:107950001499CAF8041001330A44072B1EA9CDE973
:107960002532CAF800107FF7E5AC1BEE101A24AAE6
:10797000584602F04DFA0028ABD1269A0DF19C0A28
:10798000DAE4102DDDE925122C4E24DD17941023A6
:107990001BEE104A084604E0103D102D0AF1080ABB
:1079A00017DD013010320728CAE90063CDE925024E
:1079B000F2DD24AA214658460DF19C0A02F028FA6D
:1079C000002886D1103D102DDDE925024FF010036F
:1079D000E7DC179C014601312A440729CDE925122D
:1079E000CAF80060CAF8045000F3BD839DF8671020
:1079F0000AF1080A5DE4CDF808800A2A71F1000353
:107A000080F0458330320123DDF808808DF83F2176
:107A100005930DF23F1468E61BEE101A24AA58468F
:107A200002F0F6F900287FF454AF269A0DF19C0A73
:107A300052E400BF9C060020540A0020A00600204B
:107A40001BEE101A24AA584602F0E2F900287FF42F
:107A500040AF269A0DF19C0A51E4102C259BBE4E96
:107A60001FDD1BEE108A102504E0103C102C0AF1DB
:107A7000080A16DD01331032072BCAE90065CDE98B
:107A80002532F2DD24AA414658460DF19C0A02F047
:107A9000BFF900287FF41DAF103C102CDDE9253222
:107AA000E8DC01332244072BCAE90064CDE9253222
:107AB0007FF74BAC1BEE101A24AA584602F0A8F927
:107AC00000287FF406AF269A3FE41B99002940F373
:107AD0005A830C9E0E9B9E42A8BF1E46002E0BDDB5
:107AE000259B01333244072BCAE900462692259391
:107AF00000F389860AF1080A0C9D002EA8BFAD1B71
:107B0000002D00F303820C9B18F4806F234405932F
:107B100040F01F821B9B0E998B4203DB18F0010F74
:107B200000F0CF84109912980A44CAE900012599FF
:107B3000269201310729259100F3A5860AF1080A4A
:107B40000E996518CC1A059BED1AA542A8BF2546CB
:107B5000002D0DDDCAF80030259BCAF80450013312
:107B60002A44072B2692259300F3BB860AF1080AC4
:107B7000002DA8BF641B002C7FF7DEAB102C259BCB
:107B800040F37C831BEE106A102505E00AF1080A19
:107B9000103C102C40F37283013370491032072BD4
:107BA000CAE90015CDE92532F0DD24AA3146584650
:107BB00002F02EF900287FF48CAEDDE925320DF1BC
:107BC0009C0AE5E7302B3FF48BAD3023023804F8F4
:107BD000013C50AB1B1ADDF808800593044684E590
:107BE00018F0010F7FF482AE259BCAF800400133E4
:107BF00001320121072B26922593CAF804107FF742
:107C0000A5AE1BEE101A24AA584602F001F900286E
:107C10007FF45FAEDDE925320DF19C0A98E60E99FE
:107C20004C1E002C7FF794AE102C40F361831BEEAA
:107C3000106A102505E00AF1080A103C102C40F3E8
:107C40005783013345491032072BCAE90015CDE9A6
:107C50002532F0DD24AA3146584602F0D9F8002832
:107C60007FF437AEDDE925320DF19C0AE5E71BEE26
:107C7000101A24AA584602F0CBF800287FF429AE47
:107C8000269A0DF19C0AFFF744BB029B13F01003E8
:107C900040F0C180029A12F0400200F07A83089806
:107CA00050F8042B0890194692B2012351E418F0C1
:107CB000100355D118F0400200F05D83089850F889
:107CC000042B0890194692B2A8E4524261EB41019C
:107CD000CDF808802D2001233CE41BEE101A24AAC5
:107CE000584602F095F800287FF4F3ADDDE925321F
:107CF0000DF19C0A16E61BEE101A24AA584602F053
:107D000087F800287FF4E5ADDDE925320DF19C0A06
:107D1000FBE518F0010F3FF40FAB2AE5089399F843
:107D20000030FFF7CDB950ACDFE418F4007F40F02D
:107D3000DB8353F8042B0893D1170B46FFF7B6BB30
:107D4000089B049853F8041B0893C217C1E900026A
:107D50004C46FFF78BB900BFA0060020540A002054
:107D6000089B53F8042B089358E4B4EE488BF1EECB
:107D700010FA80F194860B9B612B00F05285412B09
:107D800000F0C085039B01330B9B23F0200500F01E
:107D90008084472D04D1039B002B08BF012303934C
:107DA00018EE903A002B48F480724646C0F21886CE
:107DB000B0EE48AB00239046099307930B9B413BE1
:107DC000252B00F29883DFE813F06F0496039603E7
:107DD000960368046C049603960396039603960331
:107DE00096039603960396039603960396039603CB
:107DF00096039603960396039603960396039603BB
:107E000096039603960396039603960396039603AA
:107E1000960368046C04089B53F8042B0893012311
:107E2000FFF797BB139B002B3FF4CFA9139B1B7845
:107E3000002B3FF4CAA999F8003048F48068FFF796
:107E40003FB90B93CDF80880FFF7F1BB0B939A4B2A
:107E5000119318F0200100F00581089B073323F0EF
:107E60000703596853F8082B089318F0010F0AD03C
:107E700052EA010307D00B9B8DF86930302348F09C
:107E800002088DF8683028F4806302930223FFF71C
:107E900060BB0B93FFF7B6BB0B93884B1193D8E7EE
:107EA000089B012153F8042B02918DF8DC200893E4
:107EB000059137ACFFF7AFBA1BEE101A24AA58464B
:107EC00001F0A6FF00287FF404AD269A0DF19C0A6C
:107ED0005DE4039B0794062B224628BF06230394E8
:107EE0002146CDE90C22764C029305930F92FFF7C1
:107EF0006CBA40215846FDF74DFB206020610028F8
:107F000000F00F8640236361FFF79EB8102D259B7C
:107F100040F35D82514610261BEE10AA04E00831A2
:107F2000103D102D40F35282013366481032072B6A
:107F3000C1E90006CDE92532F1DD24AA51465846B3
:107F400001F066FF00287FF4C4ACDDE9253227A9E3
:107F5000E6E70E9BCDF82490E31803930D9BCDF834
:107F60002880139E059DDDF85890DDF83C800B9429
:107F70001BEE101A5046002B34D0B8F1000F35D14B
:107F80000D9B013B013E0D93159BC0E90039259BDC
:107F900001334A44072B269225936CDC0830039B5F
:107FA00096F800C05B1B6345A8BF6346002B9A464A
:107FB0000CDD259C01341A44072CC0E9005326929D
:107FC000259400F3778196F800C00830BAF1000FCD
:107FD000ACBFACEB0A046446002C0ADC65440D9B84
:107FE000002BCAD1B8F1000F00F0AC8308F1FF38C4
:107FF000CAE7102CDDF894C024DD05954FF0100A77
:1080000063460D4604E0103C102C00F1080016DD1C
:1080100001332C491032072BC0E9001ACDE9253273
:10802000F1DD24AA2946584601F0F2FE00287FF42B
:1080300050AC103C102CDDE9253227A8E8DC29469D
:10804000059D9C460CF1010322444460072B1D4C06
:108050000460CDE9253200F3C68396F800C00830ED
:108060006544BCE718F0100300F0C280089B53F889
:10807000042B0893F9E624AA5846059101F0C8FE9E
:1080800000287FF426AC269A059927A887E702984E
:10809000CDF81CA050AC00F4806000250AEE10BAA8
:1080A000094BDDF84CA0CDF81490A3464FF005081D
:1080B000AC46044610E000BF6C060020800600209D
:1080C00094060020540A0020CDCCCCCC0A2A71F1B1
:1080D000000136D34A463146501840F10000A3FB58
:1080E000005626F0030505EB9605401B151A4FF0C8
:1080F000CC3661F1000E06FB05F6A5FB039503FBEC
:108100000E6609F0010E2E44AEFB085E2D184FEAF4
:10811000590930350BF8015C49EAC6790CF1010CBC
:108120000BF1FF3B7608002CD0D09AF80000844574
:10813000CCD1BCF1FF0FC9D00A2A71F1000180F047
:108140008F815C4650AB1B1BDDF81490CDF84CA022
:108150001AEE10BADDF81CA0DDF80880CDF838C0A2
:108160000593FFF7C2BA1BEE101A24AA584601F075
:108170004FFE00287FF4ADAB9DF86710269A0DF1F5
:108180009C0AFFF796B8259BBE48CAF80000013349
:1081900001320120072B26922593CAF8040000F330
:1081A00077810AF1080A002940F0AF800E9908F0A3
:1081B00001030B433FF4C0A8109B12991A44CAE96B
:1081C0000013259B26920133072B259300F352823F
:1081D0000AF1080A0E99CAF8004001330A44072B35
:1081E000CDE92532CAF804107FF7A4A8FFF7BDBB7C
:1081F00018F0400200F0DD80089850F8042B089039
:10820000194692B231E61BEE101A24AA584601F024
:10821000FFFD00287FF45DAB269A0DF19C0AFFF765
:10822000A3BA22AE0822002130461D94FEF720F8A2
:10823000039B5A1C00F0DB800025CDF80890CDF898
:108240001C809946A8460CE037A9584601F09AFDD3
:10825000431C404400F0C883484508DC00F0188403
:1082600080461D9A525933460435002AECD1CDF888
:108270001480DDF80890DDF81C80C5E001338249E8
:10828000CAF804402244072BCAF80010CDE9253271
:108290007FF750A8FFF769BB1BEE101A24AA5846B7
:1082A00001F0B6FD00287FF414AB269A0DF19C0A6C
:1082B000FFF729B824AA5846059101F0A9FD002826
:1082C0007FF407AB96F800C0269A059927A87DE6AB
:1082D000012BCDF808807FF4F3A9FFF793BB089B2F
:1082E000049953F8042B4C4611600893FEF7BEBE68
:1082F00001336549CAF804402244072BCDE92532F1
:10830000CAF800107FF722AB7BE4109B12981A4446
:10831000CAE90003259B26920133072B259300F31E
:10832000A9810AF1080A0029BFF654AF4D42103165
:1083300080F20F831BEE101A102605E00AF1080ADE
:10834000103D102D40F3058301334F481032072BA9
:10835000CAE90006CDE92532F0DD24AA584603918A
:1083600001F056FD00287FF4B4AADDE92532039917
:108370000DF19C0AE4E7089B18F400711ABF11463E
:1083800053F8042B53F8042B089318BFD2B2FFF70D
:1083900045B9029B13F40071089B1ABF114653F8AC
:1083A000042B53F8042B089318BFD2B20123FFF714
:1083B000D0B8089B18F400711ABF114653F8042B6B
:1083C00053F8042B089318BFD2B24EE58A46013306
:1083D0002D49CAF804502A44072BCDE92532CAF8A2
:1083E000001000F339810AF1080AFFF78CBB002363
:1083F000194600961DAA584601F0EAFC03460133CF
:10840000059000F0F1821D94059B002B4ED0632B4C
:1084100000F318810023079337AC0822002130466F
:10842000FDF726FF059D00962B461DAA21465846BE
:1084300001F0CEFC854240F07C83059A0023A354D2
:1084400022EAE272CDE90C339DF8671003930292A1
:108450000F93FEF7BABF2D218DF86710FEF7A4BF6A
:10846000169B1599ABEB030B1A465846FDF752FFC6
:108470009AF80120054B0AB10AF1010A4FF0000CED
:1084800028E600BF9C060020540A0020CDCCCCCCAE
:108490001BEE101A24AA584601F0BAFC00287FF4FB
:1084A00018AA1B99269A0DF19C0A7CE6059B9DF85B
:1084B00067100F93CDE90233CDE90C330793FEF734
:1084C00084BF0E99059865182D1ACC1AA542A8BF2D
:1084D0002546FFF74DBB089B049953F8042B0893DE
:1084E00011804C46FEF7C2BD13F9042B0893D11737
:1084F0000B46FEF7DBBF039A022122AB01931DABB3
:10850000009358461BABB0EE4A0B029200F0C4FD3C
:10851000472D029A044600F06181462D104405D192
:108520002378302B00F06F821B9A1044B5EE40ABDD
:10853000F1EE10FA40F0468103461B1B0E93472DC7
:1085400000F01081462D00F0B5811B9B0C930C9B15
:10855000412D03F1FF331B9300F0E5819DF82C20A2
:108560000021002BB8BF0C9B8DF87820BABFC3F157
:1085700001032D222B22092B8DF8792040F3DA817B
:108580000DF18F05DFF81CC42A4610468CFB032131
:10859000DA17C2EBA10202EB8201A3EB41013031F9
:1085A00000F8011C19466329134600F1FF32ECDC88
:1085B0003033D9B2831E9D4202F8011C40F28B82F7
:1085C00013460DF17A0201E013F8011B02F8011BBA
:1085D0009D42F9D10DF191030DF17A021B1A13445A
:1085E0001EAA9B1A14930E9B149A012B1A440592EF
:1085F00040F30382059B109A1344059326F480638D
:10860000059A43F480780023CDE90C3322EAE27224
:108610000F930292099B002B40F0B1809DF86710E8
:108620000393FEF7D2BE2046FDF74AFF02460590AF
:10863000FEF720BF1BEE101A24AA584601F0E8FBF3
:10864000FEF7EDBD591C5846FCF7A4FF0446002870
:1086500000F0CA810790E0E61BEE101A24AA5846E3
:1086600001F0D6FB00287FF434A9269A0DF19C0A6C
:10867000FFF749BA1BEE101A24AA584601F0C8FBAE
:1086800000287FF426A9DDE925321B990DF19C0A0B
:1086900049E606230393FFF783BB039B02215A1C81
:1086A0002BE7039A032128E71BA8B0EE4A0B00F042
:1086B000C7FBB4EE007B20EE070BB5EE400BF1EEEE
:1086C00010FA01D101231B93B348039BB3EE005B67
:1086D000013B224604E0B5EE400BF1EE10FA13D058
:1086E00020EE050BFDEEC07BB3F1FF3F17EE901AB5
:1086F000415CB8EEE76B944630EE460B02F8011B86
:10870000194603F1FF33E6D1B6EE006BB4EEC60BAB
:10871000F1EE10FA00F34881B4EE460BF1EE10FAD8
:1087200004D117EE903ADB0700F13E81002906DB09
:108730004B1C1344302102F8011B9342FBD1131B45
:108740000E93FCE60B9C0E9BDDF82490DDF8288050
:108750001396E3189D42294628BF19468246059183
:10876000FFF7D8B91B9B0C93DA1C02DB039A9342E8
:108770000CDD0B9B023B0B9323F02005E7E62D213C
:1087800000238DF867100393FEF722BE0C9B0E9A10
:108790009342C0F2BD80F0070C9B40F13281109AE9
:1087A00013440593710503D50C9B002B00F3358111
:1087B000059B23EAE373029367230B9300230F9334
:1087C0000D9327E7229B8342BFF4B7AE30215A1C9A
:1087D00022921970229B9842F9D8AEE6F30700F175
:1087E000A780229BA9E624AA5846059101F010FB18
:1087F00000287FF46EA896F800C0269A059927A84D
:108800006544FFF7ECBB1BEE101A24AA584601F092
:10881000FFFA00287FF45DA8269A0DF19C0AFFF765
:108820006BB978238DF8693030238DF86830039B5D
:10883000632B48F0020600F3A6800023079337ACB1
:1088400018EE903A002B48F481782BDBB0EE48AB61
:108850000B9B23F02005002309930B9B612B7FF4D6
:10886000ADAAB0EE4A0B1BA800F0EAFAB4EE007B0A
:1088700020EE070BB5EE400BF1EE10FA01D101230B
:108880001B93464821E71BEE101A24AA584601F014
:10889000BFFA00287FF41DA81B9B269A0DF19C0AA5
:1088A000FFF74EB90B9B23F020052D230993B1EE62
:1088B00048ABD2E71B9A0C92002A06F0010340F362
:1088C0000D8103990B4340F0CF800C9B05936623E9
:1088D0000B93720500F1A380059B23EAE3730293D7
:1088E0006CE71BEE101A24AA584601F091FA0028F2
:1088F0007EF4EFAF1B9C0E9B269A1C1B0DF19C0A6D
:10890000FFF736B958238DE700220392FEF7DABB52
:108910000E9B109A9A180C9B0592002B40F3AB808B
:1089200067230B93D5E70B9A0F32D2B2012118E6D9
:10893000A018FBE5002940F0A88030228DF87A20AD
:108940000DF17B02303302F8013B1EABD31A1493B6
:1089500049E601331249CAF804502A44072BCDE9ED
:108960002532CAF800107FF733AC1BEE101A24AA88
:10897000584601F04DFA00287EF4ABAFDDE9253210
:108980000DF19C0A26E4591C5846FCF703FE0446E8
:1089900050B3079054E700BF800600206C0600200B
:1089A000540A002067666666CDF888C012F8011C7C
:1089B00090F80FC0614513460AD14FF0300E03F80E
:1089C00001EC229B591E229113F8011C8C45F6D014
:1089D000392916BF0131817AC9B203F8011CAEE60C
:1089E00000239046079360E71BEE102AB2F90C3083
:1089F00043F040039381FEF716BCF5077FF5FEAD0B
:108A0000F8E50593CEE6B5EE40ABF1EE10FA3FF493
:108A10008BADC2F101021B9287E567230B9313997B
:108A20000B78FF2B79D000250C9A284603E0013003
:108A30000131FF2B08D0934206DAD21A4B78002B73
:108A4000F5D10B780135F4E70C9213910D900F9549
:108A50000F9A0D9B16991344059A01FB0323059366
:108A600023EAE3730293D5E5109BD31819446623D8
:108A700005910B932DE7C3F101031A4422EAE27337
:108A80000293672305920B9398E60DF17A0259E75A
:108A9000039BDDF80890DDF81C800593B4E418EE24
:108AA000903A002BB4BF2D219DF86710254C264B22
:108AB000B8BF8DF8671028F08008FEF779BC039BDB
:108AC0000293059373239DF8671003900F900D9008
:108AD0000B93FEF77ABC0223149384E5039A1343A5
:108AE00005D10123662202930B92059366E6109B43
:108AF00001331A4422EAE2730293662305920B9330
:108B00005CE6089A99F80130894652F8041B0892ED
:108B100041EAE1710391FEF7D3BA00230F930D935D
:108B200096E70C23CBF800304FF0FF330493FEF7A9
:108B300081BB1BEE102A938943F040039381FEF71B
:108B4000C8BE00BF640600206806002070B500297A
:108B50004BD006460C4610B1436B002B48D0636ED9
:108B6000D80734D5B4F90C30002B3ED0214630461E
:108B700000F050F8E36A054633B1E16930469847A2
:108B80000028B8BF4FF0FF35A3891A063CD4216BEB
:108B900041B104F14003994202D03046FDF74EFD49
:108BA00000232363616C21B13046FDF747FD0023AC
:108BB0006364FDF74BFA636E0022DB07A2811FD5C9
:108BC000A06DFDF771FCFDF747FA284670BDA3893B
:108BD0009905CBD4A06DFDF769FCB4F90C30002BDE
:108BE000C4D1656E15F0010505D00025284670BD7D
:108BF000FDF70EFAB3E7A06DFDF75AFC284670BDED
:108C0000A06DFDF755FCDBE721693046FDF716FD49
:108C1000BDE700BFB1F90C202DE9F0410C4611076A
:108C2000804647D4636842F40062002BA2815EDD77
:108C3000A56A002D58D00023D8F80060C8F800308D
:108C400093B212F4805256D10123E1694046A847FD
:108C5000431C67D0A389A56A5F0705D56368C01A5E
:108C6000236B0BB1E36BC01AE16902460023404657
:108C7000A847411C41D1D8F80030002B3DD01D2B16
:108C800001D0162B56D1A3892269226023F40063F8
:108C900000216160A381216BC8F8006021B304F159
:108CA0004003994202D04046FDF7C8FC00202063F3
:108CB000BDE8F0812669BEB193B2256826609A07A7
:108CC0000CBF63690023AD1BA3600BE02B4632464B
:108CD000E169676A4046B847B0F1000CA5EB0C05A6
:108CE000664417DD002DF1DC0020BDE8F081E36B68
:108CF000002B9DDCF8E7206DAEE7B4F90C3022695B
:108D0000226023F40063A3810022DB046260C2D5E9
:108D10002065C0E7A38943F040034FF0FF30A381F3
:108D2000BDE8F081D8F80030002B93D01D2B06D081
:108D3000162B04D0A38943F04003A381D5E7C8F8DC
:108D40000060D1E738B50C46054608B1436B03B364
:108D5000B4F90C0088B1636EDB0701D481050FD52F
:108D600028462146FFF756FF636EDA07054602D410
:108D7000A3899B0508D5284638BD0546284638BD39
:108D8000A06DFDF793FBEBE7A06DFDF791FB284687
:108D900038BDFDF73DF9DBE700487047A40C002023
:108DA00001F0FF01102A2BDB10F0070F08D010F89C
:108DB000013B013A8B422DD010F0070F42B3F6D1A0
:108DC000F0B441EA012141EA014122F007047FF0B9
:108DD00000070023F0E80256083C85EA010586EA10
:108DE000010685FA47F5A3FA87F586FA47F6A5FA4C
:108DF00087F68EB9EED1F0BC01F0FF0102F0070258
:108E000032B110F8013B013A83EA010313B1F8D102
:108E10000020704701387047002D06BF35460338E3
:108E2000073815F0010F07D1013015F4807F02BF1C
:108E3000013015F4C03F0130F0BC0138704700BF6D
:108E400030B482B08DED000B019A194C22F0004332
:108E50000021A342016021DC009C1C431ED0154C64
:108E6000144054B99FED107B20EE077B8DED007B05
:108E7000019A6FF0350122F0004322F0FF42DDE954
:108E8000004522F4E00242F07F551B1545F4001521
:108E9000A3F2FE33CDE900450B4403609DED000BCA
:108EA00002B030BC704700BF00000000000050431B
:108EB000FFFFEF7F0000F07F00B50B4C25681446E4
:108EC000EE681A4685B003460D464CB10749009539
:108ED000CDE901143046064900F086FFFAF7E4FFB9
:108EE00004490C46F3E700BF3C1100203C0400207D
:108EF0004C0400204804002038B5A1FB02148CBBB0
:108F0000FCF748FB0546E0B150F8042C22F00302C0
:108F1000043A242A17D8132A1AD91B2AC0E9004474
:108F20001DD9242A14BF00F1100200F118024FF0DD
:108F30000003C0E9024404BF04614461C2E9003394
:108F40009360284638BD2146FDF792F9284638BD82
:108F500002460023C2E900339360284638BD00F181
:108F60000802F6E7FDF774FA0C2300250360E8E732
:108F70002DE9F04F03690C69A34283B0C0F28780EA
:108F8000013C01F11405A30000F11408009355F809
:108F9000243058F82420013381469A4208EB84009B
:108FA00005EB84070190B2FBF3F63BD34FF0000CC6
:108FB000AE464046E24663465EF804BB02681FFACE
:108FC0008BFC06FB0C334FEA134C4FEA1B4B06FBA2
:108FD0000BCC9BB2AAEB03031FFA8CFA13FA82F3B1
:108FE000CAEB124202EB23429BB243EA02437745AB
:108FF00040F8043B4FEA224A4FEA1C43DCD2009B74
:1090000058F8033073B9019B043B984504D307E03B
:10901000984504F1FF3403D253F80429002AF7D00D
:10902000C9F810404846FDF7ABFE00282BDB01369F
:109030004146002355F8040BD1F800C082B29A1AB9
:10904000030C12FA8CF2C3EB1C4303EB224392B2E3
:1090500042EA0342AF4241F8042B4FEA2343E9D2EC
:1090600058F8242008EB84036AB9043B984504D3DC
:1090700007E0984504F1FF3403D253F80429002A8D
:10908000F7D0C9F81040304603B0BDE8F08F00209B
:1090900003B0BDE8F08F00BF2DE9F04F2DED028B3E
:1090A0008FB08DED020B0191816B1A9D059357ECEA
:1090B000106B0446934641B1C26B4A600123934052
:1090C0008B60FDF7FDFB0023A363B7F10008B4BF7D
:1090D000012300232B60BE4BBCBF28F00048CDF815
:1090E0000C8033EA080300F09F809DED028BB5EE03
:1090F000408BF1EE10FA11D1059A012313601B9BEE
:10910000002B00F03F82B34B1B9A1360013B00938E
:1091100000980FB0BDEC028BBDE8F08F0CAA0DA932
:109120002046B0EE480BFDF7F7FE5FEA1853054600
:1091300040F09280DDE90C130B4403F23242202A06
:1091400040F3FA82C2F1400208FA02F803F2124236
:10915000D64048EA060207EE102AB8EE477B581EB2
:1091600017EE906A53EC172B4FF0010AA6F1F87333
:109170009FED913B9FED927B9FED935B06EE900AF6
:1091800043EC122BB8EEE64BB7EE086B32EE466BB3
:10919000A6EE037BA4EE057BFDEEC76BB5EEC07BB0
:1091A000F1EE10FA16EE907A08D5B8EEE66BB4EE52
:1091B000476BF1EE10FA18BF07F1FF37162F00F2D8
:1091C0004581854B03EBC70393ED007BB4EEC78B62
:1091D000F1EE10FA57D5091A0023B1F1010807F191
:1091E000FF370A9300F1398100230693002F52DAEA
:1091F000069B0497DB1B06937B420893019B092B7C
:109200004FF000074ED8052B40F39D82043B01939D
:109210000026019B9A1E032A00F22581DFE812F046
:10922000AA03A7039D037E03059AC8F3130842F21D
:109230000F7358EA060813601ED11B9B002B00F029
:109240009185664B009308331B9A009813600FB00A
:10925000BDEC028BBDE8F08F18EE906AC6F31306E2
:10926000A3F2FF3053EC182B46F07F530C994FF0CC
:10927000000A43F440137BE71B9B002B40F03B8329
:10928000574B009344E7091A0023B1F101080A93F0
:1092900000F1E380069300230893019B0497092BB8
:1092A000B844B0D900230126019307964FF0FF3947
:1092B0009B460021E163CDF82C902046FDF7DAFAB9
:1092C0000090002800F04085009BA363B9F10E0FC9
:1092D00000F2DC80002E00F0D980049B002B40F3CC
:1092E000DE833D4A03F00F0102EBC10292ED007BE9
:1092F0001A11DB0540F182833A4991ED086B02F0C7
:109300000F02032088EE065B5AB13649D60704D512
:1093100091ED006B013027EE067B521001F1080140
:10932000F4D185EE076B0A9B3BB1B7EE007BB4EE40
:10933000C76BF1EE10FA00F1AE8407EE900AB8EEBA
:10934000E75BB1EE0C7BA5EE067B17EE902A51ECA5
:10935000170BA2F15071B9F1000F00F08883049E41
:109360004A46079B002B00F04784B6EE003B1A4BA1
:10937000FDEEC64B03EBC20CB8EEE47B36EE477B4A
:109380001CED026B83EE065B41EC160B14EE900AAB
:1093900035EE465B0099B4EEC75B3030F1EE10FA63
:1093A00001F8010B00F3AC84B7EE002BB2EE044BD6
:1093B0004FF0000C31E000BF61436F63A787D23FDD
:1093C000B3C8608B288AC63FFB799F501344D33FB4
:1093D0000000F07F9D060020A8020020F00500207C
:1093E000FC050020800200200CF1010C94454DDAB0
:1093F00027EE047B25EE045BFDEEC76B16EE903A7C
:10940000B8EEE63B303337EE437BB4EEC57BF1EE8E
:1094100010FA01F8013B00F1738432EE476BB4EEB1
:10942000C56BF1EE10FADFD5009A049602E08A428D
:1094300000F05084894611F8013D392BF7D00133F3
:10944000DBB20B70049B0133049355E1091A01232D
:10945000B1F101080A937FF5C7AEC1F1010306938C
:109460004FF00008C2E60026E66331462046FDF7CD
:1094700001FA0090002800F06784009BA3634FF07E
:10948000FF330B9399460123B34607930D9A002AA5
:1094900055DB04990E2952DCB74BBBF1000F03EBEF
:1094A000C10393ED006B15DAB9F1000F12DC40F047
:1094B000F282B1EE047B26EE077BB4EEC78BF1EEB1
:1094C00010FACA464E4600F26D82DDF800806FEA5F
:1094D0000B0B70E288EE067BBDEEC77B009917EEA2
:1094E000103AB9F1010F03F13003B8EEC75B01F890
:1094F000013BA5EE468B00F03483B2EE044B012312
:1095000011E088EE067BBDEEC77B013317EE102A13
:109510004B4502F13002B8EEC75B01F8012BA5EE16
:10952000468B00F01E8328EE048BB5EE408BF1EEE7
:1095300010FAE6D1049B013304938946DCE0079BD3
:1095400043B3019B012B40F37682089B09F1FF3A5C
:10955000534580F23F82089BCDF820A0AAEB03027E
:1095600017444FF0000AB9F1000FC0F22583069BA3
:1095700009934B44C844069301212046FDF74CFA59
:1095800006460CE07D4B009300980FB0BDEC028BBB
:10959000BDE8F08F069BDDF820A0079E0993099B8C
:1095A0006BB1B8F1000F0ADD434506991A46A8BF12
:1095B0004246891A9B1A06910993A8EB0208089B58
:1095C00063B1079B002B00F0A782BAF1000F00F3F4
:1095D0000482089BB3EB0A0240F0FF82012120467F
:1095E000FDF71AFA002F824600F3AF80019B012B92
:1095F00040F38781002308930120002F40F0B180C1
:10960000404410F01F0000F07A81C0F12002042ACB
:1096100000F3888040F0F681069B002B05DD29468B
:109620001A462046FDF734FB0546B8F1000F05DD6C
:10963000514642462046FDF72BFB82460A9B002BF3
:1096400040F03F81B9F1000F40F32581079B002BCB
:1096500040F0A380049B01330493DDF800800127D0
:1096600007E0294600230A222046FDF733F9013797
:10967000054651462846FFF77BFCB94500F130000E
:1096800008F8010BEDDCB9F1000F009ACCBFCB4616
:109690004FF0010B03469344002729460122204640
:1096A0000193FDF7F5FA51460546FDF769FB0028E1
:1096B00040F3AF811BF8013C009A0BF1FF3B04E043
:1096C0005A4500F0B1811BF8013D392B0BF101091E
:1096D000F6D001338BF8003051462046FDF7F0F804
:1096E00056B12FB1B74203D039462046FDF7E8F80E
:1096F00031462046FDF7E4F829462046FDF7E0F81C
:10970000002389F80030DDE904231A601B9B002B3D
:109710003FF4FEAC0098C3F800900FB0BDEC028B94
:10972000BDE8F08FC0F11C00069B03440693099B23
:109730000344099380446FE7C2F1200206FA02F263
:1097400007EE102A09E5012663E501463A46204660
:10975000FDF73EFA019B012B824640F3C5810023B1
:109760000893DAF810200AEB82021069FDF704F979
:10977000C0F1200044E700BFA80200209C060020A2
:10978000314600230A222046FDF7A4F80B9B002B4C
:10979000064640F3CE8204979946099B002B05DDCF
:1097A00031461A462046FDF773FA0646089B002B01
:1097B00040F0EB81B046029B009F03F001027B1E4C
:1097C0004B440893019B0A92134309935146284640
:1097D000FFF7CEFB314683462846FDF7D1FA4246D5
:1097E000514681462046FDF7EDFAC26801460BF16D
:1097F0003003002A42D1CDE906032846FDF7C0FA1E
:10980000069902902046FDF75BF8029A079B1AB969
:109810000999002900F07E82B9F1000FC0F283811E
:10982000019949EA01090A9951EA090900F07B8185
:10983000002A00F3C681089A3B7007F1010997429C
:10984000CB4600F0C481294600230A222046FDF7BA
:1098500041F84645054631464FF000034FF00A02F5
:10986000204612D0FDF736F84146064600230A226C
:109870002046FDF72FF84F468046A7E72046029383
:10988000FDF71EF8029B0122C6E7FDF723F84F46BD
:10989000064680469AE7019B022B71DC079B002B52
:1098A0007FF47BAF049B5146013328460493FFF7B6
:1098B0005FFBDDF800B000F130030BF8013B00273F
:1098C000EBE651462846FDF75BFA0028BFF6BAAE34
:1098D000294600230A222046FCF7FCFF049B5F1E5A
:1098E000079B0546002B7FF44BAF0B9B002B40F3EF
:1098F00018829946B1E6BC4B00930333A4E41C20C4
:1099000012E7DDE9020100287FF474AEC1F313020F
:10991000002A00F0F480029B08936DE60123079370
:10992000049B5B4403F10109B9F1010FCC460B9391
:10993000B8BF4FF0010C0021BCF1170FE1637FF7B6
:10994000BCAC01200422520002F11403634501461D
:1099500000F10100F7D9E163AFE401230793BBF104
:10996000000F52DDCDF82CB0D946DC46E3E70023EA
:109970000793D5E700230793F1E7DDF82C900497D0
:10998000B9F1000F7FF4A1AD51464B4605222046A8
:10999000FCF7A0FF014682462846FDF7F1F90028B2
:1099A0007FF793AD049B03F1010B009B3122984696
:1099B00003F8012B009351462046FCF781FF0BF181
:1099C0000103DDF800900493CDF80080002E7FF4B1
:1099D0008FAE91E6A3EB0A0AC5E531465246204612
:1099E000FDF7F6F82A46014606462046FDF742F8FE
:1099F000294605462046FCF763FFEAE50220B0EE63
:109A0000485B81E4C0F13C008EE64FF0010BD94683
:109A10004FE403D1019BDB073FF54CAED9461BF861
:109A2000013D302BFAD057E6049B009A0133049392
:109A30003123137050E6BAF1000F00F0238102F2D7
:109A40003342069B09931344DDF820A0069390440B
:109A500092E507EE900AB1EE0C5BB8EEE77BA6EE5E
:109A6000075B15EE902A51EC150BA2F1507141ECF9
:109A7000150BB1EE047B36EE477BB4EEC57BF1EE01
:109A800010FA00F33781B1EE455BB4EEC57BF1EE21
:109A900010FA7FF5FBAC4FF0000A564615E500F0D2
:109AA000F580049B51495A4202F00F0001EBC001BE
:109AB00091ED006B121128EE066B00F04281B0EEC2
:109AC000467B4B4900260220D30705D591ED005B6C
:109AD0000130012627EE057B521001F10801F3D178
:109AE000002E06FE076B1EE4029B002B7FF437AEB0
:109AF000DDE90201C1F31302002A40F037813D4A3B
:109B00000A40002A00F0FA80069B013306930123E5
:109B100008F1010808936FE52946089A2046FDF7E9
:109B200057F805465AE5002A12DD2946012220464B
:109B30000193FDF7ADF851460546FDF721F90028E0
:109B4000019B40F3E180392B00F0CA800BF1310317
:109B5000B94609F8013B049B013337460493464656
:109B6000BAE538EE088BB4EEC68BF1EE10FA0ADCDB
:109B7000B4EE468BF1EE10FA7FF4DCAC17EE103A3F
:109B8000D8077FF5D7AC009A54E471682046FCF7FB
:109B900071FE0746002800F0DE80336902339A0028
:109BA00006F10C010C30F9F7C1FF394601222046BD
:109BB000FDF76EF88046FEE5069BA3EB09030993CB
:109BC000DAE4392B00F08C80B9460133C1E7049AFE
:109BD00001323746049246465FE529462046FCF7A7
:109BE000F7FF0546FAE400BFFC050020A8020020AC
:109BF000800200200000F07F5E4BFDEEC65B03EBB1
:109C0000C20C1CED023BB8EEE57B36EE477B41EC27
:109C1000160B15EE901A23EE063B00983031012A00
:109C200000F8011B00F08380B2EE044B009B9918F2
:109C300027EE047BFDEEC76B16EE903A303300F84A
:109C4000013B8142B8EEE65B37EE457BF0D1B6EEE4
:109C5000006B33EE065BB4EEC75BF1EE10FA3FF536
:109C6000E3AB36EE436BB4EEC76BF1EE10FA7FF761
:109C70000DAC8946013919F8013C302BF9D0731C21
:109C8000049339E50C9AC2F13602DAE60220B0EE0E
:109C9000486BFFF748BBB9F1000F3FF4DAAE0B9AFF
:109CA000002A7FF7F3ABB2EE044B26EE046B0130D3
:109CB00007EE900A049BB8EEE75BB1EE0C7BA6EED4
:109CC000057B17EE90CA51EC170B5E1EACF150717C
:109CD000FFF747BB049B013304933123FFF7B1BB6C
:109CE000049BBB4601330493392337460BF8013BF1
:109CF0004646E1E44FF0000A564653E608927BE4FC
:109D0000731C04938946F7E47FF422AFDA077FF5EA
:109D10001FAF18E7392BE3D0B9F1000F3FF716AFAB
:109D200016E7019B022B3FF728AE0497BAE50146E0
:109D30008DE7019B022B3FF720AEDDF82C900497B6
:109D40002BE50220FFF7EFBA0B4B0C48002240F244
:109D5000AF11FFF7B1F8084B08483A4640F2EF213F
:109D6000FFF7AAF8064B0093FFF7D2B9029B0893BE
:109D7000F7E400BFA80200207C04002000060020B9
:109D8000F005002070B5054684B05BB11C4669B192
:109D90000E4B2846D3F8E0602346B047431C0FD053
:109DA00004B070BD00F582740029F1D1074A234642
:109DB000D2F8E06028460A4601A9B047431CEFD11B
:109DC00000228A2322602B6004B070BDB40B0020F7
:109DD00010B582B0049CCDE900344FF0FF3301F0A0
:109DE000C7FB02B010BD00BF0EB410B583B005AB09
:109DF000064C53F8042B01930146206800F0C4F888
:109E000003B0BDE8104003B0704700BF3C11002014
:109E10002DE9F04F9368176883B09246002B70D0FD
:109E200081468A6808680C46083743E0A38913F422
:109E3000906F2ED0D4E90416A0EB010806EB46067D
:109E400006EBD67608F1010076102844B04232467F
:109E500084BF064632465B0537D511464846FBF7B8
:109E600099FB019000283AD042462169F9F75EFE3D
:109E7000A289019B22F4906242F08002A281A6EBAB
:109E8000080203EB08006661A260236120602E4691
:109E9000A84642465946FCF76FF9DAF80830A2683E
:109EA0002068921B40445B1BA2602060CAF8083007
:109EB0003BB3083757E902B5002DFAD0AA4216463F
:109EC0009046B3D92E46A846E3E74846FBF71EFE68
:109ED00003460028D3D121694846FCF7AFFBA3898C
:109EE0000C2243F04003C9F800204FF0FF30A3815B
:109EF00000220023CAF80820CAF8043003B0BDE8E5
:109F0000F08F00200023CAF8043003B0BDE8F08FC2
:109F10002DE9F84F4B6E9C0490462DD5936812683E
:109F200043B38B46064602F1080959E9025A5FEA33
:109F30009A0715D0043D002401E0A7420ED055F841
:109F4000041F5A46304601F05BFA431C04F1010439
:109F5000F3D10023C8E90133BDE8F88FD8F8083001
:109F60002AF0030AA3EB0A03C8F8083009F108092C
:109F7000002BDAD10020ECE701F00CF80023C8E94F
:109F80000133BDE8F88F00BF2DE9F04F2DED028BB6
:109F9000C5B00DF1500A834608EE101A164600218E
:109FA000082250461C460793FCF762F9BBF1000FEC
:109FB00004D0DBF83430002B00F0A08618EE102A15
:109FC000536EDB0740F11385B2F90C108AB2950489
:109FD0000BD418EE103A41F4005199815B6E8AB2AD
:109FE00018EE101A23F400534B66100740F1058158
:109FF00018EE103A1B69002B00F0FF8002F01A03E4
:10A000000A2B00F00A810023CDE91933CDE90D3385
:10A010001BAA0C93189291460B930593B0464446A5
:10A02000A84BD3F8E450FCF7A7F92246034612A93F
:10A03000CDF800A05846A847002800F04581C0F29E
:10A040003981129A252A034601D01C44E8E7B4EB73
:10A050000806054640F03C81002361788DF84330C6
:10A0600004F1010806934FF0FF371E462B2408F138
:10A070000108A1F120035A2B00F27881DFE813F0E8
:10A08000B50276017601B0027601760176016A00AA
:10A09000760176017D028D027601880297027601B3
:10A0A00092025B005B005B005B005B005B005B009F
:10A0B0005B005B0076017601760176017601760120
:10A0C0007601760176015C028400760176017601E4
:10A0D0007601760176017601760176017601E80057
:10A0E00076017601760133027601DA027601760195
:10A0F0008B0576017601760176017601760176018F
:10A100007601760176015C028600760176017601A1
:10A11000CD0286007F007601C0027601FD02EA00D2
:10A12000ED027F00760133027C006905760176013D
:10A130006B0576017C00A1F13003002218F8011BA9
:10A1400002EB820203EB4202A1F13003092BF5D9A5
:10A1500006928EE75846FEF71FFE43680D93184699
:10A16000FCF7AEF90E9005465846FEF715FE8368DB
:10A170000B93002D40F0D68498F8001077E798F8FC
:10A18000001046F0200672E746F01006B40640F1D3
:10A190008E81079B073323F007031A46596852F84C
:10A1A000083B07920A460029C0F27084791C00F02F
:10A1B000A28526F08001039153EA020100F03F845A
:10A1C0000A2B72F1000180F0418530338DF80F3198
:10A1D000039E012304930DF20F14049BBB42B8BFEE
:10A1E0003B460393002308939DF84330002B00F077
:10A1F000CB80039B01330393C6E018EE101A584638
:10A2000018EE105A01F040F8002840F05286AA8952
:10A2100002F01A030A2B7FF4F6AE18EE101AB1F909
:10A220000E30002BFFF6EFAE4B6EDB0702D4970526
:10A2300040F1128618EE101A23463246584600F0B6
:10A2400069FE0590059845B0BDEC028BBDE8F08F26
:10A2500046F0100616F0200200F03681079B073307
:10A2600023F0070319465A6851F8083B079126F472
:10A2700080610391002100208DF84300781C00F0DC
:10A280001082039820F0800653EA020040F0088212
:10A29000002F40F03885002940F0D583039B13F050
:10A2A0000103049300F0118430238DF80F310DF277
:10A2B0000F1492E7082200215046FBF7D9FF012333
:10A2C0001C44ADE6B40B0020B4EB080605461BD0D9
:10A2D000199B1A9A01333244072BC9E900861A9256
:10A2E00019931CDD002A00F0A68318EE101A18AA94
:10A2F0005846FFF70DFE20BB0DF16C09059B33445A
:10A300000593002D7FF4A8AE1A9B002B40F0C18569
:10A3100018EE103A0022B3F90C30199215E009F149
:10A320000809EBE718EE101A18AA5846FFF7F0FDD7
:10A33000002800F0A680089B1BB108995846FCF73E
:10A340007DF918EE103AB3F90C3018EE102A526E5F
:10A3500012F0010F9AB200F0A080500600F1B28511
:10A36000059845B0BDEC028BBDE8F08F0029CBD03D
:10A3700000238DF843300123CDE903338DF8AC1071
:10A380002BAC002308931F4616F00203099302D05A
:10A39000039B0233039316F084030A9305D1069BB3
:10A3A000039A9D1A002D00F37B82DDE91903411CFD
:10A3B0009DF8432082B101220133C9F80420072906
:10A3C0000DF14302CDE91913C9F8002000F34A82C8
:10A3D000084609F108090131099AE2B111AA0233CC
:10A3E000C9F8002007294FF00202CDE91913C9F876
:10A3F000042040F35082002B00F0438318EE101A23
:10A4000018AA5846FFF784FD002894D1DDE9190306
:10A410000DF16C09411C0A9A802A00F08481049A8B
:10A42000BD1A002D00F3D781049AC9F800401344E7
:10A430000729CDE91913C9F8042040F36E81002BD8
:10A4400000F0758218EE101A18AA5846FFF760FD42
:10A4500000287FF470AF1A9B0DF16C09750705D5C4
:10A46000069A0399541A002C00F36B82DDE905214A
:10A4700003988142ACBF521812180592002B7FF44A
:10A4800051AF089900231993002900F049815846DB
:10A49000FCF7D4F80DF16C09C1E59C053FF55DAF03
:10A4A00018EE104AA06DFCF703F8A28955E7F006F4
:10A4B000079A00F11F83710640F1198332F9043BBA
:10A4C0000792DA1711466EE616F01003079940F06E
:10A4D000098316F0400000F001831A4651F8043B4E
:10A4E00007919BB2C3E6079B1A4600238DF84330C1
:10A4F000134653F8044B0393002C00F012845329A5
:10A5000000F0658316F0100540F061837B1C00F0BD
:10A51000B3843A4629462046FEF742FC08900028BC
:10A5200000F09F84031B039A049323EAE3732F46EE
:10A5300007920393089557E6432902D0F50640F1A8
:10A540002D83079D0822002116A82BACFBF790FE57
:10A5500016AB55F8042B21465846FFF713FC03466B
:10A560000133049000F0B384049B079523EAE3735E
:10A57000039300238DF8433003E7079B53F8042B24
:10A580000692002A80F29C82069A5242CDE9062366
:10A5900098F8001046F0040669E598F800108DF868
:10A5A000434064E598F8001046F080065FE54246B7
:10A5B00012F8011B2A2900F09684A1F13003092B1F
:10A5C00090464FF000073FF654AD18F8011B07EB1B
:10A5D000870703EB4707A1F13003092BF5D948E5BD
:10A5E00098F8001046F0010641E59DF84330002B35
:10A5F0007FF4C2AD202398F800108DF8433036E583
:10A6000098F800106C2903BF98F8011046F0200656
:10A6100008F1010846F0100629E598F800106829AD
:10A6200003BF98F8011046F4007608F1010846F0DF
:10A6300040061CE546F010030393039B13F0200231
:10A6400000F00682079B073323F0070319465A6878
:10A6500051F8083B079101210DE6079A46F00203E5
:10A66000039352F8043B079247F63002ADF84420BA
:10A67000B84A0C9202210022FDE5B70600F148829B
:10A68000F50600F14683740600F1D583B00540F16C
:10A690004083079B059953F8042B07931170BEE480
:10A6A000039601293FF48CAD022944AC11D10C98DA
:10A6B00003F00F011B09415C04F8011D43EA02731A
:10A6C000120953EA0201F3D1039E44AB1B1B04930E
:10A6D00083E503F00701DB0843EA4273D208303117
:10A6E00053EA0205204604F8011DF2D1039EF30748
:10A6F000EBD53029E8D03023023804F8013C44ABD4
:10A700001B1A039E0493044667E5049B1B940122D5
:10A710001C931A9319920DF16C0909F108099DE631
:10A720000DF16C097BE4069A039D551B002D7FF704
:10A7300076AE102D40F3BB83099418EE104A07E063
:10A7400000F1020C09F108091046103D102D1EDD24
:10A750008149C9F80010421C10331021072ACDE9A5
:10A760001923C9F80410EBDD18AA002B74D0214678
:10A7700058460DF16C09FFF7CBFB00287FF4DBADE9
:10A78000DDE91903103D102D00F1010CE0DC099CFE
:10A79000714AC9F804502B44BCF1070FCDE919C325
:10A7A000C9F8002040F39481002B00F01F8318EEBD
:10A7B000101A18AA5846FFF7ABFB00287FF4BBAD70
:10A7C000049ADDE91903BD1A002D00F101010DF114
:10A7D0006C097FF729AE102D29DD0994102718EE9A
:10A7E000104A07E000F1020C09F108091046103D7B
:10A7F000102D1ADD421C58491033072AC9E90017E9
:10A80000CDE91923EEDD18AA03B3214658460DF110
:10A810006C09FFF77DFB00287FF48DADDDE919039E
:10A82000103D102D00F1010CE4DC099C61464A4A00
:10A83000C9F804502B440729CDE91913C9F80020A1
:10A8400000F3E78009F108090131EDE54FF0010C53
:10A8500018460DF16C09CAE74FF0010C18460DF1CE
:10A860006C0972E7002B00F0048118EE101A18AA88
:10A870005846FFF74DFB00287FF45DADDDE9190375
:10A880000DF16C09411CA7E5022311AA1C931B9230
:10A8900001210DF16C09084609F10809411CBAE5CE
:10A8A000102D40F3E582DDE919130F94084618EEE8
:10A8B000104A07E000F1020C09F108091046103DAA
:10A8C000102D1DDD2549C9F80010421C1033102140
:10A8D000072ACDE91923C9F80410EBDD18AA03B340
:10A8E000214658460DF16C09FFF712FB00287FF452
:10A8F00022ADDDE91903103D102D00F1010CE1DC62
:10A900000F9C6046154AC9F804502B440728CDE92E
:10A910001903C9F8002000F3C18009F10809411C9E
:10A9200046E518464FF0010C0DF16C09C7E77607B4
:10A93000199353D5069A0399541A002C4EDD0DF144
:10A940006C09102C40F3B082199918EE106A10258A
:10A950000DE000BF6C060020640A0020B006002055
:10A96000881C09F108091146103C102C1ADD4A1CFC
:10A97000B3481033072AC9E90005CDE91923EFDDF3
:10A9800018AA33B331465846FFF7C2FA00287FF4BD
:10A99000D2ACDDE91913103C102C01F101000DF1CE
:10A9A0006C09E4DCA64AC9F8044023440728CDE931
:10A9B0001903C9F800207FF759AD7BB118EE101AC2
:10A9C00018AA5846FFF7A4FA00287FF4B4AC1A9BE3
:10A9D0004CE5012019460DF16C09C5E7DDE90532AA
:10A9E00003998A42ACBF9B185B18059349E5B2F9FD
:10A9F0000C108F0518EE103A8AB23FF5E8AA18EE4F
:10AA0000105A986DFBF752FDB5F90C108AB2FFF79A
:10AA1000DEBA002B3FF479AE18EE101A18AA584689
:10AA2000FFF776FA00287FF486AC19991A9B01315A
:10AA30000DF16C09F8E419920DF16C095EE4002F38
:10AA40007FF4C3AB039E0027049744ACFFF7C5BB5C
:10AA5000039B13F0100354D1039A12F0400000F04E
:10AA60006B8107991A4651F8043B07919BB201216B
:10AA700001E4099A002A64D1184601210DF16C09FC
:10AA8000C9E4012118460DF16C09C4E45B4262EB94
:10AA9000420203962D200121FFF7EEBB002B00F0B0
:10AAA000888018EE101A18AA5846FFF731FA0028C5
:10AAB0007FF441ACDDE919030DF16C09411C77E429
:10AAC00098F800100793FFF7D2BA44ACFFF785BBA4
:10AAD00009F108090CF101016046A0E416F40072C6
:10AAE00040F0978151F8043B0791FFF7C0BBB305D5
:10AAF00000F1888152F8043B0792DA171146FFF7FC
:10AB000052BB079951F8043B07910121FFF7B3BBF2
:10AB1000079B059853F8041B0793C217C1E900026D
:10AB2000FFF77DBA0B9B002B3FF426AB0B9B1B78EA
:10AB3000002B3FF421AB98F8001046F48066FFF735
:10AB400096BA022311AA1C931B9201200DF16C09E5
:10AB5000A2E6039671E53B4B0C9316F0200259D008
:10AB6000079B073323F0070318465A6850F8083B41
:10AB70000790F40709D553EA020006D08DF8451076
:10AB8000302146F002068DF8441026F480610391CE
:10AB90000221FFF770BB2C4B0C93DEE7079B0121D2
:10ABA00053F8042B03918DF8AC20079304912BAC40
:10ABB000DFE49DF84320002A40F03281099A002A00
:10ABC0007FF462AE184601210DF16C0927E40021E3
:10ABD000082216A81394FBF74BFB791C00F0BC80ED
:10ABE000002507942C460CE02BA95846FFF7CAF81D
:10ABF000421C204400F06B81B84208DC00F07081F8
:10AC00000446139A525916AB0435002AECD1049429
:10AC1000079CAFE016F0100307980CD116F0400423
:10AC200005D01A4650F8043B07909BB2A1E716F4F2
:10AC3000007240F0E18050F8043B079099E700BFB4
:10AC4000B00600206C0600208006002003990497BF
:10AC500044AC9E4608EE90BA01F480664FF0000CBA
:10AC6000234606E0BEF10A0F72F1000239D3A64670
:10AC70002A46A6491EEB020040F100000F46A1FB48
:10AC8000001424F0030101EB9401401ABEEB000113
:10AC90004FF0CC3562F1000405FB01F507FB0455CC
:10ACA000A1FB07410D44052704F00101A1FB071B8F
:10ACB00009186408303103F8011C44EAC5740CF12A
:10ACC000010C013B6D08002ECCD00B990978614531
:10ACD000C8D1BCF1FF0FC5D0BEF10A0F72F100025E
:10ACE0006CD21C4644AB1B1B049F039E049318EEBE
:10ACF00090BAFFF772BA0396FFF762BA5846FBF7AD
:10AD000087F9FFF75BB9012903967FF4CDACFFF714
:10AD10005CBA079B059953F8042B11600793FFF762
:10AD20007EB9062F3B46039A794C079228BF06232B
:10AD300004930393FFF725BB039B079913F4007259
:10AD400014BF51F8043B51F8043B07911CBF024665
:10AD5000DBB20121FFF78FBA16AB0093002319462F
:10AD600013AA5846FFF734F803460133049000F065
:10AD7000AE801394049B002B30D0632B63DC002344
:10AD800008932BAC0822002116A8FBF771FA049D4A
:10AD900016AB009313AA2B4621465846FFF718F826
:10ADA000854240F0AB80039B049A07930023A35491
:10ADB0001F4622EAE2730393FFF716BA0E9A0D9923
:10ADC0009B1A18460893FBF7A5FA0B99089B4A783B
:10ADD0000AB101310B914FF0000C48E7039B079338
:10ADE000049B03931F460893FFF7FEB90121184601
:10ADF0000DF16C09FFF713BB50F8043B0790224696
:10AE0000DBB2B6E612F9043B0792DA171146FFF7F8
:10AE1000CAB951F8043B07910246DBB2FFF727BAE3
:10AE200001231C9301210DF143031B930DF16C09C8
:10AE30000B46FFF7CDBA079B059953F8042B0793F0
:10AE40001180FFF7ECB8591C5846FAF7A3FB0446EB
:10AE500000283CD0089095E7886DFBF729FBFFF7A9
:10AE6000E9B9039B0793CDE90377089FFFF7BCB9C6
:10AE700019981A9B013045E5039B07932046FBF781
:10AE80001FFB20EAE0732F46049003930895FFF719
:10AE9000ABB918EE101A18AA5846FFF739F800286F
:10AEA0003FF436AAFFF74DBA199801307AE58C467F
:10AEB0006EE46B6ED90705D4AB899A0502D4A86DF0
:10AEC000FBF7F6FA4FF0FF330593FFF749BA18EE98
:10AED000102AB2F90C3043F040039381FFF735BAE2
:10AEE000079C049746E7079B98F8011053F8047BEA
:10AEF0000793904647EAE777FFF7B9B818EE102AAC
:10AF0000938943F040039381FFF715BACDCCCCCCA5
:10AF10009406002070B50C468989ADF58E6D21F040
:10AF20000201ADF81410616E1B91E189ADF81610A5
:10AF3000E1690991616A0B911CA9029106914FF494
:10AF4000806106460491079118A80021CDE90032DE
:10AF50000891FBF7A7FADDE9003202A93046FFF7B6
:10AF600013F8051E07DB02A93046FDF7EBFE0028AB
:10AF700018BF4FF0FF35BDF814305B0603D5A38929
:10AF800043F04003A3811898FBF78EFA28460DF58D
:10AF90008E6D70BD9368002B00F085802DE9F04F19
:10AFA000B1F90C300C461907804683B0174698B2A9
:10AFB00025D523691BB310F002033D682DD04FF057
:10AFC000000ADFF8C0B25646B9465E4533465246DF
:10AFD00028BF5B464046002E52D0E169676AB847F9
:10AFE000002856DDD9F808301B1A8244361AC9F8F1
:10AFF0000830002BE9D1002003B0BDE8F08F2146D6
:10B00000404600F041F9002840F03881B4F90C3096
:10B010003D6898B210F00203D1D110F0010944D17B
:10B020004E46009746B38205D4F808B040F18580BB
:10B03000B3455A4600F2B48010F4906F40F0C180DE
:10B04000206801924946FBF797F8A368019AA3EBA1
:10B050000B012368A1601344B24623600026009AC6
:10B060009368A3EB0A03D1449360002BC3D0B4F9D7
:10B070000C0080B2002ED6D1D5E900960835D1E774
:10B08000D5E900A60835A0E721464046FDF75AFE5F
:10B0900088B3B4F90C3043F040034FF0FF30A38184
:10B0A00003B0BDE8F08F002070471E46BA469946AF
:10B0B000184600951F4666B3002832D04A46D4E9A8
:10B0C00004132068A568B24228BF3246884204D9DA
:10B0D00005EB030B5A4500F3A780934264DCE1695A
:10B0E000656A3A464046A847B0F1000BD1DDB9EB9E
:10B0F0000B09C9D00120DAF80830A3EB0B035F4439
:10B10000A6EB0B06CAF80830002B3FF474AF002EF4
:10B11000D2D1009A5668134608320092002EF8D019
:10B120001F6832460A213846FDF73AFE002800F033
:10B130009C800130A0EB0709C0E720682369984292
:10B1400016D86269B24213D86FF00043B34228BFE9
:10B150003346E16993FBF2F3676A02FB03F340466F
:10B160004A46B847B0F1000A93DDA6EB0A0676E737
:10B17000B345DA4628BFB24652464946FAF7FCFFC5
:10B18000A3682268A3EB0A035244A3602260002B49
:10B19000EBD121464046FDF7D5FD0028E5D078E704
:10B1A0002068B34632464CE739460192FAF7E4FF8D
:10B1B000019AA3689B1AA3602368134423609346F3
:10B1C00095E723682169A3EB010B636903EB430A4D
:10B1D0000AEBDA7A0BF101034FEA6A0A334453456A
:10B1E000524684BF9A46524643052CD511464046E6
:10B1F000FAF7D0F900283BD05A4621690190F8F7B8
:10B2000095FCA289019B22F4906242F08002A28107
:10B2100003EB0B002361AAEB0B03C4F814A0A3609B
:10B220002060B34632460CE739465A46FAF7A4FF87
:10B2300023685B44236021464046FDF783FD0028D8
:10B240003FF455AF25E74046FAF760FC0346002877
:10B25000DED121694046FBF7F1F9B4F90C300C223C
:10B2600023F08003C8F8002015E7721C914626E7FA
:10B270000C22B4F90C30C8F800200CE74FF0FF3076
:10B28000BAE600BF00FCFF7F38B5314B1B680546AE
:10B290000C4613B15A6B002A4ED0B4F90C30180783
:10B2A0009AB21CD5216929B312F0010007D0002001
:10B2B000A06060694042A06139B1002038BD9507A7
:10B2C00058BF6069A0600029F7D1120658BF084630
:10B2D000F4D543F04003A3814FF0FF3038BDD106D1
:10B2E0002ED5520714D4216943F00803A3819AB2E2
:10B2F0000029D9D102F42070B0F5007FD4D02146C6
:10B30000284600F047F9B4F90C3021699AB2CBE72E
:10B31000216B51B104F14002914204D02846FBF761
:10B320008DF9B4F90C300022226321690022C4E9AE
:10B33000001223F02403D7E71846FAF769FEACE7BA
:10B34000092243F040032A604FF0FF30A38138BD4B
:10B350003C1100202DE9F04782B082468846144611
:10B36000FBF70AF8012803D108F1FF33FE2B36D989
:10B370000DF10409424604F15C0349465046FEF7CC
:10B3800001FD421C064632D020B39DF804C00025C2
:10B3900009E023685A1C226083F800C00135B542D9
:10B3A00018D219F801CFA368013B002BA360F0DA93
:10B3B000A769BB4261462246504602DBBCF10A0F38
:10B3C000E7D100F053F9431CE8D10646304602B0FD
:10B3D000BDE8F0874646304602B0BDE8F0875FFA28
:10B3E00088FC8DF804C006460DF10409CFE7A38957
:10B3F000304643F04003A38102B0BDE8F08700BFB0
:10B4000030B5536E13F0010FB2F90C30144683B00F
:10B4100005469AB201D198051CD5900406D4626EF7
:10B4200043F4005342F40052A38162662246284648
:10B43000FFF790FF636EDA07054602D4A3899B05E8
:10B4400002D5284603B030BDA06DFBF731F8284681
:10B4500003B030BDA06D0191FBF728F8B4F90C30B2
:10B4600001999AB2D9E700BF2DE9F04F8BB0DDE921
:10B47000158A149F0391814605921E46B8F1000F6C
:10B480005CD0039B002B5ED0059B1D68002F6AD00B
:10B49000741E4EB3039B0493043D002601950BE0FC
:10B4A000039B2BBB019B1A68002A3AD0BC455CD297
:10B4B000013C631C664617D0D8F800300293019B0C
:10B4C000DAF8E05053F8042F019307A943464846A1
:10B4D000D8F804B0A847421C3AD000EB060CBC4593
:10B4E000DED9029BC8E9003B30460BB0BDE8F08FC7
:10B4F00000280EDD049B019D18445A1E07A900F187
:10B50000FF3E11F8013B02F8013F7245F9D1019568
:10B510000490059B1A6804321A60019B1A68002A7D
:10B52000C4D1039B0BB1059B1A600CF1FF360022BE
:10B530003046C8F800200BB0BDE8F08F039B00F543
:10B540008678002BA0D1059B4FF0FF371D689FE741
:10B5500006468A2100223046C9F80010C8F80020AB
:10B560000BB0BDE8F08F3E46BEE76646BCE700BFC5
:10B5700010B584B0054C06980090079801900448D7
:10B5800000680294FFF770FF04B010BDB40B0020F8
:10B590003C1100202DE9F0418B890C46990796B0AB
:10B5A00008D504F143030122C4E90432236016B034
:10B5B000BDE8F081B4F90E100029064625DB6A4685
:10B5C00000F0ACF800281FDB019D05F47045A5F5DF
:10B5D0000055B5FA85F54FF480686D094FF40067A2
:10B5E00041463046F9F7D6FFE0B1B4F90C30C4F863
:10B5F000148043F0800320602061A38135BB3B436E
:10B60000A38116B0BDE8F081A38913F0800519D09D
:10B610004FF040080025414630462F46F9F7BAFF63
:10B620000028E2D1B4F90C309A05C0D423F003030A
:10B6300004F1430243F002030121C4E90421A38180
:10B640002260B4E74FF480682F46C9E7B4F90E10C2
:10B65000304600F079F810B9B4F90C30CFE7A3897F
:10B6600023F0030343F001031BB2C8E7F8B50D460E
:10B670001446064610B1436B002B4CD0B4F90C2095
:10B68000A369A360170790B21BD52369CBB1EDB2B4
:10B6900081042F4622D522686169D31A994229DD97
:10B6A0000133A1680139A160511C216015706269E4
:10B6B0009A4227D0A389DB0701D50A2D22D038462C
:10B6C000F8BD21463046FFF7DFFD08BBB4F90C207A
:10B6D000236990B2EDB281042F46DCD442F40052CB
:10B6E000A281626E616922F4005262662268D31AF6
:10B6F0009942D5DC21463046FDF724FB40B922684B
:10B700000123CEE721463046FDF71CFB0028D6D0AA
:10B710004FF0FF37D3E7FAF77BFCAFE770B50C4685
:10B72000084D03460026204611461C462E60F8F7B9
:10B73000AFFB431C00D070BD2B68002BFBD02360F7
:10B7400070BD00BF7443002038B5074D0022044689
:10B7500008462A60F8F7A2FB431C00D038BD2B68CE
:10B76000002BFBD0236038BD744300200000000094
:10B770005FF800F0AD1A00605FF800F0591A006041
:04B78000F8B500BF59
:10B7840000000000000000000000000000000000B5
:10B7940000000000000000000000000000000000A5
:10B7A4000000000000000000000000000000000095
:10B7B4000000000000000000000000000000000085
:10B7C4000000000000000000000000000000000075
:10B7D4000000000000000000000000000000000065
:10B7E4000000000000000000000000000000000055
:10B7F4000000000000000000000000000000000045
:10B804000000000000000000000000000000000034
:10B814000000000000000000000000000000000024
:10B824000000000000000000000000000000000014
:10B834000000000000000000000000000000000004
:10B8440000000000000000000000000000000000F4
:10B8540000000000000000000000000000000000E4
:10B8640000000000000000000000000000000000D4
:10B8740000000000000000000000000000000000C4
:10B8840000000000000000000000000000000000B4
:10B8940000000000000000000000000000000000A4
:10B8A4000000000000000000000000000000000094
:10B8B4000000000000000000000000000000000084
:10B8C4000000000000000000000000000000000074
:10B8D4000000000000000000000000000000000064
:10B8E4000000000000000000000000000000000054
:10B8F4000000000000000000000000000000000044
:10B904000000000000000000000000000000000033
:10B914000000000000000000000000000000000023
:10B924000000000000000000000000000000000013
:10B934000000000000000000000000000000000003
:10B9440000000000000000000000000000000000F3
:10B9540000000000000000000000000000000000E3
:10B9640000000000000000000000000000000000D3
:10B9740000000000000000000000000000000000C3
:10B9840000000000000000000000000000000000B3
:10B9940000000000000000000000000000000000A3
:10B9A4000000000000000000000000000000000093
:10B9B4000000000000000000000000000000000083
:10B9C4000000000000000000000000000000000073
:10B9D4000000000000000000000000000000000063
:10B9E4000000000000000000000000000000000053
:10B9F4000000000000000000000000000000000043
:10BA04000080E03779C34143176E05B5B5B8934656
:10BA1400F5F93FE9034F384D321D30F94877825A22
:10BA24003CBF737FDD4F1575000000000000F03F40
:10BA34000000000000002440000000000000594005
:10BA44000000000000408F40000000000088C34058
:10BA540000000000006AF8400000000080842E41CD
:10BA640000000000D01263410000000084D7974119
:10BA74000000000065CDCD41000000205FA002421F
:10BA8400000000E876483742000000A2941A6D4294
:10BA9400000040E59C30A2420000901EC4BCD64287
:10BAA40000003426F56B0C430080E03779C3414332
:10BAB40000A0D8855734764300C84E676DC1AB43A8
:10BAC400003D9160E458E143408CB5781DAF1544C6
:10BAD40050EFE2D6E41A4B4492D54D06CFF08044A1
:10BAE400F64AE1C7022DB544B49DD9794378EA44B6
:10BAF4000000010100010101010201010202010231
:10BB04000301020302020402020502020503020603
:10BB140003020703020704030704030705040705D8
:10BB240004070605070606070606070707070700B2
:10BB340000000000000000000000000800000000F9
:10BB4400000000000000000054783A2025332E3312
:10BB5400582025642000000025322E325820000091
:10BB64000000000000000000051500008100000036
:10BB7400C10C000039020000910700003D020000E2
:10BB8400410200000000000000000000691C0000E9
:10BB9400752C0000712C00006D2C0000692C000035
:10BBA400652C0000612C00005D2C000000000000EA
:10BBB40000000000FD0100001D0200002C2066753D
:10BBC4006E6374696F6E3A200000000061737365E0
:10BBD4007274696F6E2022257322206661696C6518
:10BBE400643A2066696C6520222573222C206C69D6
:10BBF4006E65202564257325730A000042616C6C10
:10BC04006F63207375636365656465640000000099
:10BC14002F646174612F6A656E6B696E732F776F21
:10BC2400726B73706163652F474E552D746F6F6C23
:10BC3400636861696E2F61726D2D31312F73726388
:10BC44002F6E65776C69622D63796777696E2F6EE5
:10BC540065776C69622F6C6962632F7374646C69B5
:10BC6400622F6D707265632E630000000020202037
:10BC74002020202020202828282828202020202098
:10BC84002020202020202020202020202088101068
:10BC940010101010101010101010101010040404C4
:10BCA4000404040404040410101010101010414182
:10BCB4004141414101010101010101010101010170
:10BCC4000101010101010101101010101010424284
:10BCD4004242424202020202020202020202020240
:10BCE40002020202020202021010101020000000E0
:10BCF4000000000000000000000000000000000040
:10BD0400000000000000000000000000000000002F
:10BD1400000000000000000000000000000000001F
:10BD2400000000000000000000000000000000000F
:10BD340000000000000000000000000000000000FF
:10BD440000000000000000000000000000000000EF
:10BD540000000000000000000000000000000000DF
:10BD640000000000000000000000000000000000CF
:10BD7400496E66696E697479000000004E614E0078
:10BD84002F646174612F6A656E6B696E732F776FB0
:10BD9400726B73706163652F474E552D746F6F6CB2
:10BDA400636861696E2F61726D2D31312F73726317
:10BDB4002F6E65776C69622D63796777696E2F6E74
:10BDC40065776C69622F6C6962632F7374646C6944
:10BDD400622F64746F612E6300000000494E4600B8
:10BDE400696E66004E414E006E616E003031323332
:10BDF40034353637383961626364656600000000A3
:10BE0400303132333435363738394142434445468C
:10BE140000000000286E756C6C29000030000000E2
:10BE2400202020202020202020202020202020200E
:10BE340020202020202020202020202020202020FE
:10BE440000000042C8801F40B8821F400800000064
:10BE540000000042C4801F40B4821F400400000060
:10BE640000C0004224801F4014821F4010000000C4
:10BE740000C0004228801F4018821F40200000009C
:10BE840000C000422C801F401C821F404000000064
:10BE940000C0004234801F4024821F400001000083
:10BEA4000040004264811F4054831F40000400008E
:10BEB4000040004280811F4070831F400000020048
:10BEC400004000427C811F406C831F400000010041
:10BED4000040004268811F4058831F400008000052
:10BEE400004000423C811F402C831F4001000000A1
:10BEF4000040004244811F4034831F40040000007E
:10BF04000040004240811F4030831F400200000077
:10BF14000040004248811F4038831F400800000051
:10BF24000000004204811F40F4821F40000004000E
:10BF34000000004208811F40F8821F4000000800F2
:10BF44000000004218811F4008831F400000800049
:10BF54000000004214811F4004831F400000400081
:10BF64000000004200811F40F0821F4000000200D8
:10BF740000000042FC801F40EC821F4000000100D2
:10BF84000000004224811F4014831F40000000046D
:10BF94000000004228811F4018831F400000000851
:10BFA400000000421C811F400C831F400000000160
:10BFB4000000004220811F4010831F400000000247
:10BFC40000000042EC801F40DC821F400010000093
:10BFD40000000042F0801F40E0821F40002000006B
:10BFE4000000004234811F4024831F4000000040B1
:10BFF4000000004238811F4028831F400000008059
:10C004000080004294801F4084821F40000004008E
:10C0140000C0004290801F4080821F4000000080CA
:10C0240000800042A8801F4098821F4000008000CA
:10C0340000800042A4801F4094821F400000400002
:10C04400004000426C811F405C831F4000100000D0
:10C0540000C0004230801F4020821F40800000004A
:10C0640000800042C8811F40B8831F400080000048
:10C0740000800042C4811F40B4831F400040000080
:10C0840000800042C0811F40B0831F400020000098
:10C0940000800042BC811F40AC831F4000100000A0
:10C0A40000800042D0811F40C0831F400000020076
:10C0B40000800042CC811F40BC831F40000001006F
:10C0C40005000000190000007D00000007080C0BAB
:10C0D40006050F000D0E0102838407080C0B0605EC
:10C0E4000F000D0E0102838454616E64656D204C53
:10C0F4006576656C6C65722053637261706572203D
:10C10400416E676C650000002E0000004C435F43E5
:10C114004F4C4C41544500004C435F4354595045E7
:10C12400000000004C435F4D4F4E455441525900AE
:10C134004C435F4E554D4552494300004C435F54B8
:10C14400494D45004C435F4D4553534147455300CA
:10C154000001000040110020120000000006000051
:10C16400F41B00600A00000000020000901B006045
:10C1740062000000000700002C1B00606200000049
:10C18400EE0300007C11002012000000000004EE09
:10C19400541100202800000000030000281B006048
:10C1A4000000000001030904101B006000000000EF
:10C1B40002030904F81A00600000000003030904E4
:10C1C40090110020000000000000000000000000AA
:10C1D400000000003030303030303030303030301B
:10C1E400303030303030303030303030303030304B
:10C1F40030303030000000000000000028420020F1
:10C2040090420020F84200200000000000000000DE
:10C21400000000000000000000000000000000001A
:10C22400000000000000000000000000000000000A
:10C2340000000000000000000000000000000000FA
:10C2440000000000000000000000000000000000EA
:10C2540000000000000000000000000000000000DA
:10C2640000000000000000000000000000000000CA
:10C2740000000000000000000000000000000000BA
:10C2840000000000000000000000000000000000AA
:10C2940001000000000000000E33CDAB34126DE647
:10C2A400ECDE05000B0000000000000000000000B0
:10C2B400000000000000000000000000000000007A
:10C2C400000000000000000000000000000000006A
:10C2D400000000000000000000000000000000005A
:10C2E400000000000000000000000000000000004A
:10C2F400000000000000000000000000000000003A
:10C304000000000000000000000000000000000029
:10C3140000000000000000000029DE07007B9A17DF
:10C324000C04002000000000E803000000000000EE
:10C3340080302020430000000000000000000000C6
:10C3440000000000000000000000000000000000E9
:10C354000000000043000000000000000000000096
:10C3640000000000000000000000000000000000C9
:10C374000000000043000000000000000000000076
:10C3840000000000000000000000000000000000A9
:10C394000000000043000000000000000000000056
:10C3A4000000000000000000000000000000000089
:10C3B4000000000043000000000000000000000036
:10C3C4000000000000000000000000000000000069
:10C3D4000000000043000000000000000000000016
:10C3E4000000000000000000000000000000000049
:10C3F40000000000430000000000000000000000F6
:10C404000000000000000000000000000000000028
:10C4140000000000ED530000494C00000000000043
:10C42400EC0400208809002048040020480400206F
:10C434004804002048040020480400204804002048
:10C44400480400204804002048040020FFFFFFFFA8
:10C45400FFFFFFFFFFFFFFFFFFFF0000010041534D
:10C4640043494900000000000000000000000000F3
:10C474000000000000000000000000000000415324
:10C4840043494900000000000000000000000000D3
:10C494000000000000000000000000000000000098
:10C4A4000000000000000000200D0020200D0020EE
:10C4B400280D0020280D0020300D0020300D002014
:10C4C400380D0020380D0020400D0020400D0020C4
:10C4D400480D0020480D0020500D0020500D002074
:10C4E400580D0020580D0020600D0020600D002024
:10C4F400680D0020680D0020700D0020700D0020D4
:10C50400780D0020780D0020800D0020800D002083
:10C51400880D0020880D0020900D0020900D002033
:10C52400980D0020980D0020A00D0020A00D0020E3
:10C53400A80D0020A80D0020B00D0020B00D002093
:10C54400B80D0020B80D0020C00D0020C00D002043
:10C55400C80D0020C80D0020D00D0020D00D0020F3
:10C56400D80D0020D80D0020E00D0020E00D0020A3
:10C57400E80D0020E80D0020F00D0020F00D002053
:10C58400F80D0020F80D0020000E0020000E002001
:10C59400080E0020080E0020100E0020100E0020AF
:10C5A400180E0020180E0020200E0020200E00205F
:10C5B400280E0020280E0020300E0020300E00200F
:10C5C400380E0020380E0020400E0020400E0020BF
:10C5D400480E0020480E0020500E0020500E00206F
:10C5E400580E0020580E0020600E0020600E00201F
:10C5F400680E0020680E0020700E0020700E0020CF
:10C60400780E0020780E0020800E0020800E00207E
:10C61400880E0020880E0020900E0020900E00202E
:10C62400980E0020980E0020A00E0020A00E0020DE
:10C63400A80E0020A80E0020B00E0020B00E00208E
:10C64400B80E0020B80E0020C00E0020C00E00203E
:10C65400C80E0020C80E0020D00E0020D00E0020EE
:10C66400D80E0020D80E0020E00E0020E00E00209E
:10C67400E80E0020E80E0020F00E0020F00E00204E
:10C68400F80E0020F80E0020000F0020000F0020FC
:10C69400080F0020080F0020100F0020100F0020AA
:10C6A400180F0020180F0020200F0020200F00205A
:10C6B400280F0020280F0020300F0020300F00200A
:10C6C400380F0020380F0020400F0020400F0020BA
:10C6D400480F0020480F0020500F0020500F00206A
:10C6E400580F0020580F0020600F0020600F00201A
:10C6F400680F0020680F0020700F0020700F0020CA
:10C70400780F0020780F0020800F0020800F002079
:10C71400880F0020880F0020900F0020900F002029
:10C72400980F0020980F0020A00F0020A00F0020D9
:10C73400A80F0020A80F0020B00F0020B00F002089
:10C74400B80F0020B80F0020C00F0020C00F002039
:10C75400C80F0020C80F0020D00F0020D00F0020E9
:10C76400D80F0020D80F0020E00F0020E00F002099
:10C77400E80F0020E80F0020F00F0020F00F002049
:10C78400F80F0020F80F00200010002000100020F7
:10C7940008100020081000201010002010100020A5
:10C7A4001810002018100020201000202010002055
:10C7B4002810002028100020301000203010002005
:10C7C40038100020381000204010002040100020B5
:10C7D4004810002048100020501000205010002065
:10C7E4005810002058100020601000206010002015
:10C7F40068100020681000207010002070100020C5
:10C804007810002078100020801000208010002074
:10C814008810002088100020901000209010002024
:10C824009810002098100020A0100020A0100020D4
:10C83400A8100020A8100020B0100020B010002084
:10C84400B8100020B8100020C0100020C010002034
:10C85400C8100020C8100020D0100020D0100020E4
:10C86400D8100020D8100020E0100020E010002094
:10C87400E8100020E8100020F0100020F010002044
:10C88400F8100020F81000200011002000110020F2
:10C8940008110020081100201011002010110020A0
:10C8A4001811002018110020FFFFFFFF00000200F4
:10C8B400000000000300000028420020780A002045
:10C8C40012010002EF020140C01683047902010242
:10C8D4000301000028000000000104000100000022
:10C8E40000000000020157494E5553420000000069
:10C8F40000000000000000000000000012034D00D2
:10C90400530046005400310030003000F8000000AD
:10C914000C03000000000000000000000000000004
:10C9240000000000000010000000000000000000F3
:10C9340000000000000000000000000000000000F3
:10C9440000000000000000000000000000000000E3
:10C9540000000000000000000000000000000000D3
:10C9640000000000000000000000000000000000C3
:10C9740000000000000000000000000000000000B3
:10C9840000000000000000000000000000000000A3
:10C994000000000000000000000000000000000093
:10C9A4000000000000000000000000000000000083
:10C9B4000000000000000000000000000000000073
:10C9C4000000000000000000000000000000000063
:10C9D4000000000000000000000000000000000053
:10C9E4000000000000000000000000000000000043
:10C9F4000000000000000000000000000000000033
:10CA04000000000000000000000000000000000022
:10CA14000000000000000000000000000000000012
:10CA24000000000000000000000000000000000002
:10CA340000000000000000000000000000000000F2
:10CA440000000000000000000000000000000000E2
:10CA540000000000000000000000000000000000D2
:10CA640000000000000000000000000000000000C2
:10CA740000000000000000000000000000000000B2
:10CA840000000000000000000000000000000000A2
:10CA94000000000000000000000000000000000092
:10CAA4000000000000000000000000000000000082
:10CAB4000000000000000000000000000000000072
:10CAC4000000000000000000000000000000000062
:10CAD4000000000000000000000000000000000052
:10CAE4000000000000000000000000000000000042
:10CAF4000000000000000000000000000000000032
:10CB04000000000000000000000000000000000021
:10CB14000000000000000000000000000000000011
:10CB24000000000000000000000000000000000001
:10CB340000000000000000000000000000000000F1
:10CB440000000000000000000000000000000000E1
:10CB540000000000000000000000000000000000D1
:10CB640000000000000000000000000000000000C1
:10CB740000000000000000000000000000000000B1
:10CB840000000000000000000000000000000000A1
:10CB94000000000000000000000000000000000091
:10CBA4000000000000000000000000000000000081
:10CBB4000000000000000000000000000000000071
:10CBC4000000000000000000000000000000000061
:10CBD4000000000000000000000000000000000051
:10CBE4000000000000000000000000000000000041
:10CBF4000000000000000000000000000000000031
:10CC04000000000000000000000000000000000020
:10CC14000000000000000000000000000000000010
:10CC24000000000000000000000000000000000000
:10CC340000000000000000000000000000000000F0
:10CC440000000000000000000000000000000000E0
:10CC540000000000000000000000000000000000D0
:10CC640000000000000000000000000000000000C0
:10CC740000000000000000000000000000000000B0
:10CC840000000000000000000000000000000000A0
:10CC94000000000000000000000000000000000090
:10CCA4000000000000000000000000000000000080
:10CCB4000000000000000000000000000000000070
:10CCC4000000000000000000000000000000000060
:10CCD4000000000000000000000000000000000050
:10CCE4000000000000000000000000000000000040
:10CCF4000000000000000000000000000000000030
:10CD0400000000000000000000000000000000001F
:10CD1400000000000000000000000000000000000F
:10CD240000000000000000000000000000000000FF
:10CD340000000000000000000000000000000000EF
:10CD440000000000000000000000000000000000DF
:10CD540000000000000000000000000000000000CF
:10CD640000000000000000000000000000000000BF
:10CD740000000000000000000000000000000000AF
:10CD8400000000000000000000000000000000009F
:10CD9400000000000000000000000000000000008F
:10CDA400000000000000000000000000000000007F
:10CDB400000000000000000000000000000000006F
:10CDC400000000000000000000000000000000005F
:10CDD400000000000000000000000000000000004F
:10CDE400000000000000000000000000000000003F
:10CDF400000000000000000000000000000000002F
:10CE0400000000000000000000000000000000001E
:10CE1400000000000000000000000000000000000E
:10CE240000000000000000000000000000000000FE
:10CE340000000000000000000000000000000000EE
:10CE4400FFFFFFFFFFFFFFFFFFFFFFFFFFFFFFFFEE
:10CE5400FFFFFFFFFFFFFFFFFFFFFFFFFFFFFFFFDE
:10CE6400FFFFFFFFFFFFFFFFFFFFFFFFFFFFFFFFCE
:10CE7400FFFFFFFFFFFFFFFFFFFFFFFFFFFFFFFFBE
:10CE8400FFFFFFFFFFFFFFFFFFFFFFFFFFFFFFFFAE
:10CE9400FFFFFFFFFFFFFFFFFFFFFFFFFFFFFFFF9E
:10CEA400FFFFFFFFFFFFFFFFFFFFFFFFFFFFFFFF8E
:10CEB400FFFFFFFFFFFFFFFFFFFFFFFFFFFFFFFF7E
:10CEC400FFFFFFFFFFFFFFFFFFFFFFFFFFFFFFFF6E
:10CED400FFFFFFFFFFFFFFFFFFFFFFFFFFFFFFFF5E
:10CEE400FFFFFFFFFFFFFFFFFFFFFFFFFFFFFFFF4E
:10CEF400FFFFFFFFFFFFFFFFFFFFFFFFFFFFFFFF3E
:10CF0400FFFFFFFFFFFFFFFFFFFFFFFFFFFFFFFF2D
:10CF1400FFFFFFFFFFFFFFFFFFFFFFFFFFFFFFFF1D
:10CF2400FFFFFFFFFFFFFFFFFFFFFFFFFFFFFFFF0D
:10CF3400FFFFFFFFFFFFFFFFFFFFFFFFFFFFFFFFFD
:10CF4400FFFFFFFFFFFFFFFFFFFFFFFFFFFFFFFFED
:10CF5400FFFFFFFFFFFFFFFFFFFFFFFFFFFFFFFFDD
:10CF6400FFFFFFFFFFFFFFFFFFFFFFFFFFFFFFFFCD
:10CF7400FFFFFFFFFFFFFFFFFFFFFFFFFFFFFFFFBD
:10CF8400FFFFFFFFFFFFFFFFFFFFFFFFFFFFFFFFAD
:10CF9400FFFFFFFFFFFFFFFFFFFFFFFFFFFFFFFF9D
:10CFA400FFFFFFFFFFFFFFFFFFFFFFFFFFFFFFFF8D
:10CFB400FFFFFFFFFFFFFFFFFFFFFFFFFFFFFFFF7D
:10CFC400FFFFFFFFFFFFFFFFFFFFFFFFFFFFFFFF6D
:10CFD400FFFFFFFFFFFFFFFFFFFFFFFFFFFFFFFF5D
:10CFE400FFFFFFFFFFFFFFFFFFFFFFFFFFFFFFFF4D
:10CFF400FFFFFFFFFFFFFFFFFFFFFFFF0000000039
:10D00400000000000000000000000000000000001C
:10D01400000000000000000000000000000000000C
:10D0240000000000000000000000000000000000FC
:10D0340000000000000000000000000000000000EC
:10D0440000000000000000000000000000000000DC
:10D0540000000000000000000000000000000000CC
:10D0640000000000000000000000000000000000BC
:10D0740000000000000000000000000000000000AC
:10D08400000000000000000000000000000000009C
:10D09400000000000000000000000000000000008C
:10D0A400000000000000000000000000000000007C
:10D0B400000000000000000000000000000000006C
:10D0C400000000000000000000000000000000005C
:10D0D400000000000000000000000000000000004C
:10D0E400000000000000000000000000000000003C
:10D0F400000000000000000000000000000000002C
:10D10400000000000000000000000000000000001B
:10D11400000000000000000000000000000000000B
:10D1240000000000000000000000000000000000FB
:10D1340000000000000000000000000000000000EB
:10D1440000000000000000000000000000000000DB
:10D1540000000000000000000000000000000000CB
:10D1640000000000000000000000000000000000BB
:10D1740000000000000000000000000000000000AB
:10D18400000000000000000000000000000000009B
:10D19400000000000000000000000000000000008B
:10D1A400000000000000000000000000000000007B
:10D1B400000000000000000000000000000000006B
:10D1C400000000000000000000000000000000005B
:10D1D400000000000000000000000000000000004B
:10D1E400000000000000000000000000000000003B
:10D1F400000000000000000000000000000000002B
:10D20400000000000000000000000000000000001A
:10D21400000000000000000000000000000000000A
:10D2240000000000000000000000000000000000FA
:10D2340000000000000000000000000000000000EA
:10D2440000000000000000000000000000000000DA
:10D2540000000000000000000000000000000000CA
:10D2640000000000000000000000000000000000BA
:10D2740000000000000000000000000000000000AA
:10D28400000000000000000000000000000000009A
:10D29400000000000000000000000000000000008A
:10D2A400000000000000000000000000000000007A
:10D2B400000000000000000000000000000000006A
:10D2C400000000000000000000000000000000005A
:10D2D400000000000000000000000000000000004A
:10D2E400000000000000000000000000000000003A
:10D2F400000000000000000000000000000000002A
:10D304000000000000000000000000000000000019
:10D314000000000000000000000000000000000009
:10D3240000000000000000000000000000000000F9
:10D3340000000000000000000000000000000000E9
:10D3440000000000000000000000000000000000D9
:10D3540000000000000000000000000000000000C9
:10D3640000000000000000000000000000000000B9
:10D3740000000000000000000000000000000000A9
:10D384000000000000000000000000000000000099
:10D394000000000000000000000000000000000089
:10D3A4000000000000000000000000000000000079
:10D3B4000000000000000000000000000000000069
:10D3C4000000000000000000000000000000000059
:10D3D4000000000000000000000000000000000049
:10D3E4000000000000000000000000000000000039
:10D3F4000000000000000000000000000000000029
:10D404000000000000000000000000000000000018
:10D414000000000000000000000000000000000008
:10D4240000000000000000000000000000000000F8
:10D4340000000000000000000000000000000000E8
:10D4440000000000000000000000000000000000D8
:10D4540000000000000000000000000000000000C8
:10D4640000000000000000000000000000000000B8
:10D4740000000000000000000000000000000000A8
:10D484000000000000000000000000000000000098
:10D494000000000000000000000000000000000088
:10D4A4000000000000000000000000000000000078
:10D4B4000000000000000000000000000000000068
:10D4C4000000000000000000000000000000000058
:10D4D4000000000000000000000000000000000048
:10D4E4000000000000000000000000000000000038
:10D4F4000000000000000000000000000000000028
:10D504000000000000000000000000000000000017
:10D514000000000000000000000000000000000007
:10D5240000000000000000000000000000000000F7
:10D5340000000000000000000000000000000000E7
:10D5440000000000000000000000000000000000D7
:10D5540000000000000000000000000000000000C7
:10D5640000000000000000000000000000000000B7
:10D5740000000000000000000000000000000000A7
:10D584000000000000000000000000000000000097
:10D594000000000000000000000000000000000087
:10D5A4000000000000000000000000000000000077
:10D5B4000000000000000000000000000000000067
:10D5C4000000000000000000000000000000000057
:10D5D4000000000000000000000000000000000047
:10D5E4000000000000000000000000000000000037
:10D5F4000000000000000000000000000000000027
:10D604000000000000000000000000000000000016
:10D614000000000000000000000000000000000006
:10D6240000000000000000000000000000000000F6
:10D6340000000000000000000000000000000000E6
:10D6440000000000000000000000000000000000D6
:10D6540000000000000000000000000000000000C6
:10D6640000000000000000000000000000000000B6
:10D6740000000000000000000000000000000000A6
:10D684000000000000000000000000000000000096
:10D694000000000000000000000000000000000086
:10D6A4000000000000000000000000000000000076
:10D6B4000000000000000000000000000000000066
:10D6C4000000000000000000000000000000000056
:10D6D4000000000000000000000000000000000046
:10D6E4000000000000000000000000000000000036
:10D6F4000000000000000000000000000000000026
:10D704000000000000000000000000000000000015
:10D714000000000000000000000000000000000005
:10D7240000000000000000000000000000000000F5
:10D7340000000000000000000000000000000000E5
:10D7440000000000000000000000000000000000D5
:10D7540000000000000000000000000000000000C5
:10D7640000000000000000000000000000000000B5
:10D7740000000000000000000000000000000000A5
:10D784000000000000000000000000000000000095
:10D794000000000000000000000000000000000085
:10D7A4000000000000000000000000000000000075
:10D7B4000000000000000000000000000000000065
:10D7C4000000000000000000000000000000000055
:10D7D4000000000000000000000000000000000045
:10D7E4000000000000000000000000000000000035
:10D7F4000000000000000000000000000000000025
:10D804000000000000000000000000000000000014
:10D814000000000000000000000000000000000004
:10D8240000000000000000000000000000000000F4
:10D8340000000000000000000000000000000000E4
:10D8440000000000000000000000000000000000D4
:10D8540000000000000000000000000000000000C4
:10D8640000000000000000000000000000000000B4
:10D8740000000000000000000000000000000000A4
:10D884000000000000000000000000000000000094
:10D894000000000000000000000000000000000084
:10D8A4000000000000000000000000000000000074
:10D8B4000000000000000000000000000000000064
:10D8C4000000000000000000000000000000000054
:10D8D4000000000000000000000000000000000044
:10D8E4000000000000000000000000000000000034
:10D8F4000000000000000000000000000000000024
:10D904000000000000000000000000000000000013
:10D914000000000000000000000000000000000003
:10D9240000000000000000000000000000000000F3
:10D9340000000000000000000000000000000000E3
:10D9440000000000000000000000000000000000D3
:10D9540000000000000000000000000000000000C3
:10D9640000000000000000000000000000000000B3
:10D9740000000000000000000000000000000000A3
:10D984000000000000000000000000000000000093
:10D994000000000000000000000000000000000083
:10D9A4000000000000000000000000000000000073
:10D9B4000000000000000000000000000000000063
:10D9C4000000000000000000000000000000000053
:10D9D4000000000000000000000000000000000043
:10D9E4000000000000000000000000000000000033
:10D9F4000000000000000000000000000000000023
:10DA04000000000000000000000000000000000012
:10DA14000000000000000000000000000000000002
:10DA240000000000000000000000000000000000F2
:10DA340000000000000000000000000000000000E2
:10DA440000000000000000000000000000000000D2
:10DA540000000000000000000000000000000000C2
:10DA640000000000000000000000000000000000B2
:10DA740000000000000000000000000000000000A2
:10DA84000000000000000000000000000000000092
:10DA94000000000000000000000000000000000082
:10DAA4000000000000000000000000000000000072
:10DAB4000000000000000000000000000000000062
:10DAC4000000000000000000000000000000000052
:10DAD4000000000000000000000000000000000042
:10DAE4000000000000000000000000000000000032
:10DAF4000000000000000000000000000000000022
:10DB04000000000000000000000000000000000011
:10DB14000000000000000000000000000000000001
:10DB240000000000000000000000000000000000F1
:10DB340000000000000000000000000000000000E1
:10DB440000000000000000000000000000000000D1
:10DB540000000000000000000000000000000000C1
:10DB640000000000000000000000000000000000B1
:10DB740000000000000000000000000000000000A1
:10DB84000000000000000000000000000000000091
:10DB94000000000000000000000000000000000081
:10DBA4000000000000000000000000000000000071
:10DBB4000000000000000000000000000000000061
:10DBC4000000000000000000000000000000000051
:10DBD4000000000000000000000000000000000041
:10DBE4000000000000000000000000000000000031
:0CDBF40000000000000000000000000025
:040000056000100087
:00000001FF
